Package,Module,Class,LOC,WMC,NOM,NOPM,NOF,NOPF,LCOM,Fan-in,Fan-out
kan-bayashi_PytorchWaveNetVocoder,setup,,0,0,0,0,6,6,-1,0,0
kan-bayashi_PytorchWaveNetVocoder.test,test_generator,,180,12,4,4,10,10,0.25,0,0
kan-bayashi_PytorchWaveNetVocoder.test,test_preprocessing,,63,12,3,3,3,3,0,0,0
kan-bayashi_PytorchWaveNetVocoder.test,test_upsampling,,8,1,1,1,0,0,0,0,1
kan-bayashi_PytorchWaveNetVocoder.test,test_wavenet,,211,13,5,5,15,15,0.6,0,1
kan-bayashi_PytorchWaveNetVocoder.wavenet_vocoder,__init__,,0,0,0,0,0,0,-1,0,0
kan-bayashi_PytorchWaveNetVocoder.wavenet_vocoder.bin,__init__,,0,0,0,0,0,0,-1,0,0
kan-bayashi_PytorchWaveNetVocoder.wavenet_vocoder.bin,calc_stats,,46,7,2,2,3,3,0,0,0
kan-bayashi_PytorchWaveNetVocoder.wavenet_vocoder.bin,decode,,241,37,3,3,24,24,0,0,1
kan-bayashi_PytorchWaveNetVocoder.wavenet_vocoder.bin,feature_extract,,253,38,8,8,20,20,0.12,0,0
kan-bayashi_PytorchWaveNetVocoder.wavenet_vocoder.bin,noise_shaping,,129,18,3,3,11,11,0.33,0,0
kan-bayashi_PytorchWaveNetVocoder.wavenet_vocoder.bin,train,,439,67,4,4,42,42,0,0,1
kan-bayashi_PytorchWaveNetVocoder.wavenet_vocoder.nets,__init__,,0,0,0,0,0,0,-1,0,0
kan-bayashi_PytorchWaveNetVocoder.wavenet_vocoder.nets,wavenet,,409,57,3,3,0,0,1,5,3
