Package,Module,Class,Function,LOC,CC,PC
kan-bayashi_PytorchWaveNetVocoder.test,test_generator,,make_train_generator_args,17,1,0
kan-bayashi_PytorchWaveNetVocoder.test,test_generator,,make_decode_generator_args,13,1,0
kan-bayashi_PytorchWaveNetVocoder.test,test_generator,,test_train_generator,79,5,0
kan-bayashi_PytorchWaveNetVocoder.test,test_generator,,test_decode_generator,71,5,0
kan-bayashi_PytorchWaveNetVocoder.test,test_preprocessing,,make_dummy_wav,6,1,3
kan-bayashi_PytorchWaveNetVocoder.test,test_preprocessing,,make_args,26,1,0
kan-bayashi_PytorchWaveNetVocoder.test,test_preprocessing,,test_preprocessing,31,10,1
kan-bayashi_PytorchWaveNetVocoder.test,test_upsampling,,test_upsampling,8,1,0
kan-bayashi_PytorchWaveNetVocoder.test,test_wavenet,,sine_generator,8,2,2
kan-bayashi_PytorchWaveNetVocoder.test,test_wavenet,,test_forward,31,1,0
kan-bayashi_PytorchWaveNetVocoder.test,test_wavenet,,test_generate,17,2,0
kan-bayashi_PytorchWaveNetVocoder.test,test_wavenet,,test_assert_fast_generation,128,5,0
kan-bayashi_PytorchWaveNetVocoder.test,test_wavenet,,test_assert_different_length_batch_generation,27,3,0
kan-bayashi_PytorchWaveNetVocoder.wavenet_vocoder.bin,calc_stats,,calc_stats,13,3,2
kan-bayashi_PytorchWaveNetVocoder.wavenet_vocoder.bin,calc_stats,,main,33,4,0
kan-bayashi_PytorchWaveNetVocoder.wavenet_vocoder.bin,decode,,pad_list,10,2,2
kan-bayashi_PytorchWaveNetVocoder.wavenet_vocoder.bin,decode,,decode_generator,99,17,8
kan-bayashi_PytorchWaveNetVocoder.wavenet_vocoder.bin,decode,,main,132,18,0
kan-bayashi_PytorchWaveNetVocoder.wavenet_vocoder.bin,feature_extract,,low_cut_filter,8,1,3
kan-bayashi_PytorchWaveNetVocoder.wavenet_vocoder.bin,feature_extract,,low_pass_filter,11,1,4
kan-bayashi_PytorchWaveNetVocoder.wavenet_vocoder.bin,feature_extract,,convert_to_continuos_f0,17,1,1
kan-bayashi_PytorchWaveNetVocoder.wavenet_vocoder.bin,feature_extract,,stft_mcep,12,2,7
kan-bayashi_PytorchWaveNetVocoder.wavenet_vocoder.bin,feature_extract,,world_feature_extract,43,7,2
kan-bayashi_PytorchWaveNetVocoder.wavenet_vocoder.bin,feature_extract,,melspectrogram_extract,37,7,2
kan-bayashi_PytorchWaveNetVocoder.wavenet_vocoder.bin,feature_extract,,melcepstrum_extract,28,7,2
kan-bayashi_PytorchWaveNetVocoder.wavenet_vocoder.bin,feature_extract,,main,97,12,0
kan-bayashi_PytorchWaveNetVocoder.wavenet_vocoder.bin,noise_shaping,,convert_mcep_to_mlsa_coef,8,1,3
kan-bayashi_PytorchWaveNetVocoder.wavenet_vocoder.bin,noise_shaping,,noise_shaping,37,6,2
kan-bayashi_PytorchWaveNetVocoder.wavenet_vocoder.bin,noise_shaping,,main,84,11,0
kan-bayashi_PytorchWaveNetVocoder.wavenet_vocoder.bin,train,,validate_length,19,6,3
kan-bayashi_PytorchWaveNetVocoder.wavenet_vocoder.bin,train,,train_generator,212,36,12
kan-bayashi_PytorchWaveNetVocoder.wavenet_vocoder.bin,train,,save_checkpoint,11,2,4
kan-bayashi_PytorchWaveNetVocoder.wavenet_vocoder.bin,train,,main,197,23,0
kan-bayashi_PytorchWaveNetVocoder.wavenet_vocoder.nets,wavenet,OneHot,__init__,3,1,1
kan-bayashi_PytorchWaveNetVocoder.wavenet_vocoder.nets,wavenet,OneHot,forward,7,1,1
kan-bayashi_PytorchWaveNetVocoder.wavenet_vocoder.nets,wavenet,CausalConv1d,__init__,9,1,5
kan-bayashi_PytorchWaveNetVocoder.wavenet_vocoder.nets,wavenet,CausalConv1d,forward,7,2,1
kan-bayashi_PytorchWaveNetVocoder.wavenet_vocoder.nets,wavenet,UpSampling,__init__,8,1,2
kan-bayashi_PytorchWaveNetVocoder.wavenet_vocoder.nets,wavenet,UpSampling,forward,6,1,1
kan-bayashi_PytorchWaveNetVocoder.wavenet_vocoder.nets,wavenet,WaveNet,__init__,31,3,8
kan-bayashi_PytorchWaveNetVocoder.wavenet_vocoder.nets,wavenet,WaveNet,forward,16,3,2
kan-bayashi_PytorchWaveNetVocoder.wavenet_vocoder.nets,wavenet,WaveNet,generate,48,9,5
kan-bayashi_PytorchWaveNetVocoder.wavenet_vocoder.nets,wavenet,WaveNet,fast_generate,65,11,5
kan-bayashi_PytorchWaveNetVocoder.wavenet_vocoder.nets,wavenet,WaveNet,batch_fast_generate,94,15,5
kan-bayashi_PytorchWaveNetVocoder.wavenet_vocoder.nets,wavenet,WaveNet,_preprocess,4,1,1
kan-bayashi_PytorchWaveNetVocoder.wavenet_vocoder.nets,wavenet,WaveNet,_postprocess,6,1,1
kan-bayashi_PytorchWaveNetVocoder.wavenet_vocoder.nets,wavenet,WaveNet,_residual_forward,11,1,8
kan-bayashi_PytorchWaveNetVocoder.wavenet_vocoder.nets,wavenet,WaveNet,_generate_residual_forward,11,1,8
kan-bayashi_PytorchWaveNetVocoder.wavenet_vocoder.nets,wavenet,,encode_mu_law,6,1,2
kan-bayashi_PytorchWaveNetVocoder.wavenet_vocoder.nets,wavenet,,decode_mu_law,7,1,2
kan-bayashi_PytorchWaveNetVocoder.wavenet_vocoder.nets,wavenet,,initialize,9,3,1
kan-bayashi_PytorchWaveNetVocoder.wavenet_vocoder.utils,utils,BackgroundGenerator,__init__,10,2,2
kan-bayashi_PytorchWaveNetVocoder.wavenet_vocoder.utils,utils,BackgroundGenerator,run,4,2,0
kan-bayashi_PytorchWaveNetVocoder.wavenet_vocoder.utils,utils,BackgroundGenerator,next,5,2,0
kan-bayashi_PytorchWaveNetVocoder.wavenet_vocoder.utils,utils,BackgroundGenerator,__next__,2,1,0
kan-bayashi_PytorchWaveNetVocoder.wavenet_vocoder.utils,utils,BackgroundGenerator,__iter__,2,1,0
kan-bayashi_PytorchWaveNetVocoder.wavenet_vocoder.utils,utils,background,__init__,2,1,1
kan-bayashi_PytorchWaveNetVocoder.wavenet_vocoder.utils,utils,background,__call__,4,0,1
kan-bayashi_PytorchWaveNetVocoder.wavenet_vocoder.utils,utils,,check_hdf5,11,1,2
kan-bayashi_PytorchWaveNetVocoder.wavenet_vocoder.utils,utils,,read_hdf5,13,3,2
kan-bayashi_PytorchWaveNetVocoder.wavenet_vocoder.utils,utils,,shape_hdf5,10,2,2
kan-bayashi_PytorchWaveNetVocoder.wavenet_vocoder.utils,utils,,write_hdf5,27,6,4
kan-bayashi_PytorchWaveNetVocoder.wavenet_vocoder.utils,utils,,find_files,10,4,3
kan-bayashi_PytorchWaveNetVocoder.wavenet_vocoder.utils,utils,,read_txt,6,1,1
kan-bayashi_PytorchWaveNetVocoder.wavenet_vocoder.utils,utils,,extend_time,11,2,2
