Package,Module,Class,Function,LOC,CC,PC
jim-schwoebel_voicebook,setup,,pip3_install,2,1,0
jim-schwoebel_voicebook,setup,,brew_install,3,2,1
jim-schwoebel_voicebook.chapter_1_fundamentals,async_record,,printstuff,3,2,1
jim-schwoebel_voicebook.chapter_1_fundamentals,async_record,,async_record,8,1,4
jim-schwoebel_voicebook.chapter_1_fundamentals,convert_file,,convert_wav,7,2,1
jim-schwoebel_voicebook.chapter_1_fundamentals,google_transcribe,,transcribe_audio_google,6,1,1
jim-schwoebel_voicebook.chapter_1_fundamentals,google_transcribe,,sync_record,6,1,4
jim-schwoebel_voicebook.chapter_1_fundamentals,google_transcribe,,store_transcript,12,1,2
jim-schwoebel_voicebook.chapter_1_fundamentals,play_async,,async_playback,4,1,1
jim-schwoebel_voicebook.chapter_1_fundamentals,play_sync,,sync_playback,4,1,1
jim-schwoebel_voicebook.chapter_1_fundamentals,speak,,speak_text,4,1,1
jim-schwoebel_voicebook.chapter_1_fundamentals,speak_custom,,speak_text,4,1,1
jim-schwoebel_voicebook.chapter_1_fundamentals,speak_custom,,speak_text_custom,9,1,3
jim-schwoebel_voicebook.chapter_1_fundamentals,speak_custom,,select_speed,28,5,0
jim-schwoebel_voicebook.chapter_1_fundamentals,speak_custom,,select_voice,18,4,1
jim-schwoebel_voicebook.chapter_1_fundamentals,speak_custom,,rand_select,3,1,1
jim-schwoebel_voicebook.chapter_1_fundamentals,speak_google,,speak_google,14,1,3
jim-schwoebel_voicebook.chapter_1_fundamentals,sphinx_transcibe,,sync_record,6,1,4
jim-schwoebel_voicebook.chapter_1_fundamentals,sphinx_transcibe,,transcribe_audio_sphinx,7,1,1
jim-schwoebel_voicebook.chapter_1_fundamentals,sphinx_transcibe,,store_transcript,12,1,2
jim-schwoebel_voicebook.chapter_1_fundamentals,sync_record,,sync_record,6,1,4
jim-schwoebel_voicebook.chapter_2_collection,aa_record,,sync_record,10,2,4
jim-schwoebel_voicebook.chapter_2_collection,aa_record,,sync_playback,4,1,1
jim-schwoebel_voicebook.chapter_2_collection,aa_record,,speak_text,4,1,1
jim-schwoebel_voicebook.chapter_2_collection,aa_record,,transcribe_audio_sphinx,7,1,1
jim-schwoebel_voicebook.chapter_2_collection,aa_record,,fetch_weather,3,1,0
jim-schwoebel_voicebook.chapter_2_collection,as_record,,sync_record,6,1,4
jim-schwoebel_voicebook.chapter_2_collection,as_record,,sync_playback,4,1,1
jim-schwoebel_voicebook.chapter_2_collection,as_record,,speak_text,4,1,1
jim-schwoebel_voicebook.chapter_2_collection,as_record,,transcribe_audio_sphinx,7,1,1
jim-schwoebel_voicebook.chapter_2_collection,as_record,,fetch_weather,2,1,0
jim-schwoebel_voicebook.chapter_2_collection,change_channels,,stereo2mono,4,1,1
jim-schwoebel_voicebook.chapter_2_collection,change_channels,,separate_channels,6,1,1
jim-schwoebel_voicebook.chapter_2_collection,change_channels,,multiplex,4,1,2
jim-schwoebel_voicebook.chapter_2_collection,change_volume,,change_volume,7,2,2
jim-schwoebel_voicebook.chapter_2_collection,combine_audio,,combine_series,6,1,2
jim-schwoebel_voicebook.chapter_2_collection,combine_audio,,combine_channels,6,1,2
jim-schwoebel_voicebook.chapter_2_collection,combine_files,,combine_files,4,1,2
jim-schwoebel_voicebook.chapter_2_collection,convert_flac,,zipdir,4,2,2
jim-schwoebel_voicebook.chapter_2_collection,convert_flac,,convert_flac,11,3,0
jim-schwoebel_voicebook.chapter_2_collection,convert_opus,,zipdir,4,2,2
jim-schwoebel_voicebook.chapter_2_collection,convert_opus,,convert_opus,23,3,1
jim-schwoebel_voicebook.chapter_2_collection,diarize,,exportfile,5,1,6
jim-schwoebel_voicebook.chapter_2_collection,diarize,,stitchtogether,12,4,3
jim-schwoebel_voicebook.chapter_2_collection,diarize,,stereo2mono,6,2,2
jim-schwoebel_voicebook.chapter_2_collection,diarize,,convertformat,8,1,1
jim-schwoebel_voicebook.chapter_2_collection,diarize,,zipdir,4,3,2
jim-schwoebel_voicebook.chapter_2_collection,diarize,,transcribe_audio_google,6,1,1
jim-schwoebel_voicebook.chapter_2_collection,diarize,,transcribe_audio_sphinx,7,1,1
jim-schwoebel_voicebook.chapter_2_collection,label_memupps,,get_defaults,25,2,0
jim-schwoebel_voicebook.chapter_2_collection,label_memupps,,label_sample,12,1,1
jim-schwoebel_voicebook.chapter_2_collection,label_memupps,,sync_record,7,1,4
jim-schwoebel_voicebook.chapter_2_collection,pa_record,,get_battery,5,1,0
jim-schwoebel_voicebook.chapter_2_collection,pa_record,,sync_record,7,1,4
jim-schwoebel_voicebook.chapter_2_collection,ps_record,,sync_record,6,1,4
jim-schwoebel_voicebook.chapter_2_collection,remove_noise,,remove_noise,21,2,1
jim-schwoebel_voicebook.chapter_2_collection,store_gcp,,sync_record,7,1,4
jim-schwoebel_voicebook.chapter_2_collection,store_gcp,,upload_gcp,10,1,2
jim-schwoebel_voicebook.chapter_2_collection,transcode,,convert_wav,9,2,2
jim-schwoebel_voicebook.chapter_2_collection,trim_audio,,trim_audio,6,1,3
jim-schwoebel_voicebook.chapter_2_collection,trim_silence,,trim_silence,5,1,1
jim-schwoebel_voicebook.chapter_2_collection,unpack_files,,unzip,5,1,1
jim-schwoebel_voicebook.chapter_2_collection,unpack_files,,convert_wav,25,5,1
jim-schwoebel_voicebook.chapter_2_collection,zip_files,,zipdir,2,1,1
jim-schwoebel_voicebook.chapter_2_collection.pyAudioAnalysis3,analyzeMovieSound,,classifyFolderWrapper,45,10,4
jim-schwoebel_voicebook.chapter_2_collection.pyAudioAnalysis3,analyzeMovieSound,,getMusicSegmentsFromFile,18,8,1
jim-schwoebel_voicebook.chapter_2_collection.pyAudioAnalysis3,analyzeMovieSound,,analyzeDir,13,5,1
jim-schwoebel_voicebook.chapter_2_collection.pyAudioAnalysis3,analyzeMovieSound,,main,86,18,1
jim-schwoebel_voicebook.chapter_2_collection.pyAudioAnalysis3,audacityAnnotation2WAVs,,annotation2files,14,2,2
jim-schwoebel_voicebook.chapter_2_collection.pyAudioAnalysis3,audacityAnnotation2WAVs,,main,19,7,1
jim-schwoebel_voicebook.chapter_2_collection.pyAudioAnalysis3,audioAnalysis,,dirMp3toWavWrapper,5,2,3
jim-schwoebel_voicebook.chapter_2_collection.pyAudioAnalysis3,audioAnalysis,,dirWAVChangeFs,4,2,3
jim-schwoebel_voicebook.chapter_2_collection.pyAudioAnalysis3,audioAnalysis,,featureExtractionFileWrapper,4,2,6
jim-schwoebel_voicebook.chapter_2_collection.pyAudioAnalysis3,audioAnalysis,,beatExtractionWrapper,8,2,2
jim-schwoebel_voicebook.chapter_2_collection.pyAudioAnalysis3,audioAnalysis,,featureExtractionDirWrapper,4,2,5
jim-schwoebel_voicebook.chapter_2_collection.pyAudioAnalysis3,audioAnalysis,,featureVisualizationDirWrapper,4,2,1
jim-schwoebel_voicebook.chapter_2_collection.pyAudioAnalysis3,audioAnalysis,,fileSpectrogramWrapper,6,2,1
jim-schwoebel_voicebook.chapter_2_collection.pyAudioAnalysis3,audioAnalysis,,fileChromagramWrapper,6,2,1
jim-schwoebel_voicebook.chapter_2_collection.pyAudioAnalysis3,audioAnalysis,,trainClassifierWrapper,5,2,4
jim-schwoebel_voicebook.chapter_2_collection.pyAudioAnalysis3,audioAnalysis,,trainRegressionWrapper,3,1,4
jim-schwoebel_voicebook.chapter_2_collection.pyAudioAnalysis3,audioAnalysis,,classifyFileWrapper,10,4,3
jim-schwoebel_voicebook.chapter_2_collection.pyAudioAnalysis3,audioAnalysis,,regressionFileWrapper,6,3,3
jim-schwoebel_voicebook.chapter_2_collection.pyAudioAnalysis3,audioAnalysis,,classifyFolderWrapper,22,7,4
jim-schwoebel_voicebook.chapter_2_collection.pyAudioAnalysis3,audioAnalysis,,regressionFolderWrapper,24,5,3
jim-schwoebel_voicebook.chapter_2_collection.pyAudioAnalysis3,audioAnalysis,,trainHMMsegmenter_fromfile,8,2,5
jim-schwoebel_voicebook.chapter_2_collection.pyAudioAnalysis3,audioAnalysis,,trainHMMsegmenter_fromdir,4,2,4
jim-schwoebel_voicebook.chapter_2_collection.pyAudioAnalysis3,audioAnalysis,,segmentclassifyFileWrapper,11,5,3
jim-schwoebel_voicebook.chapter_2_collection.pyAudioAnalysis3,audioAnalysis,,segmentclassifyFileWrapperHMM,3,1,2
jim-schwoebel_voicebook.chapter_2_collection.pyAudioAnalysis3,audioAnalysis,,segmentationEvaluation,2,1,3
jim-schwoebel_voicebook.chapter_2_collection.pyAudioAnalysis3,audioAnalysis,,silenceRemovalWrapper,8,3,3
jim-schwoebel_voicebook.chapter_2_collection.pyAudioAnalysis3,audioAnalysis,,speakerDiarizationWrapper,5,2,3
jim-schwoebel_voicebook.chapter_2_collection.pyAudioAnalysis3,audioAnalysis,,thumbnailWrapper,38,5,2
jim-schwoebel_voicebook.chapter_2_collection.pyAudioAnalysis3,audioAnalysis,,parse_arguments,103,1,0
jim-schwoebel_voicebook.chapter_2_collection.pyAudioAnalysis3,audioAnalysis,,trainHMMsegmenter_fromdir,4,2,4
jim-schwoebel_voicebook.chapter_2_collection.pyAudioAnalysis3,audioAnalysis,,segmentclassifyFileWrapperHMM,3,1,2
jim-schwoebel_voicebook.chapter_2_collection.pyAudioAnalysis3,audioBasicIO,,convertDirMP3ToWav,25,9,4
jim-schwoebel_voicebook.chapter_2_collection.pyAudioAnalysis3,audioBasicIO,,convertFsDirWavToWav,16,5,3
jim-schwoebel_voicebook.chapter_2_collection.pyAudioAnalysis3,audioBasicIO,,readAudioFile,42,8,1
jim-schwoebel_voicebook.chapter_2_collection.pyAudioAnalysis3,audioBasicIO,,stereo2mono,15,2,1
jim-schwoebel_voicebook.chapter_2_collection.pyAudioAnalysis3,audioFeatureExtraction,,stZCR,4,1,1
jim-schwoebel_voicebook.chapter_2_collection.pyAudioAnalysis3,audioFeatureExtraction,,stEnergy,2,1,1
jim-schwoebel_voicebook.chapter_2_collection.pyAudioAnalysis3,audioFeatureExtraction,,stEnergyEntropy,10,2,2
jim-schwoebel_voicebook.chapter_2_collection.pyAudioAnalysis3,audioFeatureExtraction,,stSpectralCentroidAndSpread,11,1,2
jim-schwoebel_voicebook.chapter_2_collection.pyAudioAnalysis3,audioFeatureExtraction,,stSpectralEntropy,10,2,2
jim-schwoebel_voicebook.chapter_2_collection.pyAudioAnalysis3,audioFeatureExtraction,,stSpectralFlux,7,1,2
jim-schwoebel_voicebook.chapter_2_collection.pyAudioAnalysis3,audioFeatureExtraction,,stSpectralRollOff,11,2,3
jim-schwoebel_voicebook.chapter_2_collection.pyAudioAnalysis3,audioFeatureExtraction,,stHarmonic,37,7,2
jim-schwoebel_voicebook.chapter_2_collection.pyAudioAnalysis3,audioFeatureExtraction,,mfccInitFilterBanks,29,3,2
jim-schwoebel_voicebook.chapter_2_collection.pyAudioAnalysis3,audioFeatureExtraction,,stMFCC,6,1,3
jim-schwoebel_voicebook.chapter_2_collection.pyAudioAnalysis3,audioFeatureExtraction,,stChromaFeaturesInit,12,2,2
jim-schwoebel_voicebook.chapter_2_collection.pyAudioAnalysis3,audioFeatureExtraction,,stChromaFeatures,20,2,4
jim-schwoebel_voicebook.chapter_2_collection.pyAudioAnalysis3,audioFeatureExtraction,,stChromagram,54,5,5
jim-schwoebel_voicebook.chapter_2_collection.pyAudioAnalysis3,audioFeatureExtraction,,phormants,12,1,2
jim-schwoebel_voicebook.chapter_2_collection.pyAudioAnalysis3,audioFeatureExtraction,,beatExtraction,43,8,3
jim-schwoebel_voicebook.chapter_2_collection.pyAudioAnalysis3,audioFeatureExtraction,,stSpectogram,48,4,5
jim-schwoebel_voicebook.chapter_2_collection.pyAudioAnalysis3,audioFeatureExtraction,,stFeatureExtraction,59,3,4
jim-schwoebel_voicebook.chapter_2_collection.pyAudioAnalysis3,audioFeatureExtraction,,mtFeatureExtraction,27,5,6
jim-schwoebel_voicebook.chapter_2_collection.pyAudioAnalysis3,audioFeatureExtraction,,stFeatureSpeed,40,3,4
jim-schwoebel_voicebook.chapter_2_collection.pyAudioAnalysis3,audioFeatureExtraction,,dirWavFeatureExtraction,48,12,6
jim-schwoebel_voicebook.chapter_2_collection.pyAudioAnalysis3,audioFeatureExtraction,,dirsWavFeatureExtraction,16,4,6
jim-schwoebel_voicebook.chapter_2_collection.pyAudioAnalysis3,audioFeatureExtraction,,dirWavFeatureExtractionNoAveraging,28,5,5
jim-schwoebel_voicebook.chapter_2_collection.pyAudioAnalysis3,audioFeatureExtraction,,mtFeatureExtractionToFile,24,9,9
jim-schwoebel_voicebook.chapter_2_collection.pyAudioAnalysis3,audioFeatureExtraction,,mtFeatureExtractionToFileDir,8,3,8
jim-schwoebel_voicebook.chapter_2_collection.pyAudioAnalysis3,audioSegmentation,,smoothMovingAvg,12,3,2
jim-schwoebel_voicebook.chapter_2_collection.pyAudioAnalysis3,audioSegmentation,,selfSimilarityMatrix,8,1,1
jim-schwoebel_voicebook.chapter_2_collection.pyAudioAnalysis3,audioSegmentation,,flags2segs,29,6,2
jim-schwoebel_voicebook.chapter_2_collection.pyAudioAnalysis3,audioSegmentation,,segs2flags,13,5,4
jim-schwoebel_voicebook.chapter_2_collection.pyAudioAnalysis3,audioSegmentation,,computePreRec,15,2,2
jim-schwoebel_voicebook.chapter_2_collection.pyAudioAnalysis3,audioSegmentation,,readSegmentGT,18,3,1
jim-schwoebel_voicebook.chapter_2_collection.pyAudioAnalysis3,audioSegmentation,,plotSegmentationResults,61,9,5
jim-schwoebel_voicebook.chapter_2_collection.pyAudioAnalysis3,audioSegmentation,,evaluateSpeakerDiarization,22,4,2
jim-schwoebel_voicebook.chapter_2_collection.pyAudioAnalysis3,audioSegmentation,,trainHMM_computeStatistics,26,7,2
jim-schwoebel_voicebook.chapter_2_collection.pyAudioAnalysis3,audioSegmentation,,trainHMM_fromFile,20,1,5
jim-schwoebel_voicebook.chapter_2_collection.pyAudioAnalysis3,audioSegmentation,,trainHMM_fromDir,47,7,4
jim-schwoebel_voicebook.chapter_2_collection.pyAudioAnalysis3,audioSegmentation,,hmmSegmentation,38,6,4
jim-schwoebel_voicebook.chapter_2_collection.pyAudioAnalysis3,audioSegmentation,,mtFileClassification,62,14,5
jim-schwoebel_voicebook.chapter_2_collection.pyAudioAnalysis3,audioSegmentation,,evaluateSegmentationClassificationDir,32,5,3
jim-schwoebel_voicebook.chapter_2_collection.pyAudioAnalysis3,audioSegmentation,,silenceRemoval,67,13,7
jim-schwoebel_voicebook.chapter_2_collection.pyAudioAnalysis3,audioSegmentation,,speakerDiarization,172,26,7
jim-schwoebel_voicebook.chapter_2_collection.pyAudioAnalysis3,audioSegmentation,,speakerDiarizationEvaluateScript,21,6,2
jim-schwoebel_voicebook.chapter_2_collection.pyAudioAnalysis3,audioSegmentation,,musicThumbnailing,34,9,7
jim-schwoebel_voicebook.chapter_2_collection.pyAudioAnalysis3,audioTrainTest,kNN,__init__,4,1,3
jim-schwoebel_voicebook.chapter_2_collection.pyAudioAnalysis3,audioTrainTest,kNN,classify,8,2,1
jim-schwoebel_voicebook.chapter_2_collection.pyAudioAnalysis3,audioTrainTest,,signal_handler,4,1,2
jim-schwoebel_voicebook.chapter_2_collection.pyAudioAnalysis3,audioTrainTest,,classifierWrapper,11,4,3
jim-schwoebel_voicebook.chapter_2_collection.pyAudioAnalysis3,audioTrainTest,,regressionWrapper,6,2,3
jim-schwoebel_voicebook.chapter_2_collection.pyAudioAnalysis3,audioTrainTest,,randSplitFeatures,12,2,2
jim-schwoebel_voicebook.chapter_2_collection.pyAudioAnalysis3,audioTrainTest,,trainKNN,7,1,2
jim-schwoebel_voicebook.chapter_2_collection.pyAudioAnalysis3,audioTrainTest,,trainSVM,7,1,2
jim-schwoebel_voicebook.chapter_2_collection.pyAudioAnalysis3,audioTrainTest,,trainSVM_RBF,7,1,2
jim-schwoebel_voicebook.chapter_2_collection.pyAudioAnalysis3,audioTrainTest,,trainRandomForest,7,1,2
jim-schwoebel_voicebook.chapter_2_collection.pyAudioAnalysis3,audioTrainTest,,trainGradientBoosting,7,1,2
jim-schwoebel_voicebook.chapter_2_collection.pyAudioAnalysis3,audioTrainTest,,trainExtraTrees,7,1,2
jim-schwoebel_voicebook.chapter_2_collection.pyAudioAnalysis3,audioTrainTest,,trainSVMregression,5,1,3
jim-schwoebel_voicebook.chapter_2_collection.pyAudioAnalysis3,audioTrainTest,,trainSVMregression_rbf,5,1,3
jim-schwoebel_voicebook.chapter_2_collection.pyAudioAnalysis3,audioTrainTest,,trainRandomForestRegression,5,1,3
jim-schwoebel_voicebook.chapter_2_collection.pyAudioAnalysis3,audioTrainTest,,featureAndTrain,82,21,9
jim-schwoebel_voicebook.chapter_2_collection.pyAudioAnalysis3,audioTrainTest,,featureAndTrainRegression,71,14,8
jim-schwoebel_voicebook.chapter_2_collection.pyAudioAnalysis3,audioTrainTest,,loadKNNModel,31,3,2
jim-schwoebel_voicebook.chapter_2_collection.pyAudioAnalysis3,audioTrainTest,,loadSVModel,31,3,2
jim-schwoebel_voicebook.chapter_2_collection.pyAudioAnalysis3,audioTrainTest,,loadRandomForestModel,31,3,2
jim-schwoebel_voicebook.chapter_2_collection.pyAudioAnalysis3,audioTrainTest,,loadGradientBoostingModel,31,3,2
jim-schwoebel_voicebook.chapter_2_collection.pyAudioAnalysis3,audioTrainTest,,loadExtraTreesModel,31,3,2
jim-schwoebel_voicebook.chapter_2_collection.pyAudioAnalysis3,audioTrainTest,,evaluateClassifier,98,26,7
jim-schwoebel_voicebook.chapter_2_collection.pyAudioAnalysis3,audioTrainTest,,evaluateRegression,54,9,5
jim-schwoebel_voicebook.chapter_2_collection.pyAudioAnalysis3,audioTrainTest,,printConfusionMatrix,18,7,2
jim-schwoebel_voicebook.chapter_2_collection.pyAudioAnalysis3,audioTrainTest,,normalizeFeatures,20,6,1
jim-schwoebel_voicebook.chapter_2_collection.pyAudioAnalysis3,audioTrainTest,,listOfFeatures2Matrix,13,3,1
jim-schwoebel_voicebook.chapter_2_collection.pyAudioAnalysis3,audioTrainTest,,pcaDimRed,13,2,2
jim-schwoebel_voicebook.chapter_2_collection.pyAudioAnalysis3,audioTrainTest,,fileClassification,32,8,3
jim-schwoebel_voicebook.chapter_2_collection.pyAudioAnalysis3,audioTrainTest,,fileRegression,37,12,3
jim-schwoebel_voicebook.chapter_2_collection.pyAudioAnalysis3,audioTrainTest,,lda,24,2,3
jim-schwoebel_voicebook.chapter_2_collection.pyAudioAnalysis3,audioTrainTest,,writeTrainDataToARFF,16,6,4
jim-schwoebel_voicebook.chapter_2_collection.pyAudioAnalysis3,audioTrainTest,,trainSpeakerModelsScript,14,1,0
jim-schwoebel_voicebook.chapter_2_collection.pyAudioAnalysis3,audioTrainTest,,main,2,1,1
jim-schwoebel_voicebook.chapter_2_collection.pyAudioAnalysis3,audioVisualization,,generateColorMap,9,2,0
jim-schwoebel_voicebook.chapter_2_collection.pyAudioAnalysis3,audioVisualization,,levenshtein,15,5,2
jim-schwoebel_voicebook.chapter_2_collection.pyAudioAnalysis3,audioVisualization,,textListToColors,14,3,1
jim-schwoebel_voicebook.chapter_2_collection.pyAudioAnalysis3,audioVisualization,,textListToColorsSimple,11,1,1
jim-schwoebel_voicebook.chapter_2_collection.pyAudioAnalysis3,audioVisualization,,chordialDiagram,27,4,5
jim-schwoebel_voicebook.chapter_2_collection.pyAudioAnalysis3,audioVisualization,,visualizeFeaturesFolder,94,14,3
jim-schwoebel_voicebook.chapter_2_collection.pyAudioAnalysis3,convertToWav,,getVideoFilesFromFolder,6,2,1
jim-schwoebel_voicebook.chapter_2_collection.pyAudioAnalysis3,convertToWav,,main,9,3,1
jim-schwoebel_voicebook.chapter_2_collection.pyAudioAnalysis3,utilities,,isfloat,9,1,1
jim-schwoebel_voicebook.chapter_2_collection.pyAudioAnalysis3,utilities,,isint,10,1,1
jim-schwoebel_voicebook.chapter_2_collection.pyAudioAnalysis3,utilities,,isNum,4,2,1
jim-schwoebel_voicebook.chapter_2_collection.pyAudioAnalysis3,utilities,,peakdet,40,11,3
jim-schwoebel_voicebook.chapter_3_featurization,audio_features,,audio_featurize,26,2,2
jim-schwoebel_voicebook.chapter_3_featurization,audioset_features,,sync_record,6,1,4
jim-schwoebel_voicebook.chapter_3_featurization,audioset_features,,setup_audioset,14,1,1
jim-schwoebel_voicebook.chapter_3_featurization,audioset_features,,audioset_featurize,25,4,1
jim-schwoebel_voicebook.chapter_3_featurization,gensim_features,,w2v_train,15,4,3
jim-schwoebel_voicebook.chapter_3_featurization,gensim_features,,sentence_embedding,17,4,3
jim-schwoebel_voicebook.chapter_3_featurization,librosa_features,,stats,8,1,1
jim-schwoebel_voicebook.chapter_3_featurization,librosa_features,,stats_labels,12,1,2
jim-schwoebel_voicebook.chapter_3_featurization,librosa_features,,librosa_featurize,97,5,2
jim-schwoebel_voicebook.chapter_3_featurization,meta_features,,unzip,5,1,1
jim-schwoebel_voicebook.chapter_3_featurization,meta_features,,featurize2,33,1,1
jim-schwoebel_voicebook.chapter_3_featurization,meta_features,,exportfile,12,2,5
jim-schwoebel_voicebook.chapter_3_featurization,meta_features,,audio_time_features,56,5,1
jim-schwoebel_voicebook.chapter_3_featurization,meta_features,,featurize,3,1,1
jim-schwoebel_voicebook.chapter_3_featurization,meta_features,,convert,11,3,1
jim-schwoebel_voicebook.chapter_3_featurization,nltk_features,,nltk_featurize,179,37,1
jim-schwoebel_voicebook.chapter_3_featurization,pyaudio_features,,stats,8,1,1
jim-schwoebel_voicebook.chapter_3_featurization,pyaudio_features,,pyaudio_featurize,33,8,1
jim-schwoebel_voicebook.chapter_3_featurization,pyaudio_help,,convert_mono,4,1,1
jim-schwoebel_voicebook.chapter_3_featurization,record_transcribe,,sync_record,6,1,4
jim-schwoebel_voicebook.chapter_3_featurization,sox_features,,clean_text,15,4,1
jim-schwoebel_voicebook.chapter_3_featurization,sox_features,,sox_featurize,18,1,1
jim-schwoebel_voicebook.chapter_3_featurization,spacy_features,,stats,8,1,1
jim-schwoebel_voicebook.chapter_3_featurization,spacy_features,,spacy_featurize,196,31,1
jim-schwoebel_voicebook.chapter_3_featurization,text_features,,sync_record,6,1,4
jim-schwoebel_voicebook.chapter_3_featurization,text_features,,text_featurize,22,3,2
jim-schwoebel_voicebook.chapter_3_featurization,transcribe,,sync_record,6,1,4
jim-schwoebel_voicebook.chapter_3_featurization,transcribe,,convert_audio,5,1,1
jim-schwoebel_voicebook.chapter_3_featurization,transcribe,,transcribe_google,7,1,1
jim-schwoebel_voicebook.chapter_3_featurization,transcribe,,transcribe_sphinx,7,1,1
jim-schwoebel_voicebook.chapter_3_featurization,transcribe,,transcribe_deepspeech,13,2,1
jim-schwoebel_voicebook.chapter_3_featurization,transcribe,,transcribe_all,27,4,1
jim-schwoebel_voicebook.chapter_3_featurization,vggish_inference_demo,,main,49,3,1
jim-schwoebel_voicebook.chapter_4_modeling,load_audioTPOT,,featurize2,33,1,1
jim-schwoebel_voicebook.chapter_4_modeling,load_audioTPOT,,exportfile,12,2,5
jim-schwoebel_voicebook.chapter_4_modeling,load_audioTPOT,,audio_time_features,56,5,1
jim-schwoebel_voicebook.chapter_4_modeling,load_audioTPOT,,featurize,3,1,1
jim-schwoebel_voicebook.chapter_4_modeling,load_audioTPOT,,convert,11,3,1
jim-schwoebel_voicebook.chapter_4_modeling,load_audioclassify,,featurize2,33,1,1
jim-schwoebel_voicebook.chapter_4_modeling,load_audioclassify,,exportfile,12,2,5
jim-schwoebel_voicebook.chapter_4_modeling,load_audioclassify,,audio_time_features,56,5,1
jim-schwoebel_voicebook.chapter_4_modeling,load_audioclassify,,featurize,3,1,1
jim-schwoebel_voicebook.chapter_4_modeling,load_audioclassify,,convert,11,3,1
jim-schwoebel_voicebook.chapter_4_modeling,load_audiokeras,,featurize,33,1,1
jim-schwoebel_voicebook.chapter_4_modeling,load_audiokeras,,exportfile,12,2,5
jim-schwoebel_voicebook.chapter_4_modeling,load_audiokeras,,audio_time_features,57,5,1
jim-schwoebel_voicebook.chapter_4_modeling,load_audioregression,,featurize2,33,1,1
jim-schwoebel_voicebook.chapter_4_modeling,load_audioregression,,exportfile,12,2,5
jim-schwoebel_voicebook.chapter_4_modeling,load_audioregression,,audio_time_features,56,5,1
jim-schwoebel_voicebook.chapter_4_modeling,load_audioregression,,featurize,3,1,1
jim-schwoebel_voicebook.chapter_4_modeling,load_audioregression,,convert,11,3,1
jim-schwoebel_voicebook.chapter_4_modeling,load_audiotextclassify,,featurize,33,1,1
jim-schwoebel_voicebook.chapter_4_modeling,load_audiotextclassify,,exportfile,12,2,5
jim-schwoebel_voicebook.chapter_4_modeling,load_audiotextclassify,,audio_time_features,57,5,1
jim-schwoebel_voicebook.chapter_4_modeling,load_audiotextclassify,,textfeatures,159,36,1
jim-schwoebel_voicebook.chapter_4_modeling,load_audiotextclassify,,transcribe,8,1,1
jim-schwoebel_voicebook.chapter_4_modeling,load_audiotextclassify,,convert,11,3,1
jim-schwoebel_voicebook.chapter_4_modeling,load_textclassify,,textfeatures,159,36,1
jim-schwoebel_voicebook.chapter_4_modeling,load_textclassify,,transcribe,8,1,1
jim-schwoebel_voicebook.chapter_4_modeling,load_textclassify,,convert,11,3,1
jim-schwoebel_voicebook.chapter_4_modeling,load_w2vclassify,,sentence_embedding,14,4,3
jim-schwoebel_voicebook.chapter_4_modeling,load_w2vclassify,,embedding,5,1,3
jim-schwoebel_voicebook.chapter_4_modeling,load_w2vclassify,,convert,11,3,1
jim-schwoebel_voicebook.chapter_4_modeling,load_w2vclassify,,transcribe,8,1,1
jim-schwoebel_voicebook.chapter_4_modeling,train_audioclassify,,optimizemodel_sc,232,25,10
jim-schwoebel_voicebook.chapter_4_modeling,train_audioclassify,,featurize,33,1,1
jim-schwoebel_voicebook.chapter_4_modeling,train_audioclassify,,exportfile,12,2,5
jim-schwoebel_voicebook.chapter_4_modeling,train_audioclassify,,audio_time_features,62,5,1
jim-schwoebel_voicebook.chapter_4_modeling,train_audiokeras,,featurize,33,1,1
jim-schwoebel_voicebook.chapter_4_modeling,train_audiokeras,,exportfile,12,2,5
jim-schwoebel_voicebook.chapter_4_modeling,train_audiokeras,,audio_time_features,57,5,1
jim-schwoebel_voicebook.chapter_4_modeling,train_audioregression,,update_list,22,6,6
jim-schwoebel_voicebook.chapter_4_modeling,train_audiotextclassify,,optimizemodel_sc,227,24,10
jim-schwoebel_voicebook.chapter_4_modeling,train_audiotextclassify,,featurize,33,1,1
jim-schwoebel_voicebook.chapter_4_modeling,train_audiotextclassify,,exportfile,12,2,5
jim-schwoebel_voicebook.chapter_4_modeling,train_audiotextclassify,,audio_time_features,57,5,1
jim-schwoebel_voicebook.chapter_4_modeling,train_audiotextclassify,,textfeatures,159,36,1
jim-schwoebel_voicebook.chapter_4_modeling,train_audiotextclassify,,transcribe,8,1,1
jim-schwoebel_voicebook.chapter_4_modeling,train_textclassify,,optimizemodel_sc,232,25,10
jim-schwoebel_voicebook.chapter_4_modeling,train_textclassify,,textfeatures,159,36,1
jim-schwoebel_voicebook.chapter_4_modeling,train_textclassify,,transcribe,8,1,1
jim-schwoebel_voicebook.chapter_4_modeling,train_w2vclassify,,w2v,15,4,3
jim-schwoebel_voicebook.chapter_4_modeling,train_w2vclassify,,w2v_embedding,14,5,3
jim-schwoebel_voicebook.chapter_4_modeling,train_w2vclassify,,sentence_embedding,17,4,3
jim-schwoebel_voicebook.chapter_4_modeling,train_w2vclassify,,transcribe,8,1,1
jim-schwoebel_voicebook.chapter_4_modeling,train_w2vclassify,,optimizemodel_sc,232,25,10
jim-schwoebel_voicebook.chapter_5_generation,generate_poem,,randselect,4,1,1
jim-schwoebel_voicebook.chapter_5_generation,generate_tts,,createfile,6,1,2
jim-schwoebel_voicebook.chapter_5_generation,generate_tts,,convertfile,6,1,1
jim-schwoebel_voicebook.chapter_5_generation,make_vchatbot,,sync_record,6,1,4
jim-schwoebel_voicebook.chapter_5_generation,make_vchatbot,,transcribe_sphinx,7,1,1
jim-schwoebel_voicebook.chapter_5_generation,make_vchatbot,,speak_text,4,1,1
jim-schwoebel_voicebook.chapter_6_visualization,audio_path,,make_fig,2,1,0
jim-schwoebel_voicebook.chapter_6_visualization,audio_path,,record_data,8,1,4
jim-schwoebel_voicebook.chapter_6_visualization,audio_plot,,plot_spectrogram,44,1,1
jim-schwoebel_voicebook.chapter_6_visualization,audio_stream,,visualize_data,44,13,3
jim-schwoebel_voicebook.chapter_6_visualization,audio_stream,,record_data,8,1,4
jim-schwoebel_voicebook.chapter_6_visualization,meta_multi,,make_fig,10,1,0
jim-schwoebel_voicebook.chapter_6_visualization,meta_multi,,record_data,7,1,4
jim-schwoebel_voicebook.chapter_6_visualization,meta_multi,,meta_featurize,15,2,3
jim-schwoebel_voicebook.chapter_6_visualization,meta_nonstream,,meta_featurize,14,2,3
jim-schwoebel_voicebook.chapter_6_visualization,meta_stream,,make_fig,2,1,0
jim-schwoebel_voicebook.chapter_6_visualization,meta_stream,,record_data,7,1,4
jim-schwoebel_voicebook.chapter_6_visualization,meta_stream,,meta_featurize,15,2,3
jim-schwoebel_voicebook.chapter_6_visualization,meta_streamall,,make_fig,2,1,0
jim-schwoebel_voicebook.chapter_6_visualization,meta_streamall,,record_data,7,1,4
jim-schwoebel_voicebook.chapter_6_visualization,meta_streamall,,meta_featurize,15,2,3
jim-schwoebel_voicebook.chapter_6_visualization,mixed_path,,make_fig,4,2,0
jim-schwoebel_voicebook.chapter_6_visualization,mixed_path,,annotate,2,1,3
jim-schwoebel_voicebook.chapter_6_visualization,mixed_path,,record_data,7,1,4
jim-schwoebel_voicebook.chapter_6_visualization,mixed_path,,transcribe_pocket,10,2,1
jim-schwoebel_voicebook.chapter_6_visualization,mixed_stream,,transcribe_pocket,6,1,1
jim-schwoebel_voicebook.chapter_6_visualization,mixed_stream,,visualize_data,44,13,3
jim-schwoebel_voicebook.chapter_6_visualization,mixed_stream,,record_data,7,1,4
jim-schwoebel_voicebook.chapter_6_visualization,mixed_video,,transcribe_pocket,16,2,1
jim-schwoebel_voicebook.chapter_6_visualization,mixed_video,,make_fig,7,2,4
jim-schwoebel_voicebook.chapter_6_visualization,text_freqplot,,transcribe_pocket,9,2,1
jim-schwoebel_voicebook.chapter_6_visualization,text_freqplot,,sync_record,6,1,4
jim-schwoebel_voicebook.chapter_6_visualization,text_path,,transcribe_pocket,9,2,1
jim-schwoebel_voicebook.chapter_6_visualization,text_path,,make_fig,2,1,0
jim-schwoebel_voicebook.chapter_6_visualization,text_path,,record_data,4,1,4
jim-schwoebel_voicebook.chapter_6_visualization,text_stream,,transcribe_pocket,6,1,1
jim-schwoebel_voicebook.chapter_6_visualization,text_stream,,sync_record,4,1,4
jim-schwoebel_voicebook.chapter_6_visualization,text_tree,,transcribe_pocket,10,2,1
jim-schwoebel_voicebook.chapter_6_visualization,text_tree,,sync_record,6,1,4
jim-schwoebel_voicebook.chapter_6_visualization,text_tsne,,transcribe_pocket,10,2,1
jim-schwoebel_voicebook.chapter_6_visualization,text_tsne,,tsne_plot,24,4,1
jim-schwoebel_voicebook.chapter_6_visualization,text_tsne_many,,transcribe_pocket,13,2,1
jim-schwoebel_voicebook.chapter_6_visualization,text_tsne_many,,tsne_vals,14,3,1
jim-schwoebel_voicebook.chapter_6_visualization,text_wordcloud,,transcribe_pocket,10,2,1
jim-schwoebel_voicebook.chapter_6_visualization,text_wordcloud,,sync_record,6,1,4
jim-schwoebel_voicebook.chapter_7_design,bluetooth,,get_devices,6,2,0
jim-schwoebel_voicebook.chapter_7_design,bluetooth,,bluetooth_send,5,1,3
jim-schwoebel_voicebook.chapter_7_design,bluetooth,,bluetooth_receive,17,4,2
jim-schwoebel_voicebook.chapter_7_design,record,,record_to_file,28,2,3
jim-schwoebel_voicebook.chapter_7_design,speakup,,speaktext,5,1,2
jim-schwoebel_voicebook.chapter_7_design,transcribe,,transcribe_audio,27,4,3
jim-schwoebel_voicebook.chapter_7_design,transcribe_custom,,sync_record,6,1,4
jim-schwoebel_voicebook.chapter_7_design,transcribe_custom,,transcribe,36,7,1
jim-schwoebel_voicebook.chapter_7_design,wake_pocket,,speak,4,1,0
jim-schwoebel_voicebook.chapter_7_design,wake_pocket,,pocket_detect,29,4,1
jim-schwoebel_voicebook.chapter_7_design,wake_pocket,,keyphrase_function,2,1,1
jim-schwoebel_voicebook.chapter_7_design,wake_snowboy,,porcupine_detect,5,1,2
jim-schwoebel_voicebook.chapter_7_design,wake_transcribe,,speak,4,1,0
jim-schwoebel_voicebook.chapter_7_design,wake_transcribe,,find_wake,8,3,2
jim-schwoebel_voicebook.chapter_7_design,wake_transcribe,,transcribe_sphinx,11,2,1
jim-schwoebel_voicebook.chapter_7_design,wake_transcribe,,async_record,8,1,6
jim-schwoebel_voicebook.chapter_7_design,wakeup,,wakeup,10,4,1
jim-schwoebel_voicebook.chapter_7_design.porcupine,porcupine,Porcupine,__init__,55,15,6
jim-schwoebel_voicebook.chapter_7_design.porcupine,porcupine,Porcupine,sample_rate,2,1,0
jim-schwoebel_voicebook.chapter_7_design.porcupine,porcupine,Porcupine,frame_length,2,1,0
jim-schwoebel_voicebook.chapter_7_design.porcupine,porcupine,Porcupine,process,12,2,1
jim-schwoebel_voicebook.chapter_7_design.porcupine,porcupine,Porcupine,delete,2,1,0
jim-schwoebel_voicebook.chapter_7_design.porcupine,wake_porcupine,PorcupineDemo,__init__,12,2,6
jim-schwoebel_voicebook.chapter_7_design.porcupine,wake_porcupine,PorcupineDemo,run,51,13,0
jim-schwoebel_voicebook.chapter_7_design.porcupine,wake_porcupine,PorcupineDemo,show_audio_devices_info,6,2,1
jim-schwoebel_voicebook.chapter_7_design.porcupine,wake_porcupine,,_default_library_path,16,4,0
jim-schwoebel_voicebook.chapter_7_design.snowboy,demo,,signal_handler,3,1,2
jim-schwoebel_voicebook.chapter_7_design.snowboy,demo,,interrupt_callback,3,1,0
jim-schwoebel_voicebook.chapter_7_design.snowboy,demo2,,signal_handler,3,1,2
jim-schwoebel_voicebook.chapter_7_design.snowboy,demo2,,interrupt_callback,3,1,0
jim-schwoebel_voicebook.chapter_7_design.snowboy,demo4,,audioRecorderCallback,15,3,1
jim-schwoebel_voicebook.chapter_7_design.snowboy,demo4,,detectedCallback,2,1,0
jim-schwoebel_voicebook.chapter_7_design.snowboy,demo4,,signal_handler,3,1,2
jim-schwoebel_voicebook.chapter_7_design.snowboy,demo4,,interrupt_callback,3,1,0
jim-schwoebel_voicebook.chapter_7_design.snowboy,snowboydecoder,RingBuffer,__init__,2,1,1
jim-schwoebel_voicebook.chapter_7_design.snowboy,snowboydecoder,RingBuffer,extend,2,1,1
jim-schwoebel_voicebook.chapter_7_design.snowboy,snowboydecoder,RingBuffer,get,4,1,0
jim-schwoebel_voicebook.chapter_7_design.snowboy,snowboydecoder,HotwordDetector,__init__,24,7,5
jim-schwoebel_voicebook.chapter_7_design.snowboy,snowboydecoder,HotwordDetector,start,84,18,6
jim-schwoebel_voicebook.chapter_7_design.snowboy,snowboydecoder,HotwordDetector,saveMessage,15,1,0
jim-schwoebel_voicebook.chapter_7_design.snowboy,snowboydecoder,HotwordDetector,terminate,7,1,0
jim-schwoebel_voicebook.chapter_7_design.snowboy,snowboydecoder,,py_error_handler,2,1,5
jim-schwoebel_voicebook.chapter_7_design.snowboy,snowboydecoder,,no_alsa_error,9,2,0
jim-schwoebel_voicebook.chapter_7_design.snowboy,snowboydecoder,,play_audio_file,16,1,1
jim-schwoebel_voicebook.chapter_7_design.snowboy,snowboydetect,SnowboyDetect,__init__,6,2,2
jim-schwoebel_voicebook.chapter_7_design.snowboy,snowboydetect,SnowboyDetect,Reset,2,1,0
jim-schwoebel_voicebook.chapter_7_design.snowboy,snowboydetect,SnowboyDetect,RunDetection,2,1,0
jim-schwoebel_voicebook.chapter_7_design.snowboy,snowboydetect,SnowboyDetect,SetSensitivity,2,1,1
jim-schwoebel_voicebook.chapter_7_design.snowboy,snowboydetect,SnowboyDetect,SetHighSensitivity,2,1,1
jim-schwoebel_voicebook.chapter_7_design.snowboy,snowboydetect,SnowboyDetect,GetSensitivity,2,1,0
jim-schwoebel_voicebook.chapter_7_design.snowboy,snowboydetect,SnowboyDetect,SetAudioGain,2,1,1
jim-schwoebel_voicebook.chapter_7_design.snowboy,snowboydetect,SnowboyDetect,UpdateModel,2,1,0
jim-schwoebel_voicebook.chapter_7_design.snowboy,snowboydetect,SnowboyDetect,NumHotwords,2,1,0
jim-schwoebel_voicebook.chapter_7_design.snowboy,snowboydetect,SnowboyDetect,ApplyFrontend,2,1,1
jim-schwoebel_voicebook.chapter_7_design.snowboy,snowboydetect,SnowboyDetect,SampleRate,2,1,0
jim-schwoebel_voicebook.chapter_7_design.snowboy,snowboydetect,SnowboyDetect,NumChannels,2,1,0
jim-schwoebel_voicebook.chapter_7_design.snowboy,snowboydetect,SnowboyDetect,BitsPerSample,2,1,0
jim-schwoebel_voicebook.chapter_7_design.snowboy,snowboydetect,SnowboyVad,__init__,6,2,1
jim-schwoebel_voicebook.chapter_7_design.snowboy,snowboydetect,SnowboyVad,Reset,2,1,0
jim-schwoebel_voicebook.chapter_7_design.snowboy,snowboydetect,SnowboyVad,RunVad,2,1,0
jim-schwoebel_voicebook.chapter_7_design.snowboy,snowboydetect,SnowboyVad,SetAudioGain,2,1,1
jim-schwoebel_voicebook.chapter_7_design.snowboy,snowboydetect,SnowboyVad,ApplyFrontend,2,1,1
jim-schwoebel_voicebook.chapter_7_design.snowboy,snowboydetect,SnowboyVad,SampleRate,2,1,0
jim-schwoebel_voicebook.chapter_7_design.snowboy,snowboydetect,SnowboyVad,NumChannels,2,1,0
jim-schwoebel_voicebook.chapter_7_design.snowboy,snowboydetect,SnowboyVad,BitsPerSample,2,1,0
jim-schwoebel_voicebook.chapter_7_design.snowboy,snowboydetect,,_swig_setattr_nondynamic,17,5,4
jim-schwoebel_voicebook.chapter_7_design.snowboy,snowboydetect,,_swig_setattr,2,1,3
jim-schwoebel_voicebook.chapter_7_design.snowboy,snowboydetect,,_swig_getattr,7,2,2
jim-schwoebel_voicebook.chapter_7_design.snowboy,snowboydetect,,_swig_repr,6,2,0
jim-schwoebel_voicebook.chapter_8_server,django_project,,dirtree,7,4,1
jim-schwoebel_voicebook.chapter_8_server,flask_project,,hello,2,1,0
jim-schwoebel_voicebook.chapter_8_server,mongo_commands,,get,2,1,1
jim-schwoebel_voicebook.chapter_8_server,unit_test,SimplisticTest,test,4,1,0
jim-schwoebel_voicebook.chapter_8_server,uwsgi,,application,3,1,2
jim-schwoebel_voicebook.chapter_8_server.docker,unit_test,SimplisticTest,test,4,1,0
jim-schwoebel_voicebook.chapter_9_security,decrypt_file,,decrypt_file,22,5,3
jim-schwoebel_voicebook.chapter_9_security,encrypt_file,,encrypt_file,24,5,4
jim-schwoebel_voicebook.chapter_9_security,generate_password,,generate_password,7,2,1
