Package,Module,Class,Smell,Function/Method,Line no,File,Details
adobe_antialiased-cnns,main,,Complex method,main,158 - 193,/Volumes/BrokeExt/NICHE/adobe_antialiased-cnns/main.py,"Method 'main' has a cyclomatic complexity of 8, exceeding the max of 6."
adobe_antialiased-cnns,main,,Complex method,main_worker,196 - 419,/Volumes/BrokeExt/NICHE/adobe_antialiased-cnns/main.py,"Method 'main_worker' has a cyclomatic complexity of 38, exceeding the max of 6."
adobe_antialiased-cnns,main,,Complex method,train,422 - 492,/Volumes/BrokeExt/NICHE/adobe_antialiased-cnns/main.py,"Method 'train' has a cyclomatic complexity of 7, exceeding the max of 6."
adobe_antialiased-cnns,main,,Long method,main_worker,196 - 419,/Volumes/BrokeExt/NICHE/adobe_antialiased-cnns/main.py,Method 'main_worker' is too long (193 lines).
adobe_antialiased-cnns,main,,Long method,train,422 - 492,/Volumes/BrokeExt/NICHE/adobe_antialiased-cnns/main.py,Method 'train' is too long (68 lines).
adobe_antialiased-cnns,main,,Long method,validate,494 - 546,/Volumes/BrokeExt/NICHE/adobe_antialiased-cnns/main.py,Method 'validate' is too long (49 lines).
adobe_antialiased-cnns,main,,Long method,validate_diagonal,591 - 655,/Volumes/BrokeExt/NICHE/adobe_antialiased-cnns/main.py,Method 'validate_diagonal' is too long (59 lines).
adobe_antialiased-cnns,main,,Long parameter list,train,422 - 492,/Volumes/BrokeExt/NICHE/adobe_antialiased-cnns/main.py,"train has 6 parameters, exceeding the max of 5."
adobe_antialiased-cnns,main,,Long statement,main,168,/Volumes/BrokeExt/NICHE/adobe_antialiased-cnns/main.py,A line with 215 chars in main exceeds the maximum length of 120 characters.
adobe_antialiased-cnns,main,,Long statement,main_worker,210,/Volumes/BrokeExt/NICHE/adobe_antialiased-cnns/main.py,A line with 121 chars in main_worker exceeds the maximum length of 120 characters.
adobe_antialiased-cnns,main,,Long statement,main_worker,216,/Volumes/BrokeExt/NICHE/adobe_antialiased-cnns/main.py,A line with 160 chars in main_worker exceeds the maximum length of 120 characters.
adobe_antialiased-cnns,main,,Long statement,main_worker,305,/Volumes/BrokeExt/NICHE/adobe_antialiased-cnns/main.py,A line with 189 chars in main_worker exceeds the maximum length of 120 characters.
adobe_antialiased-cnns,main,,Long statement,main_worker,315,/Volumes/BrokeExt/NICHE/adobe_antialiased-cnns/main.py,A line with 172 chars in main_worker exceeds the maximum length of 120 characters.
adobe_antialiased-cnns,main,,Long statement,main_worker,329,/Volumes/BrokeExt/NICHE/adobe_antialiased-cnns/main.py,A line with 184 chars in main_worker exceeds the maximum length of 120 characters.
adobe_antialiased-cnns,main,,Long statement,main_worker,336,/Volumes/BrokeExt/NICHE/adobe_antialiased-cnns/main.py,A line with 270 chars in main_worker exceeds the maximum length of 120 characters.
adobe_antialiased-cnns,main,,Long statement,main_worker,413,/Volumes/BrokeExt/NICHE/adobe_antialiased-cnns/main.py,A line with 191 chars in main_worker exceeds the maximum length of 120 characters.
adobe_antialiased-cnns,main,,Long statement,train,467,/Volumes/BrokeExt/NICHE/adobe_antialiased-cnns/main.py,A line with 359 chars in train exceeds the maximum length of 120 characters.
adobe_antialiased-cnns,main,,Long statement,train,479,/Volumes/BrokeExt/NICHE/adobe_antialiased-cnns/main.py,A line with 245 chars in train exceeds the maximum length of 120 characters.
adobe_antialiased-cnns,main,,Long statement,validate,525,/Volumes/BrokeExt/NICHE/adobe_antialiased-cnns/main.py,A line with 275 chars in validate exceeds the maximum length of 120 characters.
adobe_antialiased-cnns,main,,Long statement,validate_shift,580,/Volumes/BrokeExt/NICHE/adobe_antialiased-cnns/main.py,A line with 228 chars in validate_shift exceeds the maximum length of 120 characters.
adobe_antialiased-cnns,main,,Long statement,validate_diagonal,642,/Volumes/BrokeExt/NICHE/adobe_antialiased-cnns/main.py,A line with 273 chars in validate_diagonal exceeds the maximum length of 120 characters.
adobe_antialiased-cnns,main,,Long statement,validate_save,661,/Volumes/BrokeExt/NICHE/adobe_antialiased-cnns/main.py,A line with 161 chars in validate_save exceeds the maximum length of 120 characters.
adobe_antialiased-cnns,main,,Long statement,,65,/Volumes/BrokeExt/NICHE/adobe_antialiased-cnns/main.py,A line with 144 chars in main exceeds the maximum length of 120 characters.
adobe_antialiased-cnns,main,,Long statement,,72,/Volumes/BrokeExt/NICHE/adobe_antialiased-cnns/main.py,A line with 155 chars in main exceeds the maximum length of 120 characters.
adobe_antialiased-cnns,main,,Long statement,,76,/Volumes/BrokeExt/NICHE/adobe_antialiased-cnns/main.py,A line with 124 chars in main exceeds the maximum length of 120 characters.
adobe_antialiased-cnns,main,,Long statement,,82,/Volumes/BrokeExt/NICHE/adobe_antialiased-cnns/main.py,A line with 232 chars in main exceeds the maximum length of 120 characters.
adobe_antialiased-cnns,main,,Long statement,,87,/Volumes/BrokeExt/NICHE/adobe_antialiased-cnns/main.py,A line with 126 chars in main exceeds the maximum length of 120 characters.
adobe_antialiased-cnns,main,,Long statement,,95,/Volumes/BrokeExt/NICHE/adobe_antialiased-cnns/main.py,A line with 144 chars in main exceeds the maximum length of 120 characters.
adobe_antialiased-cnns,main,,Long statement,,102,/Volumes/BrokeExt/NICHE/adobe_antialiased-cnns/main.py,A line with 176 chars in main exceeds the maximum length of 120 characters.
adobe_antialiased-cnns,main,,Long statement,,114,/Volumes/BrokeExt/NICHE/adobe_antialiased-cnns/main.py,A line with 127 chars in main exceeds the maximum length of 120 characters.
adobe_antialiased-cnns,main,,Long statement,,122,/Volumes/BrokeExt/NICHE/adobe_antialiased-cnns/main.py,A line with 272 chars in main exceeds the maximum length of 120 characters.
adobe_antialiased-cnns,main,,Long statement,,133,/Volumes/BrokeExt/NICHE/adobe_antialiased-cnns/main.py,A line with 133 chars in main exceeds the maximum length of 120 characters.
adobe_antialiased-cnns,main,,Long statement,,135,/Volumes/BrokeExt/NICHE/adobe_antialiased-cnns/main.py,A line with 135 chars in main exceeds the maximum length of 120 characters.
adobe_antialiased-cnns,main,,Long statement,,137,/Volumes/BrokeExt/NICHE/adobe_antialiased-cnns/main.py,A line with 131 chars in main exceeds the maximum length of 120 characters.
adobe_antialiased-cnns,main,,Long statement,,139,/Volumes/BrokeExt/NICHE/adobe_antialiased-cnns/main.py,A line with 165 chars in main exceeds the maximum length of 120 characters.
adobe_antialiased-cnns,main,,Long statement,,142,/Volumes/BrokeExt/NICHE/adobe_antialiased-cnns/main.py,A line with 134 chars in main exceeds the maximum length of 120 characters.
adobe_antialiased-cnns,main,,Long statement,,151,/Volumes/BrokeExt/NICHE/adobe_antialiased-cnns/main.py,A line with 161 chars in main exceeds the maximum length of 120 characters.
adobe_antialiased-cnns,main,,Magic number,main_worker,300,/Volumes/BrokeExt/NICHE/adobe_antialiased-cnns/main.py,Magic number 0.485 used in main_worker.
adobe_antialiased-cnns,main,,Magic number,main_worker,300,/Volumes/BrokeExt/NICHE/adobe_antialiased-cnns/main.py,Magic number 0.456 used in main_worker.
adobe_antialiased-cnns,main,,Magic number,main_worker,300,/Volumes/BrokeExt/NICHE/adobe_antialiased-cnns/main.py,Magic number 0.406 used in main_worker.
adobe_antialiased-cnns,main,,Magic number,main_worker,301,/Volumes/BrokeExt/NICHE/adobe_antialiased-cnns/main.py,Magic number 0.229 used in main_worker.
adobe_antialiased-cnns,main,,Magic number,main_worker,301,/Volumes/BrokeExt/NICHE/adobe_antialiased-cnns/main.py,Magic number 0.224 used in main_worker.
adobe_antialiased-cnns,main,,Magic number,main_worker,301,/Volumes/BrokeExt/NICHE/adobe_antialiased-cnns/main.py,Magic number 0.225 used in main_worker.
adobe_antialiased-cnns,main,,Magic number,main_worker,333,/Volumes/BrokeExt/NICHE/adobe_antialiased-cnns/main.py,Magic number 256 used in main_worker.
adobe_antialiased-cnns,main,,Magic number,main_worker,333,/Volumes/BrokeExt/NICHE/adobe_antialiased-cnns/main.py,Magic number 224 used in main_worker.
adobe_antialiased-cnns,main,,Magic number,main_worker,359,/Volumes/BrokeExt/NICHE/adobe_antialiased-cnns/main.py,Magic number 7 used in main_worker.
adobe_antialiased-cnns,main,,Magic number,main_worker,359,/Volumes/BrokeExt/NICHE/adobe_antialiased-cnns/main.py,Magic number 3 used in main_worker.
adobe_antialiased-cnns,main,,Magic number,validate_diagonal,600,/Volumes/BrokeExt/NICHE/adobe_antialiased-cnns/main.py,Magic number 33 used in validate_diagonal.
adobe_antialiased-cnns,main,,Magic number,validate_diagonal,620,/Volumes/BrokeExt/NICHE/adobe_antialiased-cnns/main.py,Magic number 100.0 used in validate_diagonal.
adobe_antialiased-cnns,main,,Magic number,validate_diagonal,625,/Volumes/BrokeExt/NICHE/adobe_antialiased-cnns/main.py,Magic number 100.0 used in validate_diagonal.
adobe_antialiased-cnns,main,,Magic number,save_checkpoint,667,/Volumes/BrokeExt/NICHE/adobe_antialiased-cnns/main.py,Magic number 10 used in save_checkpoint.
adobe_antialiased-cnns,main,,Magic number,adjust_learning_rate,693,/Volumes/BrokeExt/NICHE/adobe_antialiased-cnns/main.py,Magic number 0.1 used in adjust_learning_rate.
adobe_antialiased-cnns,main,,Magic number,agreement,718,/Volumes/BrokeExt/NICHE/adobe_antialiased-cnns/main.py,Magic number 100.0 used in agreement.
adobe_antialiased-cnns,setup,,Long statement,,4,/Volumes/BrokeExt/NICHE/adobe_antialiased-cnns/setup.py,A line with 529 chars in setup exceeds the maximum length of 120 characters.
adobe_antialiased-cnns.antialiased_cnns,alexnet,,Long statement,alexnet,111,/Volumes/BrokeExt/NICHE/adobe_antialiased-cnns/antialiased_cnns/alexnet.py,A line with 260 chars in alexnet exceeds the maximum length of 120 characters.
adobe_antialiased-cnns.antialiased_cnns,alexnet,,Long statement,alexnet,121,/Volumes/BrokeExt/NICHE/adobe_antialiased-cnns/antialiased_cnns/alexnet.py,A line with 129 chars in alexnet exceeds the maximum length of 120 characters.
adobe_antialiased-cnns.antialiased_cnns,alexnet,,Long statement,alexnet,123,/Volumes/BrokeExt/NICHE/adobe_antialiased-cnns/antialiased_cnns/alexnet.py,A line with 137 chars in alexnet exceeds the maximum length of 120 characters.
adobe_antialiased-cnns.antialiased_cnns,alexnet,,Long statement,alexnetnmp,167,/Volumes/BrokeExt/NICHE/adobe_antialiased-cnns/antialiased_cnns/alexnet.py,A line with 203 chars in alexnetnmp exceeds the maximum length of 120 characters.
adobe_antialiased-cnns.antialiased_cnns,alexnet,AlexNet,Long statement,__init__,67,/Volumes/BrokeExt/NICHE/adobe_antialiased-cnns/antialiased_cnns/alexnet.py,A line with 136 chars in __init__ exceeds the maximum length of 120 characters.
adobe_antialiased-cnns.antialiased_cnns,alexnet,AlexNet,Long statement,__init__,71,/Volumes/BrokeExt/NICHE/adobe_antialiased-cnns/antialiased_cnns/alexnet.py,A line with 136 chars in __init__ exceeds the maximum length of 120 characters.
adobe_antialiased-cnns.antialiased_cnns,alexnet,AlexNet,Long statement,__init__,75,/Volumes/BrokeExt/NICHE/adobe_antialiased-cnns/antialiased_cnns/alexnet.py,A line with 551 chars in __init__ exceeds the maximum length of 120 characters.
adobe_antialiased-cnns.antialiased_cnns,alexnet,AlexNet,Long statement,__init__,92,/Volumes/BrokeExt/NICHE/adobe_antialiased-cnns/antialiased_cnns/alexnet.py,A line with 192 chars in __init__ exceeds the maximum length of 120 characters.
adobe_antialiased-cnns.antialiased_cnns,alexnet,AlexNetNMP,Long statement,__init__,132,/Volumes/BrokeExt/NICHE/adobe_antialiased-cnns/antialiased_cnns/alexnet.py,A line with 613 chars in __init__ exceeds the maximum length of 120 characters.
adobe_antialiased-cnns.antialiased_cnns,alexnet,AlexNetNMP,Long statement,__init__,148,/Volumes/BrokeExt/NICHE/adobe_antialiased-cnns/antialiased_cnns/alexnet.py,A line with 192 chars in __init__ exceeds the maximum length of 120 characters.
adobe_antialiased-cnns.antialiased_cnns,alexnet,,Magic number,alexnet,110,/Volumes/BrokeExt/NICHE/adobe_antialiased-cnns/antialiased_cnns/alexnet.py,Magic number 4 used in alexnet.
adobe_antialiased-cnns.antialiased_cnns,alexnet,,Magic number,alexnet,120,/Volumes/BrokeExt/NICHE/adobe_antialiased-cnns/antialiased_cnns/alexnet.py,Magic number 4 used in alexnet.
adobe_antialiased-cnns.antialiased_cnns,alexnet,AlexNet,Magic number,__init__,60,/Volumes/BrokeExt/NICHE/adobe_antialiased-cnns/antialiased_cnns/alexnet.py,Magic number 1000 used in __init__.
adobe_antialiased-cnns.antialiased_cnns,alexnet,AlexNet,Magic number,__init__,60,/Volumes/BrokeExt/NICHE/adobe_antialiased-cnns/antialiased_cnns/alexnet.py,Magic number 4 used in __init__.
adobe_antialiased-cnns.antialiased_cnns,alexnet,AlexNetNMP,Magic number,__init__,130,/Volumes/BrokeExt/NICHE/adobe_antialiased-cnns/antialiased_cnns/alexnet.py,Magic number 1000 used in __init__.
adobe_antialiased-cnns.antialiased_cnns,blurpool,BlurPool,Complex method,__init__,14 - 43,/Volumes/BrokeExt/NICHE/adobe_antialiased-cnns/antialiased_cnns/blurpool.py,"Method '__init__' has a cyclomatic complexity of 8, exceeding the max of 6."
adobe_antialiased-cnns.antialiased_cnns,blurpool,BlurPool1D,Complex method,__init__,66 - 96,/Volumes/BrokeExt/NICHE/adobe_antialiased-cnns/antialiased_cnns/blurpool.py,"Method '__init__' has a cyclomatic complexity of 8, exceeding the max of 6."
adobe_antialiased-cnns.antialiased_cnns,blurpool,BlurPool,Long statement,__init__,18,/Volumes/BrokeExt/NICHE/adobe_antialiased-cnns/antialiased_cnns/blurpool.py,A line with 179 chars in __init__ exceeds the maximum length of 120 characters.
adobe_antialiased-cnns.antialiased_cnns,blurpool,BlurPool,Magic number,__init__,14,/Volumes/BrokeExt/NICHE/adobe_antialiased-cnns/antialiased_cnns/blurpool.py,Magic number 4 used in __init__.
adobe_antialiased-cnns.antialiased_cnns,blurpool,BlurPool,Magic number,__init__,14,/Volumes/BrokeExt/NICHE/adobe_antialiased-cnns/antialiased_cnns/blurpool.py,Magic number 2 used in __init__.
adobe_antialiased-cnns.antialiased_cnns,blurpool,BlurPool,Magic number,__init__,26,/Volumes/BrokeExt/NICHE/adobe_antialiased-cnns/antialiased_cnns/blurpool.py,Magic number 2 used in __init__.
adobe_antialiased-cnns.antialiased_cnns,blurpool,BlurPool,Magic number,__init__,28,/Volumes/BrokeExt/NICHE/adobe_antialiased-cnns/antialiased_cnns/blurpool.py,Magic number 3 used in __init__.
adobe_antialiased-cnns.antialiased_cnns,blurpool,BlurPool,Magic number,__init__,30,/Volumes/BrokeExt/NICHE/adobe_antialiased-cnns/antialiased_cnns/blurpool.py,Magic number 4 used in __init__.
adobe_antialiased-cnns.antialiased_cnns,blurpool,BlurPool,Magic number,__init__,32,/Volumes/BrokeExt/NICHE/adobe_antialiased-cnns/antialiased_cnns/blurpool.py,Magic number 5 used in __init__.
adobe_antialiased-cnns.antialiased_cnns,blurpool,BlurPool,Magic number,__init__,34,/Volumes/BrokeExt/NICHE/adobe_antialiased-cnns/antialiased_cnns/blurpool.py,Magic number 6 used in __init__.
adobe_antialiased-cnns.antialiased_cnns,blurpool,BlurPool,Magic number,__init__,36,/Volumes/BrokeExt/NICHE/adobe_antialiased-cnns/antialiased_cnns/blurpool.py,Magic number 7 used in __init__.
adobe_antialiased-cnns.antialiased_cnns,blurpool,BlurPool1D,Magic number,__init__,66,/Volumes/BrokeExt/NICHE/adobe_antialiased-cnns/antialiased_cnns/blurpool.py,Magic number 3 used in __init__.
adobe_antialiased-cnns.antialiased_cnns,blurpool,BlurPool1D,Magic number,__init__,66,/Volumes/BrokeExt/NICHE/adobe_antialiased-cnns/antialiased_cnns/blurpool.py,Magic number 2 used in __init__.
adobe_antialiased-cnns.antialiased_cnns,blurpool,BlurPool1D,Magic number,__init__,79,/Volumes/BrokeExt/NICHE/adobe_antialiased-cnns/antialiased_cnns/blurpool.py,Magic number 2 used in __init__.
adobe_antialiased-cnns.antialiased_cnns,blurpool,BlurPool1D,Magic number,__init__,81,/Volumes/BrokeExt/NICHE/adobe_antialiased-cnns/antialiased_cnns/blurpool.py,Magic number 3 used in __init__.
adobe_antialiased-cnns.antialiased_cnns,blurpool,BlurPool1D,Magic number,__init__,83,/Volumes/BrokeExt/NICHE/adobe_antialiased-cnns/antialiased_cnns/blurpool.py,Magic number 4 used in __init__.
adobe_antialiased-cnns.antialiased_cnns,blurpool,BlurPool1D,Magic number,__init__,85,/Volumes/BrokeExt/NICHE/adobe_antialiased-cnns/antialiased_cnns/blurpool.py,Magic number 5 used in __init__.
adobe_antialiased-cnns.antialiased_cnns,blurpool,BlurPool1D,Magic number,__init__,87,/Volumes/BrokeExt/NICHE/adobe_antialiased-cnns/antialiased_cnns/blurpool.py,Magic number 6 used in __init__.
adobe_antialiased-cnns.antialiased_cnns,blurpool,BlurPool1D,Magic number,__init__,89,/Volumes/BrokeExt/NICHE/adobe_antialiased-cnns/antialiased_cnns/blurpool.py,Magic number 7 used in __init__.
adobe_antialiased-cnns.antialiased_cnns,densenet,DenseNet,Complex method,__init__,115 - 170,/Volumes/BrokeExt/NICHE/adobe_antialiased-cnns/antialiased_cnns/densenet.py,"Method '__init__' has a cyclomatic complexity of 10, exceeding the max of 6."
adobe_antialiased-cnns.antialiased_cnns,densenet,DenseNet,Long method,__init__,115 - 170,/Volumes/BrokeExt/NICHE/adobe_antialiased-cnns/antialiased_cnns/densenet.py,Method '__init__' is too long (43 lines).
adobe_antialiased-cnns.antialiased_cnns,densenet,DenseNet,Long parameter list,__init__,115 - 170,/Volumes/BrokeExt/NICHE/adobe_antialiased-cnns/antialiased_cnns/densenet.py,"__init__ has 8 parameters, exceeding the max of 5."
adobe_antialiased-cnns.antialiased_cnns,densenet,,Long statement,_load_state_dict,185,/Volumes/BrokeExt/NICHE/adobe_antialiased-cnns/antialiased_cnns/densenet.py,A line with 121 chars in _load_state_dict exceeds the maximum length of 120 characters.
adobe_antialiased-cnns.antialiased_cnns,densenet,,Long statement,densenet121,199,/Volumes/BrokeExt/NICHE/adobe_antialiased-cnns/antialiased_cnns/densenet.py,A line with 381 chars in densenet121 exceeds the maximum length of 120 characters.
adobe_antialiased-cnns.antialiased_cnns,densenet,,Long statement,densenet121,206,/Volumes/BrokeExt/NICHE/adobe_antialiased-cnns/antialiased_cnns/densenet.py,A line with 140 chars in densenet121 exceeds the maximum length of 120 characters.
adobe_antialiased-cnns.antialiased_cnns,densenet,,Long statement,densenet169,217,/Volumes/BrokeExt/NICHE/adobe_antialiased-cnns/antialiased_cnns/densenet.py,A line with 304 chars in densenet169 exceeds the maximum length of 120 characters.
adobe_antialiased-cnns.antialiased_cnns,densenet,,Long statement,densenet169,223,/Volumes/BrokeExt/NICHE/adobe_antialiased-cnns/antialiased_cnns/densenet.py,A line with 140 chars in densenet169 exceeds the maximum length of 120 characters.
adobe_antialiased-cnns.antialiased_cnns,densenet,,Long statement,densenet201,234,/Volumes/BrokeExt/NICHE/adobe_antialiased-cnns/antialiased_cnns/densenet.py,A line with 304 chars in densenet201 exceeds the maximum length of 120 characters.
adobe_antialiased-cnns.antialiased_cnns,densenet,,Long statement,densenet201,240,/Volumes/BrokeExt/NICHE/adobe_antialiased-cnns/antialiased_cnns/densenet.py,A line with 140 chars in densenet201 exceeds the maximum length of 120 characters.
adobe_antialiased-cnns.antialiased_cnns,densenet,,Long statement,densenet161,251,/Volumes/BrokeExt/NICHE/adobe_antialiased-cnns/antialiased_cnns/densenet.py,A line with 304 chars in densenet161 exceeds the maximum length of 120 characters.
adobe_antialiased-cnns.antialiased_cnns,densenet,,Long statement,densenet161,257,/Volumes/BrokeExt/NICHE/adobe_antialiased-cnns/antialiased_cnns/densenet.py,A line with 140 chars in densenet161 exceeds the maximum length of 120 characters.
adobe_antialiased-cnns.antialiased_cnns,densenet,_DenseLayer,Long statement,__init__,72,/Volumes/BrokeExt/NICHE/adobe_antialiased-cnns/antialiased_cnns/densenet.py,A line with 124 chars in __init__ exceeds the maximum length of 120 characters.
adobe_antialiased-cnns.antialiased_cnns,densenet,DenseNet,Long statement,__init__,123,/Volumes/BrokeExt/NICHE/adobe_antialiased-cnns/antialiased_cnns/densenet.py,A line with 349 chars in __init__ exceeds the maximum length of 120 characters.
adobe_antialiased-cnns.antialiased_cnns,densenet,DenseNet,Long statement,__init__,131,/Volumes/BrokeExt/NICHE/adobe_antialiased-cnns/antialiased_cnns/densenet.py,A line with 420 chars in __init__ exceeds the maximum length of 120 characters.
adobe_antialiased-cnns.antialiased_cnns,densenet,DenseNet,Long statement,__init__,143,/Volumes/BrokeExt/NICHE/adobe_antialiased-cnns/antialiased_cnns/densenet.py,A line with 138 chars in __init__ exceeds the maximum length of 120 characters.
adobe_antialiased-cnns.antialiased_cnns,densenet,,Magic number,densenet121,198,/Volumes/BrokeExt/NICHE/adobe_antialiased-cnns/antialiased_cnns/densenet.py,Magic number 4 used in densenet121.
adobe_antialiased-cnns.antialiased_cnns,densenet,,Magic number,densenet121,209,/Volumes/BrokeExt/NICHE/adobe_antialiased-cnns/antialiased_cnns/densenet.py,Magic number 4 used in densenet121.
adobe_antialiased-cnns.antialiased_cnns,densenet,,Magic number,densenet169,216,/Volumes/BrokeExt/NICHE/adobe_antialiased-cnns/antialiased_cnns/densenet.py,Magic number 4 used in densenet169.
adobe_antialiased-cnns.antialiased_cnns,densenet,,Magic number,densenet169,226,/Volumes/BrokeExt/NICHE/adobe_antialiased-cnns/antialiased_cnns/densenet.py,Magic number 4 used in densenet169.
adobe_antialiased-cnns.antialiased_cnns,densenet,,Magic number,densenet201,233,/Volumes/BrokeExt/NICHE/adobe_antialiased-cnns/antialiased_cnns/densenet.py,Magic number 4 used in densenet201.
adobe_antialiased-cnns.antialiased_cnns,densenet,,Magic number,densenet201,243,/Volumes/BrokeExt/NICHE/adobe_antialiased-cnns/antialiased_cnns/densenet.py,Magic number 4 used in densenet201.
adobe_antialiased-cnns.antialiased_cnns,densenet,,Magic number,densenet161,250,/Volumes/BrokeExt/NICHE/adobe_antialiased-cnns/antialiased_cnns/densenet.py,Magic number 4 used in densenet161.
adobe_antialiased-cnns.antialiased_cnns,densenet,,Magic number,densenet161,260,/Volumes/BrokeExt/NICHE/adobe_antialiased-cnns/antialiased_cnns/densenet.py,Magic number 4 used in densenet161.
adobe_antialiased-cnns.antialiased_cnns,densenet,DenseNet,Magic number,__init__,115,/Volumes/BrokeExt/NICHE/adobe_antialiased-cnns/antialiased_cnns/densenet.py,Magic number 32 used in __init__.
adobe_antialiased-cnns.antialiased_cnns,densenet,DenseNet,Magic number,__init__,116,/Volumes/BrokeExt/NICHE/adobe_antialiased-cnns/antialiased_cnns/densenet.py,Magic number 64 used in __init__.
adobe_antialiased-cnns.antialiased_cnns,densenet,DenseNet,Magic number,__init__,116,/Volumes/BrokeExt/NICHE/adobe_antialiased-cnns/antialiased_cnns/densenet.py,Magic number 4 used in __init__.
adobe_antialiased-cnns.antialiased_cnns,densenet,DenseNet,Magic number,__init__,116,/Volumes/BrokeExt/NICHE/adobe_antialiased-cnns/antialiased_cnns/densenet.py,Magic number 1000 used in __init__.
adobe_antialiased-cnns.antialiased_cnns,densenet,DenseNet,Magic number,__init__,115,/Volumes/BrokeExt/NICHE/adobe_antialiased-cnns/antialiased_cnns/densenet.py,Magic number 6 used in __init__.
adobe_antialiased-cnns.antialiased_cnns,densenet,DenseNet,Magic number,__init__,115,/Volumes/BrokeExt/NICHE/adobe_antialiased-cnns/antialiased_cnns/densenet.py,Magic number 12 used in __init__.
adobe_antialiased-cnns.antialiased_cnns,densenet,DenseNet,Magic number,__init__,115,/Volumes/BrokeExt/NICHE/adobe_antialiased-cnns/antialiased_cnns/densenet.py,Magic number 24 used in __init__.
adobe_antialiased-cnns.antialiased_cnns,densenet,DenseNet,Magic number,__init__,115,/Volumes/BrokeExt/NICHE/adobe_antialiased-cnns/antialiased_cnns/densenet.py,Magic number 16 used in __init__.
adobe_antialiased-cnns.antialiased_cnns,densenet,DenseNet,Magic number,__init__,150,/Volumes/BrokeExt/NICHE/adobe_antialiased-cnns/antialiased_cnns/densenet.py,Magic number 2 used in __init__.
adobe_antialiased-cnns.antialiased_cnns,mobilenet,MobileNetV2,Complex method,__init__,106 - 155,/Volumes/BrokeExt/NICHE/adobe_antialiased-cnns/antialiased_cnns/mobilenet.py,"Method '__init__' has a cyclomatic complexity of 8, exceeding the max of 6."
adobe_antialiased-cnns.antialiased_cnns,mobilenet,MobileNetV2,Long method,__init__,106 - 155,/Volumes/BrokeExt/NICHE/adobe_antialiased-cnns/antialiased_cnns/mobilenet.py,Method '__init__' is too long (41 lines).
adobe_antialiased-cnns.antialiased_cnns,mobilenet,,Long statement,mobilenet_v2,165,/Volumes/BrokeExt/NICHE/adobe_antialiased-cnns/antialiased_cnns/mobilenet.py,A line with 302 chars in mobilenet_v2 exceeds the maximum length of 120 characters.
adobe_antialiased-cnns.antialiased_cnns,mobilenet,,Long statement,mobilenet_v2,175,/Volumes/BrokeExt/NICHE/adobe_antialiased-cnns/antialiased_cnns/mobilenet.py,A line with 134 chars in mobilenet_v2 exceeds the maximum length of 120 characters.
adobe_antialiased-cnns.antialiased_cnns,mobilenet,,Long statement,mobilenet_v2,177,/Volumes/BrokeExt/NICHE/adobe_antialiased-cnns/antialiased_cnns/mobilenet.py,A line with 142 chars in mobilenet_v2 exceeds the maximum length of 120 characters.
adobe_antialiased-cnns.antialiased_cnns,mobilenet,ConvBNReLU,Long statement,__init__,59,/Volumes/BrokeExt/NICHE/adobe_antialiased-cnns/antialiased_cnns/mobilenet.py,A line with 175 chars in __init__ exceeds the maximum length of 120 characters.
adobe_antialiased-cnns.antialiased_cnns,mobilenet,InvertedResidual,Long statement,__init__,80,/Volumes/BrokeExt/NICHE/adobe_antialiased-cnns/antialiased_cnns/mobilenet.py,A line with 155 chars in __init__ exceeds the maximum length of 120 characters.
adobe_antialiased-cnns.antialiased_cnns,mobilenet,InvertedResidual,Long statement,__init__,88,/Volumes/BrokeExt/NICHE/adobe_antialiased-cnns/antialiased_cnns/mobilenet.py,A line with 210 chars in __init__ exceeds the maximum length of 120 characters.
adobe_antialiased-cnns.antialiased_cnns,mobilenet,MobileNetV2,Long statement,__init__,111,/Volumes/BrokeExt/NICHE/adobe_antialiased-cnns/antialiased_cnns/mobilenet.py,A line with 135 chars in __init__ exceeds the maximum length of 120 characters.
adobe_antialiased-cnns.antialiased_cnns,mobilenet,,Magic number,mobilenet_v2,164,/Volumes/BrokeExt/NICHE/adobe_antialiased-cnns/antialiased_cnns/mobilenet.py,Magic number 4 used in mobilenet_v2.
adobe_antialiased-cnns.antialiased_cnns,mobilenet,,Magic number,mobilenet_v2,174,/Volumes/BrokeExt/NICHE/adobe_antialiased-cnns/antialiased_cnns/mobilenet.py,Magic number 4 used in mobilenet_v2.
adobe_antialiased-cnns.antialiased_cnns,mobilenet,ConvBNReLU,Magic number,__init__,57,/Volumes/BrokeExt/NICHE/adobe_antialiased-cnns/antialiased_cnns/mobilenet.py,Magic number 3 used in __init__.
adobe_antialiased-cnns.antialiased_cnns,mobilenet,ConvBNReLU,Magic number,__init__,58,/Volumes/BrokeExt/NICHE/adobe_antialiased-cnns/antialiased_cnns/mobilenet.py,Magic number 2 used in __init__.
adobe_antialiased-cnns.antialiased_cnns,mobilenet,InvertedResidual,Magic number,__init__,70,/Volumes/BrokeExt/NICHE/adobe_antialiased-cnns/antialiased_cnns/mobilenet.py,Magic number 2 used in __init__.
adobe_antialiased-cnns.antialiased_cnns,mobilenet,MobileNetV2,Magic number,__init__,106,/Volumes/BrokeExt/NICHE/adobe_antialiased-cnns/antialiased_cnns/mobilenet.py,Magic number 1000 used in __init__.
adobe_antialiased-cnns.antialiased_cnns,mobilenet,MobileNetV2,Magic number,__init__,109,/Volumes/BrokeExt/NICHE/adobe_antialiased-cnns/antialiased_cnns/mobilenet.py,Magic number 32 used in __init__.
adobe_antialiased-cnns.antialiased_cnns,mobilenet,MobileNetV2,Magic number,__init__,110,/Volumes/BrokeExt/NICHE/adobe_antialiased-cnns/antialiased_cnns/mobilenet.py,Magic number 1280 used in __init__.
adobe_antialiased-cnns.antialiased_cnns,mobilenet,MobileNetV2,Magic number,__init__,113,/Volumes/BrokeExt/NICHE/adobe_antialiased-cnns/antialiased_cnns/mobilenet.py,Magic number 16 used in __init__.
adobe_antialiased-cnns.antialiased_cnns,mobilenet,MobileNetV2,Magic number,__init__,114,/Volumes/BrokeExt/NICHE/adobe_antialiased-cnns/antialiased_cnns/mobilenet.py,Magic number 6 used in __init__.
adobe_antialiased-cnns.antialiased_cnns,mobilenet,MobileNetV2,Magic number,__init__,114,/Volumes/BrokeExt/NICHE/adobe_antialiased-cnns/antialiased_cnns/mobilenet.py,Magic number 24 used in __init__.
adobe_antialiased-cnns.antialiased_cnns,mobilenet,MobileNetV2,Magic number,__init__,114,/Volumes/BrokeExt/NICHE/adobe_antialiased-cnns/antialiased_cnns/mobilenet.py,Magic number 2 used in __init__.
adobe_antialiased-cnns.antialiased_cnns,mobilenet,MobileNetV2,Magic number,__init__,114,/Volumes/BrokeExt/NICHE/adobe_antialiased-cnns/antialiased_cnns/mobilenet.py,Magic number 2 used in __init__.
adobe_antialiased-cnns.antialiased_cnns,mobilenet,MobileNetV2,Magic number,__init__,115,/Volumes/BrokeExt/NICHE/adobe_antialiased-cnns/antialiased_cnns/mobilenet.py,Magic number 6 used in __init__.
adobe_antialiased-cnns.antialiased_cnns,mobilenet,MobileNetV2,Magic number,__init__,115,/Volumes/BrokeExt/NICHE/adobe_antialiased-cnns/antialiased_cnns/mobilenet.py,Magic number 32 used in __init__.
adobe_antialiased-cnns.antialiased_cnns,mobilenet,MobileNetV2,Magic number,__init__,115,/Volumes/BrokeExt/NICHE/adobe_antialiased-cnns/antialiased_cnns/mobilenet.py,Magic number 3 used in __init__.
adobe_antialiased-cnns.antialiased_cnns,mobilenet,MobileNetV2,Magic number,__init__,115,/Volumes/BrokeExt/NICHE/adobe_antialiased-cnns/antialiased_cnns/mobilenet.py,Magic number 2 used in __init__.
adobe_antialiased-cnns.antialiased_cnns,mobilenet,MobileNetV2,Magic number,__init__,116,/Volumes/BrokeExt/NICHE/adobe_antialiased-cnns/antialiased_cnns/mobilenet.py,Magic number 6 used in __init__.
adobe_antialiased-cnns.antialiased_cnns,mobilenet,MobileNetV2,Magic number,__init__,116,/Volumes/BrokeExt/NICHE/adobe_antialiased-cnns/antialiased_cnns/mobilenet.py,Magic number 64 used in __init__.
adobe_antialiased-cnns.antialiased_cnns,mobilenet,MobileNetV2,Magic number,__init__,116,/Volumes/BrokeExt/NICHE/adobe_antialiased-cnns/antialiased_cnns/mobilenet.py,Magic number 4 used in __init__.
adobe_antialiased-cnns.antialiased_cnns,mobilenet,MobileNetV2,Magic number,__init__,116,/Volumes/BrokeExt/NICHE/adobe_antialiased-cnns/antialiased_cnns/mobilenet.py,Magic number 2 used in __init__.
adobe_antialiased-cnns.antialiased_cnns,mobilenet,MobileNetV2,Magic number,__init__,117,/Volumes/BrokeExt/NICHE/adobe_antialiased-cnns/antialiased_cnns/mobilenet.py,Magic number 6 used in __init__.
adobe_antialiased-cnns.antialiased_cnns,mobilenet,MobileNetV2,Magic number,__init__,117,/Volumes/BrokeExt/NICHE/adobe_antialiased-cnns/antialiased_cnns/mobilenet.py,Magic number 96 used in __init__.
adobe_antialiased-cnns.antialiased_cnns,mobilenet,MobileNetV2,Magic number,__init__,117,/Volumes/BrokeExt/NICHE/adobe_antialiased-cnns/antialiased_cnns/mobilenet.py,Magic number 3 used in __init__.
adobe_antialiased-cnns.antialiased_cnns,mobilenet,MobileNetV2,Magic number,__init__,118,/Volumes/BrokeExt/NICHE/adobe_antialiased-cnns/antialiased_cnns/mobilenet.py,Magic number 6 used in __init__.
adobe_antialiased-cnns.antialiased_cnns,mobilenet,MobileNetV2,Magic number,__init__,118,/Volumes/BrokeExt/NICHE/adobe_antialiased-cnns/antialiased_cnns/mobilenet.py,Magic number 160 used in __init__.
adobe_antialiased-cnns.antialiased_cnns,mobilenet,MobileNetV2,Magic number,__init__,118,/Volumes/BrokeExt/NICHE/adobe_antialiased-cnns/antialiased_cnns/mobilenet.py,Magic number 3 used in __init__.
adobe_antialiased-cnns.antialiased_cnns,mobilenet,MobileNetV2,Magic number,__init__,118,/Volumes/BrokeExt/NICHE/adobe_antialiased-cnns/antialiased_cnns/mobilenet.py,Magic number 2 used in __init__.
adobe_antialiased-cnns.antialiased_cnns,mobilenet,MobileNetV2,Magic number,__init__,119,/Volumes/BrokeExt/NICHE/adobe_antialiased-cnns/antialiased_cnns/mobilenet.py,Magic number 6 used in __init__.
adobe_antialiased-cnns.antialiased_cnns,mobilenet,MobileNetV2,Magic number,__init__,119,/Volumes/BrokeExt/NICHE/adobe_antialiased-cnns/antialiased_cnns/mobilenet.py,Magic number 320 used in __init__.
adobe_antialiased-cnns.antialiased_cnns,resnet,ResNet,Complex method,__init__,179 - 240,/Volumes/BrokeExt/NICHE/adobe_antialiased-cnns/antialiased_cnns/resnet.py,"Method '__init__' has a cyclomatic complexity of 14, exceeding the max of 6."
adobe_antialiased-cnns.antialiased_cnns,resnet,ResNet,Long method,__init__,179 - 240,/Volumes/BrokeExt/NICHE/adobe_antialiased-cnns/antialiased_cnns/resnet.py,Method '__init__' is too long (51 lines).
adobe_antialiased-cnns.antialiased_cnns,resnet,BasicBlock,Long parameter list,__init__,89 - 109,/Volumes/BrokeExt/NICHE/adobe_antialiased-cnns/antialiased_cnns/resnet.py,"__init__ has 9 parameters, exceeding the max of 5."
adobe_antialiased-cnns.antialiased_cnns,resnet,Bottleneck,Long parameter list,__init__,133 - 152,/Volumes/BrokeExt/NICHE/adobe_antialiased-cnns/antialiased_cnns/resnet.py,"__init__ has 9 parameters, exceeding the max of 5."
adobe_antialiased-cnns.antialiased_cnns,resnet,ResNet,Long parameter list,__init__,179 - 240,/Volumes/BrokeExt/NICHE/adobe_antialiased-cnns/antialiased_cnns/resnet.py,"__init__ has 10 parameters, exceeding the max of 5."
adobe_antialiased-cnns.antialiased_cnns,resnet,ResNet,Long parameter list,_make_layer,242 - 267,/Volumes/BrokeExt/NICHE/adobe_antialiased-cnns/antialiased_cnns/resnet.py,"_make_layer has 6 parameters, exceeding the max of 5."
adobe_antialiased-cnns.antialiased_cnns,resnet,,Long statement,conv3x3,79,/Volumes/BrokeExt/NICHE/adobe_antialiased-cnns/antialiased_cnns/resnet.py,A line with 133 chars in conv3x3 exceeds the maximum length of 120 characters.
adobe_antialiased-cnns.antialiased_cnns,resnet,,Long statement,resnet18,288,/Volumes/BrokeExt/NICHE/adobe_antialiased-cnns/antialiased_cnns/resnet.py,A line with 292 chars in resnet18 exceeds the maximum length of 120 characters.
adobe_antialiased-cnns.antialiased_cnns,resnet,,Long statement,resnet18,297,/Volumes/BrokeExt/NICHE/adobe_antialiased-cnns/antialiased_cnns/resnet.py,A line with 130 chars in resnet18 exceeds the maximum length of 120 characters.
adobe_antialiased-cnns.antialiased_cnns,resnet,,Long statement,resnet18,299,/Volumes/BrokeExt/NICHE/adobe_antialiased-cnns/antialiased_cnns/resnet.py,A line with 138 chars in resnet18 exceeds the maximum length of 120 characters.
adobe_antialiased-cnns.antialiased_cnns,resnet,,Long statement,resnet34,304,/Volumes/BrokeExt/NICHE/adobe_antialiased-cnns/antialiased_cnns/resnet.py,A line with 408 chars in resnet34 exceeds the maximum length of 120 characters.
adobe_antialiased-cnns.antialiased_cnns,resnet,,Long statement,resnet34,314,/Volumes/BrokeExt/NICHE/adobe_antialiased-cnns/antialiased_cnns/resnet.py,A line with 130 chars in resnet34 exceeds the maximum length of 120 characters.
adobe_antialiased-cnns.antialiased_cnns,resnet,,Long statement,resnet34,316,/Volumes/BrokeExt/NICHE/adobe_antialiased-cnns/antialiased_cnns/resnet.py,A line with 138 chars in resnet34 exceeds the maximum length of 120 characters.
adobe_antialiased-cnns.antialiased_cnns,resnet,,Long statement,resnet50,321,/Volumes/BrokeExt/NICHE/adobe_antialiased-cnns/antialiased_cnns/resnet.py,A line with 408 chars in resnet50 exceeds the maximum length of 120 characters.
adobe_antialiased-cnns.antialiased_cnns,resnet,,Long statement,resnet50,331,/Volumes/BrokeExt/NICHE/adobe_antialiased-cnns/antialiased_cnns/resnet.py,A line with 130 chars in resnet50 exceeds the maximum length of 120 characters.
adobe_antialiased-cnns.antialiased_cnns,resnet,,Long statement,resnet50,333,/Volumes/BrokeExt/NICHE/adobe_antialiased-cnns/antialiased_cnns/resnet.py,A line with 138 chars in resnet50 exceeds the maximum length of 120 characters.
adobe_antialiased-cnns.antialiased_cnns,resnet,,Long statement,resnet101,338,/Volumes/BrokeExt/NICHE/adobe_antialiased-cnns/antialiased_cnns/resnet.py,A line with 409 chars in resnet101 exceeds the maximum length of 120 characters.
adobe_antialiased-cnns.antialiased_cnns,resnet,,Long statement,resnet101,348,/Volumes/BrokeExt/NICHE/adobe_antialiased-cnns/antialiased_cnns/resnet.py,A line with 131 chars in resnet101 exceeds the maximum length of 120 characters.
adobe_antialiased-cnns.antialiased_cnns,resnet,,Long statement,resnet101,350,/Volumes/BrokeExt/NICHE/adobe_antialiased-cnns/antialiased_cnns/resnet.py,A line with 139 chars in resnet101 exceeds the maximum length of 120 characters.
adobe_antialiased-cnns.antialiased_cnns,resnet,,Long statement,resnet152,355,/Volumes/BrokeExt/NICHE/adobe_antialiased-cnns/antialiased_cnns/resnet.py,A line with 332 chars in resnet152 exceeds the maximum length of 120 characters.
adobe_antialiased-cnns.antialiased_cnns,resnet,,Long statement,resnet152,364,/Volumes/BrokeExt/NICHE/adobe_antialiased-cnns/antialiased_cnns/resnet.py,A line with 131 chars in resnet152 exceeds the maximum length of 120 characters.
adobe_antialiased-cnns.antialiased_cnns,resnet,,Long statement,resnext50_32x4d,371,/Volumes/BrokeExt/NICHE/adobe_antialiased-cnns/antialiased_cnns/resnet.py,A line with 126 chars in resnext50_32x4d exceeds the maximum length of 120 characters.
adobe_antialiased-cnns.antialiased_cnns,resnet,,Long statement,resnext50_32x4d,374,/Volumes/BrokeExt/NICHE/adobe_antialiased-cnns/antialiased_cnns/resnet.py,A line with 137 chars in resnext50_32x4d exceeds the maximum length of 120 characters.
adobe_antialiased-cnns.antialiased_cnns,resnet,,Long statement,resnext101_32x8d,381,/Volumes/BrokeExt/NICHE/adobe_antialiased-cnns/antialiased_cnns/resnet.py,A line with 127 chars in resnext101_32x8d exceeds the maximum length of 120 characters.
adobe_antialiased-cnns.antialiased_cnns,resnet,,Long statement,resnext101_32x8d,384,/Volumes/BrokeExt/NICHE/adobe_antialiased-cnns/antialiased_cnns/resnet.py,A line with 138 chars in resnext101_32x8d exceeds the maximum length of 120 characters.
adobe_antialiased-cnns.antialiased_cnns,resnet,,Long statement,wide_resnet50_2,391,/Volumes/BrokeExt/NICHE/adobe_antialiased-cnns/antialiased_cnns/resnet.py,A line with 582 chars in wide_resnet50_2 exceeds the maximum length of 120 characters.
adobe_antialiased-cnns.antialiased_cnns,resnet,,Long statement,wide_resnet50_2,406,/Volumes/BrokeExt/NICHE/adobe_antialiased-cnns/antialiased_cnns/resnet.py,A line with 137 chars in wide_resnet50_2 exceeds the maximum length of 120 characters.
adobe_antialiased-cnns.antialiased_cnns,resnet,,Long statement,wide_resnet101_2,412,/Volumes/BrokeExt/NICHE/adobe_antialiased-cnns/antialiased_cnns/resnet.py,A line with 583 chars in wide_resnet101_2 exceeds the maximum length of 120 characters.
adobe_antialiased-cnns.antialiased_cnns,resnet,,Long statement,wide_resnet101_2,427,/Volumes/BrokeExt/NICHE/adobe_antialiased-cnns/antialiased_cnns/resnet.py,A line with 138 chars in wide_resnet101_2 exceeds the maximum length of 120 characters.
adobe_antialiased-cnns.antialiased_cnns,resnet,Bottleneck,Long statement,__init__,147,/Volumes/BrokeExt/NICHE/adobe_antialiased-cnns/antialiased_cnns/resnet.py,A line with 124 chars in __init__ exceeds the maximum length of 120 characters.
adobe_antialiased-cnns.antialiased_cnns,resnet,ResNet,Long statement,__init__,194,/Volumes/BrokeExt/NICHE/adobe_antialiased-cnns/antialiased_cnns/resnet.py,A line with 129 chars in __init__ exceeds the maximum length of 120 characters.
adobe_antialiased-cnns.antialiased_cnns,resnet,ResNet,Long statement,__init__,204,/Volumes/BrokeExt/NICHE/adobe_antialiased-cnns/antialiased_cnns/resnet.py,A line with 128 chars in __init__ exceeds the maximum length of 120 characters.
adobe_antialiased-cnns.antialiased_cnns,resnet,ResNet,Long statement,__init__,210,/Volumes/BrokeExt/NICHE/adobe_antialiased-cnns/antialiased_cnns/resnet.py,A line with 186 chars in __init__ exceeds the maximum length of 120 characters.
adobe_antialiased-cnns.antialiased_cnns,resnet,ResNet,Long statement,__init__,215,/Volumes/BrokeExt/NICHE/adobe_antialiased-cnns/antialiased_cnns/resnet.py,A line with 128 chars in __init__ exceeds the maximum length of 120 characters.
adobe_antialiased-cnns.antialiased_cnns,resnet,ResNet,Long statement,__init__,216,/Volumes/BrokeExt/NICHE/adobe_antialiased-cnns/antialiased_cnns/resnet.py,A line with 128 chars in __init__ exceeds the maximum length of 120 characters.
adobe_antialiased-cnns.antialiased_cnns,resnet,ResNet,Long statement,__init__,217,/Volumes/BrokeExt/NICHE/adobe_antialiased-cnns/antialiased_cnns/resnet.py,A line with 128 chars in __init__ exceeds the maximum length of 120 characters.
adobe_antialiased-cnns.antialiased_cnns,resnet,ResNet,Long statement,_make_layer,258,/Volumes/BrokeExt/NICHE/adobe_antialiased-cnns/antialiased_cnns/resnet.py,A line with 180 chars in _make_layer exceeds the maximum length of 120 characters.
adobe_antialiased-cnns.antialiased_cnns,resnet,ResNet,Long statement,_make_layer,263,/Volumes/BrokeExt/NICHE/adobe_antialiased-cnns/antialiased_cnns/resnet.py,A line with 163 chars in _make_layer exceeds the maximum length of 120 characters.
adobe_antialiased-cnns.antialiased_cnns,resnet,,Long statement,,44,/Volumes/BrokeExt/NICHE/adobe_antialiased-cnns/antialiased_cnns/resnet.py,A line with 160 chars in resnet exceeds the maximum length of 120 characters.
adobe_antialiased-cnns.antialiased_cnns,resnet,,Magic number,resnet18,287,/Volumes/BrokeExt/NICHE/adobe_antialiased-cnns/antialiased_cnns/resnet.py,Magic number 4 used in resnet18.
adobe_antialiased-cnns.antialiased_cnns,resnet,,Magic number,resnet18,296,/Volumes/BrokeExt/NICHE/adobe_antialiased-cnns/antialiased_cnns/resnet.py,Magic number 4 used in resnet18.
adobe_antialiased-cnns.antialiased_cnns,resnet,,Magic number,resnet34,303,/Volumes/BrokeExt/NICHE/adobe_antialiased-cnns/antialiased_cnns/resnet.py,Magic number 4 used in resnet34.
adobe_antialiased-cnns.antialiased_cnns,resnet,,Magic number,resnet34,313,/Volumes/BrokeExt/NICHE/adobe_antialiased-cnns/antialiased_cnns/resnet.py,Magic number 4 used in resnet34.
adobe_antialiased-cnns.antialiased_cnns,resnet,,Magic number,resnet50,320,/Volumes/BrokeExt/NICHE/adobe_antialiased-cnns/antialiased_cnns/resnet.py,Magic number 4 used in resnet50.
adobe_antialiased-cnns.antialiased_cnns,resnet,,Magic number,resnet50,330,/Volumes/BrokeExt/NICHE/adobe_antialiased-cnns/antialiased_cnns/resnet.py,Magic number 4 used in resnet50.
adobe_antialiased-cnns.antialiased_cnns,resnet,,Magic number,resnet101,337,/Volumes/BrokeExt/NICHE/adobe_antialiased-cnns/antialiased_cnns/resnet.py,Magic number 4 used in resnet101.
adobe_antialiased-cnns.antialiased_cnns,resnet,,Magic number,resnet101,347,/Volumes/BrokeExt/NICHE/adobe_antialiased-cnns/antialiased_cnns/resnet.py,Magic number 4 used in resnet101.
adobe_antialiased-cnns.antialiased_cnns,resnet,,Magic number,resnet152,354,/Volumes/BrokeExt/NICHE/adobe_antialiased-cnns/antialiased_cnns/resnet.py,Magic number 4 used in resnet152.
adobe_antialiased-cnns.antialiased_cnns,resnet,,Magic number,resnet152,363,/Volumes/BrokeExt/NICHE/adobe_antialiased-cnns/antialiased_cnns/resnet.py,Magic number 4 used in resnet152.
adobe_antialiased-cnns.antialiased_cnns,resnet,,Magic number,resnext50_32x4d,370,/Volumes/BrokeExt/NICHE/adobe_antialiased-cnns/antialiased_cnns/resnet.py,Magic number 4 used in resnext50_32x4d.
adobe_antialiased-cnns.antialiased_cnns,resnet,,Magic number,resnext50_32x4d,373,/Volumes/BrokeExt/NICHE/adobe_antialiased-cnns/antialiased_cnns/resnet.py,Magic number 4 used in resnext50_32x4d.
adobe_antialiased-cnns.antialiased_cnns,resnet,,Magic number,resnext101_32x8d,380,/Volumes/BrokeExt/NICHE/adobe_antialiased-cnns/antialiased_cnns/resnet.py,Magic number 4 used in resnext101_32x8d.
adobe_antialiased-cnns.antialiased_cnns,resnet,,Magic number,resnext101_32x8d,383,/Volumes/BrokeExt/NICHE/adobe_antialiased-cnns/antialiased_cnns/resnet.py,Magic number 4 used in resnext101_32x8d.
adobe_antialiased-cnns.antialiased_cnns,resnet,,Magic number,wide_resnet50_2,390,/Volumes/BrokeExt/NICHE/adobe_antialiased-cnns/antialiased_cnns/resnet.py,Magic number 4 used in wide_resnet50_2.
adobe_antialiased-cnns.antialiased_cnns,resnet,,Magic number,wide_resnet50_2,405,/Volumes/BrokeExt/NICHE/adobe_antialiased-cnns/antialiased_cnns/resnet.py,Magic number 4 used in wide_resnet50_2.
adobe_antialiased-cnns.antialiased_cnns,resnet,,Magic number,wide_resnet101_2,411,/Volumes/BrokeExt/NICHE/adobe_antialiased-cnns/antialiased_cnns/resnet.py,Magic number 4 used in wide_resnet101_2.
adobe_antialiased-cnns.antialiased_cnns,resnet,,Magic number,wide_resnet101_2,426,/Volumes/BrokeExt/NICHE/adobe_antialiased-cnns/antialiased_cnns/resnet.py,Magic number 4 used in wide_resnet101_2.
adobe_antialiased-cnns.antialiased_cnns,resnet,BasicBlock,Magic number,__init__,90,/Volumes/BrokeExt/NICHE/adobe_antialiased-cnns/antialiased_cnns/resnet.py,Magic number 64 used in __init__.
adobe_antialiased-cnns.antialiased_cnns,resnet,BasicBlock,Magic number,__init__,94,/Volumes/BrokeExt/NICHE/adobe_antialiased-cnns/antialiased_cnns/resnet.py,Magic number 64 used in __init__.
adobe_antialiased-cnns.antialiased_cnns,resnet,Bottleneck,Magic number,__init__,134,/Volumes/BrokeExt/NICHE/adobe_antialiased-cnns/antialiased_cnns/resnet.py,Magic number 64 used in __init__.
adobe_antialiased-cnns.antialiased_cnns,resnet,ResNet,Magic number,__init__,179,/Volumes/BrokeExt/NICHE/adobe_antialiased-cnns/antialiased_cnns/resnet.py,Magic number 1000 used in __init__.
adobe_antialiased-cnns.antialiased_cnns,resnet,ResNet,Magic number,__init__,180,/Volumes/BrokeExt/NICHE/adobe_antialiased-cnns/antialiased_cnns/resnet.py,Magic number 64 used in __init__.
adobe_antialiased-cnns.antialiased_cnns,resnet,ResNet,Magic number,__init__,187,/Volumes/BrokeExt/NICHE/adobe_antialiased-cnns/antialiased_cnns/resnet.py,Magic number 64 used in __init__.
adobe_antialiased-cnns.antialiased_cnns,resnet,ResNet,Magic number,__init__,193,/Volumes/BrokeExt/NICHE/adobe_antialiased-cnns/antialiased_cnns/resnet.py,Magic number 3 used in __init__.
adobe_antialiased-cnns.antialiased_cnns,vgg,VGG,Complex method,_initialize_weights,97 - 112,/Volumes/BrokeExt/NICHE/adobe_antialiased-cnns/antialiased_cnns/vgg.py,"Method '_initialize_weights' has a cyclomatic complexity of 8, exceeding the max of 6."
adobe_antialiased-cnns.antialiased_cnns,vgg,,Long statement,vgg11,150,/Volumes/BrokeExt/NICHE/adobe_antialiased-cnns/antialiased_cnns/vgg.py,A line with 127 chars in vgg11 exceeds the maximum length of 120 characters.
adobe_antialiased-cnns.antialiased_cnns,vgg,,Long statement,vgg11_bn,157,/Volumes/BrokeExt/NICHE/adobe_antialiased-cnns/antialiased_cnns/vgg.py,A line with 141 chars in vgg11_bn exceeds the maximum length of 120 characters.
adobe_antialiased-cnns.antialiased_cnns,vgg,,Long statement,vgg11_bn,167,/Volumes/BrokeExt/NICHE/adobe_antialiased-cnns/antialiased_cnns/vgg.py,A line with 130 chars in vgg11_bn exceeds the maximum length of 120 characters.
adobe_antialiased-cnns.antialiased_cnns,vgg,,Long statement,vgg13,184,/Volumes/BrokeExt/NICHE/adobe_antialiased-cnns/antialiased_cnns/vgg.py,A line with 127 chars in vgg13 exceeds the maximum length of 120 characters.
adobe_antialiased-cnns.antialiased_cnns,vgg,,Long statement,vgg13_bn,191,/Volumes/BrokeExt/NICHE/adobe_antialiased-cnns/antialiased_cnns/vgg.py,A line with 141 chars in vgg13_bn exceeds the maximum length of 120 characters.
adobe_antialiased-cnns.antialiased_cnns,vgg,,Long statement,vgg13_bn,201,/Volumes/BrokeExt/NICHE/adobe_antialiased-cnns/antialiased_cnns/vgg.py,A line with 130 chars in vgg13_bn exceeds the maximum length of 120 characters.
adobe_antialiased-cnns.antialiased_cnns,vgg,,Long statement,vgg16,208,/Volumes/BrokeExt/NICHE/adobe_antialiased-cnns/antialiased_cnns/vgg.py,A line with 193 chars in vgg16 exceeds the maximum length of 120 characters.
adobe_antialiased-cnns.antialiased_cnns,vgg,,Long statement,vgg16,219,/Volumes/BrokeExt/NICHE/adobe_antialiased-cnns/antialiased_cnns/vgg.py,A line with 127 chars in vgg16 exceeds the maximum length of 120 characters.
adobe_antialiased-cnns.antialiased_cnns,vgg,,Long statement,vgg16,221,/Volumes/BrokeExt/NICHE/adobe_antialiased-cnns/antialiased_cnns/vgg.py,A line with 135 chars in vgg16 exceeds the maximum length of 120 characters.
adobe_antialiased-cnns.antialiased_cnns,vgg,,Long statement,vgg16_bn,226,/Volumes/BrokeExt/NICHE/adobe_antialiased-cnns/antialiased_cnns/vgg.py,A line with 218 chars in vgg16_bn exceeds the maximum length of 120 characters.
adobe_antialiased-cnns.antialiased_cnns,vgg,,Long statement,vgg16_bn,237,/Volumes/BrokeExt/NICHE/adobe_antialiased-cnns/antialiased_cnns/vgg.py,A line with 130 chars in vgg16_bn exceeds the maximum length of 120 characters.
adobe_antialiased-cnns.antialiased_cnns,vgg,,Long statement,vgg16_bn,239,/Volumes/BrokeExt/NICHE/adobe_antialiased-cnns/antialiased_cnns/vgg.py,A line with 138 chars in vgg16_bn exceeds the maximum length of 120 characters.
adobe_antialiased-cnns.antialiased_cnns,vgg,,Long statement,vgg19,254,/Volumes/BrokeExt/NICHE/adobe_antialiased-cnns/antialiased_cnns/vgg.py,A line with 127 chars in vgg19 exceeds the maximum length of 120 characters.
adobe_antialiased-cnns.antialiased_cnns,vgg,,Long statement,vgg19_bn,261,/Volumes/BrokeExt/NICHE/adobe_antialiased-cnns/antialiased_cnns/vgg.py,A line with 141 chars in vgg19_bn exceeds the maximum length of 120 characters.
adobe_antialiased-cnns.antialiased_cnns,vgg,,Long statement,vgg19_bn,271,/Volumes/BrokeExt/NICHE/adobe_antialiased-cnns/antialiased_cnns/vgg.py,A line with 130 chars in vgg19_bn exceeds the maximum length of 120 characters.
adobe_antialiased-cnns.antialiased_cnns,vgg,VGG,Long statement,__init__,77,/Volumes/BrokeExt/NICHE/adobe_antialiased-cnns/antialiased_cnns/vgg.py,A line with 176 chars in __init__ exceeds the maximum length of 120 characters.
adobe_antialiased-cnns.antialiased_cnns,vgg,,Magic number,make_layers,117,/Volumes/BrokeExt/NICHE/adobe_antialiased-cnns/antialiased_cnns/vgg.py,Magic number 3 used in make_layers.
adobe_antialiased-cnns.antialiased_cnns,vgg,,Magic number,vgg11,139,/Volumes/BrokeExt/NICHE/adobe_antialiased-cnns/antialiased_cnns/vgg.py,Magic number 4 used in vgg11.
adobe_antialiased-cnns.antialiased_cnns,vgg,,Magic number,vgg11,149,/Volumes/BrokeExt/NICHE/adobe_antialiased-cnns/antialiased_cnns/vgg.py,Magic number 4 used in vgg11.
adobe_antialiased-cnns.antialiased_cnns,vgg,,Magic number,vgg11_bn,156,/Volumes/BrokeExt/NICHE/adobe_antialiased-cnns/antialiased_cnns/vgg.py,Magic number 4 used in vgg11_bn.
adobe_antialiased-cnns.antialiased_cnns,vgg,,Magic number,vgg11_bn,166,/Volumes/BrokeExt/NICHE/adobe_antialiased-cnns/antialiased_cnns/vgg.py,Magic number 4 used in vgg11_bn.
adobe_antialiased-cnns.antialiased_cnns,vgg,,Magic number,vgg13,173,/Volumes/BrokeExt/NICHE/adobe_antialiased-cnns/antialiased_cnns/vgg.py,Magic number 4 used in vgg13.
adobe_antialiased-cnns.antialiased_cnns,vgg,,Magic number,vgg13,183,/Volumes/BrokeExt/NICHE/adobe_antialiased-cnns/antialiased_cnns/vgg.py,Magic number 4 used in vgg13.
adobe_antialiased-cnns.antialiased_cnns,vgg,,Magic number,vgg13_bn,190,/Volumes/BrokeExt/NICHE/adobe_antialiased-cnns/antialiased_cnns/vgg.py,Magic number 4 used in vgg13_bn.
adobe_antialiased-cnns.antialiased_cnns,vgg,,Magic number,vgg13_bn,200,/Volumes/BrokeExt/NICHE/adobe_antialiased-cnns/antialiased_cnns/vgg.py,Magic number 4 used in vgg13_bn.
adobe_antialiased-cnns.antialiased_cnns,vgg,,Magic number,vgg16,207,/Volumes/BrokeExt/NICHE/adobe_antialiased-cnns/antialiased_cnns/vgg.py,Magic number 4 used in vgg16.
adobe_antialiased-cnns.antialiased_cnns,vgg,,Magic number,vgg16,218,/Volumes/BrokeExt/NICHE/adobe_antialiased-cnns/antialiased_cnns/vgg.py,Magic number 4 used in vgg16.
adobe_antialiased-cnns.antialiased_cnns,vgg,,Magic number,vgg16_bn,225,/Volumes/BrokeExt/NICHE/adobe_antialiased-cnns/antialiased_cnns/vgg.py,Magic number 4 used in vgg16_bn.
adobe_antialiased-cnns.antialiased_cnns,vgg,,Magic number,vgg16_bn,236,/Volumes/BrokeExt/NICHE/adobe_antialiased-cnns/antialiased_cnns/vgg.py,Magic number 4 used in vgg16_bn.
adobe_antialiased-cnns.antialiased_cnns,vgg,,Magic number,vgg19,243,/Volumes/BrokeExt/NICHE/adobe_antialiased-cnns/antialiased_cnns/vgg.py,Magic number 4 used in vgg19.
adobe_antialiased-cnns.antialiased_cnns,vgg,,Magic number,vgg19,253,/Volumes/BrokeExt/NICHE/adobe_antialiased-cnns/antialiased_cnns/vgg.py,Magic number 4 used in vgg19.
adobe_antialiased-cnns.antialiased_cnns,vgg,,Magic number,vgg19_bn,260,/Volumes/BrokeExt/NICHE/adobe_antialiased-cnns/antialiased_cnns/vgg.py,Magic number 4 used in vgg19_bn.
adobe_antialiased-cnns.antialiased_cnns,vgg,,Magic number,vgg19_bn,270,/Volumes/BrokeExt/NICHE/adobe_antialiased-cnns/antialiased_cnns/vgg.py,Magic number 4 used in vgg19_bn.
adobe_antialiased-cnns.antialiased_cnns,vgg,VGG,Magic number,__init__,73,/Volumes/BrokeExt/NICHE/adobe_antialiased-cnns/antialiased_cnns/vgg.py,Magic number 1000 used in __init__.
adobe_antialiased-cnns.plots,make_plots,,Long statement,,40,/Volumes/BrokeExt/NICHE/adobe_antialiased-cnns/plots/make_plots.py,A line with 203 chars in make_plots exceeds the maximum length of 120 characters.
adobe_antialiased-cnns.plots,make_plots,,Long statement,,49,/Volumes/BrokeExt/NICHE/adobe_antialiased-cnns/plots/make_plots.py,A line with 144 chars in make_plots exceeds the maximum length of 120 characters.
adobe_antialiased-cnns.plots,make_plots,,Long statement,,57,/Volumes/BrokeExt/NICHE/adobe_antialiased-cnns/plots/make_plots.py,A line with 164 chars in make_plots exceeds the maximum length of 120 characters.
adobe_antialiased-cnns.plots,make_plots,,Long statement,,58,/Volumes/BrokeExt/NICHE/adobe_antialiased-cnns/plots/make_plots.py,A line with 241 chars in make_plots exceeds the maximum length of 120 characters.
adobe_antialiased-cnns.plots,make_plots,,Long statement,,70,/Volumes/BrokeExt/NICHE/adobe_antialiased-cnns/plots/make_plots.py,A line with 172 chars in make_plots exceeds the maximum length of 120 characters.
adobe_antialiased-cnns.plots,make_plots,,Long statement,,77,/Volumes/BrokeExt/NICHE/adobe_antialiased-cnns/plots/make_plots.py,A line with 167 chars in make_plots exceeds the maximum length of 120 characters.
adobe_antialiased-cnns.plots,make_plots,,Long statement,,80,/Volumes/BrokeExt/NICHE/adobe_antialiased-cnns/plots/make_plots.py,A line with 129 chars in make_plots exceeds the maximum length of 120 characters.
adobe_antialiased-cnns.plots,make_plots,,Long statement,,81,/Volumes/BrokeExt/NICHE/adobe_antialiased-cnns/plots/make_plots.py,A line with 132 chars in make_plots exceeds the maximum length of 120 characters.
adobe_antialiased-cnns.plots,make_plots,,Long statement,,82,/Volumes/BrokeExt/NICHE/adobe_antialiased-cnns/plots/make_plots.py,A line with 141 chars in make_plots exceeds the maximum length of 120 characters.
adobe_antialiased-cnns.plots,make_plots,,Long statement,,83,/Volumes/BrokeExt/NICHE/adobe_antialiased-cnns/plots/make_plots.py,A line with 134 chars in make_plots exceeds the maximum length of 120 characters.
adobe_antialiased-cnns.plots,make_plots,,Long statement,,84,/Volumes/BrokeExt/NICHE/adobe_antialiased-cnns/plots/make_plots.py,A line with 135 chars in make_plots exceeds the maximum length of 120 characters.
adobe_antialiased-cnns.plots,make_plots,,Long statement,,85,/Volumes/BrokeExt/NICHE/adobe_antialiased-cnns/plots/make_plots.py,A line with 134 chars in make_plots exceeds the maximum length of 120 characters.
adobe_antialiased-cnns.plots,make_plots,,Long statement,,86,/Volumes/BrokeExt/NICHE/adobe_antialiased-cnns/plots/make_plots.py,A line with 136 chars in make_plots exceeds the maximum length of 120 characters.
adobe_antialiased-cnns.plots,make_plots,,Long statement,,87,/Volumes/BrokeExt/NICHE/adobe_antialiased-cnns/plots/make_plots.py,A line with 139 chars in make_plots exceeds the maximum length of 120 characters.
adobe_antialiased-cnns.plots,make_plots,,Long statement,,100,/Volumes/BrokeExt/NICHE/adobe_antialiased-cnns/plots/make_plots.py,A line with 149 chars in make_plots exceeds the maximum length of 120 characters.
adobe_antialiased-cnns.plots,make_plots,,Long statement,,118,/Volumes/BrokeExt/NICHE/adobe_antialiased-cnns/plots/make_plots.py,A line with 175 chars in make_plots exceeds the maximum length of 120 characters.
adobe_antialiased-cnns.plots,make_plots,,Long statement,,125,/Volumes/BrokeExt/NICHE/adobe_antialiased-cnns/plots/make_plots.py,A line with 167 chars in make_plots exceeds the maximum length of 120 characters.
adobe_antialiased-cnns.plots,make_plots,,Long statement,,140,/Volumes/BrokeExt/NICHE/adobe_antialiased-cnns/plots/make_plots.py,A line with 175 chars in make_plots exceeds the maximum length of 120 characters.
adobe_antialiased-cnns.plots,make_plots,,Long statement,,146,/Volumes/BrokeExt/NICHE/adobe_antialiased-cnns/plots/make_plots.py,A line with 167 chars in make_plots exceeds the maximum length of 120 characters.
adobe_antialiased-cnns.plots,make_plots,,Long statement,,148,/Volumes/BrokeExt/NICHE/adobe_antialiased-cnns/plots/make_plots.py,A line with 135 chars in make_plots exceeds the maximum length of 120 characters.
adobe_antialiased-cnns.plots,make_plots,,Long statement,,149,/Volumes/BrokeExt/NICHE/adobe_antialiased-cnns/plots/make_plots.py,A line with 127 chars in make_plots exceeds the maximum length of 120 characters.
adobe_antialiased-cnns.plots,make_plots,,Long statement,,150,/Volumes/BrokeExt/NICHE/adobe_antialiased-cnns/plots/make_plots.py,A line with 141 chars in make_plots exceeds the maximum length of 120 characters.
adobe_antialiased-cnns.plots,make_plots,,Long statement,,151,/Volumes/BrokeExt/NICHE/adobe_antialiased-cnns/plots/make_plots.py,A line with 134 chars in make_plots exceeds the maximum length of 120 characters.
adobe_antialiased-cnns.plots,make_plots,,Long statement,,161,/Volumes/BrokeExt/NICHE/adobe_antialiased-cnns/plots/make_plots.py,A line with 132 chars in make_plots exceeds the maximum length of 120 characters.
adobe_antialiased-cnns.plots,make_plots,,Long statement,,162,/Volumes/BrokeExt/NICHE/adobe_antialiased-cnns/plots/make_plots.py,A line with 151 chars in make_plots exceeds the maximum length of 120 characters.
adobe_antialiased-cnns.plots,make_plots,,Long statement,,163,/Volumes/BrokeExt/NICHE/adobe_antialiased-cnns/plots/make_plots.py,A line with 140 chars in make_plots exceeds the maximum length of 120 characters.
adobe_antialiased-cnns.plots,make_plots2,,Long statement,,5,/Volumes/BrokeExt/NICHE/adobe_antialiased-cnns/plots/make_plots2.py,A line with 164 chars in make_plots2 exceeds the maximum length of 120 characters.
