Package,Module,Class,Function,LOC,CC,PC
adobe_antialiased-cnns,main,AverageMeter,__init__,2,1,0
adobe_antialiased-cnns,main,AverageMeter,reset,5,1,0
adobe_antialiased-cnns,main,AverageMeter,update,5,1,2
adobe_antialiased-cnns,main,,main,30,8,0
adobe_antialiased-cnns,main,,main_worker,193,38,3
adobe_antialiased-cnns,main,,train,68,7,6
adobe_antialiased-cnns,main,,validate,49,5,4
adobe_antialiased-cnns,main,,validate_shift,37,5,3
adobe_antialiased-cnns,main,,validate_diagonal,59,5,3
adobe_antialiased-cnns,main,,validate_save,6,2,4
adobe_antialiased-cnns,main,,save_checkpoint,6,3,4
adobe_antialiased-cnns,main,,adjust_learning_rate,4,2,3
adobe_antialiased-cnns,main,,accuracy,14,2,3
adobe_antialiased-cnns,main,,agreement,6,1,2
adobe_antialiased-cnns.antialiased_cnns,alexnet,AlexNet,__init__,38,3,4
adobe_antialiased-cnns.antialiased_cnns,alexnet,AlexNet,forward,6,1,1
adobe_antialiased-cnns.antialiased_cnns,alexnet,AlexNetNMP,__init__,27,1,2
adobe_antialiased-cnns.antialiased_cnns,alexnet,AlexNetNMP,forward,6,1,1
adobe_antialiased-cnns.antialiased_cnns,alexnet,,alexnet,9,4,3
adobe_antialiased-cnns.antialiased_cnns,alexnet,,alexnetnmp,4,1,1
adobe_antialiased-cnns.antialiased_cnns,blurpool,BlurPool,__init__,27,8,5
adobe_antialiased-cnns.antialiased_cnns,blurpool,BlurPool,forward,8,1,1
adobe_antialiased-cnns.antialiased_cnns,blurpool,BlurPool1D,__init__,27,8,5
adobe_antialiased-cnns.antialiased_cnns,blurpool,BlurPool1D,forward,8,1,1
adobe_antialiased-cnns.antialiased_cnns,blurpool,,get_pad_layer,10,4,1
adobe_antialiased-cnns.antialiased_cnns,blurpool,,get_pad_layer_1d,10,4,1
adobe_antialiased-cnns.antialiased_cnns,densenet,_DenseLayer,__init__,11,1,4
adobe_antialiased-cnns.antialiased_cnns,densenet,_DenseLayer,forward,5,2,1
adobe_antialiased-cnns.antialiased_cnns,densenet,_DenseBlock,__init__,5,2,5
adobe_antialiased-cnns.antialiased_cnns,densenet,_Transition,__init__,7,1,3
adobe_antialiased-cnns.antialiased_cnns,densenet,DenseNet,__init__,43,10,8
adobe_antialiased-cnns.antialiased_cnns,densenet,DenseNet,forward,6,1,1
adobe_antialiased-cnns.antialiased_cnns,densenet,,_load_state_dict,11,3,2
adobe_antialiased-cnns.antialiased_cnns,densenet,,densenet121,10,4,4
adobe_antialiased-cnns.antialiased_cnns,densenet,,densenet169,10,3,4
adobe_antialiased-cnns.antialiased_cnns,densenet,,densenet201,10,3,4
adobe_antialiased-cnns.antialiased_cnns,densenet,,densenet161,10,3,4
adobe_antialiased-cnns.antialiased_cnns,mobilenet,ConvBNReLU,__init__,7,1,5
adobe_antialiased-cnns.antialiased_cnns,mobilenet,InvertedResidual,__init__,28,4,5
adobe_antialiased-cnns.antialiased_cnns,mobilenet,InvertedResidual,forward,5,1,1
adobe_antialiased-cnns.antialiased_cnns,mobilenet,MobileNetV2,__init__,41,8,3
adobe_antialiased-cnns.antialiased_cnns,mobilenet,MobileNetV2,forward,5,1,1
adobe_antialiased-cnns.antialiased_cnns,mobilenet,,mobilenet_v2,10,4,3
adobe_antialiased-cnns.antialiased_cnns,resnet,BasicBlock,__init__,19,6,9
adobe_antialiased-cnns.antialiased_cnns,resnet,BasicBlock,forward,12,2,1
adobe_antialiased-cnns.antialiased_cnns,resnet,Bottleneck,__init__,18,3,9
adobe_antialiased-cnns.antialiased_cnns,resnet,Bottleneck,forward,15,2,1
adobe_antialiased-cnns.antialiased_cnns,resnet,ResNet,__init__,51,14,10
adobe_antialiased-cnns.antialiased_cnns,resnet,ResNet,_make_layer,24,5,6
adobe_antialiased-cnns.antialiased_cnns,resnet,ResNet,forward,13,1,1
adobe_antialiased-cnns.antialiased_cnns,resnet,,conv3x3,3,1,5
adobe_antialiased-cnns.antialiased_cnns,resnet,,conv1x1,2,1,3
adobe_antialiased-cnns.antialiased_cnns,resnet,,resnet18,9,4,4
adobe_antialiased-cnns.antialiased_cnns,resnet,,resnet34,9,4,4
adobe_antialiased-cnns.antialiased_cnns,resnet,,resnet50,9,4,4
adobe_antialiased-cnns.antialiased_cnns,resnet,,resnet101,9,4,4
adobe_antialiased-cnns.antialiased_cnns,resnet,,resnet152,9,3,4
adobe_antialiased-cnns.antialiased_cnns,resnet,,resnext50_32x4d,8,3,4
adobe_antialiased-cnns.antialiased_cnns,resnet,,resnext101_32x8d,8,3,4
adobe_antialiased-cnns.antialiased_cnns,resnet,,wide_resnet50_2,9,3,3
adobe_antialiased-cnns.antialiased_cnns,resnet,,wide_resnet101_2,9,3,3
adobe_antialiased-cnns.antialiased_cnns,util,,copy_params,7,2,2
adobe_antialiased-cnns.antialiased_cnns,util,,copy_buffers,13,5,2
adobe_antialiased-cnns.antialiased_cnns,util,,copy_params_buffers,3,1,2
adobe_antialiased-cnns.antialiased_cnns,vgg,VGG,__init__,15,2,3
adobe_antialiased-cnns.antialiased_cnns,vgg,VGG,forward,6,1,1
adobe_antialiased-cnns.antialiased_cnns,vgg,VGG,_initialize_weights,16,8,0
adobe_antialiased-cnns.antialiased_cnns,vgg,,make_layers,15,4,3
adobe_antialiased-cnns.antialiased_cnns,vgg,,vgg11,11,4,3
adobe_antialiased-cnns.antialiased_cnns,vgg,,vgg11_bn,11,4,3
adobe_antialiased-cnns.antialiased_cnns,vgg,,vgg13,11,4,3
adobe_antialiased-cnns.antialiased_cnns,vgg,,vgg13_bn,11,4,3
adobe_antialiased-cnns.antialiased_cnns,vgg,,vgg16,11,5,3
adobe_antialiased-cnns.antialiased_cnns,vgg,,vgg16_bn,11,4,3
adobe_antialiased-cnns.antialiased_cnns,vgg,,vgg19,11,4,3
adobe_antialiased-cnns.antialiased_cnns,vgg,,vgg19_bn,11,4,3
