Package,Module,Smell,Class/Module,Line no,File,Details
kerlomz_captcha_platform,deploy.conf,Broken modularization,deploy.conf,1,/Volumes/BrokeExt/NICHE/kerlomz_captcha_platform/deploy.conf.py,Module 'deploy.conf' contains only data members without any method implementations.
kerlomz_captcha_platform,tornado_server,Broken hierarchy,NoAuthHandler,114,/Volumes/BrokeExt/NICHE/kerlomz_captcha_platform/tornado_server.py,Class 'NoAuthHandler' and its superclass 'BaseHandler' may not share a proper 'IS-A' relationship.
kerlomz_captcha_platform,tornado_server,Broken hierarchy,SimpleHandler,439,/Volumes/BrokeExt/NICHE/kerlomz_captcha_platform/tornado_server.py,Class 'SimpleHandler' and its superclass 'BaseHandler' may not share a proper 'IS-A' relationship.
kerlomz_captcha_platform,tornado_server,Broken hierarchy,ServiceHandler,510,/Volumes/BrokeExt/NICHE/kerlomz_captcha_platform/tornado_server.py,Class 'ServiceHandler' and its superclass 'BaseHandler' may not share a proper 'IS-A' relationship.
kerlomz_captcha_platform,tornado_server,Broken hierarchy,HeartBeatHandler,530,/Volumes/BrokeExt/NICHE/kerlomz_captcha_platform/tornado_server.py,Class 'HeartBeatHandler' and its superclass 'BaseHandler' may not share a proper 'IS-A' relationship.
kerlomz_captcha_platform,tornado_server,Multifaceted abstraction,tornado_server,1,/Volumes/BrokeExt/NICHE/kerlomz_captcha_platform/tornado_server.py,"Class 'tornado_server' has a high LCOM value of 1, indicating it may have multiple responsibilities."
kerlomz_captcha_platform,utils,Multifaceted abstraction,SystemUtils,247,/Volumes/BrokeExt/NICHE/kerlomz_captcha_platform/utils.py,"Class 'SystemUtils' has a high LCOM value of 1, indicating it may have multiple responsibilities."
kerlomz_captcha_platform.middleware.impl,color_extractor,Broken modularization,TargetColor,15,/Volumes/BrokeExt/NICHE/kerlomz_captcha_platform/middleware/impl/color_extractor.py,Class 'TargetColor' contains only data members without any method implementations.
kerlomz_captcha_platform.sdk.onnx,sdk,Broken modularization,GraphSession,413,/Volumes/BrokeExt/NICHE/kerlomz_captcha_platform/sdk/onnx/sdk.py,Class 'GraphSession' contains only data members without any method implementations.
