Package,Module,Class,Function,LOC,CC,PC
Kaixhin_Rainbow,agent,Agent,__init__,30,6,2
Kaixhin_Rainbow,agent,Agent,reset_noise,2,1,0
Kaixhin_Rainbow,agent,Agent,act,3,1,1
Kaixhin_Rainbow,agent,Agent,act_e_greedy,2,1,2
Kaixhin_Rainbow,agent,Agent,learn,34,1,1
Kaixhin_Rainbow,agent,Agent,update_target_net,2,1,0
Kaixhin_Rainbow,agent,Agent,save,2,1,2
Kaixhin_Rainbow,agent,Agent,evaluate_q,3,1,1
Kaixhin_Rainbow,agent,Agent,train,2,1,0
Kaixhin_Rainbow,agent,Agent,eval,2,1,0
Kaixhin_Rainbow,env,Env,__init__,16,1,1
Kaixhin_Rainbow,env,Env,_get_state,3,1,0
Kaixhin_Rainbow,env,Env,_reset_buffer,3,2,0
Kaixhin_Rainbow,env,Env,reset,17,4,0
Kaixhin_Rainbow,env,Env,step,21,8,1
Kaixhin_Rainbow,env,Env,train,2,1,0
Kaixhin_Rainbow,env,Env,eval,2,1,0
Kaixhin_Rainbow,env,Env,action_space,2,1,0
Kaixhin_Rainbow,env,Env,render,3,1,0
Kaixhin_Rainbow,env,Env,close,2,1,0
Kaixhin_Rainbow,main,,log,2,1,1
Kaixhin_Rainbow,main,,load_memory,7,1,2
Kaixhin_Rainbow,main,,save_memory,7,2,3
Kaixhin_Rainbow,memory,SegmentTree,__init__,8,1,1
Kaixhin_Rainbow,memory,SegmentTree,_update_nodes,3,1,1
Kaixhin_Rainbow,memory,SegmentTree,_propagate,6,2,1
Kaixhin_Rainbow,memory,SegmentTree,_propagate_index,6,2,1
Kaixhin_Rainbow,memory,SegmentTree,update,5,1,2
Kaixhin_Rainbow,memory,SegmentTree,_update_index,4,1,2
Kaixhin_Rainbow,memory,SegmentTree,append,6,2,2
Kaixhin_Rainbow,memory,SegmentTree,_retrieve,12,2,2
Kaixhin_Rainbow,memory,SegmentTree,find,4,1,1
Kaixhin_Rainbow,memory,SegmentTree,get,2,1,1
Kaixhin_Rainbow,memory,SegmentTree,total,2,1,0
Kaixhin_Rainbow,memory,ReplayMemory,__init__,11,1,2
Kaixhin_Rainbow,memory,ReplayMemory,append,4,1,4
Kaixhin_Rainbow,memory,ReplayMemory,_get_transitions,11,3,1
Kaixhin_Rainbow,memory,ReplayMemory,_get_samples_from_segments,18,4,2
Kaixhin_Rainbow,memory,ReplayMemory,sample,8,1,1
Kaixhin_Rainbow,memory,ReplayMemory,update_priorities,3,1,2
Kaixhin_Rainbow,memory,ReplayMemory,__iter__,3,1,0
Kaixhin_Rainbow,memory,ReplayMemory,__next__,12,3,0
Kaixhin_Rainbow,model,NoisyLinear,__init__,13,1,3
Kaixhin_Rainbow,model,NoisyLinear,reset_parameters,6,1,0
Kaixhin_Rainbow,model,NoisyLinear,_scale_noise,3,1,1
Kaixhin_Rainbow,model,NoisyLinear,reset_noise,5,1,0
Kaixhin_Rainbow,model,NoisyLinear,forward,5,1,1
Kaixhin_Rainbow,model,DQN,__init__,17,3,2
Kaixhin_Rainbow,model,DQN,forward,12,2,2
Kaixhin_Rainbow,model,DQN,reset_noise,4,3,0
Kaixhin_Rainbow,test,,test,39,9,7
Kaixhin_Rainbow,test,,_plot_line,14,1,4
