Package,Module,Class,Function,LOC,CC,PC
udacity_CarND-Capstone.ros.src.camera_info_publisher,yaml_to_camera_info_publisher,,yaml_to_CameraInfo,13,1,1
udacity_CarND-Capstone.ros.src.styx,bridge,Bridge,__init__,18,1,2
udacity_CarND-Capstone.ros.src.styx,bridge,Bridge,create_light,8,1,5
udacity_CarND-Capstone.ros.src.styx,bridge,Bridge,create_pose,11,1,4
udacity_CarND-Capstone.ros.src.styx,bridge,Bridge,create_float,4,1,1
udacity_CarND-Capstone.ros.src.styx,bridge,Bridge,create_twist,5,1,2
udacity_CarND-Capstone.ros.src.styx,bridge,Bridge,create_steer,6,1,1
udacity_CarND-Capstone.ros.src.styx,bridge,Bridge,calc_angular,7,2,1
udacity_CarND-Capstone.ros.src.styx,bridge,Bridge,create_point_cloud_message,6,1,1
udacity_CarND-Capstone.ros.src.styx,bridge,Bridge,broadcast_transform,7,1,3
udacity_CarND-Capstone.ros.src.styx,bridge,Bridge,publish_odometry,9,1,1
udacity_CarND-Capstone.ros.src.styx,bridge,Bridge,publish_controls,5,1,1
udacity_CarND-Capstone.ros.src.styx,bridge,Bridge,publish_obstacles,9,2,1
udacity_CarND-Capstone.ros.src.styx,bridge,Bridge,publish_lidar,2,1,1
udacity_CarND-Capstone.ros.src.styx,bridge,Bridge,publish_traffic,10,1,1
udacity_CarND-Capstone.ros.src.styx,bridge,Bridge,publish_dbw_status,2,1,1
udacity_CarND-Capstone.ros.src.styx,bridge,Bridge,publish_camera,9,2,1
udacity_CarND-Capstone.ros.src.styx,bridge,Bridge,callback_steering,2,1,1
udacity_CarND-Capstone.ros.src.styx,bridge,Bridge,callback_throttle,2,1,1
udacity_CarND-Capstone.ros.src.styx,bridge,Bridge,callback_brake,2,1,1
udacity_CarND-Capstone.ros.src.styx,bridge,Bridge,callback_path,12,2,1
udacity_CarND-Capstone.ros.src.styx,server,,connect,2,1,2
udacity_CarND-Capstone.ros.src.styx,server,,send,2,1,2
udacity_CarND-Capstone.ros.src.styx,server,,telemetry,6,2,2
udacity_CarND-Capstone.ros.src.styx,server,,control,2,1,2
udacity_CarND-Capstone.ros.src.styx,server,,obstacle,2,1,2
udacity_CarND-Capstone.ros.src.styx,server,,obstacle,2,1,2
udacity_CarND-Capstone.ros.src.styx,server,,trafficlights,2,1,2
udacity_CarND-Capstone.ros.src.styx,server,,image,2,1,2
udacity_CarND-Capstone.ros.src.tl_detector,light_publisher,TLPublisher,__init__,9,1,0
udacity_CarND-Capstone.ros.src.tl_detector,light_publisher,TLPublisher,loop,5,2,0
udacity_CarND-Capstone.ros.src.tl_detector,light_publisher,TLPublisher,create_light,8,1,5
udacity_CarND-Capstone.ros.src.tl_detector,light_publisher,TLPublisher,create_pose,11,1,4
udacity_CarND-Capstone.ros.src.tl_detector,tl_detector,TLDetector,__init__,28,1,0
udacity_CarND-Capstone.ros.src.tl_detector,tl_detector,TLDetector,pose_cb,2,1,1
udacity_CarND-Capstone.ros.src.tl_detector,tl_detector,TLDetector,waypoints_cb,2,1,1
udacity_CarND-Capstone.ros.src.tl_detector,tl_detector,TLDetector,traffic_cb,2,1,1
udacity_CarND-Capstone.ros.src.tl_detector,tl_detector,TLDetector,image_cb,23,3,1
udacity_CarND-Capstone.ros.src.tl_detector,tl_detector,TLDetector,get_closest_waypoint,4,1,1
udacity_CarND-Capstone.ros.src.tl_detector,tl_detector,TLDetector,get_light_state,8,1,1
udacity_CarND-Capstone.ros.src.tl_detector,tl_detector,TLDetector,process_traffic_lights,12,2,0
udacity_CarND-Capstone.ros.src.tl_detector.light_classification,tl_classifier,TLClassifier,__init__,2,1,0
udacity_CarND-Capstone.ros.src.tl_detector.light_classification,tl_classifier,TLClassifier,get_classification,4,1,1
udacity_CarND-Capstone.ros.src.twist_controller,dbw_node,DBWNode,__init__,19,1,0
udacity_CarND-Capstone.ros.src.twist_controller,dbw_node,DBWNode,loop,13,2,0
udacity_CarND-Capstone.ros.src.twist_controller,dbw_node,DBWNode,publish,15,1,3
udacity_CarND-Capstone.ros.src.twist_controller,dbw_test,DBWTestNode,__init__,19,1,0
udacity_CarND-Capstone.ros.src.twist_controller,dbw_test,DBWTestNode,loop,17,2,0
udacity_CarND-Capstone.ros.src.twist_controller,dbw_test,DBWTestNode,dbw_enabled_cb,2,1,1
udacity_CarND-Capstone.ros.src.twist_controller,dbw_test,DBWTestNode,steer_cb,2,1,1
udacity_CarND-Capstone.ros.src.twist_controller,dbw_test,DBWTestNode,throttle_cb,2,1,1
udacity_CarND-Capstone.ros.src.twist_controller,dbw_test,DBWTestNode,brake_cb,2,1,1
udacity_CarND-Capstone.ros.src.twist_controller,dbw_test,DBWTestNode,actual_steer_cb,5,3,1
udacity_CarND-Capstone.ros.src.twist_controller,dbw_test,DBWTestNode,actual_throttle_cb,5,3,1
udacity_CarND-Capstone.ros.src.twist_controller,dbw_test,DBWTestNode,actual_brake_cb,5,3,1
udacity_CarND-Capstone.ros.src.twist_controller,lowpass,LowPassFilter,__init__,5,1,2
udacity_CarND-Capstone.ros.src.twist_controller,lowpass,LowPassFilter,get,2,1,0
udacity_CarND-Capstone.ros.src.twist_controller,lowpass,LowPassFilter,filt,7,2,1
udacity_CarND-Capstone.ros.src.twist_controller,pid,PID,__init__,7,1,5
udacity_CarND-Capstone.ros.src.twist_controller,pid,PID,reset,2,1,0
udacity_CarND-Capstone.ros.src.twist_controller,pid,PID,step,12,3,2
udacity_CarND-Capstone.ros.src.twist_controller,twist_controller,Controller,__init__,2,1,0
udacity_CarND-Capstone.ros.src.twist_controller,twist_controller,Controller,control,2,1,0
udacity_CarND-Capstone.ros.src.twist_controller,yaw_controller,YawController,__init__,7,1,5
udacity_CarND-Capstone.ros.src.twist_controller,yaw_controller,YawController,get_angle,3,1,1
udacity_CarND-Capstone.ros.src.twist_controller,yaw_controller,YawController,get_steering,6,2,3
udacity_CarND-Capstone.ros.src.waypoint_loader,waypoint_loader,WaypointLoader,__init__,6,1,0
udacity_CarND-Capstone.ros.src.waypoint_loader,waypoint_loader,WaypointLoader,new_waypoint_loader,7,2,1
udacity_CarND-Capstone.ros.src.waypoint_loader,waypoint_loader,WaypointLoader,quaternion_from_yaw,2,1,1
udacity_CarND-Capstone.ros.src.waypoint_loader,waypoint_loader,WaypointLoader,kmph2mps,2,1,1
udacity_CarND-Capstone.ros.src.waypoint_loader,waypoint_loader,WaypointLoader,load_waypoints,15,2,1
udacity_CarND-Capstone.ros.src.waypoint_loader,waypoint_loader,WaypointLoader,distance,3,1,2
udacity_CarND-Capstone.ros.src.waypoint_loader,waypoint_loader,WaypointLoader,decelerate,10,3,1
udacity_CarND-Capstone.ros.src.waypoint_loader,waypoint_loader,WaypointLoader,publish,6,1,1
udacity_CarND-Capstone.ros.src.waypoint_updater,waypoint_updater,WaypointUpdater,__init__,6,1,0
udacity_CarND-Capstone.ros.src.waypoint_updater,waypoint_updater,WaypointUpdater,pose_cb,2,1,1
udacity_CarND-Capstone.ros.src.waypoint_updater,waypoint_updater,WaypointUpdater,waypoints_cb,2,1,1
udacity_CarND-Capstone.ros.src.waypoint_updater,waypoint_updater,WaypointUpdater,traffic_cb,2,1,1
udacity_CarND-Capstone.ros.src.waypoint_updater,waypoint_updater,WaypointUpdater,obstacle_cb,2,1,1
udacity_CarND-Capstone.ros.src.waypoint_updater,waypoint_updater,WaypointUpdater,get_waypoint_velocity,2,1,1
udacity_CarND-Capstone.ros.src.waypoint_updater,waypoint_updater,WaypointUpdater,set_waypoint_velocity,2,1,3
udacity_CarND-Capstone.ros.src.waypoint_updater,waypoint_updater,WaypointUpdater,distance,7,2,3
