Package,Module,Smell,Class/Module,Line no,File,Details
wandb_examples.examples.launch.launch-sweeps.optuna-scheduler,optuna_wandb,Multifaceted abstraction,optuna_wandb,1,/Volumes/BrokeExt/NICHE/wandb_examples/examples/launch/launch-sweeps/optuna-scheduler/optuna_wandb.py,"Class 'optuna_wandb' has a high LCOM value of 1, indicating it may have multiple responsibilities."
wandb_examples.examples.scikit.scikit-predict-a-pulsar-star,train,Multifaceted abstraction,train,1,/Volumes/BrokeExt/NICHE/wandb_examples/examples/scikit/scikit-predict-a-pulsar-star/train.py,"Class 'train' has a high LCOM value of 1, indicating it may have multiple responsibilities."
wandb_examples.examples.scikit.scikit-titanic,train,Multifaceted abstraction,train,1,/Volumes/BrokeExt/NICHE/wandb_examples/examples/scikit/scikit-titanic/train.py,"Class 'train' has a high LCOM value of 1, indicating it may have multiple responsibilities."
wandb_examples.examples.tensorboard.tensorboard-tf2-gradienttape,train,Multifaceted abstraction,train,1,/Volumes/BrokeExt/NICHE/wandb_examples/examples/tensorboard/tensorboard-tf2-gradienttape/train.py,"Class 'train' has a high LCOM value of 1, indicating it may have multiple responsibilities."
wandb_examples.wandb-scim.examples,custom_roles_example,Multifaceted abstraction,custom_roles_example,1,/Volumes/BrokeExt/NICHE/wandb_examples/wandb-scim/examples/custom_roles_example.py,"Class 'custom_roles_example' has a high LCOM value of 1, indicating it may have multiple responsibilities."
wandb_examples.wandb-scim.examples,teams_example,Multifaceted abstraction,teams_example,1,/Volumes/BrokeExt/NICHE/wandb_examples/wandb-scim/examples/teams_example.py,"Class 'teams_example' has a high LCOM value of 1, indicating it may have multiple responsibilities."
wandb_examples.wandb-scim.examples,user_example,Multifaceted abstraction,user_example,1,/Volumes/BrokeExt/NICHE/wandb_examples/wandb-scim/examples/user_example.py,"Class 'user_example' has a high LCOM value of 1, indicating it may have multiple responsibilities."
