Package,Module,Class,Function,LOC,CC,PC
aisolab_nlp_classification.A_Structured_Self-attentive_Sentence_Embedding_cls,evaluate,,get_tokenizer,5,1,2
aisolab_nlp_classification.A_Structured_Self-attentive_Sentence_Embedding_cls,evaluate,,main,24,1,1
aisolab_nlp_classification.A_Structured_Self-attentive_Sentence_Embedding_cls,train,,get_tokenizer,5,1,2
aisolab_nlp_classification.A_Structured_Self-attentive_Sentence_Embedding_cls,train,,get_data_loaders,7,1,4
aisolab_nlp_classification.A_Structured_Self-attentive_Sentence_Embedding_cls,train,,regularize,5,1,3
aisolab_nlp_classification.A_Structured_Self-attentive_Sentence_Embedding_cls,train,,main,79,7,1
aisolab_nlp_classification.A_Structured_Self-attentive_Sentence_Embedding_cls,utils,Config,__init__,8,2,1
aisolab_nlp_classification.A_Structured_Self-attentive_Sentence_Embedding_cls,utils,Config,save,4,1,1
aisolab_nlp_classification.A_Structured_Self-attentive_Sentence_Embedding_cls,utils,Config,update,8,2,1
aisolab_nlp_classification.A_Structured_Self-attentive_Sentence_Embedding_cls,utils,Config,dict,2,1,0
aisolab_nlp_classification.A_Structured_Self-attentive_Sentence_Embedding_cls,utils,CheckpointManager,__init__,7,3,1
aisolab_nlp_classification.A_Structured_Self-attentive_Sentence_Embedding_cls,utils,CheckpointManager,save_checkpoint,3,1,2
aisolab_nlp_classification.A_Structured_Self-attentive_Sentence_Embedding_cls,utils,CheckpointManager,load_checkpoint,5,2,2
aisolab_nlp_classification.A_Structured_Self-attentive_Sentence_Embedding_cls,utils,SummaryManager,__init__,7,3,1
aisolab_nlp_classification.A_Structured_Self-attentive_Sentence_Embedding_cls,utils,SummaryManager,save,4,1,1
aisolab_nlp_classification.A_Structured_Self-attentive_Sentence_Embedding_cls,utils,SummaryManager,load,5,1,1
aisolab_nlp_classification.A_Structured_Self-attentive_Sentence_Embedding_cls,utils,SummaryManager,update,3,1,1
aisolab_nlp_classification.A_Structured_Self-attentive_Sentence_Embedding_cls,utils,SummaryManager,reset,2,1,0
aisolab_nlp_classification.A_Structured_Self-attentive_Sentence_Embedding_cls,utils,SummaryManager,summary,2,1,0
aisolab_nlp_classification.A_Structured_Self-attentive_Sentence_Embedding_cls.model,data,Corpus,__init__,4,1,2
aisolab_nlp_classification.A_Structured_Self-attentive_Sentence_Embedding_cls.model,data,Corpus,__len__,2,1,0
aisolab_nlp_classification.A_Structured_Self-attentive_Sentence_Embedding_cls.model,data,Corpus,__getitem__,4,1,1
aisolab_nlp_classification.A_Structured_Self-attentive_Sentence_Embedding_cls.model,data,,batchify,6,1,1
aisolab_nlp_classification.A_Structured_Self-attentive_Sentence_Embedding_cls.model,metric,,evaluate,16,5,4
aisolab_nlp_classification.A_Structured_Self-attentive_Sentence_Embedding_cls.model,metric,,acc,5,1,2
aisolab_nlp_classification.A_Structured_Self-attentive_Sentence_Embedding_cls.model,net,SAN,__init__,10,1,6
aisolab_nlp_classification.A_Structured_Self-attentive_Sentence_Embedding_cls.model,net,SAN,forward,10,1,1
aisolab_nlp_classification.A_Structured_Self-attentive_Sentence_Embedding_cls.model,ops,Embedding,__init__,8,1,5
aisolab_nlp_classification.A_Structured_Self-attentive_Sentence_Embedding_cls.model,ops,Embedding,forward,7,1,1
aisolab_nlp_classification.A_Structured_Self-attentive_Sentence_Embedding_cls.model,ops,Linker,__init__,4,1,1
aisolab_nlp_classification.A_Structured_Self-attentive_Sentence_Embedding_cls.model,ops,Linker,forward,4,1,1
aisolab_nlp_classification.A_Structured_Self-attentive_Sentence_Embedding_cls.model,ops,BiLSTM,__init__,5,1,3
aisolab_nlp_classification.A_Structured_Self-attentive_Sentence_Embedding_cls.model,ops,BiLSTM,forward,8,1,1
aisolab_nlp_classification.A_Structured_Self-attentive_Sentence_Embedding_cls.model,ops,SelfAttention,__init__,5,1,3
aisolab_nlp_classification.A_Structured_Self-attentive_Sentence_Embedding_cls.model,ops,SelfAttention,forward,4,1,1
aisolab_nlp_classification.A_Structured_Self-attentive_Sentence_Embedding_cls.model,utils,Vocab,__init__,28,6,7
aisolab_nlp_classification.A_Structured_Self-attentive_Sentence_Embedding_cls.model,utils,Vocab,to_indices,15,1,1
aisolab_nlp_classification.A_Structured_Self-attentive_Sentence_Embedding_cls.model,utils,Vocab,to_tokens,6,1,1
aisolab_nlp_classification.A_Structured_Self-attentive_Sentence_Embedding_cls.model,utils,Vocab,_build,4,1,1
aisolab_nlp_classification.A_Structured_Self-attentive_Sentence_Embedding_cls.model,utils,Vocab,_sort_index_according_to_user_specification,24,6,1
aisolab_nlp_classification.A_Structured_Self-attentive_Sentence_Embedding_cls.model,utils,Vocab,__len__,2,1,0
aisolab_nlp_classification.A_Structured_Self-attentive_Sentence_Embedding_cls.model,utils,Vocab,token_to_idx,2,1,0
aisolab_nlp_classification.A_Structured_Self-attentive_Sentence_Embedding_cls.model,utils,Vocab,idx_to_token,2,1,0
aisolab_nlp_classification.A_Structured_Self-attentive_Sentence_Embedding_cls.model,utils,Vocab,padding_token,2,1,0
aisolab_nlp_classification.A_Structured_Self-attentive_Sentence_Embedding_cls.model,utils,Vocab,unknown_token,2,1,0
aisolab_nlp_classification.A_Structured_Self-attentive_Sentence_Embedding_cls.model,utils,Vocab,bos_token,2,1,0
aisolab_nlp_classification.A_Structured_Self-attentive_Sentence_Embedding_cls.model,utils,Vocab,eos_token,2,1,0
aisolab_nlp_classification.A_Structured_Self-attentive_Sentence_Embedding_cls.model,utils,Vocab,embedding,2,1,0
aisolab_nlp_classification.A_Structured_Self-attentive_Sentence_Embedding_cls.model,utils,Vocab,embedding,2,1,1
aisolab_nlp_classification.A_Structured_Self-attentive_Sentence_Embedding_cls.model,utils,Tokenizer,__init__,5,1,3
aisolab_nlp_classification.A_Structured_Self-attentive_Sentence_Embedding_cls.model,utils,Tokenizer,split,3,1,1
aisolab_nlp_classification.A_Structured_Self-attentive_Sentence_Embedding_cls.model,utils,Tokenizer,transform,4,1,1
aisolab_nlp_classification.A_Structured_Self-attentive_Sentence_Embedding_cls.model,utils,Tokenizer,split_and_transform,2,1,1
aisolab_nlp_classification.A_Structured_Self-attentive_Sentence_Embedding_cls.model,utils,Tokenizer,vocab,2,1,0
aisolab_nlp_classification.A_Structured_Self-attentive_Sentence_Embedding_cls.model,utils,PadSequence,__init__,5,1,3
aisolab_nlp_classification.A_Structured_Self-attentive_Sentence_Embedding_cls.model,utils,PadSequence,__call__,9,2,1
aisolab_nlp_classification.A_Structured_Self-attentive_Sentence_Embedding_ptc,evaluate,,get_tokenizer,5,1,2
aisolab_nlp_classification.A_Structured_Self-attentive_Sentence_Embedding_ptc,evaluate,,main,24,1,1
aisolab_nlp_classification.A_Structured_Self-attentive_Sentence_Embedding_ptc,train,,get_tokenizer,5,1,2
aisolab_nlp_classification.A_Structured_Self-attentive_Sentence_Embedding_ptc,train,,get_data_loaders,7,1,4
aisolab_nlp_classification.A_Structured_Self-attentive_Sentence_Embedding_ptc,train,,regularize,5,1,3
aisolab_nlp_classification.A_Structured_Self-attentive_Sentence_Embedding_ptc,train,,main,81,7,1
aisolab_nlp_classification.A_Structured_Self-attentive_Sentence_Embedding_ptc,utils,Config,__init__,8,2,1
aisolab_nlp_classification.A_Structured_Self-attentive_Sentence_Embedding_ptc,utils,Config,save,4,1,1
aisolab_nlp_classification.A_Structured_Self-attentive_Sentence_Embedding_ptc,utils,Config,update,8,2,1
aisolab_nlp_classification.A_Structured_Self-attentive_Sentence_Embedding_ptc,utils,Config,dict,2,1,0
aisolab_nlp_classification.A_Structured_Self-attentive_Sentence_Embedding_ptc,utils,CheckpointManager,__init__,7,3,1
aisolab_nlp_classification.A_Structured_Self-attentive_Sentence_Embedding_ptc,utils,CheckpointManager,save_checkpoint,3,1,2
aisolab_nlp_classification.A_Structured_Self-attentive_Sentence_Embedding_ptc,utils,CheckpointManager,load_checkpoint,5,2,2
aisolab_nlp_classification.A_Structured_Self-attentive_Sentence_Embedding_ptc,utils,SummaryManager,__init__,7,3,1
aisolab_nlp_classification.A_Structured_Self-attentive_Sentence_Embedding_ptc,utils,SummaryManager,save,4,1,1
aisolab_nlp_classification.A_Structured_Self-attentive_Sentence_Embedding_ptc,utils,SummaryManager,load,5,1,1
aisolab_nlp_classification.A_Structured_Self-attentive_Sentence_Embedding_ptc,utils,SummaryManager,update,3,1,1
aisolab_nlp_classification.A_Structured_Self-attentive_Sentence_Embedding_ptc,utils,SummaryManager,reset,2,1,0
aisolab_nlp_classification.A_Structured_Self-attentive_Sentence_Embedding_ptc,utils,SummaryManager,summary,2,1,0
aisolab_nlp_classification.A_Structured_Self-attentive_Sentence_Embedding_ptc.model,data,Corpus,__init__,4,1,2
aisolab_nlp_classification.A_Structured_Self-attentive_Sentence_Embedding_ptc.model,data,Corpus,__len__,2,1,0
aisolab_nlp_classification.A_Structured_Self-attentive_Sentence_Embedding_ptc.model,data,Corpus,__getitem__,6,1,1
aisolab_nlp_classification.A_Structured_Self-attentive_Sentence_Embedding_ptc.model,data,,batchify,8,1,1
aisolab_nlp_classification.A_Structured_Self-attentive_Sentence_Embedding_ptc.model,metric,,evaluate,18,5,4
aisolab_nlp_classification.A_Structured_Self-attentive_Sentence_Embedding_ptc.model,metric,,acc,5,1,2
aisolab_nlp_classification.A_Structured_Self-attentive_Sentence_Embedding_ptc.model,net,SAN,__init__,9,1,6
aisolab_nlp_classification.A_Structured_Self-attentive_Sentence_Embedding_ptc.model,net,SAN,forward,11,1,1
aisolab_nlp_classification.A_Structured_Self-attentive_Sentence_Embedding_ptc.model,ops,Embedding,__init__,11,1,5
aisolab_nlp_classification.A_Structured_Self-attentive_Sentence_Embedding_ptc.model,ops,Embedding,forward,7,1,1
aisolab_nlp_classification.A_Structured_Self-attentive_Sentence_Embedding_ptc.model,ops,Linker,__init__,4,1,1
aisolab_nlp_classification.A_Structured_Self-attentive_Sentence_Embedding_ptc.model,ops,Linker,forward,6,1,1
aisolab_nlp_classification.A_Structured_Self-attentive_Sentence_Embedding_ptc.model,ops,BiLSTM,__init__,7,1,3
aisolab_nlp_classification.A_Structured_Self-attentive_Sentence_Embedding_ptc.model,ops,BiLSTM,forward,8,1,1
aisolab_nlp_classification.A_Structured_Self-attentive_Sentence_Embedding_ptc.model,ops,SelfAttention,__init__,5,1,3
aisolab_nlp_classification.A_Structured_Self-attentive_Sentence_Embedding_ptc.model,ops,SelfAttention,forward,4,1,1
aisolab_nlp_classification.A_Structured_Self-attentive_Sentence_Embedding_ptc.model,ops,SentenceEncoder,__init__,15,1,4
aisolab_nlp_classification.A_Structured_Self-attentive_Sentence_Embedding_ptc.model,ops,SentenceEncoder,forward,7,1,1
aisolab_nlp_classification.A_Structured_Self-attentive_Sentence_Embedding_ptc.model,utils,Vocab,__init__,28,6,7
aisolab_nlp_classification.A_Structured_Self-attentive_Sentence_Embedding_ptc.model,utils,Vocab,to_indices,15,1,1
aisolab_nlp_classification.A_Structured_Self-attentive_Sentence_Embedding_ptc.model,utils,Vocab,to_tokens,6,1,1
aisolab_nlp_classification.A_Structured_Self-attentive_Sentence_Embedding_ptc.model,utils,Vocab,_build,4,1,1
aisolab_nlp_classification.A_Structured_Self-attentive_Sentence_Embedding_ptc.model,utils,Vocab,_sort_index_according_to_user_specification,24,6,1
aisolab_nlp_classification.A_Structured_Self-attentive_Sentence_Embedding_ptc.model,utils,Vocab,__len__,2,1,0
aisolab_nlp_classification.A_Structured_Self-attentive_Sentence_Embedding_ptc.model,utils,Vocab,token_to_idx,2,1,0
aisolab_nlp_classification.A_Structured_Self-attentive_Sentence_Embedding_ptc.model,utils,Vocab,idx_to_token,2,1,0
aisolab_nlp_classification.A_Structured_Self-attentive_Sentence_Embedding_ptc.model,utils,Vocab,padding_token,2,1,0
aisolab_nlp_classification.A_Structured_Self-attentive_Sentence_Embedding_ptc.model,utils,Vocab,unknown_token,2,1,0
aisolab_nlp_classification.A_Structured_Self-attentive_Sentence_Embedding_ptc.model,utils,Vocab,bos_token,2,1,0
aisolab_nlp_classification.A_Structured_Self-attentive_Sentence_Embedding_ptc.model,utils,Vocab,eos_token,2,1,0
aisolab_nlp_classification.A_Structured_Self-attentive_Sentence_Embedding_ptc.model,utils,Vocab,embedding,2,1,0
aisolab_nlp_classification.A_Structured_Self-attentive_Sentence_Embedding_ptc.model,utils,Vocab,embedding,2,1,1
aisolab_nlp_classification.A_Structured_Self-attentive_Sentence_Embedding_ptc.model,utils,Tokenizer,__init__,5,1,3
aisolab_nlp_classification.A_Structured_Self-attentive_Sentence_Embedding_ptc.model,utils,Tokenizer,split,3,1,1
aisolab_nlp_classification.A_Structured_Self-attentive_Sentence_Embedding_ptc.model,utils,Tokenizer,transform,4,1,1
aisolab_nlp_classification.A_Structured_Self-attentive_Sentence_Embedding_ptc.model,utils,Tokenizer,split_and_transform,2,1,1
aisolab_nlp_classification.A_Structured_Self-attentive_Sentence_Embedding_ptc.model,utils,Tokenizer,vocab,2,1,0
aisolab_nlp_classification.A_Structured_Self-attentive_Sentence_Embedding_ptc.model,utils,PadSequence,__init__,5,1,3
aisolab_nlp_classification.A_Structured_Self-attentive_Sentence_Embedding_ptc.model,utils,PadSequence,__call__,9,2,1
aisolab_nlp_classification.BERT_pairwise_text_classification,evaluate,,get_preprocessor,12,3,2
aisolab_nlp_classification.BERT_pairwise_text_classification,evaluate,,main,29,1,1
aisolab_nlp_classification.BERT_pairwise_text_classification,train,,get_preprocessor,12,3,2
aisolab_nlp_classification.BERT_pairwise_text_classification,train,,get_data_loaders,6,1,3
aisolab_nlp_classification.BERT_pairwise_text_classification,train,,main,86,7,1
aisolab_nlp_classification.BERT_pairwise_text_classification,utils,Config,__init__,8,2,1
aisolab_nlp_classification.BERT_pairwise_text_classification,utils,Config,save,4,1,1
aisolab_nlp_classification.BERT_pairwise_text_classification,utils,Config,update,8,2,1
aisolab_nlp_classification.BERT_pairwise_text_classification,utils,Config,dict,2,1,0
aisolab_nlp_classification.BERT_pairwise_text_classification,utils,CheckpointManager,__init__,7,3,1
aisolab_nlp_classification.BERT_pairwise_text_classification,utils,CheckpointManager,save_checkpoint,3,1,2
aisolab_nlp_classification.BERT_pairwise_text_classification,utils,CheckpointManager,load_checkpoint,7,2,2
aisolab_nlp_classification.BERT_pairwise_text_classification,utils,SummaryManager,__init__,7,3,1
aisolab_nlp_classification.BERT_pairwise_text_classification,utils,SummaryManager,save,4,1,1
aisolab_nlp_classification.BERT_pairwise_text_classification,utils,SummaryManager,load,5,1,1
aisolab_nlp_classification.BERT_pairwise_text_classification,utils,SummaryManager,update,3,1,1
aisolab_nlp_classification.BERT_pairwise_text_classification,utils,SummaryManager,reset,2,1,0
aisolab_nlp_classification.BERT_pairwise_text_classification,utils,SummaryManager,summary,2,1,0
aisolab_nlp_classification.BERT_pairwise_text_classification.model,data,Corpus,__init__,4,1,2
aisolab_nlp_classification.BERT_pairwise_text_classification.model,data,Corpus,__len__,2,1,0
aisolab_nlp_classification.BERT_pairwise_text_classification.model,data,Corpus,__getitem__,5,1,1
aisolab_nlp_classification.BERT_pairwise_text_classification.model,metric,,evaluate,16,5,4
aisolab_nlp_classification.BERT_pairwise_text_classification.model,metric,,acc,5,1,2
aisolab_nlp_classification.BERT_pairwise_text_classification.model,net,PairwiseClassifier,__init__,7,1,3
aisolab_nlp_classification.BERT_pairwise_text_classification.model,net,PairwiseClassifier,forward,7,1,2
aisolab_nlp_classification.BERT_pairwise_text_classification.model,tokenization,BertTokenizer,__init__,12,2,4
aisolab_nlp_classification.BERT_pairwise_text_classification.model,tokenization,BertTokenizer,tokenize,8,3,1
aisolab_nlp_classification.BERT_pairwise_text_classification.model,tokenization,BertTokenizer,convert_tokens_to_ids,11,3,1
aisolab_nlp_classification.BERT_pairwise_text_classification.model,tokenization,BertTokenizer,convert_ids_to_tokens,5,2,1
aisolab_nlp_classification.BERT_pairwise_text_classification.model,tokenization,BertTokenizer,from_pretrained,32,5,3
aisolab_nlp_classification.BERT_pairwise_text_classification.model,tokenization,BasicTokenizer,__init__,4,1,2
aisolab_nlp_classification.BERT_pairwise_text_classification.model,tokenization,BasicTokenizer,tokenize,11,4,1
aisolab_nlp_classification.BERT_pairwise_text_classification.model,tokenization,BasicTokenizer,_run_strip_accents,9,3,1
aisolab_nlp_classification.BERT_pairwise_text_classification.model,tokenization,BasicTokenizer,_run_split_on_punc,19,4,1
aisolab_nlp_classification.BERT_pairwise_text_classification.model,tokenization,BasicTokenizer,_tokenize_chinese_chars,11,3,1
aisolab_nlp_classification.BERT_pairwise_text_classification.model,tokenization,BasicTokenizer,_is_chinese_char,11,10,1
aisolab_nlp_classification.BERT_pairwise_text_classification.model,tokenization,BasicTokenizer,_clean_text,11,5,1
aisolab_nlp_classification.BERT_pairwise_text_classification.model,tokenization,WordpieceTokenizer,__init__,4,1,3
aisolab_nlp_classification.BERT_pairwise_text_classification.model,tokenization,WordpieceTokenizer,tokenize,36,8,1
aisolab_nlp_classification.BERT_pairwise_text_classification.model,tokenization,,load_vocab,18,5,1
aisolab_nlp_classification.BERT_pairwise_text_classification.model,tokenization,,whitespace_tokenize,6,1,1
aisolab_nlp_classification.BERT_pairwise_text_classification.model,tokenization,,_is_whitespace,7,2,1
aisolab_nlp_classification.BERT_pairwise_text_classification.model,tokenization,,_is_control,7,2,1
aisolab_nlp_classification.BERT_pairwise_text_classification.model,tokenization,,_is_punctuation,2,1,1
aisolab_nlp_classification.BERT_pairwise_text_classification.model,utils,Vocab,__init__,28,6,7
aisolab_nlp_classification.BERT_pairwise_text_classification.model,utils,Vocab,to_indices,15,1,1
aisolab_nlp_classification.BERT_pairwise_text_classification.model,utils,Vocab,to_tokens,6,1,1
aisolab_nlp_classification.BERT_pairwise_text_classification.model,utils,Vocab,_build,4,1,1
aisolab_nlp_classification.BERT_pairwise_text_classification.model,utils,Vocab,_sort_index_according_to_user_specification,24,6,1
aisolab_nlp_classification.BERT_pairwise_text_classification.model,utils,Vocab,__len__,2,1,0
aisolab_nlp_classification.BERT_pairwise_text_classification.model,utils,Vocab,token_to_idx,2,1,0
aisolab_nlp_classification.BERT_pairwise_text_classification.model,utils,Vocab,idx_to_token,2,1,0
aisolab_nlp_classification.BERT_pairwise_text_classification.model,utils,Vocab,padding_token,2,1,0
aisolab_nlp_classification.BERT_pairwise_text_classification.model,utils,Vocab,unknown_token,2,1,0
aisolab_nlp_classification.BERT_pairwise_text_classification.model,utils,Vocab,bos_token,2,1,0
aisolab_nlp_classification.BERT_pairwise_text_classification.model,utils,Vocab,eos_token,2,1,0
aisolab_nlp_classification.BERT_pairwise_text_classification.model,utils,Vocab,embedding,2,1,0
aisolab_nlp_classification.BERT_pairwise_text_classification.model,utils,Vocab,embedding,2,1,1
aisolab_nlp_classification.BERT_pairwise_text_classification.model,utils,Tokenizer,__init__,5,1,3
aisolab_nlp_classification.BERT_pairwise_text_classification.model,utils,Tokenizer,split,3,1,1
aisolab_nlp_classification.BERT_pairwise_text_classification.model,utils,Tokenizer,transform,4,1,1
aisolab_nlp_classification.BERT_pairwise_text_classification.model,utils,Tokenizer,split_and_transform,2,1,1
aisolab_nlp_classification.BERT_pairwise_text_classification.model,utils,Tokenizer,vocab,2,1,0
aisolab_nlp_classification.BERT_pairwise_text_classification.model,utils,PadSequence,__init__,5,1,3
aisolab_nlp_classification.BERT_pairwise_text_classification.model,utils,PadSequence,__call__,9,2,1
aisolab_nlp_classification.BERT_pairwise_text_classification.model,utils,PreProcessor,preprocess,11,1,2
aisolab_nlp_classification.BERT_pairwise_text_classification.pretrained.etri,tokenization,BertTokenizer,__init__,12,2,4
aisolab_nlp_classification.BERT_pairwise_text_classification.pretrained.etri,tokenization,BertTokenizer,tokenize,8,3,1
aisolab_nlp_classification.BERT_pairwise_text_classification.pretrained.etri,tokenization,BertTokenizer,convert_tokens_to_ids,11,3,1
aisolab_nlp_classification.BERT_pairwise_text_classification.pretrained.etri,tokenization,BertTokenizer,convert_ids_to_tokens,5,2,1
aisolab_nlp_classification.BERT_pairwise_text_classification.pretrained.etri,tokenization,BertTokenizer,from_pretrained,32,5,3
aisolab_nlp_classification.BERT_pairwise_text_classification.pretrained.etri,tokenization,BasicTokenizer,__init__,4,1,2
aisolab_nlp_classification.BERT_pairwise_text_classification.pretrained.etri,tokenization,BasicTokenizer,tokenize,11,4,1
aisolab_nlp_classification.BERT_pairwise_text_classification.pretrained.etri,tokenization,BasicTokenizer,_run_strip_accents,9,3,1
aisolab_nlp_classification.BERT_pairwise_text_classification.pretrained.etri,tokenization,BasicTokenizer,_run_split_on_punc,19,4,1
aisolab_nlp_classification.BERT_pairwise_text_classification.pretrained.etri,tokenization,BasicTokenizer,_tokenize_chinese_chars,11,3,1
aisolab_nlp_classification.BERT_pairwise_text_classification.pretrained.etri,tokenization,BasicTokenizer,_is_chinese_char,11,10,1
aisolab_nlp_classification.BERT_pairwise_text_classification.pretrained.etri,tokenization,BasicTokenizer,_clean_text,11,5,1
aisolab_nlp_classification.BERT_pairwise_text_classification.pretrained.etri,tokenization,WordpieceTokenizer,__init__,4,1,3
aisolab_nlp_classification.BERT_pairwise_text_classification.pretrained.etri,tokenization,WordpieceTokenizer,tokenize,36,8,1
aisolab_nlp_classification.BERT_pairwise_text_classification.pretrained.etri,tokenization,,load_vocab,18,5,1
aisolab_nlp_classification.BERT_pairwise_text_classification.pretrained.etri,tokenization,,whitespace_tokenize,6,1,1
aisolab_nlp_classification.BERT_pairwise_text_classification.pretrained.etri,tokenization,,_is_whitespace,7,2,1
aisolab_nlp_classification.BERT_pairwise_text_classification.pretrained.etri,tokenization,,_is_control,7,2,1
aisolab_nlp_classification.BERT_pairwise_text_classification.pretrained.etri,tokenization,,_is_punctuation,2,1,1
aisolab_nlp_classification.BERT_single_sentence_classification,evaluate,,get_preprocessor,12,3,2
aisolab_nlp_classification.BERT_single_sentence_classification,evaluate,,main,29,1,1
aisolab_nlp_classification.BERT_single_sentence_classification,train,,get_preprocessor,12,3,2
aisolab_nlp_classification.BERT_single_sentence_classification,train,,get_data_loaders,6,1,3
aisolab_nlp_classification.BERT_single_sentence_classification,train,,main,86,7,1
aisolab_nlp_classification.BERT_single_sentence_classification,utils,Config,__init__,8,2,1
aisolab_nlp_classification.BERT_single_sentence_classification,utils,Config,save,4,1,1
aisolab_nlp_classification.BERT_single_sentence_classification,utils,Config,update,8,2,1
aisolab_nlp_classification.BERT_single_sentence_classification,utils,Config,dict,2,1,0
aisolab_nlp_classification.BERT_single_sentence_classification,utils,CheckpointManager,__init__,7,3,1
aisolab_nlp_classification.BERT_single_sentence_classification,utils,CheckpointManager,save_checkpoint,3,1,2
aisolab_nlp_classification.BERT_single_sentence_classification,utils,CheckpointManager,load_checkpoint,5,2,2
aisolab_nlp_classification.BERT_single_sentence_classification,utils,SummaryManager,__init__,7,3,1
aisolab_nlp_classification.BERT_single_sentence_classification,utils,SummaryManager,save,4,1,1
aisolab_nlp_classification.BERT_single_sentence_classification,utils,SummaryManager,load,5,1,1
aisolab_nlp_classification.BERT_single_sentence_classification,utils,SummaryManager,update,3,1,1
aisolab_nlp_classification.BERT_single_sentence_classification,utils,SummaryManager,reset,2,1,0
aisolab_nlp_classification.BERT_single_sentence_classification,utils,SummaryManager,summary,2,1,0
aisolab_nlp_classification.BERT_single_sentence_classification.model,data,Corpus,__init__,4,1,2
aisolab_nlp_classification.BERT_single_sentence_classification.model,data,Corpus,__len__,2,1,0
aisolab_nlp_classification.BERT_single_sentence_classification.model,data,Corpus,__getitem__,4,1,1
aisolab_nlp_classification.BERT_single_sentence_classification.model,metric,,evaluate,16,5,4
aisolab_nlp_classification.BERT_single_sentence_classification.model,metric,,acc,5,1,2
aisolab_nlp_classification.BERT_single_sentence_classification.model,net,SentenceClassifier,__init__,7,1,3
aisolab_nlp_classification.BERT_single_sentence_classification.model,net,SentenceClassifier,forward,6,1,1
aisolab_nlp_classification.BERT_single_sentence_classification.model,tokenization,BertTokenizer,__init__,12,2,4
aisolab_nlp_classification.BERT_single_sentence_classification.model,tokenization,BertTokenizer,tokenize,8,3,1
aisolab_nlp_classification.BERT_single_sentence_classification.model,tokenization,BertTokenizer,convert_tokens_to_ids,11,3,1
aisolab_nlp_classification.BERT_single_sentence_classification.model,tokenization,BertTokenizer,convert_ids_to_tokens,5,2,1
aisolab_nlp_classification.BERT_single_sentence_classification.model,tokenization,BertTokenizer,from_pretrained,32,5,3
aisolab_nlp_classification.BERT_single_sentence_classification.model,tokenization,BasicTokenizer,__init__,4,1,2
aisolab_nlp_classification.BERT_single_sentence_classification.model,tokenization,BasicTokenizer,tokenize,11,4,1
aisolab_nlp_classification.BERT_single_sentence_classification.model,tokenization,BasicTokenizer,_run_strip_accents,9,3,1
aisolab_nlp_classification.BERT_single_sentence_classification.model,tokenization,BasicTokenizer,_run_split_on_punc,19,4,1
aisolab_nlp_classification.BERT_single_sentence_classification.model,tokenization,BasicTokenizer,_tokenize_chinese_chars,11,3,1
aisolab_nlp_classification.BERT_single_sentence_classification.model,tokenization,BasicTokenizer,_is_chinese_char,11,10,1
aisolab_nlp_classification.BERT_single_sentence_classification.model,tokenization,BasicTokenizer,_clean_text,11,5,1
aisolab_nlp_classification.BERT_single_sentence_classification.model,tokenization,WordpieceTokenizer,__init__,4,1,3
aisolab_nlp_classification.BERT_single_sentence_classification.model,tokenization,WordpieceTokenizer,tokenize,36,8,1
aisolab_nlp_classification.BERT_single_sentence_classification.model,tokenization,,load_vocab,18,5,1
aisolab_nlp_classification.BERT_single_sentence_classification.model,tokenization,,whitespace_tokenize,6,1,1
aisolab_nlp_classification.BERT_single_sentence_classification.model,tokenization,,_is_whitespace,7,2,1
aisolab_nlp_classification.BERT_single_sentence_classification.model,tokenization,,_is_control,7,2,1
aisolab_nlp_classification.BERT_single_sentence_classification.model,tokenization,,_is_punctuation,2,1,1
aisolab_nlp_classification.BERT_single_sentence_classification.model,utils,Vocab,__init__,28,6,7
aisolab_nlp_classification.BERT_single_sentence_classification.model,utils,Vocab,to_indices,15,1,1
aisolab_nlp_classification.BERT_single_sentence_classification.model,utils,Vocab,to_tokens,6,1,1
aisolab_nlp_classification.BERT_single_sentence_classification.model,utils,Vocab,_build,4,1,1
aisolab_nlp_classification.BERT_single_sentence_classification.model,utils,Vocab,_sort_index_according_to_user_specification,24,6,1
aisolab_nlp_classification.BERT_single_sentence_classification.model,utils,Vocab,__len__,2,1,0
aisolab_nlp_classification.BERT_single_sentence_classification.model,utils,Vocab,token_to_idx,2,1,0
aisolab_nlp_classification.BERT_single_sentence_classification.model,utils,Vocab,idx_to_token,2,1,0
aisolab_nlp_classification.BERT_single_sentence_classification.model,utils,Vocab,padding_token,2,1,0
aisolab_nlp_classification.BERT_single_sentence_classification.model,utils,Vocab,unknown_token,2,1,0
aisolab_nlp_classification.BERT_single_sentence_classification.model,utils,Vocab,bos_token,2,1,0
aisolab_nlp_classification.BERT_single_sentence_classification.model,utils,Vocab,eos_token,2,1,0
aisolab_nlp_classification.BERT_single_sentence_classification.model,utils,Vocab,embedding,2,1,0
aisolab_nlp_classification.BERT_single_sentence_classification.model,utils,Vocab,embedding,2,1,1
aisolab_nlp_classification.BERT_single_sentence_classification.model,utils,Tokenizer,__init__,5,1,3
aisolab_nlp_classification.BERT_single_sentence_classification.model,utils,Tokenizer,split,3,1,1
aisolab_nlp_classification.BERT_single_sentence_classification.model,utils,Tokenizer,transform,4,1,1
aisolab_nlp_classification.BERT_single_sentence_classification.model,utils,Tokenizer,split_and_transform,2,1,1
aisolab_nlp_classification.BERT_single_sentence_classification.model,utils,Tokenizer,vocab,2,1,0
aisolab_nlp_classification.BERT_single_sentence_classification.model,utils,PadSequence,__init__,5,1,3
aisolab_nlp_classification.BERT_single_sentence_classification.model,utils,PadSequence,__call__,9,2,1
aisolab_nlp_classification.BERT_single_sentence_classification.model,utils,PreProcessor,preprocess,8,3,1
aisolab_nlp_classification.BERT_single_sentence_classification.pretrained.etri,tokenization,BertTokenizer,__init__,12,2,4
aisolab_nlp_classification.BERT_single_sentence_classification.pretrained.etri,tokenization,BertTokenizer,tokenize,8,3,1
aisolab_nlp_classification.BERT_single_sentence_classification.pretrained.etri,tokenization,BertTokenizer,convert_tokens_to_ids,11,3,1
aisolab_nlp_classification.BERT_single_sentence_classification.pretrained.etri,tokenization,BertTokenizer,convert_ids_to_tokens,5,2,1
aisolab_nlp_classification.BERT_single_sentence_classification.pretrained.etri,tokenization,BertTokenizer,from_pretrained,32,5,3
aisolab_nlp_classification.BERT_single_sentence_classification.pretrained.etri,tokenization,BasicTokenizer,__init__,4,1,2
aisolab_nlp_classification.BERT_single_sentence_classification.pretrained.etri,tokenization,BasicTokenizer,tokenize,11,4,1
aisolab_nlp_classification.BERT_single_sentence_classification.pretrained.etri,tokenization,BasicTokenizer,_run_strip_accents,9,3,1
aisolab_nlp_classification.BERT_single_sentence_classification.pretrained.etri,tokenization,BasicTokenizer,_run_split_on_punc,19,4,1
aisolab_nlp_classification.BERT_single_sentence_classification.pretrained.etri,tokenization,BasicTokenizer,_tokenize_chinese_chars,11,3,1
aisolab_nlp_classification.BERT_single_sentence_classification.pretrained.etri,tokenization,BasicTokenizer,_is_chinese_char,11,10,1
aisolab_nlp_classification.BERT_single_sentence_classification.pretrained.etri,tokenization,BasicTokenizer,_clean_text,11,5,1
aisolab_nlp_classification.BERT_single_sentence_classification.pretrained.etri,tokenization,WordpieceTokenizer,__init__,4,1,3
aisolab_nlp_classification.BERT_single_sentence_classification.pretrained.etri,tokenization,WordpieceTokenizer,tokenize,36,8,1
aisolab_nlp_classification.BERT_single_sentence_classification.pretrained.etri,tokenization,,load_vocab,18,5,1
aisolab_nlp_classification.BERT_single_sentence_classification.pretrained.etri,tokenization,,whitespace_tokenize,6,1,1
aisolab_nlp_classification.BERT_single_sentence_classification.pretrained.etri,tokenization,,_is_whitespace,7,2,1
aisolab_nlp_classification.BERT_single_sentence_classification.pretrained.etri,tokenization,,_is_control,7,2,1
aisolab_nlp_classification.BERT_single_sentence_classification.pretrained.etri,tokenization,,_is_punctuation,2,1,1
aisolab_nlp_classification.Character-level_Convolutional_Networks_for_Text_Classification,evaluate,,get_tokenizer,6,1,2
aisolab_nlp_classification.Character-level_Convolutional_Networks_for_Text_Classification,evaluate,,main,24,1,1
aisolab_nlp_classification.Character-level_Convolutional_Networks_for_Text_Classification,train,,get_tokenizer,6,1,2
aisolab_nlp_classification.Character-level_Convolutional_Networks_for_Text_Classification,train,,get_data_loaders,6,1,3
aisolab_nlp_classification.Character-level_Convolutional_Networks_for_Text_Classification,train,,main,77,7,1
aisolab_nlp_classification.Character-level_Convolutional_Networks_for_Text_Classification,utils,Config,__init__,8,2,1
aisolab_nlp_classification.Character-level_Convolutional_Networks_for_Text_Classification,utils,Config,save,4,1,1
aisolab_nlp_classification.Character-level_Convolutional_Networks_for_Text_Classification,utils,Config,update,8,2,1
aisolab_nlp_classification.Character-level_Convolutional_Networks_for_Text_Classification,utils,Config,dict,2,1,0
aisolab_nlp_classification.Character-level_Convolutional_Networks_for_Text_Classification,utils,CheckpointManager,__init__,7,3,1
aisolab_nlp_classification.Character-level_Convolutional_Networks_for_Text_Classification,utils,CheckpointManager,save_checkpoint,3,1,2
aisolab_nlp_classification.Character-level_Convolutional_Networks_for_Text_Classification,utils,CheckpointManager,load_checkpoint,5,2,2
aisolab_nlp_classification.Character-level_Convolutional_Networks_for_Text_Classification,utils,SummaryManager,__init__,7,3,1
aisolab_nlp_classification.Character-level_Convolutional_Networks_for_Text_Classification,utils,SummaryManager,save,4,1,1
aisolab_nlp_classification.Character-level_Convolutional_Networks_for_Text_Classification,utils,SummaryManager,load,5,1,1
aisolab_nlp_classification.Character-level_Convolutional_Networks_for_Text_Classification,utils,SummaryManager,update,3,1,1
aisolab_nlp_classification.Character-level_Convolutional_Networks_for_Text_Classification,utils,SummaryManager,reset,2,1,0
aisolab_nlp_classification.Character-level_Convolutional_Networks_for_Text_Classification,utils,SummaryManager,summary,2,1,0
aisolab_nlp_classification.Character-level_Convolutional_Networks_for_Text_Classification.model,data,Corpus,__init__,4,1,2
aisolab_nlp_classification.Character-level_Convolutional_Networks_for_Text_Classification.model,data,Corpus,__len__,2,1,0
aisolab_nlp_classification.Character-level_Convolutional_Networks_for_Text_Classification.model,data,Corpus,__getitem__,4,1,1
aisolab_nlp_classification.Character-level_Convolutional_Networks_for_Text_Classification.model,metric,,evaluate,16,5,4
aisolab_nlp_classification.Character-level_Convolutional_Networks_for_Text_Classification.model,metric,,acc,5,1,2
aisolab_nlp_classification.Character-level_Convolutional_Networks_for_Text_Classification.model,net,CharCNN,__init__,29,1,3
aisolab_nlp_classification.Character-level_Convolutional_Networks_for_Text_Classification.model,net,CharCNN,forward,4,1,1
aisolab_nlp_classification.Character-level_Convolutional_Networks_for_Text_Classification.model,net,CharCNN,_initailze,3,2,1
aisolab_nlp_classification.Character-level_Convolutional_Networks_for_Text_Classification.model,ops,Flatten,forward,2,1,1
aisolab_nlp_classification.Character-level_Convolutional_Networks_for_Text_Classification.model,ops,Permute,forward,2,1,1
aisolab_nlp_classification.Character-level_Convolutional_Networks_for_Text_Classification.model,split,,split_to_jamo,36,4,1
aisolab_nlp_classification.Character-level_Convolutional_Networks_for_Text_Classification.model,utils,Vocab,__init__,28,6,7
aisolab_nlp_classification.Character-level_Convolutional_Networks_for_Text_Classification.model,utils,Vocab,to_indices,15,1,1
aisolab_nlp_classification.Character-level_Convolutional_Networks_for_Text_Classification.model,utils,Vocab,to_tokens,6,1,1
aisolab_nlp_classification.Character-level_Convolutional_Networks_for_Text_Classification.model,utils,Vocab,_build,4,1,1
aisolab_nlp_classification.Character-level_Convolutional_Networks_for_Text_Classification.model,utils,Vocab,_sort_index_according_to_user_specification,24,6,1
aisolab_nlp_classification.Character-level_Convolutional_Networks_for_Text_Classification.model,utils,Vocab,__len__,2,1,0
aisolab_nlp_classification.Character-level_Convolutional_Networks_for_Text_Classification.model,utils,Vocab,token_to_idx,2,1,0
aisolab_nlp_classification.Character-level_Convolutional_Networks_for_Text_Classification.model,utils,Vocab,idx_to_token,2,1,0
aisolab_nlp_classification.Character-level_Convolutional_Networks_for_Text_Classification.model,utils,Vocab,padding_token,2,1,0
aisolab_nlp_classification.Character-level_Convolutional_Networks_for_Text_Classification.model,utils,Vocab,unknown_token,2,1,0
aisolab_nlp_classification.Character-level_Convolutional_Networks_for_Text_Classification.model,utils,Vocab,bos_token,2,1,0
aisolab_nlp_classification.Character-level_Convolutional_Networks_for_Text_Classification.model,utils,Vocab,eos_token,2,1,0
aisolab_nlp_classification.Character-level_Convolutional_Networks_for_Text_Classification.model,utils,Vocab,embedding,2,1,0
aisolab_nlp_classification.Character-level_Convolutional_Networks_for_Text_Classification.model,utils,Vocab,embedding,2,1,1
aisolab_nlp_classification.Character-level_Convolutional_Networks_for_Text_Classification.model,utils,Tokenizer,__init__,5,1,3
aisolab_nlp_classification.Character-level_Convolutional_Networks_for_Text_Classification.model,utils,Tokenizer,split,3,1,1
aisolab_nlp_classification.Character-level_Convolutional_Networks_for_Text_Classification.model,utils,Tokenizer,transform,4,1,1
aisolab_nlp_classification.Character-level_Convolutional_Networks_for_Text_Classification.model,utils,Tokenizer,split_and_transform,2,1,1
aisolab_nlp_classification.Character-level_Convolutional_Networks_for_Text_Classification.model,utils,Tokenizer,vocab,2,1,0
aisolab_nlp_classification.Character-level_Convolutional_Networks_for_Text_Classification.model,utils,PadSequence,__init__,5,1,3
aisolab_nlp_classification.Character-level_Convolutional_Networks_for_Text_Classification.model,utils,PadSequence,__call__,9,2,1
aisolab_nlp_classification.Convolutional_Neural_Networks_for_Sentence_Classification,evaluate,,get_tokenizer,8,1,2
aisolab_nlp_classification.Convolutional_Neural_Networks_for_Sentence_Classification,evaluate,,main,23,1,1
aisolab_nlp_classification.Convolutional_Neural_Networks_for_Sentence_Classification,train,,get_tokenizer,8,1,2
aisolab_nlp_classification.Convolutional_Neural_Networks_for_Sentence_Classification,train,,get_data_loaders,8,1,3
aisolab_nlp_classification.Convolutional_Neural_Networks_for_Sentence_Classification,train,,main,83,7,1
aisolab_nlp_classification.Convolutional_Neural_Networks_for_Sentence_Classification,utils,Config,__init__,8,2,1
aisolab_nlp_classification.Convolutional_Neural_Networks_for_Sentence_Classification,utils,Config,save,4,1,1
aisolab_nlp_classification.Convolutional_Neural_Networks_for_Sentence_Classification,utils,Config,update,8,2,1
aisolab_nlp_classification.Convolutional_Neural_Networks_for_Sentence_Classification,utils,Config,dict,2,1,0
aisolab_nlp_classification.Convolutional_Neural_Networks_for_Sentence_Classification,utils,CheckpointManager,__init__,7,3,1
aisolab_nlp_classification.Convolutional_Neural_Networks_for_Sentence_Classification,utils,CheckpointManager,save_checkpoint,3,1,2
aisolab_nlp_classification.Convolutional_Neural_Networks_for_Sentence_Classification,utils,CheckpointManager,load_checkpoint,7,2,2
aisolab_nlp_classification.Convolutional_Neural_Networks_for_Sentence_Classification,utils,SummaryManager,__init__,7,3,1
aisolab_nlp_classification.Convolutional_Neural_Networks_for_Sentence_Classification,utils,SummaryManager,save,4,1,1
aisolab_nlp_classification.Convolutional_Neural_Networks_for_Sentence_Classification,utils,SummaryManager,load,5,1,1
aisolab_nlp_classification.Convolutional_Neural_Networks_for_Sentence_Classification,utils,SummaryManager,update,3,1,1
aisolab_nlp_classification.Convolutional_Neural_Networks_for_Sentence_Classification,utils,SummaryManager,reset,2,1,0
aisolab_nlp_classification.Convolutional_Neural_Networks_for_Sentence_Classification,utils,SummaryManager,summary,2,1,0
aisolab_nlp_classification.Convolutional_Neural_Networks_for_Sentence_Classification.model,data,Corpus,__init__,4,1,2
aisolab_nlp_classification.Convolutional_Neural_Networks_for_Sentence_Classification.model,data,Corpus,__len__,2,1,0
aisolab_nlp_classification.Convolutional_Neural_Networks_for_Sentence_Classification.model,data,Corpus,__getitem__,6,1,1
aisolab_nlp_classification.Convolutional_Neural_Networks_for_Sentence_Classification.model,metric,,evaluate,18,5,4
aisolab_nlp_classification.Convolutional_Neural_Networks_for_Sentence_Classification.model,metric,,acc,5,1,2
aisolab_nlp_classification.Convolutional_Neural_Networks_for_Sentence_Classification.model,net,SenCNN,__init__,8,1,2
aisolab_nlp_classification.Convolutional_Neural_Networks_for_Sentence_Classification.model,net,SenCNN,forward,7,1,1
aisolab_nlp_classification.Convolutional_Neural_Networks_for_Sentence_Classification.model,ops,MultiChannelEmbedding,__init__,13,1,1
aisolab_nlp_classification.Convolutional_Neural_Networks_for_Sentence_Classification.model,ops,MultiChannelEmbedding,forward,4,1,1
aisolab_nlp_classification.Convolutional_Neural_Networks_for_Sentence_Classification.model,ops,ConvolutionLayer,__init__,12,1,2
aisolab_nlp_classification.Convolutional_Neural_Networks_for_Sentence_Classification.model,ops,ConvolutionLayer,forward,10,1,1
aisolab_nlp_classification.Convolutional_Neural_Networks_for_Sentence_Classification.model,ops,MaxOverTimePooling,forward,11,1,1
aisolab_nlp_classification.Convolutional_Neural_Networks_for_Sentence_Classification.model,utils,Vocab,__init__,28,6,7
aisolab_nlp_classification.Convolutional_Neural_Networks_for_Sentence_Classification.model,utils,Vocab,to_indices,15,1,1
aisolab_nlp_classification.Convolutional_Neural_Networks_for_Sentence_Classification.model,utils,Vocab,to_tokens,6,1,1
aisolab_nlp_classification.Convolutional_Neural_Networks_for_Sentence_Classification.model,utils,Vocab,_build,4,1,1
aisolab_nlp_classification.Convolutional_Neural_Networks_for_Sentence_Classification.model,utils,Vocab,_sort_index_according_to_user_specification,24,6,1
aisolab_nlp_classification.Convolutional_Neural_Networks_for_Sentence_Classification.model,utils,Vocab,__len__,2,1,0
aisolab_nlp_classification.Convolutional_Neural_Networks_for_Sentence_Classification.model,utils,Vocab,token_to_idx,2,1,0
aisolab_nlp_classification.Convolutional_Neural_Networks_for_Sentence_Classification.model,utils,Vocab,idx_to_token,2,1,0
aisolab_nlp_classification.Convolutional_Neural_Networks_for_Sentence_Classification.model,utils,Vocab,padding_token,2,1,0
aisolab_nlp_classification.Convolutional_Neural_Networks_for_Sentence_Classification.model,utils,Vocab,unknown_token,2,1,0
aisolab_nlp_classification.Convolutional_Neural_Networks_for_Sentence_Classification.model,utils,Vocab,bos_token,2,1,0
aisolab_nlp_classification.Convolutional_Neural_Networks_for_Sentence_Classification.model,utils,Vocab,eos_token,2,1,0
aisolab_nlp_classification.Convolutional_Neural_Networks_for_Sentence_Classification.model,utils,Vocab,embedding,2,1,0
aisolab_nlp_classification.Convolutional_Neural_Networks_for_Sentence_Classification.model,utils,Vocab,embedding,2,1,1
aisolab_nlp_classification.Convolutional_Neural_Networks_for_Sentence_Classification.model,utils,Tokenizer,__init__,5,1,3
aisolab_nlp_classification.Convolutional_Neural_Networks_for_Sentence_Classification.model,utils,Tokenizer,split,3,1,1
aisolab_nlp_classification.Convolutional_Neural_Networks_for_Sentence_Classification.model,utils,Tokenizer,transform,4,1,1
aisolab_nlp_classification.Convolutional_Neural_Networks_for_Sentence_Classification.model,utils,Tokenizer,split_and_transform,2,1,1
aisolab_nlp_classification.Convolutional_Neural_Networks_for_Sentence_Classification.model,utils,Tokenizer,vocab,2,1,0
aisolab_nlp_classification.Convolutional_Neural_Networks_for_Sentence_Classification.model,utils,PadSequence,__init__,5,1,3
aisolab_nlp_classification.Convolutional_Neural_Networks_for_Sentence_Classification.model,utils,PadSequence,__call__,9,2,1
aisolab_nlp_classification.Efficient_Character-level_Document_Classification_by_Combining_Convolution_and_Recurrent_Layers,evaluate,,get_tokenizer,5,1,1
aisolab_nlp_classification.Efficient_Character-level_Document_Classification_by_Combining_Convolution_and_Recurrent_Layers,evaluate,,main,25,1,1
aisolab_nlp_classification.Efficient_Character-level_Document_Classification_by_Combining_Convolution_and_Recurrent_Layers,train,,get_tokenizer,5,1,1
aisolab_nlp_classification.Efficient_Character-level_Document_Classification_by_Combining_Convolution_and_Recurrent_Layers,train,,get_data_loaders,9,1,5
aisolab_nlp_classification.Efficient_Character-level_Document_Classification_by_Combining_Convolution_and_Recurrent_Layers,train,,main,77,7,1
aisolab_nlp_classification.Efficient_Character-level_Document_Classification_by_Combining_Convolution_and_Recurrent_Layers,utils,Config,__init__,8,2,1
aisolab_nlp_classification.Efficient_Character-level_Document_Classification_by_Combining_Convolution_and_Recurrent_Layers,utils,Config,save,4,1,1
aisolab_nlp_classification.Efficient_Character-level_Document_Classification_by_Combining_Convolution_and_Recurrent_Layers,utils,Config,update,8,2,1
aisolab_nlp_classification.Efficient_Character-level_Document_Classification_by_Combining_Convolution_and_Recurrent_Layers,utils,Config,dict,2,1,0
aisolab_nlp_classification.Efficient_Character-level_Document_Classification_by_Combining_Convolution_and_Recurrent_Layers,utils,CheckpointManager,__init__,7,3,1
aisolab_nlp_classification.Efficient_Character-level_Document_Classification_by_Combining_Convolution_and_Recurrent_Layers,utils,CheckpointManager,save_checkpoint,3,1,2
aisolab_nlp_classification.Efficient_Character-level_Document_Classification_by_Combining_Convolution_and_Recurrent_Layers,utils,CheckpointManager,load_checkpoint,5,2,2
aisolab_nlp_classification.Efficient_Character-level_Document_Classification_by_Combining_Convolution_and_Recurrent_Layers,utils,SummaryManager,__init__,7,3,1
aisolab_nlp_classification.Efficient_Character-level_Document_Classification_by_Combining_Convolution_and_Recurrent_Layers,utils,SummaryManager,save,4,1,1
aisolab_nlp_classification.Efficient_Character-level_Document_Classification_by_Combining_Convolution_and_Recurrent_Layers,utils,SummaryManager,load,5,1,1
aisolab_nlp_classification.Efficient_Character-level_Document_Classification_by_Combining_Convolution_and_Recurrent_Layers,utils,SummaryManager,update,3,1,1
aisolab_nlp_classification.Efficient_Character-level_Document_Classification_by_Combining_Convolution_and_Recurrent_Layers,utils,SummaryManager,reset,2,1,0
aisolab_nlp_classification.Efficient_Character-level_Document_Classification_by_Combining_Convolution_and_Recurrent_Layers,utils,SummaryManager,summary,2,1,0
aisolab_nlp_classification.Efficient_Character-level_Document_Classification_by_Combining_Convolution_and_Recurrent_Layers.model,data,Corpus,__init__,6,1,4
aisolab_nlp_classification.Efficient_Character-level_Document_Classification_by_Combining_Convolution_and_Recurrent_Layers.model,data,Corpus,__len__,2,1,0
aisolab_nlp_classification.Efficient_Character-level_Document_Classification_by_Combining_Convolution_and_Recurrent_Layers.model,data,Corpus,__getitem__,7,2,1
aisolab_nlp_classification.Efficient_Character-level_Document_Classification_by_Combining_Convolution_and_Recurrent_Layers.model,data,,batchify,6,1,1
aisolab_nlp_classification.Efficient_Character-level_Document_Classification_by_Combining_Convolution_and_Recurrent_Layers.model,metric,,evaluate,16,5,4
aisolab_nlp_classification.Efficient_Character-level_Document_Classification_by_Combining_Convolution_and_Recurrent_Layers.model,metric,,acc,5,1,2
aisolab_nlp_classification.Efficient_Character-level_Document_Classification_by_Combining_Convolution_and_Recurrent_Layers.model,net,ConvRec,__init__,14,1,4
aisolab_nlp_classification.Efficient_Character-level_Document_Classification_by_Combining_Convolution_and_Recurrent_Layers.model,net,ConvRec,forward,3,1,1
aisolab_nlp_classification.Efficient_Character-level_Document_Classification_by_Combining_Convolution_and_Recurrent_Layers.model,net,ConvRec,_init_weights,5,3,1
aisolab_nlp_classification.Efficient_Character-level_Document_Classification_by_Combining_Convolution_and_Recurrent_Layers.model,ops,Embedding,__init__,7,1,5
aisolab_nlp_classification.Efficient_Character-level_Document_Classification_by_Combining_Convolution_and_Recurrent_Layers.model,ops,Embedding,forward,7,1,1
aisolab_nlp_classification.Efficient_Character-level_Document_Classification_by_Combining_Convolution_and_Recurrent_Layers.model,ops,MaxPool1d,__init__,7,1,3
aisolab_nlp_classification.Efficient_Character-level_Document_Classification_by_Combining_Convolution_and_Recurrent_Layers.model,ops,MaxPool1d,forward,9,1,1
aisolab_nlp_classification.Efficient_Character-level_Document_Classification_by_Combining_Convolution_and_Recurrent_Layers.model,ops,Conv1d,__init__,9,1,7
aisolab_nlp_classification.Efficient_Character-level_Document_Classification_by_Combining_Convolution_and_Recurrent_Layers.model,ops,Conv1d,forward,9,1,1
aisolab_nlp_classification.Efficient_Character-level_Document_Classification_by_Combining_Convolution_and_Recurrent_Layers.model,ops,Linker,__init__,4,1,1
aisolab_nlp_classification.Efficient_Character-level_Document_Classification_by_Combining_Convolution_and_Recurrent_Layers.model,ops,Linker,forward,4,1,1
aisolab_nlp_classification.Efficient_Character-level_Document_Classification_by_Combining_Convolution_and_Recurrent_Layers.model,ops,BiLSTM,__init__,5,1,3
aisolab_nlp_classification.Efficient_Character-level_Document_Classification_by_Combining_Convolution_and_Recurrent_Layers.model,ops,BiLSTM,forward,8,1,1
aisolab_nlp_classification.Efficient_Character-level_Document_Classification_by_Combining_Convolution_and_Recurrent_Layers.model,split,,split_to_jamo,36,4,1
aisolab_nlp_classification.Efficient_Character-level_Document_Classification_by_Combining_Convolution_and_Recurrent_Layers.model,utils,Vocab,__init__,28,6,7
aisolab_nlp_classification.Efficient_Character-level_Document_Classification_by_Combining_Convolution_and_Recurrent_Layers.model,utils,Vocab,to_indices,15,1,1
aisolab_nlp_classification.Efficient_Character-level_Document_Classification_by_Combining_Convolution_and_Recurrent_Layers.model,utils,Vocab,to_tokens,6,1,1
aisolab_nlp_classification.Efficient_Character-level_Document_Classification_by_Combining_Convolution_and_Recurrent_Layers.model,utils,Vocab,_build,4,1,1
aisolab_nlp_classification.Efficient_Character-level_Document_Classification_by_Combining_Convolution_and_Recurrent_Layers.model,utils,Vocab,_sort_index_according_to_user_specification,24,6,1
aisolab_nlp_classification.Efficient_Character-level_Document_Classification_by_Combining_Convolution_and_Recurrent_Layers.model,utils,Vocab,__len__,2,1,0
aisolab_nlp_classification.Efficient_Character-level_Document_Classification_by_Combining_Convolution_and_Recurrent_Layers.model,utils,Vocab,token_to_idx,2,1,0
aisolab_nlp_classification.Efficient_Character-level_Document_Classification_by_Combining_Convolution_and_Recurrent_Layers.model,utils,Vocab,idx_to_token,2,1,0
aisolab_nlp_classification.Efficient_Character-level_Document_Classification_by_Combining_Convolution_and_Recurrent_Layers.model,utils,Vocab,padding_token,2,1,0
aisolab_nlp_classification.Efficient_Character-level_Document_Classification_by_Combining_Convolution_and_Recurrent_Layers.model,utils,Vocab,unknown_token,2,1,0
aisolab_nlp_classification.Efficient_Character-level_Document_Classification_by_Combining_Convolution_and_Recurrent_Layers.model,utils,Vocab,bos_token,2,1,0
aisolab_nlp_classification.Efficient_Character-level_Document_Classification_by_Combining_Convolution_and_Recurrent_Layers.model,utils,Vocab,eos_token,2,1,0
aisolab_nlp_classification.Efficient_Character-level_Document_Classification_by_Combining_Convolution_and_Recurrent_Layers.model,utils,Vocab,embedding,2,1,0
aisolab_nlp_classification.Efficient_Character-level_Document_Classification_by_Combining_Convolution_and_Recurrent_Layers.model,utils,Vocab,embedding,2,1,1
aisolab_nlp_classification.Efficient_Character-level_Document_Classification_by_Combining_Convolution_and_Recurrent_Layers.model,utils,Tokenizer,__init__,5,1,3
aisolab_nlp_classification.Efficient_Character-level_Document_Classification_by_Combining_Convolution_and_Recurrent_Layers.model,utils,Tokenizer,split,3,1,1
aisolab_nlp_classification.Efficient_Character-level_Document_Classification_by_Combining_Convolution_and_Recurrent_Layers.model,utils,Tokenizer,transform,4,1,1
aisolab_nlp_classification.Efficient_Character-level_Document_Classification_by_Combining_Convolution_and_Recurrent_Layers.model,utils,Tokenizer,split_and_transform,2,1,1
aisolab_nlp_classification.Efficient_Character-level_Document_Classification_by_Combining_Convolution_and_Recurrent_Layers.model,utils,Tokenizer,vocab,2,1,0
aisolab_nlp_classification.Efficient_Character-level_Document_Classification_by_Combining_Convolution_and_Recurrent_Layers.model,utils,PadSequence,__init__,5,1,3
aisolab_nlp_classification.Efficient_Character-level_Document_Classification_by_Combining_Convolution_and_Recurrent_Layers.model,utils,PadSequence,__call__,9,2,1
aisolab_nlp_classification.Siamese_recurrent_architectures_for_learning_sentence_similarity,evaluate,,get_tokenizer,5,1,2
aisolab_nlp_classification.Siamese_recurrent_architectures_for_learning_sentence_similarity,evaluate,,main,23,1,1
aisolab_nlp_classification.Siamese_recurrent_architectures_for_learning_sentence_similarity,train,,get_tokenizer,5,1,2
aisolab_nlp_classification.Siamese_recurrent_architectures_for_learning_sentence_similarity,train,,get_data_loaders,7,1,4
aisolab_nlp_classification.Siamese_recurrent_architectures_for_learning_sentence_similarity,train,,main,77,7,1
aisolab_nlp_classification.Siamese_recurrent_architectures_for_learning_sentence_similarity,utils,Config,__init__,8,2,1
aisolab_nlp_classification.Siamese_recurrent_architectures_for_learning_sentence_similarity,utils,Config,save,4,1,1
aisolab_nlp_classification.Siamese_recurrent_architectures_for_learning_sentence_similarity,utils,Config,update,8,2,1
aisolab_nlp_classification.Siamese_recurrent_architectures_for_learning_sentence_similarity,utils,Config,dict,2,1,0
aisolab_nlp_classification.Siamese_recurrent_architectures_for_learning_sentence_similarity,utils,CheckpointManager,__init__,7,3,1
aisolab_nlp_classification.Siamese_recurrent_architectures_for_learning_sentence_similarity,utils,CheckpointManager,save_checkpoint,3,1,2
aisolab_nlp_classification.Siamese_recurrent_architectures_for_learning_sentence_similarity,utils,CheckpointManager,load_checkpoint,7,2,2
aisolab_nlp_classification.Siamese_recurrent_architectures_for_learning_sentence_similarity,utils,SummaryManager,__init__,7,3,1
aisolab_nlp_classification.Siamese_recurrent_architectures_for_learning_sentence_similarity,utils,SummaryManager,save,4,1,1
aisolab_nlp_classification.Siamese_recurrent_architectures_for_learning_sentence_similarity,utils,SummaryManager,load,5,1,1
aisolab_nlp_classification.Siamese_recurrent_architectures_for_learning_sentence_similarity,utils,SummaryManager,update,3,1,1
aisolab_nlp_classification.Siamese_recurrent_architectures_for_learning_sentence_similarity,utils,SummaryManager,reset,2,1,0
aisolab_nlp_classification.Siamese_recurrent_architectures_for_learning_sentence_similarity,utils,SummaryManager,summary,2,1,0
aisolab_nlp_classification.Siamese_recurrent_architectures_for_learning_sentence_similarity.model,data,Corpus,__init__,4,1,2
aisolab_nlp_classification.Siamese_recurrent_architectures_for_learning_sentence_similarity.model,data,Corpus,__len__,2,1,0
aisolab_nlp_classification.Siamese_recurrent_architectures_for_learning_sentence_similarity.model,data,Corpus,__getitem__,6,1,1
aisolab_nlp_classification.Siamese_recurrent_architectures_for_learning_sentence_similarity.model,data,,batchify,9,1,1
aisolab_nlp_classification.Siamese_recurrent_architectures_for_learning_sentence_similarity.model,metric,,evaluate,18,5,4
aisolab_nlp_classification.Siamese_recurrent_architectures_for_learning_sentence_similarity.model,metric,,acc,5,1,2
aisolab_nlp_classification.Siamese_recurrent_architectures_for_learning_sentence_similarity.model,net,MaLSTM,__init__,11,1,3
aisolab_nlp_classification.Siamese_recurrent_architectures_for_learning_sentence_similarity.model,net,MaLSTM,forward,7,1,1
aisolab_nlp_classification.Siamese_recurrent_architectures_for_learning_sentence_similarity.model,ops,Embedding,__init__,11,1,5
aisolab_nlp_classification.Siamese_recurrent_architectures_for_learning_sentence_similarity.model,ops,Embedding,forward,7,1,1
aisolab_nlp_classification.Siamese_recurrent_architectures_for_learning_sentence_similarity.model,ops,Linker,__init__,4,1,1
aisolab_nlp_classification.Siamese_recurrent_architectures_for_learning_sentence_similarity.model,ops,Linker,forward,6,1,1
aisolab_nlp_classification.Siamese_recurrent_architectures_for_learning_sentence_similarity.model,ops,LSTMEncoder,__init__,5,1,3
aisolab_nlp_classification.Siamese_recurrent_architectures_for_learning_sentence_similarity.model,ops,LSTMEncoder,forward,8,1,1
aisolab_nlp_classification.Siamese_recurrent_architectures_for_learning_sentence_similarity.model,utils,Vocab,__init__,28,6,7
aisolab_nlp_classification.Siamese_recurrent_architectures_for_learning_sentence_similarity.model,utils,Vocab,to_indices,15,1,1
aisolab_nlp_classification.Siamese_recurrent_architectures_for_learning_sentence_similarity.model,utils,Vocab,to_tokens,6,1,1
aisolab_nlp_classification.Siamese_recurrent_architectures_for_learning_sentence_similarity.model,utils,Vocab,_build,4,1,1
aisolab_nlp_classification.Siamese_recurrent_architectures_for_learning_sentence_similarity.model,utils,Vocab,_sort_index_according_to_user_specification,24,6,1
aisolab_nlp_classification.Siamese_recurrent_architectures_for_learning_sentence_similarity.model,utils,Vocab,__len__,2,1,0
aisolab_nlp_classification.Siamese_recurrent_architectures_for_learning_sentence_similarity.model,utils,Vocab,token_to_idx,2,1,0
aisolab_nlp_classification.Siamese_recurrent_architectures_for_learning_sentence_similarity.model,utils,Vocab,idx_to_token,2,1,0
aisolab_nlp_classification.Siamese_recurrent_architectures_for_learning_sentence_similarity.model,utils,Vocab,padding_token,2,1,0
aisolab_nlp_classification.Siamese_recurrent_architectures_for_learning_sentence_similarity.model,utils,Vocab,unknown_token,2,1,0
aisolab_nlp_classification.Siamese_recurrent_architectures_for_learning_sentence_similarity.model,utils,Vocab,bos_token,2,1,0
aisolab_nlp_classification.Siamese_recurrent_architectures_for_learning_sentence_similarity.model,utils,Vocab,eos_token,2,1,0
aisolab_nlp_classification.Siamese_recurrent_architectures_for_learning_sentence_similarity.model,utils,Vocab,embedding,2,1,0
aisolab_nlp_classification.Siamese_recurrent_architectures_for_learning_sentence_similarity.model,utils,Vocab,embedding,2,1,1
aisolab_nlp_classification.Siamese_recurrent_architectures_for_learning_sentence_similarity.model,utils,Tokenizer,__init__,5,1,3
aisolab_nlp_classification.Siamese_recurrent_architectures_for_learning_sentence_similarity.model,utils,Tokenizer,split,3,1,1
aisolab_nlp_classification.Siamese_recurrent_architectures_for_learning_sentence_similarity.model,utils,Tokenizer,transform,4,1,1
aisolab_nlp_classification.Siamese_recurrent_architectures_for_learning_sentence_similarity.model,utils,Tokenizer,split_and_transform,2,1,1
aisolab_nlp_classification.Siamese_recurrent_architectures_for_learning_sentence_similarity.model,utils,Tokenizer,vocab,2,1,0
aisolab_nlp_classification.Siamese_recurrent_architectures_for_learning_sentence_similarity.model,utils,PadSequence,__init__,5,1,3
aisolab_nlp_classification.Siamese_recurrent_architectures_for_learning_sentence_similarity.model,utils,PadSequence,__call__,9,2,1
aisolab_nlp_classification.Stochastic_Answer_Networks_for_Natural_Language_Inference,evaluate,,get_preprocessor,9,1,3
aisolab_nlp_classification.Stochastic_Answer_Networks_for_Natural_Language_Inference,evaluate,,main,25,1,1
aisolab_nlp_classification.Stochastic_Answer_Networks_for_Natural_Language_Inference,train,,get_preprocessor,9,1,3
aisolab_nlp_classification.Stochastic_Answer_Networks_for_Natural_Language_Inference,train,,get_data_loaders,7,1,4
aisolab_nlp_classification.Stochastic_Answer_Networks_for_Natural_Language_Inference,train,,main,76,7,1
aisolab_nlp_classification.Stochastic_Answer_Networks_for_Natural_Language_Inference,utils,Config,__init__,8,2,1
aisolab_nlp_classification.Stochastic_Answer_Networks_for_Natural_Language_Inference,utils,Config,save,4,1,1
aisolab_nlp_classification.Stochastic_Answer_Networks_for_Natural_Language_Inference,utils,Config,update,8,2,1
aisolab_nlp_classification.Stochastic_Answer_Networks_for_Natural_Language_Inference,utils,Config,dict,2,1,0
aisolab_nlp_classification.Stochastic_Answer_Networks_for_Natural_Language_Inference,utils,CheckpointManager,__init__,7,3,1
aisolab_nlp_classification.Stochastic_Answer_Networks_for_Natural_Language_Inference,utils,CheckpointManager,save_checkpoint,3,1,2
aisolab_nlp_classification.Stochastic_Answer_Networks_for_Natural_Language_Inference,utils,CheckpointManager,load_checkpoint,7,2,2
aisolab_nlp_classification.Stochastic_Answer_Networks_for_Natural_Language_Inference,utils,SummaryManager,__init__,7,3,1
aisolab_nlp_classification.Stochastic_Answer_Networks_for_Natural_Language_Inference,utils,SummaryManager,save,4,1,1
aisolab_nlp_classification.Stochastic_Answer_Networks_for_Natural_Language_Inference,utils,SummaryManager,load,5,1,1
aisolab_nlp_classification.Stochastic_Answer_Networks_for_Natural_Language_Inference,utils,SummaryManager,update,3,1,1
aisolab_nlp_classification.Stochastic_Answer_Networks_for_Natural_Language_Inference,utils,SummaryManager,reset,2,1,0
aisolab_nlp_classification.Stochastic_Answer_Networks_for_Natural_Language_Inference,utils,SummaryManager,summary,2,1,0
aisolab_nlp_classification.Stochastic_Answer_Networks_for_Natural_Language_Inference.model,data,Corpus,__init__,4,1,2
aisolab_nlp_classification.Stochastic_Answer_Networks_for_Natural_Language_Inference.model,data,Corpus,__len__,2,1,0
aisolab_nlp_classification.Stochastic_Answer_Networks_for_Natural_Language_Inference.model,data,Corpus,__getitem__,6,1,1
aisolab_nlp_classification.Stochastic_Answer_Networks_for_Natural_Language_Inference.model,data,,batchify,10,1,1
aisolab_nlp_classification.Stochastic_Answer_Networks_for_Natural_Language_Inference.model,metric,,evaluate,19,5,4
aisolab_nlp_classification.Stochastic_Answer_Networks_for_Natural_Language_Inference.model,metric,,log_loss,4,1,2
aisolab_nlp_classification.Stochastic_Answer_Networks_for_Natural_Language_Inference.model,metric,,acc,5,1,2
aisolab_nlp_classification.Stochastic_Answer_Networks_for_Natural_Language_Inference.model,net,SAN,__init__,14,1,7
aisolab_nlp_classification.Stochastic_Answer_Networks_for_Natural_Language_Inference.model,net,SAN,forward,40,3,1
aisolab_nlp_classification.Stochastic_Answer_Networks_for_Natural_Language_Inference.model,net,SAN,_one_step_predict,6,1,1
aisolab_nlp_classification.Stochastic_Answer_Networks_for_Natural_Language_Inference.model,ops,Embedding,__init__,7,1,5
aisolab_nlp_classification.Stochastic_Answer_Networks_for_Natural_Language_Inference.model,ops,Embedding,forward,7,1,1
aisolab_nlp_classification.Stochastic_Answer_Networks_for_Natural_Language_Inference.model,ops,PreEmbedding,__init__,11,1,5
aisolab_nlp_classification.Stochastic_Answer_Networks_for_Natural_Language_Inference.model,ops,PreEmbedding,forward,7,1,1
aisolab_nlp_classification.Stochastic_Answer_Networks_for_Natural_Language_Inference.model,ops,Conv1d,__init__,9,1,7
aisolab_nlp_classification.Stochastic_Answer_Networks_for_Natural_Language_Inference.model,ops,Conv1d,forward,19,1,1
aisolab_nlp_classification.Stochastic_Answer_Networks_for_Natural_Language_Inference.model,ops,Linker,__init__,4,1,1
aisolab_nlp_classification.Stochastic_Answer_Networks_for_Natural_Language_Inference.model,ops,Linker,forward,6,1,1
aisolab_nlp_classification.Stochastic_Answer_Networks_for_Natural_Language_Inference.model,ops,BiLSTM,__init__,5,1,3
aisolab_nlp_classification.Stochastic_Answer_Networks_for_Natural_Language_Inference.model,ops,BiLSTM,forward,8,1,1
aisolab_nlp_classification.Stochastic_Answer_Networks_for_Natural_Language_Inference.model,ops,MaxOut,__init__,4,1,2
aisolab_nlp_classification.Stochastic_Answer_Networks_for_Natural_Language_Inference.model,ops,MaxOut,forward,4,1,1
aisolab_nlp_classification.Stochastic_Answer_Networks_for_Natural_Language_Inference.model,ops,LexiconEncoder,__init__,19,1,3
aisolab_nlp_classification.Stochastic_Answer_Networks_for_Natural_Language_Inference.model,ops,LexiconEncoder,forward,16,1,1
aisolab_nlp_classification.Stochastic_Answer_Networks_for_Natural_Language_Inference.model,ops,ContextualEncoder,__init__,9,1,2
aisolab_nlp_classification.Stochastic_Answer_Networks_for_Natural_Language_Inference.model,ops,ContextualEncoder,forward,10,1,1
aisolab_nlp_classification.Stochastic_Answer_Networks_for_Natural_Language_Inference.model,split,,split_jamos,36,4,1
aisolab_nlp_classification.Stochastic_Answer_Networks_for_Natural_Language_Inference.model,utils,Vocab,__init__,28,6,7
aisolab_nlp_classification.Stochastic_Answer_Networks_for_Natural_Language_Inference.model,utils,Vocab,to_indices,15,1,1
aisolab_nlp_classification.Stochastic_Answer_Networks_for_Natural_Language_Inference.model,utils,Vocab,to_tokens,6,1,1
aisolab_nlp_classification.Stochastic_Answer_Networks_for_Natural_Language_Inference.model,utils,Vocab,_build,4,1,1
aisolab_nlp_classification.Stochastic_Answer_Networks_for_Natural_Language_Inference.model,utils,Vocab,_sort_index_according_to_user_specification,24,6,1
aisolab_nlp_classification.Stochastic_Answer_Networks_for_Natural_Language_Inference.model,utils,Vocab,__len__,2,1,0
aisolab_nlp_classification.Stochastic_Answer_Networks_for_Natural_Language_Inference.model,utils,Vocab,token_to_idx,2,1,0
aisolab_nlp_classification.Stochastic_Answer_Networks_for_Natural_Language_Inference.model,utils,Vocab,idx_to_token,2,1,0
aisolab_nlp_classification.Stochastic_Answer_Networks_for_Natural_Language_Inference.model,utils,Vocab,padding_token,2,1,0
aisolab_nlp_classification.Stochastic_Answer_Networks_for_Natural_Language_Inference.model,utils,Vocab,unknown_token,2,1,0
aisolab_nlp_classification.Stochastic_Answer_Networks_for_Natural_Language_Inference.model,utils,Vocab,bos_token,2,1,0
aisolab_nlp_classification.Stochastic_Answer_Networks_for_Natural_Language_Inference.model,utils,Vocab,eos_token,2,1,0
aisolab_nlp_classification.Stochastic_Answer_Networks_for_Natural_Language_Inference.model,utils,Vocab,embedding,2,1,0
aisolab_nlp_classification.Stochastic_Answer_Networks_for_Natural_Language_Inference.model,utils,Vocab,embedding,2,1,1
aisolab_nlp_classification.Stochastic_Answer_Networks_for_Natural_Language_Inference.model,utils,Tokenizer,__init__,5,1,3
aisolab_nlp_classification.Stochastic_Answer_Networks_for_Natural_Language_Inference.model,utils,Tokenizer,split,3,1,1
aisolab_nlp_classification.Stochastic_Answer_Networks_for_Natural_Language_Inference.model,utils,Tokenizer,transform,4,1,1
aisolab_nlp_classification.Stochastic_Answer_Networks_for_Natural_Language_Inference.model,utils,Tokenizer,split_and_transform,2,1,1
aisolab_nlp_classification.Stochastic_Answer_Networks_for_Natural_Language_Inference.model,utils,Tokenizer,vocab,2,1,0
aisolab_nlp_classification.Stochastic_Answer_Networks_for_Natural_Language_Inference.model,utils,PadSequence,__init__,5,1,3
aisolab_nlp_classification.Stochastic_Answer_Networks_for_Natural_Language_Inference.model,utils,PadSequence,__call__,9,2,1
aisolab_nlp_classification.Stochastic_Answer_Networks_for_Natural_Language_Inference.model,utils,PreProcessor,__init__,6,1,5
aisolab_nlp_classification.Stochastic_Answer_Networks_for_Natural_Language_Inference.model,utils,PreProcessor,preprocess,5,1,1
aisolab_nlp_classification.Stochastic_Answer_Networks_for_Natural_Language_Inference.model,utils,PreProcessor,coarse_vocab,2,1,0
aisolab_nlp_classification.Stochastic_Answer_Networks_for_Natural_Language_Inference.model,utils,PreProcessor,fine_vocab,2,1,0
aisolab_nlp_classification.Stochastic_Answer_Networks_for_Natural_Language_Inference.model,utils,PreProcessor,_transform_fine,13,1,1
aisolab_nlp_classification.Very_Deep_Convolutional_Networks_for_Text_Classification,evaluate,,get_tokenizer,6,1,2
aisolab_nlp_classification.Very_Deep_Convolutional_Networks_for_Text_Classification,evaluate,,main,24,1,1
aisolab_nlp_classification.Very_Deep_Convolutional_Networks_for_Text_Classification,train,,get_tokenizer,6,1,2
aisolab_nlp_classification.Very_Deep_Convolutional_Networks_for_Text_Classification,train,,get_data_loaders,6,1,3
aisolab_nlp_classification.Very_Deep_Convolutional_Networks_for_Text_Classification,train,,main,77,7,1
aisolab_nlp_classification.Very_Deep_Convolutional_Networks_for_Text_Classification,utils,Config,__init__,8,2,1
aisolab_nlp_classification.Very_Deep_Convolutional_Networks_for_Text_Classification,utils,Config,save,4,1,1
aisolab_nlp_classification.Very_Deep_Convolutional_Networks_for_Text_Classification,utils,Config,update,8,2,1
aisolab_nlp_classification.Very_Deep_Convolutional_Networks_for_Text_Classification,utils,Config,dict,2,1,0
aisolab_nlp_classification.Very_Deep_Convolutional_Networks_for_Text_Classification,utils,CheckpointManager,__init__,7,3,1
aisolab_nlp_classification.Very_Deep_Convolutional_Networks_for_Text_Classification,utils,CheckpointManager,save_checkpoint,3,1,2
aisolab_nlp_classification.Very_Deep_Convolutional_Networks_for_Text_Classification,utils,CheckpointManager,load_checkpoint,5,2,2
aisolab_nlp_classification.Very_Deep_Convolutional_Networks_for_Text_Classification,utils,SummaryManager,__init__,7,3,1
aisolab_nlp_classification.Very_Deep_Convolutional_Networks_for_Text_Classification,utils,SummaryManager,save,4,1,1
aisolab_nlp_classification.Very_Deep_Convolutional_Networks_for_Text_Classification,utils,SummaryManager,load,5,1,1
aisolab_nlp_classification.Very_Deep_Convolutional_Networks_for_Text_Classification,utils,SummaryManager,update,3,1,1
aisolab_nlp_classification.Very_Deep_Convolutional_Networks_for_Text_Classification,utils,SummaryManager,reset,2,1,0
aisolab_nlp_classification.Very_Deep_Convolutional_Networks_for_Text_Classification,utils,SummaryManager,summary,2,1,0
aisolab_nlp_classification.Very_Deep_Convolutional_Networks_for_Text_Classification.model,data,Corpus,__init__,4,1,2
aisolab_nlp_classification.Very_Deep_Convolutional_Networks_for_Text_Classification.model,data,Corpus,__len__,2,1,0
aisolab_nlp_classification.Very_Deep_Convolutional_Networks_for_Text_Classification.model,data,Corpus,__getitem__,4,1,1
aisolab_nlp_classification.Very_Deep_Convolutional_Networks_for_Text_Classification.model,metric,,evaluate,16,5,4
aisolab_nlp_classification.Very_Deep_Convolutional_Networks_for_Text_Classification.model,metric,,acc,5,1,2
aisolab_nlp_classification.Very_Deep_Convolutional_Networks_for_Text_Classification.model,net,VDCNN,__init__,24,1,4
aisolab_nlp_classification.Very_Deep_Convolutional_Networks_for_Text_Classification.model,net,VDCNN,forward,4,1,1
aisolab_nlp_classification.Very_Deep_Convolutional_Networks_for_Text_Classification.model,ops,Flatten,forward,2,1,1
aisolab_nlp_classification.Very_Deep_Convolutional_Networks_for_Text_Classification.model,ops,Permute,forward,2,1,1
aisolab_nlp_classification.Very_Deep_Convolutional_Networks_for_Text_Classification.model,ops,ConvBlock,__init__,14,2,2
aisolab_nlp_classification.Very_Deep_Convolutional_Networks_for_Text_Classification.model,ops,ConvBlock,forward,5,1,1
aisolab_nlp_classification.Very_Deep_Convolutional_Networks_for_Text_Classification.model,split,,split_to_jamo,36,4,1
aisolab_nlp_classification.Very_Deep_Convolutional_Networks_for_Text_Classification.model,utils,Vocab,__init__,28,6,7
aisolab_nlp_classification.Very_Deep_Convolutional_Networks_for_Text_Classification.model,utils,Vocab,to_indices,15,1,1
aisolab_nlp_classification.Very_Deep_Convolutional_Networks_for_Text_Classification.model,utils,Vocab,to_tokens,6,1,1
aisolab_nlp_classification.Very_Deep_Convolutional_Networks_for_Text_Classification.model,utils,Vocab,_build,4,1,1
aisolab_nlp_classification.Very_Deep_Convolutional_Networks_for_Text_Classification.model,utils,Vocab,_sort_index_according_to_user_specification,24,6,1
aisolab_nlp_classification.Very_Deep_Convolutional_Networks_for_Text_Classification.model,utils,Vocab,__len__,2,1,0
aisolab_nlp_classification.Very_Deep_Convolutional_Networks_for_Text_Classification.model,utils,Vocab,token_to_idx,2,1,0
aisolab_nlp_classification.Very_Deep_Convolutional_Networks_for_Text_Classification.model,utils,Vocab,idx_to_token,2,1,0
aisolab_nlp_classification.Very_Deep_Convolutional_Networks_for_Text_Classification.model,utils,Vocab,padding_token,2,1,0
aisolab_nlp_classification.Very_Deep_Convolutional_Networks_for_Text_Classification.model,utils,Vocab,unknown_token,2,1,0
aisolab_nlp_classification.Very_Deep_Convolutional_Networks_for_Text_Classification.model,utils,Vocab,bos_token,2,1,0
aisolab_nlp_classification.Very_Deep_Convolutional_Networks_for_Text_Classification.model,utils,Vocab,eos_token,2,1,0
aisolab_nlp_classification.Very_Deep_Convolutional_Networks_for_Text_Classification.model,utils,Vocab,embedding,2,1,0
aisolab_nlp_classification.Very_Deep_Convolutional_Networks_for_Text_Classification.model,utils,Vocab,embedding,2,1,1
aisolab_nlp_classification.Very_Deep_Convolutional_Networks_for_Text_Classification.model,utils,Tokenizer,__init__,5,1,3
aisolab_nlp_classification.Very_Deep_Convolutional_Networks_for_Text_Classification.model,utils,Tokenizer,split,3,1,1
aisolab_nlp_classification.Very_Deep_Convolutional_Networks_for_Text_Classification.model,utils,Tokenizer,transform,4,1,1
aisolab_nlp_classification.Very_Deep_Convolutional_Networks_for_Text_Classification.model,utils,Tokenizer,split_and_transform,2,1,1
aisolab_nlp_classification.Very_Deep_Convolutional_Networks_for_Text_Classification.model,utils,Tokenizer,vocab,2,1,0
aisolab_nlp_classification.Very_Deep_Convolutional_Networks_for_Text_Classification.model,utils,PadSequence,__init__,5,1,3
aisolab_nlp_classification.Very_Deep_Convolutional_Networks_for_Text_Classification.model,utils,PadSequence,__call__,9,2,1
