Package,Module,Class,Function,LOC,CC,PC
open-mmlab_mmskeleton,mmskl,,parse_cfg,69,19,0
open-mmlab_mmskeleton,mmskl,,main,6,2,0
open-mmlab_mmskeleton,setup,torch_and_cython_build_ext,finalize_options,8,2,0
open-mmlab_mmskeleton,setup,,readme,4,1,0
open-mmlab_mmskeleton,setup,,get_git_hash,21,3,0
open-mmlab_mmskeleton,setup,,get_hash,12,4,0
open-mmlab_mmskeleton,setup,,write_version_py,14,1,0
open-mmlab_mmskeleton,setup,,get_version,4,1,0
open-mmlab_mmskeleton,setup,,get_requirements,5,1,1
open-mmlab_mmskeleton,setup,,make_cython_ext,13,2,3
open-mmlab_mmskeleton,setup,,make_cuda_ext,19,3,4
open-mmlab_mmskeleton.deprecated.origin_stgcn_repo.feeder,feeder,Feeder,__init__,8,1,7
open-mmlab_mmskeleton.deprecated.origin_stgcn_repo.feeder,feeder,Feeder,load_data,12,3,1
open-mmlab_mmskeleton.deprecated.origin_stgcn_repo.feeder,feeder,Feeder,__len__,2,1,0
open-mmlab_mmskeleton.deprecated.origin_stgcn_repo.feeder,feeder,Feeder,__getitem__,10,4,1
open-mmlab_mmskeleton.deprecated.origin_stgcn_repo.feeder,feeder_kinetics,Feeder_kinetics,__init__,13,1,11
open-mmlab_mmskeleton.deprecated.origin_stgcn_repo.feeder,feeder_kinetics,Feeder_kinetics,load_data,22,3,0
open-mmlab_mmskeleton.deprecated.origin_stgcn_repo.feeder,feeder_kinetics,Feeder_kinetics,__len__,2,1,0
open-mmlab_mmskeleton.deprecated.origin_stgcn_repo.feeder,feeder_kinetics,Feeder_kinetics,__iter__,2,1,0
open-mmlab_mmskeleton.deprecated.origin_stgcn_repo.feeder,feeder_kinetics,Feeder_kinetics,__getitem__,37,10,1
open-mmlab_mmskeleton.deprecated.origin_stgcn_repo.feeder,feeder_kinetics,Feeder_kinetics,top_k,5,1,2
open-mmlab_mmskeleton.deprecated.origin_stgcn_repo.feeder,feeder_kinetics,Feeder_kinetics,top_k_by_category,3,1,2
open-mmlab_mmskeleton.deprecated.origin_stgcn_repo.feeder,feeder_kinetics,Feeder_kinetics,calculate_recall_precision,3,1,1
open-mmlab_mmskeleton.deprecated.origin_stgcn_repo.feeder,tools,,downsample,3,1,3
open-mmlab_mmskeleton.deprecated.origin_stgcn_repo.feeder,tools,,temporal_slice,4,1,2
open-mmlab_mmskeleton.deprecated.origin_stgcn_repo.feeder,tools,,mean_subtractor,9,1,2
open-mmlab_mmskeleton.deprecated.origin_stgcn_repo.feeder,tools,,auto_pading,9,1,3
open-mmlab_mmskeleton.deprecated.origin_stgcn_repo.feeder,tools,,random_choose,12,1,3
open-mmlab_mmskeleton.deprecated.origin_stgcn_repo.feeder,tools,,random_move,32,3,5
open-mmlab_mmskeleton.deprecated.origin_stgcn_repo.feeder,tools,,random_shift,10,1,1
open-mmlab_mmskeleton.deprecated.origin_stgcn_repo.feeder,tools,,openpose_match,29,5,1
open-mmlab_mmskeleton.deprecated.origin_stgcn_repo.feeder,tools,,top_k_by_category,15,4,3
open-mmlab_mmskeleton.deprecated.origin_stgcn_repo.feeder,tools,,calculate_recall_precision,17,3,2
open-mmlab_mmskeleton.deprecated.origin_stgcn_repo.net,st_gcn,Model,__init__,32,2,4
open-mmlab_mmskeleton.deprecated.origin_stgcn_repo.net,st_gcn,Model,forward,15,2,1
open-mmlab_mmskeleton.deprecated.origin_stgcn_repo.net,st_gcn,Model,extract_feature,15,2,1
open-mmlab_mmskeleton.deprecated.origin_stgcn_repo.net,st_gcn,st_gcn,__init__,35,4,6
open-mmlab_mmskeleton.deprecated.origin_stgcn_repo.net,st_gcn,st_gcn,forward,5,1,2
open-mmlab_mmskeleton.deprecated.origin_stgcn_repo.net,st_gcn_twostream,Model,__init__,4,1,0
open-mmlab_mmskeleton.deprecated.origin_stgcn_repo.net,st_gcn_twostream,Model,forward,7,1,1
open-mmlab_mmskeleton.deprecated.origin_stgcn_repo.net.utils,graph,Graph,__init__,8,1,4
open-mmlab_mmskeleton.deprecated.origin_stgcn_repo.net.utils,graph,Graph,__str__,2,1,0
open-mmlab_mmskeleton.deprecated.origin_stgcn_repo.net.utils,graph,Graph,get_edge,36,4,1
open-mmlab_mmskeleton.deprecated.origin_stgcn_repo.net.utils,graph,Graph,get_adjacency,42,13,1
open-mmlab_mmskeleton.deprecated.origin_stgcn_repo.net.utils,graph,,get_hop_distance,11,3,3
open-mmlab_mmskeleton.deprecated.origin_stgcn_repo.net.utils,graph,,normalize_digraph,9,3,1
open-mmlab_mmskeleton.deprecated.origin_stgcn_repo.net.utils,graph,,normalize_undigraph,9,3,1
open-mmlab_mmskeleton.deprecated.origin_stgcn_repo.net.utils,tgcn,ConvTemporalGraphical,__init__,10,1,8
open-mmlab_mmskeleton.deprecated.origin_stgcn_repo.net.utils,tgcn,ConvTemporalGraphical,forward,7,1,2
open-mmlab_mmskeleton.deprecated.origin_stgcn_repo.processor,demo_offline,DemoOffline,start,18,3,0
open-mmlab_mmskeleton.deprecated.origin_stgcn_repo.processor,demo_offline,DemoOffline,predict,25,3,1
open-mmlab_mmskeleton.deprecated.origin_stgcn_repo.processor,demo_offline,DemoOffline,render_video,9,1,5
open-mmlab_mmskeleton.deprecated.origin_stgcn_repo.processor,demo_offline,DemoOffline,pose_estimation,55,5,0
open-mmlab_mmskeleton.deprecated.origin_stgcn_repo.processor,demo_offline,DemoOffline,get_parser,26,1,1
open-mmlab_mmskeleton.deprecated.origin_stgcn_repo.processor,demo_offline,naive_pose_tracker,__init__,6,1,3
open-mmlab_mmskeleton.deprecated.origin_stgcn_repo.processor,demo_offline,naive_pose_tracker,update,38,9,2
open-mmlab_mmskeleton.deprecated.origin_stgcn_repo.processor,demo_offline,naive_pose_tracker,get_skeleton_sequence,16,4,0
open-mmlab_mmskeleton.deprecated.origin_stgcn_repo.processor,demo_offline,naive_pose_tracker,cat_pose,14,4,4
open-mmlab_mmskeleton.deprecated.origin_stgcn_repo.processor,demo_offline,naive_pose_tracker,get_dis,8,1,2
open-mmlab_mmskeleton.deprecated.origin_stgcn_repo.processor,demo_old,Demo,start,66,5,0
open-mmlab_mmskeleton.deprecated.origin_stgcn_repo.processor,demo_old,Demo,get_parser,21,1,1
open-mmlab_mmskeleton.deprecated.origin_stgcn_repo.processor,demo_realtime,DemoRealtime,start,77,9,0
open-mmlab_mmskeleton.deprecated.origin_stgcn_repo.processor,demo_realtime,DemoRealtime,predict,25,3,1
open-mmlab_mmskeleton.deprecated.origin_stgcn_repo.processor,demo_realtime,DemoRealtime,render,12,1,6
open-mmlab_mmskeleton.deprecated.origin_stgcn_repo.processor,demo_realtime,DemoRealtime,get_parser,26,1,1
open-mmlab_mmskeleton.deprecated.origin_stgcn_repo.processor,demo_realtime,naive_pose_tracker,__init__,6,1,3
open-mmlab_mmskeleton.deprecated.origin_stgcn_repo.processor,demo_realtime,naive_pose_tracker,update,38,9,2
open-mmlab_mmskeleton.deprecated.origin_stgcn_repo.processor,demo_realtime,naive_pose_tracker,get_skeleton_sequence,16,4,0
open-mmlab_mmskeleton.deprecated.origin_stgcn_repo.processor,demo_realtime,naive_pose_tracker,cat_pose,14,4,4
open-mmlab_mmskeleton.deprecated.origin_stgcn_repo.processor,demo_realtime,naive_pose_tracker,get_dis,8,1,2
open-mmlab_mmskeleton.deprecated.origin_stgcn_repo.processor,io,IO,__init__,6,1,1
open-mmlab_mmskeleton.deprecated.origin_stgcn_repo.processor,io,IO,load_arg,17,4,1
open-mmlab_mmskeleton.deprecated.origin_stgcn_repo.processor,io,IO,init_environment,13,2,0
open-mmlab_mmskeleton.deprecated.origin_stgcn_repo.processor,io,IO,load_model,3,1,0
open-mmlab_mmskeleton.deprecated.origin_stgcn_repo.processor,io,IO,load_weights,4,2,0
open-mmlab_mmskeleton.deprecated.origin_stgcn_repo.processor,io,IO,gpu,8,5,0
open-mmlab_mmskeleton.deprecated.origin_stgcn_repo.processor,io,IO,start,2,1,0
open-mmlab_mmskeleton.deprecated.origin_stgcn_repo.processor,io,IO,get_parser,13,1,1
open-mmlab_mmskeleton.deprecated.origin_stgcn_repo.processor,processor,Processor,__init__,8,1,1
open-mmlab_mmskeleton.deprecated.origin_stgcn_repo.processor,processor,Processor,init_environment,6,1,0
open-mmlab_mmskeleton.deprecated.origin_stgcn_repo.processor,processor,Processor,load_optimizer,2,1,0
open-mmlab_mmskeleton.deprecated.origin_stgcn_repo.processor,processor,Processor,load_data,20,4,0
open-mmlab_mmskeleton.deprecated.origin_stgcn_repo.processor,processor,Processor,show_epoch_info,5,3,0
open-mmlab_mmskeleton.deprecated.origin_stgcn_repo.processor,processor,Processor,show_iter_info,13,5,0
open-mmlab_mmskeleton.deprecated.origin_stgcn_repo.processor,processor,Processor,train,7,2,0
open-mmlab_mmskeleton.deprecated.origin_stgcn_repo.processor,processor,Processor,test,6,2,0
open-mmlab_mmskeleton.deprecated.origin_stgcn_repo.processor,processor,Processor,start,43,10,0
open-mmlab_mmskeleton.deprecated.origin_stgcn_repo.processor,processor,Processor,get_parser,28,1,1
open-mmlab_mmskeleton.deprecated.origin_stgcn_repo.processor,recognition,REC_Processor,load_model,5,1,0
open-mmlab_mmskeleton.deprecated.origin_stgcn_repo.processor,recognition,REC_Processor,load_optimizer,15,3,0
open-mmlab_mmskeleton.deprecated.origin_stgcn_repo.processor,recognition,REC_Processor,adjust_lr,9,4,0
open-mmlab_mmskeleton.deprecated.origin_stgcn_repo.processor,recognition,REC_Processor,show_topk,5,1,1
open-mmlab_mmskeleton.deprecated.origin_stgcn_repo.processor,recognition,REC_Processor,train,29,2,0
open-mmlab_mmskeleton.deprecated.origin_stgcn_repo.processor,recognition,REC_Processor,test,31,5,1
open-mmlab_mmskeleton.deprecated.origin_stgcn_repo.processor,recognition,REC_Processor,get_parser,13,1,1
open-mmlab_mmskeleton.deprecated.origin_stgcn_repo.processor,recognition,,weights_init,13,6,1
open-mmlab_mmskeleton.deprecated.origin_stgcn_repo.tools,kinetics_gendata,,print_toolbar,9,3,2
open-mmlab_mmskeleton.deprecated.origin_stgcn_repo.tools,kinetics_gendata,,end_toolbar,2,1,0
open-mmlab_mmskeleton.deprecated.origin_stgcn_repo.tools,kinetics_gendata,,gendata,22,2,7
open-mmlab_mmskeleton.deprecated.origin_stgcn_repo.tools,ntu_gendata,,print_toolbar,9,3,2
open-mmlab_mmskeleton.deprecated.origin_stgcn_repo.tools,ntu_gendata,,end_toolbar,2,1,0
open-mmlab_mmskeleton.deprecated.origin_stgcn_repo.tools,ntu_gendata,,gendata,54,10,5
open-mmlab_mmskeleton.deprecated.origin_stgcn_repo.tools.utils,ntu_read_skeleton,,read_skeleton,38,4,1
open-mmlab_mmskeleton.deprecated.origin_stgcn_repo.tools.utils,ntu_read_skeleton,,read_xyz,11,6,3
open-mmlab_mmskeleton.deprecated.origin_stgcn_repo.tools.utils,openpose,,json_pack,29,4,6
open-mmlab_mmskeleton.deprecated.origin_stgcn_repo.tools.utils,video,,video_info_parsing,21,5,3
open-mmlab_mmskeleton.deprecated.origin_stgcn_repo.tools.utils,video,,get_video_frames,6,2,1
open-mmlab_mmskeleton.deprecated.origin_stgcn_repo.tools.utils,video,,video_play,12,3,2
open-mmlab_mmskeleton.deprecated.origin_stgcn_repo.tools.utils,visualization,,stgcn_visualize,125,17,8
open-mmlab_mmskeleton.deprecated.origin_stgcn_repo.tools.utils,visualization,,put_text,11,1,4
open-mmlab_mmskeleton.deprecated.origin_stgcn_repo.tools.utils,visualization,,blend,9,1,5
open-mmlab_mmskeleton.deprecated.origin_stgcn_repo.torchlight.torchlight,gpu,,visible_gpu,6,1,1
open-mmlab_mmskeleton.deprecated.origin_stgcn_repo.torchlight.torchlight,gpu,,ngpu,5,1,1
open-mmlab_mmskeleton.deprecated.origin_stgcn_repo.torchlight.torchlight,gpu,,occupy_gpu,9,3,1
open-mmlab_mmskeleton.deprecated.origin_stgcn_repo.torchlight.torchlight,io,IO,__init__,9,1,3
open-mmlab_mmskeleton.deprecated.origin_stgcn_repo.torchlight.torchlight,io,IO,log,2,1,0
open-mmlab_mmskeleton.deprecated.origin_stgcn_repo.torchlight.torchlight,io,IO,load_model,5,1,1
open-mmlab_mmskeleton.deprecated.origin_stgcn_repo.torchlight.torchlight,io,IO,load_weights,29,10,3
open-mmlab_mmskeleton.deprecated.origin_stgcn_repo.torchlight.torchlight,io,IO,save_pkl,3,1,2
open-mmlab_mmskeleton.deprecated.origin_stgcn_repo.torchlight.torchlight,io,IO,save_h5,4,2,2
open-mmlab_mmskeleton.deprecated.origin_stgcn_repo.torchlight.torchlight,io,IO,save_model,7,1,2
open-mmlab_mmskeleton.deprecated.origin_stgcn_repo.torchlight.torchlight,io,IO,save_arg,8,2,1
open-mmlab_mmskeleton.deprecated.origin_stgcn_repo.torchlight.torchlight,io,IO,print_log,9,4,2
open-mmlab_mmskeleton.deprecated.origin_stgcn_repo.torchlight.torchlight,io,IO,init_timer,3,1,0
open-mmlab_mmskeleton.deprecated.origin_stgcn_repo.torchlight.torchlight,io,IO,check_time,2,1,1
open-mmlab_mmskeleton.deprecated.origin_stgcn_repo.torchlight.torchlight,io,IO,record_time,3,1,0
open-mmlab_mmskeleton.deprecated.origin_stgcn_repo.torchlight.torchlight,io,IO,split_time,4,1,0
open-mmlab_mmskeleton.deprecated.origin_stgcn_repo.torchlight.torchlight,io,IO,print_timer,10,2,0
open-mmlab_mmskeleton.deprecated.origin_stgcn_repo.torchlight.torchlight,io,DictAction,__init__,4,2,3
open-mmlab_mmskeleton.deprecated.origin_stgcn_repo.torchlight.torchlight,io,DictAction,__call__,6,2,4
open-mmlab_mmskeleton.deprecated.origin_stgcn_repo.torchlight.torchlight,io,,str2bool,7,2,1
open-mmlab_mmskeleton.deprecated.origin_stgcn_repo.torchlight.torchlight,io,,str2dict,2,1,1
open-mmlab_mmskeleton.deprecated.origin_stgcn_repo.torchlight.torchlight,io,,_import_class_0,6,2,1
open-mmlab_mmskeleton.deprecated.origin_stgcn_repo.torchlight.torchlight,io,,import_class,9,2,1
open-mmlab_mmskeleton.deprecated.tools.data_processing,kinetics_gendata,,print_toolbar,9,3,2
open-mmlab_mmskeleton.deprecated.tools.data_processing,kinetics_gendata,,end_toolbar,2,1,0
open-mmlab_mmskeleton.deprecated.tools.data_processing,kinetics_gendata,,gendata,22,2,7
open-mmlab_mmskeleton.deprecated.tools.data_processing,ntu_gendata,,read_skeleton,38,4,1
open-mmlab_mmskeleton.deprecated.tools.data_processing,ntu_gendata,,read_xyz,11,6,3
open-mmlab_mmskeleton.deprecated.tools.data_processing,ntu_gendata,,print_toolbar,9,3,2
open-mmlab_mmskeleton.deprecated.tools.data_processing,ntu_gendata,,end_toolbar,2,1,0
open-mmlab_mmskeleton.deprecated.tools.data_processing,ntu_gendata,,gendata,54,10,5
open-mmlab_mmskeleton.mmskeleton.apis,estimation,,init_pose_estimator,19,2,3
open-mmlab_mmskeleton.mmskeleton.apis,estimation,,inference_pose_estimator,22,2,2
open-mmlab_mmskeleton.mmskeleton.datasets,coco,COCODataset,__init__,44,3,5
open-mmlab_mmskeleton.mmskeleton.datasets,coco,COCODataset,_get_ann_file_keypoint,5,1,0
open-mmlab_mmskeleton.mmskeleton.datasets,coco,COCODataset,_load_image_set_index,3,1,0
open-mmlab_mmskeleton.mmskeleton.datasets,coco,COCODataset,_get_db,8,3,0
open-mmlab_mmskeleton.mmskeleton.datasets,coco,COCODataset,_load_coco_keypoint_annotations,5,2,0
open-mmlab_mmskeleton.mmskeleton.datasets,coco,COCODataset,_load_coco_keypoint_annotation_kernal,53,9,1
open-mmlab_mmskeleton.mmskeleton.datasets,coco,COCODataset,_box2cs,3,1,1
open-mmlab_mmskeleton.mmskeleton.datasets,coco,COCODataset,_xywh2cs,13,4,4
open-mmlab_mmskeleton.mmskeleton.datasets,coco,COCODataset,image_path_from_index,8,2,1
open-mmlab_mmskeleton.mmskeleton.datasets,coco,COCODataset,_load_coco_person_detection_results,37,4,0
open-mmlab_mmskeleton.mmskeleton.datasets,coco,COCODataset,evaluate,62,12,5
open-mmlab_mmskeleton.mmskeleton.datasets,coco,COCODataset,_write_coco_keypoint_results,24,4,2
open-mmlab_mmskeleton.mmskeleton.datasets,coco,COCODataset,_coco_keypoint_results_one_category_kernel,29,4,1
open-mmlab_mmskeleton.mmskeleton.datasets,coco,COCODataset,_do_python_keypoint_eval,15,2,2
open-mmlab_mmskeleton.mmskeleton.datasets,data_pipeline,DataPipeline,__init__,5,1,3
open-mmlab_mmskeleton.mmskeleton.datasets,data_pipeline,DataPipeline,__len__,2,1,0
open-mmlab_mmskeleton.mmskeleton.datasets,data_pipeline,DataPipeline,__getitem__,6,2,1
open-mmlab_mmskeleton.mmskeleton.datasets,estimation,EstiamtionDataset,__init__,24,1,5
open-mmlab_mmskeleton.mmskeleton.datasets,estimation,EstiamtionDataset,_get_db,2,1,0
open-mmlab_mmskeleton.mmskeleton.datasets,estimation,EstiamtionDataset,evaluate,2,1,3
open-mmlab_mmskeleton.mmskeleton.datasets,estimation,EstiamtionDataset,half_body_transform,35,8,2
open-mmlab_mmskeleton.mmskeleton.datasets,estimation,EstiamtionDataset,__len__,2,1,0
open-mmlab_mmskeleton.mmskeleton.datasets,estimation,EstiamtionDataset,__getitem__,72,14,1
open-mmlab_mmskeleton.mmskeleton.datasets,estimation,EstiamtionDataset,select_data,31,6,1
open-mmlab_mmskeleton.mmskeleton.datasets,estimation,EstiamtionDataset,generate_target,50,7,2
open-mmlab_mmskeleton.mmskeleton.datasets.skeleton,loader,SkeletonLoader,__init__,7,1,4
open-mmlab_mmskeleton.mmskeleton.datasets.skeleton,loader,SkeletonLoader,__len__,2,1,0
open-mmlab_mmskeleton.mmskeleton.datasets.skeleton,loader,SkeletonLoader,__getitem__,20,4,1
open-mmlab_mmskeleton.mmskeleton.datasets.skeleton,skeleton_process,,normalize_by_resolution,11,4,1
open-mmlab_mmskeleton.mmskeleton.datasets.skeleton,skeleton_process,,get_mask,3,1,3
open-mmlab_mmskeleton.mmskeleton.datasets.skeleton,skeleton_process,,mask,3,1,1
open-mmlab_mmskeleton.mmskeleton.datasets.skeleton,skeleton_process,,normalize,8,1,3
open-mmlab_mmskeleton.mmskeleton.datasets.skeleton,skeleton_process,,normalize_with_mask,5,1,5
open-mmlab_mmskeleton.mmskeleton.datasets.skeleton,skeleton_process,,mask_by_visibility,11,6,1
open-mmlab_mmskeleton.mmskeleton.datasets.skeleton,skeleton_process,,transpose,3,1,3
open-mmlab_mmskeleton.mmskeleton.datasets.skeleton,skeleton_process,,to_tuple,2,1,2
open-mmlab_mmskeleton.mmskeleton.datasets.skeleton,skeleton_process,,temporal_repeat,22,3,3
open-mmlab_mmskeleton.mmskeleton.datasets.skeleton,skeleton_process,,pad_zero,10,2,2
open-mmlab_mmskeleton.mmskeleton.datasets.skeleton,skeleton_process,,random_crop,7,2,2
open-mmlab_mmskeleton.mmskeleton.datasets.skeleton,skeleton_process,,simulate_camera_moving,39,5,5
open-mmlab_mmskeleton.mmskeleton.datasets.utils,coco_transform,,flip_back,11,2,2
open-mmlab_mmskeleton.mmskeleton.datasets.utils,coco_transform,,fliplr_joints,10,2,4
open-mmlab_mmskeleton.mmskeleton.datasets.utils,coco_transform,,transform_preds,6,2,4
open-mmlab_mmskeleton.mmskeleton.datasets.utils,coco_transform,,get_affine_transform,23,4,6
open-mmlab_mmskeleton.mmskeleton.datasets.utils,coco_transform,,affine_transform,4,1,2
open-mmlab_mmskeleton.mmskeleton.datasets.utils,coco_transform,,get_3rd_point,3,1,2
open-mmlab_mmskeleton.mmskeleton.datasets.utils,coco_transform,,get_dir,6,1,2
open-mmlab_mmskeleton.mmskeleton.datasets.utils,coco_transform,,crop,6,1,5
open-mmlab_mmskeleton.mmskeleton.datasets.utils,coco_transform,,xywh2cs,13,4,6
open-mmlab_mmskeleton.mmskeleton.datasets.utils,skeleton,,downsample,3,1,3
open-mmlab_mmskeleton.mmskeleton.datasets.utils,skeleton,,temporal_slice,4,1,2
open-mmlab_mmskeleton.mmskeleton.datasets.utils,skeleton,,mean_subtractor,9,1,2
open-mmlab_mmskeleton.mmskeleton.datasets.utils,skeleton,,auto_pading,9,1,3
open-mmlab_mmskeleton.mmskeleton.datasets.utils,skeleton,,random_choose,12,1,3
open-mmlab_mmskeleton.mmskeleton.datasets.utils,skeleton,,random_move,32,3,5
open-mmlab_mmskeleton.mmskeleton.datasets.utils,skeleton,,random_shift,10,1,1
open-mmlab_mmskeleton.mmskeleton.datasets.utils,skeleton,,openpose_match,29,5,1
open-mmlab_mmskeleton.mmskeleton.datasets.utils,skeleton,,top_k_by_category,15,4,3
open-mmlab_mmskeleton.mmskeleton.datasets.utils,skeleton,,calculate_recall_precision,17,3,2
open-mmlab_mmskeleton.mmskeleton.datasets.utils,video_demo,VideoDemo,__init__,2,1,0
open-mmlab_mmskeleton.mmskeleton.datasets.utils,video_demo,VideoDemo,bbox_filter,16,2,2
open-mmlab_mmskeleton.mmskeleton.datasets.utils,video_demo,VideoDemo,skeleton_preprocess,38,3,3
open-mmlab_mmskeleton.mmskeleton.datasets.utils,video_demo,VideoDemo,skeleton_postprocess,40,7,3
open-mmlab_mmskeleton.mmskeleton.datasets.utils,zipreader,,imread,22,4,2
open-mmlab_mmskeleton.mmskeleton.datasets.utils,zipreader,,xmlread,22,4,1
open-mmlab_mmskeleton.mmskeleton.deprecated.datasets,kinetics_feeder,KineticsFeeder,__init__,13,1,11
open-mmlab_mmskeleton.mmskeleton.deprecated.datasets,kinetics_feeder,KineticsFeeder,load_data,22,3,0
open-mmlab_mmskeleton.mmskeleton.deprecated.datasets,kinetics_feeder,KineticsFeeder,__len__,2,1,0
open-mmlab_mmskeleton.mmskeleton.deprecated.datasets,kinetics_feeder,KineticsFeeder,__iter__,2,1,0
open-mmlab_mmskeleton.mmskeleton.deprecated.datasets,kinetics_feeder,KineticsFeeder,__getitem__,37,10,1
open-mmlab_mmskeleton.mmskeleton.deprecated.datasets,kinetics_feeder,KineticsFeeder,top_k,5,1,2
open-mmlab_mmskeleton.mmskeleton.deprecated.datasets,kinetics_feeder,KineticsFeeder,top_k_by_category,3,1,2
open-mmlab_mmskeleton.mmskeleton.deprecated.datasets,kinetics_feeder,KineticsFeeder,calculate_recall_precision,3,1,1
open-mmlab_mmskeleton.mmskeleton.deprecated.datasets,recognition,SkeletonDataset,__init__,10,1,7
open-mmlab_mmskeleton.mmskeleton.deprecated.datasets,recognition,SkeletonDataset,__len__,2,1,0
open-mmlab_mmskeleton.mmskeleton.deprecated.datasets,recognition,SkeletonDataset,__getitem__,39,16,1
open-mmlab_mmskeleton.mmskeleton.deprecated.datasets,skeleton_feeder,SkeletonFeeder,__init__,8,1,7
open-mmlab_mmskeleton.mmskeleton.deprecated.datasets,skeleton_feeder,SkeletonFeeder,load_data,12,3,1
open-mmlab_mmskeleton.mmskeleton.deprecated.datasets,skeleton_feeder,SkeletonFeeder,__len__,2,1,0
open-mmlab_mmskeleton.mmskeleton.deprecated.datasets,skeleton_feeder,SkeletonFeeder,__getitem__,10,4,1
open-mmlab_mmskeleton.mmskeleton.deprecated.datasets.utils,skeleton,,downsample,3,1,3
open-mmlab_mmskeleton.mmskeleton.deprecated.datasets.utils,skeleton,,temporal_slice,4,1,2
open-mmlab_mmskeleton.mmskeleton.deprecated.datasets.utils,skeleton,,mean_subtractor,9,1,2
open-mmlab_mmskeleton.mmskeleton.deprecated.datasets.utils,skeleton,,auto_pading,9,1,3
open-mmlab_mmskeleton.mmskeleton.deprecated.datasets.utils,skeleton,,random_choose,12,1,3
open-mmlab_mmskeleton.mmskeleton.deprecated.datasets.utils,skeleton,,random_move,32,3,5
open-mmlab_mmskeleton.mmskeleton.deprecated.datasets.utils,skeleton,,random_shift,10,1,1
open-mmlab_mmskeleton.mmskeleton.deprecated.datasets.utils,skeleton,,openpose_match,29,5,1
open-mmlab_mmskeleton.mmskeleton.deprecated.datasets.utils,skeleton,,top_k_by_category,15,4,3
open-mmlab_mmskeleton.mmskeleton.deprecated.datasets.utils,skeleton,,calculate_recall_precision,17,3,2
open-mmlab_mmskeleton.mmskeleton.deprecated.models,pseudo,model,__init__,6,1,3
open-mmlab_mmskeleton.mmskeleton.deprecated.processor,pseudo,,train,5,1,3
open-mmlab_mmskeleton.mmskeleton.deprecated.processor,pseudo,,hello_world,3,2,1
open-mmlab_mmskeleton.mmskeleton.models.backbones,hrnet,BasicBlock,__init__,9,1,4
open-mmlab_mmskeleton.mmskeleton.models.backbones,hrnet,BasicBlock,forward,12,2,1
open-mmlab_mmskeleton.mmskeleton.models.backbones,hrnet,Bottleneck,__init__,14,1,4
open-mmlab_mmskeleton.mmskeleton.models.backbones,hrnet,Bottleneck,forward,15,2,1
open-mmlab_mmskeleton.mmskeleton.models.backbones,hrnet,HRModule,__init__,12,1,7
open-mmlab_mmskeleton.mmskeleton.models.backbones,hrnet,HRModule,_check_branches,13,4,4
open-mmlab_mmskeleton.mmskeleton.models.backbones,hrnet,HRModule,_make_one_branch,34,4,5
open-mmlab_mmskeleton.mmskeleton.models.backbones,hrnet,HRModule,_make_branches,7,2,4
open-mmlab_mmskeleton.mmskeleton.models.backbones,hrnet,HRModule,_make_fuse_layers,54,7,0
open-mmlab_mmskeleton.mmskeleton.models.backbones,hrnet,HRModule,get_num_inchannels,2,1,0
open-mmlab_mmskeleton.mmskeleton.models.backbones,hrnet,HRModule,forward,15,5,1
open-mmlab_mmskeleton.mmskeleton.models.backbones,hrnet,HRNet,__init__,49,1,1
open-mmlab_mmskeleton.mmskeleton.models.backbones,hrnet,HRNet,_make_transition_layer,37,5,2
open-mmlab_mmskeleton.mmskeleton.models.backbones,hrnet,HRNet,_make_layer,16,4,4
open-mmlab_mmskeleton.mmskeleton.models.backbones,hrnet,HRNet,_make_stage,28,4,3
open-mmlab_mmskeleton.mmskeleton.models.backbones,hrnet,HRNet,forward,30,7,1
open-mmlab_mmskeleton.mmskeleton.models.backbones,hrnet,HRNet,init_weights,10,6,1
open-mmlab_mmskeleton.mmskeleton.models.backbones,hrnet,,conv3x3,3,1,3
open-mmlab_mmskeleton.mmskeleton.models.backbones,st_gcn_aaai18,ST_GCN_18,__init__,38,2,5
open-mmlab_mmskeleton.mmskeleton.models.backbones,st_gcn_aaai18,ST_GCN_18,forward,15,2,1
open-mmlab_mmskeleton.mmskeleton.models.backbones,st_gcn_aaai18,ST_GCN_18,extract_feature,15,2,1
open-mmlab_mmskeleton.mmskeleton.models.backbones,st_gcn_aaai18,st_gcn_block,__init__,35,4,6
open-mmlab_mmskeleton.mmskeleton.models.backbones,st_gcn_aaai18,st_gcn_block,forward,5,1,2
open-mmlab_mmskeleton.mmskeleton.models.backbones,st_gcn_aaai18,,zero,2,1,1
open-mmlab_mmskeleton.mmskeleton.models.backbones,st_gcn_aaai18,,iden,2,1,1
open-mmlab_mmskeleton.mmskeleton.models.estimator,base,BaseEstimator,__init__,2,1,0
open-mmlab_mmskeleton.mmskeleton.models.estimator,base,BaseEstimator,with_neck,2,2,0
open-mmlab_mmskeleton.mmskeleton.models.estimator,base,BaseEstimator,extract_feat,2,1,1
open-mmlab_mmskeleton.mmskeleton.models.estimator,base,BaseEstimator,extract_feats,4,2,1
open-mmlab_mmskeleton.mmskeleton.models.estimator,base,BaseEstimator,forward_train,2,1,2
open-mmlab_mmskeleton.mmskeleton.models.estimator,base,BaseEstimator,simple_test,2,1,2
open-mmlab_mmskeleton.mmskeleton.models.estimator,base,BaseEstimator,aug_test,2,1,2
open-mmlab_mmskeleton.mmskeleton.models.estimator,base,BaseEstimator,init_weights,4,2,1
open-mmlab_mmskeleton.mmskeleton.models.estimator,base,BaseEstimator,forward_test,2,1,1
open-mmlab_mmskeleton.mmskeleton.models.estimator,base,BaseEstimator,forward,5,1,5
open-mmlab_mmskeleton.mmskeleton.models.estimator,hrnet_pose,HRPoseEstimator,__init__,4,1,6
open-mmlab_mmskeleton.mmskeleton.models.estimator,twodim_pose,TwoDimPoseEstimator,__init__,9,2,6
open-mmlab_mmskeleton.mmskeleton.models.estimator,twodim_pose,TwoDimPoseEstimator,init_weights,10,4,1
open-mmlab_mmskeleton.mmskeleton.models.estimator,twodim_pose,TwoDimPoseEstimator,extract_feat,5,2,1
open-mmlab_mmskeleton.mmskeleton.models.estimator,twodim_pose,TwoDimPoseEstimator,forward_dummy,4,1,1
open-mmlab_mmskeleton.mmskeleton.models.estimator,twodim_pose,TwoDimPoseEstimator,forward_train,7,1,4
open-mmlab_mmskeleton.mmskeleton.models.estimator,twodim_pose,TwoDimPoseEstimator,forward_test,4,1,1
open-mmlab_mmskeleton.mmskeleton.models.loss,JointsMSELoss,JointsMSELoss,__init__,4,1,1
open-mmlab_mmskeleton.mmskeleton.models.loss,JointsMSELoss,JointsMSELoss,forward,17,3,3
open-mmlab_mmskeleton.mmskeleton.models.loss,JointsOHKMMSELoss,JointsOHKMMSELoss,__init__,5,1,2
open-mmlab_mmskeleton.mmskeleton.models.loss,JointsOHKMMSELoss,JointsOHKMMSELoss,ohkm,11,2,1
open-mmlab_mmskeleton.mmskeleton.models.loss,JointsOHKMMSELoss,JointsOHKMMSELoss,forward,21,3,3
open-mmlab_mmskeleton.mmskeleton.models.skeleton_head,simplehead,SimpleSkeletonHead,__init__,9,1,6
open-mmlab_mmskeleton.mmskeleton.models.skeleton_head,simplehead,SimpleSkeletonHead,init_weights,7,5,0
open-mmlab_mmskeleton.mmskeleton.models.skeleton_head,simplehead,SimpleSkeletonHead,make_layers,38,13,0
open-mmlab_mmskeleton.mmskeleton.models.skeleton_head,simplehead,SimpleSkeletonHead,forward,3,1,1
open-mmlab_mmskeleton.mmskeleton.models.skeleton_head,simplehead,SimpleSkeletonHead,loss,4,1,3
open-mmlab_mmskeleton.mmskeleton.ops.nms,nms,,py_nms_wrapper,4,0,1
open-mmlab_mmskeleton.mmskeleton.ops.nms,nms,,cpu_nms_wrapper,4,0,1
open-mmlab_mmskeleton.mmskeleton.ops.nms,nms,,gpu_nms_wrapper,4,0,2
open-mmlab_mmskeleton.mmskeleton.ops.nms,nms,,nms,29,2,2
open-mmlab_mmskeleton.mmskeleton.ops.nms,nms,,oks_iou,20,5,6
open-mmlab_mmskeleton.mmskeleton.ops.nms,nms,,oks_nms,19,2,4
open-mmlab_mmskeleton.mmskeleton.ops.nms,nms,,rescore,8,2,4
open-mmlab_mmskeleton.mmskeleton.ops.nms,nms,,soft_oks_nms,29,3,4
open-mmlab_mmskeleton.mmskeleton.ops.nms,setup_linux,custom_build_ext,build_extensions,3,1,0
open-mmlab_mmskeleton.mmskeleton.ops.nms,setup_linux,,find_in_path,6,2,2
open-mmlab_mmskeleton.mmskeleton.ops.nms,setup_linux,,locate_cuda,27,5,0
open-mmlab_mmskeleton.mmskeleton.ops.nms,setup_linux,,customize_compiler_for_nvcc,18,2,0
open-mmlab_mmskeleton.mmskeleton.ops.st_gcn,gconv,GraphConvND,__init__,27,6,10
open-mmlab_mmskeleton.mmskeleton.ops.st_gcn,gconv,GraphConvND,forward,15,3,2
open-mmlab_mmskeleton.mmskeleton.ops.st_gcn,gconv,GraphConvND,normalize_adjacency_matrix,3,1,1
open-mmlab_mmskeleton.mmskeleton.ops.st_gcn,gconv,GraphConv,__init__,3,1,9
open-mmlab_mmskeleton.mmskeleton.ops.st_gcn,gconv,GraphConv2D,__init__,3,1,9
open-mmlab_mmskeleton.mmskeleton.ops.st_gcn,gconv,GraphConv3D,__init__,3,1,9
open-mmlab_mmskeleton.mmskeleton.ops.st_gcn,gconv_origin,ConvTemporalGraphical,__init__,10,1,8
open-mmlab_mmskeleton.mmskeleton.ops.st_gcn,gconv_origin,ConvTemporalGraphical,forward,7,1,2
open-mmlab_mmskeleton.mmskeleton.ops.st_gcn,gconv_origin,Gconv,__init__,24,8,3
open-mmlab_mmskeleton.mmskeleton.ops.st_gcn,gconv_origin,Gconv,forward,2,1,2
open-mmlab_mmskeleton.mmskeleton.ops.st_gcn,graph,Graph,__init__,8,1,4
open-mmlab_mmskeleton.mmskeleton.ops.st_gcn,graph,Graph,__str__,2,1,0
open-mmlab_mmskeleton.mmskeleton.ops.st_gcn,graph,Graph,get_edge,46,5,1
open-mmlab_mmskeleton.mmskeleton.ops.st_gcn,graph,Graph,get_adjacency,42,13,1
open-mmlab_mmskeleton.mmskeleton.ops.st_gcn,graph,,get_hop_distance,11,3,3
open-mmlab_mmskeleton.mmskeleton.ops.st_gcn,graph,,normalize_digraph,9,3,1
open-mmlab_mmskeleton.mmskeleton.ops.st_gcn,graph,,normalize_undigraph,9,3,1
open-mmlab_mmskeleton.mmskeleton.processor,apis,,init_twodimestimator,20,4,3
open-mmlab_mmskeleton.mmskeleton.processor,apis,,inference_twodimestimator,28,4,4
open-mmlab_mmskeleton.mmskeleton.processor,apis,,save_batch_image_with_joints,25,6,5
open-mmlab_mmskeleton.mmskeleton.processor,image2skeleton,,save,13,1,4
open-mmlab_mmskeleton.mmskeleton.processor,image2skeleton,,worker,54,5,7
open-mmlab_mmskeleton.mmskeleton.processor,image2skeleton,,inference,45,8,5
open-mmlab_mmskeleton.mmskeleton.processor,pose_demo,,render,15,3,4
open-mmlab_mmskeleton.mmskeleton.processor,pose_demo,,worker,22,5,6
open-mmlab_mmskeleton.mmskeleton.processor,pose_demo,,inference,65,15,6
open-mmlab_mmskeleton.mmskeleton.processor,recognition,,test,35,7,7
open-mmlab_mmskeleton.mmskeleton.processor,recognition,,train,32,8,15
open-mmlab_mmskeleton.mmskeleton.processor,recognition,,batch_processor,12,2,4
open-mmlab_mmskeleton.mmskeleton.processor,recognition,,topk_accuracy,5,1,3
open-mmlab_mmskeleton.mmskeleton.processor,recognition,,weights_init,13,6,1
open-mmlab_mmskeleton.mmskeleton.processor,recognition_demo,,init_recognizer,6,1,2
open-mmlab_mmskeleton.mmskeleton.processor,recognition_demo,,inference,14,3,7
open-mmlab_mmskeleton.mmskeleton.processor,skeleton_dataset,,worker,16,4,5
open-mmlab_mmskeleton.mmskeleton.processor,skeleton_dataset,,build,79,12,9
open-mmlab_mmskeleton.mmskeleton.processor,skeleton_dataset,,f,6,2,1
open-mmlab_mmskeleton.mmskeleton.processor,skeleton_dataset,,dataset_analysis,41,7,4
open-mmlab_mmskeleton.mmskeleton.processor,twodimestimation,,parse_losses,15,5,1
open-mmlab_mmskeleton.mmskeleton.processor,twodimestimation,,batch_processor,5,1,3
open-mmlab_mmskeleton.mmskeleton.processor,twodimestimation,,train,32,5,13
open-mmlab_mmskeleton.mmskeleton.processor,twodimestimation,,test,81,7,8
open-mmlab_mmskeleton.mmskeleton.processor,twodimestimation,,inference_model,9,2,3
open-mmlab_mmskeleton.mmskeleton.processor,twodimestimation,,inference,19,2,6
open-mmlab_mmskeleton.mmskeleton.processor.utils,infernce_utils,,get_max_preds,21,1,1
open-mmlab_mmskeleton.mmskeleton.processor.utils,infernce_utils,,get_final_preds,24,7,4
open-mmlab_mmskeleton.mmskeleton.utils,checkpoint,,load_checkpoint,6,2,2
open-mmlab_mmskeleton.mmskeleton.utils,checkpoint,,get_mmskeleton_url,6,1,1
open-mmlab_mmskeleton.mmskeleton.utils,checkpoint,,cache_checkpoint,6,2,1
open-mmlab_mmskeleton.mmskeleton.utils,config,Config,fromfile,5,1,1
open-mmlab_mmskeleton.mmskeleton.utils,importer,,import_obj,12,3,1
open-mmlab_mmskeleton.mmskeleton.utils,importer,,call_obj,7,2,1
open-mmlab_mmskeleton.mmskeleton.utils,importer,,set_attr,11,3,3
open-mmlab_mmskeleton.mmskeleton.utils,importer,,get_attr,9,2,2
open-mmlab_mmskeleton.mmskeleton.utils,third_party,,is_exist,7,1,1
open-mmlab_mmskeleton.tools,publish_model,,parse_args,7,1,0
open-mmlab_mmskeleton.tools,publish_model,,process_checkpoint,8,2,2
open-mmlab_mmskeleton.tools,publish_model,,main,3,1,0
