Package,Module,Class,Function,LOC,CC,PC
kubeflow_examples.Facial-Keypoint-Detection.generate-pipeline,my_pipeline,,SendMsg,17,1,3
kubeflow_examples.Facial-Keypoint-Detection.generate-pipeline,my_pipeline,,GetMsg,9,1,1
kubeflow_examples.Facial-Keypoint-Detection.generate-pipeline,my_pipeline,,passing_parameter,3,1,3
kubeflow_examples.bluebook-for-bulldozers-kaggle-competition,blue-book-for-bulldozers-kaggle-competition-kfp,,LoadData,13,1,0
kubeflow_examples.bluebook-for-bulldozers-kaggle-competition,blue-book-for-bulldozers-kaggle-competition-kfp,,PreProcess,9,1,1
kubeflow_examples.bluebook-for-bulldozers-kaggle-competition,blue-book-for-bulldozers-kaggle-competition-kfp,,Train,9,1,1
kubeflow_examples.bluebook-for-bulldozers-kaggle-competition,blue-book-for-bulldozers-kaggle-competition-kfp,,Test,9,1,1
kubeflow_examples.bluebook-for-bulldozers-kaggle-competition,blue-book-for-bulldozers-kaggle-competition-kfp,,passing_parameter,5,1,0
kubeflow_examples.bluebook-for-bulldozers-kaggle-competition.pipeline-components.load-data,load,,download_kaggle_dataset,20,1,2
kubeflow_examples.bluebook-for-bulldozers-kaggle-competition.pipeline-components.preprocess,preprocess,,import_dataset,3,1,1
kubeflow_examples.bluebook-for-bulldozers-kaggle-competition.pipeline-components.preprocess,preprocess,,enrich_df,13,2,1
kubeflow_examples.bluebook-for-bulldozers-kaggle-competition.pipeline-components.preprocess,preprocess,,preprocess_dataframe_for_model,13,6,1
kubeflow_examples.bluebook-for-bulldozers-kaggle-competition.pipeline-components.test,test,,import_dataset,3,1,1
kubeflow_examples.bluebook-for-bulldozers-kaggle-competition.pipeline-components.test,test,,enrich_df,13,2,1
kubeflow_examples.bluebook-for-bulldozers-kaggle-competition.pipeline-components.test,test,,preprocess_dataframe_for_model,13,6,1
kubeflow_examples.bluebook-for-bulldozers-kaggle-competition.pipeline-components.train,train,,rmsle,2,1,2
kubeflow_examples.bluebook-for-bulldozers-kaggle-competition.pipeline-components.train,train,,show_scores,10,1,1
kubeflow_examples.cnn template,cnn temp,,train,30,0,1
kubeflow_examples.cnn template,cnn temp,,prepare_tensorboard_from_localdir,33,1,1
kubeflow_examples.cnn template,cnn temp,,model,6,1,1
kubeflow_examples.cnn template,cnn temp,,tf_pipeline,22,1,1
kubeflow_examples.code_search.demo,count_lines_of_code,Results,__init__,3,1,0
kubeflow_examples.code_search.demo,count_lines_of_code,Results,add_file,5,1,1
kubeflow_examples.code_search.demo,count_lines_of_code,Results,num_files,2,1,0
kubeflow_examples.code_search.demo,count_lines_of_code,,classify_files,21,10,1
kubeflow_examples.code_search.demo,count_lines_of_code,,main,40,5,0
kubeflow_examples.code_search.demo.cs-demo-1103.ks_app.vendor.kubeflow.core,kubeform_spawner,KubeFormSpawner,_options_form_default,53,1,0
kubeflow_examples.code_search.demo.cs-demo-1103.ks_app.vendor.kubeflow.core,kubeform_spawner,KubeFormSpawner,options_from_form,10,1,1
kubeflow_examples.code_search.demo.cs-demo-1103.ks_app.vendor.kubeflow.core,kubeform_spawner,KubeFormSpawner,singleuser_image_spec,9,3,0
kubeflow_examples.code_search.demo.cs-demo-1103.ks_app.vendor.kubeflow.core,kubeform_spawner,KubeFormSpawner,cpu_guarantee,5,2,0
kubeflow_examples.code_search.demo.cs-demo-1103.ks_app.vendor.kubeflow.core,kubeform_spawner,KubeFormSpawner,mem_guarantee,5,2,0
kubeflow_examples.code_search.demo.cs-demo-1103.ks_app.vendor.kubeflow.core,kubeform_spawner,KubeFormSpawner,extra_resource_limits,5,2,0
kubeflow_examples.code_search.demo.cs-demo-1103.ks_app.vendor.kubeflow.core,kubeform_spawner,KubeFormSpawner,get_env,6,2,0
kubeflow_examples.code_search.demo.cs-demo-1103.ks_app.vendor.kubeflow.core,kubeform_spawner,KubeFormSpawner,_parse_user_name,6,1,1
kubeflow_examples.code_search.demo.cs-demo-1103.ks_app.vendor.kubeflow.core,kubeform_spawner,KubeFormSpawner,_expand_user_properties,14,2,1
kubeflow_examples.code_search.pipeline,index_update_pipeline,,dataflow_function_embedding_op,19,1,10
kubeflow_examples.code_search.pipeline,index_update_pipeline,,search_index_creator_op,15,1,6
kubeflow_examples.code_search.pipeline,index_update_pipeline,,update_index_op,37,1,8
kubeflow_examples.code_search.pipeline,index_update_pipeline,,github_code_index_update,36,1,14
kubeflow_examples.code_search.src,setup,CustomCommands,initialize_options,2,1,0
kubeflow_examples.code_search.src,setup,CustomCommands,finalize_options,2,1,0
kubeflow_examples.code_search.src,setup,CustomCommands,run_custom_command,8,2,1
kubeflow_examples.code_search.src,setup,CustomCommands,run,3,2,0
kubeflow_examples.code_search.src.code_search.dataflow,utils,,_maybe_decode,4,1,1
kubeflow_examples.code_search.src.code_search.dataflow,utils,,tokenize_docstring,4,1,1
kubeflow_examples.code_search.src.code_search.dataflow,utils,,tokenize_code,3,1,1
kubeflow_examples.code_search.src.code_search.dataflow,utils,,get_function_docstring_pairs,29,4,1
kubeflow_examples.code_search.src.code_search.dataflow.cli,arguments,PipelineCLIOptions,_add_argparse_args,2,1,2
kubeflow_examples.code_search.src.code_search.dataflow.cli,arguments,,add_parser_arguments,39,1,1
kubeflow_examples.code_search.src.code_search.dataflow.cli,arguments,,prepare_pipeline_opts,9,2,1
kubeflow_examples.code_search.src.code_search.dataflow.cli,create_function_embeddings,,create_function_embeddings,49,3,1
kubeflow_examples.code_search.src.code_search.dataflow.cli,preprocess_github_dataset,JsonCoder,encode,2,1,1
kubeflow_examples.code_search.src.code_search.dataflow.cli,preprocess_github_dataset,JsonCoder,decode,2,1,1
kubeflow_examples.code_search.src.code_search.dataflow.cli,preprocess_github_dataset,,preprocess_github_dataset,42,5,1
kubeflow_examples.code_search.src.code_search.dataflow.cli,preprocess_github_dataset_test,TestPreprocess,test_e2e,20,2,0
kubeflow_examples.code_search.src.code_search.dataflow.do_fns,dict_to_csv,DictToCSVString,__init__,3,1,1
kubeflow_examples.code_search.src.code_search.dataflow.do_fns,dict_to_csv,DictToCSVString,process,13,1,1
kubeflow_examples.code_search.src.code_search.dataflow.do_fns,function_embeddings,EncodeFunctionTokens,__init__,4,1,2
kubeflow_examples.code_search.src.code_search.dataflow.do_fns,function_embeddings,EncodeFunctionTokens,function_tokens_key,2,1,0
kubeflow_examples.code_search.src.code_search.dataflow.do_fns,function_embeddings,EncodeFunctionTokens,instances_key,2,1,0
kubeflow_examples.code_search.src.code_search.dataflow.do_fns,function_embeddings,EncodeFunctionTokens,process,7,1,1
kubeflow_examples.code_search.src.code_search.dataflow.do_fns,function_embeddings,ProcessFunctionEmbedding,function_embedding_key,2,1,0
kubeflow_examples.code_search.src.code_search.dataflow.do_fns,function_embeddings,ProcessFunctionEmbedding,predictions_key,2,1,0
kubeflow_examples.code_search.src.code_search.dataflow.do_fns,function_embeddings,ProcessFunctionEmbedding,pop_keys,7,1,0
kubeflow_examples.code_search.src.code_search.dataflow.do_fns,function_embeddings,ProcessFunctionEmbedding,process,10,2,1
kubeflow_examples.code_search.src.code_search.dataflow.do_fns,github_dataset,SplitRepoPath,source_key,2,1,0
kubeflow_examples.code_search.src.code_search.dataflow.do_fns,github_dataset,SplitRepoPath,target_keys,2,1,0
kubeflow_examples.code_search.src.code_search.dataflow.do_fns,github_dataset,SplitRepoPath,process,6,2,1
kubeflow_examples.code_search.src.code_search.dataflow.do_fns,github_dataset,TokenizeFunctionDocstrings,content_key,2,1,0
kubeflow_examples.code_search.src.code_search.dataflow.do_fns,github_dataset,TokenizeFunctionDocstrings,info_keys,8,1,0
kubeflow_examples.code_search.src.code_search.dataflow.do_fns,github_dataset,TokenizeFunctionDocstrings,process,18,2,1
kubeflow_examples.code_search.src.code_search.dataflow.do_fns,prediction_do_fn,PredictionDoFn,__init__,19,1,11
kubeflow_examples.code_search.src.code_search.dataflow.do_fns,prediction_do_fn,PredictionDoFn,start_bundle,6,3,0
kubeflow_examples.code_search.src.code_search.dataflow.do_fns,prediction_do_fn,PredictionDoFn,process,90,16,2
kubeflow_examples.code_search.src.code_search.dataflow.transforms,bigquery,BigQueryRead,__init__,5,1,3
kubeflow_examples.code_search.src.code_search.dataflow.transforms,bigquery,BigQueryRead,limit,3,1,0
kubeflow_examples.code_search.src.code_search.dataflow.transforms,bigquery,BigQueryRead,query_string,2,1,0
kubeflow_examples.code_search.src.code_search.dataflow.transforms,bigquery,BigQueryRead,expand,6,1,1
kubeflow_examples.code_search.src.code_search.dataflow.transforms,bigquery,BigQuerySchema,__init__,10,2,1
kubeflow_examples.code_search.src.code_search.dataflow.transforms,bigquery,BigQueryWrite,__init__,5,1,3
kubeflow_examples.code_search.src.code_search.dataflow.transforms,bigquery,BigQueryWrite,column_list,2,1,0
kubeflow_examples.code_search.src.code_search.dataflow.transforms,bigquery,BigQueryWrite,output_schema,2,1,0
kubeflow_examples.code_search.src.code_search.dataflow.transforms,bigquery,BigQueryWrite,expand,7,1,1
kubeflow_examples.code_search.src.code_search.dataflow.transforms,bigquery,BigQueryWrite,construct_schema,9,2,1
kubeflow_examples.code_search.src.code_search.dataflow.transforms,function_embeddings,FunctionEmbeddings,__init__,5,1,3
kubeflow_examples.code_search.src.code_search.dataflow.transforms,function_embeddings,FunctionEmbeddings,expand,13,1,1
kubeflow_examples.code_search.src.code_search.dataflow.transforms,github_bigquery,ReadGithubDataset,limit,2,1,0
kubeflow_examples.code_search.src.code_search.dataflow.transforms,github_bigquery,ReadGithubDataset,query_string,45,2,0
kubeflow_examples.code_search.src.code_search.dataflow.transforms,github_bigquery,ReadTransformedGithubDatasetQuery,__init__,4,1,2
kubeflow_examples.code_search.src.code_search.dataflow.transforms,github_bigquery,ReadTransformedGithubDatasetQuery,query_string,12,2,0
kubeflow_examples.code_search.src.code_search.dataflow.transforms,github_dataset,TransformGithubDataset,__init__,4,1,2
kubeflow_examples.code_search.src.code_search.dataflow.transforms,github_dataset,TransformGithubDataset,min_docstring_tokens,2,1,0
kubeflow_examples.code_search.src.code_search.dataflow.transforms,github_dataset,TransformGithubDataset,expand,49,3,1
kubeflow_examples.code_search.src.code_search.nmslib,search_engine,CodeSearchEngine,__init__,5,1,3
kubeflow_examples.code_search.src.code_search.nmslib,search_engine,CodeSearchEngine,query,9,2,2
kubeflow_examples.code_search.src.code_search.nmslib,search_engine,CodeSearchEngine,nmslib_init,3,1,0
kubeflow_examples.code_search.src.code_search.nmslib,search_engine,CodeSearchEngine,create_index,5,1,2
kubeflow_examples.code_search.src.code_search.nmslib,search_server,CodeSearchServer,__init__,6,1,4
kubeflow_examples.code_search.src.code_search.nmslib,search_server,CodeSearchServer,init_routes,16,0,0
kubeflow_examples.code_search.src.code_search.nmslib,search_server,CodeSearchServer,run,2,1,0
kubeflow_examples.code_search.src.code_search.nmslib.cli,arguments,,add_common_arguments,9,1,1
kubeflow_examples.code_search.src.code_search.nmslib.cli,arguments,,add_server_arguments,11,1,1
kubeflow_examples.code_search.src.code_search.nmslib.cli,arguments,,parse_arguments,12,1,1
kubeflow_examples.code_search.src.code_search.nmslib.cli,create_search_index,,create_search_index,31,4,1
kubeflow_examples.code_search.src.code_search.nmslib.cli,embed_query_test,TestEmbedQuery,test_embed,22,1,0
kubeflow_examples.code_search.src.code_search.nmslib.cli,start_search_server,,embed_query,13,2,3
kubeflow_examples.code_search.src.code_search.nmslib.cli,start_search_server,,build_query_encoder,5,1,3
kubeflow_examples.code_search.src.code_search.nmslib.cli,start_search_server,,start_search_server,21,4,1
kubeflow_examples.code_search.src.code_search.t2t,function_docstring,GithubFunctionDocstring,pair_files_list,11,1,0
kubeflow_examples.code_search.src.code_search.t2t,function_docstring,GithubFunctionDocstring,is_generate_per_split,2,1,0
kubeflow_examples.code_search.src.code_search.t2t,function_docstring,GithubFunctionDocstring,approx_vocab_size,2,1,0
kubeflow_examples.code_search.src.code_search.t2t,function_docstring,GithubFunctionDocstring,max_samples_for_vocab,2,1,0
kubeflow_examples.code_search.src.code_search.t2t,function_docstring,GithubFunctionDocstring,get_csv_files,5,1,3
kubeflow_examples.code_search.src.code_search.t2t,function_docstring,GithubFunctionDocstring,generate_samples,14,4,3
kubeflow_examples.code_search.src.code_search.t2t,function_docstring,GithubFunctionDocstring,example_reading_spec,5,1,0
kubeflow_examples.code_search.src.code_search.t2t,function_docstring,GithubFunctionDocstring,eval_metrics,4,1,0
kubeflow_examples.code_search.src.code_search.t2t,function_docstring_extended,GithubFunctionDocstringExtended,get_csv_files,4,1,3
kubeflow_examples.code_search.src.code_search.t2t,query,,get_encoder,6,1,2
kubeflow_examples.code_search.src.code_search.t2t,query,,encode_query,17,2,3
kubeflow_examples.code_search.src.code_search.t2t,query,,decode_result,2,1,2
kubeflow_examples.code_search.src.code_search.t2t,similarity_transformer,SimilarityTransformer,top,2,1,2
kubeflow_examples.code_search.src.code_search.t2t,similarity_transformer,SimilarityTransformer,body,42,-1,1
kubeflow_examples.code_search.src.code_search.t2t,similarity_transformer,SimilarityTransformer,encode,15,1,2
kubeflow_examples.code_search.src.code_search.t2t,similarity_transformer,SimilarityTransformer,infer,4,1,1
kubeflow_examples.code_search.src.code_search.t2t,similarity_transformer_test,TestSimilarityTransformer,test_train_and_export,21,1,0
kubeflow_examples.codes,parallelism,,print_op,2,1,1
kubeflow_examples.codes,parallelism,,parallelism,4,1,0
kubeflow_examples.codes,volume_parallel,,create_pv,7,1,0
kubeflow_examples.codes,volume_parallel,,parallel_1,10,1,1
kubeflow_examples.codes,volume_parallel,,parallel_2,10,1,1
kubeflow_examples.codes,volume_parallel,,parallel_3,10,1,1
kubeflow_examples.codes,volume_parallel,,volume_parallel,5,1,0
kubeflow_examples.demos.simple_pipeline,gpu-example-pipeline,,training_op,13,1,4
kubeflow_examples.demos.simple_pipeline,gpu-example-pipeline,,postprocessing_op,7,1,2
kubeflow_examples.demos.simple_pipeline,gpu-example-pipeline,,kubeflow_training,3,1,3
kubeflow_examples.demos.yelp_demo.demo_setup.project_creation,apis,,GenerateConfig,23,4,1
kubeflow_examples.demos.yelp_demo.demo_setup.project_creation,apis,,ApiResourceName,2,1,2
kubeflow_examples.demos.yelp_demo.demo_setup.project_creation,project,,GenerateConfig,188,16,1
kubeflow_examples.demos.yelp_demo.demo_setup.project_creation,project,,IsProjectParentValid,8,3,1
kubeflow_examples.demos.yelp_demo.demo_setup.project_creation,service-accounts,,GenerateConfig,17,2,1
kubeflow_examples.demos.yelp_demo.demo_setup.project_creation,test_project,Context,__init__,3,1,2
kubeflow_examples.demos.yelp_demo.demo_setup.project_creation,test_project,ProjectTestCase,test_only_one_of_organizationid_or_parentfolderid,16,1,0
kubeflow_examples.demos.yelp_demo.demo_setup.project_creation,test_project,ProjectTestCase,test_generateconfig_sets_project_parent,27,1,0
kubeflow_examples.demos.yelp_demo.demo_setup.project_creation,test_project,ProjectTestCase,test_patch_iam_policy_with_owner,27,1,0
kubeflow_examples.demos.yelp_demo.demo_setup.project_creation,test_project,ProjectTestCase,test_patch_iam_policy_with_default_dm_and_adding_owner,29,1,0
kubeflow_examples.demos.yelp_demo.demo_setup.project_creation,test_project,ProjectTestCase,test_patch_iam_policy_containing_default_dm_as_owner_already,29,1,0
kubeflow_examples.demos.yelp_demo.demo_setup.project_creation,test_project,ProjectTestCase,test_patch_iam_policy_with_default_dm,33,1,0
kubeflow_examples.demos.yelp_demo.demo_setup.project_creation,test_project,ProjectTestCase,test_patch_iam_policy_without_default_dm,39,1,0
kubeflow_examples.demos.yelp_demo.demo_setup.project_creation,test_project,ProjectTestCase,test_generateconfig_fails_if_both_folder_and_org_present,10,1,0
kubeflow_examples.demos.yelp_demo.demo_setup.project_creation,test_project,ProjectTestCase,test_generateconfig_fails_if_neither_folder_nor_org_present,10,1,0
kubeflow_examples.demos.yelp_demo.ks_app.vendor.kubeflow.core,kubeform_spawner,KubeFormSpawner,_options_form_default,53,1,0
kubeflow_examples.demos.yelp_demo.ks_app.vendor.kubeflow.core,kubeform_spawner,KubeFormSpawner,options_from_form,10,1,1
kubeflow_examples.demos.yelp_demo.ks_app.vendor.kubeflow.core,kubeform_spawner,KubeFormSpawner,singleuser_image_spec,9,3,0
kubeflow_examples.demos.yelp_demo.ks_app.vendor.kubeflow.core,kubeform_spawner,KubeFormSpawner,cpu_guarantee,5,2,0
kubeflow_examples.demos.yelp_demo.ks_app.vendor.kubeflow.core,kubeform_spawner,KubeFormSpawner,mem_guarantee,5,2,0
kubeflow_examples.demos.yelp_demo.ks_app.vendor.kubeflow.core,kubeform_spawner,KubeFormSpawner,extra_resource_limits,5,2,0
kubeflow_examples.demos.yelp_demo.ks_app.vendor.kubeflow.core,kubeform_spawner,KubeFormSpawner,get_env,6,2,0
kubeflow_examples.demos.yelp_demo.ks_app.vendor.kubeflow.core,kubeform_spawner,KubeFormSpawner,_parse_user_name,6,1,1
kubeflow_examples.demos.yelp_demo.ks_app.vendor.kubeflow.core,kubeform_spawner,KubeFormSpawner,_expand_user_properties,14,2,1
kubeflow_examples.demos.yelp_demo.pipelines,gpu-example-pipeline,,training_op,13,1,4
kubeflow_examples.demos.yelp_demo.pipelines,gpu-example-pipeline,,postprocessing_op,7,1,2
kubeflow_examples.demos.yelp_demo.pipelines,gpu-example-pipeline,,kubeflow_training,3,1,3
kubeflow_examples.demos.yelp_demo.ui,app,,get_encoder,5,1,1
kubeflow_examples.demos.yelp_demo.ui,app,,encode_input,9,1,1
kubeflow_examples.demos.yelp_demo.ui,app,,predict,11,1,0
kubeflow_examples.demos.yelp_demo.ui,app,,index,3,1,0
kubeflow_examples.demos.yelp_demo.ui,app,,kubeflow,3,1,0
kubeflow_examples.demos.yelp_demo.yelp.yelp_sentiment,yelp_problem,YelpSentiment,is_generate_per_split,2,1,0
kubeflow_examples.demos.yelp_demo.yelp.yelp_sentiment,yelp_problem,YelpSentiment,dataset_splits,8,1,0
kubeflow_examples.demos.yelp_demo.yelp.yelp_sentiment,yelp_problem,YelpSentiment,vocab_filename,2,1,0
kubeflow_examples.demos.yelp_demo.yelp.yelp_sentiment,yelp_problem,YelpSentiment,num_classes,2,1,0
kubeflow_examples.demos.yelp_demo.yelp.yelp_sentiment,yelp_problem,YelpSentiment,approx_vocab_size,2,1,0
kubeflow_examples.demos.yelp_demo.yelp.yelp_sentiment,yelp_problem,YelpSentiment,class_labels,3,1,1
kubeflow_examples.demos.yelp_demo.yelp.yelp_sentiment,yelp_problem,YelpSentiment,generate_samples,27,5,3
kubeflow_examples.demos.yelp_demo.yelp.yelp_sentiment,yelp_problem,,transformer_yelp_sentiment,3,1,0
kubeflow_examples.facial-keypoints-detection-kaggle-competition,facial-keypoints-detection-kfp,,SendMsg,17,1,3
kubeflow_examples.facial-keypoints-detection-kaggle-competition,facial-keypoints-detection-kfp,,GetMsg,9,1,1
kubeflow_examples.facial-keypoints-detection-kaggle-competition,facial-keypoints-detection-kfp,,passing_parameter,3,1,3
kubeflow_examples.facial-keypoints-detection-kaggle-competition.pipeline-components.train,train,,download_kaggle_dataset,20,1,2
kubeflow_examples.financial_time_series.tensorflow_model,ml_pipeline,Preprocess,__init__,13,1,3
kubeflow_examples.financial_time_series.tensorflow_model,ml_pipeline,Train,__init__,16,1,5
kubeflow_examples.financial_time_series.tensorflow_model,ml_pipeline,Deploy,__init__,11,1,3
kubeflow_examples.financial_time_series.tensorflow_model,ml_pipeline,,preprocess_train_deploy,7,1,4
kubeflow_examples.financial_time_series.tensorflow_model,run_deploy,,parse_arguments,13,1,1
kubeflow_examples.financial_time_series.tensorflow_model,run_deploy,,run_deploy,20,3,1
kubeflow_examples.financial_time_series.tensorflow_model,run_preprocess,,parse_arguments,17,1,1
kubeflow_examples.financial_time_series.tensorflow_model,run_preprocess,,run_preprocess,21,3,1
kubeflow_examples.financial_time_series.tensorflow_model,run_preprocess_train_deploy,,parse_arguments,26,1,1
kubeflow_examples.financial_time_series.tensorflow_model,run_preprocess_train_deploy,,run_preprocess_and_train,8,1,1
kubeflow_examples.financial_time_series.tensorflow_model,run_train,,parse_arguments,30,1,1
kubeflow_examples.financial_time_series.tensorflow_model,run_train,,run_training,86,5,1
kubeflow_examples.financial_time_series.tensorflow_model.helpers,metrics,,tf_calc_confusion_matrix_ops,44,1,2
kubeflow_examples.financial_time_series.tensorflow_model.helpers,metrics,,tf_calc_confusion_metrics,17,1,4
kubeflow_examples.financial_time_series.tensorflow_model.helpers,metrics,,tf_confusion_matrix,13,1,4
kubeflow_examples.financial_time_series.tensorflow_model.helpers,models,FlatModel,__init__,6,1,2
kubeflow_examples.financial_time_series.tensorflow_model.helpers,models,FlatModel,nr_predictors,2,1,0
kubeflow_examples.financial_time_series.tensorflow_model.helpers,models,FlatModel,nr_classes,2,1,0
kubeflow_examples.financial_time_series.tensorflow_model.helpers,models,FlatModel,build_model,8,1,1
kubeflow_examples.financial_time_series.tensorflow_model.helpers,models,DeepModel,__init__,8,1,4
kubeflow_examples.financial_time_series.tensorflow_model.helpers,models,DeepModel,nr_predictors,2,1,0
kubeflow_examples.financial_time_series.tensorflow_model.helpers,models,DeepModel,nr_classes,2,1,0
kubeflow_examples.financial_time_series.tensorflow_model.helpers,models,DeepModel,build_model,16,1,1
kubeflow_examples.financial_time_series.tensorflow_model.helpers,preprocess,,load_data,19,5,2
kubeflow_examples.financial_time_series.tensorflow_model.helpers,preprocess,,preprocess_data,54,3,1
kubeflow_examples.financial_time_series.tensorflow_model.helpers,preprocess,,train_test_split,11,1,2
kubeflow_examples.financial_time_series.tensorflow_model.helpers,storage,,upload_to_storage,11,4,2
kubeflow_examples.financial_time_series.tensorflow_model.helpers,storage,,download_blob,8,1,3
kubeflow_examples.financial_time_series.tensorflow_model.helpers,storage,,list_blobs,4,1,3
kubeflow_examples.financial_time_series.tensorflow_model.serving_requests,request,,send_pratical_request,11,1,1
kubeflow_examples.financial_time_series.tensorflow_model.serving_requests,request_helper,,send_request,11,1,1
kubeflow_examples.financial_time_series.tensorflow_model.serving_requests,request_random,,send_random_request,3,1,0
kubeflow_examples.github_issue_summarization.Pachyderm_Example.code,IssueSummarization,IssueSummarization,__init__,14,1,0
kubeflow_examples.github_issue_summarization.Pachyderm_Example.code,IssueSummarization,IssueSummarization,predict,2,1,2
kubeflow_examples.github_issue_summarization.Pachyderm_Example.code,seq2seq_utils,Seq2Seq_Inference,__init__,9,1,3
kubeflow_examples.github_issue_summarization.Pachyderm_Example.code,seq2seq_utils,Seq2Seq_Inference,generate_issue_title,32,5,2
kubeflow_examples.github_issue_summarization.Pachyderm_Example.code,seq2seq_utils,Seq2Seq_Inference,print_example,28,6,5
kubeflow_examples.github_issue_summarization.Pachyderm_Example.code,seq2seq_utils,Seq2Seq_Inference,demo_model_predictions,13,2,3
kubeflow_examples.github_issue_summarization.Pachyderm_Example.code,seq2seq_utils,Seq2Seq_Inference,prepare_recommender,14,2,2
kubeflow_examples.github_issue_summarization.Pachyderm_Example.code,seq2seq_utils,Seq2Seq_Inference,set_recsys_data,2,1,1
kubeflow_examples.github_issue_summarization.Pachyderm_Example.code,seq2seq_utils,Seq2Seq_Inference,set_recsys_annoyobj,2,1,1
kubeflow_examples.github_issue_summarization.Pachyderm_Example.code,seq2seq_utils,Seq2Seq_Inference,evaluate_model,16,2,2
kubeflow_examples.github_issue_summarization.Pachyderm_Example.code,seq2seq_utils,,load_text_processor,9,1,1
kubeflow_examples.github_issue_summarization.Pachyderm_Example.code,seq2seq_utils,,load_decoder_inputs,10,1,1
kubeflow_examples.github_issue_summarization.Pachyderm_Example.code,seq2seq_utils,,load_encoder_inputs,9,1,1
kubeflow_examples.github_issue_summarization.Pachyderm_Example.code,seq2seq_utils,,viz_model_architecture,2,1,1
kubeflow_examples.github_issue_summarization.Pachyderm_Example.code,seq2seq_utils,,free_gpu_mem,5,1,0
kubeflow_examples.github_issue_summarization.Pachyderm_Example.code,seq2seq_utils,,test_gpu,6,1,0
kubeflow_examples.github_issue_summarization.Pachyderm_Example.code,seq2seq_utils,,plot_model_training_history,8,1,1
kubeflow_examples.github_issue_summarization.Pachyderm_Example.code,seq2seq_utils,,extract_encoder_model,6,1,1
kubeflow_examples.github_issue_summarization.Pachyderm_Example.code,seq2seq_utils,,extract_decoder_model,15,1,1
kubeflow_examples.github_issue_summarization.demo.gh-demo-1003.ks_app.vendor.kubeflow.core,kubeform_spawner,KubeFormSpawner,_options_form_default,53,1,0
kubeflow_examples.github_issue_summarization.demo.gh-demo-1003.ks_app.vendor.kubeflow.core,kubeform_spawner,KubeFormSpawner,options_from_form,10,1,1
kubeflow_examples.github_issue_summarization.demo.gh-demo-1003.ks_app.vendor.kubeflow.core,kubeform_spawner,KubeFormSpawner,singleuser_image_spec,9,3,0
kubeflow_examples.github_issue_summarization.demo.gh-demo-1003.ks_app.vendor.kubeflow.core,kubeform_spawner,KubeFormSpawner,cpu_guarantee,5,2,0
kubeflow_examples.github_issue_summarization.demo.gh-demo-1003.ks_app.vendor.kubeflow.core,kubeform_spawner,KubeFormSpawner,mem_guarantee,5,2,0
kubeflow_examples.github_issue_summarization.demo.gh-demo-1003.ks_app.vendor.kubeflow.core,kubeform_spawner,KubeFormSpawner,extra_resource_limits,5,2,0
kubeflow_examples.github_issue_summarization.demo.gh-demo-1003.ks_app.vendor.kubeflow.core,kubeform_spawner,KubeFormSpawner,get_env,6,2,0
kubeflow_examples.github_issue_summarization.demo.gh-demo-1003.ks_app.vendor.kubeflow.core,kubeform_spawner,KubeFormSpawner,_parse_user_name,6,1,1
kubeflow_examples.github_issue_summarization.demo.gh-demo-1003.ks_app.vendor.kubeflow.core,kubeform_spawner,KubeFormSpawner,_expand_user_properties,14,2,1
kubeflow_examples.github_issue_summarization.docker.flask_web,app,,get_issue_body,7,1,1
kubeflow_examples.github_issue_summarization.docker.flask_web,app,,index,3,1,0
kubeflow_examples.github_issue_summarization.docker.flask_web,app,,summary,15,2,0
kubeflow_examples.github_issue_summarization.docker.flask_web,app,,random_github_issue,10,2,0
kubeflow_examples.github_issue_summarization.notebooks,IssueSummarization,IssueSummarization,__init__,14,1,0
kubeflow_examples.github_issue_summarization.notebooks,IssueSummarization,IssueSummarization,predict,2,1,2
kubeflow_examples.github_issue_summarization.notebooks,seq2seq_utils,Seq2Seq_Inference,__init__,12,1,3
kubeflow_examples.github_issue_summarization.notebooks,seq2seq_utils,Seq2Seq_Inference,generate_issue_title,32,5,2
kubeflow_examples.github_issue_summarization.notebooks,seq2seq_utils,Seq2Seq_Inference,print_example,28,6,5
kubeflow_examples.github_issue_summarization.notebooks,seq2seq_utils,Seq2Seq_Inference,demo_model_predictions,13,2,3
kubeflow_examples.github_issue_summarization.notebooks,seq2seq_utils,Seq2Seq_Inference,prepare_recommender,14,2,2
kubeflow_examples.github_issue_summarization.notebooks,seq2seq_utils,Seq2Seq_Inference,set_recsys_data,2,1,1
kubeflow_examples.github_issue_summarization.notebooks,seq2seq_utils,Seq2Seq_Inference,set_recsys_annoyobj,2,1,1
kubeflow_examples.github_issue_summarization.notebooks,seq2seq_utils,Seq2Seq_Inference,evaluate_model,20,3,4
kubeflow_examples.github_issue_summarization.notebooks,seq2seq_utils,,load_text_processor,9,1,1
kubeflow_examples.github_issue_summarization.notebooks,seq2seq_utils,,load_decoder_inputs,10,1,1
kubeflow_examples.github_issue_summarization.notebooks,seq2seq_utils,,load_encoder_inputs,9,1,1
kubeflow_examples.github_issue_summarization.notebooks,seq2seq_utils,,viz_model_architecture,2,1,1
kubeflow_examples.github_issue_summarization.notebooks,seq2seq_utils,,free_gpu_mem,5,1,0
kubeflow_examples.github_issue_summarization.notebooks,seq2seq_utils,,test_gpu,6,1,0
kubeflow_examples.github_issue_summarization.notebooks,seq2seq_utils,,plot_model_training_history,8,1,1
kubeflow_examples.github_issue_summarization.notebooks,seq2seq_utils,,extract_encoder_model,6,1,1
kubeflow_examples.github_issue_summarization.notebooks,seq2seq_utils,,extract_decoder_model,15,1,1
kubeflow_examples.github_issue_summarization.notebooks,train,,split_gcs_uri,7,2,1
kubeflow_examples.github_issue_summarization.notebooks,train,,is_gcs_path,2,1,1
kubeflow_examples.github_issue_summarization.notebooks,train,,process_input_file,29,3,1
kubeflow_examples.github_issue_summarization.notebooks,train,,wait_for_preprocessing,7,3,1
kubeflow_examples.github_issue_summarization.notebooks,train,,main,90,9,1
kubeflow_examples.github_issue_summarization.notebooks,train_test,TrainTest,test_keras,25,2,0
kubeflow_examples.github_issue_summarization.notebooks,train_test,TrainTest,test_estimator,26,2,0
kubeflow_examples.github_issue_summarization.notebooks,trainer,Trainer,__init__,24,2,1
kubeflow_examples.github_issue_summarization.notebooks,trainer,Trainer,preprocess,27,4,2
kubeflow_examples.github_issue_summarization.notebooks,trainer,Trainer,build_model,39,3,1
kubeflow_examples.github_issue_summarization.notebooks,trainer,Trainer,train_keras,14,1,4
kubeflow_examples.github_issue_summarization.notebooks,trainer,Trainer,evaluate_keras,9,1,0
kubeflow_examples.github_issue_summarization.notebooks,trainer,Trainer,train_estimator,24,3,0
kubeflow_examples.github_issue_summarization.pipelines.components.kubeflow-resources.tf-serving-gh,deploy-tf-serve,,main,59,6,0
kubeflow_examples.github_issue_summarization.pipelines.components.t2t.metadata-logger,log-metadata,,get_or_create_workspace,7,1,1
kubeflow_examples.github_issue_summarization.pipelines.components.t2t.metadata-logger,log-metadata,,get_or_create_workspace_run,6,1,2
kubeflow_examples.github_issue_summarization.pipelines.components.t2t.metadata-logger,log-metadata,,log_model_info,15,1,3
kubeflow_examples.github_issue_summarization.pipelines.components.t2t.metadata-logger,log-metadata,,log_dataset_info,15,1,3
kubeflow_examples.github_issue_summarization.pipelines.components.t2t.metadata-logger,log-metadata,,main,36,3,0
kubeflow_examples.github_issue_summarization.pipelines.components.t2t.t2t-app.app,main,,get_issue_body,10,1,1
kubeflow_examples.github_issue_summarization.pipelines.components.t2t.t2t-app.app,main,,index,2,1,0
kubeflow_examples.github_issue_summarization.pipelines.components.t2t.t2t-app.app,main,,random_github_issue,9,2,0
kubeflow_examples.github_issue_summarization.pipelines.components.t2t.t2t-app.app,main,,summary,20,3,0
kubeflow_examples.github_issue_summarization.pipelines.components.t2t.t2t-app.app,main,,init,9,1,0
kubeflow_examples.github_issue_summarization.pipelines.components.t2t.t2t-app.app,main,,make_tfserving_rest_request_fn,19,0,0
kubeflow_examples.github_issue_summarization.pipelines.components.t2t.t2t-app.app,main,,server_error,6,1,1
kubeflow_examples.github_issue_summarization.pipelines.components.t2t.t2t-app.app.ghsumm.trainer,problem,GhProblem,approx_vocab_size,2,1,0
kubeflow_examples.github_issue_summarization.pipelines.components.t2t.t2t-app.app.ghsumm.trainer,problem,GhProblem,is_generate_per_split,2,1,0
kubeflow_examples.github_issue_summarization.pipelines.components.t2t.t2t-app.app.ghsumm.trainer,problem,GhProblem,max_subtoken_length,2,1,0
kubeflow_examples.github_issue_summarization.pipelines.components.t2t.t2t-app.app.ghsumm.trainer,problem,GhProblem,dataset_splits,8,1,0
kubeflow_examples.github_issue_summarization.pipelines.components.t2t.t2t-app.app.ghsumm.trainer,problem,GhProblem,generate_samples,15,3,3
kubeflow_examples.github_issue_summarization.pipelines.components.t2t.t2t-proc,datagen,,copy_local_directory_to_gcs,11,3,4
kubeflow_examples.github_issue_summarization.pipelines.components.t2t.t2t-proc,datagen,,download_blob,8,1,3
kubeflow_examples.github_issue_summarization.pipelines.components.t2t.t2t-proc,datagen,,main,30,1,0
kubeflow_examples.github_issue_summarization.pipelines.components.t2t.t2t-proc.ghsumm.trainer,problem,GhProblem,approx_vocab_size,2,1,0
kubeflow_examples.github_issue_summarization.pipelines.components.t2t.t2t-proc.ghsumm.trainer,problem,GhProblem,is_generate_per_split,2,1,0
kubeflow_examples.github_issue_summarization.pipelines.components.t2t.t2t-proc.ghsumm.trainer,problem,GhProblem,max_subtoken_length,2,1,0
kubeflow_examples.github_issue_summarization.pipelines.components.t2t.t2t-proc.ghsumm.trainer,problem,GhProblem,dataset_splits,8,1,0
kubeflow_examples.github_issue_summarization.pipelines.components.t2t.t2t-proc.ghsumm.trainer,problem,GhProblem,generate_samples,15,3,3
kubeflow_examples.github_issue_summarization.pipelines.components.t2t.t2t-train,train_model,,copy_blob,8,1,7
kubeflow_examples.github_issue_summarization.pipelines.components.t2t.t2t-train,train_model,,copy_checkpoint,28,4,2
kubeflow_examples.github_issue_summarization.pipelines.components.t2t.t2t-train,train_model,,run_training,23,2,4
kubeflow_examples.github_issue_summarization.pipelines.components.t2t.t2t-train,train_model,,main,67,3,0
kubeflow_examples.github_issue_summarization.pipelines.components.t2t.t2t-train.ghsumm.trainer,problem,GhProblem,approx_vocab_size,2,1,0
kubeflow_examples.github_issue_summarization.pipelines.components.t2t.t2t-train.ghsumm.trainer,problem,GhProblem,is_generate_per_split,2,1,0
kubeflow_examples.github_issue_summarization.pipelines.components.t2t.t2t-train.ghsumm.trainer,problem,GhProblem,max_subtoken_length,2,1,0
kubeflow_examples.github_issue_summarization.pipelines.components.t2t.t2t-train.ghsumm.trainer,problem,GhProblem,dataset_splits,8,1,0
kubeflow_examples.github_issue_summarization.pipelines.components.t2t.t2t-train.ghsumm.trainer,problem,GhProblem,generate_samples,15,3,3
kubeflow_examples.github_issue_summarization.pipelines.components.t2t.webapp-launcher,deploy-webapp,,main,44,3,0
kubeflow_examples.github_issue_summarization.pipelines.example_pipelines,gh_summ_hosted_kfp,,gh_summ,30,1,7
kubeflow_examples.github_issue_summarization.pipelines.example_pipelines,gh_summ_hosted_kfp_preempt,,gh_summ,30,1,7
kubeflow_examples.github_issue_summarization.pipelines.example_pipelines.obsolete,gh_summ,,gh_summ,45,1,7
kubeflow_examples.github_issue_summarization.pipelines.example_pipelines.obsolete,gh_summ_serve,,gh_summ_serveonly,16,1,1
kubeflow_examples.github_issue_summarization.testing,tfjob_test,TFJobTest,__init__,13,2,1
kubeflow_examples.jpx-tokyo-stock-exchange-kaggle-competition.helper-files,local_api,iter_test,__init__,9,1,6
kubeflow_examples.jpx-tokyo-stock-exchange-kaggle-competition.helper-files,local_api,iter_test,__next__,17,2,0
kubeflow_examples.jpx-tokyo-stock-exchange-kaggle-competition.helper-files,local_api,iter_test,__iter__,2,1,0
kubeflow_examples.jpx-tokyo-stock-exchange-kaggle-competition.helper-files,local_api,iter_test,__len__,2,1,0
kubeflow_examples.jpx-tokyo-stock-exchange-kaggle-competition.helper-files,local_api,local_api,__init__,16,1,3
kubeflow_examples.jpx-tokyo-stock-exchange-kaggle-competition.helper-files,local_api,local_api,make_env,2,1,0
kubeflow_examples.jpx-tokyo-stock-exchange-kaggle-competition.helper-files,local_api,local_api,iter_test,3,1,0
kubeflow_examples.jpx-tokyo-stock-exchange-kaggle-competition.helper-files,local_api,local_api,predict,2,1,1
kubeflow_examples.jpx-tokyo-stock-exchange-kaggle-competition.helper-files,local_api,local_api,score,2,1,0
kubeflow_examples.jpx-tokyo-stock-exchange-kaggle-competition.helper-files,local_api,,calc_spread_return_per_day,9,1,3
kubeflow_examples.jpx-tokyo-stock-exchange-kaggle-competition.helper-files,local_api,,calc_spread_return_sharpe,6,1,3
kubeflow_examples.mnist,k8s_util,,camel_to_snake,3,1,1
kubeflow_examples.mnist,k8s_util,,_get_result_name,8,2,1
kubeflow_examples.mnist,k8s_util,,apply_k8s_specs,75,12,2
kubeflow_examples.mnist,k8s_util,,get_iap_endpoint,21,2,0
kubeflow_examples.mnist,k8s_util,,get_ingress_endpoint,21,2,0
kubeflow_examples.mnist,model,,parse_arguments,31,1,0
kubeflow_examples.mnist,model,,conv_model,52,1,4
kubeflow_examples.mnist,model,,cnn_serving_input_receiver_fn,3,1,0
kubeflow_examples.mnist,model,,linear_serving_input_receiver_fn,3,1,0
kubeflow_examples.mnist,model,,main,70,6,1
kubeflow_examples.mnist,notebook_setup,,notebook_setup,24,5,1
kubeflow_examples.mnist,notebook_setup,,setup_gcp,9,2,0
kubeflow_examples.mnist.web-ui,flask_server,,main,36,3,0
kubeflow_examples.mnist.web-ui,flask_server,,remove_resource,8,2,1
kubeflow_examples.mnist.web-ui,mnist_client,,get_prediction,16,1,5
kubeflow_examples.mnist.web-ui,mnist_client,,random_mnist,17,3,1
kubeflow_examples.mnist.web-ui,mnist_client_test,MnistClientTest,__init__,4,1,1
kubeflow_examples.mnist.web-ui,mnist_client_test,MnistClientTest,test_predict,16,4,0
kubeflow_examples.named_entity_recognition.components.preprocess.src,component,,read_data,6,1,1
kubeflow_examples.named_entity_recognition.components.preprocess.src,component,,agg_func,3,1,1
kubeflow_examples.named_entity_recognition.components.preprocess.src,text_preprocessor,TextPreprocessor,__init__,5,1,1
kubeflow_examples.named_entity_recognition.components.preprocess.src,text_preprocessor,TextPreprocessor,fit,6,1,1
kubeflow_examples.named_entity_recognition.components.preprocess.src,text_preprocessor,TextPreprocessor,transform,8,1,1
kubeflow_examples.named_entity_recognition.components.train.src,train,,load_feature,3,1,1
kubeflow_examples.named_entity_recognition.components.train.src,train,,load_label,3,1,1
kubeflow_examples.named_entity_recognition.routine,model_prediction,CustomModelPrediction,__init__,3,1,2
kubeflow_examples.named_entity_recognition.routine,model_prediction,CustomModelPrediction,postprocess,8,3,1
kubeflow_examples.named_entity_recognition.routine,model_prediction,CustomModelPrediction,predict,6,1,1
kubeflow_examples.named_entity_recognition.routine,model_prediction,CustomModelPrediction,from_path,7,1,2
kubeflow_examples.named_entity_recognition.routine,text_preprocessor,TextPreprocessor,__init__,5,1,1
kubeflow_examples.named_entity_recognition.routine,text_preprocessor,TextPreprocessor,fit,6,1,1
kubeflow_examples.named_entity_recognition.routine,text_preprocessor,TextPreprocessor,transform,8,1,1
kubeflow_examples.object_detection.serving_script,object_detection_grpc_client,,load_image_into_numpy_array,7,1,1
kubeflow_examples.object_detection.serving_script,object_detection_grpc_client,,load_input_tensor,5,1,1
kubeflow_examples.object_detection.serving_script,object_detection_grpc_client,,main,32,1,1
kubeflow_examples.object_detection.serving_script,predict,,main,27,2,0
kubeflow_examples.object_detection.serving_script,visualization_utils,,save_image_array_as_png,5,1,2
kubeflow_examples.object_detection.serving_script,visualization_utils,,encode_image_array_as_png_str,8,1,1
kubeflow_examples.object_detection.serving_script,visualization_utils,,draw_bounding_box_on_image_array,7,1,9
kubeflow_examples.object_detection.serving_script,visualization_utils,,draw_bounding_box_on_image,34,5,9
kubeflow_examples.object_detection.serving_script,visualization_utils,,draw_bounding_boxes_on_image_array,6,1,5
kubeflow_examples.object_detection.serving_script,visualization_utils,,draw_bounding_boxes_on_image,13,6,5
kubeflow_examples.object_detection.serving_script,visualization_utils,,_visualize_boxes,3,1,5
kubeflow_examples.object_detection.serving_script,visualization_utils,,_visualize_boxes_and_masks,9,1,6
kubeflow_examples.object_detection.serving_script,visualization_utils,,_visualize_boxes_and_keypoints,9,1,6
kubeflow_examples.object_detection.serving_script,visualization_utils,,_visualize_boxes_and_masks_and_keypoints,10,1,7
kubeflow_examples.object_detection.serving_script,visualization_utils,,draw_bounding_boxes_on_image_tensors,41,6,10
kubeflow_examples.object_detection.serving_script,visualization_utils,,draw_side_by_side_evaluation_image,46,4,5
kubeflow_examples.object_detection.serving_script,visualization_utils,,draw_keypoints_on_image_array,6,1,5
kubeflow_examples.object_detection.serving_script,visualization_utils,,draw_keypoints_on_image,13,3,5
kubeflow_examples.object_detection.serving_script,visualization_utils,,draw_mask_on_image_array,19,5,4
kubeflow_examples.object_detection.serving_script,visualization_utils,,visualize_boxes_and_labels_on_image_array,73,19,16
kubeflow_examples.object_detection.serving_script,visualization_utils,,add_cdf_image_summary,21,1,2
kubeflow_examples.object_detection.serving_script,visualization_utils,,add_hist_image_summary,18,1,3
kubeflow_examples.openvaccine-kaggle-competition,openvaccine-kaggle-competition-kfp,,SendMsg,13,1,0
kubeflow_examples.openvaccine-kaggle-competition,openvaccine-kaggle-competition-kfp,,GetMsg,9,1,1
kubeflow_examples.openvaccine-kaggle-competition,openvaccine-kaggle-competition-kfp,,Train,19,1,9
kubeflow_examples.openvaccine-kaggle-competition,openvaccine-kaggle-competition-kfp,,Eval,19,1,9
kubeflow_examples.openvaccine-kaggle-competition,openvaccine-kaggle-competition-kfp,,passing_parameter,5,1,8
kubeflow_examples.openvaccine-kaggle-competition.pipeline-components.load-data,load,,download_kaggle_dataset,20,1,2
kubeflow_examples.openvaccine-kaggle-competition.pipeline-components.model-evaluation,eval,,process_features,20,1,1
kubeflow_examples.openvaccine-kaggle-competition.pipeline-components.model-evaluation,eval,,process_labels,5,1,1
kubeflow_examples.openvaccine-kaggle-competition.pipeline-components.model-evaluation,eval,,gru_layer,4,1,2
kubeflow_examples.openvaccine-kaggle-competition.pipeline-components.model-evaluation,eval,,lstm_layer,4,1,2
kubeflow_examples.openvaccine-kaggle-competition.pipeline-components.model-evaluation,eval,,build_model,15,1,7
kubeflow_examples.openvaccine-kaggle-competition.pipeline-components.model-training,model,MeanColumnwiseRMSE,__init__,2,1,1
kubeflow_examples.openvaccine-kaggle-competition.pipeline-components.model-training,model,MeanColumnwiseRMSE,call,3,1,2
kubeflow_examples.openvaccine-kaggle-competition.pipeline-components.model-training,model,,gru_layer,4,1,2
kubeflow_examples.openvaccine-kaggle-competition.pipeline-components.model-training,model,,lstm_layer,4,1,2
kubeflow_examples.openvaccine-kaggle-competition.pipeline-components.model-training,model,,build_model,15,1,7
kubeflow_examples.openvaccine-kaggle-competition.pipeline-components.preprocess-data,preprocess,,process_features,20,1,1
kubeflow_examples.openvaccine-kaggle-competition.pipeline-components.preprocess-data,preprocess,,process_labels,5,1,1
kubeflow_examples.pipelines-demo.dsl,data-passing,,calculate_op,2,1,2
kubeflow_examples.pipelines-demo.dsl,data-passing,,echo_func,10,1,2
kubeflow_examples.pipelines-demo.dsl,data-passing,,data_passing,3,1,2
kubeflow_examples.pipelines-demo.dsl,dsl-example,,inference,7,1,0
kubeflow_examples.pipelines-demo.dsl,dsl-example,,training,4,1,0
kubeflow_examples.pipelines-demo.dsl,dsl-example,,print_op,2,1,1
kubeflow_examples.pipelines-demo.dsl,dsl-example,,dsl_example,10,1,1
kubeflow_examples.pipelines-demo.dsl,sidecar-example,,exec_pipeline,9,1,0
kubeflow_examples.pipelines-demo.mnist,mnist-example,,mnist_train,11,1,0
kubeflow_examples.pipelines-demo.mnist,mnist-example,,mnist_test,10,1,1
kubeflow_examples.pipelines-demo.mnist,mnist-example,,kfp_example,5,1,0
kubeflow_examples.pipelines-demo.volume,volume_example,,create_pv,7,1,0
kubeflow_examples.pipelines-demo.volume,volume_example,,generate_data,10,1,1
kubeflow_examples.pipelines-demo.volume,volume_example,,use_pre_data,10,1,1
kubeflow_examples.pipelines-demo.volume,volume_example,,volume_example,4,1,0
kubeflow_examples.pipelines.azurepipeline.code,pipeline,,tacosandburritos_train,91,2,6
kubeflow_examples.pipelines.azurepipeline.code.deploy,score,,init,12,2,0
kubeflow_examples.pipelines.azurepipeline.code.deploy,score,,run,18,1,1
kubeflow_examples.pipelines.azurepipeline.code.deploy,score,,process_image,9,2,2
kubeflow_examples.pipelines.azurepipeline.code.deploy,score,,info,5,1,3
kubeflow_examples.pipelines.azurepipeline.code.preprocess,data,,check_dir,4,2,1
kubeflow_examples.pipelines.azurepipeline.code.preprocess,data,,download,20,6,3
kubeflow_examples.pipelines.azurepipeline.code.preprocess,data,,process_image,5,1,2
kubeflow_examples.pipelines.azurepipeline.code.preprocess,data,,walk_images,26,6,2
kubeflow_examples.pipelines.azurepipeline.code.register,register,,info,5,1,3
kubeflow_examples.pipelines.azurepipeline.code.register,register,,get_ws,13,1,6
kubeflow_examples.pipelines.azurepipeline.code.register,register,,run,6,1,4
kubeflow_examples.pipelines.azurepipeline.code.training,train,,info,5,1,3
kubeflow_examples.pipelines.azurepipeline.code.training,train,,check_dir,4,2,1
kubeflow_examples.pipelines.azurepipeline.code.training,train,,process_image,5,1,3
kubeflow_examples.pipelines.azurepipeline.code.training,train,,load_dataset,19,3,3
kubeflow_examples.pipelines.azurepipeline.code.training,train,,run,41,1,7
kubeflow_examples.pipelines.azurepipeline.code.training,train,,generate_hash,11,3,2
kubeflow_examples.pipelines.github_action,example_pipeline,,random_num_op,9,1,2
kubeflow_examples.pipelines.github_action,example_pipeline,,flip_coin_op,9,1,0
kubeflow_examples.pipelines.github_action,example_pipeline,,print_op,5,1,1
kubeflow_examples.pipelines.github_action,example_pipeline,,flipcoin_pipeline,14,1,0
kubeflow_examples.pipelines.mnist-pipelines,mnist_pipeline,,mnist_pipeline,54,5,5
kubeflow_examples.py.kubeflow.examples,create_e2e_workflow,Builder,__init__,17,1,5
kubeflow_examples.py.kubeflow.examples,create_e2e_workflow,Builder,_build_workflow,56,1,0
kubeflow_examples.py.kubeflow.examples,create_e2e_workflow,Builder,_build_task_template,32,1,0
kubeflow_examples.py.kubeflow.examples,create_e2e_workflow,Builder,_build_step,9,2,6
kubeflow_examples.py.kubeflow.examples,create_e2e_workflow,Builder,_build_tests_dag_notebooks,32,1,0
kubeflow_examples.py.kubeflow.examples,create_e2e_workflow,Builder,_build_exit_dag,22,2,0
kubeflow_examples.py.kubeflow.examples,create_e2e_workflow,Builder,build,59,5,0
kubeflow_examples.py.kubeflow.examples,create_e2e_workflow,,create_workflow,4,1,0
kubeflow_examples.pytorch_mnist.serving.seldon-wrapper,mnistddpserving,Net,__init__,7,1,0
kubeflow_examples.pytorch_mnist.serving.seldon-wrapper,mnistddpserving,Net,forward,8,1,1
kubeflow_examples.pytorch_mnist.serving.seldon-wrapper,mnistddpserving,mnistddpserving,__init__,6,1,0
kubeflow_examples.pytorch_mnist.serving.seldon-wrapper,mnistddpserving,mnistddpserving,predict,10,1,2
kubeflow_examples.pytorch_mnist.testing,deploy_test,,test_deploy,2,1,0
kubeflow_examples.pytorch_mnist.testing,predict_test,,test_predict,2,1,0
kubeflow_examples.pytorch_mnist.testing,pytorchjob_test,,test_train,2,1,0
kubeflow_examples.pytorch_mnist.training.ddp.mnist,mnist_DDP,DistributedDataParallel,__init__,28,10,1
kubeflow_examples.pytorch_mnist.training.ddp.mnist,mnist_DDP,DistributedDataParallel,weight_broadcast,3,2,0
kubeflow_examples.pytorch_mnist.training.ddp.mnist,mnist_DDP,DistributedDataParallel,forward,8,2,0
kubeflow_examples.pytorch_mnist.training.ddp.mnist,mnist_DDP,Partition,__init__,3,1,2
kubeflow_examples.pytorch_mnist.training.ddp.mnist,mnist_DDP,Partition,__len__,2,1,0
kubeflow_examples.pytorch_mnist.training.ddp.mnist,mnist_DDP,Partition,__getitem__,3,1,1
kubeflow_examples.pytorch_mnist.training.ddp.mnist,mnist_DDP,DataPartitioner,__init__,12,2,3
kubeflow_examples.pytorch_mnist.training.ddp.mnist,mnist_DDP,DataPartitioner,use,2,1,1
kubeflow_examples.pytorch_mnist.training.ddp.mnist,mnist_DDP,Net,__init__,7,1,0
kubeflow_examples.pytorch_mnist.training.ddp.mnist,mnist_DDP,Net,forward,8,1,1
kubeflow_examples.pytorch_mnist.training.ddp.mnist,mnist_DDP,,partition_dataset,15,1,1
kubeflow_examples.pytorch_mnist.training.ddp.mnist,mnist_DDP,,average_gradients,6,2,1
kubeflow_examples.pytorch_mnist.training.ddp.mnist,mnist_DDP,,run,47,9,2
kubeflow_examples.pytorch_mnist.web-ui,flask_server,,main,32,3,0
kubeflow_examples.pytorch_mnist.web-ui,flask_server,,remove_resource,8,2,1
kubeflow_examples.pytorch_mnist.web-ui,mnist_client,,get_prediction,25,2,4
kubeflow_examples.pytorch_mnist.web-ui,mnist_client,,random_mnist,17,3,1
kubeflow_examples.pytorch_mnist.web-ui.proto,prediction_pb2_grpc,GenericStub,__init__,27,1,1
kubeflow_examples.pytorch_mnist.web-ui.proto,prediction_pb2_grpc,GenericServicer,TransformInput,5,1,2
kubeflow_examples.pytorch_mnist.web-ui.proto,prediction_pb2_grpc,GenericServicer,TransformOutput,5,1,2
kubeflow_examples.pytorch_mnist.web-ui.proto,prediction_pb2_grpc,GenericServicer,Route,5,1,2
kubeflow_examples.pytorch_mnist.web-ui.proto,prediction_pb2_grpc,GenericServicer,Aggregate,5,1,2
kubeflow_examples.pytorch_mnist.web-ui.proto,prediction_pb2_grpc,GenericServicer,SendFeedback,5,1,2
kubeflow_examples.pytorch_mnist.web-ui.proto,prediction_pb2_grpc,ModelStub,__init__,7,1,1
kubeflow_examples.pytorch_mnist.web-ui.proto,prediction_pb2_grpc,ModelServicer,Predict,5,1,2
kubeflow_examples.pytorch_mnist.web-ui.proto,prediction_pb2_grpc,RouterStub,__init__,12,1,1
kubeflow_examples.pytorch_mnist.web-ui.proto,prediction_pb2_grpc,RouterServicer,Route,5,1,2
kubeflow_examples.pytorch_mnist.web-ui.proto,prediction_pb2_grpc,RouterServicer,SendFeedback,5,1,2
kubeflow_examples.pytorch_mnist.web-ui.proto,prediction_pb2_grpc,TransformerStub,__init__,7,1,1
kubeflow_examples.pytorch_mnist.web-ui.proto,prediction_pb2_grpc,TransformerServicer,TransformInput,5,1,2
kubeflow_examples.pytorch_mnist.web-ui.proto,prediction_pb2_grpc,OutputTransformerStub,__init__,7,1,1
kubeflow_examples.pytorch_mnist.web-ui.proto,prediction_pb2_grpc,OutputTransformerServicer,TransformOutput,5,1,2
kubeflow_examples.pytorch_mnist.web-ui.proto,prediction_pb2_grpc,CombinerStub,__init__,7,1,1
kubeflow_examples.pytorch_mnist.web-ui.proto,prediction_pb2_grpc,CombinerServicer,Aggregate,5,1,2
kubeflow_examples.pytorch_mnist.web-ui.proto,prediction_pb2_grpc,SeldonStub,__init__,12,1,1
kubeflow_examples.pytorch_mnist.web-ui.proto,prediction_pb2_grpc,SeldonServicer,Predict,5,1,2
kubeflow_examples.pytorch_mnist.web-ui.proto,prediction_pb2_grpc,SeldonServicer,SendFeedback,5,1,2
kubeflow_examples.pytorch_mnist.web-ui.proto,prediction_pb2_grpc,,add_GenericServicer_to_server,31,1,2
kubeflow_examples.pytorch_mnist.web-ui.proto,prediction_pb2_grpc,,add_ModelServicer_to_server,11,1,2
kubeflow_examples.pytorch_mnist.web-ui.proto,prediction_pb2_grpc,,add_RouterServicer_to_server,16,1,2
kubeflow_examples.pytorch_mnist.web-ui.proto,prediction_pb2_grpc,,add_TransformerServicer_to_server,11,1,2
kubeflow_examples.pytorch_mnist.web-ui.proto,prediction_pb2_grpc,,add_OutputTransformerServicer_to_server,11,1,2
kubeflow_examples.pytorch_mnist.web-ui.proto,prediction_pb2_grpc,,add_CombinerServicer_to_server,11,1,2
kubeflow_examples.pytorch_mnist.web-ui.proto,prediction_pb2_grpc,,add_SeldonServicer_to_server,16,1,2
kubeflow_examples.tensorflow_cuj.neural_machine_translation,distributed_nmt_with_attention,Encoder,__init__,9,1,4
kubeflow_examples.tensorflow_cuj.neural_machine_translation,distributed_nmt_with_attention,Encoder,call,4,1,2
kubeflow_examples.tensorflow_cuj.neural_machine_translation,distributed_nmt_with_attention,Encoder,initialize_hidden_state,2,1,0
kubeflow_examples.tensorflow_cuj.neural_machine_translation,distributed_nmt_with_attention,BahdanauAttention,__init__,5,1,1
kubeflow_examples.tensorflow_cuj.neural_machine_translation,distributed_nmt_with_attention,BahdanauAttention,call,8,1,2
kubeflow_examples.tensorflow_cuj.neural_machine_translation,distributed_nmt_with_attention,Decoder,__init__,11,1,4
kubeflow_examples.tensorflow_cuj.neural_machine_translation,distributed_nmt_with_attention,Decoder,call,8,1,3
kubeflow_examples.tensorflow_cuj.neural_machine_translation,distributed_nmt_with_attention,NeuralMachineTranslation,__init__,8,1,5
kubeflow_examples.tensorflow_cuj.neural_machine_translation,distributed_nmt_with_attention,NeuralMachineTranslation,train,20,4,0
kubeflow_examples.tensorflow_cuj.neural_machine_translation,distributed_nmt_with_attention,NeuralMachineTranslation,translate,26,2,1
kubeflow_examples.tensorflow_cuj.neural_machine_translation,distributed_nmt_with_attention,,unicode_to_ascii,2,1,1
kubeflow_examples.tensorflow_cuj.neural_machine_translation,distributed_nmt_with_attention,,preprocess_sentence,8,1,1
kubeflow_examples.tensorflow_cuj.neural_machine_translation,distributed_nmt_with_attention,,create_dataset,4,1,2
kubeflow_examples.tensorflow_cuj.neural_machine_translation,distributed_nmt_with_attention,,tokenize,6,1,1
kubeflow_examples.tensorflow_cuj.neural_machine_translation,distributed_nmt_with_attention,,load_dataset,5,1,2
kubeflow_examples.tensorflow_cuj.neural_machine_translation,distributed_nmt_with_attention,,data_loader,19,1,1
kubeflow_examples.tensorflow_cuj.neural_machine_translation,distributed_nmt_with_attention,,define_model,9,1,3
kubeflow_examples.tensorflow_cuj.neural_machine_translation,distributed_nmt_with_attention,,loss_function,7,1,2
kubeflow_examples.tensorflow_cuj.neural_machine_translation,distributed_nmt_with_attention,,train_step,19,2,9
kubeflow_examples.tensorflow_cuj.neural_machine_translation,nmt_with_attention,Encoder,__init__,9,1,4
kubeflow_examples.tensorflow_cuj.neural_machine_translation,nmt_with_attention,Encoder,call,4,1,2
kubeflow_examples.tensorflow_cuj.neural_machine_translation,nmt_with_attention,Encoder,initialize_hidden_state,2,1,0
kubeflow_examples.tensorflow_cuj.neural_machine_translation,nmt_with_attention,BahdanauAttention,__init__,5,1,1
kubeflow_examples.tensorflow_cuj.neural_machine_translation,nmt_with_attention,BahdanauAttention,call,8,1,2
kubeflow_examples.tensorflow_cuj.neural_machine_translation,nmt_with_attention,Decoder,__init__,11,1,4
kubeflow_examples.tensorflow_cuj.neural_machine_translation,nmt_with_attention,Decoder,call,8,1,3
kubeflow_examples.tensorflow_cuj.neural_machine_translation,nmt_with_attention,NeuralMachineTranslation,__init__,8,1,5
kubeflow_examples.tensorflow_cuj.neural_machine_translation,nmt_with_attention,NeuralMachineTranslation,train,20,4,0
kubeflow_examples.tensorflow_cuj.neural_machine_translation,nmt_with_attention,NeuralMachineTranslation,translate,26,2,1
kubeflow_examples.tensorflow_cuj.neural_machine_translation,nmt_with_attention,,unicode_to_ascii,2,1,1
kubeflow_examples.tensorflow_cuj.neural_machine_translation,nmt_with_attention,,preprocess_sentence,8,1,1
kubeflow_examples.tensorflow_cuj.neural_machine_translation,nmt_with_attention,,create_dataset,4,1,2
kubeflow_examples.tensorflow_cuj.neural_machine_translation,nmt_with_attention,,tokenize,6,1,1
kubeflow_examples.tensorflow_cuj.neural_machine_translation,nmt_with_attention,,load_dataset,5,1,2
kubeflow_examples.tensorflow_cuj.neural_machine_translation,nmt_with_attention,,data_loader,19,1,1
kubeflow_examples.tensorflow_cuj.neural_machine_translation,nmt_with_attention,,define_model,7,1,3
kubeflow_examples.tensorflow_cuj.neural_machine_translation,nmt_with_attention,,loss_function,7,1,2
kubeflow_examples.tensorflow_cuj.neural_machine_translation,nmt_with_attention,,train_step,19,2,9
kubeflow_examples.tensorflow_cuj.text_classification,distributed_text_classification_rnn,MovieReviewClassification,__init__,6,1,4
kubeflow_examples.tensorflow_cuj.text_classification,distributed_text_classification_rnn,MovieReviewClassification,train,14,2,0
kubeflow_examples.tensorflow_cuj.text_classification,distributed_text_classification_rnn,,data_loader,11,1,2
kubeflow_examples.tensorflow_cuj.text_classification,distributed_text_classification_rnn,,define_model,13,1,2
kubeflow_examples.tensorflow_cuj.text_classification,text_classification_rnn,MovieReviewClassification,__init__,6,1,4
kubeflow_examples.tensorflow_cuj.text_classification,text_classification_rnn,MovieReviewClassification,train,17,2,0
kubeflow_examples.tensorflow_cuj.text_classification,text_classification_rnn,,data_loader,11,1,2
kubeflow_examples.tensorflow_cuj.text_classification,text_classification_rnn,,define_model,8,1,1
kubeflow_examples.titanic-kaggle-competition,titanic-kaggle-competition-kfp,,preprocess_op,10,1,0
kubeflow_examples.titanic-kaggle-competition,titanic-kaggle-competition-kfp,,featureengineering_op,13,1,2
kubeflow_examples.titanic-kaggle-competition,titanic-kaggle-competition-kfp,,regression_op,12,1,2
kubeflow_examples.titanic-kaggle-competition,titanic-kaggle-competition-kfp,,bayes_op,12,1,2
kubeflow_examples.titanic-kaggle-competition,titanic-kaggle-competition-kfp,,random_forest_op,12,1,2
kubeflow_examples.titanic-kaggle-competition,titanic-kaggle-competition-kfp,,decision_tree_op,12,1,2
kubeflow_examples.titanic-kaggle-competition,titanic-kaggle-competition-kfp,,svm_op,12,1,2
kubeflow_examples.titanic-kaggle-competition,titanic-kaggle-competition-kfp,,result_model_op,12,1,5
kubeflow_examples.titanic-kaggle-competition,titanic-kaggle-competition-kfp,,boston_pipeline,33,1,0
kubeflow_examples.titanic-kaggle-competition.pipeline-components.decisiontree,decisiontree,,decisiontree,9,1,2
kubeflow_examples.titanic-kaggle-competition.pipeline-components.featureengineering,featureengg,,featureengineering,67,9,2
kubeflow_examples.titanic-kaggle-competition.pipeline-components.logisticregression,regression,,regression,9,1,2
kubeflow_examples.titanic-kaggle-competition.pipeline-components.naivebayes,naivebayes,,bayes,9,1,2
kubeflow_examples.titanic-kaggle-competition.pipeline-components.pre-process,preprocess,,preprocess_data,68,5,0
kubeflow_examples.titanic-kaggle-competition.pipeline-components.randomforest,randomforest,,bayes,9,1,2
kubeflow_examples.titanic-kaggle-competition.pipeline-components.results,result,,result,27,6,5
kubeflow_examples.titanic-kaggle-competition.pipeline-components.svm,svm,,svm,9,1,2
kubeflow_examples.xgboost_ames_housing,housing,,read_input,13,1,2
kubeflow_examples.xgboost_ames_housing,housing,,train_model,11,1,6
kubeflow_examples.xgboost_ames_housing,housing,,eval_model,3,1,3
kubeflow_examples.xgboost_ames_housing,housing,,save_model,3,1,2
kubeflow_examples.xgboost_ames_housing,housing,,main,10,1,1
kubeflow_examples.xgboost_ames_housing.seldon_serve,HousingServe,HousingServe,__init__,2,1,1
kubeflow_examples.xgboost_ames_housing.seldon_serve,HousingServe,HousingServe,predict,4,1,2
kubeflow_examples.xgboost_ames_housing.test,conftest,,pytest_addoption,8,1,1
kubeflow_examples.xgboost_ames_housing.test,conftest,,master,2,1,1
kubeflow_examples.xgboost_ames_housing.test,conftest,,namespace,2,1,1
kubeflow_examples.xgboost_ames_housing.test,conftest,,service,2,1,1
kubeflow_examples.xgboost_ames_housing.test,predict_test,,send_request,18,5,0
kubeflow_examples.xgboost_ames_housing.test,predict_test,,test_predict,29,5,3
kubeflow_examples.xgboost_synthetic,notebook_setup,,notebook_setup,21,3,0
kubeflow_examples.xgboost_synthetic,util,,copy_data_to_nfs,5,3,2
kubeflow_examples.xgboost_synthetic,util,,predict_nparray,13,1,3
kubeflow_examples.xgboost_synthetic,xgboost_util,,read_input,23,2,2
kubeflow_examples.xgboost_synthetic,xgboost_util,,load_model,15,2,1
kubeflow_examples.xgboost_synthetic,xgboost_util,,train_model,10,1,6
kubeflow_examples.xgboost_synthetic,xgboost_util,,eval_model,3,1,3
kubeflow_examples.xgboost_synthetic,xgboost_util,,save_model,15,3,2
kubeflow_examples.xgboost_synthetic,xgboost_util,,split_gcs_uri,8,2,1
kubeflow_examples.xgboost_synthetic.testing,conftest,,pytest_addoption,19,1,1
kubeflow_examples.xgboost_synthetic.testing,conftest,,name,2,1,1
kubeflow_examples.xgboost_synthetic.testing,conftest,,namespace,2,1,1
kubeflow_examples.xgboost_synthetic.testing,conftest,,image,2,1,1
kubeflow_examples.xgboost_synthetic.testing,conftest,,repos,2,1,1
kubeflow_examples.xgboost_synthetic.testing,conftest,,notebook_artifacts_dir,2,1,1
kubeflow_examples.xgboost_synthetic.testing,execute_notebook,,prepare_env,5,1,0
kubeflow_examples.xgboost_synthetic.testing,execute_notebook,,execute_notebook,8,1,2
kubeflow_examples.xgboost_synthetic.testing,execute_notebook,,run_notebook_test,14,3,3
kubeflow_examples.xgboost_synthetic.testing,xgboost_test,,test_xgboost_synthetic,61,5,6
