Package,Module,Class,Function,LOC,CC,PC
hunkim_PyTorchZeroToAll,01_basics,,forward,2,1,1
hunkim_PyTorchZeroToAll,01_basics,,loss,3,1,2
hunkim_PyTorchZeroToAll,02_manual_gradient,,forward,2,1,1
hunkim_PyTorchZeroToAll,02_manual_gradient,,loss,3,1,2
hunkim_PyTorchZeroToAll,02_manual_gradient,,gradient,2,1,2
hunkim_PyTorchZeroToAll,03_auto_gradient,,forward,2,1,1
hunkim_PyTorchZeroToAll,03_auto_gradient,,loss,2,1,2
hunkim_PyTorchZeroToAll,05_linear_regression,Model,__init__,5,1,0
hunkim_PyTorchZeroToAll,05_linear_regression,Model,forward,5,1,1
hunkim_PyTorchZeroToAll,06_logistic_regression,Model,__init__,5,1,0
hunkim_PyTorchZeroToAll,06_logistic_regression,Model,forward,5,1,1
hunkim_PyTorchZeroToAll,07_diabets_logistic,Model,__init__,8,1,0
hunkim_PyTorchZeroToAll,07_diabets_logistic,Model,forward,7,1,1
hunkim_PyTorchZeroToAll,08_1_dataset_loader,DiabetesDataset,__init__,6,1,0
hunkim_PyTorchZeroToAll,08_1_dataset_loader,DiabetesDataset,__getitem__,2,1,1
hunkim_PyTorchZeroToAll,08_1_dataset_loader,DiabetesDataset,__len__,2,1,0
hunkim_PyTorchZeroToAll,08_2_dataset_loade_logistic,DiabetesDataset,__init__,6,1,0
hunkim_PyTorchZeroToAll,08_2_dataset_loade_logistic,DiabetesDataset,__getitem__,2,1,1
hunkim_PyTorchZeroToAll,08_2_dataset_loade_logistic,DiabetesDataset,__len__,2,1,0
hunkim_PyTorchZeroToAll,08_2_dataset_loade_logistic,Model,__init__,8,1,0
hunkim_PyTorchZeroToAll,08_2_dataset_loade_logistic,Model,forward,7,1,1
hunkim_PyTorchZeroToAll,09_2_softmax_mnist,Net,__init__,7,1,0
hunkim_PyTorchZeroToAll,09_2_softmax_mnist,Net,forward,7,1,1
hunkim_PyTorchZeroToAll,09_2_softmax_mnist,,train,13,3,1
hunkim_PyTorchZeroToAll,09_2_softmax_mnist,,test,15,2,0
hunkim_PyTorchZeroToAll,10_1_cnn_mnist,Net,__init__,6,1,0
hunkim_PyTorchZeroToAll,10_1_cnn_mnist,Net,forward,7,1,1
hunkim_PyTorchZeroToAll,10_1_cnn_mnist,,train,13,3,1
hunkim_PyTorchZeroToAll,10_1_cnn_mnist,,test,16,2,0
hunkim_PyTorchZeroToAll,11_1_toy_inception_mnist,InceptionA,__init__,9,1,1
hunkim_PyTorchZeroToAll,11_1_toy_inception_mnist,InceptionA,forward,11,1,1
hunkim_PyTorchZeroToAll,11_1_toy_inception_mnist,Net,__init__,8,1,0
hunkim_PyTorchZeroToAll,11_1_toy_inception_mnist,Net,forward,9,1,1
hunkim_PyTorchZeroToAll,11_1_toy_inception_mnist,,train,13,3,1
hunkim_PyTorchZeroToAll,11_1_toy_inception_mnist,,test,16,2,0
hunkim_PyTorchZeroToAll,12_2_hello_rnn,Model,__init__,4,1,0
hunkim_PyTorchZeroToAll,12_2_hello_rnn,Model,forward,4,1,2
hunkim_PyTorchZeroToAll,12_2_hello_rnn,Model,init_hidden,2,1,0
hunkim_PyTorchZeroToAll,12_3_hello_rnn_seq,RNN,__init__,8,1,4
hunkim_PyTorchZeroToAll,12_3_hello_rnn_seq,RNN,forward,6,1,1
hunkim_PyTorchZeroToAll,12_4_hello_rnn_emb,Model,__init__,8,1,2
hunkim_PyTorchZeroToAll,12_4_hello_rnn_emb,Model,forward,7,1,1
hunkim_PyTorchZeroToAll,13_1_rnn_classification_basics,RNNClassifier,__init__,7,1,4
hunkim_PyTorchZeroToAll,13_1_rnn_classification_basics,RNNClassifier,forward,12,1,1
hunkim_PyTorchZeroToAll,13_1_rnn_classification_basics,RNNClassifier,_init_hidden,3,1,1
hunkim_PyTorchZeroToAll,13_1_rnn_classification_basics,,str2ascii_arr,3,1,1
hunkim_PyTorchZeroToAll,13_1_rnn_classification_basics,,pad_sequences,5,2,2
hunkim_PyTorchZeroToAll,13_1_rnn_classification_basics,,make_variables,5,1,1
hunkim_PyTorchZeroToAll,13_2_rnn_classification,RNNClassifier,__init__,9,1,5
hunkim_PyTorchZeroToAll,13_2_rnn_classification,RNNClassifier,forward,11,1,2
hunkim_PyTorchZeroToAll,13_2_rnn_classification,RNNClassifier,_init_hidden,4,1,1
hunkim_PyTorchZeroToAll,13_2_rnn_classification,,time_since,5,1,1
hunkim_PyTorchZeroToAll,13_2_rnn_classification,,create_variable,5,1,1
hunkim_PyTorchZeroToAll,13_2_rnn_classification,,pad_sequences,12,3,3
hunkim_PyTorchZeroToAll,13_2_rnn_classification,,make_variables,5,1,2
hunkim_PyTorchZeroToAll,13_2_rnn_classification,,str2ascii_arr,3,1,1
hunkim_PyTorchZeroToAll,13_2_rnn_classification,,countries2tensor,4,1,1
hunkim_PyTorchZeroToAll,13_2_rnn_classification,,train,20,3,0
hunkim_PyTorchZeroToAll,13_2_rnn_classification,,test,18,3,1
hunkim_PyTorchZeroToAll,13_3_char_rnn,RNN,__init__,9,1,4
hunkim_PyTorchZeroToAll,13_3_char_rnn,RNN,forward,6,1,2
hunkim_PyTorchZeroToAll,13_3_char_rnn,RNN,init_hidden,6,2,0
hunkim_PyTorchZeroToAll,13_3_char_rnn,,str2tensor,6,2,1
hunkim_PyTorchZeroToAll,13_3_char_rnn,,generate,19,3,4
hunkim_PyTorchZeroToAll,13_3_char_rnn,,train_teacher_forching,12,2,1
hunkim_PyTorchZeroToAll,13_3_char_rnn,,train,14,2,1
hunkim_PyTorchZeroToAll,13_4_pack_pad,,flatten,2,1,1
hunkim_PyTorchZeroToAll,14_1_seq2seq,,test,11,2,0
hunkim_PyTorchZeroToAll,14_1_seq2seq,,train,18,2,2
hunkim_PyTorchZeroToAll,14_1_seq2seq,,translate,23,3,3
hunkim_PyTorchZeroToAll,14_2_seq2seq_att,,test,19,3,0
hunkim_PyTorchZeroToAll,14_2_seq2seq_att,,train,17,2,2
hunkim_PyTorchZeroToAll,14_2_seq2seq_att,,translate,24,3,3
hunkim_PyTorchZeroToAll,name_dataset,NameDataset,__init__,9,1,1
hunkim_PyTorchZeroToAll,name_dataset,NameDataset,__getitem__,2,1,1
hunkim_PyTorchZeroToAll,name_dataset,NameDataset,__len__,2,1,0
hunkim_PyTorchZeroToAll,name_dataset,NameDataset,get_countries,2,1,0
hunkim_PyTorchZeroToAll,name_dataset,NameDataset,get_country,2,1,1
hunkim_PyTorchZeroToAll,name_dataset,NameDataset,get_country_id,2,1,1
hunkim_PyTorchZeroToAll,seq2seq_models,EncoderRNN,__init__,6,1,3
hunkim_PyTorchZeroToAll,seq2seq_models,EncoderRNN,forward,5,1,2
hunkim_PyTorchZeroToAll,seq2seq_models,EncoderRNN,init_hidden,2,1,0
hunkim_PyTorchZeroToAll,seq2seq_models,DecoderRNN,__init__,5,1,3
hunkim_PyTorchZeroToAll,seq2seq_models,DecoderRNN,forward,5,1,2
hunkim_PyTorchZeroToAll,seq2seq_models,DecoderRNN,init_hidden,2,1,0
hunkim_PyTorchZeroToAll,seq2seq_models,AttnDecoderRNN,__init__,7,1,4
hunkim_PyTorchZeroToAll,seq2seq_models,AttnDecoderRNN,forward,11,1,3
hunkim_PyTorchZeroToAll,seq2seq_models,AttnDecoderRNN,get_att_weight,6,2,2
hunkim_PyTorchZeroToAll,seq2seq_models,AttnDecoderRNN,get_att_score,3,1,2
hunkim_PyTorchZeroToAll,seq2seq_models,,cuda_variable,5,1,1
hunkim_PyTorchZeroToAll,seq2seq_models,,str2tensor,5,2,2
hunkim_PyTorchZeroToAll,text_loader,TextDataset,__init__,7,1,1
hunkim_PyTorchZeroToAll,text_loader,TextDataset,__getitem__,2,1,1
hunkim_PyTorchZeroToAll,text_loader,TextDataset,__len__,2,1,0
