Package,Module,Class,Function,LOC,CC,PC
wjmaddox_swa_gaussian.experiments.ensembling,ensembling,,train_dropout,3,2,1
wjmaddox_swa_gaussian.experiments.ensembling,swa_ecdf_ensembles,,find_models,9,4,4
wjmaddox_swa_gaussian.experiments.ensembling,swa_ecdf_ensembles,,nll,6,1,2
wjmaddox_swa_gaussian.experiments.grad_cov,grad_cov_utils,,initialize_grad_list,10,2,1
wjmaddox_swa_gaussian.experiments.grad_cov,grad_cov_utils,,collect_grads,5,2,2
wjmaddox_swa_gaussian.experiments.grad_cov,grad_cov_utils,,compute_opt_lr,21,2,3
wjmaddox_swa_gaussian.experiments.grad_cov,grad_cov_utils,,train_epoch,61,10,9
wjmaddox_swa_gaussian.experiments.grad_cov,run_grad_cov,,schedule,10,3,1
wjmaddox_swa_gaussian.experiments.hessian_eigs,hess_vec_prod,,gradtensor_to_tensor,5,2,2
wjmaddox_swa_gaussian.experiments.hessian_eigs,hess_vec_prod,,eval_hess_vec_prod,27,5,6
wjmaddox_swa_gaussian.experiments.hessian_eigs,hess_vec_prod,,min_max_hessian_eigs,55,11,6
wjmaddox_swa_gaussian.experiments.imagenet,data,,loaders,46,1,4
wjmaddox_swa_gaussian.experiments.imagenet,run_swag_imagenet,,schedule,5,2,1
wjmaddox_swa_gaussian.experiments.segmentation,eval_ensemble,,train_dropout,4,2,1
wjmaddox_swa_gaussian.experiments.segmentation.utils,imgs,,view_annotated,18,3,2
wjmaddox_swa_gaussian.experiments.segmentation.utils,imgs,,decode_image,6,1,1
wjmaddox_swa_gaussian.experiments.segmentation.utils,imgs,,view_image,5,1,1
wjmaddox_swa_gaussian.experiments.segmentation.utils,training,,weights_init,4,2,1
wjmaddox_swa_gaussian.experiments.segmentation.utils,training,,predict,11,2,3
wjmaddox_swa_gaussian.experiments.segmentation.utils,training,,view_sample_predictions,11,2,3
wjmaddox_swa_gaussian.experiments.segmentation.utils,training,,get_predictions,6,1,1
wjmaddox_swa_gaussian.experiments.segmentation.utils,training,,train,24,2,4
wjmaddox_swa_gaussian.experiments.segmentation.utils,training,,test,54,5,6
wjmaddox_swa_gaussian.experiments.segmentation.utils,training,,numpy_metrics,15,2,4
wjmaddox_swa_gaussian.experiments.train,run_swag,,schedule,10,3,1
wjmaddox_swa_gaussian.experiments.train,train,,schedule,10,3,1
wjmaddox_swa_gaussian.experiments.uncertainty,save_calibration_curves,,parse,2,1,1
wjmaddox_swa_gaussian.experiments.uncertainty,save_calibration_curves,,calibration_curve,40,5,1
wjmaddox_swa_gaussian.experiments.uncertainty,save_calibration_curves,,get_path,6,2,3
wjmaddox_swa_gaussian.experiments.uncertainty,save_calibration_curves,,nonedict,2,1,0
wjmaddox_swa_gaussian.experiments.uncertainty,temp_scaling,,logits_from_probs,2,1,1
wjmaddox_swa_gaussian.experiments.uncertainty,temp_scaling,,optimal_temp_scale,19,0,4
wjmaddox_swa_gaussian.experiments.uncertainty,temp_scaling,,rescale_temp,6,1,2
wjmaddox_swa_gaussian.experiments.uncertainty,uncertainty,,nll,6,1,2
wjmaddox_swa_gaussian.experiments.uncertainty,uncertainty,,train_dropout,3,2,1
wjmaddox_swa_gaussian.swag,camvid,LabelTensorToPILImage,__call__,14,4,1
wjmaddox_swa_gaussian.swag,camvid,CamVid,__init__,15,2,7
wjmaddox_swa_gaussian.swag,camvid,CamVid,__getitem__,11,4,1
wjmaddox_swa_gaussian.swag,camvid,CamVid,__len__,2,1,0
wjmaddox_swa_gaussian.swag,camvid,CamVid,download,2,1,0
wjmaddox_swa_gaussian.swag,camvid,,has_file_allowed_extension,4,1,2
wjmaddox_swa_gaussian.swag,camvid,,is_image_file,3,1,1
wjmaddox_swa_gaussian.swag,camvid,,_make_dataset,9,4,1
wjmaddox_swa_gaussian.swag,data,,camvid_loaders,60,1,11
wjmaddox_swa_gaussian.swag,data,,svhn_loaders,39,3,8
wjmaddox_swa_gaussian.swag,data,,loaders,105,6,10
wjmaddox_swa_gaussian.swag,losses,,cross_entropy,4,1,3
wjmaddox_swa_gaussian.swag,losses,,adversarial_cross_entropy,14,1,5
wjmaddox_swa_gaussian.swag,losses,,masked_loss,10,1,5
wjmaddox_swa_gaussian.swag,losses,,seg_cross_entropy,4,1,4
wjmaddox_swa_gaussian.swag,losses,,seg_ale_cross_entropy,13,2,5
wjmaddox_swa_gaussian.swag,utils,,flatten,3,1,1
wjmaddox_swa_gaussian.swag,utils,,unflatten_like,9,2,2
wjmaddox_swa_gaussian.swag,utils,,LogSumExp,3,1,2
wjmaddox_swa_gaussian.swag,utils,,adjust_learning_rate,4,2,2
wjmaddox_swa_gaussian.swag,utils,,save_checkpoint,5,1,3
wjmaddox_swa_gaussian.swag,utils,,train_epoch,45,8,8
wjmaddox_swa_gaussian.swag,utils,,eval,24,5,6
wjmaddox_swa_gaussian.swag,utils,,predict,17,3,3
wjmaddox_swa_gaussian.swag,utils,,moving_average,4,2,3
wjmaddox_swa_gaussian.swag,utils,,_check_bn,3,2,2
wjmaddox_swa_gaussian.swag,utils,,check_bn,4,1,1
wjmaddox_swa_gaussian.swag,utils,,reset_bn,4,2,1
wjmaddox_swa_gaussian.swag,utils,,_get_momenta,3,2,2
wjmaddox_swa_gaussian.swag,utils,,_set_momenta,3,2,2
wjmaddox_swa_gaussian.swag,utils,,bn_update,30,6,4
wjmaddox_swa_gaussian.swag,utils,,inv_softmax,2,1,2
wjmaddox_swa_gaussian.swag,utils,,predictions,16,5,5
wjmaddox_swa_gaussian.swag,utils,,schedule,10,3,6
wjmaddox_swa_gaussian.swag.models,joint_transforms,JointCompose,__init__,2,1,1
wjmaddox_swa_gaussian.swag.models,joint_transforms,JointCompose,__call__,4,2,2
wjmaddox_swa_gaussian.swag.models,joint_transforms,JointCompose,__repr__,7,2,0
wjmaddox_swa_gaussian.swag.models,joint_transforms,JointRandomResizedCrop,__init__,5,1,4
wjmaddox_swa_gaussian.swag.models,joint_transforms,JointRandomResizedCrop,get_params,21,4,3
wjmaddox_swa_gaussian.swag.models,joint_transforms,JointRandomResizedCrop,__call__,9,1,2
wjmaddox_swa_gaussian.swag.models,joint_transforms,JointRandomResizedCrop,__repr__,7,1,0
wjmaddox_swa_gaussian.swag.models,joint_transforms,JointRandomHorizontalFlip,__call__,5,2,2
wjmaddox_swa_gaussian.swag.models,joint_transforms,LabelToLongTensor,__call__,9,2,1
wjmaddox_swa_gaussian.swag.models,layers,DenseLayer,__init__,11,1,2
wjmaddox_swa_gaussian.swag.models,layers,DenseLayer,forward,2,1,1
wjmaddox_swa_gaussian.swag.models,layers,DenseBlock,__init__,9,1,4
wjmaddox_swa_gaussian.swag.models,layers,DenseBlock,forward,15,3,1
wjmaddox_swa_gaussian.swag.models,layers,TransitionDown,__init__,12,1,1
wjmaddox_swa_gaussian.swag.models,layers,TransitionDown,forward,2,1,1
wjmaddox_swa_gaussian.swag.models,layers,TransitionUp,__init__,10,1,2
wjmaddox_swa_gaussian.swag.models,layers,TransitionUp,forward,5,1,2
wjmaddox_swa_gaussian.swag.models,layers,Bottleneck,__init__,5,1,3
wjmaddox_swa_gaussian.swag.models,layers,Bottleneck,forward,2,1,1
wjmaddox_swa_gaussian.swag.models,layers,,center_crop,5,1,3
wjmaddox_swa_gaussian.swag.models,lenet5,LeNet5Base,__init__,18,3,1
wjmaddox_swa_gaussian.swag.models,lenet5,LeNet5Base,forward,5,1,1
wjmaddox_swa_gaussian.swag.models,preresnet,BasicBlock,__init__,9,1,4
wjmaddox_swa_gaussian.swag.models,preresnet,BasicBlock,forward,12,2,1
wjmaddox_swa_gaussian.swag.models,preresnet,Bottleneck,__init__,13,1,4
wjmaddox_swa_gaussian.swag.models,preresnet,Bottleneck,forward,15,2,1
wjmaddox_swa_gaussian.swag.models,preresnet,PreResNet,__init__,26,5,2
wjmaddox_swa_gaussian.swag.models,preresnet,PreResNet,_make_layer,18,4,4
wjmaddox_swa_gaussian.swag.models,preresnet,PreResNet,forward,11,1,1
wjmaddox_swa_gaussian.swag.models,preresnet,,conv3x3,4,1,3
wjmaddox_swa_gaussian.swag.models,preresnet_dropout,BasicBlock,__init__,10,1,4
wjmaddox_swa_gaussian.swag.models,preresnet_dropout,BasicBlock,forward,14,2,1
wjmaddox_swa_gaussian.swag.models,preresnet_dropout,Bottleneck,__init__,14,1,4
wjmaddox_swa_gaussian.swag.models,preresnet_dropout,Bottleneck,forward,18,2,1
wjmaddox_swa_gaussian.swag.models,preresnet_dropout,PreResNetDrop,__init__,22,4,2
wjmaddox_swa_gaussian.swag.models,preresnet_dropout,PreResNetDrop,_make_layer,19,4,4
wjmaddox_swa_gaussian.swag.models,preresnet_dropout,PreResNetDrop,forward,12,1,1
wjmaddox_swa_gaussian.swag.models,preresnet_dropout,,conv3x3,4,1,3
wjmaddox_swa_gaussian.swag.models,tiramisu,FCDenseNet,__init__,67,4,8
wjmaddox_swa_gaussian.swag.models,tiramisu,FCDenseNet,forward,17,4,1
wjmaddox_swa_gaussian.swag.models,vgg,VGG,__init__,17,3,3
wjmaddox_swa_gaussian.swag.models,vgg,VGG,forward,5,1,1
wjmaddox_swa_gaussian.swag.models,vgg,,make_layers,14,4,2
wjmaddox_swa_gaussian.swag.models,vgg_dropout,VGGDrop,__init__,17,3,3
wjmaddox_swa_gaussian.swag.models,vgg_dropout,VGGDrop,forward,5,1,1
wjmaddox_swa_gaussian.swag.models,vgg_dropout,,make_layers,19,4,2
wjmaddox_swa_gaussian.swag.models,wide_resnet,WideBasic,__init__,14,3,4
wjmaddox_swa_gaussian.swag.models,wide_resnet,WideBasic,forward,5,1,1
wjmaddox_swa_gaussian.swag.models,wide_resnet,WideResNet,__init__,13,1,4
wjmaddox_swa_gaussian.swag.models,wide_resnet,WideResNet,_wide_layer,7,2,5
wjmaddox_swa_gaussian.swag.models,wide_resnet,WideResNet,forward,10,1,1
wjmaddox_swa_gaussian.swag.models,wide_resnet,,conv3x3,4,1,3
wjmaddox_swa_gaussian.swag.models,wide_resnet,,conv_init,8,3,1
wjmaddox_swa_gaussian.swag.models,wide_resnet_dropout,WideBasic,__init__,14,3,3
wjmaddox_swa_gaussian.swag.models,wide_resnet_dropout,WideBasic,forward,5,1,1
wjmaddox_swa_gaussian.swag.models,wide_resnet_dropout,WideResNetDrop,__init__,14,1,3
wjmaddox_swa_gaussian.swag.models,wide_resnet_dropout,WideResNetDrop,_wide_layer,7,2,4
wjmaddox_swa_gaussian.swag.models,wide_resnet_dropout,WideResNetDrop,forward,11,1,1
wjmaddox_swa_gaussian.swag.models,wide_resnet_dropout,,conv3x3,4,1,3
wjmaddox_swa_gaussian.swag.models,wide_resnet_dropout,,conv_init,8,3,1
wjmaddox_swa_gaussian.swag.posteriors,diag_laplace,Laplace,__init__,13,1,3
wjmaddox_swa_gaussian.swag.posteriors,diag_laplace,Laplace,forward,2,1,1
wjmaddox_swa_gaussian.swag.posteriors,diag_laplace,Laplace,sample,26,5,3
wjmaddox_swa_gaussian.swag.posteriors,diag_laplace,Laplace,export_numpy_params,9,2,0
wjmaddox_swa_gaussian.swag.posteriors,diag_laplace,Laplace,import_numpy_mean,7,2,1
wjmaddox_swa_gaussian.swag.posteriors,diag_laplace,Laplace,import_numpy_cov_mat_sqrt,5,2,1
wjmaddox_swa_gaussian.swag.posteriors,diag_laplace,Laplace,estimate_variance,28,6,4
wjmaddox_swa_gaussian.swag.posteriors,diag_laplace,Laplace,scale_grid_search,16,2,3
wjmaddox_swa_gaussian.swag.posteriors,diag_laplace,,laplace_parameters,26,5,4
wjmaddox_swa_gaussian.swag.posteriors,laplace,KFACLaplace,__init__,35,6,9
wjmaddox_swa_gaussian.swag.posteriors,laplace,KFACLaplace,cuda,2,1,0
wjmaddox_swa_gaussian.swag.posteriors,laplace,KFACLaplace,load_state_dict,3,1,1
wjmaddox_swa_gaussian.swag.posteriors,laplace,KFACLaplace,eval,2,1,0
wjmaddox_swa_gaussian.swag.posteriors,laplace,KFACLaplace,train,2,1,0
wjmaddox_swa_gaussian.swag.posteriors,laplace,KFACLaplace,apply,2,1,0
wjmaddox_swa_gaussian.swag.posteriors,laplace,KFACLaplace,sample,56,8,1
wjmaddox_swa_gaussian.swag.posteriors,laplace,KFACLaplace,step,77,21,2
wjmaddox_swa_gaussian.swag.posteriors,laplace,KFACLaplace,_save_input,3,2,2
wjmaddox_swa_gaussian.swag.posteriors,laplace,KFACLaplace,_save_grad_output,3,2,3
wjmaddox_swa_gaussian.swag.posteriors,laplace,KFACLaplace,_precond,22,6,4
wjmaddox_swa_gaussian.swag.posteriors,laplace,KFACLaplace,_precond_sua,20,3,4
wjmaddox_swa_gaussian.swag.posteriors,laplace,KFACLaplace,_compute_covs,40,7,2
wjmaddox_swa_gaussian.swag.posteriors,laplace,KFACLaplace,_inv_covs,16,2,3
wjmaddox_swa_gaussian.swag.posteriors,laplace,,jacobian,12,2,3
wjmaddox_swa_gaussian.swag.posteriors,laplace,,hessian,2,1,2
wjmaddox_swa_gaussian.swag.posteriors,swag,SWAG,__init__,13,1,4
wjmaddox_swa_gaussian.swag.posteriors,swag,SWAG,forward,2,1,0
wjmaddox_swa_gaussian.swag.posteriors,swag,SWAG,sample,7,3,5
wjmaddox_swa_gaussian.swag.posteriors,swag,SWAG,sample_blockwise,27,4,3
wjmaddox_swa_gaussian.swag.posteriors,swag,SWAG,sample_fullrank,38,6,3
wjmaddox_swa_gaussian.swag.posteriors,swag,SWAG,collect_model,31,4,1
wjmaddox_swa_gaussian.swag.posteriors,swag,SWAG,load_state_dict,11,3,2
wjmaddox_swa_gaussian.swag.posteriors,swag,SWAG,export_numpy_params,20,3,1
wjmaddox_swa_gaussian.swag.posteriors,swag,SWAG,import_numpy_weights,7,2,1
wjmaddox_swa_gaussian.swag.posteriors,swag,SWAG,generate_mean_var_covar,13,2,0
wjmaddox_swa_gaussian.swag.posteriors,swag,SWAG,compute_ll_for_block,12,2,4
wjmaddox_swa_gaussian.swag.posteriors,swag,SWAG,block_logdet,6,1,2
wjmaddox_swa_gaussian.swag.posteriors,swag,SWAG,block_logll,9,2,4
wjmaddox_swa_gaussian.swag.posteriors,swag,SWAG,full_logll,8,1,4
wjmaddox_swa_gaussian.swag.posteriors,swag,SWAG,compute_logdet,12,3,1
wjmaddox_swa_gaussian.swag.posteriors,swag,SWAG,diag_logll,5,2,3
wjmaddox_swa_gaussian.swag.posteriors,swag,SWAG,compute_logprob,14,2,3
wjmaddox_swa_gaussian.swag.posteriors,swag,,swag_parameters,15,4,3
wjmaddox_swa_gaussian.tests,test_lowrank_p_diag,Test_LowRank_P_Diag,test_added_diag_lt,89,3,4
wjmaddox_swa_gaussian.tests,test_swag_sampling,Test_SWAG_Sampling,test_swag_cov,73,6,0
wjmaddox_swa_gaussian.tests,test_swag_sampling,Test_SWAG_Sampling,test_swag_diag,64,6,0
