Package,Module,Class,Function,LOC,CC,PC
wubinzzu_NeuRec.data,dataset,Dataset,__init__,11,1,1
wubinzzu_NeuRec.data,dataset,Dataset,_get_data_path,9,3,1
wubinzzu_NeuRec.data,dataset,Dataset,_check_saved_data,20,7,3
wubinzzu_NeuRec.data,dataset,Dataset,_load_data,49,5,1
wubinzzu_NeuRec.data,dataset,Dataset,_split_data,66,8,5
wubinzzu_NeuRec.data,dataset,Dataset,_load_test_neg_items,30,5,3
wubinzzu_NeuRec.data,dataset,Dataset,__str__,13,1,0
wubinzzu_NeuRec.data,dataset,Dataset,__repr__,2,1,0
wubinzzu_NeuRec.data,dataset,Dataset,get_user_train_dict,6,2,1
wubinzzu_NeuRec.data,dataset,Dataset,get_user_test_dict,3,1,0
wubinzzu_NeuRec.data,dataset,Dataset,get_user_test_neg_dict,5,2,0
wubinzzu_NeuRec.data,dataset,Dataset,get_train_interactions,7,2,0
wubinzzu_NeuRec.data,dataset,Dataset,to_csr_matrix,2,1,0
wubinzzu_NeuRec.data,sampler,Sampler,__init__,2,1,0
wubinzzu_NeuRec.data,sampler,Sampler,__len__,2,1,0
wubinzzu_NeuRec.data,sampler,Sampler,__iter__,2,1,0
wubinzzu_NeuRec.data,sampler,PointwiseSampler,__init__,18,2,5
wubinzzu_NeuRec.data,sampler,PointwiseSampler,__iter__,11,2,0
wubinzzu_NeuRec.data,sampler,PointwiseSampler,__len__,6,1,0
wubinzzu_NeuRec.data,sampler,PairwiseSampler,__init__,13,2,5
wubinzzu_NeuRec.data,sampler,PairwiseSampler,__iter__,8,2,0
wubinzzu_NeuRec.data,sampler,PairwiseSampler,__len__,6,1,0
wubinzzu_NeuRec.data,sampler,TimeOrderPointwiseSampler,__init__,21,3,6
wubinzzu_NeuRec.data,sampler,TimeOrderPointwiseSampler,__iter__,10,2,0
wubinzzu_NeuRec.data,sampler,TimeOrderPointwiseSampler,__len__,6,1,0
wubinzzu_NeuRec.data,sampler,TimeOrderPairwiseSampler,__init__,15,3,6
wubinzzu_NeuRec.data,sampler,TimeOrderPairwiseSampler,__iter__,7,2,0
wubinzzu_NeuRec.data,sampler,TimeOrderPairwiseSampler,__len__,6,1,0
wubinzzu_NeuRec.data,sampler,,_generate_positive_items,13,4,1
wubinzzu_NeuRec.data,sampler,,_generative_time_order_positive_items,23,7,2
wubinzzu_NeuRec.data,sampler,,_sampling_negative_items,19,6,4
wubinzzu_NeuRec.data,utils,,check_md5,7,2,1
wubinzzu_NeuRec.data,utils,,load_data,3,1,3
wubinzzu_NeuRec.data,utils,,filter_data,11,5,3
wubinzzu_NeuRec.data,utils,,remap_id,8,1,1
wubinzzu_NeuRec.data,utils,,get_map_id,6,1,1
wubinzzu_NeuRec.data,utils,,split_by_ratio,18,4,3
wubinzzu_NeuRec.data,utils,,split_by_loo,20,5,2
wubinzzu_NeuRec.evaluator,abstract_evaluator,AbstractEvaluator,__init__,2,1,0
wubinzzu_NeuRec.evaluator,abstract_evaluator,AbstractEvaluator,metrics_info,3,1,0
wubinzzu_NeuRec.evaluator,abstract_evaluator,AbstractEvaluator,evaluate,3,1,1
wubinzzu_NeuRec.evaluator,grouped_evaluator,GroupedEvaluator,__init__,26,5,8
wubinzzu_NeuRec.evaluator,grouped_evaluator,GroupedEvaluator,metrics_info,3,1,0
wubinzzu_NeuRec.evaluator,grouped_evaluator,GroupedEvaluator,evaluate,4,2,1
wubinzzu_NeuRec.evaluator,proxy_evaluator,ProxyEvaluator,__init__,13,2,8
wubinzzu_NeuRec.evaluator,proxy_evaluator,ProxyEvaluator,metrics_info,3,1,0
wubinzzu_NeuRec.evaluator,proxy_evaluator,ProxyEvaluator,evaluate,3,1,1
wubinzzu_NeuRec.evaluator.backend.cpp,uni_evaluator,UniEvaluator,__init__,26,7,7
wubinzzu_NeuRec.evaluator.backend.cpp,uni_evaluator,UniEvaluator,metrics_info,6,1,0
wubinzzu_NeuRec.evaluator.backend.cpp,uni_evaluator,UniEvaluator,evaluate,40,9,2
wubinzzu_NeuRec.evaluator.backend.python,metric,,hit,9,3,2
wubinzzu_NeuRec.evaluator.backend.python,metric,,precision,4,1,2
wubinzzu_NeuRec.evaluator.backend.python,metric,,recall,4,1,2
wubinzzu_NeuRec.evaluator.backend.python,metric,,map,7,1,2
wubinzzu_NeuRec.evaluator.backend.python,metric,,ndcg,8,1,2
wubinzzu_NeuRec.evaluator.backend.python,metric,,mrr,9,3,2
wubinzzu_NeuRec.evaluator.backend.python,uni_evaluator,UniEvaluator,__init__,26,7,7
wubinzzu_NeuRec.evaluator.backend.python,uni_evaluator,UniEvaluator,metrics_info,6,1,0
wubinzzu_NeuRec.evaluator.backend.python,uni_evaluator,UniEvaluator,evaluate,39,7,2
wubinzzu_NeuRec.evaluator.backend.python,uni_evaluator,UniEvaluator,eval_score_matrix,14,0,5
wubinzzu_NeuRec.model,AbstractRecommender,AbstractRecommender,__init__,12,1,2
wubinzzu_NeuRec.model,AbstractRecommender,AbstractRecommender,build_graph,2,1,0
wubinzzu_NeuRec.model,AbstractRecommender,AbstractRecommender,train_model,2,1,0
wubinzzu_NeuRec.model,AbstractRecommender,AbstractRecommender,predict,2,1,2
wubinzzu_NeuRec.model,AbstractRecommender,SeqAbstractRecommender,__init__,4,2,2
wubinzzu_NeuRec.model,AbstractRecommender,SocialAbstractRecommender,__init__,16,1,2
wubinzzu_NeuRec.model,AbstractRecommender,,_create_logger,9,1,2
wubinzzu_NeuRec.model.general_recommender,APR,APR,__init__,20,1,3
wubinzzu_NeuRec.model.general_recommender,APR,APR,_create_placeholders,5,1,0
wubinzzu_NeuRec.model.general_recommender,APR,APR,_create_variables,12,1,0
wubinzzu_NeuRec.model.general_recommender,APR,APR,_create_inference,6,1,1
wubinzzu_NeuRec.model.general_recommender,APR,APR,_create_inference_adv,9,1,1
wubinzzu_NeuRec.model.general_recommender,APR,APR,_create_loss,20,2,0
wubinzzu_NeuRec.model.general_recommender,APR,APR,_create_adversarial,25,3,0
wubinzzu_NeuRec.model.general_recommender,APR,APR,_create_optimizer,3,1,0
wubinzzu_NeuRec.model.general_recommender,APR,APR,build_graph,6,1,0
wubinzzu_NeuRec.model.general_recommender,APR,APR,train_model,19,4,0
wubinzzu_NeuRec.model.general_recommender,APR,APR,evaluate,3,1,0
wubinzzu_NeuRec.model.general_recommender,APR,APR,predict,11,3,2
wubinzzu_NeuRec.model.general_recommender,CDAE,CDAE,__init__,21,3,3
wubinzzu_NeuRec.model.general_recommender,CDAE,CDAE,_create_variable,15,1,0
wubinzzu_NeuRec.model.general_recommender,CDAE,CDAE,_encoding,8,1,2
wubinzzu_NeuRec.model.general_recommender,CDAE,CDAE,build_graph,21,3,0
wubinzzu_NeuRec.model.general_recommender,CDAE,CDAE,train_model,41,4,0
wubinzzu_NeuRec.model.general_recommender,CDAE,CDAE,evaluate_model,2,1,0
wubinzzu_NeuRec.model.general_recommender,CDAE,CDAE,predict,11,1,2
wubinzzu_NeuRec.model.general_recommender,CFGAN,CFGAN,__init__,29,2,3
wubinzzu_NeuRec.model.general_recommender,CFGAN,CFGAN,build_graph,29,5,0
wubinzzu_NeuRec.model.general_recommender,CFGAN,CFGAN,_create_layer,18,3,0
wubinzzu_NeuRec.model.general_recommender,CFGAN,CFGAN,gen,4,2,1
wubinzzu_NeuRec.model.general_recommender,CFGAN,CFGAN,dis,4,2,1
wubinzzu_NeuRec.model.general_recommender,CFGAN,CFGAN,get_train_data,13,2,0
wubinzzu_NeuRec.model.general_recommender,CFGAN,CFGAN,train_model,27,7,0
wubinzzu_NeuRec.model.general_recommender,CFGAN,CFGAN,evaluate,3,1,0
wubinzzu_NeuRec.model.general_recommender,CFGAN,CFGAN,eval_rating_matrix,5,2,0
wubinzzu_NeuRec.model.general_recommender,CFGAN,CFGAN,predict,5,2,2
wubinzzu_NeuRec.model.general_recommender,ConvNCF,ConvNCF,__init__,23,1,3
wubinzzu_NeuRec.model.general_recommender,ConvNCF,ConvNCF,_create_placeholders,6,1,0
wubinzzu_NeuRec.model.general_recommender,ConvNCF,ConvNCF,weight_variable,3,1,1
wubinzzu_NeuRec.model.general_recommender,ConvNCF,ConvNCF,bias_variable,3,1,1
wubinzzu_NeuRec.model.general_recommender,ConvNCF,ConvNCF,_conv_weight,2,1,2
wubinzzu_NeuRec.model.general_recommender,ConvNCF,ConvNCF,_conv_layer,3,1,2
wubinzzu_NeuRec.model.general_recommender,ConvNCF,ConvNCF,_create_variables,22,3,1
wubinzzu_NeuRec.model.general_recommender,ConvNCF,ConvNCF,_create_inference,21,2,1
wubinzzu_NeuRec.model.general_recommender,ConvNCF,ConvNCF,_regular,5,2,1
wubinzzu_NeuRec.model.general_recommender,ConvNCF,ConvNCF,_create_loss,11,1,0
wubinzzu_NeuRec.model.general_recommender,ConvNCF,ConvNCF,_create_pre_optimizer,2,1,0
wubinzzu_NeuRec.model.general_recommender,ConvNCF,ConvNCF,_create_optimizer,14,1,0
wubinzzu_NeuRec.model.general_recommender,ConvNCF,ConvNCF,build_graph,17,3,0
wubinzzu_NeuRec.model.general_recommender,ConvNCF,ConvNCF,train_model,17,4,0
wubinzzu_NeuRec.model.general_recommender,ConvNCF,ConvNCF,evaluate,2,1,0
wubinzzu_NeuRec.model.general_recommender,ConvNCF,ConvNCF,predict,13,4,2
wubinzzu_NeuRec.model.general_recommender,DAE,DAE,__init__,19,1,3
wubinzzu_NeuRec.model.general_recommender,DAE,DAE,_create_placeholders,4,1,0
wubinzzu_NeuRec.model.general_recommender,DAE,DAE,_create_variables,9,1,0
wubinzzu_NeuRec.model.general_recommender,DAE,DAE,_create_inference,9,1,0
wubinzzu_NeuRec.model.general_recommender,DAE,DAE,_create_loss,9,1,0
wubinzzu_NeuRec.model.general_recommender,DAE,DAE,_create_optimizer,3,1,0
wubinzzu_NeuRec.model.general_recommender,DAE,DAE,build_graph,6,1,0
wubinzzu_NeuRec.model.general_recommender,DAE,DAE,train_model,24,5,0
wubinzzu_NeuRec.model.general_recommender,DAE,DAE,evaluate,2,1,0
wubinzzu_NeuRec.model.general_recommender,DAE,DAE,predict,28,6,2
wubinzzu_NeuRec.model.general_recommender,DMF,DMF,__init__,22,1,3
wubinzzu_NeuRec.model.general_recommender,DMF,DMF,_create_placeholders,5,1,0
wubinzzu_NeuRec.model.general_recommender,DMF,DMF,_create_variables,12,1,0
wubinzzu_NeuRec.model.general_recommender,DMF,DMF,_create_inference,14,1,0
wubinzzu_NeuRec.model.general_recommender,DMF,DMF,_create_loss,3,1,0
wubinzzu_NeuRec.model.general_recommender,DMF,DMF,_create_optimizer,3,1,0
wubinzzu_NeuRec.model.general_recommender,DMF,DMF,build_graph,6,1,0
wubinzzu_NeuRec.model.general_recommender,DMF,DMF,train_model,25,5,0
wubinzzu_NeuRec.model.general_recommender,DMF,DMF,evaluate,2,1,0
wubinzzu_NeuRec.model.general_recommender,DMF,DMF,predict,22,5,2
wubinzzu_NeuRec.model.general_recommender,DMF,DMF,_get_input_all_data,30,5,0
wubinzzu_NeuRec.model.general_recommender,DeepICF,DeepICF,__init__,31,1,3
wubinzzu_NeuRec.model.general_recommender,DeepICF,DeepICF,batch_norm_layer,7,1,3
wubinzzu_NeuRec.model.general_recommender,DeepICF,DeepICF,_create_placeholders,7,1,0
wubinzzu_NeuRec.model.general_recommender,DeepICF,DeepICF,_create_variables,42,5,1
wubinzzu_NeuRec.model.general_recommender,DeepICF,DeepICF,_attention_MLP,27,4,1
wubinzzu_NeuRec.model.general_recommender,DeepICF,DeepICF,_create_inference,28,4,0
wubinzzu_NeuRec.model.general_recommender,DeepICF,DeepICF,_create_loss,10,3,0
wubinzzu_NeuRec.model.general_recommender,DeepICF,DeepICF,_create_optimizer,3,1,0
wubinzzu_NeuRec.model.general_recommender,DeepICF,DeepICF,build_graph,16,2,0
wubinzzu_NeuRec.model.general_recommender,DeepICF,DeepICF,train_model,24,4,0
wubinzzu_NeuRec.model.general_recommender,DeepICF,DeepICF,evaluate,2,1,0
wubinzzu_NeuRec.model.general_recommender,DeepICF,DeepICF,predict,29,4,2
wubinzzu_NeuRec.model.general_recommender,FISM,FISM,__init__,24,1,3
wubinzzu_NeuRec.model.general_recommender,FISM,FISM,_create_placeholders,11,2,0
wubinzzu_NeuRec.model.general_recommender,FISM,FISM,_create_variables,10,1,0
wubinzzu_NeuRec.model.general_recommender,FISM,FISM,_create_inference,8,1,3
wubinzzu_NeuRec.model.general_recommender,FISM,FISM,_create_loss,14,2,0
wubinzzu_NeuRec.model.general_recommender,FISM,FISM,_create_optimizer,3,1,0
wubinzzu_NeuRec.model.general_recommender,FISM,FISM,build_graph,5,1,0
wubinzzu_NeuRec.model.general_recommender,FISM,FISM,train_model,45,7,0
wubinzzu_NeuRec.model.general_recommender,FISM,FISM,evaluate,2,1,0
wubinzzu_NeuRec.model.general_recommender,FISM,FISM,predict,27,4,2
wubinzzu_NeuRec.model.general_recommender,IRGAN,GEN,__init__,40,2,7
wubinzzu_NeuRec.model.general_recommender,IRGAN,DIS,__init__,43,2,7
wubinzzu_NeuRec.model.general_recommender,IRGAN,IRGAN,__init__,24,3,3
wubinzzu_NeuRec.model.general_recommender,IRGAN,IRGAN,build_graph,7,1,0
wubinzzu_NeuRec.model.general_recommender,IRGAN,IRGAN,get_train_data,11,2,0
wubinzzu_NeuRec.model.general_recommender,IRGAN,IRGAN,get_train_data_one_user,18,2,1
wubinzzu_NeuRec.model.general_recommender,IRGAN,IRGAN,train_model,7,4,0
wubinzzu_NeuRec.model.general_recommender,IRGAN,IRGAN,training_discriminator,9,2,0
wubinzzu_NeuRec.model.general_recommender,IRGAN,IRGAN,training_generator,23,2,0
wubinzzu_NeuRec.model.general_recommender,IRGAN,IRGAN,evaluate,3,1,0
wubinzzu_NeuRec.model.general_recommender,IRGAN,IRGAN,predict,8,2,2
wubinzzu_NeuRec.model.general_recommender,ItemKNN,Compute_Similarity_Euclidean,__init__,24,4,7
wubinzzu_NeuRec.model.general_recommender,ItemKNN,Compute_Similarity_Euclidean,compute_similarity,132,18,3
wubinzzu_NeuRec.model.general_recommender,ItemKNN,Compute_Similarity,__init__,11,3,2
wubinzzu_NeuRec.model.general_recommender,ItemKNN,Compute_Similarity,compute_similarity,2,1,0
wubinzzu_NeuRec.model.general_recommender,ItemKNN,Compute_Similarity_Python,__init__,49,9,8
wubinzzu_NeuRec.model.general_recommender,ItemKNN,Compute_Similarity_Python,applyAdjustedCosine,19,2,0
wubinzzu_NeuRec.model.general_recommender,ItemKNN,Compute_Similarity_Python,applyPearsonCorrelation,19,2,0
wubinzzu_NeuRec.model.general_recommender,ItemKNN,Compute_Similarity_Python,useOnlyBooleanInteractions,10,2,0
wubinzzu_NeuRec.model.general_recommender,ItemKNN,Compute_Similarity_Python,compute_similarity,127,24,3
wubinzzu_NeuRec.model.general_recommender,ItemKNN,ItemKNN,__init__,13,1,3
wubinzzu_NeuRec.model.general_recommender,ItemKNN,ItemKNN,build_graph,6,1,0
wubinzzu_NeuRec.model.general_recommender,ItemKNN,ItemKNN,train_model,3,1,0
wubinzzu_NeuRec.model.general_recommender,ItemKNN,ItemKNN,evaluate,2,1,0
wubinzzu_NeuRec.model.general_recommender,ItemKNN,ItemKNN,predict,7,1,2
wubinzzu_NeuRec.model.general_recommender,JCA,JCA,__init__,25,1,3
wubinzzu_NeuRec.model.general_recommender,JCA,JCA,_create_placeholders,12,1,0
wubinzzu_NeuRec.model.general_recommender,JCA,JCA,_create_variables,24,1,0
wubinzzu_NeuRec.model.general_recommender,JCA,JCA,_create_inference,24,1,0
wubinzzu_NeuRec.model.general_recommender,JCA,JCA,_create_loss,8,1,0
wubinzzu_NeuRec.model.general_recommender,JCA,JCA,_create_optimizer,3,1,0
wubinzzu_NeuRec.model.general_recommender,JCA,JCA,build_graph,6,1,0
wubinzzu_NeuRec.model.general_recommender,JCA,JCA,train_model,40,7,0
wubinzzu_NeuRec.model.general_recommender,JCA,JCA,evaluate,10,1,0
wubinzzu_NeuRec.model.general_recommender,JCA,JCA,pairwise_neg_sampling,20,4,2
wubinzzu_NeuRec.model.general_recommender,JCA,JCA,predict,11,4,2
wubinzzu_NeuRec.model.general_recommender,LightGCN,LightGCN,__init__,14,1,3
wubinzzu_NeuRec.model.general_recommender,LightGCN,LightGCN,create_adj_mat,41,4,1
wubinzzu_NeuRec.model.general_recommender,LightGCN,LightGCN,_create_variable,8,1,0
wubinzzu_NeuRec.model.general_recommender,LightGCN,LightGCN,build_graph,34,1,0
wubinzzu_NeuRec.model.general_recommender,LightGCN,LightGCN,_create_lightgcn_embed,14,2,0
wubinzzu_NeuRec.model.general_recommender,LightGCN,LightGCN,_convert_sp_mat_to_sp_tensor,4,1,1
wubinzzu_NeuRec.model.general_recommender,LightGCN,LightGCN,create_bpr_loss,7,1,3
wubinzzu_NeuRec.model.general_recommender,LightGCN,LightGCN,train_model,11,3,0
wubinzzu_NeuRec.model.general_recommender,LightGCN,LightGCN,evaluate_model,3,1,0
wubinzzu_NeuRec.model.general_recommender,LightGCN,LightGCN,predict,6,2,2
wubinzzu_NeuRec.model.general_recommender,MF,MF,__init__,18,1,3
wubinzzu_NeuRec.model.general_recommender,MF,MF,_create_placeholders,8,2,0
wubinzzu_NeuRec.model.general_recommender,MF,MF,_create_variables,8,1,0
wubinzzu_NeuRec.model.general_recommender,MF,MF,_create_inference,7,1,1
wubinzzu_NeuRec.model.general_recommender,MF,MF,_create_loss,11,2,0
wubinzzu_NeuRec.model.general_recommender,MF,MF,_create_optimizer,3,1,0
wubinzzu_NeuRec.model.general_recommender,MF,MF,build_graph,5,1,0
wubinzzu_NeuRec.model.general_recommender,MF,MF,train_model,28,7,0
wubinzzu_NeuRec.model.general_recommender,MF,MF,evaluate,3,1,0
wubinzzu_NeuRec.model.general_recommender,MF,MF,predict,6,2,2
wubinzzu_NeuRec.model.general_recommender,MLP,MLP,__init__,19,1,3
wubinzzu_NeuRec.model.general_recommender,MLP,MLP,_create_placeholders,8,2,0
wubinzzu_NeuRec.model.general_recommender,MLP,MLP,_create_variables,9,1,0
wubinzzu_NeuRec.model.general_recommender,MLP,MLP,_create_inference,12,2,1
wubinzzu_NeuRec.model.general_recommender,MLP,MLP,_create_loss,10,2,0
wubinzzu_NeuRec.model.general_recommender,MLP,MLP,_create_optimizer,3,1,0
wubinzzu_NeuRec.model.general_recommender,MLP,MLP,build_graph,5,1,0
wubinzzu_NeuRec.model.general_recommender,MLP,MLP,train_model,30,7,0
wubinzzu_NeuRec.model.general_recommender,MLP,MLP,evaluate,2,1,0
wubinzzu_NeuRec.model.general_recommender,MLP,MLP,predict,13,4,2
wubinzzu_NeuRec.model.general_recommender,MultiDAE,MultiDAE,__init__,20,1,3
wubinzzu_NeuRec.model.general_recommender,MultiDAE,MultiDAE,_create_placeholders,4,1,0
wubinzzu_NeuRec.model.general_recommender,MultiDAE,MultiDAE,_create_variables,14,2,0
wubinzzu_NeuRec.model.general_recommender,MultiDAE,MultiDAE,_create_inference,13,3,0
wubinzzu_NeuRec.model.general_recommender,MultiDAE,MultiDAE,_create_loss,10,1,0
wubinzzu_NeuRec.model.general_recommender,MultiDAE,MultiDAE,_create_optimizer,3,1,0
wubinzzu_NeuRec.model.general_recommender,MultiDAE,MultiDAE,build_graph,6,1,0
wubinzzu_NeuRec.model.general_recommender,MultiDAE,MultiDAE,train_model,30,8,0
wubinzzu_NeuRec.model.general_recommender,MultiDAE,MultiDAE,evaluate,2,1,0
wubinzzu_NeuRec.model.general_recommender,MultiDAE,MultiDAE,predict,21,6,2
wubinzzu_NeuRec.model.general_recommender,MultiVAE,MultiVAE,__init__,22,1,3
wubinzzu_NeuRec.model.general_recommender,MultiVAE,MultiVAE,_create_placeholders,6,1,0
wubinzzu_NeuRec.model.general_recommender,MultiVAE,MultiVAE,_create_variables,26,4,0
wubinzzu_NeuRec.model.general_recommender,MultiVAE,MultiVAE,q_graph,16,3,0
wubinzzu_NeuRec.model.general_recommender,MultiVAE,MultiVAE,p_graph,8,3,1
wubinzzu_NeuRec.model.general_recommender,MultiVAE,MultiVAE,_create_inference,12,1,0
wubinzzu_NeuRec.model.general_recommender,MultiVAE,MultiVAE,_create_loss,10,1,0
wubinzzu_NeuRec.model.general_recommender,MultiVAE,MultiVAE,_create_optimizer,3,1,0
wubinzzu_NeuRec.model.general_recommender,MultiVAE,MultiVAE,build_graph,6,1,0
wubinzzu_NeuRec.model.general_recommender,MultiVAE,MultiVAE,train_model,42,9,0
wubinzzu_NeuRec.model.general_recommender,MultiVAE,MultiVAE,evaluate,2,1,0
wubinzzu_NeuRec.model.general_recommender,MultiVAE,MultiVAE,predict,21,6,2
wubinzzu_NeuRec.model.general_recommender,NAIS,NAIS,__init__,32,1,3
wubinzzu_NeuRec.model.general_recommender,NAIS,NAIS,_create_placeholders,11,2,0
wubinzzu_NeuRec.model.general_recommender,NAIS,NAIS,_create_variables,31,3,1
wubinzzu_NeuRec.model.general_recommender,NAIS,NAIS,_create_inference,18,2,3
wubinzzu_NeuRec.model.general_recommender,NAIS,NAIS,_create_loss,14,2,0
wubinzzu_NeuRec.model.general_recommender,NAIS,NAIS,_create_optimizer,3,1,0
wubinzzu_NeuRec.model.general_recommender,NAIS,NAIS,build_graph,15,2,0
wubinzzu_NeuRec.model.general_recommender,NAIS,NAIS,_attention_mlp,26,4,3
wubinzzu_NeuRec.model.general_recommender,NAIS,NAIS,train_model,45,7,0
wubinzzu_NeuRec.model.general_recommender,NAIS,NAIS,evaluate,2,1,0
wubinzzu_NeuRec.model.general_recommender,NAIS,NAIS,predict,27,4,2
wubinzzu_NeuRec.model.general_recommender,NGCF,NGCF,__init__,28,1,3
wubinzzu_NeuRec.model.general_recommender,NGCF,NGCF,_create_placeholders,6,1,0
wubinzzu_NeuRec.model.general_recommender,NGCF,NGCF,_create_variables,21,4,0
wubinzzu_NeuRec.model.general_recommender,NGCF,NGCF,_create_inference,15,1,0
wubinzzu_NeuRec.model.general_recommender,NGCF,NGCF,_create_loss,20,1,0
wubinzzu_NeuRec.model.general_recommender,NGCF,NGCF,_create_optimizer,3,1,0
wubinzzu_NeuRec.model.general_recommender,NGCF,NGCF,build_graph,6,1,0
wubinzzu_NeuRec.model.general_recommender,NGCF,NGCF,train_model,18,4,0
wubinzzu_NeuRec.model.general_recommender,NGCF,NGCF,evaluate,3,1,0
wubinzzu_NeuRec.model.general_recommender,NGCF,NGCF,predict,11,3,2
wubinzzu_NeuRec.model.general_recommender,NGCF,NGCF,_create_ngcf_embed,38,4,0
wubinzzu_NeuRec.model.general_recommender,NGCF,NGCF,_create_gcn_embed,18,3,0
wubinzzu_NeuRec.model.general_recommender,NGCF,NGCF,_create_gcmc_embed,19,3,0
wubinzzu_NeuRec.model.general_recommender,NGCF,NGCF,_init_weights,33,3,0
wubinzzu_NeuRec.model.general_recommender,NGCF,NGCF,normalized_adj_single,8,1,1
wubinzzu_NeuRec.model.general_recommender,NGCF,NGCF,get_adj_mat,19,4,0
wubinzzu_NeuRec.model.general_recommender,NGCF,NGCF,_split_A_hat,12,3,1
wubinzzu_NeuRec.model.general_recommender,NGCF,NGCF,_split_A_hat_node_dropout,15,3,1
wubinzzu_NeuRec.model.general_recommender,NGCF,NGCF,_dropout_sparse,9,1,3
wubinzzu_NeuRec.model.general_recommender,NGCF,NGCF,_convert_sp_mat_to_sp_tensor,4,1,1
wubinzzu_NeuRec.model.general_recommender,NeuMF,NeuMF,__init__,22,1,3
wubinzzu_NeuRec.model.general_recommender,NeuMF,NeuMF,_create_placeholders,8,2,0
wubinzzu_NeuRec.model.general_recommender,NeuMF,NeuMF,_create_variables,19,2,1
wubinzzu_NeuRec.model.general_recommender,NeuMF,NeuMF,_create_inference,18,2,1
wubinzzu_NeuRec.model.general_recommender,NeuMF,NeuMF,_create_loss,13,2,0
wubinzzu_NeuRec.model.general_recommender,NeuMF,NeuMF,_create_optimizer,3,1,0
wubinzzu_NeuRec.model.general_recommender,NeuMF,NeuMF,build_graph,15,2,0
wubinzzu_NeuRec.model.general_recommender,NeuMF,NeuMF,train_model,28,7,0
wubinzzu_NeuRec.model.general_recommender,NeuMF,NeuMF,evaluate,2,1,0
wubinzzu_NeuRec.model.general_recommender,NeuMF,NeuMF,predict,13,4,2
wubinzzu_NeuRec.model.general_recommender,Pop,Pop,__init__,4,1,3
wubinzzu_NeuRec.model.general_recommender,Pop,Pop,build_graph,2,1,0
wubinzzu_NeuRec.model.general_recommender,Pop,Pop,train_model,7,1,0
wubinzzu_NeuRec.model.general_recommender,Pop,Pop,evaluate_model,2,1,0
wubinzzu_NeuRec.model.general_recommender,Pop,Pop,predict,6,2,2
wubinzzu_NeuRec.model.general_recommender,SpectralCF,SpectralCF,__init__,26,1,3
wubinzzu_NeuRec.model.general_recommender,SpectralCF,SpectralCF,_create_placeholders,5,1,0
wubinzzu_NeuRec.model.general_recommender,SpectralCF,SpectralCF,_create_variables,12,2,0
wubinzzu_NeuRec.model.general_recommender,SpectralCF,SpectralCF,_create_inference,20,2,0
wubinzzu_NeuRec.model.general_recommender,SpectralCF,SpectralCF,_create_loss,7,1,0
wubinzzu_NeuRec.model.general_recommender,SpectralCF,SpectralCF,_create_optimizer,3,1,0
wubinzzu_NeuRec.model.general_recommender,SpectralCF,SpectralCF,build_graph,6,1,0
wubinzzu_NeuRec.model.general_recommender,SpectralCF,SpectralCF,adjacient_matrix,7,1,1
wubinzzu_NeuRec.model.general_recommender,SpectralCF,SpectralCF,degree_matrix,3,1,0
wubinzzu_NeuRec.model.general_recommender,SpectralCF,SpectralCF,laplacian_matrix,5,1,1
wubinzzu_NeuRec.model.general_recommender,SpectralCF,SpectralCF,train_model,18,4,0
wubinzzu_NeuRec.model.general_recommender,SpectralCF,SpectralCF,evaluate,4,1,0
wubinzzu_NeuRec.model.general_recommender,SpectralCF,SpectralCF,predict,11,3,2
wubinzzu_NeuRec.model.general_recommender,WRMF,WRMF,__init__,22,3,3
wubinzzu_NeuRec.model.general_recommender,WRMF,WRMF,_create_placeholders,7,1,0
wubinzzu_NeuRec.model.general_recommender,WRMF,WRMF,_create_variables,4,1,0
wubinzzu_NeuRec.model.general_recommender,WRMF,WRMF,_create_optimizer,11,1,0
wubinzzu_NeuRec.model.general_recommender,WRMF,WRMF,build_graph,4,1,0
wubinzzu_NeuRec.model.general_recommender,WRMF,WRMF,train_model,21,5,0
wubinzzu_NeuRec.model.general_recommender,WRMF,WRMF,evaluate,3,1,0
wubinzzu_NeuRec.model.general_recommender,WRMF,WRMF,predict,11,3,2
wubinzzu_NeuRec.model.sequential_recommender,Caser,Caser,__init__,16,1,3
wubinzzu_NeuRec.model.sequential_recommender,Caser,Caser,_create_variable,25,1,0
wubinzzu_NeuRec.model.sequential_recommender,Caser,Caser,build_graph,36,3,0
wubinzzu_NeuRec.model.sequential_recommender,Caser,Caser,train_model,19,3,0
wubinzzu_NeuRec.model.sequential_recommender,Caser,Caser,_generate_sequences,29,7,0
wubinzzu_NeuRec.model.sequential_recommender,Caser,Caser,_sample_negative,15,4,1
wubinzzu_NeuRec.model.sequential_recommender,Caser,Caser,evaluate_model,2,1,0
wubinzzu_NeuRec.model.sequential_recommender,Caser,Caser,predict,14,3,2
wubinzzu_NeuRec.model.sequential_recommender,FPMC,FPMC,__init__,21,1,3
wubinzzu_NeuRec.model.sequential_recommender,FPMC,FPMC,_create_placeholders,9,2,0
wubinzzu_NeuRec.model.sequential_recommender,FPMC,FPMC,_create_variables,11,1,0
wubinzzu_NeuRec.model.sequential_recommender,FPMC,FPMC,_create_inference,10,1,1
wubinzzu_NeuRec.model.sequential_recommender,FPMC,FPMC,_create_loss,13,2,0
wubinzzu_NeuRec.model.sequential_recommender,FPMC,FPMC,_create_optimizer,3,1,0
wubinzzu_NeuRec.model.sequential_recommender,FPMC,FPMC,build_graph,5,1,0
wubinzzu_NeuRec.model.sequential_recommender,FPMC,FPMC,train_model,38,7,0
wubinzzu_NeuRec.model.sequential_recommender,FPMC,FPMC,evaluate,2,1,0
wubinzzu_NeuRec.model.sequential_recommender,FPMC,FPMC,predict,25,4,2
wubinzzu_NeuRec.model.sequential_recommender,FPMCplus,FPMCplus,__init__,24,1,3
wubinzzu_NeuRec.model.sequential_recommender,FPMCplus,FPMCplus,_create_placeholders,9,2,0
wubinzzu_NeuRec.model.sequential_recommender,FPMCplus,FPMCplus,_create_variables,19,1,0
wubinzzu_NeuRec.model.sequential_recommender,FPMCplus,FPMCplus,_attention_mlp,21,1,3
wubinzzu_NeuRec.model.sequential_recommender,FPMCplus,FPMCplus,_create_inference,12,1,1
wubinzzu_NeuRec.model.sequential_recommender,FPMCplus,FPMCplus,_create_loss,12,2,0
wubinzzu_NeuRec.model.sequential_recommender,FPMCplus,FPMCplus,_create_optimizer,3,1,0
wubinzzu_NeuRec.model.sequential_recommender,FPMCplus,FPMCplus,build_graph,5,1,0
wubinzzu_NeuRec.model.sequential_recommender,FPMCplus,FPMCplus,train_model,40,7,0
wubinzzu_NeuRec.model.sequential_recommender,FPMCplus,FPMCplus,evaluate,2,1,0
wubinzzu_NeuRec.model.sequential_recommender,FPMCplus,FPMCplus,predict,29,6,2
wubinzzu_NeuRec.model.sequential_recommender,Fossil,Fossil,__init__,27,1,3
wubinzzu_NeuRec.model.sequential_recommender,Fossil,Fossil,_create_placeholders,13,2,0
wubinzzu_NeuRec.model.sequential_recommender,Fossil,Fossil,_create_variables,14,1,0
wubinzzu_NeuRec.model.sequential_recommender,Fossil,Fossil,_create_inference,13,1,3
wubinzzu_NeuRec.model.sequential_recommender,Fossil,Fossil,_create_loss,15,2,0
wubinzzu_NeuRec.model.sequential_recommender,Fossil,Fossil,_create_optimizer,3,1,0
wubinzzu_NeuRec.model.sequential_recommender,Fossil,Fossil,build_graph,5,1,0
wubinzzu_NeuRec.model.sequential_recommender,Fossil,Fossil,train_model,58,7,0
wubinzzu_NeuRec.model.sequential_recommender,Fossil,Fossil,evaluate,2,1,0
wubinzzu_NeuRec.model.sequential_recommender,Fossil,Fossil,predict,41,6,2
wubinzzu_NeuRec.model.sequential_recommender,GRU4Rec,GRU4Rec,__init__,35,8,3
wubinzzu_NeuRec.model.sequential_recommender,GRU4Rec,GRU4Rec,_init_data,10,1,0
wubinzzu_NeuRec.model.sequential_recommender,GRU4Rec,GRU4Rec,_create_variable,10,1,0
wubinzzu_NeuRec.model.sequential_recommender,GRU4Rec,GRU4Rec,_bpr_loss,5,1,1
wubinzzu_NeuRec.model.sequential_recommender,GRU4Rec,GRU4Rec,_top1_loss,7,1,1
wubinzzu_NeuRec.model.sequential_recommender,GRU4Rec,GRU4Rec,build_graph,17,1,0
wubinzzu_NeuRec.model.sequential_recommender,GRU4Rec,GRU4Rec,train_model,42,9,0
wubinzzu_NeuRec.model.sequential_recommender,GRU4Rec,GRU4Rec,_get_user_embeddings,42,7,0
wubinzzu_NeuRec.model.sequential_recommender,GRU4Rec,GRU4Rec,evaluate_model,4,1,0
wubinzzu_NeuRec.model.sequential_recommender,GRU4Rec,GRU4Rec,predict,15,5,2
wubinzzu_NeuRec.model.sequential_recommender,GRU4RecPlus,GRU4RecPlus,__init__,39,8,3
wubinzzu_NeuRec.model.sequential_recommender,GRU4RecPlus,GRU4RecPlus,_init_data,10,1,0
wubinzzu_NeuRec.model.sequential_recommender,GRU4RecPlus,GRU4RecPlus,_create_variable,10,1,0
wubinzzu_NeuRec.model.sequential_recommender,GRU4RecPlus,GRU4RecPlus,_softmax_neg,7,1,1
wubinzzu_NeuRec.model.sequential_recommender,GRU4RecPlus,GRU4RecPlus,_bpr_max_loss,9,1,1
wubinzzu_NeuRec.model.sequential_recommender,GRU4RecPlus,GRU4RecPlus,_top1_max_loss,7,1,1
wubinzzu_NeuRec.model.sequential_recommender,GRU4RecPlus,GRU4RecPlus,build_graph,17,1,0
wubinzzu_NeuRec.model.sequential_recommender,GRU4RecPlus,GRU4RecPlus,_sample_neg_items,3,1,1
wubinzzu_NeuRec.model.sequential_recommender,GRU4RecPlus,GRU4RecPlus,train_model,45,10,0
wubinzzu_NeuRec.model.sequential_recommender,GRU4RecPlus,GRU4RecPlus,_get_user_embeddings,42,7,0
wubinzzu_NeuRec.model.sequential_recommender,GRU4RecPlus,GRU4RecPlus,evaluate_model,4,1,0
wubinzzu_NeuRec.model.sequential_recommender,GRU4RecPlus,GRU4RecPlus,predict,15,5,2
wubinzzu_NeuRec.model.sequential_recommender,HRM,HRM,__init__,21,1,3
wubinzzu_NeuRec.model.sequential_recommender,HRM,HRM,_create_placeholders,6,1,0
wubinzzu_NeuRec.model.sequential_recommender,HRM,HRM,_create_variables,7,1,0
wubinzzu_NeuRec.model.sequential_recommender,HRM,HRM,avg_pooling,3,1,1
wubinzzu_NeuRec.model.sequential_recommender,HRM,HRM,max_pooling,3,1,1
wubinzzu_NeuRec.model.sequential_recommender,HRM,HRM,_create_inference,23,4,0
wubinzzu_NeuRec.model.sequential_recommender,HRM,HRM,_create_loss,6,1,0
wubinzzu_NeuRec.model.sequential_recommender,HRM,HRM,_create_optimizer,3,1,0
wubinzzu_NeuRec.model.sequential_recommender,HRM,HRM,build_graph,5,1,0
wubinzzu_NeuRec.model.sequential_recommender,HRM,HRM,train_model,25,4,0
wubinzzu_NeuRec.model.sequential_recommender,HRM,HRM,evaluate,2,1,0
wubinzzu_NeuRec.model.sequential_recommender,HRM,HRM,predict,29,6,2
wubinzzu_NeuRec.model.sequential_recommender,NPE,NPE,__init__,19,1,3
wubinzzu_NeuRec.model.sequential_recommender,NPE,NPE,_create_placeholders,6,1,0
wubinzzu_NeuRec.model.sequential_recommender,NPE,NPE,_create_variables,9,1,0
wubinzzu_NeuRec.model.sequential_recommender,NPE,NPE,_create_inference,12,1,0
wubinzzu_NeuRec.model.sequential_recommender,NPE,NPE,_create_loss,5,1,0
wubinzzu_NeuRec.model.sequential_recommender,NPE,NPE,_create_optimizer,3,1,0
wubinzzu_NeuRec.model.sequential_recommender,NPE,NPE,build_graph,5,1,0
wubinzzu_NeuRec.model.sequential_recommender,NPE,NPE,train_model,25,4,0
wubinzzu_NeuRec.model.sequential_recommender,NPE,NPE,evaluate,2,1,0
wubinzzu_NeuRec.model.sequential_recommender,NPE,NPE,predict,29,6,2
wubinzzu_NeuRec.model.sequential_recommender,SASRec,SASRec,__init__,16,1,3
wubinzzu_NeuRec.model.sequential_recommender,SASRec,SASRec,_create_variable,15,1,0
wubinzzu_NeuRec.model.sequential_recommender,SASRec,SASRec,build_graph,67,3,0
wubinzzu_NeuRec.model.sequential_recommender,SASRec,SASRec,train_model,16,3,0
wubinzzu_NeuRec.model.sequential_recommender,SASRec,SASRec,get_train_data,19,2,0
wubinzzu_NeuRec.model.sequential_recommender,SASRec,SASRec,evaluate_model,2,1,0
wubinzzu_NeuRec.model.sequential_recommender,SASRec,SASRec,predict,14,3,2
wubinzzu_NeuRec.model.sequential_recommender,SASRec,,normalize,12,1,4
wubinzzu_NeuRec.model.sequential_recommender,SASRec,,embedding,19,3,9
wubinzzu_NeuRec.model.sequential_recommender,SASRec,,multihead_attention,67,3,10
wubinzzu_NeuRec.model.sequential_recommender,SASRec,,feedforward,17,1,6
wubinzzu_NeuRec.model.sequential_recommender,SRGNN,SRGNN,__init__,21,3,3
wubinzzu_NeuRec.model.sequential_recommender,SRGNN,SRGNN,_create_variable,27,1,0
wubinzzu_NeuRec.model.sequential_recommender,SRGNN,SRGNN,ggnn,24,2,0
wubinzzu_NeuRec.model.sequential_recommender,SRGNN,SRGNN,_session_embedding,19,2,1
wubinzzu_NeuRec.model.sequential_recommender,SRGNN,SRGNN,build_graph,17,1,0
wubinzzu_NeuRec.model.sequential_recommender,SRGNN,SRGNN,train_model,20,3,0
wubinzzu_NeuRec.model.sequential_recommender,SRGNN,SRGNN,_shuffle_index,9,3,1
wubinzzu_NeuRec.model.sequential_recommender,SRGNN,SRGNN,_build_session_graph,28,3,1
wubinzzu_NeuRec.model.sequential_recommender,SRGNN,SRGNN,evaluate_model,2,1,0
wubinzzu_NeuRec.model.sequential_recommender,SRGNN,SRGNN,predict,26,4,2
wubinzzu_NeuRec.model.sequential_recommender,TransRec,TransRec,__init__,20,1,3
wubinzzu_NeuRec.model.sequential_recommender,TransRec,TransRec,_create_placeholders,9,2,0
wubinzzu_NeuRec.model.sequential_recommender,TransRec,TransRec,_create_variables,11,1,0
wubinzzu_NeuRec.model.sequential_recommender,TransRec,TransRec,_create_inference,13,1,1
wubinzzu_NeuRec.model.sequential_recommender,TransRec,TransRec,_create_loss,12,2,0
wubinzzu_NeuRec.model.sequential_recommender,TransRec,TransRec,_create_optimizer,3,1,0
wubinzzu_NeuRec.model.sequential_recommender,TransRec,TransRec,build_graph,11,1,0
wubinzzu_NeuRec.model.sequential_recommender,TransRec,TransRec,train_model,38,7,0
wubinzzu_NeuRec.model.sequential_recommender,TransRec,TransRec,evaluate,2,1,0
wubinzzu_NeuRec.model.sequential_recommender,TransRec,TransRec,predict,12,3,2
wubinzzu_NeuRec.model.sequential_recommender,TransRec,,l2_distance,2,1,3
wubinzzu_NeuRec.model.social_recommender,DiffNet,DiffNet,__init__,26,1,3
wubinzzu_NeuRec.model.social_recommender,DiffNet,DiffNet,input_supply,26,4,0
wubinzzu_NeuRec.model.social_recommender,DiffNet,DiffNet,_create_placeholders,5,1,0
wubinzzu_NeuRec.model.social_recommender,DiffNet,DiffNet,_create_variables,30,5,0
wubinzzu_NeuRec.model.social_recommender,DiffNet,DiffNet,convertDistribution,4,1,1
wubinzzu_NeuRec.model.social_recommender,DiffNet,DiffNet,generateUserEmbeddingFromSocialNeighbors,4,1,1
wubinzzu_NeuRec.model.social_recommender,DiffNet,DiffNet,generateUserEmebddingFromConsumedItems,4,1,1
wubinzzu_NeuRec.model.social_recommender,DiffNet,DiffNet,_create_inference,35,1,0
wubinzzu_NeuRec.model.social_recommender,DiffNet,DiffNet,_create_loss,9,1,0
wubinzzu_NeuRec.model.social_recommender,DiffNet,DiffNet,_create_optimizer,3,1,0
wubinzzu_NeuRec.model.social_recommender,DiffNet,DiffNet,build_graph,6,1,0
wubinzzu_NeuRec.model.social_recommender,DiffNet,DiffNet,train_model,17,4,0
wubinzzu_NeuRec.model.social_recommender,DiffNet,DiffNet,evaluate,4,1,0
wubinzzu_NeuRec.model.social_recommender,DiffNet,DiffNet,predict,11,3,2
wubinzzu_NeuRec.model.social_recommender,SBPR,SBPR,__init__,19,1,3
wubinzzu_NeuRec.model.social_recommender,SBPR,SBPR,_get_SocialItemsSet,9,3,0
wubinzzu_NeuRec.model.social_recommender,SBPR,SBPR,_create_placeholders,7,1,0
wubinzzu_NeuRec.model.social_recommender,SBPR,SBPR,_create_variables,8,1,0
wubinzzu_NeuRec.model.social_recommender,SBPR,SBPR,_create_inference,9,1,1
wubinzzu_NeuRec.model.social_recommender,SBPR,SBPR,_create_loss,11,1,0
wubinzzu_NeuRec.model.social_recommender,SBPR,SBPR,_create_optimizer,3,1,0
wubinzzu_NeuRec.model.social_recommender,SBPR,SBPR,build_graph,5,1,0
wubinzzu_NeuRec.model.social_recommender,SBPR,SBPR,train_model,20,4,0
wubinzzu_NeuRec.model.social_recommender,SBPR,SBPR,_get_pairwise_all_data,25,3,0
wubinzzu_NeuRec.model.social_recommender,SBPR,SBPR,evaluate,3,1,0
wubinzzu_NeuRec.model.social_recommender,SBPR,SBPR,predict,11,3,2
wubinzzu_NeuRec.util,configurator,Configurator,__init__,11,2,2
wubinzzu_NeuRec.util,configurator,Configurator,_read_cmd_arg,9,4,0
wubinzzu_NeuRec.util,configurator,Configurator,_read_config_file,19,6,1
wubinzzu_NeuRec.util,configurator,Configurator,params_str,8,1,0
wubinzzu_NeuRec.util,configurator,Configurator,__getitem__,23,9,1
wubinzzu_NeuRec.util,configurator,Configurator,__getattr__,2,1,1
wubinzzu_NeuRec.util,configurator,Configurator,__contains__,2,2,1
wubinzzu_NeuRec.util,configurator,Configurator,__str__,5,1,0
wubinzzu_NeuRec.util,configurator,Configurator,__repr__,2,1,0
wubinzzu_NeuRec.util,data_generator,,_get_pairwise_all_likefism_data,22,4,1
wubinzzu_NeuRec.util,data_generator,,_get_pointwise_all_likefism_data,26,5,3
wubinzzu_NeuRec.util,data_generator,,_get_pairwise_all_likefossil_data,24,5,3
wubinzzu_NeuRec.util,data_generator,,_get_pointwise_all_likefossil_data,30,6,4
wubinzzu_NeuRec.util,data_iterator,Sampler,__init__,2,1,0
wubinzzu_NeuRec.util,data_iterator,Sampler,__iter__,2,1,0
wubinzzu_NeuRec.util,data_iterator,Sampler,__len__,2,1,0
wubinzzu_NeuRec.util,data_iterator,SequentialSampler,__init__,4,1,1
wubinzzu_NeuRec.util,data_iterator,SequentialSampler,__iter__,2,1,0
wubinzzu_NeuRec.util,data_iterator,SequentialSampler,__len__,2,1,0
wubinzzu_NeuRec.util,data_iterator,RandomSampler,__init__,4,1,1
wubinzzu_NeuRec.util,data_iterator,RandomSampler,__iter__,3,1,0
wubinzzu_NeuRec.util,data_iterator,RandomSampler,__len__,2,1,0
wubinzzu_NeuRec.util,data_iterator,BatchSampler,__init__,17,5,3
wubinzzu_NeuRec.util,data_iterator,BatchSampler,__iter__,9,5,0
wubinzzu_NeuRec.util,data_iterator,BatchSampler,__len__,5,1,0
wubinzzu_NeuRec.util,data_iterator,_Dataset,__init__,5,3,1
wubinzzu_NeuRec.util,data_iterator,_Dataset,__len__,2,1,0
wubinzzu_NeuRec.util,data_iterator,_Dataset,__getitem__,2,1,1
wubinzzu_NeuRec.util,data_iterator,_DataLoaderIter,__init__,4,1,1
wubinzzu_NeuRec.util,data_iterator,_DataLoaderIter,__len__,2,1,0
wubinzzu_NeuRec.util,data_iterator,_DataLoaderIter,__next__,7,2,0
wubinzzu_NeuRec.util,data_iterator,_DataLoaderIter,__iter__,2,1,0
wubinzzu_NeuRec.util,data_iterator,DataIterator,__init__,12,2,0
wubinzzu_NeuRec.util,data_iterator,DataIterator,__iter__,2,1,0
wubinzzu_NeuRec.util,data_iterator,DataIterator,__len__,2,1,0
wubinzzu_NeuRec.util,learner,,optimizer,16,6,4
wubinzzu_NeuRec.util,learner,,pairwise_loss,11,4,3
wubinzzu_NeuRec.util,learner,,pointwise_loss,11,3,3
wubinzzu_NeuRec.util,logger,Logger,__init__,17,2,1
wubinzzu_NeuRec.util,logger,Logger,_flush,3,2,0
wubinzzu_NeuRec.util,logger,Logger,debug,3,1,1
wubinzzu_NeuRec.util,logger,Logger,info,3,1,1
wubinzzu_NeuRec.util,logger,Logger,warning,3,1,1
wubinzzu_NeuRec.util,logger,Logger,error,3,1,1
wubinzzu_NeuRec.util,logger,Logger,critical,3,1,1
wubinzzu_NeuRec.util,tool,,activation_function,25,8,2
wubinzzu_NeuRec.util,tool,,get_data_format,16,5,1
wubinzzu_NeuRec.util,tool,,csr_to_user_dict,7,3,1
wubinzzu_NeuRec.util,tool,,csr_to_user_dict_bytime,8,2,2
wubinzzu_NeuRec.util,tool,,get_initializer,19,1,2
wubinzzu_NeuRec.util,tool,,noise_validator,13,4,2
wubinzzu_NeuRec.util,tool,,randint_choice,12,3,5
wubinzzu_NeuRec.util,tool,,typeassert,15,2,0
wubinzzu_NeuRec.util,tool,,argmax_top_k,3,1,2
wubinzzu_NeuRec.util,tool,,pad_sequences,22,8,6
wubinzzu_NeuRec.util,tool,,inner_product,3,1,3
wubinzzu_NeuRec.util,tool,,timer,8,0,1
wubinzzu_NeuRec.util,tool,,l2_loss,2,1,0
wubinzzu_NeuRec.util,tool,,log_loss,3,1,2
wubinzzu_NeuRec.util,tool,,dropout_sparse,7,1,3
