Package,Module,Class,Smell,Function/Method,Line no,File,Details
tech-srl_code2vec,common,common,Long identifier,,10,/Volumes/BrokeExt/NICHE/tech-srl_code2vec/common.py,Identifier'current_method_prediction_results' exceeds the maximum length of 30 characters.
tech-srl_code2vec,common,common,Long identifier,squeeze_single_batch_dimension_for_np_arrays,173,/Volumes/BrokeExt/NICHE/tech-srl_code2vec/common.py,Identifier'squeeze_single_batch_dimension_for_np_arrays' exceeds the maximum length of 30 characters.
tech-srl_code2vec,common,common,Long identifier,get_first_match_word_from_top_predictions,181,/Volumes/BrokeExt/NICHE/tech-srl_code2vec/common.py,Identifier'get_first_match_word_from_top_predictions' exceeds the maximum length of 30 characters.
tech-srl_code2vec,common,common,Long statement,load_vocab_from_histogram,49,/Volumes/BrokeExt/NICHE/tech-srl_code2vec/common.py,A line with 142 chars in load_vocab_from_histogram exceeds the maximum length of 120 characters.
tech-srl_code2vec,common,common,Long statement,calculate_max_contexts,96,/Volumes/BrokeExt/NICHE/tech-srl_code2vec/common.py,A line with 129 chars in calculate_max_contexts exceeds the maximum length of 120 characters.
tech-srl_code2vec,common,common,Long statement,parse_prediction_results,144,/Volumes/BrokeExt/NICHE/tech-srl_code2vec/common.py,A line with 137 chars in parse_prediction_results exceeds the maximum length of 120 characters.
tech-srl_code2vec,common,common,Long statement,parse_prediction_results,146,/Volumes/BrokeExt/NICHE/tech-srl_code2vec/common.py,A line with 232 chars in parse_prediction_results exceeds the maximum length of 120 characters.
tech-srl_code2vec,common,common,Long statement,parse_prediction_results,155,/Volumes/BrokeExt/NICHE/tech-srl_code2vec/common.py,A line with 123 chars in parse_prediction_results exceeds the maximum length of 120 characters.
tech-srl_code2vec,common,common,Magic number,_load_vocab_from_histogram,29,/Volumes/BrokeExt/NICHE/tech-srl_code2vec/common.py,Magic number 2 used in _load_vocab_from_histogram.
tech-srl_code2vec,common,common,Magic number,save_word2vec_file,84,/Volumes/BrokeExt/NICHE/tech-srl_code2vec/common.py,Magic number 2 used in save_word2vec_file.
tech-srl_code2vec,common,common,Magic number,parse_prediction_results,136,/Volumes/BrokeExt/NICHE/tech-srl_code2vec/common.py,Magic number 5 used in parse_prediction_results.
tech-srl_code2vec,config,Config,Long identifier,,9,/Volumes/BrokeExt/NICHE/tech-srl_code2vec/config.py,Identifier'TOP_K_WORDS_CONSIDERED_DURING_PREDICTION' exceeds the maximum length of 30 characters.
tech-srl_code2vec,config,Config,Long identifier,get_vocabularies_path_from_model_path,192,/Volumes/BrokeExt/NICHE/tech-srl_code2vec/config.py,Identifier'get_vocabularies_path_from_model_path' exceeds the maximum length of 30 characters.
tech-srl_code2vec,config,Config,Long method,__init__,89 - 141,/Volumes/BrokeExt/NICHE/tech-srl_code2vec/config.py,Method '__init__' is too long (45 lines).
tech-srl_code2vec,config,Config,Long statement,arguments_parser,15,/Volumes/BrokeExt/NICHE/tech-srl_code2vec/config.py,A line with 124 chars in arguments_parser exceeds the maximum length of 120 characters.
tech-srl_code2vec,config,Config,Long statement,arguments_parser,17,/Volumes/BrokeExt/NICHE/tech-srl_code2vec/config.py,A line with 121 chars in arguments_parser exceeds the maximum length of 120 characters.
tech-srl_code2vec,config,Config,Long statement,arguments_parser,19,/Volumes/BrokeExt/NICHE/tech-srl_code2vec/config.py,A line with 141 chars in arguments_parser exceeds the maximum length of 120 characters.
tech-srl_code2vec,config,Config,Long statement,arguments_parser,21,/Volumes/BrokeExt/NICHE/tech-srl_code2vec/config.py,A line with 144 chars in arguments_parser exceeds the maximum length of 120 characters.
tech-srl_code2vec,config,Config,Long statement,arguments_parser,23,/Volumes/BrokeExt/NICHE/tech-srl_code2vec/config.py,A line with 121 chars in arguments_parser exceeds the maximum length of 120 characters.
tech-srl_code2vec,config,Config,Long statement,arguments_parser,29,/Volumes/BrokeExt/NICHE/tech-srl_code2vec/config.py,A line with 132 chars in arguments_parser exceeds the maximum length of 120 characters.
tech-srl_code2vec,config,Config,Long statement,arguments_parser,31,/Volumes/BrokeExt/NICHE/tech-srl_code2vec/config.py,A line with 152 chars in arguments_parser exceeds the maximum length of 120 characters.
tech-srl_code2vec,config,Config,Long statement,arguments_parser,36,/Volumes/BrokeExt/NICHE/tech-srl_code2vec/config.py,A line with 157 chars in arguments_parser exceeds the maximum length of 120 characters.
tech-srl_code2vec,config,Config,Long statement,arguments_parser,38,/Volumes/BrokeExt/NICHE/tech-srl_code2vec/config.py,A line with 141 chars in arguments_parser exceeds the maximum length of 120 characters.
tech-srl_code2vec,config,Config,Long statement,arguments_parser,40,/Volumes/BrokeExt/NICHE/tech-srl_code2vec/config.py,A line with 165 chars in arguments_parser exceeds the maximum length of 120 characters.
tech-srl_code2vec,config,Config,Long statement,arguments_parser,42,/Volumes/BrokeExt/NICHE/tech-srl_code2vec/config.py,A line with 128 chars in arguments_parser exceeds the maximum length of 120 characters.
tech-srl_code2vec,config,Config,Magic number,set_defaults,47,/Volumes/BrokeExt/NICHE/tech-srl_code2vec/config.py,Magic number 20 used in set_defaults.
tech-srl_code2vec,config,Config,Magic number,set_defaults,49,/Volumes/BrokeExt/NICHE/tech-srl_code2vec/config.py,Magic number 1024 used in set_defaults.
tech-srl_code2vec,config,Config,Magic number,set_defaults,51,/Volumes/BrokeExt/NICHE/tech-srl_code2vec/config.py,Magic number 10 used in set_defaults.
tech-srl_code2vec,config,Config,Magic number,set_defaults,52,/Volumes/BrokeExt/NICHE/tech-srl_code2vec/config.py,Magic number 100 used in set_defaults.
tech-srl_code2vec,config,Config,Magic number,set_defaults,53,/Volumes/BrokeExt/NICHE/tech-srl_code2vec/config.py,Magic number 1800 used in set_defaults.
tech-srl_code2vec,config,Config,Magic number,set_defaults,54,/Volumes/BrokeExt/NICHE/tech-srl_code2vec/config.py,Magic number 6 used in set_defaults.
tech-srl_code2vec,config,Config,Magic number,set_defaults,55,/Volumes/BrokeExt/NICHE/tech-srl_code2vec/config.py,Magic number 10000 used in set_defaults.
tech-srl_code2vec,config,Config,Magic number,set_defaults,57,/Volumes/BrokeExt/NICHE/tech-srl_code2vec/config.py,Magic number 10 used in set_defaults.
tech-srl_code2vec,config,Config,Magic number,set_defaults,60,/Volumes/BrokeExt/NICHE/tech-srl_code2vec/config.py,Magic number 200 used in set_defaults.
tech-srl_code2vec,config,Config,Magic number,set_defaults,61,/Volumes/BrokeExt/NICHE/tech-srl_code2vec/config.py,Magic number 1301136 used in set_defaults.
tech-srl_code2vec,config,Config,Magic number,set_defaults,62,/Volumes/BrokeExt/NICHE/tech-srl_code2vec/config.py,Magic number 261245 used in set_defaults.
tech-srl_code2vec,config,Config,Magic number,set_defaults,63,/Volumes/BrokeExt/NICHE/tech-srl_code2vec/config.py,Magic number 911417 used in set_defaults.
tech-srl_code2vec,config,Config,Magic number,set_defaults,64,/Volumes/BrokeExt/NICHE/tech-srl_code2vec/config.py,Magic number 128 used in set_defaults.
tech-srl_code2vec,config,Config,Magic number,set_defaults,69,/Volumes/BrokeExt/NICHE/tech-srl_code2vec/config.py,Magic number 0.75 used in set_defaults.
tech-srl_code2vec,config,Config,Magic number,set_defaults,56,/Volumes/BrokeExt/NICHE/tech-srl_code2vec/config.py,Magic number 1024 used in set_defaults.
tech-srl_code2vec,config,Config,Magic number,set_defaults,56,/Volumes/BrokeExt/NICHE/tech-srl_code2vec/config.py,Magic number 100 used in set_defaults.
tech-srl_code2vec,config,Config,Magic number,set_defaults,56,/Volumes/BrokeExt/NICHE/tech-srl_code2vec/config.py,Magic number 1024 used in set_defaults.
tech-srl_code2vec,config,Config,Magic number,context_vector_size,147,/Volumes/BrokeExt/NICHE/tech-srl_code2vec/config.py,Magic number 2 used in context_vector_size.
tech-srl_code2vec,extractor,Extractor,Long statement,extract_paths,12,/Volumes/BrokeExt/NICHE/tech-srl_code2vec/extractor.py,A line with 184 chars in extract_paths exceeds the maximum length of 120 characters.
tech-srl_code2vec,extractor,Extractor,Long statement,java_string_hashcode,42,/Volumes/BrokeExt/NICHE/tech-srl_code2vec/extractor.py,A line with 171 chars in java_string_hashcode exceeds the maximum length of 120 characters.
tech-srl_code2vec,extractor,Extractor,Magic number,extract_paths,31,/Volumes/BrokeExt/NICHE/tech-srl_code2vec/extractor.py,Magic number 2 used in extract_paths.
tech-srl_code2vec,extractor,Extractor,Magic number,java_string_hashcode,49,/Volumes/BrokeExt/NICHE/tech-srl_code2vec/extractor.py,Magic number 2147483648 used in java_string_hashcode.
tech-srl_code2vec,extractor,Extractor,Magic number,java_string_hashcode,48,/Volumes/BrokeExt/NICHE/tech-srl_code2vec/extractor.py,Magic number 4294967295 used in java_string_hashcode.
tech-srl_code2vec,extractor,Extractor,Magic number,java_string_hashcode,49,/Volumes/BrokeExt/NICHE/tech-srl_code2vec/extractor.py,Magic number 4294967295 used in java_string_hashcode.
tech-srl_code2vec,extractor,Extractor,Magic number,java_string_hashcode,49,/Volumes/BrokeExt/NICHE/tech-srl_code2vec/extractor.py,Magic number 2147483648 used in java_string_hashcode.
tech-srl_code2vec,extractor,Extractor,Magic number,java_string_hashcode,48,/Volumes/BrokeExt/NICHE/tech-srl_code2vec/extractor.py,Magic number 31 used in java_string_hashcode.
tech-srl_code2vec,interactive_predict,InteractivePredictor,Complex method,predict,28 - 57,/Volumes/BrokeExt/NICHE/tech-srl_code2vec/interactive_predict.py,"Method 'predict' has a cyclomatic complexity of 8, exceeding the max of 6."
tech-srl_code2vec,interactive_predict,InteractivePredictor,Long statement,__init__,19,/Volumes/BrokeExt/NICHE/tech-srl_code2vec/interactive_predict.py,A line with 122 chars in __init__ exceeds the maximum length of 120 characters.
tech-srl_code2vec,interactive_predict,InteractivePredictor,Long statement,predict,44,/Volumes/BrokeExt/NICHE/tech-srl_code2vec/interactive_predict.py,A line with 174 chars in predict exceeds the maximum length of 120 characters.
tech-srl_code2vec,interactive_predict,InteractivePredictor,Long statement,predict,53,/Volumes/BrokeExt/NICHE/tech-srl_code2vec/interactive_predict.py,A line with 132 chars in predict exceeds the maximum length of 120 characters.
tech-srl_code2vec,keras_attention_layer,AttentionLayer,Complex conditional,call,45,/Volumes/BrokeExt/NICHE/tech-srl_code2vec/keras_attention_layer.py,"A conditional in call has 5 conditions, more than the recommended maximum 3 conditions."
tech-srl_code2vec,keras_attention_layer,AttentionLayer,Complex method,call,37 - 63,/Volumes/BrokeExt/NICHE/tech-srl_code2vec/keras_attention_layer.py,"Method 'call' has a cyclomatic complexity of 10, exceeding the max of 6."
tech-srl_code2vec,keras_attention_layer,AttentionLayer,Long statement,build,29,/Volumes/BrokeExt/NICHE/tech-srl_code2vec/keras_attention_layer.py,A line with 148 chars in build exceeds the maximum length of 120 characters.
tech-srl_code2vec,keras_attention_layer,AttentionLayer,Long statement,call,47,/Volumes/BrokeExt/NICHE/tech-srl_code2vec/keras_attention_layer.py,A line with 127 chars in call exceeds the maximum length of 120 characters.
tech-srl_code2vec,keras_attention_layer,AttentionLayer,Magic number,build,22,/Volumes/BrokeExt/NICHE/tech-srl_code2vec/keras_attention_layer.py,Magic number 3 used in build.
tech-srl_code2vec,keras_attention_layer,AttentionLayer,Magic number,build,15,/Volumes/BrokeExt/NICHE/tech-srl_code2vec/keras_attention_layer.py,Magic number 2 used in build.
tech-srl_code2vec,keras_attention_layer,AttentionLayer,Magic number,call,40,/Volumes/BrokeExt/NICHE/tech-srl_code2vec/keras_attention_layer.py,Magic number 2 used in call.
tech-srl_code2vec,keras_attention_layer,AttentionLayer,Magic number,call,56,/Volumes/BrokeExt/NICHE/tech-srl_code2vec/keras_attention_layer.py,Magic number 2 used in call.
tech-srl_code2vec,keras_attention_layer,AttentionLayer,Magic number,call,45,/Volumes/BrokeExt/NICHE/tech-srl_code2vec/keras_attention_layer.py,Magic number 2 used in call.
tech-srl_code2vec,keras_attention_layer,AttentionLayer,Magic number,call,45,/Volumes/BrokeExt/NICHE/tech-srl_code2vec/keras_attention_layer.py,Magic number 3 used in call.
tech-srl_code2vec,keras_attention_layer,AttentionLayer,Magic number,call,45,/Volumes/BrokeExt/NICHE/tech-srl_code2vec/keras_attention_layer.py,Magic number 2 used in call.
tech-srl_code2vec,keras_attention_layer,AttentionLayer,Magic number,compute_output_shape,66,/Volumes/BrokeExt/NICHE/tech-srl_code2vec/keras_attention_layer.py,Magic number 2 used in compute_output_shape.
tech-srl_code2vec,keras_checkpoint_saver_callback,ModelTrainingStatusTrackerCallback,Long identifier,,19,/Volumes/BrokeExt/NICHE/tech-srl_code2vec/keras_checkpoint_saver_callback.py,Identifier'ModelTrainingStatusTrackerCallback' exceeds the maximum length of 30 characters.
tech-srl_code2vec,keras_checkpoint_saver_callback,ModelTrainingProgressLoggerCallback,Long identifier,,92,/Volumes/BrokeExt/NICHE/tech-srl_code2vec/keras_checkpoint_saver_callback.py,Identifier'ModelTrainingProgressLoggerCallback' exceeds the maximum length of 30 characters.
tech-srl_code2vec,keras_checkpoint_saver_callback,MultiBatchCallback,Long statement,on_batch_end,82,/Volumes/BrokeExt/NICHE/tech-srl_code2vec/keras_checkpoint_saver_callback.py,A line with 128 chars in on_batch_end exceeds the maximum length of 120 characters.
tech-srl_code2vec,keras_checkpoint_saver_callback,ModelTrainingProgressLoggerCallback,Long statement,on_multi_batch_end,118,/Volumes/BrokeExt/NICHE/tech-srl_code2vec/keras_checkpoint_saver_callback.py,A line with 504 chars in on_multi_batch_end exceeds the maximum length of 120 characters.
tech-srl_code2vec,keras_checkpoint_saver_callback,ModelTrainingProgressLoggerCallback,Magic number,on_multi_batch_end,113,/Volumes/BrokeExt/NICHE/tech-srl_code2vec/keras_checkpoint_saver_callback.py,Magic number 0.5 used in on_multi_batch_end.
tech-srl_code2vec,keras_checkpoint_saver_callback,ModelTrainingProgressLoggerCallback,Magic number,on_multi_batch_end,113,/Volumes/BrokeExt/NICHE/tech-srl_code2vec/keras_checkpoint_saver_callback.py,Magic number 0.5 used in on_multi_batch_end.
tech-srl_code2vec,keras_model,Code2VecModel,Long Lambda Function,_create_metrics_for_keras_eval_model,105,/Volumes/BrokeExt/NICHE/tech-srl_code2vec/keras_model.py,A Lambda with 93 chars in _create_metrics_for_keras_eval_model exceeds the maximum length of 80 characters.
tech-srl_code2vec,keras_model,Code2VecModel,Complex method,_load_inner_model,241 - 280,/Volumes/BrokeExt/NICHE/tech-srl_code2vec/keras_model.py,"Method '_load_inner_model' has a cyclomatic complexity of 8, exceeding the max of 6."
tech-srl_code2vec,keras_model,Code2VecModel,Long identifier,_create_metrics_for_keras_eval_model,97,/Volumes/BrokeExt/NICHE/tech-srl_code2vec/keras_model.py,Identifier'_create_metrics_for_keras_eval_model' exceeds the maximum length of 30 characters.
tech-srl_code2vec,keras_model,Code2VecModel,Long identifier,_get_vocab_embedding_as_np_array,298,/Volumes/BrokeExt/NICHE/tech-srl_code2vec/keras_model.py,Identifier'_get_vocab_embedding_as_np_array' exceeds the maximum length of 30 characters.
tech-srl_code2vec,keras_model,Code2VecModel,Long identifier,_get_vocab_embedding_as_np_array,298,/Volumes/BrokeExt/NICHE/tech-srl_code2vec/keras_model.py,Identifier'vocab_type_to_embedding_layer_mapping' exceeds the maximum length of 30 characters.
tech-srl_code2vec,keras_model,Code2VecModel,Long statement,_create_keras_model,46,/Volumes/BrokeExt/NICHE/tech-srl_code2vec/keras_model.py,A line with 124 chars in _create_keras_model exceeds the maximum length of 120 characters.
tech-srl_code2vec,keras_model,Code2VecModel,Long statement,_create_keras_model,50,/Volumes/BrokeExt/NICHE/tech-srl_code2vec/keras_model.py,A line with 129 chars in _create_keras_model exceeds the maximum length of 120 characters.
tech-srl_code2vec,keras_model,Code2VecModel,Long statement,_create_keras_model,61,/Volumes/BrokeExt/NICHE/tech-srl_code2vec/keras_model.py,A line with 127 chars in _create_keras_model exceeds the maximum length of 120 characters.
tech-srl_code2vec,keras_model,Code2VecModel,Long statement,_create_keras_model,69,/Volumes/BrokeExt/NICHE/tech-srl_code2vec/keras_model.py,A line with 124 chars in _create_keras_model exceeds the maximum length of 120 characters.
tech-srl_code2vec,keras_model,Code2VecModel,Long statement,_create_keras_model,78,/Volumes/BrokeExt/NICHE/tech-srl_code2vec/keras_model.py,A line with 227 chars in _create_keras_model exceeds the maximum length of 120 characters.
tech-srl_code2vec,keras_model,Code2VecModel,Long statement,_create_keras_model,86,/Volumes/BrokeExt/NICHE/tech-srl_code2vec/keras_model.py,A line with 125 chars in _create_keras_model exceeds the maximum length of 120 characters.
tech-srl_code2vec,keras_model,Code2VecModel,Long statement,_create_keras_model,92,/Volumes/BrokeExt/NICHE/tech-srl_code2vec/keras_model.py,A line with 242 chars in _create_keras_model exceeds the maximum length of 120 characters.
tech-srl_code2vec,keras_model,Code2VecModel,Long statement,_create_metrics_for_keras_eval_model,104,/Volumes/BrokeExt/NICHE/tech-srl_code2vec/keras_model.py,A line with 205 chars in _create_metrics_for_keras_eval_model exceeds the maximum length of 120 characters.
tech-srl_code2vec,keras_model,Code2VecModel,Long statement,_create_metrics_for_keras_eval_model,108,/Volumes/BrokeExt/NICHE/tech-srl_code2vec/keras_model.py,A line with 324 chars in _create_metrics_for_keras_eval_model exceeds the maximum length of 120 characters.
tech-srl_code2vec,keras_model,Code2VecModel,Long statement,_compile_keras_model,132,/Volumes/BrokeExt/NICHE/tech-srl_code2vec/keras_model.py,A line with 189 chars in _compile_keras_model exceeds the maximum length of 120 characters.
tech-srl_code2vec,keras_model,Code2VecModel,Long statement,_create_data_reader,138,/Volumes/BrokeExt/NICHE/tech-srl_code2vec/keras_model.py,A line with 227 chars in _create_data_reader exceeds the maximum length of 120 characters.
tech-srl_code2vec,keras_model,Code2VecModel,Long statement,_create_train_callbacks,149,/Volumes/BrokeExt/NICHE/tech-srl_code2vec/keras_model.py,A line with 148 chars in _create_train_callbacks exceeds the maximum length of 120 characters.
tech-srl_code2vec,keras_model,Code2VecModel,Long statement,_create_train_callbacks,160,/Volumes/BrokeExt/NICHE/tech-srl_code2vec/keras_model.py,A line with 153 chars in _create_train_callbacks exceeds the maximum length of 120 characters.
tech-srl_code2vec,keras_model,Code2VecModel,Long statement,train,170,/Volumes/BrokeExt/NICHE/tech-srl_code2vec/keras_model.py,A line with 302 chars in train exceeds the maximum length of 120 characters.
tech-srl_code2vec,keras_model,Code2VecModel,Long statement,evaluate,182,/Volumes/BrokeExt/NICHE/tech-srl_code2vec/keras_model.py,A line with 142 chars in evaluate exceeds the maximum length of 120 characters.
tech-srl_code2vec,keras_model,Code2VecModel,Long statement,evaluate,187,/Volumes/BrokeExt/NICHE/tech-srl_code2vec/keras_model.py,A line with 181 chars in evaluate exceeds the maximum length of 120 characters.
tech-srl_code2vec,keras_model,Code2VecModel,Long statement,predict,205,/Volumes/BrokeExt/NICHE/tech-srl_code2vec/keras_model.py,A line with 121 chars in predict exceeds the maximum length of 120 characters.
tech-srl_code2vec,keras_model,Code2VecModel,Long statement,predict,212,/Volumes/BrokeExt/NICHE/tech-srl_code2vec/keras_model.py,A line with 269 chars in predict exceeds the maximum length of 120 characters.
tech-srl_code2vec,keras_model,Code2VecModel,Long statement,predict,220,/Volumes/BrokeExt/NICHE/tech-srl_code2vec/keras_model.py,A line with 378 chars in predict exceeds the maximum length of 120 characters.
tech-srl_code2vec,keras_model,Code2VecModel,Long statement,_load_inner_model,253,/Volumes/BrokeExt/NICHE/tech-srl_code2vec/keras_model.py,A line with 229 chars in _load_inner_model exceeds the maximum length of 120 characters.
tech-srl_code2vec,keras_model,Code2VecModel,Long statement,_load_inner_model,258,/Volumes/BrokeExt/NICHE/tech-srl_code2vec/keras_model.py,A line with 275 chars in _load_inner_model exceeds the maximum length of 120 characters.
tech-srl_code2vec,keras_model,Code2VecModel,Long statement,_get_checkpoint_manager,293,/Volumes/BrokeExt/NICHE/tech-srl_code2vec/keras_model.py,A line with 150 chars in _get_checkpoint_manager exceeds the maximum length of 120 characters.
tech-srl_code2vec,keras_model,ModelEvaluationCallback,Long statement,perform_evaluation,351,/Volumes/BrokeExt/NICHE/tech-srl_code2vec/keras_model.py,A line with 121 chars in perform_evaluation exceeds the maximum length of 120 characters.
tech-srl_code2vec,keras_model,ModelEvaluationCallback,Long statement,perform_evaluation,360,/Volumes/BrokeExt/NICHE/tech-srl_code2vec/keras_model.py,A line with 133 chars in perform_evaluation exceeds the maximum length of 120 characters.
tech-srl_code2vec,keras_model,ModelEvaluationCallback,Long statement,perform_evaluation,363,/Volumes/BrokeExt/NICHE/tech-srl_code2vec/keras_model.py,A line with 275 chars in perform_evaluation exceeds the maximum length of 120 characters.
tech-srl_code2vec,keras_model,_KerasModelInputTensorsFormer,Long statement,to_model_input_form,386,/Volumes/BrokeExt/NICHE/tech-srl_code2vec/keras_model.py,A line with 153 chars in to_model_input_form exceeds the maximum length of 120 characters.
tech-srl_code2vec,keras_model,_KerasModelInputTensorsFormer,Long statement,from_model_input_form,399,/Volumes/BrokeExt/NICHE/tech-srl_code2vec/keras_model.py,A line with 574 chars in from_model_input_form exceeds the maximum length of 120 characters.
tech-srl_code2vec,keras_model,,Long statement,,413,/Volumes/BrokeExt/NICHE/tech-srl_code2vec/keras_model.py,A line with 169 chars in keras_model exceeds the maximum length of 120 characters.
tech-srl_code2vec,keras_model,Code2VecModel,Magic number,predict,201,/Volumes/BrokeExt/NICHE/tech-srl_code2vec/keras_model.py,Magic number 4 used in predict.
tech-srl_code2vec,keras_model,Code2VecModel,Magic number,_get_vocab_embedding_as_np_array,308,/Volumes/BrokeExt/NICHE/tech-srl_code2vec/keras_model.py,Magic number 2 used in _get_vocab_embedding_as_np_array.
tech-srl_code2vec,keras_model,ModelEvaluationCallback,Magic number,perform_evaluation,359,/Volumes/BrokeExt/NICHE/tech-srl_code2vec/keras_model.py,Magic number 0.5 used in perform_evaluation.
tech-srl_code2vec,keras_model,ModelEvaluationCallback,Magic number,perform_evaluation,359,/Volumes/BrokeExt/NICHE/tech-srl_code2vec/keras_model.py,Magic number 0.5 used in perform_evaluation.
tech-srl_code2vec,keras_topk_word_predictions_layer,TopKWordPredictionsLayer,Magic number,build,23,/Volumes/BrokeExt/NICHE/tech-srl_code2vec/keras_topk_word_predictions_layer.py,Magic number 2 used in build.
tech-srl_code2vec,keras_word_prediction_layer,WordPredictionLayer,Long identifier,,10,/Volumes/BrokeExt/NICHE/tech-srl_code2vec/keras_word_prediction_layer.py,Identifier'legal_predicted_target_words_mask' exceeds the maximum length of 30 characters.
tech-srl_code2vec,keras_word_prediction_layer,WordPredictionLayer,Long identifier,call,31,/Volumes/BrokeExt/NICHE/tech-srl_code2vec/keras_word_prediction_layer.py,Identifier'first_legal_predicted_target_word_mask' exceeds the maximum length of 30 characters.
tech-srl_code2vec,keras_word_prediction_layer,WordPredictionLayer,Long identifier,call,31,/Volumes/BrokeExt/NICHE/tech-srl_code2vec/keras_word_prediction_layer.py,Identifier'first_legal_predicted_target_word_idx' exceeds the maximum length of 30 characters.
tech-srl_code2vec,keras_word_prediction_layer,WordPredictionLayer,Long identifier,call,31,/Volumes/BrokeExt/NICHE/tech-srl_code2vec/keras_word_prediction_layer.py,Identifier'first_legal_predicted_word_string' exceeds the maximum length of 30 characters.
tech-srl_code2vec,keras_word_prediction_layer,WordPredictionLayer,Magic number,build,26,/Volumes/BrokeExt/NICHE/tech-srl_code2vec/keras_word_prediction_layer.py,Magic number 2 used in build.
tech-srl_code2vec,keras_words_subtoken_metrics,WordsSubtokenMetricBase,Long identifier,,11,/Volumes/BrokeExt/NICHE/tech-srl_code2vec/keras_words_subtoken_metrics.py,Identifier'legal_predicted_target_words_mask' exceeds the maximum length of 30 characters.
tech-srl_code2vec,keras_words_subtoken_metrics,WordsSubtokenMetricBase,Long identifier,update_state,34,/Volumes/BrokeExt/NICHE/tech-srl_code2vec/keras_words_subtoken_metrics.py,Identifier'true_target_subwords__in__prediction_subwords' exceeds the maximum length of 30 characters.
tech-srl_code2vec,keras_words_subtoken_metrics,WordsSubtokenMetricBase,Long identifier,update_state,34,/Volumes/BrokeExt/NICHE/tech-srl_code2vec/keras_words_subtoken_metrics.py,Identifier'prediction_subwords__in__true_target_subwords' exceeds the maximum length of 30 characters.
tech-srl_code2vec,keras_words_subtoken_metrics,WordsSubtokenMetricBase,Long identifier,_get_prediction_from_topk,82,/Volumes/BrokeExt/NICHE/tech-srl_code2vec/keras_words_subtoken_metrics.py,Identifier'first_legal_predicted_target_word_mask' exceeds the maximum length of 30 characters.
tech-srl_code2vec,keras_words_subtoken_metrics,WordsSubtokenMetricBase,Long identifier,_get_prediction_from_topk,82,/Volumes/BrokeExt/NICHE/tech-srl_code2vec/keras_words_subtoken_metrics.py,Identifier'first_legal_predicted_target_word_idx' exceeds the maximum length of 30 characters.
tech-srl_code2vec,keras_words_subtoken_metrics,WordsSubtokenMetricBase,Long identifier,_get_prediction_from_topk,82,/Volumes/BrokeExt/NICHE/tech-srl_code2vec/keras_words_subtoken_metrics.py,Identifier'first_legal_predicted_word_string' exceeds the maximum length of 30 characters.
tech-srl_code2vec,keras_words_subtoken_metrics,WordsSubtokenMetricBase,Long parameter list,__init__,14 - 26,/Volumes/BrokeExt/NICHE/tech-srl_code2vec/keras_words_subtoken_metrics.py,"__init__ has 6 parameters, exceeding the max of 5."
tech-srl_code2vec,keras_words_subtoken_metrics,WordsSubtokenMetricBase,Long statement,update_state,63,/Volumes/BrokeExt/NICHE/tech-srl_code2vec/keras_words_subtoken_metrics.py,A line with 152 chars in update_state exceeds the maximum length of 120 characters.
tech-srl_code2vec,keras_words_subtoken_metrics,WordsSubtokenMetricBase,Long statement,update_state,65,/Volumes/BrokeExt/NICHE/tech-srl_code2vec/keras_words_subtoken_metrics.py,A line with 152 chars in update_state exceeds the maximum length of 120 characters.
tech-srl_code2vec,keras_words_subtoken_metrics,WordsSubtokenMetricBase,Long statement,update_state,69,/Volumes/BrokeExt/NICHE/tech-srl_code2vec/keras_words_subtoken_metrics.py,A line with 145 chars in update_state exceeds the maximum length of 120 characters.
tech-srl_code2vec,keras_words_subtoken_metrics,WordsSubtokenMetricBase,Long statement,update_state,72,/Volumes/BrokeExt/NICHE/tech-srl_code2vec/keras_words_subtoken_metrics.py,A line with 150 chars in update_state exceeds the maximum length of 120 characters.
tech-srl_code2vec,keras_words_subtoken_metrics,WordsSubtokenMetricBase,Long statement,update_state,75,/Volumes/BrokeExt/NICHE/tech-srl_code2vec/keras_words_subtoken_metrics.py,A line with 151 chars in update_state exceeds the maximum length of 120 characters.
tech-srl_code2vec,model_base,Code2VecModelBase,Long identifier,_get_num_of_examples_for_dataset,87,/Volumes/BrokeExt/NICHE/tech-srl_code2vec/model_base.py,Identifier'_get_num_of_examples_for_dataset' exceeds the maximum length of 30 characters.
tech-srl_code2vec,model_base,Code2VecModelBase,Long identifier,_get_attention_weight_per_context,115,/Volumes/BrokeExt/NICHE/tech-srl_code2vec/model_base.py,Identifier'_get_attention_weight_per_context' exceeds the maximum length of 30 characters.
tech-srl_code2vec,model_base,Code2VecModelBase,Long identifier,_get_vocab_embedding_as_np_array,173,/Volumes/BrokeExt/NICHE/tech-srl_code2vec/model_base.py,Identifier'_get_vocab_embedding_as_np_array' exceeds the maximum length of 30 characters.
tech-srl_code2vec,model_base,ModelEvaluationResults,Long statement,__str__,19,/Volumes/BrokeExt/NICHE/tech-srl_code2vec/model_base.py,A line with 200 chars in __str__ exceeds the maximum length of 120 characters.
tech-srl_code2vec,model_base,Code2VecModelBase,Long statement,_get_attention_weight_per_context,125,/Volumes/BrokeExt/NICHE/tech-srl_code2vec/model_base.py,A line with 132 chars in _get_attention_weight_per_context exceeds the maximum length of 120 characters.
tech-srl_code2vec,path_context_reader,PathContextReader,Long Lambda Function,_create_dataset_pipeline,129,/Volumes/BrokeExt/NICHE/tech-srl_code2vec/path_context_reader.py,A Lambda with 167 chars in _create_dataset_pipeline exceeds the maximum length of 80 characters.
tech-srl_code2vec,path_context_reader,PathContextReader,Complex method,_create_dataset_pipeline,119 - 151,/Volumes/BrokeExt/NICHE/tech-srl_code2vec/path_context_reader.py,"Method '_create_dataset_pipeline' has a cyclomatic complexity of 7, exceeding the max of 6."
tech-srl_code2vec,path_context_reader,PathContextReader,Long identifier,create_needed_vocabs_lookup_tables,91,/Volumes/BrokeExt/NICHE/tech-srl_code2vec/path_context_reader.py,Identifier'create_needed_vocabs_lookup_tables' exceeds the maximum length of 30 characters.
tech-srl_code2vec,path_context_reader,PathContextReader,Long identifier,process_and_iterate_input_from_data_lines,109,/Volumes/BrokeExt/NICHE/tech-srl_code2vec/path_context_reader.py,Identifier'process_and_iterate_input_from_data_lines' exceeds the maximum length of 30 characters.
tech-srl_code2vec,path_context_reader,PathContextReader,Long identifier,_filter_input_rows,153,/Volumes/BrokeExt/NICHE/tech-srl_code2vec/path_context_reader.py,Identifier'any_word_valid_mask_per_context_part' exceeds the maximum length of 30 characters.
tech-srl_code2vec,path_context_reader,PathContextReader,Long identifier,_map_raw_dataset_row_to_expected_model_input_form,179,/Volumes/BrokeExt/NICHE/tech-srl_code2vec/path_context_reader.py,Identifier'_map_raw_dataset_row_to_expected_model_input_form' exceeds the maximum length of 30 characters.
tech-srl_code2vec,path_context_reader,PathContextReader,Long identifier,_map_raw_dataset_row_to_input_tensors,184,/Volumes/BrokeExt/NICHE/tech-srl_code2vec/path_context_reader.py,Identifier'_map_raw_dataset_row_to_input_tensors' exceeds the maximum length of 30 characters.
tech-srl_code2vec,path_context_reader,PathContextReader,Long identifier,_map_raw_dataset_row_to_input_tensors,184,/Volumes/BrokeExt/NICHE/tech-srl_code2vec/path_context_reader.py,Identifier'valid_word_mask_per_context_part' exceeds the maximum length of 30 characters.
tech-srl_code2vec,path_context_reader,PathContextReader,Long statement,__init__,79,/Volumes/BrokeExt/NICHE/tech-srl_code2vec/path_context_reader.py,A line with 161 chars in __init__ exceeds the maximum length of 120 characters.
tech-srl_code2vec,path_context_reader,PathContextReader,Long statement,__init__,82,/Volumes/BrokeExt/NICHE/tech-srl_code2vec/path_context_reader.py,A line with 131 chars in __init__ exceeds the maximum length of 120 characters.
tech-srl_code2vec,path_context_reader,PathContextReader,Long statement,process_input_row,98,/Volumes/BrokeExt/NICHE/tech-srl_code2vec/path_context_reader.py,A line with 123 chars in process_input_row exceeds the maximum length of 120 characters.
tech-srl_code2vec,path_context_reader,PathContextReader,Long statement,process_input_row,104,/Volumes/BrokeExt/NICHE/tech-srl_code2vec/path_context_reader.py,A line with 159 chars in process_input_row exceeds the maximum length of 120 characters.
tech-srl_code2vec,path_context_reader,PathContextReader,Long statement,_create_dataset_pipeline,122,/Volumes/BrokeExt/NICHE/tech-srl_code2vec/path_context_reader.py,A line with 236 chars in _create_dataset_pipeline exceeds the maximum length of 120 characters.
tech-srl_code2vec,path_context_reader,PathContextReader,Long statement,_create_dataset_pipeline,128,/Volumes/BrokeExt/NICHE/tech-srl_code2vec/path_context_reader.py,A line with 190 chars in _create_dataset_pipeline exceeds the maximum length of 120 characters.
tech-srl_code2vec,path_context_reader,PathContextReader,Long statement,_create_dataset_pipeline,141,/Volumes/BrokeExt/NICHE/tech-srl_code2vec/path_context_reader.py,A line with 137 chars in _create_dataset_pipeline exceeds the maximum length of 120 characters.
tech-srl_code2vec,path_context_reader,PathContextReader,Long statement,_filter_input_rows,161,/Volumes/BrokeExt/NICHE/tech-srl_code2vec/path_context_reader.py,A line with 492 chars in _filter_input_rows exceeds the maximum length of 120 characters.
tech-srl_code2vec,path_context_reader,PathContextReader,Long statement,_filter_input_rows,173,/Volumes/BrokeExt/NICHE/tech-srl_code2vec/path_context_reader.py,A line with 134 chars in _filter_input_rows exceeds the maximum length of 120 characters.
tech-srl_code2vec,path_context_reader,PathContextReader,Long statement,_map_raw_dataset_row_to_input_tensors,192,/Volumes/BrokeExt/NICHE/tech-srl_code2vec/path_context_reader.py,A line with 151 chars in _map_raw_dataset_row_to_input_tensors exceeds the maximum length of 120 characters.
tech-srl_code2vec,path_context_reader,PathContextReader,Long statement,_map_raw_dataset_row_to_input_tensors,194,/Volumes/BrokeExt/NICHE/tech-srl_code2vec/path_context_reader.py,A line with 179 chars in _map_raw_dataset_row_to_input_tensors exceeds the maximum length of 120 characters.
tech-srl_code2vec,path_context_reader,PathContextReader,Long statement,_map_raw_dataset_row_to_input_tensors,198,/Volumes/BrokeExt/NICHE/tech-srl_code2vec/path_context_reader.py,A line with 128 chars in _map_raw_dataset_row_to_input_tensors exceeds the maximum length of 120 characters.
tech-srl_code2vec,path_context_reader,PathContextReader,Long statement,_map_raw_dataset_row_to_input_tensors,202,/Volumes/BrokeExt/NICHE/tech-srl_code2vec/path_context_reader.py,A line with 128 chars in _map_raw_dataset_row_to_input_tensors exceeds the maximum length of 120 characters.
tech-srl_code2vec,path_context_reader,PathContextReader,Long statement,_map_raw_dataset_row_to_input_tensors,210,/Volumes/BrokeExt/NICHE/tech-srl_code2vec/path_context_reader.py,A line with 389 chars in _map_raw_dataset_row_to_input_tensors exceeds the maximum length of 120 characters.
tech-srl_code2vec,path_context_reader,PathContextReader,Long statement,_map_raw_dataset_row_to_input_tensors,218,/Volumes/BrokeExt/NICHE/tech-srl_code2vec/path_context_reader.py,A line with 383 chars in _map_raw_dataset_row_to_input_tensors exceeds the maximum length of 120 characters.
tech-srl_code2vec,preprocess,,Complex method,process_file,23 - 74,/Volumes/BrokeExt/NICHE/tech-srl_code2vec/preprocess.py,"Method 'process_file' has a cyclomatic complexity of 9, exceeding the max of 6."
tech-srl_code2vec,preprocess,,Long method,process_file,23 - 74,/Volumes/BrokeExt/NICHE/tech-srl_code2vec/preprocess.py,Method 'process_file' is too long (51 lines).
tech-srl_code2vec,preprocess,,Long parameter list,process_file,23 - 74,/Volumes/BrokeExt/NICHE/tech-srl_code2vec/preprocess.py,"process_file has 6 parameters, exceeding the max of 5."
tech-srl_code2vec,preprocess,,Long statement,process_file,43,/Volumes/BrokeExt/NICHE/tech-srl_code2vec/preprocess.py,A line with 129 chars in process_file exceeds the maximum length of 120 characters.
tech-srl_code2vec,preprocess,,Long statement,process_file,45,/Volumes/BrokeExt/NICHE/tech-srl_code2vec/preprocess.py,A line with 214 chars in process_file exceeds the maximum length of 120 characters.
tech-srl_code2vec,preprocess,,Long statement,context_full_found,78,/Volumes/BrokeExt/NICHE/tech-srl_code2vec/preprocess.py,A line with 124 chars in context_full_found exceeds the maximum length of 120 characters.
tech-srl_code2vec,preprocess,,Long statement,context_partial_found,83,/Volumes/BrokeExt/NICHE/tech-srl_code2vec/preprocess.py,A line with 122 chars in context_partial_found exceeds the maximum length of 120 characters.
tech-srl_code2vec,preprocess,,Long statement,,6,/Volumes/BrokeExt/NICHE/tech-srl_code2vec/preprocess.py,A line with 149 chars in preprocess exceeds the maximum length of 120 characters.
tech-srl_code2vec,preprocess,,Long statement,,95,/Volumes/BrokeExt/NICHE/tech-srl_code2vec/preprocess.py,A line with 133 chars in preprocess exceeds the maximum length of 120 characters.
tech-srl_code2vec,preprocess,,Long statement,,97,/Volumes/BrokeExt/NICHE/tech-srl_code2vec/preprocess.py,A line with 168 chars in preprocess exceeds the maximum length of 120 characters.
tech-srl_code2vec,preprocess,,Long statement,,99,/Volumes/BrokeExt/NICHE/tech-srl_code2vec/preprocess.py,A line with 158 chars in preprocess exceeds the maximum length of 120 characters.
tech-srl_code2vec,preprocess,,Long statement,,101,/Volumes/BrokeExt/NICHE/tech-srl_code2vec/preprocess.py,A line with 169 chars in preprocess exceeds the maximum length of 120 characters.
tech-srl_code2vec,preprocess,,Long statement,,103,/Volumes/BrokeExt/NICHE/tech-srl_code2vec/preprocess.py,A line with 128 chars in preprocess exceeds the maximum length of 120 characters.
tech-srl_code2vec,preprocess,,Long statement,,105,/Volumes/BrokeExt/NICHE/tech-srl_code2vec/preprocess.py,A line with 128 chars in preprocess exceeds the maximum length of 120 characters.
tech-srl_code2vec,preprocess,,Long statement,,107,/Volumes/BrokeExt/NICHE/tech-srl_code2vec/preprocess.py,A line with 134 chars in preprocess exceeds the maximum length of 120 characters.
tech-srl_code2vec,preprocess,,Long statement,,109,/Volumes/BrokeExt/NICHE/tech-srl_code2vec/preprocess.py,A line with 169 chars in preprocess exceeds the maximum length of 120 characters.
tech-srl_code2vec,preprocess,,Long statement,,120,/Volumes/BrokeExt/NICHE/tech-srl_code2vec/preprocess.py,A line with 152 chars in preprocess exceeds the maximum length of 120 characters.
tech-srl_code2vec,preprocess,,Long statement,,124,/Volumes/BrokeExt/NICHE/tech-srl_code2vec/preprocess.py,A line with 157 chars in preprocess exceeds the maximum length of 120 characters.
tech-srl_code2vec,preprocess,,Long statement,,127,/Volumes/BrokeExt/NICHE/tech-srl_code2vec/preprocess.py,A line with 163 chars in preprocess exceeds the maximum length of 120 characters.
tech-srl_code2vec,preprocess,,Long statement,,133,/Volumes/BrokeExt/NICHE/tech-srl_code2vec/preprocess.py,A line with 205 chars in preprocess exceeds the maximum length of 120 characters.
tech-srl_code2vec,preprocess,,Long statement,,139,/Volumes/BrokeExt/NICHE/tech-srl_code2vec/preprocess.py,A line with 184 chars in preprocess exceeds the maximum length of 120 characters.
tech-srl_code2vec,preprocess,,Magic number,context_full_found,79,/Volumes/BrokeExt/NICHE/tech-srl_code2vec/preprocess.py,Magic number 2 used in context_full_found.
tech-srl_code2vec,preprocess,,Magic number,context_partial_found,84,/Volumes/BrokeExt/NICHE/tech-srl_code2vec/preprocess.py,Magic number 2 used in context_partial_found.
tech-srl_code2vec,tensorflow_model,Code2VecModel,Complex method,train,40 - 112,/Volumes/BrokeExt/NICHE/tech-srl_code2vec/tensorflow_model.py,"Method 'train' has a cyclomatic complexity of 8, exceeding the max of 6."
tech-srl_code2vec,tensorflow_model,Code2VecModel,Complex method,evaluate,114 - 195,/Volumes/BrokeExt/NICHE/tech-srl_code2vec/tensorflow_model.py,"Method 'evaluate' has a cyclomatic complexity of 11, exceeding the max of 6."
tech-srl_code2vec,tensorflow_model,Code2VecModel,Empty catch block,train,102,/Volumes/BrokeExt/NICHE/tech-srl_code2vec/tensorflow_model.py,Empty catch block found in train.
tech-srl_code2vec,tensorflow_model,Code2VecModel,Empty catch block,evaluate,182,/Volumes/BrokeExt/NICHE/tech-srl_code2vec/tensorflow_model.py,Empty catch block found in evaluate.
tech-srl_code2vec,tensorflow_model,Code2VecModel,Long identifier,,18,/Volumes/BrokeExt/NICHE/tech-srl_code2vec/tensorflow_model.py,Identifier'topk_accuracy_evaluation_metric' exceeds the maximum length of 30 characters.
tech-srl_code2vec,tensorflow_model,TopKAccuracyEvaluationMetric,Long identifier,,499,/Volumes/BrokeExt/NICHE/tech-srl_code2vec/tensorflow_model.py,Identifier'get_first_match_word_from_top_predictions_fn' exceeds the maximum length of 30 characters.
tech-srl_code2vec,tensorflow_model,_TFTrainModelInputTensorsFormer,Long identifier,,519,/Volumes/BrokeExt/NICHE/tech-srl_code2vec/tensorflow_model.py,Identifier'_TFTrainModelInputTensorsFormer' exceeds the maximum length of 30 characters.
tech-srl_code2vec,tensorflow_model,_TFEvaluateModelInputTensorsFormer,Long identifier,,534,/Volumes/BrokeExt/NICHE/tech-srl_code2vec/tensorflow_model.py,Identifier'_TFEvaluateModelInputTensorsFormer' exceeds the maximum length of 30 characters.
tech-srl_code2vec,tensorflow_model,Code2VecModel,Long identifier,_get_vocab_embedding_as_np_array,379,/Volumes/BrokeExt/NICHE/tech-srl_code2vec/tensorflow_model.py,Identifier'_get_vocab_embedding_as_np_array' exceeds the maximum length of 30 characters.
tech-srl_code2vec,tensorflow_model,Code2VecModel,Long identifier,_log_predictions_during_evaluation,411,/Volumes/BrokeExt/NICHE/tech-srl_code2vec/tensorflow_model.py,Identifier'_log_predictions_during_evaluation' exceeds the maximum length of 30 characters.
tech-srl_code2vec,tensorflow_model,Code2VecModel,Long method,train,40 - 112,/Volumes/BrokeExt/NICHE/tech-srl_code2vec/tensorflow_model.py,Method 'train' is too long (62 lines).
tech-srl_code2vec,tensorflow_model,Code2VecModel,Long method,evaluate,114 - 195,/Volumes/BrokeExt/NICHE/tech-srl_code2vec/tensorflow_model.py,Method 'evaluate' is too long (79 lines).
tech-srl_code2vec,tensorflow_model,Code2VecModel,Long method,predict,311 - 368,/Volumes/BrokeExt/NICHE/tech-srl_code2vec/tensorflow_model.py,Method 'predict' is too long (57 lines).
tech-srl_code2vec,tensorflow_model,Code2VecModel,Long parameter list,_calculate_weighted_contexts,236 - 265,/Volumes/BrokeExt/NICHE/tech-srl_code2vec/tensorflow_model.py,"_calculate_weighted_contexts has 8 parameters, exceeding the max of 5."
tech-srl_code2vec,tensorflow_model,Code2VecModel,Long statement,__init__,29,/Volumes/BrokeExt/NICHE/tech-srl_code2vec/tensorflow_model.py,A line with 129 chars in __init__ exceeds the maximum length of 120 characters.
tech-srl_code2vec,tensorflow_model,Code2VecModel,Long statement,__init__,32,/Volumes/BrokeExt/NICHE/tech-srl_code2vec/tensorflow_model.py,A line with 173 chars in __init__ exceeds the maximum length of 120 characters.
tech-srl_code2vec,tensorflow_model,Code2VecModel,Long statement,train,49,/Volumes/BrokeExt/NICHE/tech-srl_code2vec/tensorflow_model.py,A line with 174 chars in train exceeds the maximum length of 120 characters.
tech-srl_code2vec,tensorflow_model,Code2VecModel,Long statement,train,59,/Volumes/BrokeExt/NICHE/tech-srl_code2vec/tensorflow_model.py,A line with 137 chars in train exceeds the maximum length of 120 characters.
tech-srl_code2vec,tensorflow_model,Code2VecModel,Long statement,train,62,/Volumes/BrokeExt/NICHE/tech-srl_code2vec/tensorflow_model.py,A line with 142 chars in train exceeds the maximum length of 120 characters.
tech-srl_code2vec,tensorflow_model,Code2VecModel,Long statement,train,96,/Volumes/BrokeExt/NICHE/tech-srl_code2vec/tensorflow_model.py,A line with 134 chars in train exceeds the maximum length of 120 characters.
tech-srl_code2vec,tensorflow_model,Code2VecModel,Long statement,train,98,/Volumes/BrokeExt/NICHE/tech-srl_code2vec/tensorflow_model.py,A line with 131 chars in train exceeds the maximum length of 120 characters.
tech-srl_code2vec,tensorflow_model,Code2VecModel,Long statement,evaluate,117,/Volumes/BrokeExt/NICHE/tech-srl_code2vec/tensorflow_model.py,A line with 184 chars in evaluate exceeds the maximum length of 120 characters.
tech-srl_code2vec,tensorflow_model,Code2VecModel,Long statement,evaluate,124,/Volumes/BrokeExt/NICHE/tech-srl_code2vec/tensorflow_model.py,A line with 157 chars in evaluate exceeds the maximum length of 120 characters.
tech-srl_code2vec,tensorflow_model,Code2VecModel,Long statement,evaluate,143,/Volumes/BrokeExt/NICHE/tech-srl_code2vec/tensorflow_model.py,A line with 136 chars in evaluate exceeds the maximum length of 120 characters.
tech-srl_code2vec,tensorflow_model,Code2VecModel,Long statement,evaluate,145,/Volumes/BrokeExt/NICHE/tech-srl_code2vec/tensorflow_model.py,A line with 215 chars in evaluate exceeds the maximum length of 120 characters.
tech-srl_code2vec,tensorflow_model,Code2VecModel,Long statement,evaluate,158,/Volumes/BrokeExt/NICHE/tech-srl_code2vec/tensorflow_model.py,A line with 173 chars in evaluate exceeds the maximum length of 120 characters.
tech-srl_code2vec,tensorflow_model,Code2VecModel,Long statement,evaluate,191,/Volumes/BrokeExt/NICHE/tech-srl_code2vec/tensorflow_model.py,A line with 250 chars in evaluate exceeds the maximum length of 120 characters.
tech-srl_code2vec,tensorflow_model,Code2VecModel,Long statement,_build_tf_training_graph,206,/Volumes/BrokeExt/NICHE/tech-srl_code2vec/tensorflow_model.py,A line with 300 chars in _build_tf_training_graph exceeds the maximum length of 120 characters.
tech-srl_code2vec,tensorflow_model,Code2VecModel,Long statement,_build_tf_training_graph,210,/Volumes/BrokeExt/NICHE/tech-srl_code2vec/tensorflow_model.py,A line with 304 chars in _build_tf_training_graph exceeds the maximum length of 120 characters.
tech-srl_code2vec,tensorflow_model,Code2VecModel,Long statement,_build_tf_training_graph,217,/Volumes/BrokeExt/NICHE/tech-srl_code2vec/tensorflow_model.py,A line with 296 chars in _build_tf_training_graph exceeds the maximum length of 120 characters.
tech-srl_code2vec,tensorflow_model,Code2VecModel,Long statement,_build_tf_training_graph,222,/Volumes/BrokeExt/NICHE/tech-srl_code2vec/tensorflow_model.py,A line with 241 chars in _build_tf_training_graph exceeds the maximum length of 120 characters.
tech-srl_code2vec,tensorflow_model,Code2VecModel,Long statement,_build_tf_training_graph,228,/Volumes/BrokeExt/NICHE/tech-srl_code2vec/tensorflow_model.py,A line with 154 chars in _build_tf_training_graph exceeds the maximum length of 120 characters.
tech-srl_code2vec,tensorflow_model,Code2VecModel,Long statement,_calculate_weighted_contexts,249,/Volumes/BrokeExt/NICHE/tech-srl_code2vec/tensorflow_model.py,A line with 145 chars in _calculate_weighted_contexts exceeds the maximum length of 120 characters.
tech-srl_code2vec,tensorflow_model,Code2VecModel,Long statement,_build_tf_test_graph,269,/Volumes/BrokeExt/NICHE/tech-srl_code2vec/tensorflow_model.py,A line with 210 chars in _build_tf_test_graph exceeds the maximum length of 120 characters.
tech-srl_code2vec,tensorflow_model,Code2VecModel,Long statement,_build_tf_test_graph,273,/Volumes/BrokeExt/NICHE/tech-srl_code2vec/tensorflow_model.py,A line with 214 chars in _build_tf_test_graph exceeds the maximum length of 120 characters.
tech-srl_code2vec,tensorflow_model,Code2VecModel,Long statement,_build_tf_test_graph,277,/Volumes/BrokeExt/NICHE/tech-srl_code2vec/tensorflow_model.py,A line with 135 chars in _build_tf_test_graph exceeds the maximum length of 120 characters.
tech-srl_code2vec,tensorflow_model,Code2VecModel,Long statement,_build_tf_test_graph,280,/Volumes/BrokeExt/NICHE/tech-srl_code2vec/tensorflow_model.py,A line with 206 chars in _build_tf_test_graph exceeds the maximum length of 120 characters.
tech-srl_code2vec,tensorflow_model,Code2VecModel,Long statement,_build_tf_test_graph,292,/Volumes/BrokeExt/NICHE/tech-srl_code2vec/tensorflow_model.py,A line with 277 chars in _build_tf_test_graph exceeds the maximum length of 120 characters.
tech-srl_code2vec,tensorflow_model,Code2VecModel,Long statement,_build_tf_test_graph,299,/Volumes/BrokeExt/NICHE/tech-srl_code2vec/tensorflow_model.py,A line with 136 chars in _build_tf_test_graph exceeds the maximum length of 120 characters.
tech-srl_code2vec,tensorflow_model,Code2VecModel,Long statement,_build_tf_test_graph,308,/Volumes/BrokeExt/NICHE/tech-srl_code2vec/tensorflow_model.py,A line with 189 chars in _build_tf_test_graph exceeds the maximum length of 120 characters.
tech-srl_code2vec,tensorflow_model,Code2VecModel,Long statement,predict,313,/Volumes/BrokeExt/NICHE/tech-srl_code2vec/tensorflow_model.py,A line with 186 chars in predict exceeds the maximum length of 120 characters.
tech-srl_code2vec,tensorflow_model,Code2VecModel,Long statement,predict,319,/Volumes/BrokeExt/NICHE/tech-srl_code2vec/tensorflow_model.py,A line with 294 chars in predict exceeds the maximum length of 120 characters.
tech-srl_code2vec,tensorflow_model,Code2VecModel,Long statement,predict,330,/Volumes/BrokeExt/NICHE/tech-srl_code2vec/tensorflow_model.py,A line with 465 chars in predict exceeds the maximum length of 120 characters.
tech-srl_code2vec,tensorflow_model,Code2VecModel,Long statement,predict,344,/Volumes/BrokeExt/NICHE/tech-srl_code2vec/tensorflow_model.py,A line with 226 chars in predict exceeds the maximum length of 120 characters.
tech-srl_code2vec,tensorflow_model,Code2VecModel,Long statement,predict,359,/Volumes/BrokeExt/NICHE/tech-srl_code2vec/tensorflow_model.py,A line with 137 chars in predict exceeds the maximum length of 120 characters.
tech-srl_code2vec,tensorflow_model,Code2VecModel,Long statement,predict,361,/Volumes/BrokeExt/NICHE/tech-srl_code2vec/tensorflow_model.py,A line with 268 chars in predict exceeds the maximum length of 120 characters.
tech-srl_code2vec,tensorflow_model,Code2VecModel,Long statement,_get_vocab_embedding_as_np_array,384,/Volumes/BrokeExt/NICHE/tech-srl_code2vec/tensorflow_model.py,A line with 184 chars in _get_vocab_embedding_as_np_array exceeds the maximum length of 120 characters.
tech-srl_code2vec,tensorflow_model,Code2VecModel,Long statement,_log_predictions_during_evaluation,413,/Volumes/BrokeExt/NICHE/tech-srl_code2vec/tensorflow_model.py,A line with 138 chars in _log_predictions_during_evaluation exceeds the maximum length of 120 characters.
tech-srl_code2vec,tensorflow_model,Code2VecModel,Long statement,_trace_training,427,/Volumes/BrokeExt/NICHE/tech-srl_code2vec/tensorflow_model.py,A line with 147 chars in _trace_training exceeds the maximum length of 120 characters.
tech-srl_code2vec,tensorflow_model,Code2VecModel,Long statement,_trace_evaluation,434,/Volumes/BrokeExt/NICHE/tech-srl_code2vec/tensorflow_model.py,A line with 125 chars in _trace_evaluation exceeds the maximum length of 120 characters.
tech-srl_code2vec,tensorflow_model,Code2VecModel,Long statement,_initialize_session_variables,443,/Volumes/BrokeExt/NICHE/tech-srl_code2vec/tensorflow_model.py,A line with 147 chars in _initialize_session_variables exceeds the maximum length of 120 characters.
tech-srl_code2vec,tensorflow_model,SubtokensEvaluationMetric,Long statement,update_batch,463,/Volumes/BrokeExt/NICHE/tech-srl_code2vec/tensorflow_model.py,A line with 125 chars in update_batch exceeds the maximum length of 120 characters.
tech-srl_code2vec,tensorflow_model,SubtokensEvaluationMetric,Long statement,update_batch,465,/Volumes/BrokeExt/NICHE/tech-srl_code2vec/tensorflow_model.py,A line with 130 chars in update_batch exceeds the maximum length of 120 characters.
tech-srl_code2vec,tensorflow_model,SubtokensEvaluationMetric,Long statement,update_batch,467,/Volumes/BrokeExt/NICHE/tech-srl_code2vec/tensorflow_model.py,A line with 130 chars in update_batch exceeds the maximum length of 120 characters.
tech-srl_code2vec,tensorflow_model,_TFTrainModelInputTensorsFormer,Long statement,to_model_input_form,521,/Volumes/BrokeExt/NICHE/tech-srl_code2vec/tensorflow_model.py,A line with 179 chars in to_model_input_form exceeds the maximum length of 120 characters.
tech-srl_code2vec,tensorflow_model,_TFTrainModelInputTensorsFormer,Long statement,from_model_input_form,525,/Volumes/BrokeExt/NICHE/tech-srl_code2vec/tensorflow_model.py,A line with 192 chars in from_model_input_form exceeds the maximum length of 120 characters.
tech-srl_code2vec,tensorflow_model,_TFEvaluateModelInputTensorsFormer,Long statement,to_model_input_form,536,/Volumes/BrokeExt/NICHE/tech-srl_code2vec/tensorflow_model.py,A line with 290 chars in to_model_input_form exceeds the maximum length of 120 characters.
tech-srl_code2vec,tensorflow_model,_TFEvaluateModelInputTensorsFormer,Long statement,from_model_input_form,542,/Volumes/BrokeExt/NICHE/tech-srl_code2vec/tensorflow_model.py,A line with 300 chars in from_model_input_form exceeds the maximum length of 120 characters.
tech-srl_code2vec,tensorflow_model,SubtokensEvaluationMetric,Magic number,f1,496,/Volumes/BrokeExt/NICHE/tech-srl_code2vec/tensorflow_model.py,Magic number 2 used in f1.
tech-srl_code2vec,vocabularies,Vocab,Long identifier,create_from_freq_dict,100,/Volumes/BrokeExt/NICHE/tech-srl_code2vec/vocabularies.py,Identifier'words_sorted_by_counts_and_limited' exceeds the maximum length of 30 characters.
tech-srl_code2vec,vocabularies,Vocab,Long identifier,_create_word_to_index_lookup_table,109,/Volumes/BrokeExt/NICHE/tech-srl_code2vec/vocabularies.py,Identifier'_create_word_to_index_lookup_table' exceeds the maximum length of 30 characters.
tech-srl_code2vec,vocabularies,Vocab,Long identifier,_create_index_to_word_lookup_table,116,/Volumes/BrokeExt/NICHE/tech-srl_code2vec/vocabularies.py,Identifier'_create_index_to_word_lookup_table' exceeds the maximum length of 30 characters.
tech-srl_code2vec,vocabularies,Code2VecVocabs,Long identifier,_get_special_words_by_vocab_type,204,/Volumes/BrokeExt/NICHE/tech-srl_code2vec/vocabularies.py,Identifier'_get_special_words_by_vocab_type' exceeds the maximum length of 30 characters.
tech-srl_code2vec,vocabularies,,Long identifier,,26,/Volumes/BrokeExt/NICHE/tech-srl_code2vec/vocabularies.py,Identifier'_SpecialVocabWords_SeparateOovPad' exceeds the maximum length of 30 characters.
tech-srl_code2vec,vocabularies,,Long identifier,,31,/Volumes/BrokeExt/NICHE/tech-srl_code2vec/vocabularies.py,Identifier'_SpecialVocabWords_JoinedOovPad' exceeds the maximum length of 30 characters.
tech-srl_code2vec,vocabularies,Vocab,Long statement,load_from_file,82,/Volumes/BrokeExt/NICHE/tech-srl_code2vec/vocabularies.py,A line with 535 chars in load_from_file exceeds the maximum length of 120 characters.
tech-srl_code2vec,vocabularies,Vocab,Long statement,_create_word_to_index_lookup_table,110,/Volumes/BrokeExt/NICHE/tech-srl_code2vec/vocabularies.py,A line with 228 chars in _create_word_to_index_lookup_table exceeds the maximum length of 120 characters.
tech-srl_code2vec,vocabularies,Vocab,Long statement,_create_index_to_word_lookup_table,118,/Volumes/BrokeExt/NICHE/tech-srl_code2vec/vocabularies.py,A line with 229 chars in _create_index_to_word_lookup_table exceeds the maximum length of 120 characters.
tech-srl_code2vec,vocabularies,Vocab,Long statement,get_word_to_index_lookup_table,125,/Volumes/BrokeExt/NICHE/tech-srl_code2vec/vocabularies.py,A line with 152 chars in get_word_to_index_lookup_table exceeds the maximum length of 120 characters.
tech-srl_code2vec,vocabularies,Vocab,Long statement,get_index_to_word_lookup_table,131,/Volumes/BrokeExt/NICHE/tech-srl_code2vec/vocabularies.py,A line with 132 chars in get_index_to_word_lookup_table exceeds the maximum length of 120 characters.
tech-srl_code2vec,vocabularies,Code2VecVocabs,Long statement,_load_or_create,168,/Volumes/BrokeExt/NICHE/tech-srl_code2vec/vocabularies.py,A line with 172 chars in _load_or_create exceeds the maximum length of 120 characters.
tech-srl_code2vec,vocabularies,Code2VecVocabs,Long statement,_load_from_path,181,/Volumes/BrokeExt/NICHE/tech-srl_code2vec/vocabularies.py,A line with 121 chars in _load_from_path exceeds the maximum length of 120 characters.
tech-srl_code2vec,vocabularies,Code2VecVocabs,Long statement,_create_from_word_freq_dict,191,/Volumes/BrokeExt/NICHE/tech-srl_code2vec/vocabularies.py,A line with 198 chars in _create_from_word_freq_dict exceeds the maximum length of 120 characters.
tech-srl_code2vec,vocabularies,Code2VecVocabs,Long statement,_create_from_word_freq_dict,195,/Volumes/BrokeExt/NICHE/tech-srl_code2vec/vocabularies.py,A line with 193 chars in _create_from_word_freq_dict exceeds the maximum length of 120 characters.
tech-srl_code2vec,vocabularies,Code2VecVocabs,Long statement,_create_from_word_freq_dict,199,/Volumes/BrokeExt/NICHE/tech-srl_code2vec/vocabularies.py,A line with 203 chars in _create_from_word_freq_dict exceeds the maximum length of 120 characters.
tech-srl_code2vec,vocabularies,Code2VecVocabs,Long statement,_load_word_freq_dict,229,/Volumes/BrokeExt/NICHE/tech-srl_code2vec/vocabularies.py,A line with 121 chars in _load_word_freq_dict exceeds the maximum length of 120 characters.
tech-srl_code2vec.CSharpExtractor,extract,,Long statement,ExtractFeaturesForDir,28,/Volumes/BrokeExt/NICHE/tech-srl_code2vec/CSharpExtractor/extract.py,A line with 226 chars in ExtractFeaturesForDir exceeds the maximum length of 120 characters.
tech-srl_code2vec.JavaExtractor,extract,,Long statement,ExtractFeaturesForDir,19,/Volumes/BrokeExt/NICHE/tech-srl_code2vec/JavaExtractor/extract.py,A line with 205 chars in ExtractFeaturesForDir exceeds the maximum length of 120 characters.
tech-srl_code2vec.JavaExtractor,extract,,Long statement,,78,/Volumes/BrokeExt/NICHE/tech-srl_code2vec/JavaExtractor/extract.py,A line with 191 chars in extract exceeds the maximum length of 120 characters.
tech-srl_code2vec.JavaExtractor,extract,,Magic number,ExtractFeaturesForDirsList,51,/Volumes/BrokeExt/NICHE/tech-srl_code2vec/JavaExtractor/extract.py,Magic number 60 used in ExtractFeaturesForDirsList.
