Package,Module,Class,Smell,Function/Method,Line no,File,Details
YaleDHLab_pix-plot,setup,,Long statement,,21,/Volumes/BrokeExt/NICHE/YaleDHLab_pix-plot/setup.py,A line with 833 chars in setup exceeds the maximum length of 120 characters.
YaleDHLab_pix-plot.pixplot,pixplot,,Complex method,filter_images,194 - 259,/Volumes/BrokeExt/NICHE/YaleDHLab_pix-plot/pixplot/pixplot.py,"Method 'filter_images' has a cyclomatic complexity of 14, exceeding the max of 6."
YaleDHLab_pix-plot.pixplot,pixplot,,Complex method,get_image_paths,262 - 295,/Volumes/BrokeExt/NICHE/YaleDHLab_pix-plot/pixplot/pixplot.py,"Method 'get_image_paths' has a cyclomatic complexity of 10, exceeding the max of 6."
YaleDHLab_pix-plot.pixplot,pixplot,,Complex method,get_metadata_list,323 - 343,/Volumes/BrokeExt/NICHE/YaleDHLab_pix-plot/pixplot/pixplot.py,"Method 'get_metadata_list' has a cyclomatic complexity of 8, exceeding the max of 6."
YaleDHLab_pix-plot.pixplot,pixplot,,Complex method,write_metadata,346 - 388,/Volumes/BrokeExt/NICHE/YaleDHLab_pix-plot/pixplot/pixplot.py,"Method 'write_metadata' has a cyclomatic complexity of 12, exceeding the max of 6."
YaleDHLab_pix-plot.pixplot,pixplot,,Complex method,get_atlas_data,484 - 535,/Volumes/BrokeExt/NICHE/YaleDHLab_pix-plot/pixplot/pixplot.py,"Method 'get_atlas_data' has a cyclomatic complexity of 7, exceeding the max of 6."
YaleDHLab_pix-plot.pixplot,pixplot,,Complex method,process_single_layout_umap,601 - 638,/Volumes/BrokeExt/NICHE/YaleDHLab_pix-plot/pixplot/pixplot.py,"Method 'process_single_layout_umap' has a cyclomatic complexity of 7, exceeding the max of 6."
YaleDHLab_pix-plot.pixplot,pixplot,,Complex method,process_multi_layout_umap,643 - 699,/Volumes/BrokeExt/NICHE/YaleDHLab_pix-plot/pixplot/pixplot.py,"Method 'process_multi_layout_umap' has a cyclomatic complexity of 8, exceeding the max of 6."
YaleDHLab_pix-plot.pixplot,pixplot,,Complex method,round_date,953 - 971,/Volumes/BrokeExt/NICHE/YaleDHLab_pix-plot/pixplot/pixplot.py,"Method 'round_date' has a cyclomatic complexity of 11, exceeding the max of 6."
YaleDHLab_pix-plot.pixplot,pixplot,,Complex method,get_hotspots,1199 - 1233,/Volumes/BrokeExt/NICHE/YaleDHLab_pix-plot/pixplot/pixplot.py,"Method 'get_hotspots' has a cyclomatic complexity of 8, exceeding the max of 6."
YaleDHLab_pix-plot.pixplot,pixplot,,Empty catch block,is_number,396,/Volumes/BrokeExt/NICHE/YaleDHLab_pix-plot/pixplot/pixplot.py,Empty catch block found in is_number.
YaleDHLab_pix-plot.pixplot,pixplot,,Long method,filter_images,194 - 259,/Volumes/BrokeExt/NICHE/YaleDHLab_pix-plot/pixplot/pixplot.py,Method 'filter_images' is too long (56 lines).
YaleDHLab_pix-plot.pixplot,pixplot,,Long method,get_manifest,405 - 476,/Volumes/BrokeExt/NICHE/YaleDHLab_pix-plot/pixplot/pixplot.py,Method 'get_manifest' is too long (62 lines).
YaleDHLab_pix-plot.pixplot,pixplot,,Long method,get_atlas_data,484 - 535,/Volumes/BrokeExt/NICHE/YaleDHLab_pix-plot/pixplot/pixplot.py,Method 'get_atlas_data' is too long (48 lines).
YaleDHLab_pix-plot.pixplot,pixplot,,Long method,process_multi_layout_umap,643 - 699,/Volumes/BrokeExt/NICHE/YaleDHLab_pix-plot/pixplot/pixplot.py,Method 'process_multi_layout_umap' is too long (52 lines).
YaleDHLab_pix-plot.pixplot,pixplot,,Long method,get_date_layout,865 - 928,/Volumes/BrokeExt/NICHE/YaleDHLab_pix-plot/pixplot/pixplot.py,Method 'get_date_layout' is too long (50 lines).
YaleDHLab_pix-plot.pixplot,pixplot,,Long method,get_categorical_layout,979 - 1032,/Volumes/BrokeExt/NICHE/YaleDHLab_pix-plot/pixplot/pixplot.py,Method 'get_categorical_layout' is too long (43 lines).
YaleDHLab_pix-plot.pixplot,pixplot,,Long statement,filter_images,202,/Volumes/BrokeExt/NICHE/YaleDHLab_pix-plot/pixplot/pixplot.py,A line with 153 chars in filter_images exceeds the maximum length of 120 characters.
YaleDHLab_pix-plot.pixplot,pixplot,,Long statement,write_metadata,360,/Volumes/BrokeExt/NICHE/YaleDHLab_pix-plot/pixplot/pixplot.py,A line with 132 chars in write_metadata exceeds the maximum length of 120 characters.
YaleDHLab_pix-plot.pixplot,pixplot,,Long statement,get_atlas_data,485,/Volumes/BrokeExt/NICHE/YaleDHLab_pix-plot/pixplot/pixplot.py,A line with 154 chars in get_atlas_data exceeds the maximum length of 120 characters.
YaleDHLab_pix-plot.pixplot,pixplot,,Long statement,process_single_layout_umap,610,/Volumes/BrokeExt/NICHE/YaleDHLab_pix-plot/pixplot/pixplot.py,A line with 181 chars in process_single_layout_umap exceeds the maximum length of 120 characters.
YaleDHLab_pix-plot.pixplot,pixplot,,Long statement,process_single_layout_umap,632,/Volumes/BrokeExt/NICHE/YaleDHLab_pix-plot/pixplot/pixplot.py,A line with 208 chars in process_single_layout_umap exceeds the maximum length of 120 characters.
YaleDHLab_pix-plot.pixplot,pixplot,,Long statement,process_multi_layout_umap,676,/Volumes/BrokeExt/NICHE/YaleDHLab_pix-plot/pixplot/pixplot.py,A line with 131 chars in process_multi_layout_umap exceeds the maximum length of 120 characters.
YaleDHLab_pix-plot.pixplot,pixplot,,Long statement,process_multi_layout_umap,692,/Volumes/BrokeExt/NICHE/YaleDHLab_pix-plot/pixplot/pixplot.py,A line with 169 chars in process_multi_layout_umap exceeds the maximum length of 120 characters.
YaleDHLab_pix-plot.pixplot,pixplot,,Long statement,get_umap_model,731,/Volumes/BrokeExt/NICHE/YaleDHLab_pix-plot/pixplot/pixplot.py,A line with 158 chars in get_umap_model exceeds the maximum length of 120 characters.
YaleDHLab_pix-plot.pixplot,pixplot,,Long statement,get_umap_model,738,/Volumes/BrokeExt/NICHE/YaleDHLab_pix-plot/pixplot/pixplot.py,A line with 203 chars in get_umap_model exceeds the maximum length of 120 characters.
YaleDHLab_pix-plot.pixplot,pixplot,,Long statement,get_date_layout,866,/Volumes/BrokeExt/NICHE/YaleDHLab_pix-plot/pixplot/pixplot.py,A line with 201 chars in get_date_layout exceeds the maximum length of 120 characters.
YaleDHLab_pix-plot.pixplot,pixplot,,Long statement,get_date_layout,922,/Volumes/BrokeExt/NICHE/YaleDHLab_pix-plot/pixplot/pixplot.py,A line with 198 chars in get_date_layout exceeds the maximum length of 120 characters.
YaleDHLab_pix-plot.pixplot,pixplot,,Long statement,get_categorical_layout,980,/Volumes/BrokeExt/NICHE/YaleDHLab_pix-plot/pixplot/pixplot.py,A line with 188 chars in get_categorical_layout exceeds the maximum length of 120 characters.
YaleDHLab_pix-plot.pixplot,pixplot,,Long statement,get_categorical_layout,1027,/Volumes/BrokeExt/NICHE/YaleDHLab_pix-plot/pixplot/pixplot.py,A line with 200 chars in get_categorical_layout exceeds the maximum length of 120 characters.
YaleDHLab_pix-plot.pixplot,pixplot,,Long statement,get_categorical_boxes,1037,/Volumes/BrokeExt/NICHE/YaleDHLab_pix-plot/pixplot/pixplot.py,A line with 262 chars in get_categorical_boxes exceeds the maximum length of 120 characters.
YaleDHLab_pix-plot.pixplot,pixplot,,Long statement,get_geographic_layout,1127,/Volumes/BrokeExt/NICHE/YaleDHLab_pix-plot/pixplot/pixplot.py,A line with 123 chars in get_geographic_layout exceeds the maximum length of 120 characters.
YaleDHLab_pix-plot.pixplot,pixplot,,Long statement,parse,1352,/Volumes/BrokeExt/NICHE/YaleDHLab_pix-plot/pixplot/pixplot.py,A line with 133 chars in parse exceeds the maximum length of 120 characters.
YaleDHLab_pix-plot.pixplot,pixplot,,Long statement,parse,1353,/Volumes/BrokeExt/NICHE/YaleDHLab_pix-plot/pixplot/pixplot.py,A line with 181 chars in parse exceeds the maximum length of 120 characters.
YaleDHLab_pix-plot.pixplot,pixplot,,Long statement,parse,1354,/Volumes/BrokeExt/NICHE/YaleDHLab_pix-plot/pixplot/pixplot.py,A line with 155 chars in parse exceeds the maximum length of 120 characters.
YaleDHLab_pix-plot.pixplot,pixplot,,Long statement,parse,1355,/Volumes/BrokeExt/NICHE/YaleDHLab_pix-plot/pixplot/pixplot.py,A line with 162 chars in parse exceeds the maximum length of 120 characters.
YaleDHLab_pix-plot.pixplot,pixplot,,Long statement,parse,1356,/Volumes/BrokeExt/NICHE/YaleDHLab_pix-plot/pixplot/pixplot.py,A line with 126 chars in parse exceeds the maximum length of 120 characters.
YaleDHLab_pix-plot.pixplot,pixplot,,Long statement,parse,1357,/Volumes/BrokeExt/NICHE/YaleDHLab_pix-plot/pixplot/pixplot.py,A line with 153 chars in parse exceeds the maximum length of 120 characters.
YaleDHLab_pix-plot.pixplot,pixplot,,Long statement,parse,1358,/Volumes/BrokeExt/NICHE/YaleDHLab_pix-plot/pixplot/pixplot.py,A line with 144 chars in parse exceeds the maximum length of 120 characters.
YaleDHLab_pix-plot.pixplot,pixplot,,Long statement,parse,1359,/Volumes/BrokeExt/NICHE/YaleDHLab_pix-plot/pixplot/pixplot.py,A line with 138 chars in parse exceeds the maximum length of 120 characters.
YaleDHLab_pix-plot.pixplot,pixplot,,Long statement,parse,1360,/Volumes/BrokeExt/NICHE/YaleDHLab_pix-plot/pixplot/pixplot.py,A line with 127 chars in parse exceeds the maximum length of 120 characters.
YaleDHLab_pix-plot.pixplot,pixplot,,Long statement,parse,1361,/Volumes/BrokeExt/NICHE/YaleDHLab_pix-plot/pixplot/pixplot.py,A line with 131 chars in parse exceeds the maximum length of 120 characters.
YaleDHLab_pix-plot.pixplot,pixplot,,Long statement,parse,1362,/Volumes/BrokeExt/NICHE/YaleDHLab_pix-plot/pixplot/pixplot.py,A line with 124 chars in parse exceeds the maximum length of 120 characters.
YaleDHLab_pix-plot.pixplot,pixplot,,Long statement,parse,1363,/Volumes/BrokeExt/NICHE/YaleDHLab_pix-plot/pixplot/pixplot.py,A line with 122 chars in parse exceeds the maximum length of 120 characters.
YaleDHLab_pix-plot.pixplot,pixplot,,Long statement,parse,1365,/Volumes/BrokeExt/NICHE/YaleDHLab_pix-plot/pixplot/pixplot.py,A line with 180 chars in parse exceeds the maximum length of 120 characters.
YaleDHLab_pix-plot.pixplot,pixplot,,Long statement,parse,1370,/Volumes/BrokeExt/NICHE/YaleDHLab_pix-plot/pixplot/pixplot.py,A line with 148 chars in parse exceeds the maximum length of 120 characters.
YaleDHLab_pix-plot.pixplot,pixplot,,Long statement,parse,1372,/Volumes/BrokeExt/NICHE/YaleDHLab_pix-plot/pixplot/pixplot.py,A line with 137 chars in parse exceeds the maximum length of 120 characters.
YaleDHLab_pix-plot.pixplot,pixplot,,Long statement,parse,1373,/Volumes/BrokeExt/NICHE/YaleDHLab_pix-plot/pixplot/pixplot.py,A line with 136 chars in parse exceeds the maximum length of 120 characters.
YaleDHLab_pix-plot.pixplot,pixplot,Image,Long statement,resize_to_square,1329,/Volumes/BrokeExt/NICHE/YaleDHLab_pix-plot/pixplot/pixplot.py,A line with 157 chars in resize_to_square exceeds the maximum length of 120 characters.
YaleDHLab_pix-plot.pixplot,pixplot,,Long statement,,70,/Volumes/BrokeExt/NICHE/YaleDHLab_pix-plot/pixplot/pixplot.py,A line with 137 chars in pixplot exceeds the maximum length of 120 characters.
YaleDHLab_pix-plot.pixplot,pixplot,,Long statement,,111,/Volumes/BrokeExt/NICHE/YaleDHLab_pix-plot/pixplot/pixplot.py,A line with 131 chars in pixplot exceeds the maximum length of 120 characters.
YaleDHLab_pix-plot.pixplot,pixplot,,Magic number,filter_images,247,/Volumes/BrokeExt/NICHE/YaleDHLab_pix-plot/pixplot/pixplot.py,Magic number 10 used in filter_images.
YaleDHLab_pix-plot.pixplot,pixplot,,Magic number,write_metadata,380,/Volumes/BrokeExt/NICHE/YaleDHLab_pix-plot/pixplot/pixplot.py,Magic number 4 used in write_metadata.
YaleDHLab_pix-plot.pixplot,pixplot,,Magic number,get_manifest,425,/Volumes/BrokeExt/NICHE/YaleDHLab_pix-plot/pixplot/pixplot.py,Magic number 1.2 used in get_manifest.
YaleDHLab_pix-plot.pixplot,pixplot,,Magic number,get_manifest,426,/Volumes/BrokeExt/NICHE/YaleDHLab_pix-plot/pixplot/pixplot.py,Magic number 0.2 used in get_manifest.
YaleDHLab_pix-plot.pixplot,pixplot,,Magic number,get_manifest,428,/Volumes/BrokeExt/NICHE/YaleDHLab_pix-plot/pixplot/pixplot.py,Magic number 0.6 used in get_manifest.
YaleDHLab_pix-plot.pixplot,pixplot,,Magic number,get_manifest,429,/Volumes/BrokeExt/NICHE/YaleDHLab_pix-plot/pixplot/pixplot.py,Magic number 0.025 used in get_manifest.
YaleDHLab_pix-plot.pixplot,pixplot,,Magic number,get_atlas_data,509,/Volumes/BrokeExt/NICHE/YaleDHLab_pix-plot/pixplot/pixplot.py,Magic number 2 used in get_atlas_data.
YaleDHLab_pix-plot.pixplot,pixplot,,Magic number,get_rasterfairy_layout,765,/Volumes/BrokeExt/NICHE/YaleDHLab_pix-plot/pixplot/pixplot.py,Magic number 2 used in get_rasterfairy_layout.
YaleDHLab_pix-plot.pixplot,pixplot,,Magic number,get_rasterfairy_layout,768,/Volumes/BrokeExt/NICHE/YaleDHLab_pix-plot/pixplot/pixplot.py,Magic number 2 used in get_rasterfairy_layout.
YaleDHLab_pix-plot.pixplot,pixplot,,Magic number,get_lap_layout,790,/Volumes/BrokeExt/NICHE/YaleDHLab_pix-plot/pixplot/pixplot.py,Magic number 2 used in get_lap_layout.
YaleDHLab_pix-plot.pixplot,pixplot,,Magic number,get_lap_layout,799,/Volumes/BrokeExt/NICHE/YaleDHLab_pix-plot/pixplot/pixplot.py,Magic number 10000000.0 used in get_lap_layout.
YaleDHLab_pix-plot.pixplot,pixplot,,Magic number,get_pointgrid_layout,829,/Volumes/BrokeExt/NICHE/YaleDHLab_pix-plot/pixplot/pixplot.py,Magic number 2 used in get_pointgrid_layout.
YaleDHLab_pix-plot.pixplot,pixplot,,Magic number,get_custom_layout,853,/Volumes/BrokeExt/NICHE/YaleDHLab_pix-plot/pixplot/pixplot.py,Magic number 2 used in get_custom_layout.
YaleDHLab_pix-plot.pixplot,pixplot,,Magic number,get_custom_layout,853,/Volumes/BrokeExt/NICHE/YaleDHLab_pix-plot/pixplot/pixplot.py,Magic number 0.5 used in get_custom_layout.
YaleDHLab_pix-plot.pixplot,pixplot,,Magic number,get_date_layout,865,/Volumes/BrokeExt/NICHE/YaleDHLab_pix-plot/pixplot/pixplot.py,Magic number 3 used in get_date_layout.
YaleDHLab_pix-plot.pixplot,pixplot,,Magic number,get_date_layout,897,/Volumes/BrokeExt/NICHE/YaleDHLab_pix-plot/pixplot/pixplot.py,Magic number 2 used in get_date_layout.
YaleDHLab_pix-plot.pixplot,pixplot,,Magic number,get_date_layout,898,/Volumes/BrokeExt/NICHE/YaleDHLab_pix-plot/pixplot/pixplot.py,Magic number 2 used in get_date_layout.
YaleDHLab_pix-plot.pixplot,pixplot,,Magic number,get_date_layout,900,/Volumes/BrokeExt/NICHE/YaleDHLab_pix-plot/pixplot/pixplot.py,Magic number 2.0 used in get_date_layout.
YaleDHLab_pix-plot.pixplot,pixplot,,Magic number,get_date_layout,901,/Volumes/BrokeExt/NICHE/YaleDHLab_pix-plot/pixplot/pixplot.py,Magic number 2.0 used in get_date_layout.
YaleDHLab_pix-plot.pixplot,pixplot,,Magic number,get_categorical_layout,979,/Volumes/BrokeExt/NICHE/YaleDHLab_pix-plot/pixplot/pixplot.py,Magic number 2 used in get_categorical_layout.
YaleDHLab_pix-plot.pixplot,pixplot,,Magic number,get_categorical_layout,1022,/Volumes/BrokeExt/NICHE/YaleDHLab_pix-plot/pixplot/pixplot.py,Magic number 2 used in get_categorical_layout.
YaleDHLab_pix-plot.pixplot,pixplot,,Magic number,get_categorical_layout,1021,/Volumes/BrokeExt/NICHE/YaleDHLab_pix-plot/pixplot/pixplot.py,Magic number 2 used in get_categorical_layout.
YaleDHLab_pix-plot.pixplot,pixplot,,Magic number,get_categorical_boxes,1036,/Volumes/BrokeExt/NICHE/YaleDHLab_pix-plot/pixplot/pixplot.py,Magic number 2 used in get_categorical_boxes.
YaleDHLab_pix-plot.pixplot,pixplot,,Magic number,get_categorical_boxes,1049,/Volumes/BrokeExt/NICHE/YaleDHLab_pix-plot/pixplot/pixplot.py,Magic number 2 used in get_categorical_boxes.
YaleDHLab_pix-plot.pixplot,pixplot,,Magic number,get_categorical_points,1080,/Volumes/BrokeExt/NICHE/YaleDHLab_pix-plot/pixplot/pixplot.py,Magic number 2 used in get_categorical_points.
YaleDHLab_pix-plot.pixplot,pixplot,,Magic number,get_geographic_layout,1115,/Volumes/BrokeExt/NICHE/YaleDHLab_pix-plot/pixplot/pixplot.py,Magic number 180 used in get_geographic_layout.
YaleDHLab_pix-plot.pixplot,pixplot,,Magic number,get_geographic_layout,1116,/Volumes/BrokeExt/NICHE/YaleDHLab_pix-plot/pixplot/pixplot.py,Magic number 180 used in get_geographic_layout.
YaleDHLab_pix-plot.pixplot,pixplot,,Magic number,write_layout,1163,/Volumes/BrokeExt/NICHE/YaleDHLab_pix-plot/pixplot/pixplot.py,Magic number 2 used in write_layout.
YaleDHLab_pix-plot.pixplot,pixplot,,Magic number,write_layout,1163,/Volumes/BrokeExt/NICHE/YaleDHLab_pix-plot/pixplot/pixplot.py,Magic number 0.5 used in write_layout.
YaleDHLab_pix-plot.pixplot,pixplot,,Magic number,round_floats,1171,/Volumes/BrokeExt/NICHE/YaleDHLab_pix-plot/pixplot/pixplot.py,Magic number 5 used in round_floats.
YaleDHLab_pix-plot.pixplot,pixplot,,Magic number,get_hotspots,1221,/Volumes/BrokeExt/NICHE/YaleDHLab_pix-plot/pixplot/pixplot.py,Magic number 0.5 used in get_hotspots.
YaleDHLab_pix-plot.pixplot,pixplot,,Magic number,get_cluster_model,1242,/Volumes/BrokeExt/NICHE/YaleDHLab_pix-plot/pixplot/pixplot.py,Magic number 0.01 used in get_cluster_model.
YaleDHLab_pix-plot.pixplot,pixplot,,Magic number,get_heightmap,1261,/Volumes/BrokeExt/NICHE/YaleDHLab_pix-plot/pixplot/pixplot.py,Magic number 200 used in get_heightmap.
YaleDHLab_pix-plot.pixplot,pixplot,,Magic number,get_heightmap,1257,/Volumes/BrokeExt/NICHE/YaleDHLab_pix-plot/pixplot/pixplot.py,Magic number 2 used in get_heightmap.
YaleDHLab_pix-plot.pixplot,pixplot,,Magic number,get_heightmap,1263,/Volumes/BrokeExt/NICHE/YaleDHLab_pix-plot/pixplot/pixplot.py,Magic number 1j used in get_heightmap.
YaleDHLab_pix-plot.pixplot,pixplot,,Magic number,get_heightmap,1263,/Volumes/BrokeExt/NICHE/YaleDHLab_pix-plot/pixplot/pixplot.py,Magic number 1j used in get_heightmap.
YaleDHLab_pix-plot.pixplot,pixplot,Box,Magic number,__init__,1099,/Volumes/BrokeExt/NICHE/YaleDHLab_pix-plot/pixplot/pixplot.py,Magic number 2 used in __init__.
YaleDHLab_pix-plot.pixplot,pixplot,Box,Magic number,__init__,1100,/Volumes/BrokeExt/NICHE/YaleDHLab_pix-plot/pixplot/pixplot.py,Magic number 4 used in __init__.
YaleDHLab_pix-plot.pixplot,pixplot,Box,Magic number,__init__,1100,/Volumes/BrokeExt/NICHE/YaleDHLab_pix-plot/pixplot/pixplot.py,Magic number 3 used in __init__.
YaleDHLab_pix-plot.pixplot,pixplot,Box,Magic number,__init__,1101,/Volumes/BrokeExt/NICHE/YaleDHLab_pix-plot/pixplot/pixplot.py,Magic number 5 used in __init__.
YaleDHLab_pix-plot.pixplot,pixplot,Box,Magic number,__init__,1101,/Volumes/BrokeExt/NICHE/YaleDHLab_pix-plot/pixplot/pixplot.py,Magic number 4 used in __init__.
