Package,Module,Class,Function,LOC,CC,PC
YaleDHLab_pix-plot.pixplot,pixplot,Box,__init__,6,1,0
YaleDHLab_pix-plot.pixplot,pixplot,Image,__init__,4,1,0
YaleDHLab_pix-plot.pixplot,pixplot,Image,resize_to_max,6,1,1
YaleDHLab_pix-plot.pixplot,pixplot,Image,resize_to_height,10,2,1
YaleDHLab_pix-plot.pixplot,pixplot,Image,resize_to_square,11,2,2
YaleDHLab_pix-plot.pixplot,pixplot,,timestamp,2,1,0
YaleDHLab_pix-plot.pixplot,pixplot,,process_images,12,1,0
YaleDHLab_pix-plot.pixplot,pixplot,,preprocess_kwargs,5,3,0
YaleDHLab_pix-plot.pixplot,pixplot,,copy_web_assets,13,3,0
YaleDHLab_pix-plot.pixplot,pixplot,,filter_images,56,14,0
YaleDHLab_pix-plot.pixplot,pixplot,,get_image_paths,27,10,0
YaleDHLab_pix-plot.pixplot,pixplot,,stream_images,9,5,0
YaleDHLab_pix-plot.pixplot,pixplot,,clean_filename,5,2,1
YaleDHLab_pix-plot.pixplot,pixplot,,get_metadata_list,18,8,0
YaleDHLab_pix-plot.pixplot,pixplot,,write_metadata,37,12,1
YaleDHLab_pix-plot.pixplot,pixplot,,is_number,6,1,1
YaleDHLab_pix-plot.pixplot,pixplot,,get_manifest,62,6,0
YaleDHLab_pix-plot.pixplot,pixplot,,get_atlas_data,48,7,0
YaleDHLab_pix-plot.pixplot,pixplot,,save_atlas,3,1,3
YaleDHLab_pix-plot.pixplot,pixplot,,get_layouts,16,1,0
YaleDHLab_pix-plot.pixplot,pixplot,,get_inception_vectors,20,5,0
YaleDHLab_pix-plot.pixplot,pixplot,,get_umap_layout,7,2,0
YaleDHLab_pix-plot.pixplot,pixplot,,process_single_layout_umap,40,7,1
YaleDHLab_pix-plot.pixplot,pixplot,,process_multi_layout_umap,52,8,1
YaleDHLab_pix-plot.pixplot,pixplot,,save_model,15,4,2
YaleDHLab_pix-plot.pixplot,pixplot,,load_model,7,2,1
YaleDHLab_pix-plot.pixplot,pixplot,,get_umap_model,16,1,0
YaleDHLab_pix-plot.pixplot,pixplot,,get_tsne_layout,9,2,0
YaleDHLab_pix-plot.pixplot,pixplot,,get_rasterfairy_layout,18,3,0
YaleDHLab_pix-plot.pixplot,pixplot,,get_lap_layout,18,3,0
YaleDHLab_pix-plot.pixplot,pixplot,,get_alphabetic_layout,13,3,0
YaleDHLab_pix-plot.pixplot,pixplot,,get_pointgrid_layout,10,2,2
YaleDHLab_pix-plot.pixplot,pixplot,,get_custom_layout,22,6,0
YaleDHLab_pix-plot.pixplot,pixplot,,get_date_layout,50,6,2
YaleDHLab_pix-plot.pixplot,pixplot,,datestring_to_date,8,1,1
YaleDHLab_pix-plot.pixplot,pixplot,,date_to_seconds,7,1,1
YaleDHLab_pix-plot.pixplot,pixplot,,round_date,18,11,2
YaleDHLab_pix-plot.pixplot,pixplot,,get_categorical_layout,43,6,2
YaleDHLab_pix-plot.pixplot,pixplot,,get_categorical_boxes,30,5,2
YaleDHLab_pix-plot.pixplot,pixplot,,get_categorical_points,16,4,2
YaleDHLab_pix-plot.pixplot,pixplot,,get_geographic_layout,19,6,0
YaleDHLab_pix-plot.pixplot,pixplot,,process_geojson,11,5,1
YaleDHLab_pix-plot.pixplot,pixplot,,get_path,7,2,0
YaleDHLab_pix-plot.pixplot,pixplot,,write_layout,8,4,2
YaleDHLab_pix-plot.pixplot,pixplot,,round_floats,2,1,2
YaleDHLab_pix-plot.pixplot,pixplot,,write_json,11,2,2
YaleDHLab_pix-plot.pixplot,pixplot,,read_json,6,1,1
YaleDHLab_pix-plot.pixplot,pixplot,,get_hotspots,29,8,2
YaleDHLab_pix-plot.pixplot,pixplot,,get_cluster_model,12,1,0
YaleDHLab_pix-plot.pixplot,pixplot,,get_heightmap,20,4,2
YaleDHLab_pix-plot.pixplot,pixplot,,write_images,17,5,0
YaleDHLab_pix-plot.pixplot,pixplot,,get_version,2,1,0
YaleDHLab_pix-plot.pixplot,pixplot,,parse,27,1,0
