Package,Module,Class,Function,LOC,CC,PC
lufficc_SSD,demo,,run_demo,51,4,6
lufficc_SSD,demo,,main,36,1,0
lufficc_SSD,test,,evaluation,8,1,3
lufficc_SSD,test,,main,46,3,0
lufficc_SSD,train,,train,20,2,2
lufficc_SSD,train,,main,56,5,0
lufficc_SSD.ssd.config,path_catlog,DatasetCatalog,get,24,4,1
lufficc_SSD.ssd.data,build,BatchCollator,__init__,2,1,1
lufficc_SSD.ssd.data,build,BatchCollator,__call__,12,2,1
lufficc_SSD.ssd.data,build,,make_data_loader,28,5,5
lufficc_SSD.ssd.data.datasets,__init__,,build_dataset,21,5,4
lufficc_SSD.ssd.data.datasets,coco,COCODataset,__init__,16,2,5
lufficc_SSD.ssd.data.datasets,coco,COCODataset,__getitem__,13,3,1
lufficc_SSD.ssd.data.datasets,coco,COCODataset,get_annotation,3,1,1
lufficc_SSD.ssd.data.datasets,coco,COCODataset,__len__,2,1,0
lufficc_SSD.ssd.data.datasets,coco,COCODataset,_get_annotation,10,1,1
lufficc_SSD.ssd.data.datasets,coco,COCODataset,_xywh2xyxy,3,1,1
lufficc_SSD.ssd.data.datasets,coco,COCODataset,get_img_info,4,1,1
lufficc_SSD.ssd.data.datasets,coco,COCODataset,_read_image,6,1,1
lufficc_SSD.ssd.data.datasets,voc,VOCDataset,__init__,10,1,5
lufficc_SSD.ssd.data.datasets,voc,VOCDataset,__getitem__,16,4,1
lufficc_SSD.ssd.data.datasets,voc,VOCDataset,get_annotation,3,1,1
lufficc_SSD.ssd.data.datasets,voc,VOCDataset,__len__,2,1,0
lufficc_SSD.ssd.data.datasets,voc,VOCDataset,_read_image_ids,6,2,1
lufficc_SSD.ssd.data.datasets,voc,VOCDataset,_get_annotation,21,2,1
lufficc_SSD.ssd.data.datasets,voc,VOCDataset,get_img_info,7,1,1
lufficc_SSD.ssd.data.datasets,voc,VOCDataset,_read_image,5,1,1
lufficc_SSD.ssd.data.datasets.evaluation,__init__,,evaluate,11,2,3
lufficc_SSD.ssd.data.datasets.evaluation.coco,__init__,,coco_evaluation,53,5,4
lufficc_SSD.ssd.data.datasets.evaluation.voc,__init__,,voc_evaluation,47,5,4
lufficc_SSD.ssd.data.datasets.evaluation.voc,eval_detection_voc,,bbox_iou,13,3,2
lufficc_SSD.ssd.data.datasets.evaluation.voc,eval_detection_voc,,eval_detection_voc,16,1,8
lufficc_SSD.ssd.data.datasets.evaluation.voc,eval_detection_voc,,calc_detection_voc_prec_rec,102,15,7
lufficc_SSD.ssd.data.datasets.evaluation.voc,eval_detection_voc,,calc_detection_voc_ap,34,7,3
lufficc_SSD.ssd.data.samplers,distributed,DistributedSampler,__init__,16,5,4
lufficc_SSD.ssd.data.samplers,distributed,DistributedSampler,__iter__,14,2,0
lufficc_SSD.ssd.data.samplers,distributed,DistributedSampler,__len__,2,1,0
lufficc_SSD.ssd.data.samplers,distributed,DistributedSampler,set_epoch,2,1,1
lufficc_SSD.ssd.data.samplers,iteration_based_batch_sampler,IterationBasedBatchSampler,__init__,4,1,3
lufficc_SSD.ssd.data.samplers,iteration_based_batch_sampler,IterationBasedBatchSampler,__iter__,13,5,0
lufficc_SSD.ssd.data.samplers,iteration_based_batch_sampler,IterationBasedBatchSampler,__len__,2,1,0
lufficc_SSD.ssd.data.transforms,__init__,,build_transforms,21,2,2
lufficc_SSD.ssd.data.transforms,__init__,,build_target_transform,6,1,1
lufficc_SSD.ssd.data.transforms,target_transform,SSDTargetTransform,__init__,6,1,4
lufficc_SSD.ssd.data.transforms,target_transform,SSDTargetTransform,__call__,10,3,2
lufficc_SSD.ssd.data.transforms,transforms,Compose,__init__,2,1,1
lufficc_SSD.ssd.data.transforms,transforms,Compose,__call__,6,3,3
lufficc_SSD.ssd.data.transforms,transforms,Lambda,__init__,3,1,1
lufficc_SSD.ssd.data.transforms,transforms,Lambda,__call__,2,1,3
lufficc_SSD.ssd.data.transforms,transforms,ConvertFromInts,__call__,2,1,3
lufficc_SSD.ssd.data.transforms,transforms,SubtractMeans,__init__,2,1,1
lufficc_SSD.ssd.data.transforms,transforms,SubtractMeans,__call__,4,1,3
lufficc_SSD.ssd.data.transforms,transforms,ToAbsoluteCoords,__call__,7,1,3
lufficc_SSD.ssd.data.transforms,transforms,ToPercentCoords,__call__,7,1,3
lufficc_SSD.ssd.data.transforms,transforms,Resize,__init__,2,1,1
lufficc_SSD.ssd.data.transforms,transforms,Resize,__call__,4,1,3
lufficc_SSD.ssd.data.transforms,transforms,RandomSaturation,__init__,5,1,2
lufficc_SSD.ssd.data.transforms,transforms,RandomSaturation,__call__,4,2,3
lufficc_SSD.ssd.data.transforms,transforms,RandomHue,__init__,3,2,1
lufficc_SSD.ssd.data.transforms,transforms,RandomHue,__call__,6,2,3
lufficc_SSD.ssd.data.transforms,transforms,RandomLightingNoise,__init__,4,1,0
lufficc_SSD.ssd.data.transforms,transforms,RandomLightingNoise,__call__,6,2,3
lufficc_SSD.ssd.data.transforms,transforms,ConvertColor,__init__,3,1,2
lufficc_SSD.ssd.data.transforms,transforms,ConvertColor,__call__,14,11,3
lufficc_SSD.ssd.data.transforms,transforms,RandomContrast,__init__,5,1,2
lufficc_SSD.ssd.data.transforms,transforms,RandomContrast,__call__,5,2,3
lufficc_SSD.ssd.data.transforms,transforms,RandomBrightness,__init__,4,1,1
lufficc_SSD.ssd.data.transforms,transforms,RandomBrightness,__call__,5,2,3
lufficc_SSD.ssd.data.transforms,transforms,ToCV2Image,__call__,2,1,3
lufficc_SSD.ssd.data.transforms,transforms,ToTensor,__call__,2,1,3
lufficc_SSD.ssd.data.transforms,transforms,RandomSampleCrop,__init__,12,1,0
lufficc_SSD.ssd.data.transforms,transforms,RandomSampleCrop,__call__,78,11,3
lufficc_SSD.ssd.data.transforms,transforms,Expand,__init__,2,1,1
lufficc_SSD.ssd.data.transforms,transforms,Expand,__call__,18,1,3
lufficc_SSD.ssd.data.transforms,transforms,RandomMirror,__call__,7,2,3
lufficc_SSD.ssd.data.transforms,transforms,SwapChannels,__init__,2,1,1
lufficc_SSD.ssd.data.transforms,transforms,SwapChannels,__call__,5,1,1
lufficc_SSD.ssd.data.transforms,transforms,PhotometricDistort,__init__,11,1,0
lufficc_SSD.ssd.data.transforms,transforms,PhotometricDistort,__call__,9,2,3
lufficc_SSD.ssd.data.transforms,transforms,,intersect,5,1,2
lufficc_SSD.ssd.data.transforms,transforms,,jaccard_numpy,9,1,2
lufficc_SSD.ssd.data.transforms,transforms,,remove_empty_boxes,7,4,2
lufficc_SSD.ssd.engine,inference,,_accumulate_predictions_from_multiple_gpus,16,3,1
lufficc_SSD.ssd.engine,inference,,compute_on_dataset,13,2,3
lufficc_SSD.ssd.engine,inference,,inference,16,4,6
lufficc_SSD.ssd.engine,inference,,do_evaluation,14,4,3
lufficc_SSD.ssd.engine,trainer,,write_metric,8,3,4
lufficc_SSD.ssd.engine,trainer,,reduce_loss_dict,20,3,1
lufficc_SSD.ssd.engine,trainer,,do_train,94,15,9
lufficc_SSD.ssd.layers,__init__,L2Norm,__init__,7,2,2
lufficc_SSD.ssd.layers,__init__,L2Norm,reset_parameters,2,1,0
lufficc_SSD.ssd.layers,__init__,L2Norm,forward,5,1,1
lufficc_SSD.ssd.layers,separable_conv,SeparableConv2d,__init__,10,1,6
lufficc_SSD.ssd.layers,separable_conv,SeparableConv2d,forward,2,1,1
lufficc_SSD.ssd.modeling.anchors,prior_box,PriorBox,__init__,9,1,1
lufficc_SSD.ssd.modeling.anchors,prior_box,PriorBox,__call__,31,5,0
lufficc_SSD.ssd.modeling.backbone,__init__,,build_backbone,2,1,1
lufficc_SSD.ssd.modeling.backbone,mobilenet,ConvBNReLU,__init__,7,1,5
lufficc_SSD.ssd.modeling.backbone,mobilenet,InvertedResidual,__init__,18,3,4
lufficc_SSD.ssd.modeling.backbone,mobilenet,InvertedResidual,forward,5,1,1
lufficc_SSD.ssd.modeling.backbone,mobilenet,MobileNetV2,__init__,37,6,2
lufficc_SSD.ssd.modeling.backbone,mobilenet,MobileNetV2,reset_parameters,12,6,0
lufficc_SSD.ssd.modeling.backbone,mobilenet,MobileNetV2,forward,12,4,1
lufficc_SSD.ssd.modeling.backbone,mobilenet,,mobilenet_v2,5,2,2
lufficc_SSD.ssd.modeling.backbone,mobilenetv3,h_sigmoid,__init__,3,1,1
lufficc_SSD.ssd.modeling.backbone,mobilenetv3,h_sigmoid,forward,2,1,1
lufficc_SSD.ssd.modeling.backbone,mobilenetv3,h_swish,__init__,3,1,1
lufficc_SSD.ssd.modeling.backbone,mobilenetv3,h_swish,forward,2,1,1
lufficc_SSD.ssd.modeling.backbone,mobilenetv3,SELayer,__init__,9,1,2
lufficc_SSD.ssd.modeling.backbone,mobilenetv3,SELayer,forward,5,1,1
lufficc_SSD.ssd.modeling.backbone,mobilenetv3,InvertedResidual,__init__,32,3,7
lufficc_SSD.ssd.modeling.backbone,mobilenetv3,InvertedResidual,forward,5,1,1
lufficc_SSD.ssd.modeling.backbone,mobilenetv3,MobileNetV3,__init__,37,2,3
lufficc_SSD.ssd.modeling.backbone,mobilenetv3,MobileNetV3,forward,12,4,1
lufficc_SSD.ssd.modeling.backbone,mobilenetv3,MobileNetV3,reset_parameters,14,6,0
lufficc_SSD.ssd.modeling.backbone,mobilenetv3,,_make_divisible,9,3,3
lufficc_SSD.ssd.modeling.backbone,mobilenetv3,,conv_3x3_bn,6,1,3
lufficc_SSD.ssd.modeling.backbone,mobilenetv3,,conv_1x1_bn,6,1,2
lufficc_SSD.ssd.modeling.backbone,mobilenetv3,,mobilenet_v3,5,2,2
lufficc_SSD.ssd.modeling.backbone,vgg,VGG,__init__,9,1,1
lufficc_SSD.ssd.modeling.backbone,vgg,VGG,reset_parameters,5,3,0
lufficc_SSD.ssd.modeling.backbone,vgg,VGG,init_from_pretrain,2,1,1
lufficc_SSD.ssd.modeling.backbone,vgg,VGG,forward,14,5,1
lufficc_SSD.ssd.modeling.backbone,vgg,,add_vgg,21,5,2
lufficc_SSD.ssd.modeling.backbone,vgg,,add_extras,16,5,3
lufficc_SSD.ssd.modeling.backbone,vgg,,vgg,5,2,2
lufficc_SSD.ssd.modeling.backbone.efficient_net,__init__,,efficient_net_b3,6,2,2
lufficc_SSD.ssd.modeling.backbone.efficient_net,efficient_net,MBConvBlock,__init__,25,4,2
lufficc_SSD.ssd.modeling.backbone.efficient_net,efficient_net,MBConvBlock,forward,18,6,2
lufficc_SSD.ssd.modeling.backbone.efficient_net,efficient_net,EfficientNet,__init__,31,4,3
lufficc_SSD.ssd.modeling.backbone.efficient_net,efficient_net,EfficientNet,reset_parameters,5,3,0
lufficc_SSD.ssd.modeling.backbone.efficient_net,efficient_net,EfficientNet,extract_features,11,4,1
lufficc_SSD.ssd.modeling.backbone.efficient_net,efficient_net,EfficientNet,forward,6,2,1
lufficc_SSD.ssd.modeling.backbone.efficient_net,efficient_net,EfficientNet,from_name,4,1,3
lufficc_SSD.ssd.modeling.backbone.efficient_net,efficient_net,EfficientNet,from_pretrained,4,1,2
lufficc_SSD.ssd.modeling.backbone.efficient_net,efficient_net,EfficientNet,get_image_size,4,1,2
lufficc_SSD.ssd.modeling.backbone.efficient_net,efficient_net,EfficientNet,_check_model_name_is_valid,5,2,3
lufficc_SSD.ssd.modeling.backbone.efficient_net,efficient_net,,add_extras,10,3,1
lufficc_SSD.ssd.modeling.backbone.efficient_net,utils,Conv2dSamePadding,__init__,3,1,7
lufficc_SSD.ssd.modeling.backbone.efficient_net,utils,Conv2dSamePadding,forward,10,3,1
lufficc_SSD.ssd.modeling.backbone.efficient_net,utils,BlockDecoder,_decode_block_string,20,6,1
lufficc_SSD.ssd.modeling.backbone.efficient_net,utils,BlockDecoder,_encode_block_string,14,3,1
lufficc_SSD.ssd.modeling.backbone.efficient_net,utils,BlockDecoder,decode,8,2,1
lufficc_SSD.ssd.modeling.backbone.efficient_net,utils,BlockDecoder,encode,7,2,1
lufficc_SSD.ssd.modeling.backbone.efficient_net,utils,,relu_fn,2,1,1
lufficc_SSD.ssd.modeling.backbone.efficient_net,utils,,round_filters,12,3,2
lufficc_SSD.ssd.modeling.backbone.efficient_net,utils,,round_repeats,5,1,2
lufficc_SSD.ssd.modeling.backbone.efficient_net,utils,,drop_connect,9,1,3
lufficc_SSD.ssd.modeling.backbone.efficient_net,utils,,efficientnet_params,13,1,1
lufficc_SSD.ssd.modeling.backbone.efficient_net,utils,,efficientnet,21,1,4
lufficc_SSD.ssd.modeling.backbone.efficient_net,utils,,get_model_params,11,3,2
lufficc_SSD.ssd.modeling.backbone.efficient_net,utils,,load_pretrained_weights,4,1,2
lufficc_SSD.ssd.modeling.box_head,__init__,,build_box_head,2,1,1
lufficc_SSD.ssd.modeling.box_head,box_head,SSDBoxHead,__init__,7,1,1
lufficc_SSD.ssd.modeling.box_head,box_head,SSDBoxHead,forward,6,1,2
lufficc_SSD.ssd.modeling.box_head,box_head,SSDBoxHead,_forward_train,9,1,3
lufficc_SSD.ssd.modeling.box_head,box_head,SSDBoxHead,_forward_test,11,2,2
lufficc_SSD.ssd.modeling.box_head,box_predictor,BoxPredictor,__init__,9,2,1
lufficc_SSD.ssd.modeling.box_head,box_predictor,BoxPredictor,cls_block,2,1,3
lufficc_SSD.ssd.modeling.box_head,box_predictor,BoxPredictor,reg_block,2,1,3
lufficc_SSD.ssd.modeling.box_head,box_predictor,BoxPredictor,reset_parameters,5,3,0
lufficc_SSD.ssd.modeling.box_head,box_predictor,BoxPredictor,forward,10,2,1
lufficc_SSD.ssd.modeling.box_head,box_predictor,SSDBoxPredictor,cls_block,2,1,3
lufficc_SSD.ssd.modeling.box_head,box_predictor,SSDBoxPredictor,reg_block,2,1,3
lufficc_SSD.ssd.modeling.box_head,box_predictor,SSDLiteBoxPredictor,cls_block,5,1,3
lufficc_SSD.ssd.modeling.box_head,box_predictor,SSDLiteBoxPredictor,reg_block,5,1,3
lufficc_SSD.ssd.modeling.box_head,box_predictor,,make_box_predictor,2,1,1
lufficc_SSD.ssd.modeling.box_head,inference,PostProcessor,__init__,5,1,1
lufficc_SSD.ssd.modeling.box_head,inference,PostProcessor,__call__,41,2,1
lufficc_SSD.ssd.modeling.box_head,loss,MultiBoxLoss,__init__,4,1,1
lufficc_SSD.ssd.modeling.box_head,loss,MultiBoxLoss,forward,15,1,4
lufficc_SSD.ssd.modeling.detector,__init__,,build_detection_model,3,1,1
lufficc_SSD.ssd.modeling.detector,ssd_detector,SSDDetector,__init__,5,1,1
lufficc_SSD.ssd.modeling.detector,ssd_detector,SSDDetector,forward,6,1,2
lufficc_SSD.ssd.solver,build,,make_optimizer,3,1,3
lufficc_SSD.ssd.solver,build,,make_lr_scheduler,6,1,3
lufficc_SSD.ssd.solver,lr_scheduler,WarmupMultiStepLR,__init__,11,2,6
lufficc_SSD.ssd.solver,lr_scheduler,WarmupMultiStepLR,get_lr,11,2,0
lufficc_SSD.ssd.structures,container,Container,__init__,2,1,0
lufficc_SSD.ssd.structures,container,Container,__setattr__,2,1,2
lufficc_SSD.ssd.structures,container,Container,__getitem__,2,1,1
lufficc_SSD.ssd.structures,container,Container,__iter__,2,1,0
lufficc_SSD.ssd.structures,container,Container,__setitem__,2,1,2
lufficc_SSD.ssd.structures,container,Container,_call,7,3,1
lufficc_SSD.ssd.structures,container,Container,to,2,1,0
lufficc_SSD.ssd.structures,container,Container,numpy,2,1,0
lufficc_SSD.ssd.structures,container,Container,resize,11,2,1
lufficc_SSD.ssd.structures,container,Container,__repr__,2,1,0
lufficc_SSD.ssd.utils,box_utils,,convert_locations_to_boxes,6,2,4
lufficc_SSD.ssd.utils,box_utils,,convert_boxes_to_locations,7,2,4
lufficc_SSD.ssd.utils,box_utils,,area_of,4,1,2
lufficc_SSD.ssd.utils,box_utils,,iou_of,8,1,3
lufficc_SSD.ssd.utils,box_utils,,assign_priors,12,2,4
lufficc_SSD.ssd.utils,box_utils,,hard_negative_mining,11,1,3
lufficc_SSD.ssd.utils,box_utils,,center_form_to_corner_form,3,1,1
lufficc_SSD.ssd.utils,box_utils,,corner_form_to_center_form,5,1,1
lufficc_SSD.ssd.utils,checkpoint,CheckPointer,__init__,9,2,6
lufficc_SSD.ssd.utils,checkpoint,CheckPointer,save,19,5,1
lufficc_SSD.ssd.utils,checkpoint,CheckPointer,load,21,8,2
lufficc_SSD.ssd.utils,checkpoint,CheckPointer,get_checkpoint_file,11,2,0
lufficc_SSD.ssd.utils,checkpoint,CheckPointer,has_checkpoint,3,1,0
lufficc_SSD.ssd.utils,checkpoint,CheckPointer,tag_last_checkpoint,4,1,1
lufficc_SSD.ssd.utils,checkpoint,CheckPointer,_load_file,7,2,1
lufficc_SSD.ssd.utils,dist_util,,get_world_size,6,1,0
lufficc_SSD.ssd.utils,dist_util,,get_rank,6,1,0
lufficc_SSD.ssd.utils,dist_util,,is_main_process,2,1,0
lufficc_SSD.ssd.utils,dist_util,,synchronize,11,2,0
lufficc_SSD.ssd.utils,dist_util,,_encode,8,1,2
lufficc_SSD.ssd.utils,dist_util,,all_gather,26,4,1
lufficc_SSD.ssd.utils,logger,,setup_logger,16,2,3
lufficc_SSD.ssd.utils,metric_logger,SmoothedValue,__init__,6,1,1
lufficc_SSD.ssd.utils,metric_logger,SmoothedValue,update,6,1,1
lufficc_SSD.ssd.utils,metric_logger,SmoothedValue,median,3,1,0
lufficc_SSD.ssd.utils,metric_logger,SmoothedValue,avg,3,1,0
lufficc_SSD.ssd.utils,metric_logger,SmoothedValue,global_avg,2,1,0
lufficc_SSD.ssd.utils,metric_logger,MetricLogger,__init__,3,1,1
lufficc_SSD.ssd.utils,metric_logger,MetricLogger,update,6,3,0
lufficc_SSD.ssd.utils,metric_logger,MetricLogger,__getattr__,7,2,1
lufficc_SSD.ssd.utils,metric_logger,MetricLogger,__str__,7,2,0
lufficc_SSD.ssd.utils,misc,,str2bool,2,1,1
lufficc_SSD.ssd.utils,misc,,mkdir,6,3,1
lufficc_SSD.ssd.utils,model_zoo,,cache_url,27,8,3
lufficc_SSD.ssd.utils,model_zoo,,load_state_dict_from_url,3,1,2
lufficc_SSD.ssd.utils,nms,,nms,4,1,3
lufficc_SSD.ssd.utils,nms,,batched_nms,10,1,4
lufficc_SSD.ssd.utils,registry,Registry,__init__,2,1,0
lufficc_SSD.ssd.utils,registry,Registry,register,8,0,2
lufficc_SSD.ssd.utils,registry,,_register_generic,3,1,3
