Package,Module,Class,Function,LOC,CC,PC
AICoE_prometheus-anomaly-detector,app,MainHandler,initialize,6,2,1
AICoE_prometheus-anomaly-detector,app,MainHandler,get,37,5,0
AICoE_prometheus-anomaly-detector,app,,make_app,8,1,1
AICoE_prometheus-anomaly-detector,app,,train_individual_model,28,2,2
AICoE_prometheus-anomaly-detector,app,,train_model,9,1,2
AICoE_prometheus-anomaly-detector,model,MetricPredictor,__init__,2,1,2
AICoE_prometheus-anomaly-detector,model,MetricPredictor,train,24,2,2
AICoE_prometheus-anomaly-detector,model,MetricPredictor,predict_value,5,1,1
AICoE_prometheus-anomaly-detector,model_fourier,MetricPredictor,__init__,2,1,2
AICoE_prometheus-anomaly-detector,model_fourier,MetricPredictor,fourier_extrapolation,19,2,3
AICoE_prometheus-anomaly-detector,model_fourier,MetricPredictor,train,58,2,2
AICoE_prometheus-anomaly-detector,model_fourier,MetricPredictor,predict_value,5,1,1
AICoE_prometheus-anomaly-detector,model_lstm,MetricPredictor,__init__,6,1,5
AICoE_prometheus-anomaly-detector,model_lstm,MetricPredictor,prepare_data,11,2,1
AICoE_prometheus-anomaly-detector,model_lstm,MetricPredictor,get_model,7,1,2
AICoE_prometheus-anomaly-detector,model_lstm,MetricPredictor,train,85,7,2
AICoE_prometheus-anomaly-detector,model_lstm,MetricPredictor,predict_value,5,1,1
AICoE_prometheus-anomaly-detector,test_model,,calculate_rmse,2,1,2
AICoE_prometheus-anomaly-detector,test_model,,calculate_accuracy,2,1,2
AICoE_prometheus-anomaly-detector,test_model,,label_true_anomalies,2,1,2
AICoE_prometheus-anomaly-detector,test_model,,label_predicted_anomalies,9,1,2
AICoE_prometheus-anomaly-detector,test_model,,compute_true_positive_rate,6,1,2
