Package,Module,Class,Smell,Function/Method,Line no,File,Details
tristandeleu_pytorch-maml-rl,test,,Long method,main,14 - 66,/Volumes/BrokeExt/NICHE/tristandeleu_pytorch-maml-rl/test.py,Method 'main' is too long (42 lines).
tristandeleu_pytorch-maml-rl,test,,Long statement,main,38,/Volumes/BrokeExt/NICHE/tristandeleu_pytorch-maml-rl/test.py,A line with 206 chars in main exceeds the maximum length of 120 characters.
tristandeleu_pytorch-maml-rl,test,,Long statement,main,51,/Volumes/BrokeExt/NICHE/tristandeleu_pytorch-maml-rl/test.py,A line with 190 chars in main exceeds the maximum length of 120 characters.
tristandeleu_pytorch-maml-rl,test,,Long statement,,95,/Volumes/BrokeExt/NICHE/tristandeleu_pytorch-maml-rl/test.py,A line with 170 chars in test exceeds the maximum length of 120 characters.
tristandeleu_pytorch-maml-rl,test,,Long statement,,98,/Volumes/BrokeExt/NICHE/tristandeleu_pytorch-maml-rl/test.py,A line with 170 chars in test exceeds the maximum length of 120 characters.
tristandeleu_pytorch-maml-rl,train,,Long method,main,16 - 88,/Volumes/BrokeExt/NICHE/tristandeleu_pytorch-maml-rl/train.py,Method 'main' is too long (62 lines).
tristandeleu_pytorch-maml-rl,train,,Long statement,main,47,/Volumes/BrokeExt/NICHE/tristandeleu_pytorch-maml-rl/train.py,A line with 214 chars in main exceeds the maximum length of 120 characters.
tristandeleu_pytorch-maml-rl,train,,Long statement,main,64,/Volumes/BrokeExt/NICHE/tristandeleu_pytorch-maml-rl/train.py,A line with 171 chars in main exceeds the maximum length of 120 characters.
tristandeleu_pytorch-maml-rl,train,,Long statement,main,70,/Volumes/BrokeExt/NICHE/tristandeleu_pytorch-maml-rl/train.py,A line with 206 chars in main exceeds the maximum length of 120 characters.
tristandeleu_pytorch-maml-rl,train,,Long statement,main,80,/Volumes/BrokeExt/NICHE/tristandeleu_pytorch-maml-rl/train.py,A line with 144 chars in main exceeds the maximum length of 120 characters.
tristandeleu_pytorch-maml-rl,train,,Long statement,,107,/Volumes/BrokeExt/NICHE/tristandeleu_pytorch-maml-rl/train.py,A line with 170 chars in train exceeds the maximum length of 120 characters.
tristandeleu_pytorch-maml-rl,train,,Long statement,,110,/Volumes/BrokeExt/NICHE/tristandeleu_pytorch-maml-rl/train.py,A line with 170 chars in train exceeds the maximum length of 120 characters.
tristandeleu_pytorch-maml-rl.maml_rl,baseline,LinearFeatureBaseline,Long statement,fit,73,/Volumes/BrokeExt/NICHE/tristandeleu_pytorch-maml-rl/maml_rl/baseline.py,A line with 230 chars in fit exceeds the maximum length of 120 characters.
tristandeleu_pytorch-maml-rl.maml_rl,baseline,LinearFeatureBaseline,Magic number,__init__,15,/Volumes/BrokeExt/NICHE/tristandeleu_pytorch-maml-rl/maml_rl/baseline.py,Magic number 1e-05 used in __init__.
tristandeleu_pytorch-maml-rl.maml_rl,baseline,LinearFeatureBaseline,Magic number,feature_size,29,/Volumes/BrokeExt/NICHE/tristandeleu_pytorch-maml-rl/maml_rl/baseline.py,Magic number 4 used in feature_size.
tristandeleu_pytorch-maml-rl.maml_rl,baseline,LinearFeatureBaseline,Magic number,feature_size,29,/Volumes/BrokeExt/NICHE/tristandeleu_pytorch-maml-rl/maml_rl/baseline.py,Magic number 2 used in feature_size.
tristandeleu_pytorch-maml-rl.maml_rl,baseline,LinearFeatureBaseline,Magic number,_feature,34,/Volumes/BrokeExt/NICHE/tristandeleu_pytorch-maml-rl/maml_rl/baseline.py,Magic number 100.0 used in _feature.
tristandeleu_pytorch-maml-rl.maml_rl,baseline,LinearFeatureBaseline,Magic number,fit,71,/Volumes/BrokeExt/NICHE/tristandeleu_pytorch-maml-rl/maml_rl/baseline.py,Magic number 10 used in fit.
tristandeleu_pytorch-maml-rl.maml_rl,episode,BatchEpisodes,Long statement,advantages,104,/Volumes/BrokeExt/NICHE/tristandeleu_pytorch-maml-rl/maml_rl/episode.py,A line with 167 chars in advantages exceeds the maximum length of 120 characters.
tristandeleu_pytorch-maml-rl.maml_rl,episode,BatchEpisodes,Magic number,__init__,8,/Volumes/BrokeExt/NICHE/tristandeleu_pytorch-maml-rl/maml_rl/episode.py,Magic number 0.95 used in __init__.
tristandeleu_pytorch-maml-rl.maml_rl,episode,BatchEpisodes,Magic number,observation_shape,32,/Volumes/BrokeExt/NICHE/tristandeleu_pytorch-maml-rl/maml_rl/episode.py,Magic number 2 used in observation_shape.
tristandeleu_pytorch-maml-rl.maml_rl,episode,BatchEpisodes,Magic number,action_shape,38,/Volumes/BrokeExt/NICHE/tristandeleu_pytorch-maml-rl/maml_rl/episode.py,Magic number 2 used in action_shape.
tristandeleu_pytorch-maml-rl.maml_rl.envs,__init__,,Long statement,,16,/Volumes/BrokeExt/NICHE/tristandeleu_pytorch-maml-rl/maml_rl/envs/__init__.py,A line with 138 chars in __init__ exceeds the maximum length of 120 characters.
tristandeleu_pytorch-maml-rl.maml_rl.envs,__init__,,Long statement,,26,/Volumes/BrokeExt/NICHE/tristandeleu_pytorch-maml-rl/maml_rl/envs/__init__.py,A line with 140 chars in __init__ exceeds the maximum length of 120 characters.
tristandeleu_pytorch-maml-rl.maml_rl.envs,__init__,,Long statement,,32,/Volumes/BrokeExt/NICHE/tristandeleu_pytorch-maml-rl/maml_rl/envs/__init__.py,A line with 140 chars in __init__ exceeds the maximum length of 120 characters.
tristandeleu_pytorch-maml-rl.maml_rl.envs,__init__,,Long statement,,38,/Volumes/BrokeExt/NICHE/tristandeleu_pytorch-maml-rl/maml_rl/envs/__init__.py,A line with 140 chars in __init__ exceeds the maximum length of 120 characters.
tristandeleu_pytorch-maml-rl.maml_rl.envs,__init__,,Long statement,,44,/Volumes/BrokeExt/NICHE/tristandeleu_pytorch-maml-rl/maml_rl/envs/__init__.py,A line with 165 chars in __init__ exceeds the maximum length of 120 characters.
tristandeleu_pytorch-maml-rl.maml_rl.envs,__init__,,Long statement,,50,/Volumes/BrokeExt/NICHE/tristandeleu_pytorch-maml-rl/maml_rl/envs/__init__.py,A line with 165 chars in __init__ exceeds the maximum length of 120 characters.
tristandeleu_pytorch-maml-rl.maml_rl.envs,mdp,TabularMDPEnv,Long statement,__init__,33,/Volumes/BrokeExt/NICHE/tristandeleu_pytorch-maml-rl/maml_rl/envs/mdp.py,A line with 129 chars in __init__ exceeds the maximum length of 120 characters.
tristandeleu_pytorch-maml-rl.maml_rl.envs,mdp,TabularMDPEnv,Long statement,sample_tasks,49,/Volumes/BrokeExt/NICHE/tristandeleu_pytorch-maml-rl/maml_rl/envs/mdp.py,A line with 130 chars in sample_tasks exceeds the maximum length of 120 characters.
tristandeleu_pytorch-maml-rl.maml_rl.envs,navigation,Navigation2DEnv,Magic number,__init__,22,/Volumes/BrokeExt/NICHE/tristandeleu_pytorch-maml-rl/maml_rl/envs/navigation.py,Magic number 0.5 used in __init__.
tristandeleu_pytorch-maml-rl.maml_rl.envs,navigation,Navigation2DEnv,Magic number,__init__,22,/Volumes/BrokeExt/NICHE/tristandeleu_pytorch-maml-rl/maml_rl/envs/navigation.py,Magic number 0.5 used in __init__.
tristandeleu_pytorch-maml-rl.maml_rl.envs,navigation,Navigation2DEnv,Magic number,step,62,/Volumes/BrokeExt/NICHE/tristandeleu_pytorch-maml-rl/maml_rl/envs/navigation.py,Magic number 0.01 used in step.
tristandeleu_pytorch-maml-rl.maml_rl.envs,navigation,Navigation2DEnv,Magic number,step,62,/Volumes/BrokeExt/NICHE/tristandeleu_pytorch-maml-rl/maml_rl/envs/navigation.py,Magic number 0.01 used in step.
tristandeleu_pytorch-maml-rl.maml_rl.envs.mujoco,ant,AntEnv,Long statement,_get_obs,17,/Volumes/BrokeExt/NICHE/tristandeleu_pytorch-maml-rl/maml_rl/envs/mujoco/ant.py,A line with 226 chars in _get_obs exceeds the maximum length of 120 characters.
tristandeleu_pytorch-maml-rl.maml_rl.envs.mujoco,ant,AntVelEnv,Long statement,step,90,/Volumes/BrokeExt/NICHE/tristandeleu_pytorch-maml-rl/maml_rl/envs/mujoco/ant.py,A line with 151 chars in step exceeds the maximum length of 120 characters.
tristandeleu_pytorch-maml-rl.maml_rl.envs.mujoco,ant,AntDirEnv,Long statement,step,150,/Volumes/BrokeExt/NICHE/tristandeleu_pytorch-maml-rl/maml_rl/envs/mujoco/ant.py,A line with 151 chars in step exceeds the maximum length of 120 characters.
tristandeleu_pytorch-maml-rl.maml_rl.envs.mujoco,ant,AntPosEnv,Long statement,step,207,/Volumes/BrokeExt/NICHE/tristandeleu_pytorch-maml-rl/maml_rl/envs/mujoco/ant.py,A line with 145 chars in step exceeds the maximum length of 120 characters.
tristandeleu_pytorch-maml-rl.maml_rl.envs.mujoco,ant,AntEnv,Magic number,action_scaling,13,/Volumes/BrokeExt/NICHE/tristandeleu_pytorch-maml-rl/maml_rl/envs/mujoco/ant.py,Magic number 0.5 used in action_scaling.
tristandeleu_pytorch-maml-rl.maml_rl.envs.mujoco,ant,AntEnv,Magic number,viewer_setup,27,/Volumes/BrokeExt/NICHE/tristandeleu_pytorch-maml-rl/maml_rl/envs/mujoco/ant.py,Magic number 2 used in viewer_setup.
tristandeleu_pytorch-maml-rl.maml_rl.envs.mujoco,ant,AntEnv,Magic number,viewer_setup,29,/Volumes/BrokeExt/NICHE/tristandeleu_pytorch-maml-rl/maml_rl/envs/mujoco/ant.py,Magic number 0.35 used in viewer_setup.
tristandeleu_pytorch-maml-rl.maml_rl.envs.mujoco,ant,AntEnv,Magic number,render,37,/Volumes/BrokeExt/NICHE/tristandeleu_pytorch-maml-rl/maml_rl/envs/mujoco/ant.py,Magic number 500 used in render.
tristandeleu_pytorch-maml-rl.maml_rl.envs.mujoco,ant,AntEnv,Magic number,render,37,/Volumes/BrokeExt/NICHE/tristandeleu_pytorch-maml-rl/maml_rl/envs/mujoco/ant.py,Magic number 500 used in render.
tristandeleu_pytorch-maml-rl.maml_rl.envs.mujoco,ant,AntVelEnv,Magic number,__init__,62,/Volumes/BrokeExt/NICHE/tristandeleu_pytorch-maml-rl/maml_rl/envs/mujoco/ant.py,Magic number 3.0 used in __init__.
tristandeleu_pytorch-maml-rl.maml_rl.envs.mujoco,ant,AntVelEnv,Magic number,step,78,/Volumes/BrokeExt/NICHE/tristandeleu_pytorch-maml-rl/maml_rl/envs/mujoco/ant.py,Magic number 0.05 used in step.
tristandeleu_pytorch-maml-rl.maml_rl.envs.mujoco,ant,AntVelEnv,Magic number,step,80,/Volumes/BrokeExt/NICHE/tristandeleu_pytorch-maml-rl/maml_rl/envs/mujoco/ant.py,Magic number 0.5 used in step.
tristandeleu_pytorch-maml-rl.maml_rl.envs.mujoco,ant,AntVelEnv,Magic number,step,80,/Volumes/BrokeExt/NICHE/tristandeleu_pytorch-maml-rl/maml_rl/envs/mujoco/ant.py,Magic number 0.01 used in step.
tristandeleu_pytorch-maml-rl.maml_rl.envs.mujoco,ant,AntVelEnv,Magic number,step,81,/Volumes/BrokeExt/NICHE/tristandeleu_pytorch-maml-rl/maml_rl/envs/mujoco/ant.py,Magic number 0.5 used in step.
tristandeleu_pytorch-maml-rl.maml_rl.envs.mujoco,ant,AntVelEnv,Magic number,step,81,/Volumes/BrokeExt/NICHE/tristandeleu_pytorch-maml-rl/maml_rl/envs/mujoco/ant.py,Magic number 0.001 used in step.
tristandeleu_pytorch-maml-rl.maml_rl.envs.mujoco,ant,AntVelEnv,Magic number,step,88,/Volumes/BrokeExt/NICHE/tristandeleu_pytorch-maml-rl/maml_rl/envs/mujoco/ant.py,Magic number 0.2 used in step.
tristandeleu_pytorch-maml-rl.maml_rl.envs.mujoco,ant,AntVelEnv,Magic number,step,88,/Volumes/BrokeExt/NICHE/tristandeleu_pytorch-maml-rl/maml_rl/envs/mujoco/ant.py,Magic number 2 used in step.
tristandeleu_pytorch-maml-rl.maml_rl.envs.mujoco,ant,AntVelEnv,Magic number,step,88,/Volumes/BrokeExt/NICHE/tristandeleu_pytorch-maml-rl/maml_rl/envs/mujoco/ant.py,Magic number 2 used in step.
tristandeleu_pytorch-maml-rl.maml_rl.envs.mujoco,ant,AntDirEnv,Magic number,step,138,/Volumes/BrokeExt/NICHE/tristandeleu_pytorch-maml-rl/maml_rl/envs/mujoco/ant.py,Magic number 0.05 used in step.
tristandeleu_pytorch-maml-rl.maml_rl.envs.mujoco,ant,AntDirEnv,Magic number,step,140,/Volumes/BrokeExt/NICHE/tristandeleu_pytorch-maml-rl/maml_rl/envs/mujoco/ant.py,Magic number 0.5 used in step.
tristandeleu_pytorch-maml-rl.maml_rl.envs.mujoco,ant,AntDirEnv,Magic number,step,140,/Volumes/BrokeExt/NICHE/tristandeleu_pytorch-maml-rl/maml_rl/envs/mujoco/ant.py,Magic number 0.01 used in step.
tristandeleu_pytorch-maml-rl.maml_rl.envs.mujoco,ant,AntDirEnv,Magic number,step,141,/Volumes/BrokeExt/NICHE/tristandeleu_pytorch-maml-rl/maml_rl/envs/mujoco/ant.py,Magic number 0.5 used in step.
tristandeleu_pytorch-maml-rl.maml_rl.envs.mujoco,ant,AntDirEnv,Magic number,step,141,/Volumes/BrokeExt/NICHE/tristandeleu_pytorch-maml-rl/maml_rl/envs/mujoco/ant.py,Magic number 0.001 used in step.
tristandeleu_pytorch-maml-rl.maml_rl.envs.mujoco,ant,AntDirEnv,Magic number,step,148,/Volumes/BrokeExt/NICHE/tristandeleu_pytorch-maml-rl/maml_rl/envs/mujoco/ant.py,Magic number 0.2 used in step.
tristandeleu_pytorch-maml-rl.maml_rl.envs.mujoco,ant,AntDirEnv,Magic number,step,148,/Volumes/BrokeExt/NICHE/tristandeleu_pytorch-maml-rl/maml_rl/envs/mujoco/ant.py,Magic number 2 used in step.
tristandeleu_pytorch-maml-rl.maml_rl.envs.mujoco,ant,AntDirEnv,Magic number,step,148,/Volumes/BrokeExt/NICHE/tristandeleu_pytorch-maml-rl/maml_rl/envs/mujoco/ant.py,Magic number 2 used in step.
tristandeleu_pytorch-maml-rl.maml_rl.envs.mujoco,ant,AntDirEnv,Magic number,sample_tasks,158,/Volumes/BrokeExt/NICHE/tristandeleu_pytorch-maml-rl/maml_rl/envs/mujoco/ant.py,Magic number 2 used in sample_tasks.
tristandeleu_pytorch-maml-rl.maml_rl.envs.mujoco,ant,AntPosEnv,Magic number,__init__,181,/Volumes/BrokeExt/NICHE/tristandeleu_pytorch-maml-rl/maml_rl/envs/mujoco/ant.py,Magic number 3.0 used in __init__.
tristandeleu_pytorch-maml-rl.maml_rl.envs.mujoco,ant,AntPosEnv,Magic number,__init__,181,/Volumes/BrokeExt/NICHE/tristandeleu_pytorch-maml-rl/maml_rl/envs/mujoco/ant.py,Magic number 3.0 used in __init__.
tristandeleu_pytorch-maml-rl.maml_rl.envs.mujoco,ant,AntPosEnv,Magic number,step,195,/Volumes/BrokeExt/NICHE/tristandeleu_pytorch-maml-rl/maml_rl/envs/mujoco/ant.py,Magic number 0.05 used in step.
tristandeleu_pytorch-maml-rl.maml_rl.envs.mujoco,ant,AntPosEnv,Magic number,step,194,/Volumes/BrokeExt/NICHE/tristandeleu_pytorch-maml-rl/maml_rl/envs/mujoco/ant.py,Magic number 4.0 used in step.
tristandeleu_pytorch-maml-rl.maml_rl.envs.mujoco,ant,AntPosEnv,Magic number,step,192,/Volumes/BrokeExt/NICHE/tristandeleu_pytorch-maml-rl/maml_rl/envs/mujoco/ant.py,Magic number 2 used in step.
tristandeleu_pytorch-maml-rl.maml_rl.envs.mujoco,ant,AntPosEnv,Magic number,step,197,/Volumes/BrokeExt/NICHE/tristandeleu_pytorch-maml-rl/maml_rl/envs/mujoco/ant.py,Magic number 0.5 used in step.
tristandeleu_pytorch-maml-rl.maml_rl.envs.mujoco,ant,AntPosEnv,Magic number,step,197,/Volumes/BrokeExt/NICHE/tristandeleu_pytorch-maml-rl/maml_rl/envs/mujoco/ant.py,Magic number 0.01 used in step.
tristandeleu_pytorch-maml-rl.maml_rl.envs.mujoco,ant,AntPosEnv,Magic number,step,198,/Volumes/BrokeExt/NICHE/tristandeleu_pytorch-maml-rl/maml_rl/envs/mujoco/ant.py,Magic number 0.5 used in step.
tristandeleu_pytorch-maml-rl.maml_rl.envs.mujoco,ant,AntPosEnv,Magic number,step,198,/Volumes/BrokeExt/NICHE/tristandeleu_pytorch-maml-rl/maml_rl/envs/mujoco/ant.py,Magic number 0.001 used in step.
tristandeleu_pytorch-maml-rl.maml_rl.envs.mujoco,ant,AntPosEnv,Magic number,step,205,/Volumes/BrokeExt/NICHE/tristandeleu_pytorch-maml-rl/maml_rl/envs/mujoco/ant.py,Magic number 0.2 used in step.
tristandeleu_pytorch-maml-rl.maml_rl.envs.mujoco,ant,AntPosEnv,Magic number,step,205,/Volumes/BrokeExt/NICHE/tristandeleu_pytorch-maml-rl/maml_rl/envs/mujoco/ant.py,Magic number 2 used in step.
tristandeleu_pytorch-maml-rl.maml_rl.envs.mujoco,ant,AntPosEnv,Magic number,step,205,/Volumes/BrokeExt/NICHE/tristandeleu_pytorch-maml-rl/maml_rl/envs/mujoco/ant.py,Magic number 2 used in step.
tristandeleu_pytorch-maml-rl.maml_rl.envs.mujoco,half_cheetah,HalfCheetahEnv,Long statement,_get_obs,8,/Volumes/BrokeExt/NICHE/tristandeleu_pytorch-maml-rl/maml_rl/envs/mujoco/half_cheetah.py,A line with 139 chars in _get_obs exceeds the maximum length of 120 characters.
tristandeleu_pytorch-maml-rl.maml_rl.envs.mujoco,half_cheetah,HalfCheetahEnv,Magic number,viewer_setup,16,/Volumes/BrokeExt/NICHE/tristandeleu_pytorch-maml-rl/maml_rl/envs/mujoco/half_cheetah.py,Magic number 2 used in viewer_setup.
tristandeleu_pytorch-maml-rl.maml_rl.envs.mujoco,half_cheetah,HalfCheetahEnv,Magic number,viewer_setup,18,/Volumes/BrokeExt/NICHE/tristandeleu_pytorch-maml-rl/maml_rl/envs/mujoco/half_cheetah.py,Magic number 0.35 used in viewer_setup.
tristandeleu_pytorch-maml-rl.maml_rl.envs.mujoco,half_cheetah,HalfCheetahEnv,Magic number,render,26,/Volumes/BrokeExt/NICHE/tristandeleu_pytorch-maml-rl/maml_rl/envs/mujoco/half_cheetah.py,Magic number 500 used in render.
tristandeleu_pytorch-maml-rl.maml_rl.envs.mujoco,half_cheetah,HalfCheetahEnv,Magic number,render,26,/Volumes/BrokeExt/NICHE/tristandeleu_pytorch-maml-rl/maml_rl/envs/mujoco/half_cheetah.py,Magic number 500 used in render.
tristandeleu_pytorch-maml-rl.maml_rl.envs.mujoco,half_cheetah,HalfCheetahVelEnv,Magic number,__init__,51,/Volumes/BrokeExt/NICHE/tristandeleu_pytorch-maml-rl/maml_rl/envs/mujoco/half_cheetah.py,Magic number 2.0 used in __init__.
tristandeleu_pytorch-maml-rl.maml_rl.envs.mujoco,half_cheetah,HalfCheetahVelEnv,Magic number,step,66,/Volumes/BrokeExt/NICHE/tristandeleu_pytorch-maml-rl/maml_rl/envs/mujoco/half_cheetah.py,Magic number 0.5 used in step.
tristandeleu_pytorch-maml-rl.maml_rl.envs.mujoco,half_cheetah,HalfCheetahVelEnv,Magic number,step,66,/Volumes/BrokeExt/NICHE/tristandeleu_pytorch-maml-rl/maml_rl/envs/mujoco/half_cheetah.py,Magic number 0.1 used in step.
tristandeleu_pytorch-maml-rl.maml_rl.envs.mujoco,half_cheetah,HalfCheetahDirEnv,Magic number,step,116,/Volumes/BrokeExt/NICHE/tristandeleu_pytorch-maml-rl/maml_rl/envs/mujoco/half_cheetah.py,Magic number 0.5 used in step.
tristandeleu_pytorch-maml-rl.maml_rl.envs.mujoco,half_cheetah,HalfCheetahDirEnv,Magic number,step,116,/Volumes/BrokeExt/NICHE/tristandeleu_pytorch-maml-rl/maml_rl/envs/mujoco/half_cheetah.py,Magic number 0.1 used in step.
tristandeleu_pytorch-maml-rl.maml_rl.envs.mujoco,half_cheetah,HalfCheetahDirEnv,Magic number,sample_tasks,127,/Volumes/BrokeExt/NICHE/tristandeleu_pytorch-maml-rl/maml_rl/envs/mujoco/half_cheetah.py,Magic number 2 used in sample_tasks.
tristandeleu_pytorch-maml-rl.maml_rl.envs.utils,normalized_env,NormalizedActionWrapper,Magic number,action,28,/Volumes/BrokeExt/NICHE/tristandeleu_pytorch-maml-rl/maml_rl/envs/utils/normalized_env.py,Magic number 2 used in action.
tristandeleu_pytorch-maml-rl.maml_rl.envs.utils,normalized_env,NormalizedActionWrapper,Magic number,reverse_action,37,/Volumes/BrokeExt/NICHE/tristandeleu_pytorch-maml-rl/maml_rl/envs/utils/normalized_env.py,Magic number 2 used in reverse_action.
tristandeleu_pytorch-maml-rl.maml_rl.envs.utils,normalized_env,NormalizedObservationWrapper,Magic number,__init__,53,/Volumes/BrokeExt/NICHE/tristandeleu_pytorch-maml-rl/maml_rl/envs/utils/normalized_env.py,Magic number 0.001 used in __init__.
tristandeleu_pytorch-maml-rl.maml_rl.envs.utils,normalized_env,NormalizedObservationWrapper,Magic number,__init__,53,/Volumes/BrokeExt/NICHE/tristandeleu_pytorch-maml-rl/maml_rl/envs/utils/normalized_env.py,Magic number 1e-08 used in __init__.
tristandeleu_pytorch-maml-rl.maml_rl.envs.utils,normalized_env,NormalizedRewardWrapper,Magic number,__init__,78,/Volumes/BrokeExt/NICHE/tristandeleu_pytorch-maml-rl/maml_rl/envs/utils/normalized_env.py,Magic number 0.001 used in __init__.
tristandeleu_pytorch-maml-rl.maml_rl.envs.utils,normalized_env,NormalizedRewardWrapper,Magic number,__init__,78,/Volumes/BrokeExt/NICHE/tristandeleu_pytorch-maml-rl/maml_rl/envs/utils/normalized_env.py,Magic number 1e-08 used in __init__.
tristandeleu_pytorch-maml-rl.maml_rl.envs.utils,sync_vector_env,SyncVectorEnv,Long statement,__init__,19,/Volumes/BrokeExt/NICHE/tristandeleu_pytorch-maml-rl/maml_rl/envs/utils/sync_vector_env.py,A line with 134 chars in __init__ exceeds the maximum length of 120 characters.
tristandeleu_pytorch-maml-rl.maml_rl.metalearners,maml_trpo,MAMLTRPO,Long method,step,113 - 177,/Volumes/BrokeExt/NICHE/tristandeleu_pytorch-maml-rl/maml_rl/metalearners/maml_trpo.py,Method 'step' is too long (44 lines).
tristandeleu_pytorch-maml-rl.maml_rl.metalearners,maml_trpo,MAMLTRPO,Long parameter list,step,113 - 177,/Volumes/BrokeExt/NICHE/tristandeleu_pytorch-maml-rl/maml_rl/metalearners/maml_trpo.py,"step has 7 parameters, exceeding the max of 5."
tristandeleu_pytorch-maml-rl.maml_rl.metalearners,maml_trpo,MAMLTRPO,Long statement,step,125,/Volumes/BrokeExt/NICHE/tristandeleu_pytorch-maml-rl/maml_rl/metalearners/maml_trpo.py,A line with 163 chars in step exceeds the maximum length of 120 characters.
tristandeleu_pytorch-maml-rl.maml_rl.metalearners,maml_trpo,MAMLTRPO,Long statement,step,162,/Volumes/BrokeExt/NICHE/tristandeleu_pytorch-maml-rl/maml_rl/metalearners/maml_trpo.py,A line with 168 chars in step exceeds the maximum length of 120 characters.
tristandeleu_pytorch-maml-rl.maml_rl.metalearners,maml_trpo,MAMLTRPO,Magic number,__init__,52,/Volumes/BrokeExt/NICHE/tristandeleu_pytorch-maml-rl/maml_rl/metalearners/maml_trpo.py,Magic number 0.5 used in __init__.
tristandeleu_pytorch-maml-rl.maml_rl.metalearners,maml_trpo,MAMLTRPO,Magic number,hessian_vector_product,74,/Volumes/BrokeExt/NICHE/tristandeleu_pytorch-maml-rl/maml_rl/metalearners/maml_trpo.py,Magic number 0.01 used in hessian_vector_product.
tristandeleu_pytorch-maml-rl.maml_rl.metalearners,maml_trpo,MAMLTRPO,Magic number,step,116,/Volumes/BrokeExt/NICHE/tristandeleu_pytorch-maml-rl/maml_rl/metalearners/maml_trpo.py,Magic number 0.001 used in step.
tristandeleu_pytorch-maml-rl.maml_rl.metalearners,maml_trpo,MAMLTRPO,Magic number,step,117,/Volumes/BrokeExt/NICHE/tristandeleu_pytorch-maml-rl/maml_rl/metalearners/maml_trpo.py,Magic number 10 used in step.
tristandeleu_pytorch-maml-rl.maml_rl.metalearners,maml_trpo,MAMLTRPO,Magic number,step,118,/Volumes/BrokeExt/NICHE/tristandeleu_pytorch-maml-rl/maml_rl/metalearners/maml_trpo.py,Magic number 0.01 used in step.
tristandeleu_pytorch-maml-rl.maml_rl.metalearners,maml_trpo,MAMLTRPO,Magic number,step,119,/Volumes/BrokeExt/NICHE/tristandeleu_pytorch-maml-rl/maml_rl/metalearners/maml_trpo.py,Magic number 10 used in step.
tristandeleu_pytorch-maml-rl.maml_rl.metalearners,maml_trpo,MAMLTRPO,Magic number,step,120,/Volumes/BrokeExt/NICHE/tristandeleu_pytorch-maml-rl/maml_rl/metalearners/maml_trpo.py,Magic number 0.5 used in step.
tristandeleu_pytorch-maml-rl.maml_rl.metalearners,maml_trpo,MAMLTRPO,Magic number,step,147,/Volumes/BrokeExt/NICHE/tristandeleu_pytorch-maml-rl/maml_rl/metalearners/maml_trpo.py,Magic number 0.5 used in step.
tristandeleu_pytorch-maml-rl.maml_rl.policies,categorical_mlp,CategoricalMLPPolicy,Long statement,forward,44,/Volumes/BrokeExt/NICHE/tristandeleu_pytorch-maml-rl/maml_rl/policies/categorical_mlp.py,A line with 137 chars in forward exceeds the maximum length of 120 characters.
tristandeleu_pytorch-maml-rl.maml_rl.policies,normal_mlp,NormalMLPPolicy,Long parameter list,__init__,17 - 40,/Volumes/BrokeExt/NICHE/tristandeleu_pytorch-maml-rl/maml_rl/policies/normal_mlp.py,"__init__ has 6 parameters, exceeding the max of 5."
tristandeleu_pytorch-maml-rl.maml_rl.policies,normal_mlp,NormalMLPPolicy,Magic number,__init__,23,/Volumes/BrokeExt/NICHE/tristandeleu_pytorch-maml-rl/maml_rl/policies/normal_mlp.py,Magic number 1e-06 used in __init__.
tristandeleu_pytorch-maml-rl.maml_rl.policies,policy,Policy,Long statement,update_params,22,/Volumes/BrokeExt/NICHE/tristandeleu_pytorch-maml-rl/maml_rl/policies/policy.py,A line with 181 chars in update_params exceeds the maximum length of 120 characters.
tristandeleu_pytorch-maml-rl.maml_rl.policies,policy,Policy,Magic number,update_params,21,/Volumes/BrokeExt/NICHE/tristandeleu_pytorch-maml-rl/maml_rl/policies/policy.py,Magic number 0.5 used in update_params.
tristandeleu_pytorch-maml-rl.maml_rl.samplers,multi_task_sampler,MultiTaskSampler,Long parameter list,__init__,67 - 112,/Volumes/BrokeExt/NICHE/tristandeleu_pytorch-maml-rl/maml_rl/samplers/multi_task_sampler.py,"__init__ has 8 parameters, exceeding the max of 5."
tristandeleu_pytorch-maml-rl.maml_rl.samplers,multi_task_sampler,SamplerWorker,Long parameter list,__init__,213 - 242,/Volumes/BrokeExt/NICHE/tristandeleu_pytorch-maml-rl/maml_rl/samplers/multi_task_sampler.py,"__init__ has 13 parameters, exceeding the max of 5."
tristandeleu_pytorch-maml-rl.maml_rl.samplers,multi_task_sampler,SamplerWorker,Long parameter list,sample,244 - 283,/Volumes/BrokeExt/NICHE/tristandeleu_pytorch-maml-rl/maml_rl/samplers/multi_task_sampler.py,"sample has 6 parameters, exceeding the max of 5."
tristandeleu_pytorch-maml-rl.maml_rl.samplers,multi_task_sampler,MultiTaskSampler,Long statement,__init__,90,/Volumes/BrokeExt/NICHE/tristandeleu_pytorch-maml-rl/maml_rl/samplers/multi_task_sampler.py,A line with 282 chars in __init__ exceeds the maximum length of 120 characters.
tristandeleu_pytorch-maml-rl.maml_rl.samplers,multi_task_sampler,MultiTaskSampler,Long statement,sample_async,119,/Volumes/BrokeExt/NICHE/tristandeleu_pytorch-maml-rl/maml_rl/samplers/multi_task_sampler.py,A line with 171 chars in sample_async exceeds the maximum length of 120 characters.
tristandeleu_pytorch-maml-rl.maml_rl.samplers,multi_task_sampler,MultiTaskSampler,Long statement,_start_consumer_threads,170,/Volumes/BrokeExt/NICHE/tristandeleu_pytorch-maml-rl/maml_rl/samplers/multi_task_sampler.py,A line with 187 chars in _start_consumer_threads exceeds the maximum length of 120 characters.
tristandeleu_pytorch-maml-rl.maml_rl.samplers,multi_task_sampler,MultiTaskSampler,Long statement,_start_consumer_threads,179,/Volumes/BrokeExt/NICHE/tristandeleu_pytorch-maml-rl/maml_rl/samplers/multi_task_sampler.py,A line with 187 chars in _start_consumer_threads exceeds the maximum length of 120 characters.
tristandeleu_pytorch-maml-rl.maml_rl.samplers,multi_task_sampler,SamplerWorker,Magic number,sample,247,/Volumes/BrokeExt/NICHE/tristandeleu_pytorch-maml-rl/maml_rl/samplers/multi_task_sampler.py,Magic number 0.5 used in sample.
tristandeleu_pytorch-maml-rl.maml_rl.samplers,multi_task_sampler,SamplerWorker,Magic number,sample,248,/Volumes/BrokeExt/NICHE/tristandeleu_pytorch-maml-rl/maml_rl/samplers/multi_task_sampler.py,Magic number 0.95 used in sample.
tristandeleu_pytorch-maml-rl.maml_rl.samplers,multi_task_sampler,SamplerWorker,Magic number,create_episodes,287,/Volumes/BrokeExt/NICHE/tristandeleu_pytorch-maml-rl/maml_rl/samplers/multi_task_sampler.py,Magic number 0.95 used in create_episodes.
tristandeleu_pytorch-maml-rl.maml_rl.samplers,sampler,Sampler,Long parameter list,__init__,12 - 31,/Volumes/BrokeExt/NICHE/tristandeleu_pytorch-maml-rl/maml_rl/samplers/sampler.py,"__init__ has 6 parameters, exceeding the max of 5."
tristandeleu_pytorch-maml-rl.maml_rl.tests,test_episode,,Magic number,test_batch_episodes,15,/Volumes/BrokeExt/NICHE/tristandeleu_pytorch-maml-rl/maml_rl/tests/test_episode.py,Magic number 0.95 used in test_batch_episodes.
tristandeleu_pytorch-maml-rl.maml_rl.tests,test_episode,,Magic number,test_batch_episodes_append,19,/Volumes/BrokeExt/NICHE/tristandeleu_pytorch-maml-rl/maml_rl/tests/test_episode.py,Magic number 2 used in test_batch_episodes_append.
tristandeleu_pytorch-maml-rl.maml_rl.tests,test_episode,,Magic number,test_batch_episodes_append,19,/Volumes/BrokeExt/NICHE/tristandeleu_pytorch-maml-rl/maml_rl/tests/test_episode.py,Magic number 3 used in test_batch_episodes_append.
tristandeleu_pytorch-maml-rl.maml_rl.tests,test_episode,,Magic number,test_batch_episodes_append,19,/Volumes/BrokeExt/NICHE/tristandeleu_pytorch-maml-rl/maml_rl/tests/test_episode.py,Magic number 7 used in test_batch_episodes_append.
tristandeleu_pytorch-maml-rl.maml_rl.tests,test_episode,,Magic number,test_batch_episodes_append,19,/Volumes/BrokeExt/NICHE/tristandeleu_pytorch-maml-rl/maml_rl/tests/test_episode.py,Magic number 5 used in test_batch_episodes_append.
tristandeleu_pytorch-maml-rl.maml_rl.tests,test_episode,,Magic number,test_batch_episodes_append,19,/Volumes/BrokeExt/NICHE/tristandeleu_pytorch-maml-rl/maml_rl/tests/test_episode.py,Magic number 13 used in test_batch_episodes_append.
tristandeleu_pytorch-maml-rl.maml_rl.tests,test_episode,,Magic number,test_batch_episodes_append,19,/Volumes/BrokeExt/NICHE/tristandeleu_pytorch-maml-rl/maml_rl/tests/test_episode.py,Magic number 11 used in test_batch_episodes_append.
tristandeleu_pytorch-maml-rl.maml_rl.tests,test_episode,,Magic number,test_batch_episodes_append,19,/Volumes/BrokeExt/NICHE/tristandeleu_pytorch-maml-rl/maml_rl/tests/test_episode.py,Magic number 17 used in test_batch_episodes_append.
tristandeleu_pytorch-maml-rl.maml_rl.tests,test_episode,,Magic number,test_batch_episodes_append,30,/Volumes/BrokeExt/NICHE/tristandeleu_pytorch-maml-rl/maml_rl/tests/test_episode.py,Magic number 17 used in test_batch_episodes_append.
tristandeleu_pytorch-maml-rl.maml_rl.tests,test_episode,,Magic number,test_batch_episodes_append,34,/Volumes/BrokeExt/NICHE/tristandeleu_pytorch-maml-rl/maml_rl/tests/test_episode.py,Magic number 17 used in test_batch_episodes_append.
tristandeleu_pytorch-maml-rl.maml_rl.tests,test_episode,,Magic number,test_batch_episodes_append,34,/Volumes/BrokeExt/NICHE/tristandeleu_pytorch-maml-rl/maml_rl/tests/test_episode.py,Magic number 7 used in test_batch_episodes_append.
tristandeleu_pytorch-maml-rl.maml_rl.tests,test_episode,,Magic number,test_batch_episodes_append,34,/Volumes/BrokeExt/NICHE/tristandeleu_pytorch-maml-rl/maml_rl/tests/test_episode.py,Magic number 64 used in test_batch_episodes_append.
tristandeleu_pytorch-maml-rl.maml_rl.tests,test_episode,,Magic number,test_batch_episodes_append,34,/Volumes/BrokeExt/NICHE/tristandeleu_pytorch-maml-rl/maml_rl/tests/test_episode.py,Magic number 64 used in test_batch_episodes_append.
tristandeleu_pytorch-maml-rl.maml_rl.tests,test_episode,,Magic number,test_batch_episodes_append,34,/Volumes/BrokeExt/NICHE/tristandeleu_pytorch-maml-rl/maml_rl/tests/test_episode.py,Magic number 3 used in test_batch_episodes_append.
tristandeleu_pytorch-maml-rl.maml_rl.tests,test_episode,,Magic number,test_batch_episodes_append,41,/Volumes/BrokeExt/NICHE/tristandeleu_pytorch-maml-rl/maml_rl/tests/test_episode.py,Magic number 17 used in test_batch_episodes_append.
tristandeleu_pytorch-maml-rl.maml_rl.tests,test_episode,,Magic number,test_batch_episodes_append,41,/Volumes/BrokeExt/NICHE/tristandeleu_pytorch-maml-rl/maml_rl/tests/test_episode.py,Magic number 7 used in test_batch_episodes_append.
tristandeleu_pytorch-maml-rl.maml_rl.tests,test_episode,,Magic number,test_batch_episodes_append,41,/Volumes/BrokeExt/NICHE/tristandeleu_pytorch-maml-rl/maml_rl/tests/test_episode.py,Magic number 2 used in test_batch_episodes_append.
tristandeleu_pytorch-maml-rl.maml_rl.tests,test_episode,,Magic number,test_batch_episodes_append,48,/Volumes/BrokeExt/NICHE/tristandeleu_pytorch-maml-rl/maml_rl/tests/test_episode.py,Magic number 17 used in test_batch_episodes_append.
tristandeleu_pytorch-maml-rl.maml_rl.tests,test_episode,,Magic number,test_batch_episodes_append,48,/Volumes/BrokeExt/NICHE/tristandeleu_pytorch-maml-rl/maml_rl/tests/test_episode.py,Magic number 7 used in test_batch_episodes_append.
tristandeleu_pytorch-maml-rl.maml_rl.tests.samplers,test_multi_task_sampler,,Magic number,test_init,16,/Volumes/BrokeExt/NICHE/tristandeleu_pytorch-maml-rl/maml_rl/tests/samplers/test_multi_task_sampler.py,Magic number 10 used in test_init.
tristandeleu_pytorch-maml-rl.maml_rl.tests.utils,test_torch_utils,,Long identifier,test_weighted_mean_multi_dimensional,35,/Volumes/BrokeExt/NICHE/tristandeleu_pytorch-maml-rl/maml_rl/tests/utils/test_torch_utils.py,Identifier'test_weighted_mean_multi_dimensional' exceeds the maximum length of 30 characters.
tristandeleu_pytorch-maml-rl.maml_rl.tests.utils,test_torch_utils,,Long identifier,test_vector_to_parameters_no_shared_memory,86,/Volumes/BrokeExt/NICHE/tristandeleu_pytorch-maml-rl/maml_rl/tests/utils/test_torch_utils.py,Identifier'test_vector_to_parameters_no_shared_memory' exceeds the maximum length of 30 characters.
tristandeleu_pytorch-maml-rl.maml_rl.tests.utils,test_torch_utils,,Long identifier,test_vector_to_parameters_shared_memory,105,/Volumes/BrokeExt/NICHE/tristandeleu_pytorch-maml-rl/maml_rl/tests/utils/test_torch_utils.py,Identifier'test_vector_to_parameters_shared_memory' exceeds the maximum length of 30 characters.
tristandeleu_pytorch-maml-rl.maml_rl.tests.utils,test_torch_utils,,Magic number,test_weighted_mean,12,/Volumes/BrokeExt/NICHE/tristandeleu_pytorch-maml-rl/maml_rl/tests/utils/test_torch_utils.py,Magic number 2 used in test_weighted_mean.
tristandeleu_pytorch-maml-rl.maml_rl.tests.utils,test_torch_utils,,Magic number,test_weighted_mean,12,/Volumes/BrokeExt/NICHE/tristandeleu_pytorch-maml-rl/maml_rl/tests/utils/test_torch_utils.py,Magic number 3 used in test_weighted_mean.
tristandeleu_pytorch-maml-rl.maml_rl.tests.utils,test_torch_utils,,Magic number,test_weighted_mean,12,/Volumes/BrokeExt/NICHE/tristandeleu_pytorch-maml-rl/maml_rl/tests/utils/test_torch_utils.py,Magic number 7 used in test_weighted_mean.
tristandeleu_pytorch-maml-rl.maml_rl.tests.utils,test_torch_utils,,Magic number,test_weighted_mean,12,/Volumes/BrokeExt/NICHE/tristandeleu_pytorch-maml-rl/maml_rl/tests/utils/test_torch_utils.py,Magic number 5 used in test_weighted_mean.
tristandeleu_pytorch-maml-rl.maml_rl.tests.utils,test_torch_utils,,Magic number,test_weighted_mean,12,/Volumes/BrokeExt/NICHE/tristandeleu_pytorch-maml-rl/maml_rl/tests/utils/test_torch_utils.py,Magic number 11 used in test_weighted_mean.
tristandeleu_pytorch-maml-rl.maml_rl.tests.utils,test_torch_utils,,Magic number,test_weighted_mean,31,/Volumes/BrokeExt/NICHE/tristandeleu_pytorch-maml-rl/maml_rl/tests/utils/test_torch_utils.py,Magic number 5 used in test_weighted_mean.
tristandeleu_pytorch-maml-rl.maml_rl.tests.utils,test_torch_utils,,Magic number,test_weighted_mean_multi_dimensional,36,/Volumes/BrokeExt/NICHE/tristandeleu_pytorch-maml-rl/maml_rl/tests/utils/test_torch_utils.py,Magic number 2 used in test_weighted_mean_multi_dimensional.
tristandeleu_pytorch-maml-rl.maml_rl.tests.utils,test_torch_utils,,Magic number,test_weighted_mean_multi_dimensional,36,/Volumes/BrokeExt/NICHE/tristandeleu_pytorch-maml-rl/maml_rl/tests/utils/test_torch_utils.py,Magic number 3 used in test_weighted_mean_multi_dimensional.
tristandeleu_pytorch-maml-rl.maml_rl.tests.utils,test_torch_utils,,Magic number,test_weighted_mean_multi_dimensional,36,/Volumes/BrokeExt/NICHE/tristandeleu_pytorch-maml-rl/maml_rl/tests/utils/test_torch_utils.py,Magic number 7 used in test_weighted_mean_multi_dimensional.
tristandeleu_pytorch-maml-rl.maml_rl.tests.utils,test_torch_utils,,Magic number,test_weighted_mean_multi_dimensional,36,/Volumes/BrokeExt/NICHE/tristandeleu_pytorch-maml-rl/maml_rl/tests/utils/test_torch_utils.py,Magic number 5 used in test_weighted_mean_multi_dimensional.
tristandeleu_pytorch-maml-rl.maml_rl.tests.utils,test_torch_utils,,Magic number,test_weighted_mean_multi_dimensional,36,/Volumes/BrokeExt/NICHE/tristandeleu_pytorch-maml-rl/maml_rl/tests/utils/test_torch_utils.py,Magic number 11 used in test_weighted_mean_multi_dimensional.
tristandeleu_pytorch-maml-rl.maml_rl.tests.utils,test_torch_utils,,Magic number,test_weighted_mean_multi_dimensional,54,/Volumes/BrokeExt/NICHE/tristandeleu_pytorch-maml-rl/maml_rl/tests/utils/test_torch_utils.py,Magic number 3 used in test_weighted_mean_multi_dimensional.
tristandeleu_pytorch-maml-rl.maml_rl.tests.utils,test_torch_utils,,Magic number,test_weighted_mean_multi_dimensional,55,/Volumes/BrokeExt/NICHE/tristandeleu_pytorch-maml-rl/maml_rl/tests/utils/test_torch_utils.py,Magic number 5 used in test_weighted_mean_multi_dimensional.
tristandeleu_pytorch-maml-rl.maml_rl.tests.utils,test_torch_utils,,Magic number,test_weighted_mean_multi_dimensional,55,/Volumes/BrokeExt/NICHE/tristandeleu_pytorch-maml-rl/maml_rl/tests/utils/test_torch_utils.py,Magic number 17 used in test_weighted_mean_multi_dimensional.
tristandeleu_pytorch-maml-rl.maml_rl.tests.utils,test_torch_utils,,Magic number,test_weighted_mean_multi_dimensional,55,/Volumes/BrokeExt/NICHE/tristandeleu_pytorch-maml-rl/maml_rl/tests/utils/test_torch_utils.py,Magic number 19 used in test_weighted_mean_multi_dimensional.
tristandeleu_pytorch-maml-rl.maml_rl.tests.utils,test_torch_utils,,Magic number,test_weighted_mean_side_effect,60,/Volumes/BrokeExt/NICHE/tristandeleu_pytorch-maml-rl/maml_rl/tests/utils/test_torch_utils.py,Magic number 2 used in test_weighted_mean_side_effect.
tristandeleu_pytorch-maml-rl.maml_rl.tests.utils,test_torch_utils,,Magic number,test_weighted_mean_side_effect,60,/Volumes/BrokeExt/NICHE/tristandeleu_pytorch-maml-rl/maml_rl/tests/utils/test_torch_utils.py,Magic number 3 used in test_weighted_mean_side_effect.
tristandeleu_pytorch-maml-rl.maml_rl.tests.utils,test_torch_utils,,Magic number,test_weighted_mean_side_effect,60,/Volumes/BrokeExt/NICHE/tristandeleu_pytorch-maml-rl/maml_rl/tests/utils/test_torch_utils.py,Magic number 7 used in test_weighted_mean_side_effect.
tristandeleu_pytorch-maml-rl.maml_rl.tests.utils,test_torch_utils,,Magic number,test_weighted_mean_side_effect,60,/Volumes/BrokeExt/NICHE/tristandeleu_pytorch-maml-rl/maml_rl/tests/utils/test_torch_utils.py,Magic number 5 used in test_weighted_mean_side_effect.
tristandeleu_pytorch-maml-rl.maml_rl.tests.utils,test_torch_utils,,Magic number,test_weighted_mean_side_effect,60,/Volumes/BrokeExt/NICHE/tristandeleu_pytorch-maml-rl/maml_rl/tests/utils/test_torch_utils.py,Magic number 11 used in test_weighted_mean_side_effect.
tristandeleu_pytorch-maml-rl.maml_rl.tests.utils,test_torch_utils,,Magic number,test_weighted_normalize,74,/Volumes/BrokeExt/NICHE/tristandeleu_pytorch-maml-rl/maml_rl/tests/utils/test_torch_utils.py,Magic number 2 used in test_weighted_normalize.
tristandeleu_pytorch-maml-rl.maml_rl.tests.utils,test_torch_utils,,Magic number,test_weighted_normalize,74,/Volumes/BrokeExt/NICHE/tristandeleu_pytorch-maml-rl/maml_rl/tests/utils/test_torch_utils.py,Magic number 3 used in test_weighted_normalize.
tristandeleu_pytorch-maml-rl.maml_rl.tests.utils,test_torch_utils,,Magic number,test_weighted_normalize,74,/Volumes/BrokeExt/NICHE/tristandeleu_pytorch-maml-rl/maml_rl/tests/utils/test_torch_utils.py,Magic number 7 used in test_weighted_normalize.
tristandeleu_pytorch-maml-rl.maml_rl.tests.utils,test_torch_utils,,Magic number,test_weighted_normalize,74,/Volumes/BrokeExt/NICHE/tristandeleu_pytorch-maml-rl/maml_rl/tests/utils/test_torch_utils.py,Magic number 5 used in test_weighted_normalize.
tristandeleu_pytorch-maml-rl.maml_rl.tests.utils,test_torch_utils,,Magic number,test_weighted_normalize,74,/Volumes/BrokeExt/NICHE/tristandeleu_pytorch-maml-rl/maml_rl/tests/utils/test_torch_utils.py,Magic number 11 used in test_weighted_normalize.
tristandeleu_pytorch-maml-rl.maml_rl.tests.utils,test_torch_utils,,Magic number,test_vector_to_parameters_no_shared_memory,90,/Volumes/BrokeExt/NICHE/tristandeleu_pytorch-maml-rl/maml_rl/tests/utils/test_torch_utils.py,Magic number 5 used in test_vector_to_parameters_no_shared_memory.
tristandeleu_pytorch-maml-rl.maml_rl.tests.utils,test_torch_utils,,Magic number,test_vector_to_parameters_no_shared_memory,90,/Volumes/BrokeExt/NICHE/tristandeleu_pytorch-maml-rl/maml_rl/tests/utils/test_torch_utils.py,Magic number 3 used in test_vector_to_parameters_no_shared_memory.
tristandeleu_pytorch-maml-rl.maml_rl.tests.utils,test_torch_utils,,Magic number,test_vector_to_parameters_no_shared_memory,90,/Volumes/BrokeExt/NICHE/tristandeleu_pytorch-maml-rl/maml_rl/tests/utils/test_torch_utils.py,Magic number 3 used in test_vector_to_parameters_no_shared_memory.
tristandeleu_pytorch-maml-rl.maml_rl.tests.utils,test_torch_utils,,Magic number,test_vector_to_parameters_no_shared_memory,90,/Volumes/BrokeExt/NICHE/tristandeleu_pytorch-maml-rl/maml_rl/tests/utils/test_torch_utils.py,Magic number 5 used in test_vector_to_parameters_no_shared_memory.
tristandeleu_pytorch-maml-rl.maml_rl.tests.utils,test_torch_utils,,Magic number,test_vector_to_parameters_no_shared_memory,90,/Volumes/BrokeExt/NICHE/tristandeleu_pytorch-maml-rl/maml_rl/tests/utils/test_torch_utils.py,Magic number 2 used in test_vector_to_parameters_no_shared_memory.
tristandeleu_pytorch-maml-rl.maml_rl.tests.utils,test_torch_utils,,Magic number,test_vector_to_parameters_no_shared_memory,90,/Volumes/BrokeExt/NICHE/tristandeleu_pytorch-maml-rl/maml_rl/tests/utils/test_torch_utils.py,Magic number 3 used in test_vector_to_parameters_no_shared_memory.
tristandeleu_pytorch-maml-rl.maml_rl.tests.utils,test_torch_utils,,Magic number,test_vector_to_parameters_shared_memory,114,/Volumes/BrokeExt/NICHE/tristandeleu_pytorch-maml-rl/maml_rl/tests/utils/test_torch_utils.py,Magic number 5 used in test_vector_to_parameters_shared_memory.
tristandeleu_pytorch-maml-rl.maml_rl.tests.utils,test_torch_utils,,Magic number,test_vector_to_parameters_shared_memory,114,/Volumes/BrokeExt/NICHE/tristandeleu_pytorch-maml-rl/maml_rl/tests/utils/test_torch_utils.py,Magic number 3 used in test_vector_to_parameters_shared_memory.
tristandeleu_pytorch-maml-rl.maml_rl.tests.utils,test_torch_utils,,Magic number,test_vector_to_parameters_shared_memory,114,/Volumes/BrokeExt/NICHE/tristandeleu_pytorch-maml-rl/maml_rl/tests/utils/test_torch_utils.py,Magic number 3 used in test_vector_to_parameters_shared_memory.
tristandeleu_pytorch-maml-rl.maml_rl.tests.utils,test_torch_utils,,Magic number,test_vector_to_parameters_shared_memory,114,/Volumes/BrokeExt/NICHE/tristandeleu_pytorch-maml-rl/maml_rl/tests/utils/test_torch_utils.py,Magic number 5 used in test_vector_to_parameters_shared_memory.
tristandeleu_pytorch-maml-rl.maml_rl.tests.utils,test_torch_utils,,Magic number,test_vector_to_parameters_shared_memory,114,/Volumes/BrokeExt/NICHE/tristandeleu_pytorch-maml-rl/maml_rl/tests/utils/test_torch_utils.py,Magic number 2 used in test_vector_to_parameters_shared_memory.
tristandeleu_pytorch-maml-rl.maml_rl.tests.utils,test_torch_utils,,Magic number,test_vector_to_parameters_shared_memory,114,/Volumes/BrokeExt/NICHE/tristandeleu_pytorch-maml-rl/maml_rl/tests/utils/test_torch_utils.py,Magic number 3 used in test_vector_to_parameters_shared_memory.
tristandeleu_pytorch-maml-rl.maml_rl.utils,helpers,,Magic number,get_policy_for_env,10,/Volumes/BrokeExt/NICHE/tristandeleu_pytorch-maml-rl/maml_rl/utils/helpers.py,Magic number 100 used in get_policy_for_env.
tristandeleu_pytorch-maml-rl.maml_rl.utils,helpers,,Magic number,get_policy_for_env,10,/Volumes/BrokeExt/NICHE/tristandeleu_pytorch-maml-rl/maml_rl/utils/helpers.py,Magic number 100 used in get_policy_for_env.
tristandeleu_pytorch-maml-rl.maml_rl.utils,optimization,,Magic number,conjugate_gradient,3,/Volumes/BrokeExt/NICHE/tristandeleu_pytorch-maml-rl/maml_rl/utils/optimization.py,Magic number 10 used in conjugate_gradient.
tristandeleu_pytorch-maml-rl.maml_rl.utils,optimization,,Magic number,conjugate_gradient,3,/Volumes/BrokeExt/NICHE/tristandeleu_pytorch-maml-rl/maml_rl/utils/optimization.py,Magic number 1e-10 used in conjugate_gradient.
tristandeleu_pytorch-maml-rl.maml_rl.utils,reinforcement_learning,,Magic number,value_iteration,5,/Volumes/BrokeExt/NICHE/tristandeleu_pytorch-maml-rl/maml_rl/utils/reinforcement_learning.py,Magic number 0.95 used in value_iteration.
tristandeleu_pytorch-maml-rl.maml_rl.utils,reinforcement_learning,,Magic number,value_iteration,5,/Volumes/BrokeExt/NICHE/tristandeleu_pytorch-maml-rl/maml_rl/utils/reinforcement_learning.py,Magic number 1e-05 used in value_iteration.
tristandeleu_pytorch-maml-rl.maml_rl.utils,reinforcement_learning,,Magic number,value_iteration_finite_horizon,17,/Volumes/BrokeExt/NICHE/tristandeleu_pytorch-maml-rl/maml_rl/utils/reinforcement_learning.py,Magic number 10 used in value_iteration_finite_horizon.
tristandeleu_pytorch-maml-rl.maml_rl.utils,reinforcement_learning,,Magic number,value_iteration_finite_horizon,17,/Volumes/BrokeExt/NICHE/tristandeleu_pytorch-maml-rl/maml_rl/utils/reinforcement_learning.py,Magic number 0.95 used in value_iteration_finite_horizon.
tristandeleu_pytorch-maml-rl.maml_rl.utils,torch_utils,,Long statement,weighted_mean,11,/Volumes/BrokeExt/NICHE/tristandeleu_pytorch-maml-rl/maml_rl/utils/torch_utils.py,A line with 134 chars in weighted_mean exceeds the maximum length of 120 characters.
tristandeleu_pytorch-maml-rl.maml_rl.utils,torch_utils,,Long statement,detach_distribution,45,/Volumes/BrokeExt/NICHE/tristandeleu_pytorch-maml-rl/maml_rl/utils/torch_utils.py,A line with 132 chars in detach_distribution exceeds the maximum length of 120 characters.
tristandeleu_pytorch-maml-rl.maml_rl.utils,torch_utils,,Magic number,weighted_mean,10,/Volumes/BrokeExt/NICHE/tristandeleu_pytorch-maml-rl/maml_rl/utils/torch_utils.py,Magic number 2 used in weighted_mean.
tristandeleu_pytorch-maml-rl.maml_rl.utils,torch_utils,,Magic number,weighted_mean,17,/Volumes/BrokeExt/NICHE/tristandeleu_pytorch-maml-rl/maml_rl/utils/torch_utils.py,Magic number 2 used in weighted_mean.
tristandeleu_pytorch-maml-rl.maml_rl.utils,torch_utils,,Magic number,weighted_normalize,25,/Volumes/BrokeExt/NICHE/tristandeleu_pytorch-maml-rl/maml_rl/utils/torch_utils.py,Magic number 1e-08 used in weighted_normalize.
