Package,Module,Class,Function,LOC,CC,PC
SpursLipu_YOLOv3-ModelCompression-MultidatasetTraining-Multibackbone,EagleEye_normal_prune,,obtain_avg_forward_time,8,2,3
SpursLipu_YOLOv3-ModelCompression-MultidatasetTraining-Multibackbone,EagleEye_normal_prune,,obtain_filters_mask,27,4,4
SpursLipu_YOLOv3-ModelCompression-MultidatasetTraining-Multibackbone,EagleEye_normal_prune,,obtain_l1_mask,11,2,2
SpursLipu_YOLOv3-ModelCompression-MultidatasetTraining-Multibackbone,EagleEye_normal_prune,,performance_summary,3,1,3
SpursLipu_YOLOv3-ModelCompression-MultidatasetTraining-Multibackbone,EagleEye_normal_prune,,rand_prune_and_eval,56,9,3
SpursLipu_YOLOv3-ModelCompression-MultidatasetTraining-Multibackbone,EagleEye_regular_prune,,obtain_avg_forward_time,8,2,3
SpursLipu_YOLOv3-ModelCompression-MultidatasetTraining-Multibackbone,EagleEye_regular_prune,,obtain_filters_mask,26,4,4
SpursLipu_YOLOv3-ModelCompression-MultidatasetTraining-Multibackbone,EagleEye_regular_prune,,obtain_l1_mask,14,3,2
SpursLipu_YOLOv3-ModelCompression-MultidatasetTraining-Multibackbone,EagleEye_regular_prune,,performance_summary,3,1,3
SpursLipu_YOLOv3-ModelCompression-MultidatasetTraining-Multibackbone,EagleEye_regular_prune,,rand_prune_and_eval,57,11,3
SpursLipu_YOLOv3-ModelCompression-MultidatasetTraining-Multibackbone,EagleEye_slim_prune,,obtain_avg_forward_time,8,2,3
SpursLipu_YOLOv3-ModelCompression-MultidatasetTraining-Multibackbone,EagleEye_slim_prune,,obtain_filters_mask,25,4,4
SpursLipu_YOLOv3-ModelCompression-MultidatasetTraining-Multibackbone,EagleEye_slim_prune,,obtain_l1_mask,11,2,2
SpursLipu_YOLOv3-ModelCompression-MultidatasetTraining-Multibackbone,EagleEye_slim_prune,,performance_summary,3,1,3
SpursLipu_YOLOv3-ModelCompression-MultidatasetTraining-Multibackbone,EagleEye_slim_prune,,rand_prune_and_eval,58,11,3
SpursLipu_YOLOv3-ModelCompression-MultidatasetTraining-Multibackbone,PTQ,,PTQ,83,5,8
SpursLipu_YOLOv3-ModelCompression-MultidatasetTraining-Multibackbone,convert,,convert,12,2,0
SpursLipu_YOLOv3-ModelCompression-MultidatasetTraining-Multibackbone,convert_FPGA,,convert,152,35,0
SpursLipu_YOLOv3-ModelCompression-MultidatasetTraining-Multibackbone,convert_FPGA_2,,convert,146,33,0
SpursLipu_YOLOv3-ModelCompression-MultidatasetTraining-Multibackbone,detect,,detect,152,33,1
SpursLipu_YOLOv3-ModelCompression-MultidatasetTraining-Multibackbone,layer_channel_prune,,obtain_filters_mask,33,4,4
SpursLipu_YOLOv3-ModelCompression-MultidatasetTraining-Multibackbone,layer_channel_prune,,prune_and_eval,9,2,3
SpursLipu_YOLOv3-ModelCompression-MultidatasetTraining-Multibackbone,layer_channel_prune,,prune_and_eval2,11,3,2
SpursLipu_YOLOv3-ModelCompression-MultidatasetTraining-Multibackbone,layer_channel_prune,,obtain_filters_mask2,13,4,3
SpursLipu_YOLOv3-ModelCompression-MultidatasetTraining-Multibackbone,layer_channel_prune,,obtain_avg_forward_time,8,2,3
SpursLipu_YOLOv3-ModelCompression-MultidatasetTraining-Multibackbone,layer_channel_regular_prune,,obtain_filters_mask,65,8,5
SpursLipu_YOLOv3-ModelCompression-MultidatasetTraining-Multibackbone,layer_channel_regular_prune,,prune_and_eval,32,3,4
SpursLipu_YOLOv3-ModelCompression-MultidatasetTraining-Multibackbone,layer_channel_regular_prune,,prune_and_eval2,11,3,2
SpursLipu_YOLOv3-ModelCompression-MultidatasetTraining-Multibackbone,layer_channel_regular_prune,,obtain_filters_mask2,13,4,3
SpursLipu_YOLOv3-ModelCompression-MultidatasetTraining-Multibackbone,layer_channel_regular_prune,,obtain_avg_forward_time,8,2,3
SpursLipu_YOLOv3-ModelCompression-MultidatasetTraining-Multibackbone,layer_prune,,prune_and_eval,11,3,2
SpursLipu_YOLOv3-ModelCompression-MultidatasetTraining-Multibackbone,layer_prune,,obtain_filters_mask,13,4,3
SpursLipu_YOLOv3-ModelCompression-MultidatasetTraining-Multibackbone,layer_prune,,obtain_avg_forward_time,8,2,3
SpursLipu_YOLOv3-ModelCompression-MultidatasetTraining-Multibackbone,models,YOLOLayer,__init__,14,1,7
SpursLipu_YOLOv3-ModelCompression-MultidatasetTraining-Multibackbone,models,YOLOLayer,create_grids,9,3,2
SpursLipu_YOLOv3-ModelCompression-MultidatasetTraining-Multibackbone,models,YOLOLayer,forward,55,7,2
SpursLipu_YOLOv3-ModelCompression-MultidatasetTraining-Multibackbone,models,Darknet,__init__,26,4,15
SpursLipu_YOLOv3-ModelCompression-MultidatasetTraining-Multibackbone,models,Darknet,forward,28,2,2
SpursLipu_YOLOv3-ModelCompression-MultidatasetTraining-Multibackbone,models,Darknet,forward_once,50,13,3
SpursLipu_YOLOv3-ModelCompression-MultidatasetTraining-Multibackbone,models,Darknet,fuse,14,5,0
SpursLipu_YOLOv3-ModelCompression-MultidatasetTraining-Multibackbone,models,Darknet,info,2,1,1
SpursLipu_YOLOv3-ModelCompression-MultidatasetTraining-Multibackbone,models,,create_modules,331,54,15
SpursLipu_YOLOv3-ModelCompression-MultidatasetTraining-Multibackbone,models,,get_yolo_layers,2,1,1
SpursLipu_YOLOv3-ModelCompression-MultidatasetTraining-Multibackbone,models,,load_darknet_weights,141,13,4
SpursLipu_YOLOv3-ModelCompression-MultidatasetTraining-Multibackbone,models,,save_weights,43,7,2
SpursLipu_YOLOv3-ModelCompression-MultidatasetTraining-Multibackbone,models,,convert,23,3,2
SpursLipu_YOLOv3-ModelCompression-MultidatasetTraining-Multibackbone,models,,attempt_download,26,6,1
SpursLipu_YOLOv3-ModelCompression-MultidatasetTraining-Multibackbone,normal_prune,,prune_and_eval,16,2,3
SpursLipu_YOLOv3-ModelCompression-MultidatasetTraining-Multibackbone,normal_prune,,obtain_filters_mask,29,4,4
SpursLipu_YOLOv3-ModelCompression-MultidatasetTraining-Multibackbone,normal_prune,,obtain_avg_forward_time,8,2,3
SpursLipu_YOLOv3-ModelCompression-MultidatasetTraining-Multibackbone,regular_prune,,prune_and_eval,37,5,3
SpursLipu_YOLOv3-ModelCompression-MultidatasetTraining-Multibackbone,regular_prune,,obtain_filters_mask,50,7,4
SpursLipu_YOLOv3-ModelCompression-MultidatasetTraining-Multibackbone,regular_prune,,obtain_avg_forward_time,8,2,3
SpursLipu_YOLOv3-ModelCompression-MultidatasetTraining-Multibackbone,shortcut_prune,,prune_and_eval,32,3,4
SpursLipu_YOLOv3-ModelCompression-MultidatasetTraining-Multibackbone,shortcut_prune,,obtain_filters_mask,45,5,5
SpursLipu_YOLOv3-ModelCompression-MultidatasetTraining-Multibackbone,shortcut_prune,,obtain_avg_forward_time,8,2,3
SpursLipu_YOLOv3-ModelCompression-MultidatasetTraining-Multibackbone,slim_prune,,obtain_filters_mask,33,4,4
SpursLipu_YOLOv3-ModelCompression-MultidatasetTraining-Multibackbone,slim_prune,,prune_and_eval,9,2,3
SpursLipu_YOLOv3-ModelCompression-MultidatasetTraining-Multibackbone,slim_prune,,obtain_avg_forward_time,8,2,3
SpursLipu_YOLOv3-ModelCompression-MultidatasetTraining-Multibackbone,test,,test,207,38,20
SpursLipu_YOLOv3-ModelCompression-MultidatasetTraining-Multibackbone,train,,train,485,118,1
SpursLipu_YOLOv3-ModelCompression-MultidatasetTraining-Multibackbone.utils,adabound,AdaBound,__init__,17,7,8
SpursLipu_YOLOv3-ModelCompression-MultidatasetTraining-Multibackbone.utils,adabound,AdaBound,__setstate__,4,2,1
SpursLipu_YOLOv3-ModelCompression-MultidatasetTraining-Multibackbone.utils,adabound,AdaBound,step,63,11,1
SpursLipu_YOLOv3-ModelCompression-MultidatasetTraining-Multibackbone.utils,adabound,AdaBoundW,__init__,17,7,8
SpursLipu_YOLOv3-ModelCompression-MultidatasetTraining-Multibackbone.utils,adabound,AdaBoundW,__setstate__,4,2,1
SpursLipu_YOLOv3-ModelCompression-MultidatasetTraining-Multibackbone.utils,adabound,AdaBoundW,step,65,11,1
SpursLipu_YOLOv3-ModelCompression-MultidatasetTraining-Multibackbone.utils,datasets,LoadImages,__init__,22,4,4
SpursLipu_YOLOv3-ModelCompression-MultidatasetTraining-Multibackbone.utils,datasets,LoadImages,__iter__,3,1,0
SpursLipu_YOLOv3-ModelCompression-MultidatasetTraining-Multibackbone.utils,datasets,LoadImages,__next__,38,7,0
SpursLipu_YOLOv3-ModelCompression-MultidatasetTraining-Multibackbone.utils,datasets,LoadImages,new_video,4,1,1
SpursLipu_YOLOv3-ModelCompression-MultidatasetTraining-Multibackbone.utils,datasets,LoadImages,__len__,2,1,0
SpursLipu_YOLOv3-ModelCompression-MultidatasetTraining-Multibackbone.utils,datasets,LoadWebcam,__init__,7,2,2
SpursLipu_YOLOv3-ModelCompression-MultidatasetTraining-Multibackbone.utils,datasets,LoadWebcam,__iter__,3,1,0
SpursLipu_YOLOv3-ModelCompression-MultidatasetTraining-Multibackbone.utils,datasets,LoadWebcam,__next__,25,6,0
SpursLipu_YOLOv3-ModelCompression-MultidatasetTraining-Multibackbone.utils,datasets,LoadWebcam,__len__,2,1,0
SpursLipu_YOLOv3-ModelCompression-MultidatasetTraining-Multibackbone.utils,datasets,LoadStreams,__init__,28,4,2
SpursLipu_YOLOv3-ModelCompression-MultidatasetTraining-Multibackbone.utils,datasets,LoadStreams,update,10,3,2
SpursLipu_YOLOv3-ModelCompression-MultidatasetTraining-Multibackbone.utils,datasets,LoadStreams,__iter__,3,1,0
SpursLipu_YOLOv3-ModelCompression-MultidatasetTraining-Multibackbone.utils,datasets,LoadStreams,__next__,11,2,0
SpursLipu_YOLOv3-ModelCompression-MultidatasetTraining-Multibackbone.utils,datasets,LoadStreams,__len__,2,1,0
SpursLipu_YOLOv3-ModelCompression-MultidatasetTraining-Multibackbone.utils,datasets,LoadImagesAndLabels,__init__,131,24,11
SpursLipu_YOLOv3-ModelCompression-MultidatasetTraining-Multibackbone.utils,datasets,LoadImagesAndLabels,__len__,2,1,0
SpursLipu_YOLOv3-ModelCompression-MultidatasetTraining-Multibackbone.utils,datasets,LoadImagesAndLabels,__getitem__,71,18,1
SpursLipu_YOLOv3-ModelCompression-MultidatasetTraining-Multibackbone.utils,datasets,LoadImagesAndLabels,collate_fn,5,2,1
SpursLipu_YOLOv3-ModelCompression-MultidatasetTraining-Multibackbone.utils,datasets,FenceMask,__init__,48,5,3
SpursLipu_YOLOv3-ModelCompression-MultidatasetTraining-Multibackbone.utils,datasets,FenceMask,forward,9,1,1
SpursLipu_YOLOv3-ModelCompression-MultidatasetTraining-Multibackbone.utils,datasets,FenceMask,set_prob,2,1,2
SpursLipu_YOLOv3-ModelCompression-MultidatasetTraining-Multibackbone.utils,datasets,Grid,__init__,7,1,6
SpursLipu_YOLOv3-ModelCompression-MultidatasetTraining-Multibackbone.utils,datasets,Grid,set_prob,2,1,2
SpursLipu_YOLOv3-ModelCompression-MultidatasetTraining-Multibackbone.utils,datasets,Grid,__call__,34,4,1
SpursLipu_YOLOv3-ModelCompression-MultidatasetTraining-Multibackbone.utils,datasets,GridMask,__init__,7,1,6
SpursLipu_YOLOv3-ModelCompression-MultidatasetTraining-Multibackbone.utils,datasets,GridMask,set_prob,2,1,2
SpursLipu_YOLOv3-ModelCompression-MultidatasetTraining-Multibackbone.utils,datasets,GridMask,forward,9,2,1
SpursLipu_YOLOv3-ModelCompression-MultidatasetTraining-Multibackbone.utils,datasets,,exif_size,11,4,1
SpursLipu_YOLOv3-ModelCompression-MultidatasetTraining-Multibackbone.utils,datasets,,load_image,20,7,2
SpursLipu_YOLOv3-ModelCompression-MultidatasetTraining-Multibackbone.utils,datasets,,augment_hsv,10,1,4
SpursLipu_YOLOv3-ModelCompression-MultidatasetTraining-Multibackbone.utils,datasets,,load_mosaic,48,8,2
SpursLipu_YOLOv3-ModelCompression-MultidatasetTraining-Multibackbone.utils,datasets,,letterbox,28,8,7
SpursLipu_YOLOv3-ModelCompression-MultidatasetTraining-Multibackbone.utils,datasets,,random_affine,52,5,7
SpursLipu_YOLOv3-ModelCompression-MultidatasetTraining-Multibackbone.utils,datasets,,cutout,39,3,2
SpursLipu_YOLOv3-ModelCompression-MultidatasetTraining-Multibackbone.utils,datasets,,reduce_img_size,14,4,2
SpursLipu_YOLOv3-ModelCompression-MultidatasetTraining-Multibackbone.utils,datasets,,convert_images2bmp,17,6,0
SpursLipu_YOLOv3-ModelCompression-MultidatasetTraining-Multibackbone.utils,datasets,,recursive_dataset2bmp,17,7,1
SpursLipu_YOLOv3-ModelCompression-MultidatasetTraining-Multibackbone.utils,datasets,,imagelist2folder,6,2,1
SpursLipu_YOLOv3-ModelCompression-MultidatasetTraining-Multibackbone.utils,datasets,,create_folder,4,2,1
SpursLipu_YOLOv3-ModelCompression-MultidatasetTraining-Multibackbone.utils,google_utils,,gdrive_download,23,3,2
SpursLipu_YOLOv3-ModelCompression-MultidatasetTraining-Multibackbone.utils,google_utils,,upload_blob,8,1,3
SpursLipu_YOLOv3-ModelCompression-MultidatasetTraining-Multibackbone.utils,google_utils,,download_blob,8,1,3
SpursLipu_YOLOv3-ModelCompression-MultidatasetTraining-Multibackbone.utils,layers,Flatten,forward,2,1,1
SpursLipu_YOLOv3-ModelCompression-MultidatasetTraining-Multibackbone.utils,layers,Concat,__init__,3,1,1
SpursLipu_YOLOv3-ModelCompression-MultidatasetTraining-Multibackbone.utils,layers,Concat,forward,2,1,1
SpursLipu_YOLOv3-ModelCompression-MultidatasetTraining-Multibackbone.utils,layers,FeatureConcat,__init__,5,1,2
SpursLipu_YOLOv3-ModelCompression-MultidatasetTraining-Multibackbone.utils,layers,FeatureConcat,forward,8,1,2
SpursLipu_YOLOv3-ModelCompression-MultidatasetTraining-Multibackbone.utils,layers,Shortcut,__init__,7,2,2
SpursLipu_YOLOv3-ModelCompression-MultidatasetTraining-Multibackbone.utils,layers,Shortcut,forward,17,5,2
SpursLipu_YOLOv3-ModelCompression-MultidatasetTraining-Multibackbone.utils,layers,MixConv2d,__init__,20,2,7
SpursLipu_YOLOv3-ModelCompression-MultidatasetTraining-Multibackbone.utils,layers,MixConv2d,forward,2,1,1
SpursLipu_YOLOv3-ModelCompression-MultidatasetTraining-Multibackbone.utils,layers,SwishImplementation,forward,3,1,2
SpursLipu_YOLOv3-ModelCompression-MultidatasetTraining-Multibackbone.utils,layers,SwishImplementation,backward,4,1,2
SpursLipu_YOLOv3-ModelCompression-MultidatasetTraining-Multibackbone.utils,layers,MishImplementation,forward,3,1,2
SpursLipu_YOLOv3-ModelCompression-MultidatasetTraining-Multibackbone.utils,layers,MishImplementation,backward,5,1,2
SpursLipu_YOLOv3-ModelCompression-MultidatasetTraining-Multibackbone.utils,layers,MemoryEfficientSwish,forward,2,1,1
SpursLipu_YOLOv3-ModelCompression-MultidatasetTraining-Multibackbone.utils,layers,MemoryEfficientMish,forward,2,1,1
SpursLipu_YOLOv3-ModelCompression-MultidatasetTraining-Multibackbone.utils,layers,Swish,forward,2,1,1
SpursLipu_YOLOv3-ModelCompression-MultidatasetTraining-Multibackbone.utils,layers,Mish,forward,2,1,1
SpursLipu_YOLOv3-ModelCompression-MultidatasetTraining-Multibackbone.utils,layers,ReLU6,__init__,2,1,0
SpursLipu_YOLOv3-ModelCompression-MultidatasetTraining-Multibackbone.utils,layers,ReLU6,forward,2,1,1
SpursLipu_YOLOv3-ModelCompression-MultidatasetTraining-Multibackbone.utils,layers,HardSwish,__init__,2,1,0
SpursLipu_YOLOv3-ModelCompression-MultidatasetTraining-Multibackbone.utils,layers,HardSwish,forward,2,1,1
SpursLipu_YOLOv3-ModelCompression-MultidatasetTraining-Multibackbone.utils,layers,HardSigmoid,__init__,2,1,0
SpursLipu_YOLOv3-ModelCompression-MultidatasetTraining-Multibackbone.utils,layers,HardSigmoid,forward,3,1,1
SpursLipu_YOLOv3-ModelCompression-MultidatasetTraining-Multibackbone.utils,layers,SE,__init__,10,1,2
SpursLipu_YOLOv3-ModelCompression-MultidatasetTraining-Multibackbone.utils,layers,SE,forward,5,1,1
SpursLipu_YOLOv3-ModelCompression-MultidatasetTraining-Multibackbone.utils,layers,,make_divisible,2,1,2
SpursLipu_YOLOv3-ModelCompression-MultidatasetTraining-Multibackbone.utils,output_upsample,,Val_upsample,70,6,2
SpursLipu_YOLOv3-ModelCompression-MultidatasetTraining-Multibackbone.utils,parse_config,,parse_model_cfg,40,14,1
SpursLipu_YOLOv3-ModelCompression-MultidatasetTraining-Multibackbone.utils,parse_config,,parse_data_cfg,13,6,1
SpursLipu_YOLOv3-ModelCompression-MultidatasetTraining-Multibackbone.utils,prune_utils,BNOptimizer,updateBN,6,3,4
SpursLipu_YOLOv3-ModelCompression-MultidatasetTraining-Multibackbone.utils,prune_utils,,parse_module_defs2,41,14,1
SpursLipu_YOLOv3-ModelCompression-MultidatasetTraining-Multibackbone.utils,prune_utils,,parse_module_defs,34,14,1
SpursLipu_YOLOv3-ModelCompression-MultidatasetTraining-Multibackbone.utils,prune_utils,,parse_module_defs4,13,5,1
SpursLipu_YOLOv3-ModelCompression-MultidatasetTraining-Multibackbone.utils,prune_utils,,gather_bn_weights,8,2,2
SpursLipu_YOLOv3-ModelCompression-MultidatasetTraining-Multibackbone.utils,prune_utils,,write_cfg,9,4,2
SpursLipu_YOLOv3-ModelCompression-MultidatasetTraining-Multibackbone.utils,prune_utils,,obtain_quantiles,11,1,2
SpursLipu_YOLOv3-ModelCompression-MultidatasetTraining-Multibackbone.utils,prune_utils,,get_input_mask,54,8,4
SpursLipu_YOLOv3-ModelCompression-MultidatasetTraining-Multibackbone.utils,prune_utils,,init_weights_from_loose_model,46,5,6
SpursLipu_YOLOv3-ModelCompression-MultidatasetTraining-Multibackbone.utils,prune_utils,,prune_model_keep_size,74,20,4
SpursLipu_YOLOv3-ModelCompression-MultidatasetTraining-Multibackbone.utils,prune_utils,,obtain_bn_mask,4,1,2
SpursLipu_YOLOv3-ModelCompression-MultidatasetTraining-Multibackbone.utils,prune_utils,,get_nearest_multiple,8,2,2
SpursLipu_YOLOv3-ModelCompression-MultidatasetTraining-Multibackbone.utils,prune_utils,,merge_mask,65,17,4
SpursLipu_YOLOv3-ModelCompression-MultidatasetTraining-Multibackbone.utils,prune_utils,,update_activation,11,3,4
SpursLipu_YOLOv3-ModelCompression-MultidatasetTraining-Multibackbone.utils,prune_utils,,prune_model_keep_size_forEagleEye,11,5,3
SpursLipu_YOLOv3-ModelCompression-MultidatasetTraining-Multibackbone.utils,torch_utils,ModelEMA,__init__,10,3,3
SpursLipu_YOLOv3-ModelCompression-MultidatasetTraining-Multibackbone.utils,torch_utils,ModelEMA,update,13,4,1
SpursLipu_YOLOv3-ModelCompression-MultidatasetTraining-Multibackbone.utils,torch_utils,ModelEMA,update_attr,4,3,1
SpursLipu_YOLOv3-ModelCompression-MultidatasetTraining-Multibackbone.utils,torch_utils,,init_seeds,5,2,1
SpursLipu_YOLOv3-ModelCompression-MultidatasetTraining-Multibackbone.utils,torch_utils,,select_device,22,8,2
SpursLipu_YOLOv3-ModelCompression-MultidatasetTraining-Multibackbone.utils,torch_utils,,time_synchronized,3,1,0
SpursLipu_YOLOv3-ModelCompression-MultidatasetTraining-Multibackbone.utils,torch_utils,,initialize_weights,10,5,1
SpursLipu_YOLOv3-ModelCompression-MultidatasetTraining-Multibackbone.utils,torch_utils,,find_modules,2,1,2
SpursLipu_YOLOv3-ModelCompression-MultidatasetTraining-Multibackbone.utils,torch_utils,,fuse_conv_and_bn,24,2,2
SpursLipu_YOLOv3-ModelCompression-MultidatasetTraining-Multibackbone.utils,torch_utils,,model_info,16,4,2
SpursLipu_YOLOv3-ModelCompression-MultidatasetTraining-Multibackbone.utils,torch_utils,,load_classifier,10,2,2
SpursLipu_YOLOv3-ModelCompression-MultidatasetTraining-Multibackbone.utils,torch_utils,,scale_img,8,2,3
SpursLipu_YOLOv3-ModelCompression-MultidatasetTraining-Multibackbone.utils,utils,FocalLoss,__init__,7,1,3
SpursLipu_YOLOv3-ModelCompression-MultidatasetTraining-Multibackbone.utils,utils,FocalLoss,forward,13,1,2
SpursLipu_YOLOv3-ModelCompression-MultidatasetTraining-Multibackbone.utils,utils,,init_seeds,4,1,1
SpursLipu_YOLOv3-ModelCompression-MultidatasetTraining-Multibackbone.utils,utils,,load_classes,4,1,1
SpursLipu_YOLOv3-ModelCompression-MultidatasetTraining-Multibackbone.utils,utils,,labels_to_class_weights,10,1,2
SpursLipu_YOLOv3-ModelCompression-MultidatasetTraining-Multibackbone.utils,utils,,labels_to_image_weights,5,1,3
SpursLipu_YOLOv3-ModelCompression-MultidatasetTraining-Multibackbone.utils,utils,,coco_class_weights,9,1,0
SpursLipu_YOLOv3-ModelCompression-MultidatasetTraining-Multibackbone.utils,utils,,coco80_to_coco91_class,5,1,0
SpursLipu_YOLOv3-ModelCompression-MultidatasetTraining-Multibackbone.utils,utils,,xyxy2xywh,7,1,1
SpursLipu_YOLOv3-ModelCompression-MultidatasetTraining-Multibackbone.utils,utils,,xywh2xyxy,7,1,1
SpursLipu_YOLOv3-ModelCompression-MultidatasetTraining-Multibackbone.utils,utils,,scale_coords,12,2,4
SpursLipu_YOLOv3-ModelCompression-MultidatasetTraining-Multibackbone.utils,utils,,clip_coords,5,1,2
SpursLipu_YOLOv3-ModelCompression-MultidatasetTraining-Multibackbone.utils,utils,,ap_per_class,33,5,4
SpursLipu_YOLOv3-ModelCompression-MultidatasetTraining-Multibackbone.utils,utils,,compute_ap,13,2,2
SpursLipu_YOLOv3-ModelCompression-MultidatasetTraining-Multibackbone.utils,utils,,bbox_iou,35,6,6
SpursLipu_YOLOv3-ModelCompression-MultidatasetTraining-Multibackbone.utils,utils,,box_iou,10,0,2
SpursLipu_YOLOv3-ModelCompression-MultidatasetTraining-Multibackbone.utils,utils,,wh_iou,5,1,2
SpursLipu_YOLOv3-ModelCompression-MultidatasetTraining-Multibackbone.utils,utils,,smooth_BCE,2,1,1
SpursLipu_YOLOv3-ModelCompression-MultidatasetTraining-Multibackbone.utils,utils,,compute_loss,55,7,3
SpursLipu_YOLOv3-ModelCompression-MultidatasetTraining-Multibackbone.utils,utils,,compute_lost_KD,9,1,4
SpursLipu_YOLOv3-ModelCompression-MultidatasetTraining-Multibackbone.utils,utils,,compute_lost_KD2,38,4,4
SpursLipu_YOLOv3-ModelCompression-MultidatasetTraining-Multibackbone.utils,utils,,compute_lost_KD3,29,3,4
SpursLipu_YOLOv3-ModelCompression-MultidatasetTraining-Multibackbone.utils,utils,,compute_lost_KD4,40,5,7
SpursLipu_YOLOv3-ModelCompression-MultidatasetTraining-Multibackbone.utils,utils,,indices_merge,8,2,1
SpursLipu_YOLOv3-ModelCompression-MultidatasetTraining-Multibackbone.utils,utils,,fine_grained_imitation_feature_mask,27,6,4
SpursLipu_YOLOv3-ModelCompression-MultidatasetTraining-Multibackbone.utils,utils,,compute_lost_KD5,44,5,8
SpursLipu_YOLOv3-ModelCompression-MultidatasetTraining-Multibackbone.utils,utils,,fine_grained_imitation_mask,11,3,3
SpursLipu_YOLOv3-ModelCompression-MultidatasetTraining-Multibackbone.utils,utils,,compute_lost_KD6,18,2,5
SpursLipu_YOLOv3-ModelCompression-MultidatasetTraining-Multibackbone.utils,utils,,Failure_Case_Loss_FM,24,3,3
SpursLipu_YOLOv3-ModelCompression-MultidatasetTraining-Multibackbone.utils,utils,,build_targets,48,6,3
SpursLipu_YOLOv3-ModelCompression-MultidatasetTraining-Multibackbone.utils,utils,,non_max_suppression,72,12,6
SpursLipu_YOLOv3-ModelCompression-MultidatasetTraining-Multibackbone.utils,utils,,get_yolo_layers,3,1,1
SpursLipu_YOLOv3-ModelCompression-MultidatasetTraining-Multibackbone.utils,utils,,print_model_biases,16,4,1
SpursLipu_YOLOv3-ModelCompression-MultidatasetTraining-Multibackbone.utils,utils,,strip_optimizer,4,1,1
SpursLipu_YOLOv3-ModelCompression-MultidatasetTraining-Multibackbone.utils,utils,,create_backbone,11,3,1
SpursLipu_YOLOv3-ModelCompression-MultidatasetTraining-Multibackbone.utils,utils,,coco_class_count,8,2,1
SpursLipu_YOLOv3-ModelCompression-MultidatasetTraining-Multibackbone.utils,utils,,coco_only_people,6,3,1
SpursLipu_YOLOv3-ModelCompression-MultidatasetTraining-Multibackbone.utils,utils,,select_best_evolve,4,2,1
SpursLipu_YOLOv3-ModelCompression-MultidatasetTraining-Multibackbone.utils,utils,,crop_images_random,19,3,2
SpursLipu_YOLOv3-ModelCompression-MultidatasetTraining-Multibackbone.utils,utils,,coco_single_class_labels,19,5,2
SpursLipu_YOLOv3-ModelCompression-MultidatasetTraining-Multibackbone.utils,utils,,kmean_anchors,50,6,5
SpursLipu_YOLOv3-ModelCompression-MultidatasetTraining-Multibackbone.utils,utils,,print_mutation,13,3,3
SpursLipu_YOLOv3-ModelCompression-MultidatasetTraining-Multibackbone.utils,utils,,apply_classifier,31,5,4
SpursLipu_YOLOv3-ModelCompression-MultidatasetTraining-Multibackbone.utils,utils,,fitness,3,1,1
SpursLipu_YOLOv3-ModelCompression-MultidatasetTraining-Multibackbone.utils,utils,,output_to_target,22,6,3
SpursLipu_YOLOv3-ModelCompression-MultidatasetTraining-Multibackbone.utils,utils,,plot_one_box,11,4,5
SpursLipu_YOLOv3-ModelCompression-MultidatasetTraining-Multibackbone.utils,utils,,plot_wh_methods,15,1,0
SpursLipu_YOLOv3-ModelCompression-MultidatasetTraining-Multibackbone.utils,utils,,plot_images,64,14,8
SpursLipu_YOLOv3-ModelCompression-MultidatasetTraining-Multibackbone.utils,utils,,plot_test_txt,14,1,0
SpursLipu_YOLOv3-ModelCompression-MultidatasetTraining-Multibackbone.utils,utils,,plot_targets_txt,11,2,0
SpursLipu_YOLOv3-ModelCompression-MultidatasetTraining-Multibackbone.utils,utils,,plot_evolution_results,17,2,1
SpursLipu_YOLOv3-ModelCompression-MultidatasetTraining-Multibackbone.utils,utils,,plot_results_overlay,20,5,2
SpursLipu_YOLOv3-ModelCompression-MultidatasetTraining-Multibackbone.utils,utils,,plot_results,29,7,4
SpursLipu_YOLOv3-ModelCompression-MultidatasetTraining-Multibackbone.utils.quantized,quantized_TPSQ,Round,forward,4,1,1
SpursLipu_YOLOv3-ModelCompression-MultidatasetTraining-Multibackbone.utils.quantized,quantized_TPSQ,Round,backward,3,1,1
SpursLipu_YOLOv3-ModelCompression-MultidatasetTraining-Multibackbone.utils.quantized,quantized_TPSQ,Search_Pow2,forward,14,2,1
SpursLipu_YOLOv3-ModelCompression-MultidatasetTraining-Multibackbone.utils.quantized,quantized_TPSQ,Search_Pow2,backward,5,1,1
SpursLipu_YOLOv3-ModelCompression-MultidatasetTraining-Multibackbone.utils.quantized,quantized_TPSQ,Quantizer,__init__,10,2,3
SpursLipu_YOLOv3-ModelCompression-MultidatasetTraining-Multibackbone.utils.quantized,quantized_TPSQ,Quantizer,clamp,4,1,1
SpursLipu_YOLOv3-ModelCompression-MultidatasetTraining-Multibackbone.utils.quantized,quantized_TPSQ,Quantizer,quantize,4,1,1
SpursLipu_YOLOv3-ModelCompression-MultidatasetTraining-Multibackbone.utils.quantized,quantized_TPSQ,Quantizer,round,3,1,1
SpursLipu_YOLOv3-ModelCompression-MultidatasetTraining-Multibackbone.utils.quantized,quantized_TPSQ,Quantizer,dequantize,4,1,1
SpursLipu_YOLOv3-ModelCompression-MultidatasetTraining-Multibackbone.utils.quantized,quantized_TPSQ,Quantizer,forward,12,3,1
SpursLipu_YOLOv3-ModelCompression-MultidatasetTraining-Multibackbone.utils.quantized,quantized_TPSQ,Quantizer,get_quantize_value,11,3,1
SpursLipu_YOLOv3-ModelCompression-MultidatasetTraining-Multibackbone.utils.quantized,quantized_TPSQ,RangeTracker,__init__,2,1,0
SpursLipu_YOLOv3-ModelCompression-MultidatasetTraining-Multibackbone.utils.quantized,quantized_TPSQ,RangeTracker,update_range,2,1,2
SpursLipu_YOLOv3-ModelCompression-MultidatasetTraining-Multibackbone.utils.quantized,quantized_TPSQ,RangeTracker,forward,4,1,1
SpursLipu_YOLOv3-ModelCompression-MultidatasetTraining-Multibackbone.utils.quantized,quantized_TPSQ,GlobalRangeTracker,__init__,5,1,0
SpursLipu_YOLOv3-ModelCompression-MultidatasetTraining-Multibackbone.utils.quantized,quantized_TPSQ,GlobalRangeTracker,update_range,10,2,2
SpursLipu_YOLOv3-ModelCompression-MultidatasetTraining-Multibackbone.utils.quantized,quantized_TPSQ,Bias_Quantizer,__init__,5,1,2
SpursLipu_YOLOv3-ModelCompression-MultidatasetTraining-Multibackbone.utils.quantized,quantized_TPSQ,Bias_Quantizer,update_params,12,2,0
SpursLipu_YOLOv3-ModelCompression-MultidatasetTraining-Multibackbone.utils.quantized,quantized_TPSQ,Bias_Quantizer,quantize,3,1,1
SpursLipu_YOLOv3-ModelCompression-MultidatasetTraining-Multibackbone.utils.quantized,quantized_TPSQ,Bias_Quantizer,round,3,1,1
SpursLipu_YOLOv3-ModelCompression-MultidatasetTraining-Multibackbone.utils.quantized,quantized_TPSQ,Bias_Quantizer,clamp,5,1,1
SpursLipu_YOLOv3-ModelCompression-MultidatasetTraining-Multibackbone.utils.quantized,quantized_TPSQ,Bias_Quantizer,dequantize,3,1,1
SpursLipu_YOLOv3-ModelCompression-MultidatasetTraining-Multibackbone.utils.quantized,quantized_TPSQ,Bias_Quantizer,forward,15,4,1
SpursLipu_YOLOv3-ModelCompression-MultidatasetTraining-Multibackbone.utils.quantized,quantized_TPSQ,Bias_Quantizer,get_quantize_value,11,3,1
SpursLipu_YOLOv3-ModelCompression-MultidatasetTraining-Multibackbone.utils.quantized,quantized_TPSQ,Bias_Quantizer,get_scale,4,1,0
SpursLipu_YOLOv3-ModelCompression-MultidatasetTraining-Multibackbone.utils.quantized,quantized_TPSQ,Weight_Quantizer,__init__,8,2,3
SpursLipu_YOLOv3-ModelCompression-MultidatasetTraining-Multibackbone.utils.quantized,quantized_TPSQ,Weight_Quantizer,forward,33,6,1
SpursLipu_YOLOv3-ModelCompression-MultidatasetTraining-Multibackbone.utils.quantized,quantized_TPSQ,Activattion_Quantizer,__init__,8,2,3
SpursLipu_YOLOv3-ModelCompression-MultidatasetTraining-Multibackbone.utils.quantized,quantized_TPSQ,Activattion_Quantizer,forward,34,6,1
SpursLipu_YOLOv3-ModelCompression-MultidatasetTraining-Multibackbone.utils.quantized,quantized_TPSQ,TPSQ_BNFold_QuantizedConv2d_For_FPGA,__init__,32,1,18
SpursLipu_YOLOv3-ModelCompression-MultidatasetTraining-Multibackbone.utils.quantized,quantized_TPSQ,TPSQ_BNFold_QuantizedConv2d_For_FPGA,forward,162,29,1
SpursLipu_YOLOv3-ModelCompression-MultidatasetTraining-Multibackbone.utils.quantized,quantized_TPSQ,TPSQ_BNFold_QuantizedConv2d_For_FPGA,BN_fuse,16,3,0
SpursLipu_YOLOv3-ModelCompression-MultidatasetTraining-Multibackbone.utils.quantized,quantized_TPSQ,,reshape_to_activation,2,1,1
SpursLipu_YOLOv3-ModelCompression-MultidatasetTraining-Multibackbone.utils.quantized,quantized_TPSQ,,reshape_to_weight,2,1,1
SpursLipu_YOLOv3-ModelCompression-MultidatasetTraining-Multibackbone.utils.quantized,quantized_TPSQ,,reshape_to_bias,2,1,1
SpursLipu_YOLOv3-ModelCompression-MultidatasetTraining-Multibackbone.utils.quantized,quantized_dorefa,Round,forward,4,1,1
SpursLipu_YOLOv3-ModelCompression-MultidatasetTraining-Multibackbone.utils.quantized,quantized_dorefa,Round,backward,3,1,1
SpursLipu_YOLOv3-ModelCompression-MultidatasetTraining-Multibackbone.utils.quantized,quantized_dorefa,activation_quantize,__init__,3,1,1
SpursLipu_YOLOv3-ModelCompression-MultidatasetTraining-Multibackbone.utils.quantized,quantized_dorefa,activation_quantize,round,3,1,1
SpursLipu_YOLOv3-ModelCompression-MultidatasetTraining-Multibackbone.utils.quantized,quantized_dorefa,activation_quantize,get_quantize_value,6,1,1
SpursLipu_YOLOv3-ModelCompression-MultidatasetTraining-Multibackbone.utils.quantized,quantized_dorefa,activation_quantize,get_scale,3,1,0
SpursLipu_YOLOv3-ModelCompression-MultidatasetTraining-Multibackbone.utils.quantized,quantized_dorefa,activation_quantize,forward,13,3,1
SpursLipu_YOLOv3-ModelCompression-MultidatasetTraining-Multibackbone.utils.quantized,quantized_dorefa,weight_quantize,__init__,3,1,1
SpursLipu_YOLOv3-ModelCompression-MultidatasetTraining-Multibackbone.utils.quantized,quantized_dorefa,weight_quantize,round,3,1,1
SpursLipu_YOLOv3-ModelCompression-MultidatasetTraining-Multibackbone.utils.quantized,quantized_dorefa,weight_quantize,get_quantize_value,7,1,1
SpursLipu_YOLOv3-ModelCompression-MultidatasetTraining-Multibackbone.utils.quantized,quantized_dorefa,weight_quantize,get_scale,3,1,0
SpursLipu_YOLOv3-ModelCompression-MultidatasetTraining-Multibackbone.utils.quantized,quantized_dorefa,weight_quantize,forward,15,3,1
SpursLipu_YOLOv3-ModelCompression-MultidatasetTraining-Multibackbone.utils.quantized,quantized_dorefa,weight_quantize,get_weights,13,3,1
SpursLipu_YOLOv3-ModelCompression-MultidatasetTraining-Multibackbone.utils.quantized,quantized_dorefa,DorefaConv2d,__init__,13,1,10
SpursLipu_YOLOv3-ModelCompression-MultidatasetTraining-Multibackbone.utils.quantized,quantized_dorefa,DorefaConv2d,forward,14,2,1
SpursLipu_YOLOv3-ModelCompression-MultidatasetTraining-Multibackbone.utils.quantized,quantized_dorefa,BNFold_DorefaConv2d,__init__,31,1,17
SpursLipu_YOLOv3-ModelCompression-MultidatasetTraining-Multibackbone.utils.quantized,quantized_dorefa,BNFold_DorefaConv2d,forward,177,29,1
SpursLipu_YOLOv3-ModelCompression-MultidatasetTraining-Multibackbone.utils.quantized,quantized_dorefa,BNFold_DorefaConv2d,BN_fuse,16,3,0
SpursLipu_YOLOv3-ModelCompression-MultidatasetTraining-Multibackbone.utils.quantized,quantized_dorefa,DorefaLinear,__init__,4,1,5
SpursLipu_YOLOv3-ModelCompression-MultidatasetTraining-Multibackbone.utils.quantized,quantized_dorefa,DorefaLinear,forward,5,1,1
SpursLipu_YOLOv3-ModelCompression-MultidatasetTraining-Multibackbone.utils.quantized,quantized_dorefa,,reshape_to_activation,2,1,1
SpursLipu_YOLOv3-ModelCompression-MultidatasetTraining-Multibackbone.utils.quantized,quantized_dorefa,,reshape_to_weight,2,1,1
SpursLipu_YOLOv3-ModelCompression-MultidatasetTraining-Multibackbone.utils.quantized,quantized_dorefa,,reshape_to_bias,2,1,1
SpursLipu_YOLOv3-ModelCompression-MultidatasetTraining-Multibackbone.utils.quantized,quantized_google,RangeTracker,__init__,3,1,1
SpursLipu_YOLOv3-ModelCompression-MultidatasetTraining-Multibackbone.utils.quantized,quantized_google,RangeTracker,update_range,2,1,2
SpursLipu_YOLOv3-ModelCompression-MultidatasetTraining-Multibackbone.utils.quantized,quantized_google,RangeTracker,forward,8,3,1
SpursLipu_YOLOv3-ModelCompression-MultidatasetTraining-Multibackbone.utils.quantized,quantized_google,GlobalRangeTracker,__init__,9,3,2
SpursLipu_YOLOv3-ModelCompression-MultidatasetTraining-Multibackbone.utils.quantized,quantized_google,GlobalRangeTracker,update_range,10,2,2
SpursLipu_YOLOv3-ModelCompression-MultidatasetTraining-Multibackbone.utils.quantized,quantized_google,AveragedRangeTracker,__init__,10,3,3
SpursLipu_YOLOv3-ModelCompression-MultidatasetTraining-Multibackbone.utils.quantized,quantized_google,AveragedRangeTracker,update_range,8,2,2
SpursLipu_YOLOv3-ModelCompression-MultidatasetTraining-Multibackbone.utils.quantized,quantized_google,Round,forward,4,1,1
SpursLipu_YOLOv3-ModelCompression-MultidatasetTraining-Multibackbone.utils.quantized,quantized_google,Round,backward,3,1,1
SpursLipu_YOLOv3-ModelCompression-MultidatasetTraining-Multibackbone.utils.quantized,quantized_google,Quantizer,__init__,13,2,5
SpursLipu_YOLOv3-ModelCompression-MultidatasetTraining-Multibackbone.utils.quantized,quantized_google,Quantizer,update_params,2,1,0
SpursLipu_YOLOv3-ModelCompression-MultidatasetTraining-Multibackbone.utils.quantized,quantized_google,Quantizer,quantize,3,1,1
SpursLipu_YOLOv3-ModelCompression-MultidatasetTraining-Multibackbone.utils.quantized,quantized_google,Quantizer,round,3,1,1
SpursLipu_YOLOv3-ModelCompression-MultidatasetTraining-Multibackbone.utils.quantized,quantized_google,Quantizer,clamp,9,3,1
SpursLipu_YOLOv3-ModelCompression-MultidatasetTraining-Multibackbone.utils.quantized,quantized_google,Quantizer,dequantize,3,1,1
SpursLipu_YOLOv3-ModelCompression-MultidatasetTraining-Multibackbone.utils.quantized,quantized_google,Quantizer,forward,16,5,1
SpursLipu_YOLOv3-ModelCompression-MultidatasetTraining-Multibackbone.utils.quantized,quantized_google,Quantizer,get_quantize_value,11,3,1
SpursLipu_YOLOv3-ModelCompression-MultidatasetTraining-Multibackbone.utils.quantized,quantized_google,Quantizer,get_scale,4,1,0
SpursLipu_YOLOv3-ModelCompression-MultidatasetTraining-Multibackbone.utils.quantized,quantized_google,SymmetricQuantizer,update_params,17,3,0
SpursLipu_YOLOv3-ModelCompression-MultidatasetTraining-Multibackbone.utils.quantized,quantized_google,AsymmetricQuantizer,update_params,17,3,0
SpursLipu_YOLOv3-ModelCompression-MultidatasetTraining-Multibackbone.utils.quantized,quantized_google,BNFold_QuantizedConv2d_For_FPGA,__init__,60,2,23
SpursLipu_YOLOv3-ModelCompression-MultidatasetTraining-Multibackbone.utils.quantized,quantized_google,BNFold_QuantizedConv2d_For_FPGA,forward,491,70,1
SpursLipu_YOLOv3-ModelCompression-MultidatasetTraining-Multibackbone.utils.quantized,quantized_google,BNFold_QuantizedConv2d_For_FPGA,BN_fuse,16,3,0
SpursLipu_YOLOv3-ModelCompression-MultidatasetTraining-Multibackbone.utils.quantized,quantized_google,QuantizedShortcut_max,__init__,18,2,9
SpursLipu_YOLOv3-ModelCompression-MultidatasetTraining-Multibackbone.utils.quantized,quantized_google,QuantizedShortcut_max,quantize,3,1,1
SpursLipu_YOLOv3-ModelCompression-MultidatasetTraining-Multibackbone.utils.quantized,quantized_google,QuantizedShortcut_max,round,3,1,1
SpursLipu_YOLOv3-ModelCompression-MultidatasetTraining-Multibackbone.utils.quantized,quantized_google,QuantizedShortcut_max,clamp,5,1,1
SpursLipu_YOLOv3-ModelCompression-MultidatasetTraining-Multibackbone.utils.quantized,quantized_google,QuantizedShortcut_max,dequantize,3,1,1
SpursLipu_YOLOv3-ModelCompression-MultidatasetTraining-Multibackbone.utils.quantized,quantized_google,QuantizedShortcut_max,forward,178,31,2
SpursLipu_YOLOv3-ModelCompression-MultidatasetTraining-Multibackbone.utils.quantized,quantized_google,QuantizedShortcut_min,__init__,19,2,9
SpursLipu_YOLOv3-ModelCompression-MultidatasetTraining-Multibackbone.utils.quantized,quantized_google,QuantizedShortcut_min,quantize,6,2,2
SpursLipu_YOLOv3-ModelCompression-MultidatasetTraining-Multibackbone.utils.quantized,quantized_google,QuantizedShortcut_min,round,3,1,1
SpursLipu_YOLOv3-ModelCompression-MultidatasetTraining-Multibackbone.utils.quantized,quantized_google,QuantizedShortcut_min,clamp,5,1,1
SpursLipu_YOLOv3-ModelCompression-MultidatasetTraining-Multibackbone.utils.quantized,quantized_google,QuantizedShortcut_min,dequantize,6,2,2
SpursLipu_YOLOv3-ModelCompression-MultidatasetTraining-Multibackbone.utils.quantized,quantized_google,QuantizedShortcut_min,forward,183,31,2
SpursLipu_YOLOv3-ModelCompression-MultidatasetTraining-Multibackbone.utils.quantized,quantized_google,QuantizedFeatureConcat,__init__,15,1,9
SpursLipu_YOLOv3-ModelCompression-MultidatasetTraining-Multibackbone.utils.quantized,quantized_google,QuantizedFeatureConcat,quantize,3,1,1
SpursLipu_YOLOv3-ModelCompression-MultidatasetTraining-Multibackbone.utils.quantized,quantized_google,QuantizedFeatureConcat,round,3,1,1
SpursLipu_YOLOv3-ModelCompression-MultidatasetTraining-Multibackbone.utils.quantized,quantized_google,QuantizedFeatureConcat,clamp,5,1,1
SpursLipu_YOLOv3-ModelCompression-MultidatasetTraining-Multibackbone.utils.quantized,quantized_google,QuantizedFeatureConcat,dequantize,3,1,1
SpursLipu_YOLOv3-ModelCompression-MultidatasetTraining-Multibackbone.utils.quantized,quantized_google,QuantizedFeatureConcat,forward,136,17,2
SpursLipu_YOLOv3-ModelCompression-MultidatasetTraining-Multibackbone.utils.quantized,quantized_google,,reshape_to_activation,2,1,1
SpursLipu_YOLOv3-ModelCompression-MultidatasetTraining-Multibackbone.utils.quantized,quantized_google,,reshape_to_weight,2,1,1
SpursLipu_YOLOv3-ModelCompression-MultidatasetTraining-Multibackbone.utils.quantized,quantized_google,,reshape_to_bias,2,1,1
SpursLipu_YOLOv3-ModelCompression-MultidatasetTraining-Multibackbone.utils.quantized,quantized_lowbit,Ternarize,forward,10,1,1
SpursLipu_YOLOv3-ModelCompression-MultidatasetTraining-Multibackbone.utils.quantized,quantized_lowbit,Ternarize,backward,6,1,1
SpursLipu_YOLOv3-ModelCompression-MultidatasetTraining-Multibackbone.utils.quantized,quantized_lowbit,Binarize,forward,6,1,1
SpursLipu_YOLOv3-ModelCompression-MultidatasetTraining-Multibackbone.utils.quantized,quantized_lowbit,Binarize,backward,6,1,1
SpursLipu_YOLOv3-ModelCompression-MultidatasetTraining-Multibackbone.utils.quantized,quantized_lowbit,BinaryLeakyReLU,__init__,2,1,0
SpursLipu_YOLOv3-ModelCompression-MultidatasetTraining-Multibackbone.utils.quantized,quantized_lowbit,BinaryLeakyReLU,forward,3,1,1
SpursLipu_YOLOv3-ModelCompression-MultidatasetTraining-Multibackbone.utils.quantized,quantized_lowbit,BinaryLinear,forward,6,1,1
SpursLipu_YOLOv3-ModelCompression-MultidatasetTraining-Multibackbone.utils.quantized,quantized_lowbit,BinaryLinear,reset_parameters,7,2,0
SpursLipu_YOLOv3-ModelCompression-MultidatasetTraining-Multibackbone.utils.quantized,quantized_lowbit,BWNConv2d,forward,6,1,1
SpursLipu_YOLOv3-ModelCompression-MultidatasetTraining-Multibackbone.utils.quantized,quantized_lowbit,BWNConv2d,reset_parameters,11,3,0
SpursLipu_YOLOv3-ModelCompression-MultidatasetTraining-Multibackbone.utils.quantized,quantized_lowbit,BinaryConv2d,forward,4,1,1
SpursLipu_YOLOv3-ModelCompression-MultidatasetTraining-Multibackbone.utils.quantized,quantized_lowbit,BinaryConv2d,reset_parameters,11,3,0
SpursLipu_YOLOv3-ModelCompression-MultidatasetTraining-Multibackbone.utils.quantized,quantized_ptq,RangeTracker,__init__,3,1,1
SpursLipu_YOLOv3-ModelCompression-MultidatasetTraining-Multibackbone.utils.quantized,quantized_ptq,RangeTracker,update_range,2,1,2
SpursLipu_YOLOv3-ModelCompression-MultidatasetTraining-Multibackbone.utils.quantized,quantized_ptq,RangeTracker,forward,8,3,1
SpursLipu_YOLOv3-ModelCompression-MultidatasetTraining-Multibackbone.utils.quantized,quantized_ptq,GlobalRangeTracker,__init__,9,3,2
SpursLipu_YOLOv3-ModelCompression-MultidatasetTraining-Multibackbone.utils.quantized,quantized_ptq,GlobalRangeTracker,update_range,10,2,2
SpursLipu_YOLOv3-ModelCompression-MultidatasetTraining-Multibackbone.utils.quantized,quantized_ptq,AveragedRangeTracker,__init__,10,3,3
SpursLipu_YOLOv3-ModelCompression-MultidatasetTraining-Multibackbone.utils.quantized,quantized_ptq,AveragedRangeTracker,update_range,8,2,2
SpursLipu_YOLOv3-ModelCompression-MultidatasetTraining-Multibackbone.utils.quantized,quantized_ptq,Round,forward,4,1,1
SpursLipu_YOLOv3-ModelCompression-MultidatasetTraining-Multibackbone.utils.quantized,quantized_ptq,Quantizer,__init__,12,2,5
SpursLipu_YOLOv3-ModelCompression-MultidatasetTraining-Multibackbone.utils.quantized,quantized_ptq,Quantizer,update_params,2,1,0
SpursLipu_YOLOv3-ModelCompression-MultidatasetTraining-Multibackbone.utils.quantized,quantized_ptq,Quantizer,quantize,3,1,1
SpursLipu_YOLOv3-ModelCompression-MultidatasetTraining-Multibackbone.utils.quantized,quantized_ptq,Quantizer,round,3,1,1
SpursLipu_YOLOv3-ModelCompression-MultidatasetTraining-Multibackbone.utils.quantized,quantized_ptq,Quantizer,clamp,9,3,1
SpursLipu_YOLOv3-ModelCompression-MultidatasetTraining-Multibackbone.utils.quantized,quantized_ptq,Quantizer,dequantize,3,1,1
SpursLipu_YOLOv3-ModelCompression-MultidatasetTraining-Multibackbone.utils.quantized,quantized_ptq,Quantizer,forward,15,4,1
SpursLipu_YOLOv3-ModelCompression-MultidatasetTraining-Multibackbone.utils.quantized,quantized_ptq,Quantizer,get_quantize_value,11,3,1
SpursLipu_YOLOv3-ModelCompression-MultidatasetTraining-Multibackbone.utils.quantized,quantized_ptq,Quantizer,get_scale,4,1,0
SpursLipu_YOLOv3-ModelCompression-MultidatasetTraining-Multibackbone.utils.quantized,quantized_ptq,SymmetricQuantizer,update_params,21,4,0
SpursLipu_YOLOv3-ModelCompression-MultidatasetTraining-Multibackbone.utils.quantized,quantized_ptq,AsymmetricQuantizer,update_params,20,4,0
SpursLipu_YOLOv3-ModelCompression-MultidatasetTraining-Multibackbone.utils.quantized,quantized_ptq,PTQuantizedConv2d,__init__,26,2,11
SpursLipu_YOLOv3-ModelCompression-MultidatasetTraining-Multibackbone.utils.quantized,quantized_ptq,PTQuantizedConv2d,forward,14,2,1
SpursLipu_YOLOv3-ModelCompression-MultidatasetTraining-Multibackbone.utils.quantized,quantized_ptq,BNFold_PTQuantizedConv2d_For_FPGA,__init__,52,2,22
SpursLipu_YOLOv3-ModelCompression-MultidatasetTraining-Multibackbone.utils.quantized,quantized_ptq,BNFold_PTQuantizedConv2d_For_FPGA,forward,435,63,1
SpursLipu_YOLOv3-ModelCompression-MultidatasetTraining-Multibackbone.utils.quantized,quantized_ptq,BNFold_PTQuantizedConv2d_For_FPGA,BN_fuse,16,3,0
SpursLipu_YOLOv3-ModelCompression-MultidatasetTraining-Multibackbone.utils.quantized,quantized_ptq,,reshape_to_activation,2,1,1
SpursLipu_YOLOv3-ModelCompression-MultidatasetTraining-Multibackbone.utils.quantized,quantized_ptq,,reshape_to_weight,2,1,1
SpursLipu_YOLOv3-ModelCompression-MultidatasetTraining-Multibackbone.utils.quantized,quantized_ptq,,reshape_to_bias,2,1,1
SpursLipu_YOLOv3-ModelCompression-MultidatasetTraining-Multibackbone.utils.quantized,quantized_ptq_cos,Round,forward,4,1,1
SpursLipu_YOLOv3-ModelCompression-MultidatasetTraining-Multibackbone.utils.quantized,quantized_ptq_cos,Quantizer,__init__,10,2,2
SpursLipu_YOLOv3-ModelCompression-MultidatasetTraining-Multibackbone.utils.quantized,quantized_ptq_cos,Quantizer,update_params,7,1,1
SpursLipu_YOLOv3-ModelCompression-MultidatasetTraining-Multibackbone.utils.quantized,quantized_ptq_cos,Quantizer,quantize,3,1,1
SpursLipu_YOLOv3-ModelCompression-MultidatasetTraining-Multibackbone.utils.quantized,quantized_ptq_cos,Quantizer,round,3,1,1
SpursLipu_YOLOv3-ModelCompression-MultidatasetTraining-Multibackbone.utils.quantized,quantized_ptq_cos,Quantizer,clamp,5,1,1
SpursLipu_YOLOv3-ModelCompression-MultidatasetTraining-Multibackbone.utils.quantized,quantized_ptq_cos,Quantizer,dequantize,3,1,1
SpursLipu_YOLOv3-ModelCompression-MultidatasetTraining-Multibackbone.utils.quantized,quantized_ptq_cos,Quantizer,forward,30,6,1
SpursLipu_YOLOv3-ModelCompression-MultidatasetTraining-Multibackbone.utils.quantized,quantized_ptq_cos,Quantizer,get_quantize_value,11,3,1
SpursLipu_YOLOv3-ModelCompression-MultidatasetTraining-Multibackbone.utils.quantized,quantized_ptq_cos,Quantizer,get_scale,4,1,0
SpursLipu_YOLOv3-ModelCompression-MultidatasetTraining-Multibackbone.utils.quantized,quantized_ptq_cos,BNFold_COSPTQuantizedConv2d_For_FPGA,__init__,39,2,21
SpursLipu_YOLOv3-ModelCompression-MultidatasetTraining-Multibackbone.utils.quantized,quantized_ptq_cos,BNFold_COSPTQuantizedConv2d_For_FPGA,forward,525,79,1
SpursLipu_YOLOv3-ModelCompression-MultidatasetTraining-Multibackbone.utils.quantized,quantized_ptq_cos,BNFold_COSPTQuantizedConv2d_For_FPGA,BN_fuse,16,3,0
SpursLipu_YOLOv3-ModelCompression-MultidatasetTraining-Multibackbone.utils.quantized,quantized_ptq_cos,COSPTQuantizedShortcut_min,__init__,23,2,9
SpursLipu_YOLOv3-ModelCompression-MultidatasetTraining-Multibackbone.utils.quantized,quantized_ptq_cos,COSPTQuantizedShortcut_min,quantize,8,4,2
SpursLipu_YOLOv3-ModelCompression-MultidatasetTraining-Multibackbone.utils.quantized,quantized_ptq_cos,COSPTQuantizedShortcut_min,round,3,1,1
SpursLipu_YOLOv3-ModelCompression-MultidatasetTraining-Multibackbone.utils.quantized,quantized_ptq_cos,COSPTQuantizedShortcut_min,clamp,5,1,1
SpursLipu_YOLOv3-ModelCompression-MultidatasetTraining-Multibackbone.utils.quantized,quantized_ptq_cos,COSPTQuantizedShortcut_min,dequantize,8,4,2
SpursLipu_YOLOv3-ModelCompression-MultidatasetTraining-Multibackbone.utils.quantized,quantized_ptq_cos,COSPTQuantizedShortcut_min,update_params,16,4,2
SpursLipu_YOLOv3-ModelCompression-MultidatasetTraining-Multibackbone.utils.quantized,quantized_ptq_cos,COSPTQuantizedShortcut_min,forward,232,41,2
SpursLipu_YOLOv3-ModelCompression-MultidatasetTraining-Multibackbone.utils.quantized,quantized_ptq_cos,COSPTQuantizedShortcut_max,__init__,21,2,9
SpursLipu_YOLOv3-ModelCompression-MultidatasetTraining-Multibackbone.utils.quantized,quantized_ptq_cos,COSPTQuantizedShortcut_max,quantize,8,4,2
SpursLipu_YOLOv3-ModelCompression-MultidatasetTraining-Multibackbone.utils.quantized,quantized_ptq_cos,COSPTQuantizedShortcut_max,round,3,1,1
SpursLipu_YOLOv3-ModelCompression-MultidatasetTraining-Multibackbone.utils.quantized,quantized_ptq_cos,COSPTQuantizedShortcut_max,clamp,5,1,1
SpursLipu_YOLOv3-ModelCompression-MultidatasetTraining-Multibackbone.utils.quantized,quantized_ptq_cos,COSPTQuantizedShortcut_max,dequantize,8,4,2
SpursLipu_YOLOv3-ModelCompression-MultidatasetTraining-Multibackbone.utils.quantized,quantized_ptq_cos,COSPTQuantizedShortcut_max,update_params,16,4,2
SpursLipu_YOLOv3-ModelCompression-MultidatasetTraining-Multibackbone.utils.quantized,quantized_ptq_cos,COSPTQuantizedShortcut_max,forward,223,38,2
SpursLipu_YOLOv3-ModelCompression-MultidatasetTraining-Multibackbone.utils.quantized,quantized_ptq_cos,COSPTQuantizedFeatureConcat,__init__,15,1,9
SpursLipu_YOLOv3-ModelCompression-MultidatasetTraining-Multibackbone.utils.quantized,quantized_ptq_cos,COSPTQuantizedFeatureConcat,quantize,3,1,1
SpursLipu_YOLOv3-ModelCompression-MultidatasetTraining-Multibackbone.utils.quantized,quantized_ptq_cos,COSPTQuantizedFeatureConcat,round,3,1,1
SpursLipu_YOLOv3-ModelCompression-MultidatasetTraining-Multibackbone.utils.quantized,quantized_ptq_cos,COSPTQuantizedFeatureConcat,clamp,5,1,1
SpursLipu_YOLOv3-ModelCompression-MultidatasetTraining-Multibackbone.utils.quantized,quantized_ptq_cos,COSPTQuantizedFeatureConcat,dequantize,3,1,1
SpursLipu_YOLOv3-ModelCompression-MultidatasetTraining-Multibackbone.utils.quantized,quantized_ptq_cos,COSPTQuantizedFeatureConcat,forward,151,19,2
SpursLipu_YOLOv3-ModelCompression-MultidatasetTraining-Multibackbone.utils.quantized,quantized_ptq_cos,,reshape_to_activation,2,1,1
SpursLipu_YOLOv3-ModelCompression-MultidatasetTraining-Multibackbone.utils.quantized,quantized_ptq_cos,,reshape_to_weight,2,1,1
SpursLipu_YOLOv3-ModelCompression-MultidatasetTraining-Multibackbone.utils.quantized,quantized_ptq_cos,,reshape_to_bias,2,1,1
