Package,Module,Class,Smell,Function/Method,Line no,File,Details
AFAgarap_cnn-svm,main,,Long statement,,83,/Volumes/BrokeExt/NICHE/AFAgarap_cnn-svm/main.py,A line with 133 chars in main exceeds the maximum length of 120 characters.
AFAgarap_cnn-svm,main,,Long statement,,91,/Volumes/BrokeExt/NICHE/AFAgarap_cnn-svm/main.py,A line with 140 chars in main exceeds the maximum length of 120 characters.
AFAgarap_cnn-svm,main,,Long statement,,98,/Volumes/BrokeExt/NICHE/AFAgarap_cnn-svm/main.py,A line with 133 chars in main exceeds the maximum length of 120 characters.
AFAgarap_cnn-svm.cnn_svm.models,cnn,CNN,Long statement,__init__,25,/Volumes/BrokeExt/NICHE/AFAgarap_cnn-svm/cnn_svm/models/cnn.py,A line with 135 chars in __init__ exceeds the maximum length of 120 characters.
AFAgarap_cnn-svm.cnn_svm.models,cnn,CNN,Long statement,__init__,33,/Volumes/BrokeExt/NICHE/AFAgarap_cnn-svm/cnn_svm/models/cnn.py,A line with 135 chars in __init__ exceeds the maximum length of 120 characters.
AFAgarap_cnn-svm.cnn_svm.utils,data,,Long statement,load_tfds,18,/Volumes/BrokeExt/NICHE/AFAgarap_cnn-svm/cnn_svm/utils/data.py,A line with 413 chars in load_tfds exceeds the maximum length of 120 characters.
AFAgarap_cnn-svm.cnn_svm.utils,data,,Long statement,create_dataset,64,/Volumes/BrokeExt/NICHE/AFAgarap_cnn-svm/cnn_svm/utils/data.py,A line with 522 chars in create_dataset exceeds the maximum length of 120 characters.
AFAgarap_cnn-svm.cnn_svm.utils,data,,Magic number,load_tfds,44,/Volumes/BrokeExt/NICHE/AFAgarap_cnn-svm/cnn_svm/utils/data.py,Magic number 255.0 used in load_tfds.
AFAgarap_cnn-svm.cnn_svm.utils,data,,Magic number,load_tfds,53,/Volumes/BrokeExt/NICHE/AFAgarap_cnn-svm/cnn_svm/utils/data.py,Magic number 255.0 used in load_tfds.
AFAgarap_cnn-svm.model,cnn_softmax,CNN,Complex method,train,130 - 221,/Volumes/BrokeExt/NICHE/AFAgarap_cnn-svm/model/cnn_softmax.py,"Method 'train' has a cyclomatic complexity of 7, exceeding the max of 6."
AFAgarap_cnn-svm.model,cnn_softmax,CNN,Long method,__init__,29 - 128,/Volumes/BrokeExt/NICHE/AFAgarap_cnn-svm/model/cnn_softmax.py,Method '__init__' is too long (92 lines).
AFAgarap_cnn-svm.model,cnn_softmax,CNN,Long method,train,130 - 221,/Volumes/BrokeExt/NICHE/AFAgarap_cnn-svm/model/cnn_softmax.py,Method 'train' is too long (77 lines).
AFAgarap_cnn-svm.model,cnn_softmax,CNN,Long statement,__init__,30,/Volumes/BrokeExt/NICHE/AFAgarap_cnn-svm/model/cnn_softmax.py,A line with 339 chars in __init__ exceeds the maximum length of 120 characters.
AFAgarap_cnn-svm.model,cnn_softmax,CNN,Long statement,train,131,/Volumes/BrokeExt/NICHE/AFAgarap_cnn-svm/model/cnn_softmax.py,A line with 383 chars in train exceeds the maximum length of 120 characters.
AFAgarap_cnn-svm.model,cnn_softmax,CNN,Long statement,weight_variable,225,/Volumes/BrokeExt/NICHE/AFAgarap_cnn-svm/model/cnn_softmax.py,A line with 202 chars in weight_variable exceeds the maximum length of 120 characters.
AFAgarap_cnn-svm.model,cnn_softmax,CNN,Long statement,bias_variable,235,/Volumes/BrokeExt/NICHE/AFAgarap_cnn-svm/model/cnn_softmax.py,A line with 184 chars in bias_variable exceeds the maximum length of 120 characters.
AFAgarap_cnn-svm.model,cnn_softmax,CNN,Long statement,conv2d,245,/Volumes/BrokeExt/NICHE/AFAgarap_cnn-svm/model/cnn_softmax.py,A line with 222 chars in conv2d exceeds the maximum length of 120 characters.
AFAgarap_cnn-svm.model,cnn_softmax,CNN,Long statement,max_pool_2x2,255,/Volumes/BrokeExt/NICHE/AFAgarap_cnn-svm/model/cnn_softmax.py,A line with 153 chars in max_pool_2x2 exceeds the maximum length of 120 characters.
AFAgarap_cnn-svm.model,cnn_softmax,CNN,Magic number,train,176,/Volumes/BrokeExt/NICHE/AFAgarap_cnn-svm/model/cnn_softmax.py,Magic number 0.5 used in train.
AFAgarap_cnn-svm.model,cnn_softmax,CNN,Magic number,train,185,/Volumes/BrokeExt/NICHE/AFAgarap_cnn-svm/model/cnn_softmax.py,Magic number 100 used in train.
AFAgarap_cnn-svm.model,cnn_svm,CNNSVM,Complex method,train,137 - 230,/Volumes/BrokeExt/NICHE/AFAgarap_cnn-svm/model/cnn_svm.py,"Method 'train' has a cyclomatic complexity of 7, exceeding the max of 6."
AFAgarap_cnn-svm.model,cnn_svm,CNNSVM,Long method,__init__,29 - 135,/Volumes/BrokeExt/NICHE/AFAgarap_cnn-svm/model/cnn_svm.py,Method '__init__' is too long (98 lines).
AFAgarap_cnn-svm.model,cnn_svm,CNNSVM,Long method,train,137 - 230,/Volumes/BrokeExt/NICHE/AFAgarap_cnn-svm/model/cnn_svm.py,Method 'train' is too long (79 lines).
AFAgarap_cnn-svm.model,cnn_svm,CNNSVM,Long statement,__init__,30,/Volumes/BrokeExt/NICHE/AFAgarap_cnn-svm/model/cnn_svm.py,A line with 399 chars in __init__ exceeds the maximum length of 120 characters.
AFAgarap_cnn-svm.model,cnn_svm,CNNSVM,Long statement,train,138,/Volumes/BrokeExt/NICHE/AFAgarap_cnn-svm/model/cnn_svm.py,A line with 383 chars in train exceeds the maximum length of 120 characters.
AFAgarap_cnn-svm.model,cnn_svm,CNNSVM,Long statement,weight_variable,234,/Volumes/BrokeExt/NICHE/AFAgarap_cnn-svm/model/cnn_svm.py,A line with 202 chars in weight_variable exceeds the maximum length of 120 characters.
AFAgarap_cnn-svm.model,cnn_svm,CNNSVM,Long statement,bias_variable,244,/Volumes/BrokeExt/NICHE/AFAgarap_cnn-svm/model/cnn_svm.py,A line with 184 chars in bias_variable exceeds the maximum length of 120 characters.
AFAgarap_cnn-svm.model,cnn_svm,CNNSVM,Long statement,conv2d,254,/Volumes/BrokeExt/NICHE/AFAgarap_cnn-svm/model/cnn_svm.py,A line with 222 chars in conv2d exceeds the maximum length of 120 characters.
AFAgarap_cnn-svm.model,cnn_svm,CNNSVM,Long statement,max_pool_2x2,264,/Volumes/BrokeExt/NICHE/AFAgarap_cnn-svm/model/cnn_svm.py,A line with 153 chars in max_pool_2x2 exceeds the maximum length of 120 characters.
AFAgarap_cnn-svm.model,cnn_svm,CNNSVM,Magic number,train,184,/Volumes/BrokeExt/NICHE/AFAgarap_cnn-svm/model/cnn_svm.py,Magic number 0.5 used in train.
AFAgarap_cnn-svm.model,cnn_svm,CNNSVM,Magic number,train,193,/Volumes/BrokeExt/NICHE/AFAgarap_cnn-svm/model/cnn_svm.py,Magic number 100 used in train.
AFAgarap_cnn-svm.pt_cnn_svm.models,cnn,CNN,Long statement,__init__,31,/Volumes/BrokeExt/NICHE/AFAgarap_cnn-svm/pt_cnn_svm/models/cnn.py,A line with 457 chars in __init__ exceeds the maximum length of 120 characters.
AFAgarap_cnn-svm.pt_cnn_svm.models,cnn,CNN,Long statement,__init__,46,/Volumes/BrokeExt/NICHE/AFAgarap_cnn-svm/pt_cnn_svm/models/cnn.py,A line with 552 chars in __init__ exceeds the maximum length of 120 characters.
AFAgarap_cnn-svm.pt_cnn_svm.models,cnn,CNN,Long statement,forward,76,/Volumes/BrokeExt/NICHE/AFAgarap_cnn-svm/pt_cnn_svm/models/cnn.py,A line with 264 chars in forward exceeds the maximum length of 120 characters.
AFAgarap_cnn-svm.pt_cnn_svm.models,cnn,CNN,Long statement,predict,99,/Volumes/BrokeExt/NICHE/AFAgarap_cnn-svm/pt_cnn_svm/models/cnn.py,A line with 473 chars in predict exceeds the maximum length of 120 characters.
AFAgarap_cnn-svm.pt_cnn_svm.models,cnn,CNN,Long statement,fit,121,/Volumes/BrokeExt/NICHE/AFAgarap_cnn-svm/pt_cnn_svm/models/cnn.py,A line with 290 chars in fit exceeds the maximum length of 120 characters.
AFAgarap_cnn-svm.pt_cnn_svm.models,cnn,CNN,Long statement,epoch_train,141,/Volumes/BrokeExt/NICHE/AFAgarap_cnn-svm/pt_cnn_svm/models/cnn.py,A line with 381 chars in epoch_train exceeds the maximum length of 120 characters.
AFAgarap_cnn-svm.pt_cnn_svm.models,cnn,CNN,Magic number,__init__,27,/Volumes/BrokeExt/NICHE/AFAgarap_cnn-svm/pt_cnn_svm/models/cnn.py,Magic number 10 used in __init__.
AFAgarap_cnn-svm.pt_cnn_svm.models,cnn,CNN,Magic number,__init__,29,/Volumes/BrokeExt/NICHE/AFAgarap_cnn-svm/pt_cnn_svm/models/cnn.py,Magic number 0.0001 used in __init__.
