Package,Module,Class,Function,LOC,CC,PC
AFAgarap_cnn-svm,main,,parse_args,34,1,0
AFAgarap_cnn-svm.cnn_svm.models,cnn,CNN,__init__,26,1,0
AFAgarap_cnn-svm.cnn_svm.models,cnn,CNN,call,9,3,1
AFAgarap_cnn-svm.cnn_svm.models,cnn,CNN,fit,6,2,2
AFAgarap_cnn-svm.cnn_svm.models,cnn,CNN,epoch_train,11,2,2
AFAgarap_cnn-svm.cnn_svm.utils,data,,load_tfds,16,1,1
AFAgarap_cnn-svm.cnn_svm.utils,data,,create_dataset,11,2,4
AFAgarap_cnn-svm.model,cnn_softmax,CNN,__init__,92,1,4
AFAgarap_cnn-svm.model,cnn_softmax,CNN,train,77,7,5
AFAgarap_cnn-svm.model,cnn_softmax,CNN,weight_variable,4,1,1
AFAgarap_cnn-svm.model,cnn_softmax,CNN,bias_variable,4,1,1
AFAgarap_cnn-svm.model,cnn_softmax,CNN,conv2d,3,1,2
AFAgarap_cnn-svm.model,cnn_softmax,CNN,max_pool_2x2,5,1,1
AFAgarap_cnn-svm.model,cnn_svm,CNNSVM,__init__,98,1,5
AFAgarap_cnn-svm.model,cnn_svm,CNNSVM,train,79,7,5
AFAgarap_cnn-svm.model,cnn_svm,CNNSVM,weight_variable,4,1,1
AFAgarap_cnn-svm.model,cnn_svm,CNNSVM,bias_variable,4,1,1
AFAgarap_cnn-svm.model,cnn_svm,CNNSVM,conv2d,3,1,2
AFAgarap_cnn-svm.model,cnn_svm,CNNSVM,max_pool_2x2,5,1,1
AFAgarap_cnn-svm.pt_cnn_svm.models,cnn,CNN,__init__,32,1,4
AFAgarap_cnn-svm.pt_cnn_svm.models,cnn,CNN,forward,11,3,1
AFAgarap_cnn-svm.pt_cnn_svm.models,cnn,CNN,predict,6,1,2
AFAgarap_cnn-svm.pt_cnn_svm.models,cnn,CNN,fit,10,3,2
AFAgarap_cnn-svm.pt_cnn_svm.models,cnn,CNN,epoch_train,15,2,2
