Package,Module,Class,Function,LOC,CC,PC
yunjey_pytorch-tutorial.tutorials.01-basics.feedforward_neural_network,main,NeuralNet,__init__,5,1,3
yunjey_pytorch-tutorial.tutorials.01-basics.feedforward_neural_network,main,NeuralNet,forward,5,1,1
yunjey_pytorch-tutorial.tutorials.01-basics.pytorch_basics,main,CustomDataset,__init__,2,1,0
yunjey_pytorch-tutorial.tutorials.01-basics.pytorch_basics,main,CustomDataset,__getitem__,2,1,1
yunjey_pytorch-tutorial.tutorials.01-basics.pytorch_basics,main,CustomDataset,__len__,2,1,0
yunjey_pytorch-tutorial.tutorials.02-intermediate.bidirectional_recurrent_neural_network,main,BiRNN,__init__,6,1,4
yunjey_pytorch-tutorial.tutorials.02-intermediate.bidirectional_recurrent_neural_network,main,BiRNN,forward,6,1,1
yunjey_pytorch-tutorial.tutorials.02-intermediate.convolutional_neural_network,main,ConvNet,__init__,13,1,1
yunjey_pytorch-tutorial.tutorials.02-intermediate.convolutional_neural_network,main,ConvNet,forward,6,1,1
yunjey_pytorch-tutorial.tutorials.02-intermediate.deep_residual_network,main,ResidualBlock,__init__,8,1,4
yunjey_pytorch-tutorial.tutorials.02-intermediate.deep_residual_network,main,ResidualBlock,forward,12,2,1
yunjey_pytorch-tutorial.tutorials.02-intermediate.deep_residual_network,main,ResNet,__init__,11,1,3
yunjey_pytorch-tutorial.tutorials.02-intermediate.deep_residual_network,main,ResNet,make_layer,12,4,4
yunjey_pytorch-tutorial.tutorials.02-intermediate.deep_residual_network,main,ResNet,forward,11,1,1
yunjey_pytorch-tutorial.tutorials.02-intermediate.deep_residual_network,main,,conv3x3,3,1,3
yunjey_pytorch-tutorial.tutorials.02-intermediate.deep_residual_network,main,,update_lr,3,2,2
yunjey_pytorch-tutorial.tutorials.02-intermediate.language_model,data_utils,Dictionary,__init__,4,1,0
yunjey_pytorch-tutorial.tutorials.02-intermediate.language_model,data_utils,Dictionary,add_word,5,2,1
yunjey_pytorch-tutorial.tutorials.02-intermediate.language_model,data_utils,Dictionary,__len__,2,1,0
yunjey_pytorch-tutorial.tutorials.02-intermediate.language_model,data_utils,Corpus,__init__,2,1,0
yunjey_pytorch-tutorial.tutorials.02-intermediate.language_model,data_utils,Corpus,get_data,19,5,2
yunjey_pytorch-tutorial.tutorials.02-intermediate.language_model,main,RNNLM,__init__,5,1,4
yunjey_pytorch-tutorial.tutorials.02-intermediate.language_model,main,RNNLM,forward,6,1,2
yunjey_pytorch-tutorial.tutorials.02-intermediate.language_model,main,,detach,2,1,1
yunjey_pytorch-tutorial.tutorials.02-intermediate.recurrent_neural_network,main,RNN,__init__,6,1,4
yunjey_pytorch-tutorial.tutorials.02-intermediate.recurrent_neural_network,main,RNN,forward,6,1,1
yunjey_pytorch-tutorial.tutorials.03-advanced.generative_adversarial_network,main,,denorm,3,1,1
yunjey_pytorch-tutorial.tutorials.03-advanced.generative_adversarial_network,main,,reset_grad,3,1,0
yunjey_pytorch-tutorial.tutorials.03-advanced.image_captioning,build_vocab,Vocabulary,__init__,4,1,0
yunjey_pytorch-tutorial.tutorials.03-advanced.image_captioning,build_vocab,Vocabulary,add_word,5,2,1
yunjey_pytorch-tutorial.tutorials.03-advanced.image_captioning,build_vocab,Vocabulary,__call__,4,1,1
yunjey_pytorch-tutorial.tutorials.03-advanced.image_captioning,build_vocab,Vocabulary,__len__,2,1,0
yunjey_pytorch-tutorial.tutorials.03-advanced.image_captioning,build_vocab,,build_vocab,20,4,2
yunjey_pytorch-tutorial.tutorials.03-advanced.image_captioning,build_vocab,,main,7,1,1
yunjey_pytorch-tutorial.tutorials.03-advanced.image_captioning,data_loader,CocoDataset,__init__,7,1,4
yunjey_pytorch-tutorial.tutorials.03-advanced.image_captioning,data_loader,CocoDataset,__getitem__,17,2,1
yunjey_pytorch-tutorial.tutorials.03-advanced.image_captioning,data_loader,CocoDataset,__len__,2,1,0
yunjey_pytorch-tutorial.tutorials.03-advanced.image_captioning,data_loader,,collate_fn,11,2,1
yunjey_pytorch-tutorial.tutorials.03-advanced.image_captioning,data_loader,,get_loader,11,1,7
yunjey_pytorch-tutorial.tutorials.03-advanced.image_captioning,model,EncoderCNN,__init__,7,1,1
yunjey_pytorch-tutorial.tutorials.03-advanced.image_captioning,model,EncoderCNN,forward,6,1,1
yunjey_pytorch-tutorial.tutorials.03-advanced.image_captioning,model,DecoderRNN,__init__,6,1,5
yunjey_pytorch-tutorial.tutorials.03-advanced.image_captioning,model,DecoderRNN,forward,7,1,3
yunjey_pytorch-tutorial.tutorials.03-advanced.image_captioning,model,DecoderRNN,sample,12,2,2
yunjey_pytorch-tutorial.tutorials.03-advanced.image_captioning,resize,,resize_image,2,1,2
yunjey_pytorch-tutorial.tutorials.03-advanced.image_captioning,resize,,resize_images,13,4,3
yunjey_pytorch-tutorial.tutorials.03-advanced.image_captioning,resize,,main,5,1,1
yunjey_pytorch-tutorial.tutorials.03-advanced.image_captioning,sample,,load_image,6,2,2
yunjey_pytorch-tutorial.tutorials.03-advanced.image_captioning,sample,,main,28,3,1
yunjey_pytorch-tutorial.tutorials.03-advanced.image_captioning,train,,main,48,6,1
yunjey_pytorch-tutorial.tutorials.03-advanced.neural_style_transfer,main,VGGNet,__init__,4,1,0
yunjey_pytorch-tutorial.tutorials.03-advanced.neural_style_transfer,main,VGGNet,forward,7,3,1
yunjey_pytorch-tutorial.tutorials.03-advanced.neural_style_transfer,main,,load_image,11,4,4
yunjey_pytorch-tutorial.tutorials.03-advanced.neural_style_transfer,main,,main,51,5,1
yunjey_pytorch-tutorial.tutorials.03-advanced.variational_autoencoder,main,VAE,__init__,7,1,3
yunjey_pytorch-tutorial.tutorials.03-advanced.variational_autoencoder,main,VAE,encode,3,1,1
yunjey_pytorch-tutorial.tutorials.03-advanced.variational_autoencoder,main,VAE,reparameterize,4,1,2
yunjey_pytorch-tutorial.tutorials.03-advanced.variational_autoencoder,main,VAE,decode,3,1,1
yunjey_pytorch-tutorial.tutorials.03-advanced.variational_autoencoder,main,VAE,forward,5,1,1
yunjey_pytorch-tutorial.tutorials.04-utils.tensorboard,logger,Logger,__init__,2,1,1
yunjey_pytorch-tutorial.tutorials.04-utils.tensorboard,logger,Logger,scalar_summary,3,1,3
yunjey_pytorch-tutorial.tutorials.04-utils.tensorboard,logger,Logger,image_summary,18,3,3
yunjey_pytorch-tutorial.tutorials.04-utils.tensorboard,logger,Logger,histo_summary,16,3,4
yunjey_pytorch-tutorial.tutorials.04-utils.tensorboard,main,NeuralNet,__init__,5,1,3
yunjey_pytorch-tutorial.tutorials.04-utils.tensorboard,main,NeuralNet,forward,5,1,1
