Package,Module,Class,Smell,Function/Method,Line no,File,Details
philipperemy_deep-speaker,example_pcm,,Long statement,,15,/Volumes/BrokeExt/NICHE/philipperemy_deep-speaker/example_pcm.py,A line with 132 chars in example_pcm exceeds the maximum length of 120 characters.
philipperemy_deep-speaker,setup,,Long statement,,13,/Volumes/BrokeExt/NICHE/philipperemy_deep-speaker/setup.py,A line with 155 chars in setup exceeds the maximum length of 120 characters.
philipperemy_deep-speaker,setup,,Long statement,,28,/Volumes/BrokeExt/NICHE/philipperemy_deep-speaker/setup.py,A line with 260 chars in setup exceeds the maximum length of 120 characters.
philipperemy_deep-speaker.deep_speaker,audio,,Long identifier,extract_speaker_and_utterance_ids,30,/Volumes/BrokeExt/NICHE/philipperemy_deep-speaker/deep_speaker/audio.py,Identifier'extract_speaker_and_utterance_ids' exceeds the maximum length of 30 characters.
philipperemy_deep-speaker.deep_speaker,audio,,Magic number,extract_speaker_and_utterance_ids,32,/Volumes/BrokeExt/NICHE/philipperemy_deep-speaker/deep_speaker/audio.py,Magic number 3 used in extract_speaker_and_utterance_ids.
philipperemy_deep-speaker.deep_speaker,audio,,Magic number,normalize_frames,120,/Volumes/BrokeExt/NICHE/philipperemy_deep-speaker/deep_speaker/audio.py,Magic number 1e-12 used in normalize_frames.
philipperemy_deep-speaker.deep_speaker,batcher,LazyTripletBatcher,Complex method,get_batch_train,224 - 318,/Volumes/BrokeExt/NICHE/philipperemy_deep-speaker/deep_speaker/batcher.py,"Method 'get_batch_train' has a cyclomatic complexity of 7, exceeding the max of 6."
philipperemy_deep-speaker.deep_speaker,batcher,TripletBatcherMiner,Long identifier,,398,/Volumes/BrokeExt/NICHE/philipperemy_deep-speaker/deep_speaker/batcher.py,Identifier'num_evaluations_to_find_best_batch' exceeds the maximum length of 30 characters.
philipperemy_deep-speaker.deep_speaker,batcher,TripletBatcherSelectHardNegatives,Long identifier,,419,/Volumes/BrokeExt/NICHE/philipperemy_deep-speaker/deep_speaker/batcher.py,Identifier'TripletBatcherSelectHardNegatives' exceeds the maximum length of 30 characters.
philipperemy_deep-speaker.deep_speaker,batcher,LazyTripletBatcher,Long method,get_batch_train,224 - 318,/Volumes/BrokeExt/NICHE/philipperemy_deep-speaker/deep_speaker/batcher.py,Method 'get_batch_train' is too long (59 lines).
philipperemy_deep-speaker.deep_speaker,batcher,KerasFormatConverter,Long parameter list,load_into_mat,90 - 92,/Volumes/BrokeExt/NICHE/philipperemy_deep-speaker/deep_speaker/batcher.py,"load_into_mat has 7 parameters, exceeding the max of 5."
philipperemy_deep-speaker.deep_speaker,batcher,KerasFormatConverter,Long statement,generate_per_phase,76,/Volumes/BrokeExt/NICHE/philipperemy_deep-speaker/deep_speaker/batcher.py,A line with 122 chars in generate_per_phase exceeds the maximum length of 120 characters.
philipperemy_deep-speaker.deep_speaker,batcher,LazyTripletBatcher,Long statement,get_random_batch,207,/Volumes/BrokeExt/NICHE/philipperemy_deep-speaker/deep_speaker/batcher.py,A line with 131 chars in get_random_batch exceeds the maximum length of 120 characters.
philipperemy_deep-speaker.deep_speaker,batcher,LazyTripletBatcher,Long statement,get_random_batch,212,/Volumes/BrokeExt/NICHE/philipperemy_deep-speaker/deep_speaker/batcher.py,A line with 131 chars in get_random_batch exceeds the maximum length of 120 characters.
philipperemy_deep-speaker.deep_speaker,batcher,LazyTripletBatcher,Long statement,get_random_batch,215,/Volumes/BrokeExt/NICHE/philipperemy_deep-speaker/deep_speaker/batcher.py,A line with 241 chars in get_random_batch exceeds the maximum length of 120 characters.
philipperemy_deep-speaker.deep_speaker,batcher,LazyTripletBatcher,Long statement,get_batch_train,258,/Volumes/BrokeExt/NICHE/philipperemy_deep-speaker/deep_speaker/batcher.py,A line with 139 chars in get_batch_train exceeds the maximum length of 120 characters.
philipperemy_deep-speaker.deep_speaker,batcher,LazyTripletBatcher,Long statement,get_batch_train,269,/Volumes/BrokeExt/NICHE/philipperemy_deep-speaker/deep_speaker/batcher.py,A line with 173 chars in get_batch_train exceeds the maximum length of 120 characters.
philipperemy_deep-speaker.deep_speaker,batcher,LazyTripletBatcher,Long statement,get_speaker_verification_data,336,/Volumes/BrokeExt/NICHE/philipperemy_deep-speaker/deep_speaker/batcher.py,A line with 131 chars in get_speaker_verification_data exceeds the maximum length of 120 characters.
philipperemy_deep-speaker.deep_speaker,batcher,LazyTripletBatcher,Long statement,get_speaker_verification_data,339,/Volumes/BrokeExt/NICHE/philipperemy_deep-speaker/deep_speaker/batcher.py,A line with 241 chars in get_speaker_verification_data exceeds the maximum length of 120 characters.
philipperemy_deep-speaker.deep_speaker,batcher,TripletBatcher,Long statement,get_batch,388,/Volumes/BrokeExt/NICHE/philipperemy_deep-speaker/deep_speaker/batcher.py,A line with 251 chars in get_batch exceeds the maximum length of 120 characters.
philipperemy_deep-speaker.deep_speaker,batcher,KerasFormatConverter,Magic number,generate_per_phase,62,/Volumes/BrokeExt/NICHE/philipperemy_deep-speaker/deep_speaker/batcher.py,Magic number 3000 used in generate_per_phase.
philipperemy_deep-speaker.deep_speaker,batcher,KerasFormatConverter,Magic number,generate,80,/Volumes/BrokeExt/NICHE/philipperemy_deep-speaker/deep_speaker/batcher.py,Magic number 3000 used in generate.
philipperemy_deep-speaker.deep_speaker,batcher,KerasFormatConverter,Magic number,generate,80,/Volumes/BrokeExt/NICHE/philipperemy_deep-speaker/deep_speaker/batcher.py,Magic number 500 used in generate.
philipperemy_deep-speaker.deep_speaker,batcher,LazyTripletBatcher,Magic number,__init__,134,/Volumes/BrokeExt/NICHE/philipperemy_deep-speaker/deep_speaker/batcher.py,Magic number 2 used in __init__.
philipperemy_deep-speaker.deep_speaker,batcher,LazyTripletBatcher,Magic number,__init__,135,/Volumes/BrokeExt/NICHE/philipperemy_deep-speaker/deep_speaker/batcher.py,Magic number 640 used in __init__.
philipperemy_deep-speaker.deep_speaker,batcher,LazyTripletBatcher,Magic number,__init__,136,/Volumes/BrokeExt/NICHE/philipperemy_deep-speaker/deep_speaker/batcher.py,Magic number 4 used in __init__.
philipperemy_deep-speaker.deep_speaker,batcher,LazyTripletBatcher,Magic number,__init__,137,/Volumes/BrokeExt/NICHE/philipperemy_deep-speaker/deep_speaker/batcher.py,Magic number 100 used in __init__.
philipperemy_deep-speaker.deep_speaker,batcher,LazyTripletBatcher,Magic number,update_triplets_history,167,/Volumes/BrokeExt/NICHE/philipperemy_deep-speaker/deep_speaker/batcher.py,Magic number 512 used in update_triplets_history.
philipperemy_deep-speaker.deep_speaker,batcher,TripletBatcherMiner,Magic number,__init__,403,/Volumes/BrokeExt/NICHE/philipperemy_deep-speaker/deep_speaker/batcher.py,Magic number 10 used in __init__.
philipperemy_deep-speaker.deep_speaker,batcher,TripletBatcherSelectHardNegatives,Magic number,get_batch,431,/Volumes/BrokeExt/NICHE/philipperemy_deep-speaker/deep_speaker/batcher.py,Magic number 2 used in get_batch.
philipperemy_deep-speaker.deep_speaker,batcher,TripletBatcherSelectHardNegatives,Magic number,get_batch,429,/Volumes/BrokeExt/NICHE/philipperemy_deep-speaker/deep_speaker/batcher.py,Magic number 3 used in get_batch.
philipperemy_deep-speaker.deep_speaker,batcher,TripletBatcherSelectHardNegatives,Magic number,get_batch,436,/Volumes/BrokeExt/NICHE/philipperemy_deep-speaker/deep_speaker/batcher.py,Magic number 512 used in get_batch.
philipperemy_deep-speaker.deep_speaker,conv_models,DeepSpeakerModel,Complex method,__init__,105 - 163,/Volumes/BrokeExt/NICHE/philipperemy_deep-speaker/deep_speaker/conv_models.py,"Method '__init__' has a cyclomatic complexity of 8, exceeding the max of 6."
philipperemy_deep-speaker.deep_speaker,conv_models,,Long statement,tf_fbank,86,/Volumes/BrokeExt/NICHE/philipperemy_deep-speaker/deep_speaker/conv_models.py,A line with 204 chars in tf_fbank exceeds the maximum length of 120 characters.
philipperemy_deep-speaker.deep_speaker,conv_models,DeepSpeakerModel,Long statement,identity_block,183,/Volumes/BrokeExt/NICHE/philipperemy_deep-speaker/deep_speaker/conv_models.py,A line with 216 chars in identity_block exceeds the maximum length of 120 characters.
philipperemy_deep-speaker.deep_speaker,conv_models,DeepSpeakerModel,Long statement,identity_block,194,/Volumes/BrokeExt/NICHE/philipperemy_deep-speaker/deep_speaker/conv_models.py,A line with 205 chars in identity_block exceeds the maximum length of 120 characters.
philipperemy_deep-speaker.deep_speaker,conv_models,DeepSpeakerModel,Long statement,conv_and_res_block,215,/Volumes/BrokeExt/NICHE/philipperemy_deep-speaker/deep_speaker/conv_models.py,A line with 182 chars in conv_and_res_block exceeds the maximum length of 120 characters.
philipperemy_deep-speaker.deep_speaker,conv_models,,Magic number,tf_fbank,61,/Volumes/BrokeExt/NICHE/philipperemy_deep-speaker/deep_speaker/conv_models.py,Magic number 512 used in tf_fbank.
philipperemy_deep-speaker.deep_speaker,conv_models,,Magic number,tf_fbank,62,/Volumes/BrokeExt/NICHE/philipperemy_deep-speaker/deep_speaker/conv_models.py,Magic number 2 used in tf_fbank.
philipperemy_deep-speaker.deep_speaker,conv_models,,Magic number,tf_fbank,64,/Volumes/BrokeExt/NICHE/philipperemy_deep-speaker/deep_speaker/conv_models.py,Magic number 0.97 used in tf_fbank.
philipperemy_deep-speaker.deep_speaker,conv_models,,Magic number,_train,277,/Volumes/BrokeExt/NICHE/philipperemy_deep-speaker/deep_speaker/conv_models.py,Magic number 20 used in _train.
philipperemy_deep-speaker.deep_speaker,eval_metrics,,Long statement,calculate_roc,24,/Volumes/BrokeExt/NICHE/philipperemy_deep-speaker/deep_speaker/eval_metrics.py,A line with 161 chars in calculate_roc exceeds the maximum length of 120 characters.
philipperemy_deep-speaker.deep_speaker,eval_metrics,,Magic number,calculate_accuracy,45,/Volumes/BrokeExt/NICHE/philipperemy_deep-speaker/deep_speaker/eval_metrics.py,Magic number 1e-12 used in calculate_accuracy.
philipperemy_deep-speaker.deep_speaker,eval_metrics,,Magic number,calculate_accuracy,46,/Volumes/BrokeExt/NICHE/philipperemy_deep-speaker/deep_speaker/eval_metrics.py,Magic number 1e-12 used in calculate_accuracy.
philipperemy_deep-speaker.deep_speaker,eval_metrics,,Magic number,calculate_accuracy,45,/Volumes/BrokeExt/NICHE/philipperemy_deep-speaker/deep_speaker/eval_metrics.py,Magic number 2 used in calculate_accuracy.
philipperemy_deep-speaker.deep_speaker,eval_metrics,,Magic number,calculate_eer,57,/Volumes/BrokeExt/NICHE/philipperemy_deep-speaker/deep_speaker/eval_metrics.py,Magic number 100000000 used in calculate_eer.
philipperemy_deep-speaker.deep_speaker,eval_metrics,,Magic number,calculate_eer,66,/Volumes/BrokeExt/NICHE/philipperemy_deep-speaker/deep_speaker/eval_metrics.py,Magic number 2 used in calculate_eer.
philipperemy_deep-speaker.deep_speaker,test,,Magic number,eval_model,33,/Volumes/BrokeExt/NICHE/philipperemy_deep-speaker/deep_speaker/test.py,Magic number 99 used in eval_model.
philipperemy_deep-speaker.deep_speaker,train,,Long parameter list,fit_model_softmax,47 - 74,/Volumes/BrokeExt/NICHE/philipperemy_deep-speaker/deep_speaker/train.py,"fit_model_softmax has 8 parameters, exceeding the max of 5."
philipperemy_deep-speaker.deep_speaker,train,,Long statement,fit_model,42,/Volumes/BrokeExt/NICHE/philipperemy_deep-speaker/deep_speaker/train.py,A line with 182 chars in fit_model exceeds the maximum length of 120 characters.
philipperemy_deep-speaker.deep_speaker,train,,Long statement,fit_model_softmax,66,/Volumes/BrokeExt/NICHE/philipperemy_deep-speaker/deep_speaker/train.py,A line with 234 chars in fit_model_softmax exceeds the maximum length of 120 characters.
philipperemy_deep-speaker.deep_speaker,train,,Magic number,fit_model_softmax,48,/Volumes/BrokeExt/NICHE/philipperemy_deep-speaker/deep_speaker/train.py,Magic number 1000 used in fit_model_softmax.
philipperemy_deep-speaker.deep_speaker,triplet_loss,,Magic number,deep_speaker_loss,29,/Volumes/BrokeExt/NICHE/philipperemy_deep-speaker/deep_speaker/triplet_loss.py,Magic number 3 used in deep_speaker_loss.
philipperemy_deep-speaker.deep_speaker,triplet_loss,,Magic number,deep_speaker_loss,32,/Volumes/BrokeExt/NICHE/philipperemy_deep-speaker/deep_speaker/triplet_loss.py,Magic number 2 used in deep_speaker_loss.
philipperemy_deep-speaker.deep_speaker,triplet_loss,,Magic number,deep_speaker_loss,33,/Volumes/BrokeExt/NICHE/philipperemy_deep-speaker/deep_speaker/triplet_loss.py,Magic number 2 used in deep_speaker_loss.
philipperemy_deep-speaker.deep_speaker,utils,,Magic number,delete_older_checkpoints,84,/Volumes/BrokeExt/NICHE/philipperemy_deep-speaker/deep_speaker/utils.py,Magic number 5 used in delete_older_checkpoints.
philipperemy_deep-speaker.deep_speaker.tests,batcher_t1,,Magic number,main2,21,/Volumes/BrokeExt/NICHE/philipperemy_deep-speaker/deep_speaker/tests/batcher_t1.py,Magic number 50 used in main2.
philipperemy_deep-speaker.deep_speaker.tests,batcher_t1,,Magic number,main2,22,/Volumes/BrokeExt/NICHE/philipperemy_deep-speaker/deep_speaker/tests/batcher_t1.py,Magic number 100 used in main2.
philipperemy_deep-speaker.deep_speaker.tests,batcher_t2,,Long statement,main2,22,/Volumes/BrokeExt/NICHE/philipperemy_deep-speaker/deep_speaker/tests/batcher_t2.py,A line with 135 chars in main2 exceeds the maximum length of 120 characters.
philipperemy_deep-speaker.deep_speaker.tests,batcher_t2,,Long statement,main2,25,/Volumes/BrokeExt/NICHE/philipperemy_deep-speaker/deep_speaker/tests/batcher_t2.py,A line with 134 chars in main2 exceeds the maximum length of 120 characters.
philipperemy_deep-speaker.deep_speaker.tests,batcher_t2,,Magic number,main2,16,/Volumes/BrokeExt/NICHE/philipperemy_deep-speaker/deep_speaker/tests/batcher_t2.py,Magic number 18 used in main2.
philipperemy_deep-speaker.deep_speaker.tests,triplet_loss_test,,Long identifier,opposite_positive_equal_negative_batch,8,/Volumes/BrokeExt/NICHE/philipperemy_deep-speaker/deep_speaker/tests/triplet_loss_test.py,Identifier'opposite_positive_equal_negative_batch' exceeds the maximum length of 30 characters.
philipperemy_deep-speaker.deep_speaker.tests,triplet_loss_test,,Long identifier,random_positive_random_negative_batch,26,/Volumes/BrokeExt/NICHE/philipperemy_deep-speaker/deep_speaker/tests/triplet_loss_test.py,Identifier'random_positive_random_negative_batch' exceeds the maximum length of 30 characters.
philipperemy_deep-speaker.deep_speaker.tests,triplet_loss_test,,Long identifier,equal_positive_random_negative_batch,32,/Volumes/BrokeExt/NICHE/philipperemy_deep-speaker/deep_speaker/tests/triplet_loss_test.py,Identifier'equal_positive_random_negative_batch' exceeds the maximum length of 30 characters.
philipperemy_deep-speaker.deep_speaker.tests,triplet_loss_test,,Long identifier,equal_positive_opposite_negative_batch,44,/Volumes/BrokeExt/NICHE/philipperemy_deep-speaker/deep_speaker/tests/triplet_loss_test.py,Identifier'equal_positive_opposite_negative_batch' exceeds the maximum length of 30 characters.
philipperemy_deep-speaker.deep_speaker.tests,triplet_loss_test,,Magic number,opposite_positive_equal_negative_batch,13,/Volumes/BrokeExt/NICHE/philipperemy_deep-speaker/deep_speaker/tests/triplet_loss_test.py,Magic number 2 used in opposite_positive_equal_negative_batch.
philipperemy_deep-speaker.deep_speaker.tests,triplet_loss_test,,Magic number,opposite_positive_equal_negative_batch,14,/Volumes/BrokeExt/NICHE/philipperemy_deep-speaker/deep_speaker/tests/triplet_loss_test.py,Magic number 3 used in opposite_positive_equal_negative_batch.
philipperemy_deep-speaker.deep_speaker.tests,triplet_loss_test,,Magic number,opposite_positive_equal_negative_batch,15,/Volumes/BrokeExt/NICHE/philipperemy_deep-speaker/deep_speaker/tests/triplet_loss_test.py,Magic number 4 used in opposite_positive_equal_negative_batch.
philipperemy_deep-speaker.deep_speaker.tests,triplet_loss_test,,Magic number,opposite_positive_equal_negative_batch,16,/Volumes/BrokeExt/NICHE/philipperemy_deep-speaker/deep_speaker/tests/triplet_loss_test.py,Magic number 5 used in opposite_positive_equal_negative_batch.
philipperemy_deep-speaker.deep_speaker.tests,triplet_loss_test,,Magic number,opposite_positive_equal_negative_batch,17,/Volumes/BrokeExt/NICHE/philipperemy_deep-speaker/deep_speaker/tests/triplet_loss_test.py,Magic number 12 used in opposite_positive_equal_negative_batch.
philipperemy_deep-speaker.deep_speaker.tests,triplet_loss_test,,Magic number,opposite_positive_equal_negative_batch,18,/Volumes/BrokeExt/NICHE/philipperemy_deep-speaker/deep_speaker/tests/triplet_loss_test.py,Magic number 13 used in opposite_positive_equal_negative_batch.
philipperemy_deep-speaker.deep_speaker.tests,triplet_loss_test,,Magic number,opposite_positive_equal_negative_batch,19,/Volumes/BrokeExt/NICHE/philipperemy_deep-speaker/deep_speaker/tests/triplet_loss_test.py,Magic number 14 used in opposite_positive_equal_negative_batch.
philipperemy_deep-speaker.deep_speaker.tests,triplet_loss_test,,Magic number,opposite_positive_equal_negative_batch,19,/Volumes/BrokeExt/NICHE/philipperemy_deep-speaker/deep_speaker/tests/triplet_loss_test.py,Magic number 2 used in opposite_positive_equal_negative_batch.
philipperemy_deep-speaker.deep_speaker.tests,triplet_loss_test,,Magic number,opposite_positive_equal_negative_batch,20,/Volumes/BrokeExt/NICHE/philipperemy_deep-speaker/deep_speaker/tests/triplet_loss_test.py,Magic number 15 used in opposite_positive_equal_negative_batch.
philipperemy_deep-speaker.deep_speaker.tests,triplet_loss_test,,Magic number,opposite_positive_equal_negative_batch,20,/Volumes/BrokeExt/NICHE/philipperemy_deep-speaker/deep_speaker/tests/triplet_loss_test.py,Magic number 3 used in opposite_positive_equal_negative_batch.
philipperemy_deep-speaker.deep_speaker.tests,triplet_loss_test,,Magic number,opposite_positive_equal_negative_batch,21,/Volumes/BrokeExt/NICHE/philipperemy_deep-speaker/deep_speaker/tests/triplet_loss_test.py,Magic number 16 used in opposite_positive_equal_negative_batch.
philipperemy_deep-speaker.deep_speaker.tests,triplet_loss_test,,Magic number,opposite_positive_equal_negative_batch,21,/Volumes/BrokeExt/NICHE/philipperemy_deep-speaker/deep_speaker/tests/triplet_loss_test.py,Magic number 4 used in opposite_positive_equal_negative_batch.
philipperemy_deep-speaker.deep_speaker.tests,triplet_loss_test,,Magic number,opposite_positive_equal_negative_batch,22,/Volumes/BrokeExt/NICHE/philipperemy_deep-speaker/deep_speaker/tests/triplet_loss_test.py,Magic number 17 used in opposite_positive_equal_negative_batch.
philipperemy_deep-speaker.deep_speaker.tests,triplet_loss_test,,Magic number,opposite_positive_equal_negative_batch,22,/Volumes/BrokeExt/NICHE/philipperemy_deep-speaker/deep_speaker/tests/triplet_loss_test.py,Magic number 5 used in opposite_positive_equal_negative_batch.
philipperemy_deep-speaker.deep_speaker.tests,triplet_loss_test,,Magic number,opposite_positive_equal_negative_batch,11,/Volumes/BrokeExt/NICHE/philipperemy_deep-speaker/deep_speaker/tests/triplet_loss_test.py,Magic number 6 used in opposite_positive_equal_negative_batch.
philipperemy_deep-speaker.deep_speaker.tests,triplet_loss_test,,Magic number,opposite_positive_equal_negative_batch,12,/Volumes/BrokeExt/NICHE/philipperemy_deep-speaker/deep_speaker/tests/triplet_loss_test.py,Magic number 7 used in opposite_positive_equal_negative_batch.
philipperemy_deep-speaker.deep_speaker.tests,triplet_loss_test,,Magic number,opposite_positive_equal_negative_batch,13,/Volumes/BrokeExt/NICHE/philipperemy_deep-speaker/deep_speaker/tests/triplet_loss_test.py,Magic number 8 used in opposite_positive_equal_negative_batch.
philipperemy_deep-speaker.deep_speaker.tests,triplet_loss_test,,Magic number,opposite_positive_equal_negative_batch,14,/Volumes/BrokeExt/NICHE/philipperemy_deep-speaker/deep_speaker/tests/triplet_loss_test.py,Magic number 9 used in opposite_positive_equal_negative_batch.
philipperemy_deep-speaker.deep_speaker.tests,triplet_loss_test,,Magic number,opposite_positive_equal_negative_batch,15,/Volumes/BrokeExt/NICHE/philipperemy_deep-speaker/deep_speaker/tests/triplet_loss_test.py,Magic number 10 used in opposite_positive_equal_negative_batch.
philipperemy_deep-speaker.deep_speaker.tests,triplet_loss_test,,Magic number,opposite_positive_equal_negative_batch,16,/Volumes/BrokeExt/NICHE/philipperemy_deep-speaker/deep_speaker/tests/triplet_loss_test.py,Magic number 11 used in opposite_positive_equal_negative_batch.
philipperemy_deep-speaker.deep_speaker.tests,triplet_loss_test,,Magic number,equal_positive_random_negative_batch,35,/Volumes/BrokeExt/NICHE/philipperemy_deep-speaker/deep_speaker/tests/triplet_loss_test.py,Magic number 6 used in equal_positive_random_negative_batch.
philipperemy_deep-speaker.deep_speaker.tests,triplet_loss_test,,Magic number,equal_positive_random_negative_batch,36,/Volumes/BrokeExt/NICHE/philipperemy_deep-speaker/deep_speaker/tests/triplet_loss_test.py,Magic number 7 used in equal_positive_random_negative_batch.
philipperemy_deep-speaker.deep_speaker.tests,triplet_loss_test,,Magic number,equal_positive_random_negative_batch,37,/Volumes/BrokeExt/NICHE/philipperemy_deep-speaker/deep_speaker/tests/triplet_loss_test.py,Magic number 2 used in equal_positive_random_negative_batch.
philipperemy_deep-speaker.deep_speaker.tests,triplet_loss_test,,Magic number,equal_positive_random_negative_batch,37,/Volumes/BrokeExt/NICHE/philipperemy_deep-speaker/deep_speaker/tests/triplet_loss_test.py,Magic number 8 used in equal_positive_random_negative_batch.
philipperemy_deep-speaker.deep_speaker.tests,triplet_loss_test,,Magic number,equal_positive_random_negative_batch,38,/Volumes/BrokeExt/NICHE/philipperemy_deep-speaker/deep_speaker/tests/triplet_loss_test.py,Magic number 3 used in equal_positive_random_negative_batch.
philipperemy_deep-speaker.deep_speaker.tests,triplet_loss_test,,Magic number,equal_positive_random_negative_batch,38,/Volumes/BrokeExt/NICHE/philipperemy_deep-speaker/deep_speaker/tests/triplet_loss_test.py,Magic number 9 used in equal_positive_random_negative_batch.
philipperemy_deep-speaker.deep_speaker.tests,triplet_loss_test,,Magic number,equal_positive_random_negative_batch,39,/Volumes/BrokeExt/NICHE/philipperemy_deep-speaker/deep_speaker/tests/triplet_loss_test.py,Magic number 4 used in equal_positive_random_negative_batch.
philipperemy_deep-speaker.deep_speaker.tests,triplet_loss_test,,Magic number,equal_positive_random_negative_batch,39,/Volumes/BrokeExt/NICHE/philipperemy_deep-speaker/deep_speaker/tests/triplet_loss_test.py,Magic number 10 used in equal_positive_random_negative_batch.
philipperemy_deep-speaker.deep_speaker.tests,triplet_loss_test,,Magic number,equal_positive_random_negative_batch,40,/Volumes/BrokeExt/NICHE/philipperemy_deep-speaker/deep_speaker/tests/triplet_loss_test.py,Magic number 5 used in equal_positive_random_negative_batch.
philipperemy_deep-speaker.deep_speaker.tests,triplet_loss_test,,Magic number,equal_positive_random_negative_batch,40,/Volumes/BrokeExt/NICHE/philipperemy_deep-speaker/deep_speaker/tests/triplet_loss_test.py,Magic number 11 used in equal_positive_random_negative_batch.
philipperemy_deep-speaker.deep_speaker.tests,triplet_loss_test,,Magic number,equal_positive_opposite_negative_batch,47,/Volumes/BrokeExt/NICHE/philipperemy_deep-speaker/deep_speaker/tests/triplet_loss_test.py,Magic number 6 used in equal_positive_opposite_negative_batch.
philipperemy_deep-speaker.deep_speaker.tests,triplet_loss_test,,Magic number,equal_positive_opposite_negative_batch,48,/Volumes/BrokeExt/NICHE/philipperemy_deep-speaker/deep_speaker/tests/triplet_loss_test.py,Magic number 7 used in equal_positive_opposite_negative_batch.
philipperemy_deep-speaker.deep_speaker.tests,triplet_loss_test,,Magic number,equal_positive_opposite_negative_batch,49,/Volumes/BrokeExt/NICHE/philipperemy_deep-speaker/deep_speaker/tests/triplet_loss_test.py,Magic number 2 used in equal_positive_opposite_negative_batch.
philipperemy_deep-speaker.deep_speaker.tests,triplet_loss_test,,Magic number,equal_positive_opposite_negative_batch,49,/Volumes/BrokeExt/NICHE/philipperemy_deep-speaker/deep_speaker/tests/triplet_loss_test.py,Magic number 8 used in equal_positive_opposite_negative_batch.
philipperemy_deep-speaker.deep_speaker.tests,triplet_loss_test,,Magic number,equal_positive_opposite_negative_batch,50,/Volumes/BrokeExt/NICHE/philipperemy_deep-speaker/deep_speaker/tests/triplet_loss_test.py,Magic number 3 used in equal_positive_opposite_negative_batch.
philipperemy_deep-speaker.deep_speaker.tests,triplet_loss_test,,Magic number,equal_positive_opposite_negative_batch,50,/Volumes/BrokeExt/NICHE/philipperemy_deep-speaker/deep_speaker/tests/triplet_loss_test.py,Magic number 9 used in equal_positive_opposite_negative_batch.
philipperemy_deep-speaker.deep_speaker.tests,triplet_loss_test,,Magic number,equal_positive_opposite_negative_batch,51,/Volumes/BrokeExt/NICHE/philipperemy_deep-speaker/deep_speaker/tests/triplet_loss_test.py,Magic number 4 used in equal_positive_opposite_negative_batch.
philipperemy_deep-speaker.deep_speaker.tests,triplet_loss_test,,Magic number,equal_positive_opposite_negative_batch,51,/Volumes/BrokeExt/NICHE/philipperemy_deep-speaker/deep_speaker/tests/triplet_loss_test.py,Magic number 10 used in equal_positive_opposite_negative_batch.
philipperemy_deep-speaker.deep_speaker.tests,triplet_loss_test,,Magic number,equal_positive_opposite_negative_batch,52,/Volumes/BrokeExt/NICHE/philipperemy_deep-speaker/deep_speaker/tests/triplet_loss_test.py,Magic number 5 used in equal_positive_opposite_negative_batch.
philipperemy_deep-speaker.deep_speaker.tests,triplet_loss_test,,Magic number,equal_positive_opposite_negative_batch,52,/Volumes/BrokeExt/NICHE/philipperemy_deep-speaker/deep_speaker/tests/triplet_loss_test.py,Magic number 11 used in equal_positive_opposite_negative_batch.
philipperemy_deep-speaker.deep_speaker.tests,triplet_loss_test,,Magic number,equal_positive_opposite_negative_batch,53,/Volumes/BrokeExt/NICHE/philipperemy_deep-speaker/deep_speaker/tests/triplet_loss_test.py,Magic number 12 used in equal_positive_opposite_negative_batch.
philipperemy_deep-speaker.deep_speaker.tests,triplet_loss_test,,Magic number,equal_positive_opposite_negative_batch,54,/Volumes/BrokeExt/NICHE/philipperemy_deep-speaker/deep_speaker/tests/triplet_loss_test.py,Magic number 13 used in equal_positive_opposite_negative_batch.
philipperemy_deep-speaker.deep_speaker.tests,triplet_loss_test,,Magic number,equal_positive_opposite_negative_batch,55,/Volumes/BrokeExt/NICHE/philipperemy_deep-speaker/deep_speaker/tests/triplet_loss_test.py,Magic number 14 used in equal_positive_opposite_negative_batch.
philipperemy_deep-speaker.deep_speaker.tests,triplet_loss_test,,Magic number,equal_positive_opposite_negative_batch,56,/Volumes/BrokeExt/NICHE/philipperemy_deep-speaker/deep_speaker/tests/triplet_loss_test.py,Magic number 15 used in equal_positive_opposite_negative_batch.
philipperemy_deep-speaker.deep_speaker.tests,triplet_loss_test,,Magic number,equal_positive_opposite_negative_batch,57,/Volumes/BrokeExt/NICHE/philipperemy_deep-speaker/deep_speaker/tests/triplet_loss_test.py,Magic number 16 used in equal_positive_opposite_negative_batch.
philipperemy_deep-speaker.deep_speaker.tests,triplet_loss_test,,Magic number,equal_positive_opposite_negative_batch,58,/Volumes/BrokeExt/NICHE/philipperemy_deep-speaker/deep_speaker/tests/triplet_loss_test.py,Magic number 17 used in equal_positive_opposite_negative_batch.
philipperemy_deep-speaker.deep_speaker.tests,triplet_loss_test,,Magic number,equal_positive_opposite_negative_batch,55,/Volumes/BrokeExt/NICHE/philipperemy_deep-speaker/deep_speaker/tests/triplet_loss_test.py,Magic number 2 used in equal_positive_opposite_negative_batch.
philipperemy_deep-speaker.deep_speaker.tests,triplet_loss_test,,Magic number,equal_positive_opposite_negative_batch,56,/Volumes/BrokeExt/NICHE/philipperemy_deep-speaker/deep_speaker/tests/triplet_loss_test.py,Magic number 3 used in equal_positive_opposite_negative_batch.
philipperemy_deep-speaker.deep_speaker.tests,triplet_loss_test,,Magic number,equal_positive_opposite_negative_batch,57,/Volumes/BrokeExt/NICHE/philipperemy_deep-speaker/deep_speaker/tests/triplet_loss_test.py,Magic number 4 used in equal_positive_opposite_negative_batch.
philipperemy_deep-speaker.deep_speaker.tests,triplet_loss_test,,Magic number,equal_positive_opposite_negative_batch,58,/Volumes/BrokeExt/NICHE/philipperemy_deep-speaker/deep_speaker/tests/triplet_loss_test.py,Magic number 5 used in equal_positive_opposite_negative_batch.
philipperemy_deep-speaker.viz,triplet_visualization,,Long identifier,get_coordinates_from_cosine_similarity,17,/Volumes/BrokeExt/NICHE/philipperemy_deep-speaker/viz/triplet_visualization.py,Identifier'get_coordinates_from_cosine_similarity' exceeds the maximum length of 30 characters.
