Package,Module,Smell,Class/Module,Line no,File,Details
robertness_causalML.projects.reinforcement learning.covid19_confounder.simulators.covid19.environments,confounded_env,Multifaceted abstraction,confounded_env,1,/Volumes/BrokeExt/NICHE/robertness_causalML/projects/reinforcement learning/covid19_confounder/simulators/covid19/environments/confounded_env.py,"Class 'confounded_env' has a high LCOM value of 1, indicating it may have multiple responsibilities."
robertness_causalML.projects.reinforcement learning.covid19_confounder.simulators.covid19.environments,poor_place_env,Multifaceted abstraction,poor_place_env,1,/Volumes/BrokeExt/NICHE/robertness_causalML/projects/reinforcement learning/covid19_confounder/simulators/covid19/environments/poor_place_env.py,"Class 'poor_place_env' has a high LCOM value of 1, indicating it may have multiple responsibilities."
robertness_causalML.projects.reinforcement learning.covid19_confounder.simulators.covid19.environments,rich_place_env,Multifaceted abstraction,rich_place_env,1,/Volumes/BrokeExt/NICHE/robertness_causalML/projects/reinforcement learning/covid19_confounder/simulators/covid19/environments/rich_place_env.py,"Class 'rich_place_env' has a high LCOM value of 1, indicating it may have multiple responsibilities."
robertness_causalML.projects.reinforcement learning.covid19_confounder.simulators.covid19.environments,starter_env,Multifaceted abstraction,starter_env,1,/Volumes/BrokeExt/NICHE/robertness_causalML/projects/reinforcement learning/covid19_confounder/simulators/covid19/environments/starter_env.py,"Class 'starter_env' has a high LCOM value of 1, indicating it may have multiple responsibilities."
