Package,Module,Class,Function,LOC,CC,PC
thunlp_OpenNRE.example,test_multilabel_bert,,set_seed,5,1,1
thunlp_OpenNRE.example,train_bag_bert,,set_seed,5,1,1
thunlp_OpenNRE.example,train_bag_cnn,,set_seed,5,1,1
thunlp_OpenNRE.example,train_supervised_bert,,set_seed,5,1,1
thunlp_OpenNRE.example,train_supervised_cnn,,set_seed,5,1,1
thunlp_OpenNRE.opennre,__init__,,fix_seed,9,1,1
thunlp_OpenNRE.opennre,pretrain,,check_root,6,2,1
thunlp_OpenNRE.opennre,pretrain,,download_wiki80,7,2,1
thunlp_OpenNRE.opennre,pretrain,,download_tacred,6,2,1
thunlp_OpenNRE.opennre,pretrain,,download_nyt10,7,2,1
thunlp_OpenNRE.opennre,pretrain,,download_nyt10m,8,2,1
thunlp_OpenNRE.opennre,pretrain,,download_wiki20m,8,2,1
thunlp_OpenNRE.opennre,pretrain,,download_wiki_distant,8,2,1
thunlp_OpenNRE.opennre,pretrain,,download_semeval,8,2,1
thunlp_OpenNRE.opennre,pretrain,,download_glove,6,2,1
thunlp_OpenNRE.opennre,pretrain,,download_bert_base_uncased,7,2,1
thunlp_OpenNRE.opennre,pretrain,,download_pretrain,4,2,2
thunlp_OpenNRE.opennre,pretrain,,download,25,12,2
thunlp_OpenNRE.opennre,pretrain,,get_model,53,4,2
thunlp_OpenNRE.opennre.encoder,base_encoder,BaseEncoder,__init__,36,6,8
thunlp_OpenNRE.opennre.encoder,base_encoder,BaseEncoder,forward,4,1,3
thunlp_OpenNRE.opennre.encoder,base_encoder,BaseEncoder,tokenize,58,11,1
thunlp_OpenNRE.opennre.encoder,bert_encoder,BERTEncoder,__init__,11,1,4
thunlp_OpenNRE.opennre.encoder,bert_encoder,BERTEncoder,forward,5,1,4
thunlp_OpenNRE.opennre.encoder,bert_encoder,BERTEncoder,tokenize,54,7,1
thunlp_OpenNRE.opennre.encoder,bert_encoder,BERTEntityEncoder,__init__,12,1,4
thunlp_OpenNRE.opennre.encoder,bert_encoder,BERTEntityEncoder,forward,13,1,4
thunlp_OpenNRE.opennre.encoder,bert_encoder,BERTEntityEncoder,tokenize,54,7,1
thunlp_OpenNRE.opennre.encoder,cnn_encoder,CNNEncoder,__init__,10,1,12
thunlp_OpenNRE.opennre.encoder,cnn_encoder,CNNEncoder,forward,13,3,3
thunlp_OpenNRE.opennre.encoder,cnn_encoder,CNNEncoder,tokenize,2,1,1
thunlp_OpenNRE.opennre.encoder,pcnn_encoder,PCNNEncoder,__init__,15,1,12
thunlp_OpenNRE.opennre.encoder,pcnn_encoder,PCNNEncoder,forward,18,3,4
thunlp_OpenNRE.opennre.encoder,pcnn_encoder,PCNNEncoder,tokenize,73,16,1
thunlp_OpenNRE.opennre.framework,bag_re,BagRE,__init__,67,9,12
thunlp_OpenNRE.opennre.framework,bag_re,BagRE,train_model,53,8,1
thunlp_OpenNRE.opennre.framework,bag_re,BagRE,eval_model,28,8,1
thunlp_OpenNRE.opennre.framework,bag_re,BagRE,load_state_dict,2,1,1
thunlp_OpenNRE.opennre.framework,data_loader,SentenceREDataset,__init__,16,3,4
thunlp_OpenNRE.opennre.framework,data_loader,SentenceREDataset,__len__,2,1,0
thunlp_OpenNRE.opennre.framework,data_loader,SentenceREDataset,__getitem__,5,1,1
thunlp_OpenNRE.opennre.framework,data_loader,SentenceREDataset,collate_fn,9,2,1
thunlp_OpenNRE.opennre.framework,data_loader,SentenceREDataset,eval,45,13,2
thunlp_OpenNRE.opennre.framework,data_loader,BagREDataset,__init__,48,11,6
thunlp_OpenNRE.opennre.framework,data_loader,BagREDataset,__len__,2,1,0
thunlp_OpenNRE.opennre.framework,data_loader,BagREDataset,__getitem__,22,8,1
thunlp_OpenNRE.opennre.framework,data_loader,BagREDataset,collate_fn,16,3,1
thunlp_OpenNRE.opennre.framework,data_loader,BagREDataset,collate_bag_size_fn,13,3,1
thunlp_OpenNRE.opennre.framework,data_loader,BagREDataset,eval,56,8,2
thunlp_OpenNRE.opennre.framework,data_loader,MultiLabelSentenceREDataset,__init__,16,3,4
thunlp_OpenNRE.opennre.framework,data_loader,MultiLabelSentenceREDataset,__len__,2,1,0
thunlp_OpenNRE.opennre.framework,data_loader,MultiLabelSentenceREDataset,__getitem__,5,1,1
thunlp_OpenNRE.opennre.framework,data_loader,MultiLabelSentenceREDataset,collate_fn,9,2,1
thunlp_OpenNRE.opennre.framework,data_loader,MultiLabelSentenceREDataset,eval,58,13,3
thunlp_OpenNRE.opennre.framework,data_loader,,SentenceRELoader,9,1,7
thunlp_OpenNRE.opennre.framework,data_loader,,BagRELoader,13,2,9
thunlp_OpenNRE.opennre.framework,data_loader,,MultiLabelSentenceRELoader,9,1,7
thunlp_OpenNRE.opennre.framework,multi_label_sentence_re,MultiLabelSentenceRE,__init__,64,9,11
thunlp_OpenNRE.opennre.framework,multi_label_sentence_re,MultiLabelSentenceRE,train_model,52,9,1
thunlp_OpenNRE.opennre.framework,multi_label_sentence_re,MultiLabelSentenceRE,eval_model,21,5,1
thunlp_OpenNRE.opennre.framework,multi_label_sentence_re,MultiLabelSentenceRE,load_state_dict,2,1,1
thunlp_OpenNRE.opennre.framework,sentence_re,SentenceRE,__init__,64,9,11
thunlp_OpenNRE.opennre.framework,sentence_re,SentenceRE,train_model,45,9,1
thunlp_OpenNRE.opennre.framework,sentence_re,SentenceRE,eval_model,26,6,1
thunlp_OpenNRE.opennre.framework,sentence_re,SentenceRE,load_state_dict,2,1,1
thunlp_OpenNRE.opennre.framework,utils,AverageMeter,__init__,2,1,0
thunlp_OpenNRE.opennre.framework,utils,AverageMeter,reset,5,1,0
thunlp_OpenNRE.opennre.framework,utils,AverageMeter,update,5,1,2
thunlp_OpenNRE.opennre.framework,utils,AverageMeter,__str__,6,1,0
thunlp_OpenNRE.opennre.model,bag_attention,BagAttention,__init__,18,3,4
thunlp_OpenNRE.opennre.model,bag_attention,BagAttention,infer,25,2,1
thunlp_OpenNRE.opennre.model,bag_attention,BagAttention,forward,98,19,8
thunlp_OpenNRE.opennre.model,bag_average,BagAverage,__init__,13,2,3
thunlp_OpenNRE.opennre.model,bag_average,BagAverage,infer,32,1,1
thunlp_OpenNRE.opennre.model,bag_average,BagAverage,forward,49,13,8
thunlp_OpenNRE.opennre.model,bag_one,BagOne,__init__,13,2,3
thunlp_OpenNRE.opennre.model,bag_one,BagOne,infer,25,2,1
thunlp_OpenNRE.opennre.model,bag_one,BagOne,forward,78,16,8
thunlp_OpenNRE.opennre.model,base_model,SentenceRE,__init__,2,1,0
thunlp_OpenNRE.opennre.model,base_model,SentenceRE,infer,4,1,1
thunlp_OpenNRE.opennre.model,base_model,BagRE,__init__,2,1,0
thunlp_OpenNRE.opennre.model,base_model,BagRE,infer,4,1,1
thunlp_OpenNRE.opennre.model,base_model,FewShotRE,__init__,2,1,0
thunlp_OpenNRE.opennre.model,base_model,FewShotRE,infer,4,1,2
thunlp_OpenNRE.opennre.model,base_model,NER,__init__,2,1,0
thunlp_OpenNRE.opennre.model,base_model,NER,ner,4,1,2
thunlp_OpenNRE.opennre.model,sigmoid_nn,SigmoidNN,__init__,12,2,3
thunlp_OpenNRE.opennre.model,sigmoid_nn,SigmoidNN,forward,7,1,0
thunlp_OpenNRE.opennre.model,sigmoid_nn,SigmoidNN,logit_to_score,2,1,1
thunlp_OpenNRE.opennre.model,softmax_nn,SoftmaxNN,__init__,13,2,3
thunlp_OpenNRE.opennre.model,softmax_nn,SoftmaxNN,infer,12,2,1
thunlp_OpenNRE.opennre.model,softmax_nn,SoftmaxNN,forward,7,1,0
thunlp_OpenNRE.opennre.model,softmax_nn,SoftmaxNN,logit_to_score,2,1,1
thunlp_OpenNRE.opennre.module.nn,cnn,CNN,__init__,7,1,6
thunlp_OpenNRE.opennre.module.nn,cnn,CNN,forward,9,1,1
thunlp_OpenNRE.opennre.module.nn,lstm,LSTM,__init__,12,2,6
thunlp_OpenNRE.opennre.module.nn,lstm,LSTM,forward,7,1,1
thunlp_OpenNRE.opennre.module.nn,rnn,RNN,__init__,12,2,6
thunlp_OpenNRE.opennre.module.nn,rnn,RNN,forward,7,1,1
thunlp_OpenNRE.opennre.module.pool,avg_pool,AvgPool,__init__,10,2,2
thunlp_OpenNRE.opennre.module.pool,avg_pool,AvgPool,forward,15,2,2
thunlp_OpenNRE.opennre.module.pool,max_pool,MaxPool,__init__,11,2,2
thunlp_OpenNRE.opennre.module.pool,max_pool,MaxPool,forward,24,2,2
thunlp_OpenNRE.opennre.tokenization,basic_tokenizer,BasicTokenizer,__init__,4,1,2
thunlp_OpenNRE.opennre.tokenization,basic_tokenizer,BasicTokenizer,tokenize,16,4,1
thunlp_OpenNRE.opennre.tokenization,bert_tokenizer,BertTokenizer,__init__,6,1,4
thunlp_OpenNRE.opennre.tokenization,bert_tokenizer,BertTokenizer,tokenize,7,2,1
thunlp_OpenNRE.opennre.tokenization,bert_tokenizer,BertTokenizer,convert_tokens_to_ids,2,1,1
thunlp_OpenNRE.opennre.tokenization,bert_tokenizer,BertTokenizer,convert_ids_to_tokens,2,1,1
thunlp_OpenNRE.opennre.tokenization,utils,,is_whitespace,5,2,1
thunlp_OpenNRE.opennre.tokenization,utils,,is_control,8,2,1
thunlp_OpenNRE.opennre.tokenization,utils,,is_punctuation,9,6,1
thunlp_OpenNRE.opennre.tokenization,utils,,is_chinese_char,12,10,1
thunlp_OpenNRE.opennre.tokenization,utils,,convert_to_unicode,17,4,1
thunlp_OpenNRE.opennre.tokenization,utils,,clean_text,11,5,1
thunlp_OpenNRE.opennre.tokenization,utils,,split_on_whitespace,6,1,1
thunlp_OpenNRE.opennre.tokenization,utils,,split_on_punctuation,13,4,1
thunlp_OpenNRE.opennre.tokenization,utils,,tokenize_chinese_chars,11,3,1
thunlp_OpenNRE.opennre.tokenization,utils,,strip_accents,9,3,1
thunlp_OpenNRE.opennre.tokenization,utils,,load_vocab,17,5,1
thunlp_OpenNRE.opennre.tokenization,utils,,printable_text,18,4,1
thunlp_OpenNRE.opennre.tokenization,utils,,convert_by_vocab,16,7,6
thunlp_OpenNRE.opennre.tokenization,utils,,convert_tokens_to_ids,2,1,5
thunlp_OpenNRE.opennre.tokenization,utils,,convert_ids_to_tokens,2,1,2
thunlp_OpenNRE.opennre.tokenization,utils,,truncate_seq_pair,13,4,4
thunlp_OpenNRE.opennre.tokenization,utils,,create_int_feature,3,1,1
thunlp_OpenNRE.opennre.tokenization,utils,,create_float_feature,3,1,1
thunlp_OpenNRE.opennre.tokenization,utils,,add_token,21,4,2
thunlp_OpenNRE.opennre.tokenization,word_piece_tokenizer,WordpieceTokenizer,__init__,5,1,3
thunlp_OpenNRE.opennre.tokenization,word_piece_tokenizer,WordpieceTokenizer,tokenize,44,9,1
thunlp_OpenNRE.opennre.tokenization,word_piece_tokenizer,WordpieceTokenizer,convert_tokens_to_ids,2,1,1
thunlp_OpenNRE.opennre.tokenization,word_piece_tokenizer,WordpieceTokenizer,convert_ids_to_tokens,2,1,1
thunlp_OpenNRE.opennre.tokenization,word_tokenizer,WordTokenizer,__init__,4,1,2
thunlp_OpenNRE.opennre.tokenization,word_tokenizer,WordTokenizer,tokenize,7,1,1
thunlp_OpenNRE.opennre.tokenization,word_tokenizer,WordTokenizer,convert_tokens_to_ids,2,1,5
thunlp_OpenNRE.opennre.tokenization,word_tokenizer,WordTokenizer,convert_ids_to_tokens,2,1,1
thunlp_OpenNRE.tests,test_inference,TestInference,test_wiki80_cnn_softmax,6,1,0
