Package,Module,Class,Smell,Function/Method,Line no,File,Details
thunlp_OpenNRE,setup,,Long statement,,3,/Volumes/BrokeExt/NICHE/thunlp_OpenNRE/setup.py,A line with 467 chars in setup exceeds the maximum length of 120 characters.
thunlp_OpenNRE.example,test_multilabel_bert,,Long statement,,21,/Volumes/BrokeExt/NICHE/thunlp_OpenNRE/example/test_multilabel_bert.py,A line with 123 chars in test_multilabel_bert exceeds the maximum length of 120 characters.
thunlp_OpenNRE.example,test_multilabel_bert,,Long statement,,33,/Volumes/BrokeExt/NICHE/thunlp_OpenNRE/example/test_multilabel_bert.py,A line with 126 chars in test_multilabel_bert exceeds the maximum length of 120 characters.
thunlp_OpenNRE.example,test_multilabel_bert,,Long statement,,35,/Volumes/BrokeExt/NICHE/thunlp_OpenNRE/example/test_multilabel_bert.py,A line with 161 chars in test_multilabel_bert exceeds the maximum length of 120 characters.
thunlp_OpenNRE.example,test_multilabel_bert,,Long statement,,89,/Volumes/BrokeExt/NICHE/thunlp_OpenNRE/example/test_multilabel_bert.py,A line with 136 chars in test_multilabel_bert exceeds the maximum length of 120 characters.
thunlp_OpenNRE.example,test_multilabel_bert,,Long statement,,99,/Volumes/BrokeExt/NICHE/thunlp_OpenNRE/example/test_multilabel_bert.py,A line with 144 chars in test_multilabel_bert exceeds the maximum length of 120 characters.
thunlp_OpenNRE.example,test_multilabel_bert,,Long statement,,105,/Volumes/BrokeExt/NICHE/thunlp_OpenNRE/example/test_multilabel_bert.py,A line with 138 chars in test_multilabel_bert exceeds the maximum length of 120 characters.
thunlp_OpenNRE.example,test_multilabel_bert,,Long statement,,117,/Volumes/BrokeExt/NICHE/thunlp_OpenNRE/example/test_multilabel_bert.py,A line with 231 chars in test_multilabel_bert exceeds the maximum length of 120 characters.
thunlp_OpenNRE.example,test_multilabel_cnn,,Long statement,,19,/Volumes/BrokeExt/NICHE/thunlp_OpenNRE/example/test_multilabel_cnn.py,A line with 126 chars in test_multilabel_cnn exceeds the maximum length of 120 characters.
thunlp_OpenNRE.example,test_multilabel_cnn,,Long statement,,21,/Volumes/BrokeExt/NICHE/thunlp_OpenNRE/example/test_multilabel_cnn.py,A line with 161 chars in test_multilabel_cnn exceeds the maximum length of 120 characters.
thunlp_OpenNRE.example,test_multilabel_cnn,,Long statement,,69,/Volumes/BrokeExt/NICHE/thunlp_OpenNRE/example/test_multilabel_cnn.py,A line with 136 chars in test_multilabel_cnn exceeds the maximum length of 120 characters.
thunlp_OpenNRE.example,test_multilabel_cnn,,Long statement,,84,/Volumes/BrokeExt/NICHE/thunlp_OpenNRE/example/test_multilabel_cnn.py,A line with 222 chars in test_multilabel_cnn exceeds the maximum length of 120 characters.
thunlp_OpenNRE.example,test_multilabel_cnn,,Long statement,,97,/Volumes/BrokeExt/NICHE/thunlp_OpenNRE/example/test_multilabel_cnn.py,A line with 223 chars in test_multilabel_cnn exceeds the maximum length of 120 characters.
thunlp_OpenNRE.example,test_multilabel_cnn,,Long statement,,116,/Volumes/BrokeExt/NICHE/thunlp_OpenNRE/example/test_multilabel_cnn.py,A line with 261 chars in test_multilabel_cnn exceeds the maximum length of 120 characters.
thunlp_OpenNRE.example,train_bag_bert,,Long statement,,18,/Volumes/BrokeExt/NICHE/thunlp_OpenNRE/example/train_bag_bert.py,A line with 123 chars in train_bag_bert exceeds the maximum length of 120 characters.
thunlp_OpenNRE.example,train_bag_bert,,Long statement,,32,/Volumes/BrokeExt/NICHE/thunlp_OpenNRE/example/train_bag_bert.py,A line with 121 chars in train_bag_bert exceeds the maximum length of 120 characters.
thunlp_OpenNRE.example,train_bag_bert,,Long statement,,34,/Volumes/BrokeExt/NICHE/thunlp_OpenNRE/example/train_bag_bert.py,A line with 176 chars in train_bag_bert exceeds the maximum length of 120 characters.
thunlp_OpenNRE.example,train_bag_bert,,Long statement,,91,/Volumes/BrokeExt/NICHE/thunlp_OpenNRE/example/train_bag_bert.py,A line with 136 chars in train_bag_bert exceeds the maximum length of 120 characters.
thunlp_OpenNRE.example,train_bag_bert,,Long statement,,102,/Volumes/BrokeExt/NICHE/thunlp_OpenNRE/example/train_bag_bert.py,A line with 144 chars in train_bag_bert exceeds the maximum length of 120 characters.
thunlp_OpenNRE.example,train_bag_bert,,Long statement,,108,/Volumes/BrokeExt/NICHE/thunlp_OpenNRE/example/train_bag_bert.py,A line with 138 chars in train_bag_bert exceeds the maximum length of 120 characters.
thunlp_OpenNRE.example,train_bag_bert,,Long statement,,128,/Volumes/BrokeExt/NICHE/thunlp_OpenNRE/example/train_bag_bert.py,A line with 240 chars in train_bag_bert exceeds the maximum length of 120 characters.
thunlp_OpenNRE.example,train_bag_bert,,Long statement,,164,/Volumes/BrokeExt/NICHE/thunlp_OpenNRE/example/train_bag_bert.py,A line with 129 chars in train_bag_bert exceeds the maximum length of 120 characters.
thunlp_OpenNRE.example,train_bag_cnn,,Long statement,,26,/Volumes/BrokeExt/NICHE/thunlp_OpenNRE/example/train_bag_cnn.py,A line with 121 chars in train_bag_cnn exceeds the maximum length of 120 characters.
thunlp_OpenNRE.example,train_bag_cnn,,Long statement,,28,/Volumes/BrokeExt/NICHE/thunlp_OpenNRE/example/train_bag_cnn.py,A line with 176 chars in train_bag_cnn exceeds the maximum length of 120 characters.
thunlp_OpenNRE.example,train_bag_cnn,,Long statement,,90,/Volumes/BrokeExt/NICHE/thunlp_OpenNRE/example/train_bag_cnn.py,A line with 136 chars in train_bag_cnn exceeds the maximum length of 120 characters.
thunlp_OpenNRE.example,train_bag_cnn,,Long statement,,105,/Volumes/BrokeExt/NICHE/thunlp_OpenNRE/example/train_bag_cnn.py,A line with 223 chars in train_bag_cnn exceeds the maximum length of 120 characters.
thunlp_OpenNRE.example,train_bag_cnn,,Long statement,,118,/Volumes/BrokeExt/NICHE/thunlp_OpenNRE/example/train_bag_cnn.py,A line with 222 chars in train_bag_cnn exceeds the maximum length of 120 characters.
thunlp_OpenNRE.example,train_bag_cnn,,Long statement,,145,/Volumes/BrokeExt/NICHE/thunlp_OpenNRE/example/train_bag_cnn.py,A line with 275 chars in train_bag_cnn exceeds the maximum length of 120 characters.
thunlp_OpenNRE.example,train_bag_cnn,,Long statement,,180,/Volumes/BrokeExt/NICHE/thunlp_OpenNRE/example/train_bag_cnn.py,A line with 129 chars in train_bag_cnn exceeds the maximum length of 120 characters.
thunlp_OpenNRE.example,train_supervised_bert,,Long statement,,21,/Volumes/BrokeExt/NICHE/thunlp_OpenNRE/example/train_supervised_bert.py,A line with 123 chars in train_supervised_bert exceeds the maximum length of 120 characters.
thunlp_OpenNRE.example,train_supervised_bert,,Long statement,,33,/Volumes/BrokeExt/NICHE/thunlp_OpenNRE/example/train_supervised_bert.py,A line with 126 chars in train_supervised_bert exceeds the maximum length of 120 characters.
thunlp_OpenNRE.example,train_supervised_bert,,Long statement,,35,/Volumes/BrokeExt/NICHE/thunlp_OpenNRE/example/train_supervised_bert.py,A line with 161 chars in train_supervised_bert exceeds the maximum length of 120 characters.
thunlp_OpenNRE.example,train_supervised_bert,,Long statement,,89,/Volumes/BrokeExt/NICHE/thunlp_OpenNRE/example/train_supervised_bert.py,A line with 136 chars in train_supervised_bert exceeds the maximum length of 120 characters.
thunlp_OpenNRE.example,train_supervised_bert,,Long statement,,99,/Volumes/BrokeExt/NICHE/thunlp_OpenNRE/example/train_supervised_bert.py,A line with 144 chars in train_supervised_bert exceeds the maximum length of 120 characters.
thunlp_OpenNRE.example,train_supervised_bert,,Long statement,,105,/Volumes/BrokeExt/NICHE/thunlp_OpenNRE/example/train_supervised_bert.py,A line with 138 chars in train_supervised_bert exceeds the maximum length of 120 characters.
thunlp_OpenNRE.example,train_supervised_bert,,Long statement,,117,/Volumes/BrokeExt/NICHE/thunlp_OpenNRE/example/train_supervised_bert.py,A line with 221 chars in train_supervised_bert exceeds the maximum length of 120 characters.
thunlp_OpenNRE.example,train_supervised_cnn,,Long statement,,27,/Volumes/BrokeExt/NICHE/thunlp_OpenNRE/example/train_supervised_cnn.py,A line with 126 chars in train_supervised_cnn exceeds the maximum length of 120 characters.
thunlp_OpenNRE.example,train_supervised_cnn,,Long statement,,29,/Volumes/BrokeExt/NICHE/thunlp_OpenNRE/example/train_supervised_cnn.py,A line with 161 chars in train_supervised_cnn exceeds the maximum length of 120 characters.
thunlp_OpenNRE.example,train_supervised_cnn,,Long statement,,82,/Volumes/BrokeExt/NICHE/thunlp_OpenNRE/example/train_supervised_cnn.py,A line with 136 chars in train_supervised_cnn exceeds the maximum length of 120 characters.
thunlp_OpenNRE.example,train_supervised_cnn,,Long statement,,97,/Volumes/BrokeExt/NICHE/thunlp_OpenNRE/example/train_supervised_cnn.py,A line with 223 chars in train_supervised_cnn exceeds the maximum length of 120 characters.
thunlp_OpenNRE.example,train_supervised_cnn,,Long statement,,110,/Volumes/BrokeExt/NICHE/thunlp_OpenNRE/example/train_supervised_cnn.py,A line with 222 chars in train_supervised_cnn exceeds the maximum length of 120 characters.
thunlp_OpenNRE.example,train_supervised_cnn,,Long statement,,129,/Volumes/BrokeExt/NICHE/thunlp_OpenNRE/example/train_supervised_cnn.py,A line with 251 chars in train_supervised_cnn exceeds the maximum length of 120 characters.
thunlp_OpenNRE.opennre,__init__,,Long statement,,9,/Volumes/BrokeExt/NICHE/thunlp_OpenNRE/opennre/__init__.py,A line with 124 chars in __init__ exceeds the maximum length of 120 characters.
thunlp_OpenNRE.opennre,__init__,,Magic number,fix_seed,11,/Volumes/BrokeExt/NICHE/thunlp_OpenNRE/opennre/__init__.py,Magic number 12345 used in fix_seed.
thunlp_OpenNRE.opennre,pretrain,,Complex method,download,100 - 124,/Volumes/BrokeExt/NICHE/thunlp_OpenNRE/opennre/pretrain.py,"Method 'download' has a cyclomatic complexity of 12, exceeding the max of 6."
thunlp_OpenNRE.opennre,pretrain,,Long method,get_model,126 - 178,/Volumes/BrokeExt/NICHE/thunlp_OpenNRE/opennre/pretrain.py,Method 'get_model' is too long (53 lines).
thunlp_OpenNRE.opennre,pretrain,,Long statement,download_wiki80,25,/Volumes/BrokeExt/NICHE/thunlp_OpenNRE/opennre/pretrain.py,A line with 140 chars in download_wiki80 exceeds the maximum length of 120 characters.
thunlp_OpenNRE.opennre,pretrain,,Long statement,download_wiki80,26,/Volumes/BrokeExt/NICHE/thunlp_OpenNRE/opennre/pretrain.py,A line with 138 chars in download_wiki80 exceeds the maximum length of 120 characters.
thunlp_OpenNRE.opennre,pretrain,,Long statement,download_wiki80,27,/Volumes/BrokeExt/NICHE/thunlp_OpenNRE/opennre/pretrain.py,A line with 136 chars in download_wiki80 exceeds the maximum length of 120 characters.
thunlp_OpenNRE.opennre,pretrain,,Long statement,download_tacred,33,/Volumes/BrokeExt/NICHE/thunlp_OpenNRE/opennre/pretrain.py,A line with 140 chars in download_tacred exceeds the maximum length of 120 characters.
thunlp_OpenNRE.opennre,pretrain,,Long statement,download_tacred,34,/Volumes/BrokeExt/NICHE/thunlp_OpenNRE/opennre/pretrain.py,A line with 157 chars in download_tacred exceeds the maximum length of 120 characters.
thunlp_OpenNRE.opennre,pretrain,,Long statement,download_nyt10,40,/Volumes/BrokeExt/NICHE/thunlp_OpenNRE/opennre/pretrain.py,A line with 137 chars in download_nyt10 exceeds the maximum length of 120 characters.
thunlp_OpenNRE.opennre,pretrain,,Long statement,download_nyt10,41,/Volumes/BrokeExt/NICHE/thunlp_OpenNRE/opennre/pretrain.py,A line with 135 chars in download_nyt10 exceeds the maximum length of 120 characters.
thunlp_OpenNRE.opennre,pretrain,,Long statement,download_nyt10,42,/Volumes/BrokeExt/NICHE/thunlp_OpenNRE/opennre/pretrain.py,A line with 134 chars in download_nyt10 exceeds the maximum length of 120 characters.
thunlp_OpenNRE.opennre,pretrain,,Long statement,download_nyt10m,48,/Volumes/BrokeExt/NICHE/thunlp_OpenNRE/opennre/pretrain.py,A line with 140 chars in download_nyt10m exceeds the maximum length of 120 characters.
thunlp_OpenNRE.opennre,pretrain,,Long statement,download_nyt10m,49,/Volumes/BrokeExt/NICHE/thunlp_OpenNRE/opennre/pretrain.py,A line with 138 chars in download_nyt10m exceeds the maximum length of 120 characters.
thunlp_OpenNRE.opennre,pretrain,,Long statement,download_nyt10m,50,/Volumes/BrokeExt/NICHE/thunlp_OpenNRE/opennre/pretrain.py,A line with 137 chars in download_nyt10m exceeds the maximum length of 120 characters.
thunlp_OpenNRE.opennre,pretrain,,Long statement,download_nyt10m,51,/Volumes/BrokeExt/NICHE/thunlp_OpenNRE/opennre/pretrain.py,A line with 136 chars in download_nyt10m exceeds the maximum length of 120 characters.
thunlp_OpenNRE.opennre,pretrain,,Long statement,download_wiki20m,57,/Volumes/BrokeExt/NICHE/thunlp_OpenNRE/opennre/pretrain.py,A line with 143 chars in download_wiki20m exceeds the maximum length of 120 characters.
thunlp_OpenNRE.opennre,pretrain,,Long statement,download_wiki20m,58,/Volumes/BrokeExt/NICHE/thunlp_OpenNRE/opennre/pretrain.py,A line with 141 chars in download_wiki20m exceeds the maximum length of 120 characters.
thunlp_OpenNRE.opennre,pretrain,,Long statement,download_wiki20m,59,/Volumes/BrokeExt/NICHE/thunlp_OpenNRE/opennre/pretrain.py,A line with 140 chars in download_wiki20m exceeds the maximum length of 120 characters.
thunlp_OpenNRE.opennre,pretrain,,Long statement,download_wiki20m,60,/Volumes/BrokeExt/NICHE/thunlp_OpenNRE/opennre/pretrain.py,A line with 139 chars in download_wiki20m exceeds the maximum length of 120 characters.
thunlp_OpenNRE.opennre,pretrain,,Long statement,download_wiki_distant,66,/Volumes/BrokeExt/NICHE/thunlp_OpenNRE/opennre/pretrain.py,A line with 158 chars in download_wiki_distant exceeds the maximum length of 120 characters.
thunlp_OpenNRE.opennre,pretrain,,Long statement,download_wiki_distant,67,/Volumes/BrokeExt/NICHE/thunlp_OpenNRE/opennre/pretrain.py,A line with 156 chars in download_wiki_distant exceeds the maximum length of 120 characters.
thunlp_OpenNRE.opennre,pretrain,,Long statement,download_wiki_distant,68,/Volumes/BrokeExt/NICHE/thunlp_OpenNRE/opennre/pretrain.py,A line with 155 chars in download_wiki_distant exceeds the maximum length of 120 characters.
thunlp_OpenNRE.opennre,pretrain,,Long statement,download_wiki_distant,69,/Volumes/BrokeExt/NICHE/thunlp_OpenNRE/opennre/pretrain.py,A line with 154 chars in download_wiki_distant exceeds the maximum length of 120 characters.
thunlp_OpenNRE.opennre,pretrain,,Long statement,download_semeval,75,/Volumes/BrokeExt/NICHE/thunlp_OpenNRE/opennre/pretrain.py,A line with 143 chars in download_semeval exceeds the maximum length of 120 characters.
thunlp_OpenNRE.opennre,pretrain,,Long statement,download_semeval,76,/Volumes/BrokeExt/NICHE/thunlp_OpenNRE/opennre/pretrain.py,A line with 141 chars in download_semeval exceeds the maximum length of 120 characters.
thunlp_OpenNRE.opennre,pretrain,,Long statement,download_semeval,77,/Volumes/BrokeExt/NICHE/thunlp_OpenNRE/opennre/pretrain.py,A line with 140 chars in download_semeval exceeds the maximum length of 120 characters.
thunlp_OpenNRE.opennre,pretrain,,Long statement,download_semeval,78,/Volumes/BrokeExt/NICHE/thunlp_OpenNRE/opennre/pretrain.py,A line with 139 chars in download_semeval exceeds the maximum length of 120 characters.
thunlp_OpenNRE.opennre,pretrain,,Long statement,download_glove,84,/Volumes/BrokeExt/NICHE/thunlp_OpenNRE/opennre/pretrain.py,A line with 138 chars in download_glove exceeds the maximum length of 120 characters.
thunlp_OpenNRE.opennre,pretrain,,Long statement,download_glove,85,/Volumes/BrokeExt/NICHE/thunlp_OpenNRE/opennre/pretrain.py,A line with 143 chars in download_glove exceeds the maximum length of 120 characters.
thunlp_OpenNRE.opennre,pretrain,,Long statement,download_bert_base_uncased,91,/Volumes/BrokeExt/NICHE/thunlp_OpenNRE/opennre/pretrain.py,A line with 153 chars in download_bert_base_uncased exceeds the maximum length of 120 characters.
thunlp_OpenNRE.opennre,pretrain,,Long statement,download_bert_base_uncased,92,/Volumes/BrokeExt/NICHE/thunlp_OpenNRE/opennre/pretrain.py,A line with 159 chars in download_bert_base_uncased exceeds the maximum length of 120 characters.
thunlp_OpenNRE.opennre,pretrain,,Long statement,download_bert_base_uncased,93,/Volumes/BrokeExt/NICHE/thunlp_OpenNRE/opennre/pretrain.py,A line with 151 chars in download_bert_base_uncased exceeds the maximum length of 120 characters.
thunlp_OpenNRE.opennre,pretrain,,Long statement,download_pretrain,98,/Volumes/BrokeExt/NICHE/thunlp_OpenNRE/opennre/pretrain.py,A line with 144 chars in download_pretrain exceeds the maximum length of 120 characters.
thunlp_OpenNRE.opennre,pretrain,,Long statement,get_model,136,/Volumes/BrokeExt/NICHE/thunlp_OpenNRE/opennre/pretrain.py,A line with 201 chars in get_model exceeds the maximum length of 120 characters.
thunlp_OpenNRE.opennre,pretrain,,Long statement,get_model,155,/Volumes/BrokeExt/NICHE/thunlp_OpenNRE/opennre/pretrain.py,A line with 128 chars in get_model exceeds the maximum length of 120 characters.
thunlp_OpenNRE.opennre,pretrain,,Long statement,get_model,158,/Volumes/BrokeExt/NICHE/thunlp_OpenNRE/opennre/pretrain.py,A line with 122 chars in get_model exceeds the maximum length of 120 characters.
thunlp_OpenNRE.opennre,pretrain,,Long statement,get_model,169,/Volumes/BrokeExt/NICHE/thunlp_OpenNRE/opennre/pretrain.py,A line with 128 chars in get_model exceeds the maximum length of 120 characters.
thunlp_OpenNRE.opennre,pretrain,,Long statement,get_model,172,/Volumes/BrokeExt/NICHE/thunlp_OpenNRE/opennre/pretrain.py,A line with 122 chars in get_model exceeds the maximum length of 120 characters.
thunlp_OpenNRE.opennre.encoder,base_encoder,BaseEncoder,Complex method,tokenize,84 - 154,/Volumes/BrokeExt/NICHE/thunlp_OpenNRE/opennre/encoder/base_encoder.py,"Method 'tokenize' has a cyclomatic complexity of 11, exceeding the max of 6."
thunlp_OpenNRE.opennre.encoder,base_encoder,BaseEncoder,Long method,tokenize,84 - 154,/Volumes/BrokeExt/NICHE/thunlp_OpenNRE/opennre/encoder/base_encoder.py,Method 'tokenize' is too long (58 lines).
thunlp_OpenNRE.opennre.encoder,base_encoder,BaseEncoder,Long parameter list,__init__,10 - 70,/Volumes/BrokeExt/NICHE/thunlp_OpenNRE/opennre/encoder/base_encoder.py,"__init__ has 8 parameters, exceeding the max of 5."
thunlp_OpenNRE.opennre.encoder,base_encoder,BaseEncoder,Long statement,__init__,19,/Volumes/BrokeExt/NICHE/thunlp_OpenNRE/opennre/encoder/base_encoder.py,A line with 392 chars in __init__ exceeds the maximum length of 120 characters.
thunlp_OpenNRE.opennre.encoder,base_encoder,BaseEncoder,Long statement,forward,73,/Volumes/BrokeExt/NICHE/thunlp_OpenNRE/opennre/encoder/base_encoder.py,A line with 259 chars in forward exceeds the maximum length of 120 characters.
thunlp_OpenNRE.opennre.encoder,base_encoder,BaseEncoder,Long statement,tokenize,85,/Volumes/BrokeExt/NICHE/thunlp_OpenNRE/opennre/encoder/base_encoder.py,A line with 185 chars in tokenize exceeds the maximum length of 120 characters.
thunlp_OpenNRE.opennre.encoder,base_encoder,BaseEncoder,Long statement,tokenize,128,/Volumes/BrokeExt/NICHE/thunlp_OpenNRE/opennre/encoder/base_encoder.py,A line with 126 chars in tokenize exceeds the maximum length of 120 characters.
thunlp_OpenNRE.opennre.encoder,base_encoder,BaseEncoder,Magic number,__init__,12,/Volumes/BrokeExt/NICHE/thunlp_OpenNRE/opennre/encoder/base_encoder.py,Magic number 128 used in __init__.
thunlp_OpenNRE.opennre.encoder,base_encoder,BaseEncoder,Magic number,__init__,13,/Volumes/BrokeExt/NICHE/thunlp_OpenNRE/opennre/encoder/base_encoder.py,Magic number 230 used in __init__.
thunlp_OpenNRE.opennre.encoder,base_encoder,BaseEncoder,Magic number,__init__,14,/Volumes/BrokeExt/NICHE/thunlp_OpenNRE/opennre/encoder/base_encoder.py,Magic number 50 used in __init__.
thunlp_OpenNRE.opennre.encoder,base_encoder,BaseEncoder,Magic number,__init__,15,/Volumes/BrokeExt/NICHE/thunlp_OpenNRE/opennre/encoder/base_encoder.py,Magic number 5 used in __init__.
thunlp_OpenNRE.opennre.encoder,base_encoder,BaseEncoder,Magic number,__init__,35,/Volumes/BrokeExt/NICHE/thunlp_OpenNRE/opennre/encoder/base_encoder.py,Magic number 2 used in __init__.
thunlp_OpenNRE.opennre.encoder,base_encoder,BaseEncoder,Magic number,__init__,45,/Volumes/BrokeExt/NICHE/thunlp_OpenNRE/opennre/encoder/base_encoder.py,Magic number 2 used in __init__.
thunlp_OpenNRE.opennre.encoder,base_encoder,BaseEncoder,Magic number,__init__,60,/Volumes/BrokeExt/NICHE/thunlp_OpenNRE/opennre/encoder/base_encoder.py,Magic number 2 used in __init__.
thunlp_OpenNRE.opennre.encoder,bert_encoder,BERTEncoder,Complex method,tokenize,35 - 103,/Volumes/BrokeExt/NICHE/thunlp_OpenNRE/opennre/encoder/bert_encoder.py,"Method 'tokenize' has a cyclomatic complexity of 7, exceeding the max of 6."
thunlp_OpenNRE.opennre.encoder,bert_encoder,BERTEntityEncoder,Complex method,tokenize,145 - 215,/Volumes/BrokeExt/NICHE/thunlp_OpenNRE/opennre/encoder/bert_encoder.py,"Method 'tokenize' has a cyclomatic complexity of 7, exceeding the max of 6."
thunlp_OpenNRE.opennre.encoder,bert_encoder,BERTEncoder,Long method,tokenize,35 - 103,/Volumes/BrokeExt/NICHE/thunlp_OpenNRE/opennre/encoder/bert_encoder.py,Method 'tokenize' is too long (54 lines).
thunlp_OpenNRE.opennre.encoder,bert_encoder,BERTEntityEncoder,Long method,tokenize,145 - 215,/Volumes/BrokeExt/NICHE/thunlp_OpenNRE/opennre/encoder/bert_encoder.py,Method 'tokenize' is too long (54 lines).
thunlp_OpenNRE.opennre.encoder,bert_encoder,BERTEncoder,Long statement,__init__,9,/Volumes/BrokeExt/NICHE/thunlp_OpenNRE/opennre/encoder/bert_encoder.py,A line with 126 chars in __init__ exceeds the maximum length of 120 characters.
thunlp_OpenNRE.opennre.encoder,bert_encoder,BERTEncoder,Long statement,forward,24,/Volumes/BrokeExt/NICHE/thunlp_OpenNRE/opennre/encoder/bert_encoder.py,A line with 220 chars in forward exceeds the maximum length of 120 characters.
thunlp_OpenNRE.opennre.encoder,bert_encoder,BERTEncoder,Long statement,tokenize,36,/Volumes/BrokeExt/NICHE/thunlp_OpenNRE/opennre/encoder/bert_encoder.py,A line with 168 chars in tokenize exceeds the maximum length of 120 characters.
thunlp_OpenNRE.opennre.encoder,bert_encoder,BERTEntityEncoder,Long statement,__init__,108,/Volumes/BrokeExt/NICHE/thunlp_OpenNRE/opennre/encoder/bert_encoder.py,A line with 126 chars in __init__ exceeds the maximum length of 120 characters.
thunlp_OpenNRE.opennre.encoder,bert_encoder,BERTEntityEncoder,Long statement,forward,124,/Volumes/BrokeExt/NICHE/thunlp_OpenNRE/opennre/encoder/bert_encoder.py,A line with 347 chars in forward exceeds the maximum length of 120 characters.
thunlp_OpenNRE.opennre.encoder,bert_encoder,BERTEntityEncoder,Long statement,tokenize,146,/Volumes/BrokeExt/NICHE/thunlp_OpenNRE/opennre/encoder/bert_encoder.py,A line with 168 chars in tokenize exceeds the maximum length of 120 characters.
thunlp_OpenNRE.opennre.encoder,bert_encoder,BERTEncoder,Magic number,__init__,17,/Volumes/BrokeExt/NICHE/thunlp_OpenNRE/opennre/encoder/bert_encoder.py,Magic number 768 used in __init__.
thunlp_OpenNRE.opennre.encoder,bert_encoder,BERTEntityEncoder,Magic number,__init__,116,/Volumes/BrokeExt/NICHE/thunlp_OpenNRE/opennre/encoder/bert_encoder.py,Magic number 768 used in __init__.
thunlp_OpenNRE.opennre.encoder,bert_encoder,BERTEntityEncoder,Magic number,__init__,116,/Volumes/BrokeExt/NICHE/thunlp_OpenNRE/opennre/encoder/bert_encoder.py,Magic number 2 used in __init__.
thunlp_OpenNRE.opennre.encoder,cnn_encoder,CNNEncoder,Long parameter list,__init__,11 - 44,/Volumes/BrokeExt/NICHE/thunlp_OpenNRE/opennre/encoder/cnn_encoder.py,"__init__ has 12 parameters, exceeding the max of 5."
thunlp_OpenNRE.opennre.encoder,cnn_encoder,CNNEncoder,Long statement,__init__,24,/Volumes/BrokeExt/NICHE/thunlp_OpenNRE/opennre/encoder/cnn_encoder.py,A line with 491 chars in __init__ exceeds the maximum length of 120 characters.
thunlp_OpenNRE.opennre.encoder,cnn_encoder,CNNEncoder,Long statement,__init__,37,/Volumes/BrokeExt/NICHE/thunlp_OpenNRE/opennre/encoder/cnn_encoder.py,A line with 143 chars in __init__ exceeds the maximum length of 120 characters.
thunlp_OpenNRE.opennre.encoder,cnn_encoder,CNNEncoder,Long statement,forward,47,/Volumes/BrokeExt/NICHE/thunlp_OpenNRE/opennre/encoder/cnn_encoder.py,A line with 263 chars in forward exceeds the maximum length of 120 characters.
thunlp_OpenNRE.opennre.encoder,cnn_encoder,CNNEncoder,Magic number,__init__,13,/Volumes/BrokeExt/NICHE/thunlp_OpenNRE/opennre/encoder/cnn_encoder.py,Magic number 128 used in __init__.
thunlp_OpenNRE.opennre.encoder,cnn_encoder,CNNEncoder,Magic number,__init__,14,/Volumes/BrokeExt/NICHE/thunlp_OpenNRE/opennre/encoder/cnn_encoder.py,Magic number 230 used in __init__.
thunlp_OpenNRE.opennre.encoder,cnn_encoder,CNNEncoder,Magic number,__init__,15,/Volumes/BrokeExt/NICHE/thunlp_OpenNRE/opennre/encoder/cnn_encoder.py,Magic number 50 used in __init__.
thunlp_OpenNRE.opennre.encoder,cnn_encoder,CNNEncoder,Magic number,__init__,16,/Volumes/BrokeExt/NICHE/thunlp_OpenNRE/opennre/encoder/cnn_encoder.py,Magic number 5 used in __init__.
thunlp_OpenNRE.opennre.encoder,cnn_encoder,CNNEncoder,Magic number,__init__,19,/Volumes/BrokeExt/NICHE/thunlp_OpenNRE/opennre/encoder/cnn_encoder.py,Magic number 3 used in __init__.
thunlp_OpenNRE.opennre.encoder,cnn_encoder,CNNEncoder,Magic number,forward,56,/Volumes/BrokeExt/NICHE/thunlp_OpenNRE/opennre/encoder/cnn_encoder.py,Magic number 2 used in forward.
thunlp_OpenNRE.opennre.encoder,pcnn_encoder,PCNNEncoder,Complex method,tokenize,82 - 173,/Volumes/BrokeExt/NICHE/thunlp_OpenNRE/opennre/encoder/pcnn_encoder.py,"Method 'tokenize' has a cyclomatic complexity of 16, exceeding the max of 6."
thunlp_OpenNRE.opennre.encoder,pcnn_encoder,PCNNEncoder,Long method,tokenize,82 - 173,/Volumes/BrokeExt/NICHE/thunlp_OpenNRE/opennre/encoder/pcnn_encoder.py,Method 'tokenize' is too long (73 lines).
thunlp_OpenNRE.opennre.encoder,pcnn_encoder,PCNNEncoder,Long parameter list,__init__,13 - 52,/Volumes/BrokeExt/NICHE/thunlp_OpenNRE/opennre/encoder/pcnn_encoder.py,"__init__ has 12 parameters, exceeding the max of 5."
thunlp_OpenNRE.opennre.encoder,pcnn_encoder,PCNNEncoder,Long statement,__init__,26,/Volumes/BrokeExt/NICHE/thunlp_OpenNRE/opennre/encoder/pcnn_encoder.py,A line with 491 chars in __init__ exceeds the maximum length of 120 characters.
thunlp_OpenNRE.opennre.encoder,pcnn_encoder,PCNNEncoder,Long statement,__init__,39,/Volumes/BrokeExt/NICHE/thunlp_OpenNRE/opennre/encoder/pcnn_encoder.py,A line with 127 chars in __init__ exceeds the maximum length of 120 characters.
thunlp_OpenNRE.opennre.encoder,pcnn_encoder,PCNNEncoder,Long statement,forward,55,/Volumes/BrokeExt/NICHE/thunlp_OpenNRE/opennre/encoder/pcnn_encoder.py,A line with 263 chars in forward exceeds the maximum length of 120 characters.
thunlp_OpenNRE.opennre.encoder,pcnn_encoder,PCNNEncoder,Long statement,tokenize,83,/Volumes/BrokeExt/NICHE/thunlp_OpenNRE/opennre/encoder/pcnn_encoder.py,A line with 352 chars in tokenize exceeds the maximum length of 120 characters.
thunlp_OpenNRE.opennre.encoder,pcnn_encoder,PCNNEncoder,Long statement,tokenize,129,/Volumes/BrokeExt/NICHE/thunlp_OpenNRE/opennre/encoder/pcnn_encoder.py,A line with 126 chars in tokenize exceeds the maximum length of 120 characters.
thunlp_OpenNRE.opennre.encoder,pcnn_encoder,PCNNEncoder,Magic number,__init__,15,/Volumes/BrokeExt/NICHE/thunlp_OpenNRE/opennre/encoder/pcnn_encoder.py,Magic number 128 used in __init__.
thunlp_OpenNRE.opennre.encoder,pcnn_encoder,PCNNEncoder,Magic number,__init__,16,/Volumes/BrokeExt/NICHE/thunlp_OpenNRE/opennre/encoder/pcnn_encoder.py,Magic number 230 used in __init__.
thunlp_OpenNRE.opennre.encoder,pcnn_encoder,PCNNEncoder,Magic number,__init__,17,/Volumes/BrokeExt/NICHE/thunlp_OpenNRE/opennre/encoder/pcnn_encoder.py,Magic number 50 used in __init__.
thunlp_OpenNRE.opennre.encoder,pcnn_encoder,PCNNEncoder,Magic number,__init__,18,/Volumes/BrokeExt/NICHE/thunlp_OpenNRE/opennre/encoder/pcnn_encoder.py,Magic number 5 used in __init__.
thunlp_OpenNRE.opennre.encoder,pcnn_encoder,PCNNEncoder,Magic number,__init__,21,/Volumes/BrokeExt/NICHE/thunlp_OpenNRE/opennre/encoder/pcnn_encoder.py,Magic number 3 used in __init__.
thunlp_OpenNRE.opennre.encoder,pcnn_encoder,PCNNEncoder,Magic number,__init__,52,/Volumes/BrokeExt/NICHE/thunlp_OpenNRE/opennre/encoder/pcnn_encoder.py,Magic number 3 used in __init__.
thunlp_OpenNRE.opennre.encoder,pcnn_encoder,PCNNEncoder,Magic number,__init__,50,/Volumes/BrokeExt/NICHE/thunlp_OpenNRE/opennre/encoder/pcnn_encoder.py,Magic number 100 used in __init__.
thunlp_OpenNRE.opennre.encoder,pcnn_encoder,PCNNEncoder,Magic number,forward,64,/Volumes/BrokeExt/NICHE/thunlp_OpenNRE/opennre/encoder/pcnn_encoder.py,Magic number 2 used in forward.
thunlp_OpenNRE.opennre.framework,__init__,,Long statement,,10,/Volumes/BrokeExt/NICHE/thunlp_OpenNRE/opennre/framework/__init__.py,A line with 190 chars in __init__ exceeds the maximum length of 120 characters.
thunlp_OpenNRE.opennre.framework,bag_re,BagRE,Complex method,__init__,11 - 98,/Volumes/BrokeExt/NICHE/thunlp_OpenNRE/opennre/framework/bag_re.py,"Method '__init__' has a cyclomatic complexity of 9, exceeding the max of 6."
thunlp_OpenNRE.opennre.framework,bag_re,BagRE,Complex method,train_model,100 - 152,/Volumes/BrokeExt/NICHE/thunlp_OpenNRE/opennre/framework/bag_re.py,"Method 'train_model' has a cyclomatic complexity of 8, exceeding the max of 6."
thunlp_OpenNRE.opennre.framework,bag_re,BagRE,Complex method,eval_model,154 - 181,/Volumes/BrokeExt/NICHE/thunlp_OpenNRE/opennre/framework/bag_re.py,"Method 'eval_model' has a cyclomatic complexity of 8, exceeding the max of 6."
thunlp_OpenNRE.opennre.framework,bag_re,BagRE,Empty catch block,train_model,115,/Volumes/BrokeExt/NICHE/thunlp_OpenNRE/opennre/framework/bag_re.py,Empty catch block found in train_model.
thunlp_OpenNRE.opennre.framework,bag_re,BagRE,Empty catch block,eval_model,164,/Volumes/BrokeExt/NICHE/thunlp_OpenNRE/opennre/framework/bag_re.py,Empty catch block found in eval_model.
thunlp_OpenNRE.opennre.framework,bag_re,BagRE,Long method,__init__,11 - 98,/Volumes/BrokeExt/NICHE/thunlp_OpenNRE/opennre/framework/bag_re.py,Method '__init__' is too long (67 lines).
thunlp_OpenNRE.opennre.framework,bag_re,BagRE,Long method,train_model,100 - 152,/Volumes/BrokeExt/NICHE/thunlp_OpenNRE/opennre/framework/bag_re.py,Method 'train_model' is too long (53 lines).
thunlp_OpenNRE.opennre.framework,bag_re,BagRE,Long parameter list,__init__,11 - 98,/Volumes/BrokeExt/NICHE/thunlp_OpenNRE/opennre/framework/bag_re.py,"__init__ has 12 parameters, exceeding the max of 5."
thunlp_OpenNRE.opennre.framework,bag_re,BagRE,Long statement,__init__,30,/Volumes/BrokeExt/NICHE/thunlp_OpenNRE/opennre/framework/bag_re.py,A line with 149 chars in __init__ exceeds the maximum length of 120 characters.
thunlp_OpenNRE.opennre.framework,bag_re,BagRE,Long statement,__init__,40,/Volumes/BrokeExt/NICHE/thunlp_OpenNRE/opennre/framework/bag_re.py,A line with 145 chars in __init__ exceeds the maximum length of 120 characters.
thunlp_OpenNRE.opennre.framework,bag_re,BagRE,Long statement,__init__,50,/Volumes/BrokeExt/NICHE/thunlp_OpenNRE/opennre/framework/bag_re.py,A line with 147 chars in __init__ exceeds the maximum length of 120 characters.
thunlp_OpenNRE.opennre.framework,bag_re,BagRE,Long statement,__init__,77,/Volumes/BrokeExt/NICHE/thunlp_OpenNRE/opennre/framework/bag_re.py,A line with 268 chars in __init__ exceeds the maximum length of 120 characters.
thunlp_OpenNRE.opennre.framework,bag_re,BagRE,Magic number,__init__,17,/Volumes/BrokeExt/NICHE/thunlp_OpenNRE/opennre/framework/bag_re.py,Magic number 32 used in __init__.
thunlp_OpenNRE.opennre.framework,bag_re,BagRE,Magic number,__init__,18,/Volumes/BrokeExt/NICHE/thunlp_OpenNRE/opennre/framework/bag_re.py,Magic number 100 used in __init__.
thunlp_OpenNRE.opennre.framework,bag_re,BagRE,Magic number,__init__,19,/Volumes/BrokeExt/NICHE/thunlp_OpenNRE/opennre/framework/bag_re.py,Magic number 0.1 used in __init__.
thunlp_OpenNRE.opennre.framework,bag_re,BagRE,Magic number,__init__,20,/Volumes/BrokeExt/NICHE/thunlp_OpenNRE/opennre/framework/bag_re.py,Magic number 1e-05 used in __init__.
thunlp_OpenNRE.opennre.framework,bag_re,BagRE,Magic number,__init__,80,/Volumes/BrokeExt/NICHE/thunlp_OpenNRE/opennre/framework/bag_re.py,Magic number 0.01 used in __init__.
thunlp_OpenNRE.opennre.framework,bag_re,BagRE,Magic number,train_model,119,/Volumes/BrokeExt/NICHE/thunlp_OpenNRE/opennre/framework/bag_re.py,Magic number 2 used in train_model.
thunlp_OpenNRE.opennre.framework,bag_re,BagRE,Magic number,train_model,120,/Volumes/BrokeExt/NICHE/thunlp_OpenNRE/opennre/framework/bag_re.py,Magic number 3 used in train_model.
thunlp_OpenNRE.opennre.framework,bag_re,BagRE,Magic number,eval_model,168,/Volumes/BrokeExt/NICHE/thunlp_OpenNRE/opennre/framework/bag_re.py,Magic number 2 used in eval_model.
thunlp_OpenNRE.opennre.framework,bag_re,BagRE,Magic number,eval_model,169,/Volumes/BrokeExt/NICHE/thunlp_OpenNRE/opennre/framework/bag_re.py,Magic number 3 used in eval_model.
thunlp_OpenNRE.opennre.framework,data_loader,SentenceREDataset,Complex method,eval,53 - 103,/Volumes/BrokeExt/NICHE/thunlp_OpenNRE/opennre/framework/data_loader.py,"Method 'eval' has a cyclomatic complexity of 13, exceeding the max of 6."
thunlp_OpenNRE.opennre.framework,data_loader,BagREDataset,Complex method,__init__,120 - 178,/Volumes/BrokeExt/NICHE/thunlp_OpenNRE/opennre/framework/data_loader.py,"Method '__init__' has a cyclomatic complexity of 11, exceeding the max of 6."
thunlp_OpenNRE.opennre.framework,data_loader,BagREDataset,Complex method,__getitem__,183 - 205,/Volumes/BrokeExt/NICHE/thunlp_OpenNRE/opennre/framework/data_loader.py,"Method '__getitem__' has a cyclomatic complexity of 8, exceeding the max of 6."
thunlp_OpenNRE.opennre.framework,data_loader,BagREDataset,Complex method,eval,239 - 310,/Volumes/BrokeExt/NICHE/thunlp_OpenNRE/opennre/framework/data_loader.py,"Method 'eval' has a cyclomatic complexity of 8, exceeding the max of 6."
thunlp_OpenNRE.opennre.framework,data_loader,MultiLabelSentenceREDataset,Complex method,eval,375 - 446,/Volumes/BrokeExt/NICHE/thunlp_OpenNRE/opennre/framework/data_loader.py,"Method 'eval' has a cyclomatic complexity of 13, exceeding the max of 6."
thunlp_OpenNRE.opennre.framework,data_loader,SentenceREDataset,Long method,eval,53 - 103,/Volumes/BrokeExt/NICHE/thunlp_OpenNRE/opennre/framework/data_loader.py,Method 'eval' is too long (45 lines).
thunlp_OpenNRE.opennre.framework,data_loader,BagREDataset,Long method,__init__,120 - 178,/Volumes/BrokeExt/NICHE/thunlp_OpenNRE/opennre/framework/data_loader.py,Method '__init__' is too long (48 lines).
thunlp_OpenNRE.opennre.framework,data_loader,BagREDataset,Long method,eval,239 - 310,/Volumes/BrokeExt/NICHE/thunlp_OpenNRE/opennre/framework/data_loader.py,Method 'eval' is too long (56 lines).
thunlp_OpenNRE.opennre.framework,data_loader,MultiLabelSentenceREDataset,Long method,eval,375 - 446,/Volumes/BrokeExt/NICHE/thunlp_OpenNRE/opennre/framework/data_loader.py,Method 'eval' is too long (58 lines).
thunlp_OpenNRE.opennre.framework,data_loader,,Long parameter list,SentenceRELoader,105 - 114,/Volumes/BrokeExt/NICHE/thunlp_OpenNRE/opennre/framework/data_loader.py,"SentenceRELoader has 7 parameters, exceeding the max of 5."
thunlp_OpenNRE.opennre.framework,data_loader,,Long parameter list,BagRELoader,312 - 326,/Volumes/BrokeExt/NICHE/thunlp_OpenNRE/opennre/framework/data_loader.py,"BagRELoader has 9 parameters, exceeding the max of 5."
thunlp_OpenNRE.opennre.framework,data_loader,,Long parameter list,MultiLabelSentenceRELoader,448 - 457,/Volumes/BrokeExt/NICHE/thunlp_OpenNRE/opennre/framework/data_loader.py,"MultiLabelSentenceRELoader has 7 parameters, exceeding the max of 5."
thunlp_OpenNRE.opennre.framework,data_loader,BagREDataset,Long parameter list,__init__,120 - 178,/Volumes/BrokeExt/NICHE/thunlp_OpenNRE/opennre/framework/data_loader.py,"__init__ has 6 parameters, exceeding the max of 5."
thunlp_OpenNRE.opennre.framework,data_loader,,Long statement,SentenceRELoader,108,/Volumes/BrokeExt/NICHE/thunlp_OpenNRE/opennre/framework/data_loader.py,A line with 151 chars in SentenceRELoader exceeds the maximum length of 120 characters.
thunlp_OpenNRE.opennre.framework,data_loader,,Long statement,BagRELoader,320,/Volumes/BrokeExt/NICHE/thunlp_OpenNRE/opennre/framework/data_loader.py,A line with 151 chars in BagRELoader exceeds the maximum length of 120 characters.
thunlp_OpenNRE.opennre.framework,data_loader,,Long statement,MultiLabelSentenceRELoader,451,/Volumes/BrokeExt/NICHE/thunlp_OpenNRE/opennre/framework/data_loader.py,A line with 151 chars in MultiLabelSentenceRELoader exceeds the maximum length of 120 characters.
thunlp_OpenNRE.opennre.framework,data_loader,SentenceREDataset,Long statement,__init__,12,/Volumes/BrokeExt/NICHE/thunlp_OpenNRE/opennre/framework/data_loader.py,A line with 172 chars in __init__ exceeds the maximum length of 120 characters.
thunlp_OpenNRE.opennre.framework,data_loader,SentenceREDataset,Long statement,__init__,32,/Volumes/BrokeExt/NICHE/thunlp_OpenNRE/opennre/framework/data_loader.py,A line with 124 chars in __init__ exceeds the maximum length of 120 characters.
thunlp_OpenNRE.opennre.framework,data_loader,SentenceREDataset,Long statement,eval,54,/Volumes/BrokeExt/NICHE/thunlp_OpenNRE/opennre/framework/data_loader.py,A line with 316 chars in eval exceeds the maximum length of 120 characters.
thunlp_OpenNRE.opennre.framework,data_loader,BagREDataset,Long statement,__init__,121,/Volumes/BrokeExt/NICHE/thunlp_OpenNRE/opennre/framework/data_loader.py,A line with 351 chars in __init__ exceeds the maximum length of 120 characters.
thunlp_OpenNRE.opennre.framework,data_loader,BagREDataset,Long statement,eval,240,/Volumes/BrokeExt/NICHE/thunlp_OpenNRE/opennre/framework/data_loader.py,A line with 551 chars in eval exceeds the maximum length of 120 characters.
thunlp_OpenNRE.opennre.framework,data_loader,BagREDataset,Long statement,eval,295,/Volumes/BrokeExt/NICHE/thunlp_OpenNRE/opennre/framework/data_loader.py,A line with 127 chars in eval exceeds the maximum length of 120 characters.
thunlp_OpenNRE.opennre.framework,data_loader,BagREDataset,Long statement,eval,296,/Volumes/BrokeExt/NICHE/thunlp_OpenNRE/opennre/framework/data_loader.py,A line with 124 chars in eval exceeds the maximum length of 120 characters.
thunlp_OpenNRE.opennre.framework,data_loader,BagREDataset,Long statement,eval,297,/Volumes/BrokeExt/NICHE/thunlp_OpenNRE/opennre/framework/data_loader.py,A line with 121 chars in eval exceeds the maximum length of 120 characters.
thunlp_OpenNRE.opennre.framework,data_loader,BagREDataset,Long statement,eval,299,/Volumes/BrokeExt/NICHE/thunlp_OpenNRE/opennre/framework/data_loader.py,A line with 127 chars in eval exceeds the maximum length of 120 characters.
thunlp_OpenNRE.opennre.framework,data_loader,BagREDataset,Long statement,eval,300,/Volumes/BrokeExt/NICHE/thunlp_OpenNRE/opennre/framework/data_loader.py,A line with 124 chars in eval exceeds the maximum length of 120 characters.
thunlp_OpenNRE.opennre.framework,data_loader,BagREDataset,Long statement,eval,301,/Volumes/BrokeExt/NICHE/thunlp_OpenNRE/opennre/framework/data_loader.py,A line with 121 chars in eval exceeds the maximum length of 120 characters.
thunlp_OpenNRE.opennre.framework,data_loader,BagREDataset,Long statement,eval,304,/Volumes/BrokeExt/NICHE/thunlp_OpenNRE/opennre/framework/data_loader.py,A line with 125 chars in eval exceeds the maximum length of 120 characters.
thunlp_OpenNRE.opennre.framework,data_loader,BagREDataset,Long statement,eval,308,/Volumes/BrokeExt/NICHE/thunlp_OpenNRE/opennre/framework/data_loader.py,A line with 130 chars in eval exceeds the maximum length of 120 characters.
thunlp_OpenNRE.opennre.framework,data_loader,BagREDataset,Long statement,eval,310,/Volumes/BrokeExt/NICHE/thunlp_OpenNRE/opennre/framework/data_loader.py,A line with 352 chars in eval exceeds the maximum length of 120 characters.
thunlp_OpenNRE.opennre.framework,data_loader,MultiLabelSentenceREDataset,Long statement,__init__,334,/Volumes/BrokeExt/NICHE/thunlp_OpenNRE/opennre/framework/data_loader.py,A line with 172 chars in __init__ exceeds the maximum length of 120 characters.
thunlp_OpenNRE.opennre.framework,data_loader,MultiLabelSentenceREDataset,Long statement,__init__,354,/Volumes/BrokeExt/NICHE/thunlp_OpenNRE/opennre/framework/data_loader.py,A line with 124 chars in __init__ exceeds the maximum length of 120 characters.
thunlp_OpenNRE.opennre.framework,data_loader,MultiLabelSentenceREDataset,Long statement,eval,376,/Volumes/BrokeExt/NICHE/thunlp_OpenNRE/opennre/framework/data_loader.py,A line with 211 chars in eval exceeds the maximum length of 120 characters.
thunlp_OpenNRE.opennre.framework,data_loader,MultiLabelSentenceREDataset,Long statement,eval,434,/Volumes/BrokeExt/NICHE/thunlp_OpenNRE/opennre/framework/data_loader.py,A line with 127 chars in eval exceeds the maximum length of 120 characters.
thunlp_OpenNRE.opennre.framework,data_loader,MultiLabelSentenceREDataset,Long statement,eval,435,/Volumes/BrokeExt/NICHE/thunlp_OpenNRE/opennre/framework/data_loader.py,A line with 124 chars in eval exceeds the maximum length of 120 characters.
thunlp_OpenNRE.opennre.framework,data_loader,MultiLabelSentenceREDataset,Long statement,eval,436,/Volumes/BrokeExt/NICHE/thunlp_OpenNRE/opennre/framework/data_loader.py,A line with 121 chars in eval exceeds the maximum length of 120 characters.
thunlp_OpenNRE.opennre.framework,data_loader,MultiLabelSentenceREDataset,Long statement,eval,438,/Volumes/BrokeExt/NICHE/thunlp_OpenNRE/opennre/framework/data_loader.py,A line with 127 chars in eval exceeds the maximum length of 120 characters.
thunlp_OpenNRE.opennre.framework,data_loader,MultiLabelSentenceREDataset,Long statement,eval,439,/Volumes/BrokeExt/NICHE/thunlp_OpenNRE/opennre/framework/data_loader.py,A line with 124 chars in eval exceeds the maximum length of 120 characters.
thunlp_OpenNRE.opennre.framework,data_loader,MultiLabelSentenceREDataset,Long statement,eval,440,/Volumes/BrokeExt/NICHE/thunlp_OpenNRE/opennre/framework/data_loader.py,A line with 121 chars in eval exceeds the maximum length of 120 characters.
thunlp_OpenNRE.opennre.framework,data_loader,,Magic number,SentenceRELoader,106,/Volumes/BrokeExt/NICHE/thunlp_OpenNRE/opennre/framework/data_loader.py,Magic number 8 used in SentenceRELoader.
thunlp_OpenNRE.opennre.framework,data_loader,,Magic number,BagRELoader,313,/Volumes/BrokeExt/NICHE/thunlp_OpenNRE/opennre/framework/data_loader.py,Magic number 8 used in BagRELoader.
thunlp_OpenNRE.opennre.framework,data_loader,,Magic number,MultiLabelSentenceRELoader,449,/Volumes/BrokeExt/NICHE/thunlp_OpenNRE/opennre/framework/data_loader.py,Magic number 8 used in MultiLabelSentenceRELoader.
thunlp_OpenNRE.opennre.framework,data_loader,SentenceREDataset,Magic number,eval,98,/Volumes/BrokeExt/NICHE/thunlp_OpenNRE/opennre/framework/data_loader.py,Magic number 2 used in eval.
thunlp_OpenNRE.opennre.framework,data_loader,BagREDataset,Magic number,__init__,175,/Volumes/BrokeExt/NICHE/thunlp_OpenNRE/opennre/framework/data_loader.py,Magic number 0.05 used in __init__.
thunlp_OpenNRE.opennre.framework,data_loader,BagREDataset,Magic number,collate_fn,209,/Volumes/BrokeExt/NICHE/thunlp_OpenNRE/opennre/framework/data_loader.py,Magic number 3 used in collate_fn.
thunlp_OpenNRE.opennre.framework,data_loader,BagREDataset,Magic number,collate_fn,210,/Volumes/BrokeExt/NICHE/thunlp_OpenNRE/opennre/framework/data_loader.py,Magic number 3 used in collate_fn.
thunlp_OpenNRE.opennre.framework,data_loader,BagREDataset,Magic number,collate_bag_size_fn,226,/Volumes/BrokeExt/NICHE/thunlp_OpenNRE/opennre/framework/data_loader.py,Magic number 3 used in collate_bag_size_fn.
thunlp_OpenNRE.opennre.framework,data_loader,BagREDataset,Magic number,collate_bag_size_fn,227,/Volumes/BrokeExt/NICHE/thunlp_OpenNRE/opennre/framework/data_loader.py,Magic number 3 used in collate_bag_size_fn.
thunlp_OpenNRE.opennre.framework,data_loader,BagREDataset,Magic number,eval,239,/Volumes/BrokeExt/NICHE/thunlp_OpenNRE/opennre/framework/data_loader.py,Magic number 0.5 used in eval.
thunlp_OpenNRE.opennre.framework,data_loader,BagREDataset,Magic number,eval,310,/Volumes/BrokeExt/NICHE/thunlp_OpenNRE/opennre/framework/data_loader.py,Magic number 99 used in eval.
thunlp_OpenNRE.opennre.framework,data_loader,BagREDataset,Magic number,eval,310,/Volumes/BrokeExt/NICHE/thunlp_OpenNRE/opennre/framework/data_loader.py,Magic number 199 used in eval.
thunlp_OpenNRE.opennre.framework,data_loader,BagREDataset,Magic number,eval,310,/Volumes/BrokeExt/NICHE/thunlp_OpenNRE/opennre/framework/data_loader.py,Magic number 299 used in eval.
thunlp_OpenNRE.opennre.framework,data_loader,BagREDataset,Magic number,eval,310,/Volumes/BrokeExt/NICHE/thunlp_OpenNRE/opennre/framework/data_loader.py,Magic number 3 used in eval.
thunlp_OpenNRE.opennre.framework,data_loader,BagREDataset,Magic number,eval,310,/Volumes/BrokeExt/NICHE/thunlp_OpenNRE/opennre/framework/data_loader.py,Magic number 299 used in eval.
thunlp_OpenNRE.opennre.framework,data_loader,BagREDataset,Magic number,eval,310,/Volumes/BrokeExt/NICHE/thunlp_OpenNRE/opennre/framework/data_loader.py,Magic number 99 used in eval.
thunlp_OpenNRE.opennre.framework,data_loader,BagREDataset,Magic number,eval,310,/Volumes/BrokeExt/NICHE/thunlp_OpenNRE/opennre/framework/data_loader.py,Magic number 199 used in eval.
thunlp_OpenNRE.opennre.framework,data_loader,MultiLabelSentenceREDataset,Magic number,eval,375,/Volumes/BrokeExt/NICHE/thunlp_OpenNRE/opennre/framework/data_loader.py,Magic number 0.5 used in eval.
thunlp_OpenNRE.opennre.framework,data_loader,MultiLabelSentenceREDataset,Magic number,eval,444,/Volumes/BrokeExt/NICHE/thunlp_OpenNRE/opennre/framework/data_loader.py,Magic number 99 used in eval.
thunlp_OpenNRE.opennre.framework,data_loader,MultiLabelSentenceREDataset,Magic number,eval,444,/Volumes/BrokeExt/NICHE/thunlp_OpenNRE/opennre/framework/data_loader.py,Magic number 199 used in eval.
thunlp_OpenNRE.opennre.framework,data_loader,MultiLabelSentenceREDataset,Magic number,eval,444,/Volumes/BrokeExt/NICHE/thunlp_OpenNRE/opennre/framework/data_loader.py,Magic number 299 used in eval.
thunlp_OpenNRE.opennre.framework,multi_label_sentence_re,MultiLabelSentenceRE,Complex method,__init__,11 - 95,/Volumes/BrokeExt/NICHE/thunlp_OpenNRE/opennre/framework/multi_label_sentence_re.py,"Method '__init__' has a cyclomatic complexity of 9, exceeding the max of 6."
thunlp_OpenNRE.opennre.framework,multi_label_sentence_re,MultiLabelSentenceRE,Complex method,train_model,97 - 148,/Volumes/BrokeExt/NICHE/thunlp_OpenNRE/opennre/framework/multi_label_sentence_re.py,"Method 'train_model' has a cyclomatic complexity of 9, exceeding the max of 6."
thunlp_OpenNRE.opennre.framework,multi_label_sentence_re,MultiLabelSentenceRE,Empty catch block,train_model,111,/Volumes/BrokeExt/NICHE/thunlp_OpenNRE/opennre/framework/multi_label_sentence_re.py,Empty catch block found in train_model.
thunlp_OpenNRE.opennre.framework,multi_label_sentence_re,MultiLabelSentenceRE,Empty catch block,eval_model,160,/Volumes/BrokeExt/NICHE/thunlp_OpenNRE/opennre/framework/multi_label_sentence_re.py,Empty catch block found in eval_model.
thunlp_OpenNRE.opennre.framework,multi_label_sentence_re,MultiLabelSentenceRE,Long method,__init__,11 - 95,/Volumes/BrokeExt/NICHE/thunlp_OpenNRE/opennre/framework/multi_label_sentence_re.py,Method '__init__' is too long (64 lines).
thunlp_OpenNRE.opennre.framework,multi_label_sentence_re,MultiLabelSentenceRE,Long method,train_model,97 - 148,/Volumes/BrokeExt/NICHE/thunlp_OpenNRE/opennre/framework/multi_label_sentence_re.py,Method 'train_model' is too long (52 lines).
thunlp_OpenNRE.opennre.framework,multi_label_sentence_re,MultiLabelSentenceRE,Long parameter list,__init__,11 - 95,/Volumes/BrokeExt/NICHE/thunlp_OpenNRE/opennre/framework/multi_label_sentence_re.py,"__init__ has 11 parameters, exceeding the max of 5."
thunlp_OpenNRE.opennre.framework,multi_label_sentence_re,MultiLabelSentenceRE,Long statement,__init__,28,/Volumes/BrokeExt/NICHE/thunlp_OpenNRE/opennre/framework/multi_label_sentence_re.py,A line with 123 chars in __init__ exceeds the maximum length of 120 characters.
thunlp_OpenNRE.opennre.framework,multi_label_sentence_re,MultiLabelSentenceRE,Long statement,__init__,44,/Volumes/BrokeExt/NICHE/thunlp_OpenNRE/opennre/framework/multi_label_sentence_re.py,A line with 122 chars in __init__ exceeds the maximum length of 120 characters.
thunlp_OpenNRE.opennre.framework,multi_label_sentence_re,MultiLabelSentenceRE,Long statement,__init__,67,/Volumes/BrokeExt/NICHE/thunlp_OpenNRE/opennre/framework/multi_label_sentence_re.py,A line with 268 chars in __init__ exceeds the maximum length of 120 characters.
thunlp_OpenNRE.opennre.framework,multi_label_sentence_re,MultiLabelSentenceRE,Long statement,__init__,88,/Volumes/BrokeExt/NICHE/thunlp_OpenNRE/opennre/framework/multi_label_sentence_re.py,A line with 129 chars in __init__ exceeds the maximum length of 120 characters.
thunlp_OpenNRE.opennre.framework,multi_label_sentence_re,MultiLabelSentenceRE,Magic number,__init__,17,/Volumes/BrokeExt/NICHE/thunlp_OpenNRE/opennre/framework/multi_label_sentence_re.py,Magic number 32 used in __init__.
thunlp_OpenNRE.opennre.framework,multi_label_sentence_re,MultiLabelSentenceRE,Magic number,__init__,18,/Volumes/BrokeExt/NICHE/thunlp_OpenNRE/opennre/framework/multi_label_sentence_re.py,Magic number 100 used in __init__.
thunlp_OpenNRE.opennre.framework,multi_label_sentence_re,MultiLabelSentenceRE,Magic number,__init__,19,/Volumes/BrokeExt/NICHE/thunlp_OpenNRE/opennre/framework/multi_label_sentence_re.py,Magic number 0.1 used in __init__.
thunlp_OpenNRE.opennre.framework,multi_label_sentence_re,MultiLabelSentenceRE,Magic number,__init__,20,/Volumes/BrokeExt/NICHE/thunlp_OpenNRE/opennre/framework/multi_label_sentence_re.py,Magic number 1e-05 used in __init__.
thunlp_OpenNRE.opennre.framework,multi_label_sentence_re,MultiLabelSentenceRE,Magic number,__init__,21,/Volumes/BrokeExt/NICHE/thunlp_OpenNRE/opennre/framework/multi_label_sentence_re.py,Magic number 300 used in __init__.
thunlp_OpenNRE.opennre.framework,multi_label_sentence_re,MultiLabelSentenceRE,Magic number,__init__,70,/Volumes/BrokeExt/NICHE/thunlp_OpenNRE/opennre/framework/multi_label_sentence_re.py,Magic number 0.01 used in __init__.
thunlp_OpenNRE.opennre.framework,sentence_re,SentenceRE,Complex method,__init__,10 - 94,/Volumes/BrokeExt/NICHE/thunlp_OpenNRE/opennre/framework/sentence_re.py,"Method '__init__' has a cyclomatic complexity of 9, exceeding the max of 6."
thunlp_OpenNRE.opennre.framework,sentence_re,SentenceRE,Complex method,train_model,96 - 140,/Volumes/BrokeExt/NICHE/thunlp_OpenNRE/opennre/framework/sentence_re.py,"Method 'train_model' has a cyclomatic complexity of 9, exceeding the max of 6."
thunlp_OpenNRE.opennre.framework,sentence_re,SentenceRE,Empty catch block,train_model,110,/Volumes/BrokeExt/NICHE/thunlp_OpenNRE/opennre/framework/sentence_re.py,Empty catch block found in train_model.
thunlp_OpenNRE.opennre.framework,sentence_re,SentenceRE,Empty catch block,eval_model,153,/Volumes/BrokeExt/NICHE/thunlp_OpenNRE/opennre/framework/sentence_re.py,Empty catch block found in eval_model.
thunlp_OpenNRE.opennre.framework,sentence_re,SentenceRE,Long method,__init__,10 - 94,/Volumes/BrokeExt/NICHE/thunlp_OpenNRE/opennre/framework/sentence_re.py,Method '__init__' is too long (64 lines).
thunlp_OpenNRE.opennre.framework,sentence_re,SentenceRE,Long method,train_model,96 - 140,/Volumes/BrokeExt/NICHE/thunlp_OpenNRE/opennre/framework/sentence_re.py,Method 'train_model' is too long (45 lines).
thunlp_OpenNRE.opennre.framework,sentence_re,SentenceRE,Long parameter list,__init__,10 - 94,/Volumes/BrokeExt/NICHE/thunlp_OpenNRE/opennre/framework/sentence_re.py,"__init__ has 11 parameters, exceeding the max of 5."
thunlp_OpenNRE.opennre.framework,sentence_re,SentenceRE,Long statement,__init__,66,/Volumes/BrokeExt/NICHE/thunlp_OpenNRE/opennre/framework/sentence_re.py,A line with 268 chars in __init__ exceeds the maximum length of 120 characters.
thunlp_OpenNRE.opennre.framework,sentence_re,SentenceRE,Long statement,__init__,87,/Volumes/BrokeExt/NICHE/thunlp_OpenNRE/opennre/framework/sentence_re.py,A line with 129 chars in __init__ exceeds the maximum length of 120 characters.
thunlp_OpenNRE.opennre.framework,sentence_re,SentenceRE,Magic number,__init__,16,/Volumes/BrokeExt/NICHE/thunlp_OpenNRE/opennre/framework/sentence_re.py,Magic number 32 used in __init__.
thunlp_OpenNRE.opennre.framework,sentence_re,SentenceRE,Magic number,__init__,17,/Volumes/BrokeExt/NICHE/thunlp_OpenNRE/opennre/framework/sentence_re.py,Magic number 100 used in __init__.
thunlp_OpenNRE.opennre.framework,sentence_re,SentenceRE,Magic number,__init__,18,/Volumes/BrokeExt/NICHE/thunlp_OpenNRE/opennre/framework/sentence_re.py,Magic number 0.1 used in __init__.
thunlp_OpenNRE.opennre.framework,sentence_re,SentenceRE,Magic number,__init__,19,/Volumes/BrokeExt/NICHE/thunlp_OpenNRE/opennre/framework/sentence_re.py,Magic number 1e-05 used in __init__.
thunlp_OpenNRE.opennre.framework,sentence_re,SentenceRE,Magic number,__init__,20,/Volumes/BrokeExt/NICHE/thunlp_OpenNRE/opennre/framework/sentence_re.py,Magic number 300 used in __init__.
thunlp_OpenNRE.opennre.framework,sentence_re,SentenceRE,Magic number,__init__,69,/Volumes/BrokeExt/NICHE/thunlp_OpenNRE/opennre/framework/sentence_re.py,Magic number 0.01 used in __init__.
thunlp_OpenNRE.opennre.framework,utils,AverageMeter,Magic number,update,19,/Volumes/BrokeExt/NICHE/thunlp_OpenNRE/opennre/framework/utils.py,Magic number 0.0001 used in update.
thunlp_OpenNRE.opennre.model,bag_attention,BagAttention,Complex method,forward,68 - 181,/Volumes/BrokeExt/NICHE/thunlp_OpenNRE/opennre/model/bag_attention.py,"Method 'forward' has a cyclomatic complexity of 19, exceeding the max of 6."
thunlp_OpenNRE.opennre.model,bag_attention,BagAttention,Long method,forward,68 - 181,/Volumes/BrokeExt/NICHE/thunlp_OpenNRE/opennre/model/bag_attention.py,Method 'forward' is too long (98 lines).
thunlp_OpenNRE.opennre.model,bag_attention,BagAttention,Long parameter list,forward,68 - 181,/Volumes/BrokeExt/NICHE/thunlp_OpenNRE/opennre/model/bag_attention.py,"forward has 8 parameters, exceeding the max of 5."
thunlp_OpenNRE.opennre.model,bag_attention,BagAttention,Long statement,__init__,11,/Volumes/BrokeExt/NICHE/thunlp_OpenNRE/opennre/model/bag_attention.py,A line with 185 chars in __init__ exceeds the maximum length of 120 characters.
thunlp_OpenNRE.opennre.model,bag_attention,BagAttention,Long statement,infer,34,/Volumes/BrokeExt/NICHE/thunlp_OpenNRE/opennre/model/bag_attention.py,A line with 324 chars in infer exceeds the maximum length of 120 characters.
thunlp_OpenNRE.opennre.model,bag_attention,BagAttention,Long statement,forward,69,/Volumes/BrokeExt/NICHE/thunlp_OpenNRE/opennre/model/bag_attention.py,A line with 649 chars in forward exceeds the maximum length of 120 characters.
thunlp_OpenNRE.opennre.model,bag_attention,BagAttention,Magic number,forward,140,/Volumes/BrokeExt/NICHE/thunlp_OpenNRE/opennre/model/bag_attention.py,Magic number 256 used in forward.
thunlp_OpenNRE.opennre.model,bag_average,BagAverage,Complex method,forward,71 - 133,/Volumes/BrokeExt/NICHE/thunlp_OpenNRE/opennre/model/bag_average.py,"Method 'forward' has a cyclomatic complexity of 13, exceeding the max of 6."
thunlp_OpenNRE.opennre.model,bag_average,BagAverage,Long method,forward,71 - 133,/Volumes/BrokeExt/NICHE/thunlp_OpenNRE/opennre/model/bag_average.py,Method 'forward' is too long (49 lines).
thunlp_OpenNRE.opennre.model,bag_average,BagAverage,Long parameter list,forward,71 - 133,/Volumes/BrokeExt/NICHE/thunlp_OpenNRE/opennre/model/bag_average.py,"forward has 8 parameters, exceeding the max of 5."
thunlp_OpenNRE.opennre.model,bag_average,BagAverage,Long statement,__init__,11,/Volumes/BrokeExt/NICHE/thunlp_OpenNRE/opennre/model/bag_average.py,A line with 185 chars in __init__ exceeds the maximum length of 120 characters.
thunlp_OpenNRE.opennre.model,bag_average,BagAverage,Long statement,infer,29,/Volumes/BrokeExt/NICHE/thunlp_OpenNRE/opennre/model/bag_average.py,A line with 324 chars in infer exceeds the maximum length of 120 characters.
thunlp_OpenNRE.opennre.model,bag_average,BagAverage,Long statement,infer,42,/Volumes/BrokeExt/NICHE/thunlp_OpenNRE/opennre/model/bag_average.py,A line with 1124 chars in infer exceeds the maximum length of 120 characters.
thunlp_OpenNRE.opennre.model,bag_average,BagAverage,Long statement,forward,72,/Volumes/BrokeExt/NICHE/thunlp_OpenNRE/opennre/model/bag_average.py,A line with 385 chars in forward exceeds the maximum length of 120 characters.
thunlp_OpenNRE.opennre.model,bag_average,BagAverage,Magic number,forward,105,/Volumes/BrokeExt/NICHE/thunlp_OpenNRE/opennre/model/bag_average.py,Magic number 256 used in forward.
thunlp_OpenNRE.opennre.model,bag_one,BagOne,Complex method,forward,63 - 154,/Volumes/BrokeExt/NICHE/thunlp_OpenNRE/opennre/model/bag_one.py,"Method 'forward' has a cyclomatic complexity of 16, exceeding the max of 6."
thunlp_OpenNRE.opennre.model,bag_one,BagOne,Long method,forward,63 - 154,/Volumes/BrokeExt/NICHE/thunlp_OpenNRE/opennre/model/bag_one.py,Method 'forward' is too long (78 lines).
thunlp_OpenNRE.opennre.model,bag_one,BagOne,Long parameter list,forward,63 - 154,/Volumes/BrokeExt/NICHE/thunlp_OpenNRE/opennre/model/bag_one.py,"forward has 8 parameters, exceeding the max of 5."
thunlp_OpenNRE.opennre.model,bag_one,BagOne,Long statement,__init__,11,/Volumes/BrokeExt/NICHE/thunlp_OpenNRE/opennre/model/bag_one.py,A line with 185 chars in __init__ exceeds the maximum length of 120 characters.
thunlp_OpenNRE.opennre.model,bag_one,BagOne,Long statement,infer,29,/Volumes/BrokeExt/NICHE/thunlp_OpenNRE/opennre/model/bag_one.py,A line with 324 chars in infer exceeds the maximum length of 120 characters.
thunlp_OpenNRE.opennre.model,bag_one,BagOne,Long statement,forward,64,/Volumes/BrokeExt/NICHE/thunlp_OpenNRE/opennre/model/bag_one.py,A line with 385 chars in forward exceeds the maximum length of 120 characters.
thunlp_OpenNRE.opennre.model,bag_one,BagOne,Magic number,forward,98,/Volumes/BrokeExt/NICHE/thunlp_OpenNRE/opennre/model/bag_one.py,Magic number 256 used in forward.
thunlp_OpenNRE.opennre.model,base_model,SentenceRE,Long statement,infer,10,/Volumes/BrokeExt/NICHE/thunlp_OpenNRE/opennre/model/base_model.py,A line with 180 chars in infer exceeds the maximum length of 120 characters.
thunlp_OpenNRE.opennre.model,base_model,BagRE,Long statement,infer,24,/Volumes/BrokeExt/NICHE/thunlp_OpenNRE/opennre/model/base_model.py,A line with 324 chars in infer exceeds the maximum length of 120 characters.
thunlp_OpenNRE.opennre.model,base_model,FewShotRE,Long statement,infer,42,/Volumes/BrokeExt/NICHE/thunlp_OpenNRE/opennre/model/base_model.py,A line with 463 chars in infer exceeds the maximum length of 120 characters.
thunlp_OpenNRE.opennre.model,base_model,NER,Long statement,ner,64,/Volumes/BrokeExt/NICHE/thunlp_OpenNRE/opennre/model/base_model.py,A line with 245 chars in ner exceeds the maximum length of 120 characters.
thunlp_OpenNRE.opennre.model,sigmoid_nn,SigmoidNN,Long statement,__init__,11,/Volumes/BrokeExt/NICHE/thunlp_OpenNRE/opennre/model/sigmoid_nn.py,A line with 185 chars in __init__ exceeds the maximum length of 120 characters.
thunlp_OpenNRE.opennre.model,softmax_nn,SoftmaxNN,Long statement,__init__,11,/Volumes/BrokeExt/NICHE/thunlp_OpenNRE/opennre/model/softmax_nn.py,A line with 185 chars in __init__ exceeds the maximum length of 120 characters.
thunlp_OpenNRE.opennre.module.nn,cnn,CNN,Long parameter list,__init__,7 - 18,/Volumes/BrokeExt/NICHE/thunlp_OpenNRE/opennre/module/nn/cnn.py,"__init__ has 6 parameters, exceeding the max of 5."
thunlp_OpenNRE.opennre.module.nn,cnn,CNN,Long statement,__init__,8,/Volumes/BrokeExt/NICHE/thunlp_OpenNRE/opennre/module/nn/cnn.py,A line with 203 chars in __init__ exceeds the maximum length of 120 characters.
thunlp_OpenNRE.opennre.module.nn,cnn,CNN,Long statement,forward,21,/Volumes/BrokeExt/NICHE/thunlp_OpenNRE/opennre/module/nn/cnn.py,A line with 132 chars in forward exceeds the maximum length of 120 characters.
thunlp_OpenNRE.opennre.module.nn,cnn,CNN,Magic number,__init__,7,/Volumes/BrokeExt/NICHE/thunlp_OpenNRE/opennre/module/nn/cnn.py,Magic number 50 used in __init__.
thunlp_OpenNRE.opennre.module.nn,cnn,CNN,Magic number,__init__,7,/Volumes/BrokeExt/NICHE/thunlp_OpenNRE/opennre/module/nn/cnn.py,Magic number 256 used in __init__.
thunlp_OpenNRE.opennre.module.nn,cnn,CNN,Magic number,__init__,7,/Volumes/BrokeExt/NICHE/thunlp_OpenNRE/opennre/module/nn/cnn.py,Magic number 3 used in __init__.
thunlp_OpenNRE.opennre.module.nn,lstm,LSTM,Long parameter list,__init__,6 - 24,/Volumes/BrokeExt/NICHE/thunlp_OpenNRE/opennre/module/nn/lstm.py,"__init__ has 6 parameters, exceeding the max of 5."
thunlp_OpenNRE.opennre.module.nn,lstm,LSTM,Long statement,__init__,7,/Volumes/BrokeExt/NICHE/thunlp_OpenNRE/opennre/module/nn/lstm.py,A line with 395 chars in __init__ exceeds the maximum length of 120 characters.
thunlp_OpenNRE.opennre.module.nn,lstm,LSTM,Long statement,__init__,19,/Volumes/BrokeExt/NICHE/thunlp_OpenNRE/opennre/module/nn/lstm.py,A line with 136 chars in __init__ exceeds the maximum length of 120 characters.
thunlp_OpenNRE.opennre.module.nn,lstm,LSTM,Long statement,forward,27,/Volumes/BrokeExt/NICHE/thunlp_OpenNRE/opennre/module/nn/lstm.py,A line with 146 chars in forward exceeds the maximum length of 120 characters.
thunlp_OpenNRE.opennre.module.nn,lstm,LSTM,Magic number,__init__,6,/Volumes/BrokeExt/NICHE/thunlp_OpenNRE/opennre/module/nn/lstm.py,Magic number 50 used in __init__.
thunlp_OpenNRE.opennre.module.nn,lstm,LSTM,Magic number,__init__,6,/Volumes/BrokeExt/NICHE/thunlp_OpenNRE/opennre/module/nn/lstm.py,Magic number 256 used in __init__.
thunlp_OpenNRE.opennre.module.nn,lstm,LSTM,Magic number,__init__,18,/Volumes/BrokeExt/NICHE/thunlp_OpenNRE/opennre/module/nn/lstm.py,Magic number 2 used in __init__.
thunlp_OpenNRE.opennre.module.nn,rnn,RNN,Long parameter list,__init__,6 - 24,/Volumes/BrokeExt/NICHE/thunlp_OpenNRE/opennre/module/nn/rnn.py,"__init__ has 6 parameters, exceeding the max of 5."
thunlp_OpenNRE.opennre.module.nn,rnn,RNN,Long statement,__init__,7,/Volumes/BrokeExt/NICHE/thunlp_OpenNRE/opennre/module/nn/rnn.py,A line with 395 chars in __init__ exceeds the maximum length of 120 characters.
thunlp_OpenNRE.opennre.module.nn,rnn,RNN,Long statement,__init__,19,/Volumes/BrokeExt/NICHE/thunlp_OpenNRE/opennre/module/nn/rnn.py,A line with 134 chars in __init__ exceeds the maximum length of 120 characters.
thunlp_OpenNRE.opennre.module.nn,rnn,RNN,Long statement,forward,27,/Volumes/BrokeExt/NICHE/thunlp_OpenNRE/opennre/module/nn/rnn.py,A line with 146 chars in forward exceeds the maximum length of 120 characters.
thunlp_OpenNRE.opennre.module.nn,rnn,RNN,Magic number,__init__,6,/Volumes/BrokeExt/NICHE/thunlp_OpenNRE/opennre/module/nn/rnn.py,Magic number 50 used in __init__.
thunlp_OpenNRE.opennre.module.nn,rnn,RNN,Magic number,__init__,6,/Volumes/BrokeExt/NICHE/thunlp_OpenNRE/opennre/module/nn/rnn.py,Magic number 256 used in __init__.
thunlp_OpenNRE.opennre.module.nn,rnn,RNN,Magic number,__init__,18,/Volumes/BrokeExt/NICHE/thunlp_OpenNRE/opennre/module/nn/rnn.py,Magic number 2 used in __init__.
thunlp_OpenNRE.opennre.module.pool,avg_pool,AvgPool,Long statement,__init__,9,/Volumes/BrokeExt/NICHE/thunlp_OpenNRE/opennre/module/pool/avg_pool.py,A line with 199 chars in __init__ exceeds the maximum length of 120 characters.
thunlp_OpenNRE.opennre.module.pool,avg_pool,AvgPool,Long statement,__init__,20,/Volumes/BrokeExt/NICHE/thunlp_OpenNRE/opennre/module/pool/avg_pool.py,A line with 131 chars in __init__ exceeds the maximum length of 120 characters.
thunlp_OpenNRE.opennre.module.pool,avg_pool,AvgPool,Long statement,forward,25,/Volumes/BrokeExt/NICHE/thunlp_OpenNRE/opennre/module/pool/avg_pool.py,A line with 132 chars in forward exceeds the maximum length of 120 characters.
thunlp_OpenNRE.opennre.module.pool,avg_pool,AvgPool,Magic number,forward,37,/Volumes/BrokeExt/NICHE/thunlp_OpenNRE/opennre/module/pool/avg_pool.py,Magic number 2 used in forward.
thunlp_OpenNRE.opennre.module.pool,max_pool,MaxPool,Long statement,__init__,9,/Volumes/BrokeExt/NICHE/thunlp_OpenNRE/opennre/module/pool/max_pool.py,A line with 199 chars in __init__ exceeds the maximum length of 120 characters.
thunlp_OpenNRE.opennre.module.pool,max_pool,MaxPool,Long statement,__init__,20,/Volumes/BrokeExt/NICHE/thunlp_OpenNRE/opennre/module/pool/max_pool.py,A line with 136 chars in __init__ exceeds the maximum length of 120 characters.
thunlp_OpenNRE.opennre.module.pool,max_pool,MaxPool,Long statement,forward,26,/Volumes/BrokeExt/NICHE/thunlp_OpenNRE/opennre/module/pool/max_pool.py,A line with 132 chars in forward exceeds the maximum length of 120 characters.
thunlp_OpenNRE.opennre.module.pool,max_pool,MaxPool,Magic number,__init__,22,/Volumes/BrokeExt/NICHE/thunlp_OpenNRE/opennre/module/pool/max_pool.py,Magic number 100 used in __init__.
thunlp_OpenNRE.opennre.module.pool,max_pool,MaxPool,Magic number,forward,38,/Volumes/BrokeExt/NICHE/thunlp_OpenNRE/opennre/module/pool/max_pool.py,Magic number 3 used in forward.
thunlp_OpenNRE.opennre.tokenization,__init__,,Long statement,,12,/Volumes/BrokeExt/NICHE/thunlp_OpenNRE/opennre/tokenization/__init__.py,A line with 366 chars in __init__ exceeds the maximum length of 120 characters.
thunlp_OpenNRE.opennre.tokenization,utils,,Complex conditional,is_whitespace,14,/Volumes/BrokeExt/NICHE/thunlp_OpenNRE/opennre/tokenization/utils.py,"A conditional in is_whitespace has 4 conditions, more than the recommended maximum 3 conditions."
thunlp_OpenNRE.opennre.tokenization,utils,,Complex conditional,is_punctuation,38,/Volumes/BrokeExt/NICHE/thunlp_OpenNRE/opennre/tokenization/utils.py,"A conditional in is_punctuation has 8 conditions, more than the recommended maximum 3 conditions."
thunlp_OpenNRE.opennre.tokenization,utils,,Complex conditional,is_chinese_char,55,/Volumes/BrokeExt/NICHE/thunlp_OpenNRE/opennre/tokenization/utils.py,"A conditional in is_chinese_char has 16 conditions, more than the recommended maximum 3 conditions."
thunlp_OpenNRE.opennre.tokenization,utils,,Complex method,is_chinese_char,45 - 64,/Volumes/BrokeExt/NICHE/thunlp_OpenNRE/opennre/tokenization/utils.py,"Method 'is_chinese_char' has a cyclomatic complexity of 10, exceeding the max of 6."
thunlp_OpenNRE.opennre.tokenization,utils,,Complex method,convert_by_vocab,186 - 202,/Volumes/BrokeExt/NICHE/thunlp_OpenNRE/opennre/tokenization/utils.py,"Method 'convert_by_vocab' has a cyclomatic complexity of 7, exceeding the max of 6."
thunlp_OpenNRE.opennre.tokenization,utils,,Long parameter list,convert_by_vocab,186 - 202,/Volumes/BrokeExt/NICHE/thunlp_OpenNRE/opennre/tokenization/utils.py,"convert_by_vocab has 6 parameters, exceeding the max of 5."
thunlp_OpenNRE.opennre.tokenization,utils,,Long statement,is_whitespace,10,/Volumes/BrokeExt/NICHE/thunlp_OpenNRE/opennre/tokenization/utils.py,A line with 206 chars in is_whitespace exceeds the maximum length of 120 characters.
thunlp_OpenNRE.opennre.tokenization,utils,,Long statement,is_control,22,/Volumes/BrokeExt/NICHE/thunlp_OpenNRE/opennre/tokenization/utils.py,A line with 152 chars in is_control exceeds the maximum length of 120 characters.
thunlp_OpenNRE.opennre.tokenization,utils,,Long statement,is_punctuation,33,/Volumes/BrokeExt/NICHE/thunlp_OpenNRE/opennre/tokenization/utils.py,A line with 268 chars in is_punctuation exceeds the maximum length of 120 characters.
thunlp_OpenNRE.opennre.tokenization,utils,,Long statement,is_chinese_char,46,/Volumes/BrokeExt/NICHE/thunlp_OpenNRE/opennre/tokenization/utils.py,A line with 598 chars in is_chinese_char exceeds the maximum length of 120 characters.
thunlp_OpenNRE.opennre.tokenization,utils,,Long statement,printable_text,165,/Volumes/BrokeExt/NICHE/thunlp_OpenNRE/opennre/tokenization/utils.py,A line with 227 chars in printable_text exceeds the maximum length of 120 characters.
thunlp_OpenNRE.opennre.tokenization,utils,,Magic number,is_punctuation,38,/Volumes/BrokeExt/NICHE/thunlp_OpenNRE/opennre/tokenization/utils.py,Magic number 33 used in is_punctuation.
thunlp_OpenNRE.opennre.tokenization,utils,,Magic number,is_punctuation,38,/Volumes/BrokeExt/NICHE/thunlp_OpenNRE/opennre/tokenization/utils.py,Magic number 47 used in is_punctuation.
thunlp_OpenNRE.opennre.tokenization,utils,,Magic number,is_punctuation,38,/Volumes/BrokeExt/NICHE/thunlp_OpenNRE/opennre/tokenization/utils.py,Magic number 58 used in is_punctuation.
thunlp_OpenNRE.opennre.tokenization,utils,,Magic number,is_punctuation,38,/Volumes/BrokeExt/NICHE/thunlp_OpenNRE/opennre/tokenization/utils.py,Magic number 64 used in is_punctuation.
thunlp_OpenNRE.opennre.tokenization,utils,,Magic number,is_punctuation,38,/Volumes/BrokeExt/NICHE/thunlp_OpenNRE/opennre/tokenization/utils.py,Magic number 91 used in is_punctuation.
thunlp_OpenNRE.opennre.tokenization,utils,,Magic number,is_punctuation,38,/Volumes/BrokeExt/NICHE/thunlp_OpenNRE/opennre/tokenization/utils.py,Magic number 96 used in is_punctuation.
thunlp_OpenNRE.opennre.tokenization,utils,,Magic number,is_punctuation,38,/Volumes/BrokeExt/NICHE/thunlp_OpenNRE/opennre/tokenization/utils.py,Magic number 123 used in is_punctuation.
thunlp_OpenNRE.opennre.tokenization,utils,,Magic number,is_punctuation,38,/Volumes/BrokeExt/NICHE/thunlp_OpenNRE/opennre/tokenization/utils.py,Magic number 126 used in is_punctuation.
thunlp_OpenNRE.opennre.tokenization,utils,,Magic number,is_chinese_char,55,/Volumes/BrokeExt/NICHE/thunlp_OpenNRE/opennre/tokenization/utils.py,Magic number 19968 used in is_chinese_char.
thunlp_OpenNRE.opennre.tokenization,utils,,Magic number,is_chinese_char,55,/Volumes/BrokeExt/NICHE/thunlp_OpenNRE/opennre/tokenization/utils.py,Magic number 40959 used in is_chinese_char.
thunlp_OpenNRE.opennre.tokenization,utils,,Magic number,is_chinese_char,56,/Volumes/BrokeExt/NICHE/thunlp_OpenNRE/opennre/tokenization/utils.py,Magic number 13312 used in is_chinese_char.
thunlp_OpenNRE.opennre.tokenization,utils,,Magic number,is_chinese_char,56,/Volumes/BrokeExt/NICHE/thunlp_OpenNRE/opennre/tokenization/utils.py,Magic number 19903 used in is_chinese_char.
thunlp_OpenNRE.opennre.tokenization,utils,,Magic number,is_chinese_char,57,/Volumes/BrokeExt/NICHE/thunlp_OpenNRE/opennre/tokenization/utils.py,Magic number 131072 used in is_chinese_char.
thunlp_OpenNRE.opennre.tokenization,utils,,Magic number,is_chinese_char,57,/Volumes/BrokeExt/NICHE/thunlp_OpenNRE/opennre/tokenization/utils.py,Magic number 173791 used in is_chinese_char.
thunlp_OpenNRE.opennre.tokenization,utils,,Magic number,is_chinese_char,58,/Volumes/BrokeExt/NICHE/thunlp_OpenNRE/opennre/tokenization/utils.py,Magic number 173824 used in is_chinese_char.
thunlp_OpenNRE.opennre.tokenization,utils,,Magic number,is_chinese_char,58,/Volumes/BrokeExt/NICHE/thunlp_OpenNRE/opennre/tokenization/utils.py,Magic number 177983 used in is_chinese_char.
thunlp_OpenNRE.opennre.tokenization,utils,,Magic number,is_chinese_char,59,/Volumes/BrokeExt/NICHE/thunlp_OpenNRE/opennre/tokenization/utils.py,Magic number 177984 used in is_chinese_char.
thunlp_OpenNRE.opennre.tokenization,utils,,Magic number,is_chinese_char,59,/Volumes/BrokeExt/NICHE/thunlp_OpenNRE/opennre/tokenization/utils.py,Magic number 178207 used in is_chinese_char.
thunlp_OpenNRE.opennre.tokenization,utils,,Magic number,is_chinese_char,60,/Volumes/BrokeExt/NICHE/thunlp_OpenNRE/opennre/tokenization/utils.py,Magic number 178208 used in is_chinese_char.
thunlp_OpenNRE.opennre.tokenization,utils,,Magic number,is_chinese_char,60,/Volumes/BrokeExt/NICHE/thunlp_OpenNRE/opennre/tokenization/utils.py,Magic number 183983 used in is_chinese_char.
thunlp_OpenNRE.opennre.tokenization,utils,,Magic number,is_chinese_char,61,/Volumes/BrokeExt/NICHE/thunlp_OpenNRE/opennre/tokenization/utils.py,Magic number 63744 used in is_chinese_char.
thunlp_OpenNRE.opennre.tokenization,utils,,Magic number,is_chinese_char,61,/Volumes/BrokeExt/NICHE/thunlp_OpenNRE/opennre/tokenization/utils.py,Magic number 64255 used in is_chinese_char.
thunlp_OpenNRE.opennre.tokenization,utils,,Magic number,is_chinese_char,62,/Volumes/BrokeExt/NICHE/thunlp_OpenNRE/opennre/tokenization/utils.py,Magic number 194560 used in is_chinese_char.
thunlp_OpenNRE.opennre.tokenization,utils,,Magic number,is_chinese_char,62,/Volumes/BrokeExt/NICHE/thunlp_OpenNRE/opennre/tokenization/utils.py,Magic number 195103 used in is_chinese_char.
thunlp_OpenNRE.opennre.tokenization,utils,,Magic number,clean_text,89,/Volumes/BrokeExt/NICHE/thunlp_OpenNRE/opennre/tokenization/utils.py,Magic number 65533 used in clean_text.
thunlp_OpenNRE.opennre.tokenization,utils,,Magic number,truncate_seq_pair,220,/Volumes/BrokeExt/NICHE/thunlp_OpenNRE/opennre/tokenization/utils.py,Magic number 0.5 used in truncate_seq_pair.
thunlp_OpenNRE.opennre.tokenization,word_piece_tokenizer,WordpieceTokenizer,Complex method,tokenize,40 - 96,/Volumes/BrokeExt/NICHE/thunlp_OpenNRE/opennre/tokenization/word_piece_tokenizer.py,"Method 'tokenize' has a cyclomatic complexity of 9, exceeding the max of 6."
thunlp_OpenNRE.opennre.tokenization,word_piece_tokenizer,WordpieceTokenizer,Long method,tokenize,40 - 96,/Volumes/BrokeExt/NICHE/thunlp_OpenNRE/opennre/tokenization/word_piece_tokenizer.py,Method 'tokenize' is too long (44 lines).
thunlp_OpenNRE.opennre.tokenization,word_piece_tokenizer,WordpieceTokenizer,Long statement,tokenize,41,/Volumes/BrokeExt/NICHE/thunlp_OpenNRE/opennre/tokenization/word_piece_tokenizer.py,A line with 631 chars in tokenize exceeds the maximum length of 120 characters.
thunlp_OpenNRE.opennre.tokenization,word_piece_tokenizer,WordpieceTokenizer,Magic number,__init__,34,/Volumes/BrokeExt/NICHE/thunlp_OpenNRE/opennre/tokenization/word_piece_tokenizer.py,Magic number 200 used in __init__.
thunlp_OpenNRE.opennre.tokenization,word_tokenizer,WordTokenizer,Long statement,tokenize,40,/Volumes/BrokeExt/NICHE/thunlp_OpenNRE/opennre/tokenization/word_tokenizer.py,A line with 631 chars in tokenize exceeds the maximum length of 120 characters.
thunlp_OpenNRE.tests,test_inference,TestInference,Long statement,test_wiki80_cnn_softmax,8,/Volumes/BrokeExt/NICHE/thunlp_OpenNRE/tests/test_inference.py,A line with 185 chars in test_wiki80_cnn_softmax exceeds the maximum length of 120 characters.
