Package,Module,Class,Function,LOC,CC,PC
maelfabien_Multimodal-Emotion-Recognition.01-Audio.Notebook.SVM.AudioLibrary,AudioEmotionRecognition,AudioEmotionRecognition,__init__,6,1,1
maelfabien_Multimodal-Emotion-Recognition.01-Audio.Notebook.SVM.AudioLibrary,AudioEmotionRecognition,AudioEmotionRecognition,scale_features,3,1,1
maelfabien_Multimodal-Emotion-Recognition.01-Audio.Notebook.SVM.AudioLibrary,AudioEmotionRecognition,AudioEmotionRecognition,predict_emotion,19,4,3
maelfabien_Multimodal-Emotion-Recognition.01-Audio.Notebook.SVM.AudioLibrary,AudioEmotionRecognition,AudioEmotionRecognition,predict_emotion_from_file,26,3,6
maelfabien_Multimodal-Emotion-Recognition.01-Audio.Notebook.SVM.AudioLibrary,AudioFeatures,AudioFeatures,__init__,4,1,3
maelfabien_Multimodal-Emotion-Recognition.01-Audio.Notebook.SVM.AudioLibrary,AudioFeatures,AudioFeatures,global_feature_extraction,22,6,6
maelfabien_Multimodal-Emotion-Recognition.01-Audio.Notebook.SVM.AudioLibrary,AudioFeatures,AudioFeatures,short_time_feature_extraction,46,8,4
maelfabien_Multimodal-Emotion-Recognition.01-Audio.Notebook.SVM.AudioLibrary,AudioFeatures,AudioFeatures,zcr,4,1,1
maelfabien_Multimodal-Emotion-Recognition.01-Audio.Notebook.SVM.AudioLibrary,AudioFeatures,AudioFeatures,energy,3,1,1
maelfabien_Multimodal-Emotion-Recognition.01-Audio.Notebook.SVM.AudioLibrary,AudioFeatures,AudioFeatures,energy_entropy,9,2,3
maelfabien_Multimodal-Emotion-Recognition.01-Audio.Notebook.SVM.AudioLibrary,AudioFeatures,AudioFeatures,spectral_centroid_spread,8,1,3
maelfabien_Multimodal-Emotion-Recognition.01-Audio.Notebook.SVM.AudioLibrary,AudioFeatures,AudioFeatures,spectral_flux,5,1,3
maelfabien_Multimodal-Emotion-Recognition.01-Audio.Notebook.SVM.AudioLibrary,AudioFeatures,AudioFeatures,spectral_rolloff,10,2,3
maelfabien_Multimodal-Emotion-Recognition.01-Audio.Notebook.SVM.AudioLibrary,AudioFeatures,AudioFeatures,filter_banks_coeff,28,4,4
maelfabien_Multimodal-Emotion-Recognition.01-Audio.Notebook.SVM.AudioLibrary,AudioFeatures,AudioFeatures,mfcc,7,1,6
maelfabien_Multimodal-Emotion-Recognition.01-Audio.Notebook.SVM.AudioLibrary,AudioFeatures,AudioFeatures,compute_statistic,22,11,2
maelfabien_Multimodal-Emotion-Recognition.01-Audio.Notebook.SVM.AudioLibrary,AudioFeatures,AudioFeatures,compute_st_features,18,9,5
maelfabien_Multimodal-Emotion-Recognition.01-Audio.Notebook.SVM.AudioLibrary,AudioSignal,AudioSignal,__init__,34,5,3
maelfabien_Multimodal-Emotion-Recognition.01-Audio.Notebook.SVM.AudioLibrary,AudioSignal,AudioSignal,extract_audio_from_video,5,1,1
maelfabien_Multimodal-Emotion-Recognition.01-Audio.Notebook.SVM.AudioLibrary,AudioSignal,AudioSignal,read_audio_file,16,6,1
maelfabien_Multimodal-Emotion-Recognition.01-Audio.Notebook.SVM.AudioLibrary,AudioSignal,AudioSignal,stereo_to_mono,13,2,1
maelfabien_Multimodal-Emotion-Recognition.01-Audio.Notebook.SVM.AudioLibrary,AudioSignal,AudioSignal,framing,13,3,3
maelfabien_Multimodal-Emotion-Recognition.01-Audio.Notebook.SVM.AudioLibrary,AudioSignal,AudioSignal,dft,6,2,1
maelfabien_Multimodal-Emotion-Recognition.01-Audio.Notebook.SVM.AudioLibrary,AudioSignal,AudioSignal,pre_emphasis,3,1,1
maelfabien_Multimodal-Emotion-Recognition.01-Audio.Python.CNN-LSTM,SpeechEmotionRecognition,speechEmotionRecognition,__init__,5,2,1
maelfabien_Multimodal-Emotion-Recognition.01-Audio.Python.CNN-LSTM,SpeechEmotionRecognition,speechEmotionRecognition,voice_recording,32,2,5
maelfabien_Multimodal-Emotion-Recognition.01-Audio.Python.CNN-LSTM,SpeechEmotionRecognition,speechEmotionRecognition,mel_spectrogram,5,1,8
maelfabien_Multimodal-Emotion-Recognition.01-Audio.Python.CNN-LSTM,SpeechEmotionRecognition,speechEmotionRecognition,frame,6,2,3
maelfabien_Multimodal-Emotion-Recognition.01-Audio.Python.CNN-LSTM,SpeechEmotionRecognition,speechEmotionRecognition,build_model,28,1,0
maelfabien_Multimodal-Emotion-Recognition.01-Audio.Python.CNN-LSTM,SpeechEmotionRecognition,speechEmotionRecognition,predict_emotion_from_file,21,2,5
maelfabien_Multimodal-Emotion-Recognition.01-Audio.Python.CNN-LSTM,SpeechEmotionRecognition,speechEmotionRecognition,prediction_to_csv,7,3,3
maelfabien_Multimodal-Emotion-Recognition.01-Audio.Python.SVM,AudioEmotionRecognition,AudioEmotionRecognition,__init__,6,1,1
maelfabien_Multimodal-Emotion-Recognition.01-Audio.Python.SVM,AudioEmotionRecognition,AudioEmotionRecognition,scale_features,3,1,1
maelfabien_Multimodal-Emotion-Recognition.01-Audio.Python.SVM,AudioEmotionRecognition,AudioEmotionRecognition,predict_emotion,19,4,3
maelfabien_Multimodal-Emotion-Recognition.01-Audio.Python.SVM,AudioEmotionRecognition,AudioEmotionRecognition,predict_emotion_from_file,26,3,6
maelfabien_Multimodal-Emotion-Recognition.01-Audio.Python.SVM,AudioFeatures,AudioFeatures,__init__,4,1,3
maelfabien_Multimodal-Emotion-Recognition.01-Audio.Python.SVM,AudioFeatures,AudioFeatures,global_feature_extraction,22,6,6
maelfabien_Multimodal-Emotion-Recognition.01-Audio.Python.SVM,AudioFeatures,AudioFeatures,short_time_feature_extraction,46,8,4
maelfabien_Multimodal-Emotion-Recognition.01-Audio.Python.SVM,AudioFeatures,AudioFeatures,zcr,4,1,1
maelfabien_Multimodal-Emotion-Recognition.01-Audio.Python.SVM,AudioFeatures,AudioFeatures,energy,3,1,1
maelfabien_Multimodal-Emotion-Recognition.01-Audio.Python.SVM,AudioFeatures,AudioFeatures,energy_entropy,9,2,3
maelfabien_Multimodal-Emotion-Recognition.01-Audio.Python.SVM,AudioFeatures,AudioFeatures,spectral_centroid_spread,8,1,3
maelfabien_Multimodal-Emotion-Recognition.01-Audio.Python.SVM,AudioFeatures,AudioFeatures,spectral_flux,5,1,3
maelfabien_Multimodal-Emotion-Recognition.01-Audio.Python.SVM,AudioFeatures,AudioFeatures,spectral_rolloff,10,2,3
maelfabien_Multimodal-Emotion-Recognition.01-Audio.Python.SVM,AudioFeatures,AudioFeatures,filter_banks_coeff,28,4,4
maelfabien_Multimodal-Emotion-Recognition.01-Audio.Python.SVM,AudioFeatures,AudioFeatures,mfcc,7,1,6
maelfabien_Multimodal-Emotion-Recognition.01-Audio.Python.SVM,AudioFeatures,AudioFeatures,compute_statistic,22,11,2
maelfabien_Multimodal-Emotion-Recognition.01-Audio.Python.SVM,AudioFeatures,AudioFeatures,compute_st_features,18,9,5
maelfabien_Multimodal-Emotion-Recognition.01-Audio.Python.SVM,AudioSignal,AudioSignal,__init__,34,5,3
maelfabien_Multimodal-Emotion-Recognition.01-Audio.Python.SVM,AudioSignal,AudioSignal,extract_audio_from_video,5,1,1
maelfabien_Multimodal-Emotion-Recognition.01-Audio.Python.SVM,AudioSignal,AudioSignal,read_audio_file,16,6,1
maelfabien_Multimodal-Emotion-Recognition.01-Audio.Python.SVM,AudioSignal,AudioSignal,stereo_to_mono,13,2,1
maelfabien_Multimodal-Emotion-Recognition.01-Audio.Python.SVM,AudioSignal,AudioSignal,framing,13,3,3
maelfabien_Multimodal-Emotion-Recognition.01-Audio.Python.SVM,AudioSignal,AudioSignal,dft,6,2,1
maelfabien_Multimodal-Emotion-Recognition.01-Audio.Python.SVM,AudioSignal,AudioSignal,pre_emphasis,3,1,1
maelfabien_Multimodal-Emotion-Recognition.02-Text.Python,get_text,,get_personality,6,1,1
maelfabien_Multimodal-Emotion-Recognition.02-Text.Python,get_text,,get_text_info,5,1,1
maelfabien_Multimodal-Emotion-Recognition.02-Text.Python,get_text,,index,2,1,0
maelfabien_Multimodal-Emotion-Recognition.02-Text.Python,get_text,,text,14,1,0
maelfabien_Multimodal-Emotion-Recognition.02-Text.Python,load_data,load_data,__init__,2,1,1
maelfabien_Multimodal-Emotion-Recognition.02-Text.Python,load_data,load_data,run,11,1,0
maelfabien_Multimodal-Emotion-Recognition.02-Text.Python,predict,predict,__init__,5,1,0
maelfabien_Multimodal-Emotion-Recognition.02-Text.Python,predict,predict,run,21,0,2
maelfabien_Multimodal-Emotion-Recognition.02-Text.Python,predict_svm,predict_svm,__init__,3,1,0
maelfabien_Multimodal-Emotion-Recognition.02-Text.Python,predict_svm,predict_svm,identity,4,1,1
maelfabien_Multimodal-Emotion-Recognition.02-Text.Python,predict_svm,predict_svm,reshape_a_feature_column,2,1,1
maelfabien_Multimodal-Emotion-Recognition.02-Text.Python,predict_svm,predict_svm,pipelinize_feature,8,1,2
maelfabien_Multimodal-Emotion-Recognition.02-Text.Python,predict_svm,predict_svm,get_text_length,2,1,1
maelfabien_Multimodal-Emotion-Recognition.02-Text.Python,predict_svm,predict_svm,multiclass_accuracy,9,4,2
maelfabien_Multimodal-Emotion-Recognition.02-Text.Python,predict_svm,predict_svm,run,21,0,2
maelfabien_Multimodal-Emotion-Recognition.02-Text.Python,test,test,__init__,5,1,0
maelfabien_Multimodal-Emotion-Recognition.02-Text.Python,test,test,multiclass_accuracy,9,4,2
maelfabien_Multimodal-Emotion-Recognition.02-Text.Python,test,test,run,23,0,3
maelfabien_Multimodal-Emotion-Recognition.02-Text.Python,test_svm,test_svm,__init__,3,1,0
maelfabien_Multimodal-Emotion-Recognition.02-Text.Python,test_svm,test_svm,identity,4,1,1
maelfabien_Multimodal-Emotion-Recognition.02-Text.Python,test_svm,test_svm,reshape_a_feature_column,2,1,1
maelfabien_Multimodal-Emotion-Recognition.02-Text.Python,test_svm,test_svm,pipelinize_feature,8,1,2
maelfabien_Multimodal-Emotion-Recognition.02-Text.Python,test_svm,test_svm,get_text_length,2,1,1
maelfabien_Multimodal-Emotion-Recognition.02-Text.Python,test_svm,test_svm,multiclass_accuracy,9,4,2
maelfabien_Multimodal-Emotion-Recognition.02-Text.Python,test_svm,test_svm,run,23,0,3
maelfabien_Multimodal-Emotion-Recognition.02-Text.Python,train,train,__init__,12,1,1
maelfabien_Multimodal-Emotion-Recognition.02-Text.Python,train,train,multiclass_accuracy,9,4,2
maelfabien_Multimodal-Emotion-Recognition.02-Text.Python,train,train,load_google_vec,5,1,0
maelfabien_Multimodal-Emotion-Recognition.02-Text.Python,train,train,lemmatize_token,8,1,2
maelfabien_Multimodal-Emotion-Recognition.02-Text.Python,train,train,get_preprocessed_corpus,25,5,1
maelfabien_Multimodal-Emotion-Recognition.02-Text.Python,train,train,prepare_embedding,17,2,1
maelfabien_Multimodal-Emotion-Recognition.02-Text.Python,train,train,run,59,5,6
maelfabien_Multimodal-Emotion-Recognition.02-Text.Python,train_svm,train_svm,__init__,5,1,1
maelfabien_Multimodal-Emotion-Recognition.02-Text.Python,train_svm,train_svm,identity,4,1,1
maelfabien_Multimodal-Emotion-Recognition.02-Text.Python,train_svm,train_svm,reshape_a_feature_column,2,1,1
maelfabien_Multimodal-Emotion-Recognition.02-Text.Python,train_svm,train_svm,pipelinize_feature,8,1,2
maelfabien_Multimodal-Emotion-Recognition.02-Text.Python,train_svm,train_svm,get_text_length,2,1,1
maelfabien_Multimodal-Emotion-Recognition.02-Text.Python,train_svm,train_svm,load_google_vec,6,1,0
maelfabien_Multimodal-Emotion-Recognition.02-Text.Python,train_svm,train_svm,lemmatize_token,8,1,2
maelfabien_Multimodal-Emotion-Recognition.02-Text.Python,train_svm,train_svm,get_preprocessed_corpus,25,5,1
maelfabien_Multimodal-Emotion-Recognition.02-Text.Python,train_svm,train_svm,prepare_embedding,17,2,1
maelfabien_Multimodal-Emotion-Recognition.02-Text.Python,train_svm,train_svm,multiclass_accuracy,9,4,2
maelfabien_Multimodal-Emotion-Recognition.02-Text.Python,train_svm,train_svm,run,24,2,5
maelfabien_Multimodal-Emotion-Recognition.02-Text.Python,visualize,visualize,__init__,4,1,3
maelfabien_Multimodal-Emotion-Recognition.02-Text.Python,visualize,visualize,textlength_vs_labels_histogram,5,2,0
maelfabien_Multimodal-Emotion-Recognition.02-Text.Python,visualize,visualize,textlength_vs_labels_boxplot,5,2,0
maelfabien_Multimodal-Emotion-Recognition.02-Text.Python,visualize,visualize,most_frequent_words,7,1,0
maelfabien_Multimodal-Emotion-Recognition.02-Text.Python,visualize,visualize,most_frequent_words_preprocessed,10,2,0
maelfabien_Multimodal-Emotion-Recognition.02-Text.Python,visualize,visualize,get_corpus_statistics,9,2,0
maelfabien_Multimodal-Emotion-Recognition.02-Text.Python,visualize,visualize,get_preprocessed_corpus_statistics,8,2,0
maelfabien_Multimodal-Emotion-Recognition.02-Text.Python,visualize,tsne,__init__,7,1,5
maelfabien_Multimodal-Emotion-Recognition.02-Text.Python,visualize,tsne,load_google_vec,5,1,0
maelfabien_Multimodal-Emotion-Recognition.02-Text.Python,visualize,tsne,lemmatize_token,8,1,2
maelfabien_Multimodal-Emotion-Recognition.02-Text.Python,visualize,tsne,get_preprocessed_corpus,25,5,1
maelfabien_Multimodal-Emotion-Recognition.02-Text.Python,visualize,tsne,prepare_embedding,17,2,1
maelfabien_Multimodal-Emotion-Recognition.02-Text.Python,visualize,tsne,plot,26,4,0
maelfabien_Multimodal-Emotion-Recognition.02-Text.Python,visualize,NLTKPreprocessor,__init__,10,1,6
maelfabien_Multimodal-Emotion-Recognition.02-Text.Python,visualize,NLTKPreprocessor,fit,4,1,2
maelfabien_Multimodal-Emotion-Recognition.02-Text.Python,visualize,NLTKPreprocessor,inverse_transform,4,1,1
maelfabien_Multimodal-Emotion-Recognition.02-Text.Python,visualize,NLTKPreprocessor,transform,5,1,1
maelfabien_Multimodal-Emotion-Recognition.02-Text.Python,visualize,NLTKPreprocessor,tokenize,36,5,1
maelfabien_Multimodal-Emotion-Recognition.02-Text.Python,visualize,NLTKPreprocessor,vectorize,9,1,1
maelfabien_Multimodal-Emotion-Recognition.02-Text.Python,visualize,NLTKPreprocessor,lemmatize,10,1,2
maelfabien_Multimodal-Emotion-Recognition.03-Video.Python,live_face,,show_webcam,189,12,0
maelfabien_Multimodal-Emotion-Recognition.03-Video.Python,live_face,,main,2,1,0
maelfabien_Multimodal-Emotion-Recognition.04-WebApp,main,,index,2,1,0
maelfabien_Multimodal-Emotion-Recognition.04-WebApp,main,,rules,2,1,0
maelfabien_Multimodal-Emotion-Recognition.04-WebApp,main,,video,3,1,0
maelfabien_Multimodal-Emotion-Recognition.04-WebApp,main,,video_1,7,1,0
maelfabien_Multimodal-Emotion-Recognition.04-WebApp,main,,video_dash,76,0,0
maelfabien_Multimodal-Emotion-Recognition.04-WebApp,main,,audio_index,3,1,0
maelfabien_Multimodal-Emotion-Recognition.04-WebApp,main,,audio_recording,7,1,0
maelfabien_Multimodal-Emotion-Recognition.04-WebApp,main,,audio_dash,20,1,0
maelfabien_Multimodal-Emotion-Recognition.04-WebApp,main,,text,2,1,0
maelfabien_Multimodal-Emotion-Recognition.04-WebApp,main,,get_personality,6,1,1
maelfabien_Multimodal-Emotion-Recognition.04-WebApp,main,,get_text_info,7,1,1
maelfabien_Multimodal-Emotion-Recognition.04-WebApp,main,,preprocess_text,3,1,1
maelfabien_Multimodal-Emotion-Recognition.04-WebApp,main,,text_1,58,3,0
maelfabien_Multimodal-Emotion-Recognition.04-WebApp,main,,allowed_file,2,2,1
maelfabien_Multimodal-Emotion-Recognition.04-WebApp,main,,text_pdf,60,3,0
maelfabien_Multimodal-Emotion-Recognition.04-WebApp.library,speech_emotion_recognition,speechEmotionRecognition,__init__,5,2,1
maelfabien_Multimodal-Emotion-Recognition.04-WebApp.library,speech_emotion_recognition,speechEmotionRecognition,voice_recording,32,2,5
maelfabien_Multimodal-Emotion-Recognition.04-WebApp.library,speech_emotion_recognition,speechEmotionRecognition,mel_spectrogram,5,1,8
maelfabien_Multimodal-Emotion-Recognition.04-WebApp.library,speech_emotion_recognition,speechEmotionRecognition,frame,6,2,3
maelfabien_Multimodal-Emotion-Recognition.04-WebApp.library,speech_emotion_recognition,speechEmotionRecognition,build_model,28,1,0
maelfabien_Multimodal-Emotion-Recognition.04-WebApp.library,speech_emotion_recognition,speechEmotionRecognition,predict_emotion_from_file,21,2,5
maelfabien_Multimodal-Emotion-Recognition.04-WebApp.library,speech_emotion_recognition,speechEmotionRecognition,prediction_to_csv,7,3,3
maelfabien_Multimodal-Emotion-Recognition.04-WebApp.library,text_emotion_recognition,predict,__init__,5,1,0
maelfabien_Multimodal-Emotion-Recognition.04-WebApp.library,text_emotion_recognition,predict,run,22,0,2
maelfabien_Multimodal-Emotion-Recognition.04-WebApp.library,text_preprocessor,NLTKPreprocessor,__init__,9,1,5
maelfabien_Multimodal-Emotion-Recognition.04-WebApp.library,text_preprocessor,NLTKPreprocessor,fit,4,1,2
maelfabien_Multimodal-Emotion-Recognition.04-WebApp.library,text_preprocessor,NLTKPreprocessor,inverse_transform,4,1,1
maelfabien_Multimodal-Emotion-Recognition.04-WebApp.library,text_preprocessor,NLTKPreprocessor,transform,5,1,1
maelfabien_Multimodal-Emotion-Recognition.04-WebApp.library,text_preprocessor,NLTKPreprocessor,tokenize,35,5,1
maelfabien_Multimodal-Emotion-Recognition.04-WebApp.library,text_preprocessor,NLTKPreprocessor,vectorize,8,1,1
maelfabien_Multimodal-Emotion-Recognition.04-WebApp.library,text_preprocessor,NLTKPreprocessor,lemmatize,10,1,2
maelfabien_Multimodal-Emotion-Recognition.04-WebApp.library,video_emotion_recognition,,gen,275,16,0
