Package,Module,Smell,Class/Module,Line no,File,Details
Belval_TextRecognitionDataGenerator,tests,Insufficient modularization,DataGenerator,92,/Volumes/BrokeExt/NICHE/Belval_TextRecognitionDataGenerator/tests.py,"Class 'DataGenerator' is insufficiently modularized with NOPM: 37, WMC: 44, NOM: 37."
Belval_TextRecognitionDataGenerator,tests,Multifaceted abstraction,Generators,38,/Volumes/BrokeExt/NICHE/Belval_TextRecognitionDataGenerator/tests.py,"Class 'Generators' has a high LCOM value of 1, indicating it may have multiple responsibilities."
Belval_TextRecognitionDataGenerator,tests,Multifaceted abstraction,DataGenerator,92,/Volumes/BrokeExt/NICHE/Belval_TextRecognitionDataGenerator/tests.py,"Class 'DataGenerator' has a high LCOM value of 1, indicating it may have multiple responsibilities."
Belval_TextRecognitionDataGenerator,tests,Multifaceted abstraction,CommandLineInterface,1254,/Volumes/BrokeExt/NICHE/Belval_TextRecognitionDataGenerator/tests.py,"Class 'CommandLineInterface' has a high LCOM value of 1, indicating it may have multiple responsibilities."
Belval_TextRecognitionDataGenerator.trdg,background_generator,Multifaceted abstraction,background_generator,1,/Volumes/BrokeExt/NICHE/Belval_TextRecognitionDataGenerator/trdg/background_generator.py,"Class 'background_generator' has a high LCOM value of 1, indicating it may have multiple responsibilities."
Belval_TextRecognitionDataGenerator.trdg,utils,Multifaceted abstraction,utils,1,/Volumes/BrokeExt/NICHE/Belval_TextRecognitionDataGenerator/trdg/utils.py,"Class 'utils' has a high LCOM value of 1, indicating it may have multiple responsibilities."
