Package,Module,Class,Smell,Function/Method,Line no,File,Details
Belval_TextRecognitionDataGenerator,setup,,Long statement,,13,/Volumes/BrokeExt/NICHE/Belval_TextRecognitionDataGenerator/setup.py,A line with 1097 chars in setup exceeds the maximum length of 120 characters.
Belval_TextRecognitionDataGenerator,tests,DataGenerator,Empty catch block,test_raise_if_handwritten_and_vertical,522,/Volumes/BrokeExt/NICHE/Belval_TextRecognitionDataGenerator/tests.py,Empty catch block found in test_raise_if_handwritten_and_vertical.
Belval_TextRecognitionDataGenerator,tests,DataGenerator,Empty catch block,test_generate_text_with_unknown_orientation,679,/Volumes/BrokeExt/NICHE/Belval_TextRecognitionDataGenerator/tests.py,Empty catch block found in test_generate_text_with_unknown_orientation.
Belval_TextRecognitionDataGenerator,tests,DataGenerator,Empty catch block,test_raise_if_invalid_orientation,991,/Volumes/BrokeExt/NICHE/Belval_TextRecognitionDataGenerator/tests.py,Empty catch block found in test_raise_if_invalid_orientation.
Belval_TextRecognitionDataGenerator,tests,Generators,Long identifier,test_generator_from_random_stops,76,/Volumes/BrokeExt/NICHE/Belval_TextRecognitionDataGenerator/tests.py,Identifier'test_generator_from_random_stops' exceeds the maximum length of 30 characters.
Belval_TextRecognitionDataGenerator,tests,Generators,Long identifier,test_generator_from_strings_stops,81,/Volumes/BrokeExt/NICHE/Belval_TextRecognitionDataGenerator/tests.py,Identifier'test_generator_from_strings_stops' exceeds the maximum length of 30 characters.
Belval_TextRecognitionDataGenerator,tests,Generators,Long identifier,test_generator_from_wikipedia_stops,86,/Volumes/BrokeExt/NICHE/Belval_TextRecognitionDataGenerator/tests.py,Identifier'test_generator_from_wikipedia_stops' exceeds the maximum length of 30 characters.
Belval_TextRecognitionDataGenerator,tests,DataGenerator,Long identifier,test_create_string_from_wikipedia,93,/Volumes/BrokeExt/NICHE/Belval_TextRecognitionDataGenerator/tests.py,Identifier'test_create_string_from_wikipedia' exceeds the maximum length of 30 characters.
Belval_TextRecognitionDataGenerator,tests,DataGenerator,Long identifier,test_generate_data_with_extension,163,/Volumes/BrokeExt/NICHE/Belval_TextRecognitionDataGenerator/tests.py,Identifier'test_generate_data_with_extension' exceeds the maximum length of 30 characters.
Belval_TextRecognitionDataGenerator,tests,DataGenerator,Long identifier,test_generate_data_with_skew_angle,204,/Volumes/BrokeExt/NICHE/Belval_TextRecognitionDataGenerator/tests.py,Identifier'test_generate_data_with_skew_angle' exceeds the maximum length of 30 characters.
Belval_TextRecognitionDataGenerator,tests,DataGenerator,Long identifier,test_generate_data_with_sine_distorsion,286,/Volumes/BrokeExt/NICHE/Belval_TextRecognitionDataGenerator/tests.py,Identifier'test_generate_data_with_sine_distorsion' exceeds the maximum length of 30 characters.
Belval_TextRecognitionDataGenerator,tests,DataGenerator,Long identifier,test_generate_data_with_cosine_distorsion,327,/Volumes/BrokeExt/NICHE/Belval_TextRecognitionDataGenerator/tests.py,Identifier'test_generate_data_with_cosine_distorsion' exceeds the maximum length of 30 characters.
Belval_TextRecognitionDataGenerator,tests,DataGenerator,Long identifier,test_generate_data_with_left_alignment,368,/Volumes/BrokeExt/NICHE/Belval_TextRecognitionDataGenerator/tests.py,Identifier'test_generate_data_with_left_alignment' exceeds the maximum length of 30 characters.
Belval_TextRecognitionDataGenerator,tests,DataGenerator,Long identifier,test_generate_data_with_center_alignment,409,/Volumes/BrokeExt/NICHE/Belval_TextRecognitionDataGenerator/tests.py,Identifier'test_generate_data_with_center_alignment' exceeds the maximum length of 30 characters.
Belval_TextRecognitionDataGenerator,tests,DataGenerator,Long identifier,test_generate_data_with_right_alignment,450,/Volumes/BrokeExt/NICHE/Belval_TextRecognitionDataGenerator/tests.py,Identifier'test_generate_data_with_right_alignment' exceeds the maximum length of 30 characters.
Belval_TextRecognitionDataGenerator,tests,DataGenerator,Long identifier,test_raise_if_handwritten_and_vertical,491,/Volumes/BrokeExt/NICHE/Belval_TextRecognitionDataGenerator/tests.py,Identifier'test_raise_if_handwritten_and_vertical' exceeds the maximum length of 30 characters.
Belval_TextRecognitionDataGenerator,tests,DataGenerator,Long identifier,test_generate_horizontal_text_with_variable_space,566,/Volumes/BrokeExt/NICHE/Belval_TextRecognitionDataGenerator/tests.py,Identifier'test_generate_horizontal_text_with_variable_space' exceeds the maximum length of 30 characters.
Belval_TextRecognitionDataGenerator,tests,DataGenerator,Long identifier,test_generate_vertical_text_with_variable_space,607,/Volumes/BrokeExt/NICHE/Belval_TextRecognitionDataGenerator/tests.py,Identifier'test_generate_vertical_text_with_variable_space' exceeds the maximum length of 30 characters.
Belval_TextRecognitionDataGenerator,tests,DataGenerator,Long identifier,test_generate_text_with_unknown_orientation,648,/Volumes/BrokeExt/NICHE/Belval_TextRecognitionDataGenerator/tests.py,Identifier'test_generate_text_with_unknown_orientation' exceeds the maximum length of 30 characters.
Belval_TextRecognitionDataGenerator,tests,DataGenerator,Long identifier,test_generate_data_with_word_split,723,/Volumes/BrokeExt/NICHE/Belval_TextRecognitionDataGenerator/tests.py,Identifier'test_generate_data_with_word_split' exceeds the maximum length of 30 characters.
Belval_TextRecognitionDataGenerator,tests,DataGenerator,Long identifier,test_generate_data_with_first_name_format,764,/Volumes/BrokeExt/NICHE/Belval_TextRecognitionDataGenerator/tests.py,Identifier'test_generate_data_with_first_name_format' exceeds the maximum length of 30 characters.
Belval_TextRecognitionDataGenerator,tests,DataGenerator,Long identifier,test_generate_data_with_second_name_format,805,/Volumes/BrokeExt/NICHE/Belval_TextRecognitionDataGenerator/tests.py,Identifier'test_generate_data_with_second_name_format' exceeds the maximum length of 30 characters.
Belval_TextRecognitionDataGenerator,tests,DataGenerator,Long identifier,test_generate_data_with_third_name_format,846,/Volumes/BrokeExt/NICHE/Belval_TextRecognitionDataGenerator/tests.py,Identifier'test_generate_data_with_third_name_format' exceeds the maximum length of 30 characters.
Belval_TextRecognitionDataGenerator,tests,DataGenerator,Long identifier,test_generate_data_with_wrong_name_format,887,/Volumes/BrokeExt/NICHE/Belval_TextRecognitionDataGenerator/tests.py,Identifier'test_generate_data_with_wrong_name_format' exceeds the maximum length of 30 characters.
Belval_TextRecognitionDataGenerator,tests,DataGenerator,Long identifier,test_generate_data_with_quasicrystal_background_from_generate,928,/Volumes/BrokeExt/NICHE/Belval_TextRecognitionDataGenerator/tests.py,Identifier'test_generate_data_with_quasicrystal_background_from_generate' exceeds the maximum length of 30 characters.
Belval_TextRecognitionDataGenerator,tests,DataGenerator,Long identifier,test_raise_if_invalid_orientation,960,/Volumes/BrokeExt/NICHE/Belval_TextRecognitionDataGenerator/tests.py,Identifier'test_raise_if_invalid_orientation' exceeds the maximum length of 30 characters.
Belval_TextRecognitionDataGenerator,tests,DataGenerator,Long identifier,test_generate_data_with_arabic_text,994,/Volumes/BrokeExt/NICHE/Belval_TextRecognitionDataGenerator/tests.py,Identifier'test_generate_data_with_arabic_text' exceeds the maximum length of 30 characters.
Belval_TextRecognitionDataGenerator,tests,DataGenerator,Long identifier,test_generate_data_with_sorani_kurdish_text,1035,/Volumes/BrokeExt/NICHE/Belval_TextRecognitionDataGenerator/tests.py,Identifier'test_generate_data_with_sorani_kurdish_text' exceeds the maximum length of 30 characters.
Belval_TextRecognitionDataGenerator,tests,DataGenerator,Long identifier,test_generate_data_with_hindi_text,1076,/Volumes/BrokeExt/NICHE/Belval_TextRecognitionDataGenerator/tests.py,Identifier'test_generate_data_with_hindi_text' exceeds the maximum length of 30 characters.
Belval_TextRecognitionDataGenerator,tests,DataGenerator,Long identifier,test_generate_data_with_output_bounding_box,1117,/Volumes/BrokeExt/NICHE/Belval_TextRecognitionDataGenerator/tests.py,Identifier'test_generate_data_with_output_bounding_box' exceeds the maximum length of 30 characters.
Belval_TextRecognitionDataGenerator,tests,DataGenerator,Long identifier,test_generate_data_with_tesseract_output_bounding_box,1160,/Volumes/BrokeExt/NICHE/Belval_TextRecognitionDataGenerator/tests.py,Identifier'test_generate_data_with_tesseract_output_bounding_box' exceeds the maximum length of 30 characters.
Belval_TextRecognitionDataGenerator,tests,DataGenerator,Long identifier,test_generate_string_with_letters,1203,/Volumes/BrokeExt/NICHE/Belval_TextRecognitionDataGenerator/tests.py,Identifier'test_generate_string_with_letters' exceeds the maximum length of 30 characters.
Belval_TextRecognitionDataGenerator,tests,DataGenerator,Long identifier,test_generate_string_with_numbers,1208,/Volumes/BrokeExt/NICHE/Belval_TextRecognitionDataGenerator/tests.py,Identifier'test_generate_string_with_numbers' exceeds the maximum length of 30 characters.
Belval_TextRecognitionDataGenerator,tests,DataGenerator,Long identifier,test_generate_string_with_symbols,1213,/Volumes/BrokeExt/NICHE/Belval_TextRecognitionDataGenerator/tests.py,Identifier'test_generate_string_with_symbols' exceeds the maximum length of 30 characters.
Belval_TextRecognitionDataGenerator,tests,DataGenerator,Long identifier,test_generate_data_with_white_background,1232,/Volumes/BrokeExt/NICHE/Belval_TextRecognitionDataGenerator/tests.py,Identifier'test_generate_data_with_white_background' exceeds the maximum length of 30 characters.
Belval_TextRecognitionDataGenerator,tests,DataGenerator,Long identifier,test_generate_data_with_quasicrystal_background,1248,/Volumes/BrokeExt/NICHE/Belval_TextRecognitionDataGenerator/tests.py,Identifier'test_generate_data_with_quasicrystal_background' exceeds the maximum length of 30 characters.
Belval_TextRecognitionDataGenerator,tests,CommandLineInterface,Long identifier,test_random_sequences_letter_only,1342,/Volumes/BrokeExt/NICHE/Belval_TextRecognitionDataGenerator/tests.py,Identifier'test_random_sequences_letter_only' exceeds the maximum length of 30 characters.
Belval_TextRecognitionDataGenerator,tests,CommandLineInterface,Long identifier,test_random_sequences_number_only,1365,/Volumes/BrokeExt/NICHE/Belval_TextRecognitionDataGenerator/tests.py,Identifier'test_random_sequences_number_only' exceeds the maximum length of 30 characters.
Belval_TextRecognitionDataGenerator,tests,CommandLineInterface,Long identifier,test_random_sequences_symbols_only,1388,/Volumes/BrokeExt/NICHE/Belval_TextRecognitionDataGenerator/tests.py,Identifier'test_random_sequences_symbols_only' exceeds the maximum length of 30 characters.
Belval_TextRecognitionDataGenerator,tests,CommandLineInterface,Long identifier,test_personalfont_directory_unlocated,1462,/Volumes/BrokeExt/NICHE/Belval_TextRecognitionDataGenerator/tests.py,Identifier'test_personalfont_directory_unlocated' exceeds the maximum length of 30 characters.
Belval_TextRecognitionDataGenerator,tests,DataGenerator,Long statement,test_create_string_from_wikipedia,94,/Volumes/BrokeExt/NICHE/Belval_TextRecognitionDataGenerator/tests.py,A line with 141 chars in test_create_string_from_wikipedia exceeds the maximum length of 120 characters.
Belval_TextRecognitionDataGenerator,tests,DataGenerator,Long statement,test_create_string_from_wikipedia,101,/Volumes/BrokeExt/NICHE/Belval_TextRecognitionDataGenerator/tests.py,A line with 147 chars in test_create_string_from_wikipedia exceeds the maximum length of 120 characters.
Belval_TextRecognitionDataGenerator,tests,DataGenerator,Long statement,test_generate_data_with_format,123,/Volumes/BrokeExt/NICHE/Belval_TextRecognitionDataGenerator/tests.py,A line with 265 chars in test_generate_data_with_format exceeds the maximum length of 120 characters.
Belval_TextRecognitionDataGenerator,tests,DataGenerator,Long statement,test_generate_data_with_format,152,/Volumes/BrokeExt/NICHE/Belval_TextRecognitionDataGenerator/tests.py,A line with 131 chars in test_generate_data_with_format exceeds the maximum length of 120 characters.
Belval_TextRecognitionDataGenerator,tests,DataGenerator,Long statement,test_generate_data_with_extension,164,/Volumes/BrokeExt/NICHE/Belval_TextRecognitionDataGenerator/tests.py,A line with 265 chars in test_generate_data_with_extension exceeds the maximum length of 120 characters.
Belval_TextRecognitionDataGenerator,tests,DataGenerator,Long statement,test_generate_data_with_extension,193,/Volumes/BrokeExt/NICHE/Belval_TextRecognitionDataGenerator/tests.py,A line with 131 chars in test_generate_data_with_extension exceeds the maximum length of 120 characters.
Belval_TextRecognitionDataGenerator,tests,DataGenerator,Long statement,test_generate_data_with_skew_angle,205,/Volumes/BrokeExt/NICHE/Belval_TextRecognitionDataGenerator/tests.py,A line with 266 chars in test_generate_data_with_skew_angle exceeds the maximum length of 120 characters.
Belval_TextRecognitionDataGenerator,tests,DataGenerator,Long statement,test_generate_data_with_skew_angle,234,/Volumes/BrokeExt/NICHE/Belval_TextRecognitionDataGenerator/tests.py,A line with 131 chars in test_generate_data_with_skew_angle exceeds the maximum length of 120 characters.
Belval_TextRecognitionDataGenerator,tests,DataGenerator,Long statement,test_generate_data_with_blur,246,/Volumes/BrokeExt/NICHE/Belval_TextRecognitionDataGenerator/tests.py,A line with 265 chars in test_generate_data_with_blur exceeds the maximum length of 120 characters.
Belval_TextRecognitionDataGenerator,tests,DataGenerator,Long statement,test_generate_data_with_blur,275,/Volumes/BrokeExt/NICHE/Belval_TextRecognitionDataGenerator/tests.py,A line with 131 chars in test_generate_data_with_blur exceeds the maximum length of 120 characters.
Belval_TextRecognitionDataGenerator,tests,DataGenerator,Long statement,test_generate_data_with_sine_distorsion,287,/Volumes/BrokeExt/NICHE/Belval_TextRecognitionDataGenerator/tests.py,A line with 265 chars in test_generate_data_with_sine_distorsion exceeds the maximum length of 120 characters.
Belval_TextRecognitionDataGenerator,tests,DataGenerator,Long statement,test_generate_data_with_sine_distorsion,316,/Volumes/BrokeExt/NICHE/Belval_TextRecognitionDataGenerator/tests.py,A line with 131 chars in test_generate_data_with_sine_distorsion exceeds the maximum length of 120 characters.
Belval_TextRecognitionDataGenerator,tests,DataGenerator,Long statement,test_generate_data_with_cosine_distorsion,328,/Volumes/BrokeExt/NICHE/Belval_TextRecognitionDataGenerator/tests.py,A line with 265 chars in test_generate_data_with_cosine_distorsion exceeds the maximum length of 120 characters.
Belval_TextRecognitionDataGenerator,tests,DataGenerator,Long statement,test_generate_data_with_cosine_distorsion,357,/Volumes/BrokeExt/NICHE/Belval_TextRecognitionDataGenerator/tests.py,A line with 131 chars in test_generate_data_with_cosine_distorsion exceeds the maximum length of 120 characters.
Belval_TextRecognitionDataGenerator,tests,DataGenerator,Long statement,test_generate_data_with_left_alignment,369,/Volumes/BrokeExt/NICHE/Belval_TextRecognitionDataGenerator/tests.py,A line with 263 chars in test_generate_data_with_left_alignment exceeds the maximum length of 120 characters.
Belval_TextRecognitionDataGenerator,tests,DataGenerator,Long statement,test_generate_data_with_left_alignment,398,/Volumes/BrokeExt/NICHE/Belval_TextRecognitionDataGenerator/tests.py,A line with 131 chars in test_generate_data_with_left_alignment exceeds the maximum length of 120 characters.
Belval_TextRecognitionDataGenerator,tests,DataGenerator,Long statement,test_generate_data_with_center_alignment,410,/Volumes/BrokeExt/NICHE/Belval_TextRecognitionDataGenerator/tests.py,A line with 263 chars in test_generate_data_with_center_alignment exceeds the maximum length of 120 characters.
Belval_TextRecognitionDataGenerator,tests,DataGenerator,Long statement,test_generate_data_with_center_alignment,439,/Volumes/BrokeExt/NICHE/Belval_TextRecognitionDataGenerator/tests.py,A line with 131 chars in test_generate_data_with_center_alignment exceeds the maximum length of 120 characters.
Belval_TextRecognitionDataGenerator,tests,DataGenerator,Long statement,test_generate_data_with_right_alignment,451,/Volumes/BrokeExt/NICHE/Belval_TextRecognitionDataGenerator/tests.py,A line with 264 chars in test_generate_data_with_right_alignment exceeds the maximum length of 120 characters.
Belval_TextRecognitionDataGenerator,tests,DataGenerator,Long statement,test_generate_data_with_right_alignment,480,/Volumes/BrokeExt/NICHE/Belval_TextRecognitionDataGenerator/tests.py,A line with 131 chars in test_generate_data_with_right_alignment exceeds the maximum length of 120 characters.
Belval_TextRecognitionDataGenerator,tests,DataGenerator,Long statement,test_raise_if_handwritten_and_vertical,493,/Volumes/BrokeExt/NICHE/Belval_TextRecognitionDataGenerator/tests.py,A line with 263 chars in test_raise_if_handwritten_and_vertical exceeds the maximum length of 120 characters.
Belval_TextRecognitionDataGenerator,tests,DataGenerator,Long statement,test_generate_vertical_text,526,/Volumes/BrokeExt/NICHE/Belval_TextRecognitionDataGenerator/tests.py,A line with 266 chars in test_generate_vertical_text exceeds the maximum length of 120 characters.
Belval_TextRecognitionDataGenerator,tests,DataGenerator,Long statement,test_generate_vertical_text,555,/Volumes/BrokeExt/NICHE/Belval_TextRecognitionDataGenerator/tests.py,A line with 133 chars in test_generate_vertical_text exceeds the maximum length of 120 characters.
Belval_TextRecognitionDataGenerator,tests,DataGenerator,Long statement,test_generate_horizontal_text_with_variable_space,567,/Volumes/BrokeExt/NICHE/Belval_TextRecognitionDataGenerator/tests.py,A line with 266 chars in test_generate_horizontal_text_with_variable_space exceeds the maximum length of 120 characters.
Belval_TextRecognitionDataGenerator,tests,DataGenerator,Long statement,test_generate_horizontal_text_with_variable_space,596,/Volumes/BrokeExt/NICHE/Belval_TextRecognitionDataGenerator/tests.py,A line with 133 chars in test_generate_horizontal_text_with_variable_space exceeds the maximum length of 120 characters.
Belval_TextRecognitionDataGenerator,tests,DataGenerator,Long statement,test_generate_vertical_text_with_variable_space,608,/Volumes/BrokeExt/NICHE/Belval_TextRecognitionDataGenerator/tests.py,A line with 266 chars in test_generate_vertical_text_with_variable_space exceeds the maximum length of 120 characters.
Belval_TextRecognitionDataGenerator,tests,DataGenerator,Long statement,test_generate_vertical_text_with_variable_space,637,/Volumes/BrokeExt/NICHE/Belval_TextRecognitionDataGenerator/tests.py,A line with 133 chars in test_generate_vertical_text_with_variable_space exceeds the maximum length of 120 characters.
Belval_TextRecognitionDataGenerator,tests,DataGenerator,Long statement,test_generate_text_with_unknown_orientation,650,/Volumes/BrokeExt/NICHE/Belval_TextRecognitionDataGenerator/tests.py,A line with 268 chars in test_generate_text_with_unknown_orientation exceeds the maximum length of 120 characters.
Belval_TextRecognitionDataGenerator,tests,DataGenerator,Long statement,test_generate_data_with_fit,683,/Volumes/BrokeExt/NICHE/Belval_TextRecognitionDataGenerator/tests.py,A line with 266 chars in test_generate_data_with_fit exceeds the maximum length of 120 characters.
Belval_TextRecognitionDataGenerator,tests,DataGenerator,Long statement,test_generate_data_with_fit,712,/Volumes/BrokeExt/NICHE/Belval_TextRecognitionDataGenerator/tests.py,A line with 133 chars in test_generate_data_with_fit exceeds the maximum length of 120 characters.
Belval_TextRecognitionDataGenerator,tests,DataGenerator,Long statement,test_generate_data_with_word_split,724,/Volumes/BrokeExt/NICHE/Belval_TextRecognitionDataGenerator/tests.py,A line with 265 chars in test_generate_data_with_word_split exceeds the maximum length of 120 characters.
Belval_TextRecognitionDataGenerator,tests,DataGenerator,Long statement,test_generate_data_with_word_split,753,/Volumes/BrokeExt/NICHE/Belval_TextRecognitionDataGenerator/tests.py,A line with 133 chars in test_generate_data_with_word_split exceeds the maximum length of 120 characters.
Belval_TextRecognitionDataGenerator,tests,DataGenerator,Long statement,test_generate_data_with_first_name_format,765,/Volumes/BrokeExt/NICHE/Belval_TextRecognitionDataGenerator/tests.py,A line with 265 chars in test_generate_data_with_first_name_format exceeds the maximum length of 120 characters.
Belval_TextRecognitionDataGenerator,tests,DataGenerator,Long statement,test_generate_data_with_first_name_format,794,/Volumes/BrokeExt/NICHE/Belval_TextRecognitionDataGenerator/tests.py,A line with 133 chars in test_generate_data_with_first_name_format exceeds the maximum length of 120 characters.
Belval_TextRecognitionDataGenerator,tests,DataGenerator,Long statement,test_generate_data_with_second_name_format,806,/Volumes/BrokeExt/NICHE/Belval_TextRecognitionDataGenerator/tests.py,A line with 265 chars in test_generate_data_with_second_name_format exceeds the maximum length of 120 characters.
Belval_TextRecognitionDataGenerator,tests,DataGenerator,Long statement,test_generate_data_with_second_name_format,835,/Volumes/BrokeExt/NICHE/Belval_TextRecognitionDataGenerator/tests.py,A line with 133 chars in test_generate_data_with_second_name_format exceeds the maximum length of 120 characters.
Belval_TextRecognitionDataGenerator,tests,DataGenerator,Long statement,test_generate_data_with_third_name_format,847,/Volumes/BrokeExt/NICHE/Belval_TextRecognitionDataGenerator/tests.py,A line with 265 chars in test_generate_data_with_third_name_format exceeds the maximum length of 120 characters.
Belval_TextRecognitionDataGenerator,tests,DataGenerator,Long statement,test_generate_data_with_wrong_name_format,888,/Volumes/BrokeExt/NICHE/Belval_TextRecognitionDataGenerator/tests.py,A line with 265 chars in test_generate_data_with_wrong_name_format exceeds the maximum length of 120 characters.
Belval_TextRecognitionDataGenerator,tests,DataGenerator,Long statement,test_generate_data_with_wrong_name_format,917,/Volumes/BrokeExt/NICHE/Belval_TextRecognitionDataGenerator/tests.py,A line with 133 chars in test_generate_data_with_wrong_name_format exceeds the maximum length of 120 characters.
Belval_TextRecognitionDataGenerator,tests,DataGenerator,Long statement,test_generate_data_with_quasicrystal_background_from_generate,929,/Volumes/BrokeExt/NICHE/Belval_TextRecognitionDataGenerator/tests.py,A line with 265 chars in test_generate_data_with_quasicrystal_background_from_generate exceeds the maximum length of 120 characters.
Belval_TextRecognitionDataGenerator,tests,DataGenerator,Long statement,test_raise_if_invalid_orientation,962,/Volumes/BrokeExt/NICHE/Belval_TextRecognitionDataGenerator/tests.py,A line with 265 chars in test_raise_if_invalid_orientation exceeds the maximum length of 120 characters.
Belval_TextRecognitionDataGenerator,tests,DataGenerator,Long statement,test_generate_data_with_arabic_text,995,/Volumes/BrokeExt/NICHE/Belval_TextRecognitionDataGenerator/tests.py,A line with 274 chars in test_generate_data_with_arabic_text exceeds the maximum length of 120 characters.
Belval_TextRecognitionDataGenerator,tests,DataGenerator,Long statement,test_generate_data_with_arabic_text,1024,/Volumes/BrokeExt/NICHE/Belval_TextRecognitionDataGenerator/tests.py,A line with 145 chars in test_generate_data_with_arabic_text exceeds the maximum length of 120 characters.
Belval_TextRecognitionDataGenerator,tests,DataGenerator,Long statement,test_generate_data_with_sorani_kurdish_text,1036,/Volumes/BrokeExt/NICHE/Belval_TextRecognitionDataGenerator/tests.py,A line with 290 chars in test_generate_data_with_sorani_kurdish_text exceeds the maximum length of 120 characters.
Belval_TextRecognitionDataGenerator,tests,DataGenerator,Long statement,test_generate_data_with_sorani_kurdish_text,1065,/Volumes/BrokeExt/NICHE/Belval_TextRecognitionDataGenerator/tests.py,A line with 175 chars in test_generate_data_with_sorani_kurdish_text exceeds the maximum length of 120 characters.
Belval_TextRecognitionDataGenerator,tests,DataGenerator,Long statement,test_generate_data_with_hindi_text,1077,/Volumes/BrokeExt/NICHE/Belval_TextRecognitionDataGenerator/tests.py,A line with 277 chars in test_generate_data_with_hindi_text exceeds the maximum length of 120 characters.
Belval_TextRecognitionDataGenerator,tests,DataGenerator,Long statement,test_generate_data_with_hindi_text,1106,/Volumes/BrokeExt/NICHE/Belval_TextRecognitionDataGenerator/tests.py,A line with 142 chars in test_generate_data_with_hindi_text exceeds the maximum length of 120 characters.
Belval_TextRecognitionDataGenerator,tests,DataGenerator,Long statement,test_generate_data_with_output_bounding_box,1118,/Volumes/BrokeExt/NICHE/Belval_TextRecognitionDataGenerator/tests.py,A line with 283 chars in test_generate_data_with_output_bounding_box exceeds the maximum length of 120 characters.
Belval_TextRecognitionDataGenerator,tests,DataGenerator,Long statement,test_generate_data_with_output_bounding_box,1148,/Volumes/BrokeExt/NICHE/Belval_TextRecognitionDataGenerator/tests.py,A line with 133 chars in test_generate_data_with_output_bounding_box exceeds the maximum length of 120 characters.
Belval_TextRecognitionDataGenerator,tests,DataGenerator,Long statement,test_generate_data_with_tesseract_output_bounding_box,1161,/Volumes/BrokeExt/NICHE/Belval_TextRecognitionDataGenerator/tests.py,A line with 283 chars in test_generate_data_with_tesseract_output_bounding_box exceeds the maximum length of 120 characters.
Belval_TextRecognitionDataGenerator,tests,DataGenerator,Long statement,test_generate_data_with_tesseract_output_bounding_box,1191,/Volumes/BrokeExt/NICHE/Belval_TextRecognitionDataGenerator/tests.py,A line with 133 chars in test_generate_data_with_tesseract_output_bounding_box exceeds the maximum length of 120 characters.
Belval_TextRecognitionDataGenerator,tests,DataGenerator,Long statement,test_generate_japanese_string,1228,/Volumes/BrokeExt/NICHE/Belval_TextRecognitionDataGenerator/tests.py,A line with 132 chars in test_generate_japanese_string exceeds the maximum length of 120 characters.
Belval_TextRecognitionDataGenerator,tests,DataGenerator,Long statement,test_generate_data_with_white_background,1237,/Volumes/BrokeExt/NICHE/Belval_TextRecognitionDataGenerator/tests.py,A line with 134 chars in test_generate_data_with_white_background exceeds the maximum length of 120 characters.
Belval_TextRecognitionDataGenerator,tests,Generators,Magic number,test_generator_from_dict,42,/Volumes/BrokeExt/NICHE/Belval_TextRecognitionDataGenerator/tests.py,Magic number 100 used in test_generator_from_dict.
Belval_TextRecognitionDataGenerator,tests,Generators,Magic number,test_generator_from_random,50,/Volumes/BrokeExt/NICHE/Belval_TextRecognitionDataGenerator/tests.py,Magic number 100 used in test_generator_from_random.
Belval_TextRecognitionDataGenerator,tests,Generators,Magic number,test_generator_from_strings,58,/Volumes/BrokeExt/NICHE/Belval_TextRecognitionDataGenerator/tests.py,Magic number 100 used in test_generator_from_strings.
Belval_TextRecognitionDataGenerator,tests,Generators,Magic number,test_generator_from_wikipedia,66,/Volumes/BrokeExt/NICHE/Belval_TextRecognitionDataGenerator/tests.py,Magic number 100 used in test_generator_from_wikipedia.
Belval_TextRecognitionDataGenerator.trdg,background_generator,,Magic number,gaussian_noise,16,/Volumes/BrokeExt/NICHE/Belval_TextRecognitionDataGenerator/trdg/background_generator.py,Magic number 255 used in gaussian_noise.
Belval_TextRecognitionDataGenerator.trdg,background_generator,,Magic number,quasicrystal,40,/Volumes/BrokeExt/NICHE/Belval_TextRecognitionDataGenerator/trdg/background_generator.py,Magic number 20 used in quasicrystal.
Belval_TextRecognitionDataGenerator.trdg,background_generator,,Magic number,quasicrystal,40,/Volumes/BrokeExt/NICHE/Belval_TextRecognitionDataGenerator/trdg/background_generator.py,Magic number 30 used in quasicrystal.
Belval_TextRecognitionDataGenerator.trdg,background_generator,,Magic number,quasicrystal,41,/Volumes/BrokeExt/NICHE/Belval_TextRecognitionDataGenerator/trdg/background_generator.py,Magic number 2 used in quasicrystal.
Belval_TextRecognitionDataGenerator.trdg,background_generator,,Magic number,quasicrystal,45,/Volumes/BrokeExt/NICHE/Belval_TextRecognitionDataGenerator/trdg/background_generator.py,Magic number 2 used in quasicrystal.
Belval_TextRecognitionDataGenerator.trdg,background_generator,,Magic number,quasicrystal,45,/Volumes/BrokeExt/NICHE/Belval_TextRecognitionDataGenerator/trdg/background_generator.py,Magic number 4 used in quasicrystal.
Belval_TextRecognitionDataGenerator.trdg,background_generator,,Magic number,quasicrystal,47,/Volumes/BrokeExt/NICHE/Belval_TextRecognitionDataGenerator/trdg/background_generator.py,Magic number 2 used in quasicrystal.
Belval_TextRecognitionDataGenerator.trdg,background_generator,,Magic number,quasicrystal,47,/Volumes/BrokeExt/NICHE/Belval_TextRecognitionDataGenerator/trdg/background_generator.py,Magic number 4 used in quasicrystal.
Belval_TextRecognitionDataGenerator.trdg,background_generator,,Magic number,quasicrystal,51,/Volumes/BrokeExt/NICHE/Belval_TextRecognitionDataGenerator/trdg/background_generator.py,Magic number 2.0 used in quasicrystal.
Belval_TextRecognitionDataGenerator.trdg,computer_text_generator,,Long method,_generate_horizontal_text,74 - 155,/Volumes/BrokeExt/NICHE/Belval_TextRecognitionDataGenerator/trdg/computer_text_generator.py,Method '_generate_horizontal_text' is too long (59 lines).
Belval_TextRecognitionDataGenerator.trdg,computer_text_generator,,Long method,_generate_vertical_text,158 - 225,/Volumes/BrokeExt/NICHE/Belval_TextRecognitionDataGenerator/trdg/computer_text_generator.py,Method '_generate_vertical_text' is too long (48 lines).
Belval_TextRecognitionDataGenerator.trdg,computer_text_generator,,Long parameter list,generate,22 - 61,/Volumes/BrokeExt/NICHE/Belval_TextRecognitionDataGenerator/trdg/computer_text_generator.py,"generate has 11 parameters, exceeding the max of 5."
Belval_TextRecognitionDataGenerator.trdg,computer_text_generator,,Long parameter list,_generate_horizontal_text,74 - 155,/Volumes/BrokeExt/NICHE/Belval_TextRecognitionDataGenerator/trdg/computer_text_generator.py,"_generate_horizontal_text has 10 parameters, exceeding the max of 5."
Belval_TextRecognitionDataGenerator.trdg,computer_text_generator,,Long parameter list,_generate_vertical_text,158 - 225,/Volumes/BrokeExt/NICHE/Belval_TextRecognitionDataGenerator/trdg/computer_text_generator.py,"_generate_vertical_text has 9 parameters, exceeding the max of 5."
Belval_TextRecognitionDataGenerator.trdg,computer_text_generator,,Long statement,generate,36,/Volumes/BrokeExt/NICHE/Belval_TextRecognitionDataGenerator/trdg/computer_text_generator.py,A line with 143 chars in generate exceeds the maximum length of 120 characters.
Belval_TextRecognitionDataGenerator.trdg,computer_text_generator,,Long statement,generate,49,/Volumes/BrokeExt/NICHE/Belval_TextRecognitionDataGenerator/trdg/computer_text_generator.py,A line with 129 chars in generate exceeds the maximum length of 120 characters.
Belval_TextRecognitionDataGenerator.trdg,computer_text_generator,,Long statement,_generate_horizontal_text,119,/Volumes/BrokeExt/NICHE/Belval_TextRecognitionDataGenerator/trdg/computer_text_generator.py,A line with 160 chars in _generate_horizontal_text exceeds the maximum length of 120 characters.
Belval_TextRecognitionDataGenerator.trdg,computer_text_generator,,Long statement,_generate_horizontal_text,128,/Volumes/BrokeExt/NICHE/Belval_TextRecognitionDataGenerator/trdg/computer_text_generator.py,A line with 251 chars in _generate_horizontal_text exceeds the maximum length of 120 characters.
Belval_TextRecognitionDataGenerator.trdg,computer_text_generator,,Long statement,_generate_horizontal_text,135,/Volumes/BrokeExt/NICHE/Belval_TextRecognitionDataGenerator/trdg/computer_text_generator.py,A line with 183 chars in _generate_horizontal_text exceeds the maximum length of 120 characters.
Belval_TextRecognitionDataGenerator.trdg,computer_text_generator,,Long statement,_generate_horizontal_text,143,/Volumes/BrokeExt/NICHE/Belval_TextRecognitionDataGenerator/trdg/computer_text_generator.py,A line with 241 chars in _generate_horizontal_text exceeds the maximum length of 120 characters.
Belval_TextRecognitionDataGenerator.trdg,computer_text_generator,,Long statement,_generate_vertical_text,198,/Volumes/BrokeExt/NICHE/Belval_TextRecognitionDataGenerator/trdg/computer_text_generator.py,A line with 137 chars in _generate_vertical_text exceeds the maximum length of 120 characters.
Belval_TextRecognitionDataGenerator.trdg,computer_text_generator,,Long statement,_generate_vertical_text,205,/Volumes/BrokeExt/NICHE/Belval_TextRecognitionDataGenerator/trdg/computer_text_generator.py,A line with 157 chars in _generate_vertical_text exceeds the maximum length of 120 characters.
Belval_TextRecognitionDataGenerator.trdg,computer_text_generator,,Long statement,_generate_vertical_text,213,/Volumes/BrokeExt/NICHE/Belval_TextRecognitionDataGenerator/trdg/computer_text_generator.py,A line with 215 chars in _generate_vertical_text exceeds the maximum length of 120 characters.
Belval_TextRecognitionDataGenerator.trdg,data_generator,FakeTextDataGenerator,Complex method,generate,25 - 290,/Volumes/BrokeExt/NICHE/Belval_TextRecognitionDataGenerator/trdg/data_generator.py,"Method 'generate' has a cyclomatic complexity of 30, exceeding the max of 6."
Belval_TextRecognitionDataGenerator.trdg,data_generator,FakeTextDataGenerator,Empty catch block,generate,198,/Volumes/BrokeExt/NICHE/Belval_TextRecognitionDataGenerator/trdg/data_generator.py,Empty catch block found in generate.
Belval_TextRecognitionDataGenerator.trdg,data_generator,FakeTextDataGenerator,Long method,generate,25 - 290,/Volumes/BrokeExt/NICHE/Belval_TextRecognitionDataGenerator/trdg/data_generator.py,Method 'generate' is too long (185 lines).
Belval_TextRecognitionDataGenerator.trdg,data_generator,FakeTextDataGenerator,Long parameter list,generate,25 - 290,/Volumes/BrokeExt/NICHE/Belval_TextRecognitionDataGenerator/trdg/data_generator.py,"generate has 31 parameters, exceeding the max of 5."
Belval_TextRecognitionDataGenerator.trdg,data_generator,FakeTextDataGenerator,Long statement,generate,72,/Volumes/BrokeExt/NICHE/Belval_TextRecognitionDataGenerator/trdg/data_generator.py,A line with 167 chars in generate exceeds the maximum length of 120 characters.
Belval_TextRecognitionDataGenerator.trdg,data_generator,FakeTextDataGenerator,Long statement,generate,102,/Volumes/BrokeExt/NICHE/Belval_TextRecognitionDataGenerator/trdg/data_generator.py,A line with 237 chars in generate exceeds the maximum length of 120 characters.
Belval_TextRecognitionDataGenerator.trdg,data_generator,FakeTextDataGenerator,Long statement,generate,109,/Volumes/BrokeExt/NICHE/Belval_TextRecognitionDataGenerator/trdg/data_generator.py,A line with 237 chars in generate exceeds the maximum length of 120 characters.
Belval_TextRecognitionDataGenerator.trdg,data_generator,FakeTextDataGenerator,Long statement,generate,116,/Volumes/BrokeExt/NICHE/Belval_TextRecognitionDataGenerator/trdg/data_generator.py,A line with 240 chars in generate exceeds the maximum length of 120 characters.
Belval_TextRecognitionDataGenerator.trdg,data_generator,,Long statement,,9,/Volumes/BrokeExt/NICHE/Belval_TextRecognitionDataGenerator/trdg/data_generator.py,A line with 139 chars in data_generator exceeds the maximum length of 120 characters.
Belval_TextRecognitionDataGenerator.trdg,data_generator,FakeTextDataGenerator,Magic number,generate,188,/Volumes/BrokeExt/NICHE/Belval_TextRecognitionDataGenerator/trdg/data_generator.py,Magic number 3 used in generate.
Belval_TextRecognitionDataGenerator.trdg,data_generator,FakeTextDataGenerator,Magic number,generate,189,/Volumes/BrokeExt/NICHE/Belval_TextRecognitionDataGenerator/trdg/data_generator.py,Magic number 3 used in generate.
Belval_TextRecognitionDataGenerator.trdg,data_generator,FakeTextDataGenerator,Magic number,generate,191,/Volumes/BrokeExt/NICHE/Belval_TextRecognitionDataGenerator/trdg/data_generator.py,Magic number 15 used in generate.
Belval_TextRecognitionDataGenerator.trdg,data_generator,FakeTextDataGenerator,Magic number,generate,280,/Volumes/BrokeExt/NICHE/Belval_TextRecognitionDataGenerator/trdg/data_generator.py,Magic number 2 used in generate.
Belval_TextRecognitionDataGenerator.trdg,data_generator,FakeTextDataGenerator,Magic number,generate,108,/Volumes/BrokeExt/NICHE/Belval_TextRecognitionDataGenerator/trdg/data_generator.py,Magic number 2 used in generate.
Belval_TextRecognitionDataGenerator.trdg,data_generator,FakeTextDataGenerator,Magic number,generate,169,/Volumes/BrokeExt/NICHE/Belval_TextRecognitionDataGenerator/trdg/data_generator.py,Magic number 2 used in generate.
Belval_TextRecognitionDataGenerator.trdg,data_generator,FakeTextDataGenerator,Magic number,generate,258,/Volumes/BrokeExt/NICHE/Belval_TextRecognitionDataGenerator/trdg/data_generator.py,Magic number 2 used in generate.
Belval_TextRecognitionDataGenerator.trdg,distorsion_generator,,Complex method,_apply_func_distorsion,11 - 99,/Volumes/BrokeExt/NICHE/Belval_TextRecognitionDataGenerator/trdg/distorsion_generator.py,"Method '_apply_func_distorsion' has a cyclomatic complexity of 9, exceeding the max of 6."
Belval_TextRecognitionDataGenerator.trdg,distorsion_generator,,Long method,_apply_func_distorsion,11 - 99,/Volumes/BrokeExt/NICHE/Belval_TextRecognitionDataGenerator/trdg/distorsion_generator.py,Method '_apply_func_distorsion' is too long (74 lines).
Belval_TextRecognitionDataGenerator.trdg,distorsion_generator,,Long parameter list,_apply_func_distorsion,11 - 99,/Volumes/BrokeExt/NICHE/Belval_TextRecognitionDataGenerator/trdg/distorsion_generator.py,"_apply_func_distorsion has 6 parameters, exceeding the max of 5."
Belval_TextRecognitionDataGenerator.trdg,distorsion_generator,,Long statement,_apply_func_distorsion,30,/Volumes/BrokeExt/NICHE/Belval_TextRecognitionDataGenerator/trdg/distorsion_generator.py,A line with 144 chars in _apply_func_distorsion exceeds the maximum length of 120 characters.
Belval_TextRecognitionDataGenerator.trdg,distorsion_generator,,Long statement,_apply_func_distorsion,42,/Volumes/BrokeExt/NICHE/Belval_TextRecognitionDataGenerator/trdg/distorsion_generator.py,A line with 149 chars in _apply_func_distorsion exceeds the maximum length of 120 characters.
Belval_TextRecognitionDataGenerator.trdg,distorsion_generator,,Long statement,_apply_func_distorsion,52,/Volumes/BrokeExt/NICHE/Belval_TextRecognitionDataGenerator/trdg/distorsion_generator.py,A line with 150 chars in _apply_func_distorsion exceeds the maximum length of 120 characters.
Belval_TextRecognitionDataGenerator.trdg,distorsion_generator,,Long statement,_apply_func_distorsion,79,/Volumes/BrokeExt/NICHE/Belval_TextRecognitionDataGenerator/trdg/distorsion_generator.py,A line with 132 chars in _apply_func_distorsion exceeds the maximum length of 120 characters.
Belval_TextRecognitionDataGenerator.trdg,distorsion_generator,,Long statement,_apply_func_distorsion,82,/Volumes/BrokeExt/NICHE/Belval_TextRecognitionDataGenerator/trdg/distorsion_generator.py,A line with 134 chars in _apply_func_distorsion exceeds the maximum length of 120 characters.
Belval_TextRecognitionDataGenerator.trdg,distorsion_generator,,Long statement,_apply_func_distorsion,93,/Volumes/BrokeExt/NICHE/Belval_TextRecognitionDataGenerator/trdg/distorsion_generator.py,A line with 226 chars in _apply_func_distorsion exceeds the maximum length of 120 characters.
Belval_TextRecognitionDataGenerator.trdg,distorsion_generator,,Long statement,sin,112,/Volumes/BrokeExt/NICHE/Belval_TextRecognitionDataGenerator/trdg/distorsion_generator.py,A line with 135 chars in sin exceeds the maximum length of 120 characters.
Belval_TextRecognitionDataGenerator.trdg,distorsion_generator,,Long statement,cos,131,/Volumes/BrokeExt/NICHE/Belval_TextRecognitionDataGenerator/trdg/distorsion_generator.py,A line with 135 chars in cos exceeds the maximum length of 120 characters.
Belval_TextRecognitionDataGenerator.trdg,handwritten_text_generator,,Long method,_sample_text,66 - 142,/Volumes/BrokeExt/NICHE/Belval_TextRecognitionDataGenerator/trdg/handwritten_text_generator.py,Method '_sample_text' is too long (70 lines).
Belval_TextRecognitionDataGenerator.trdg,handwritten_text_generator,,Long method,generate,179 - 236,/Volumes/BrokeExt/NICHE/Belval_TextRecognitionDataGenerator/trdg/handwritten_text_generator.py,Method 'generate' is too long (57 lines).
Belval_TextRecognitionDataGenerator.trdg,handwritten_text_generator,,Long parameter list,_sample,41 - 47,/Volumes/BrokeExt/NICHE/Belval_TextRecognitionDataGenerator/trdg/handwritten_text_generator.py,"_sample has 6 parameters, exceeding the max of 5."
Belval_TextRecognitionDataGenerator.trdg,handwritten_text_generator,,Long statement,download_model_weights,33,/Volumes/BrokeExt/NICHE/Belval_TextRecognitionDataGenerator/trdg/handwritten_text_generator.py,A line with 148 chars in download_model_weights exceeds the maximum length of 120 characters.
Belval_TextRecognitionDataGenerator.trdg,handwritten_text_generator,,Long statement,_sample_text,70,/Volumes/BrokeExt/NICHE/Belval_TextRecognitionDataGenerator/trdg/handwritten_text_generator.py,A line with 143 chars in _sample_text exceeds the maximum length of 120 characters.
Belval_TextRecognitionDataGenerator.trdg,handwritten_text_generator,,Long statement,_sample_text,103,/Volumes/BrokeExt/NICHE/Belval_TextRecognitionDataGenerator/trdg/handwritten_text_generator.py,A line with 261 chars in _sample_text exceeds the maximum length of 120 characters.
Belval_TextRecognitionDataGenerator.trdg,handwritten_text_generator,,Long statement,generate,199,/Volumes/BrokeExt/NICHE/Belval_TextRecognitionDataGenerator/trdg/handwritten_text_generator.py,A line with 189 chars in generate exceeds the maximum length of 120 characters.
Belval_TextRecognitionDataGenerator.trdg,handwritten_text_generator,,Magic number,_split_strokes,55,/Volumes/BrokeExt/NICHE/Belval_TextRecognitionDataGenerator/trdg/handwritten_text_generator.py,Magic number 2 used in _split_strokes.
Belval_TextRecognitionDataGenerator.trdg,handwritten_text_generator,,Magic number,_sample_text,136,/Volumes/BrokeExt/NICHE/Belval_TextRecognitionDataGenerator/trdg/handwritten_text_generator.py,Magic number 0.8 used in _sample_text.
Belval_TextRecognitionDataGenerator.trdg,handwritten_text_generator,,Magic number,_sample_text,140,/Volumes/BrokeExt/NICHE/Belval_TextRecognitionDataGenerator/trdg/handwritten_text_generator.py,Magic number 2 used in _sample_text.
Belval_TextRecognitionDataGenerator.trdg,handwritten_text_generator,,Magic number,_sample_text,133,/Volumes/BrokeExt/NICHE/Belval_TextRecognitionDataGenerator/trdg/handwritten_text_generator.py,Magic number 2 used in _sample_text.
Belval_TextRecognitionDataGenerator.trdg,handwritten_text_generator,,Magic number,_crop_white_borders,157,/Volumes/BrokeExt/NICHE/Belval_TextRecognitionDataGenerator/trdg/handwritten_text_generator.py,Magic number 2 used in _crop_white_borders.
Belval_TextRecognitionDataGenerator.trdg,handwritten_text_generator,,Magic number,_crop_white_borders,157,/Volumes/BrokeExt/NICHE/Belval_TextRecognitionDataGenerator/trdg/handwritten_text_generator.py,Magic number 3 used in _crop_white_borders.
Belval_TextRecognitionDataGenerator.trdg,handwritten_text_generator,,Magic number,_join_images,166,/Volumes/BrokeExt/NICHE/Belval_TextRecognitionDataGenerator/trdg/handwritten_text_generator.py,Magic number 35 used in _join_images.
Belval_TextRecognitionDataGenerator.trdg,handwritten_text_generator,,Magic number,_join_images,174,/Volumes/BrokeExt/NICHE/Belval_TextRecognitionDataGenerator/trdg/handwritten_text_generator.py,Magic number 35 used in _join_images.
Belval_TextRecognitionDataGenerator.trdg,handwritten_text_generator,,Magic number,generate,211,/Volumes/BrokeExt/NICHE/Belval_TextRecognitionDataGenerator/trdg/handwritten_text_generator.py,Magic number 2 used in generate.
Belval_TextRecognitionDataGenerator.trdg,run,,Complex method,main,347 - 489,/Volumes/BrokeExt/NICHE/Belval_TextRecognitionDataGenerator/trdg/run.py,"Method 'main' has a cyclomatic complexity of 20, exceeding the max of 6."
Belval_TextRecognitionDataGenerator.trdg,run,,Long method,parse_arguments,32 - 344,/Volumes/BrokeExt/NICHE/Belval_TextRecognitionDataGenerator/trdg/run.py,Method 'parse_arguments' is too long (311 lines).
Belval_TextRecognitionDataGenerator.trdg,run,,Long method,main,347 - 489,/Volumes/BrokeExt/NICHE/Belval_TextRecognitionDataGenerator/trdg/run.py,Method 'main' is too long (127 lines).
Belval_TextRecognitionDataGenerator.trdg,run,,Long statement,parse_arguments,43,/Volumes/BrokeExt/NICHE/Belval_TextRecognitionDataGenerator/trdg/run.py,A line with 156 chars in parse_arguments exceeds the maximum length of 120 characters.
Belval_TextRecognitionDataGenerator.trdg,run,,Long statement,parse_arguments,51,/Volumes/BrokeExt/NICHE/Belval_TextRecognitionDataGenerator/trdg/run.py,A line with 222 chars in parse_arguments exceeds the maximum length of 120 characters.
Belval_TextRecognitionDataGenerator.trdg,run,,Long statement,parse_arguments,67,/Volumes/BrokeExt/NICHE/Belval_TextRecognitionDataGenerator/trdg/run.py,A line with 245 chars in parse_arguments exceeds the maximum length of 120 characters.
Belval_TextRecognitionDataGenerator.trdg,run,,Long statement,parse_arguments,74,/Volumes/BrokeExt/NICHE/Belval_TextRecognitionDataGenerator/trdg/run.py,A line with 163 chars in parse_arguments exceeds the maximum length of 120 characters.
Belval_TextRecognitionDataGenerator.trdg,run,,Long statement,parse_arguments,81,/Volumes/BrokeExt/NICHE/Belval_TextRecognitionDataGenerator/trdg/run.py,A line with 163 chars in parse_arguments exceeds the maximum length of 120 characters.
Belval_TextRecognitionDataGenerator.trdg,run,,Long statement,parse_arguments,88,/Volumes/BrokeExt/NICHE/Belval_TextRecognitionDataGenerator/trdg/run.py,A line with 163 chars in parse_arguments exceeds the maximum length of 120 characters.
Belval_TextRecognitionDataGenerator.trdg,run,,Long statement,parse_arguments,95,/Volumes/BrokeExt/NICHE/Belval_TextRecognitionDataGenerator/trdg/run.py,A line with 204 chars in parse_arguments exceeds the maximum length of 120 characters.
Belval_TextRecognitionDataGenerator.trdg,run,,Long statement,parse_arguments,103,/Volumes/BrokeExt/NICHE/Belval_TextRecognitionDataGenerator/trdg/run.py,A line with 175 chars in parse_arguments exceeds the maximum length of 120 characters.
Belval_TextRecognitionDataGenerator.trdg,run,,Long statement,parse_arguments,110,/Volumes/BrokeExt/NICHE/Belval_TextRecognitionDataGenerator/trdg/run.py,A line with 149 chars in parse_arguments exceeds the maximum length of 120 characters.
Belval_TextRecognitionDataGenerator.trdg,run,,Long statement,parse_arguments,118,/Volumes/BrokeExt/NICHE/Belval_TextRecognitionDataGenerator/trdg/run.py,A line with 139 chars in parse_arguments exceeds the maximum length of 120 characters.
Belval_TextRecognitionDataGenerator.trdg,run,,Long statement,parse_arguments,126,/Volumes/BrokeExt/NICHE/Belval_TextRecognitionDataGenerator/trdg/run.py,A line with 128 chars in parse_arguments exceeds the maximum length of 120 characters.
Belval_TextRecognitionDataGenerator.trdg,run,,Long statement,parse_arguments,134,/Volumes/BrokeExt/NICHE/Belval_TextRecognitionDataGenerator/trdg/run.py,A line with 145 chars in parse_arguments exceeds the maximum length of 120 characters.
Belval_TextRecognitionDataGenerator.trdg,run,,Long statement,parse_arguments,142,/Volumes/BrokeExt/NICHE/Belval_TextRecognitionDataGenerator/trdg/run.py,A line with 179 chars in parse_arguments exceeds the maximum length of 120 characters.
Belval_TextRecognitionDataGenerator.trdg,run,,Long statement,parse_arguments,149,/Volumes/BrokeExt/NICHE/Belval_TextRecognitionDataGenerator/trdg/run.py,A line with 182 chars in parse_arguments exceeds the maximum length of 120 characters.
Belval_TextRecognitionDataGenerator.trdg,run,,Long statement,parse_arguments,156,/Volumes/BrokeExt/NICHE/Belval_TextRecognitionDataGenerator/trdg/run.py,A line with 167 chars in parse_arguments exceeds the maximum length of 120 characters.
Belval_TextRecognitionDataGenerator.trdg,run,,Long statement,parse_arguments,164,/Volumes/BrokeExt/NICHE/Belval_TextRecognitionDataGenerator/trdg/run.py,A line with 152 chars in parse_arguments exceeds the maximum length of 120 characters.
Belval_TextRecognitionDataGenerator.trdg,run,,Long statement,parse_arguments,171,/Volumes/BrokeExt/NICHE/Belval_TextRecognitionDataGenerator/trdg/run.py,A line with 181 chars in parse_arguments exceeds the maximum length of 120 characters.
Belval_TextRecognitionDataGenerator.trdg,run,,Long statement,parse_arguments,179,/Volumes/BrokeExt/NICHE/Belval_TextRecognitionDataGenerator/trdg/run.py,A line with 123 chars in parse_arguments exceeds the maximum length of 120 characters.
Belval_TextRecognitionDataGenerator.trdg,run,,Long statement,parse_arguments,185,/Volumes/BrokeExt/NICHE/Belval_TextRecognitionDataGenerator/trdg/run.py,A line with 228 chars in parse_arguments exceeds the maximum length of 120 characters.
Belval_TextRecognitionDataGenerator.trdg,run,,Long statement,parse_arguments,192,/Volumes/BrokeExt/NICHE/Belval_TextRecognitionDataGenerator/trdg/run.py,A line with 127 chars in parse_arguments exceeds the maximum length of 120 characters.
Belval_TextRecognitionDataGenerator.trdg,run,,Long statement,parse_arguments,199,/Volumes/BrokeExt/NICHE/Belval_TextRecognitionDataGenerator/trdg/run.py,A line with 182 chars in parse_arguments exceeds the maximum length of 120 characters.
Belval_TextRecognitionDataGenerator.trdg,run,,Long statement,parse_arguments,206,/Volumes/BrokeExt/NICHE/Belval_TextRecognitionDataGenerator/trdg/run.py,A line with 192 chars in parse_arguments exceeds the maximum length of 120 characters.
Belval_TextRecognitionDataGenerator.trdg,run,,Long statement,parse_arguments,214,/Volumes/BrokeExt/NICHE/Belval_TextRecognitionDataGenerator/trdg/run.py,A line with 228 chars in parse_arguments exceeds the maximum length of 120 characters.
Belval_TextRecognitionDataGenerator.trdg,run,,Long statement,parse_arguments,222,/Volumes/BrokeExt/NICHE/Belval_TextRecognitionDataGenerator/trdg/run.py,A line with 242 chars in parse_arguments exceeds the maximum length of 120 characters.
Belval_TextRecognitionDataGenerator.trdg,run,,Long statement,parse_arguments,230,/Volumes/BrokeExt/NICHE/Belval_TextRecognitionDataGenerator/trdg/run.py,A line with 198 chars in parse_arguments exceeds the maximum length of 120 characters.
Belval_TextRecognitionDataGenerator.trdg,run,,Long statement,parse_arguments,238,/Volumes/BrokeExt/NICHE/Belval_TextRecognitionDataGenerator/trdg/run.py,A line with 146 chars in parse_arguments exceeds the maximum length of 120 characters.
Belval_TextRecognitionDataGenerator.trdg,run,,Long statement,parse_arguments,246,/Volumes/BrokeExt/NICHE/Belval_TextRecognitionDataGenerator/trdg/run.py,A line with 181 chars in parse_arguments exceeds the maximum length of 120 characters.
Belval_TextRecognitionDataGenerator.trdg,run,,Long statement,parse_arguments,254,/Volumes/BrokeExt/NICHE/Belval_TextRecognitionDataGenerator/trdg/run.py,A line with 172 chars in parse_arguments exceeds the maximum length of 120 characters.
Belval_TextRecognitionDataGenerator.trdg,run,,Long statement,parse_arguments,262,/Volumes/BrokeExt/NICHE/Belval_TextRecognitionDataGenerator/trdg/run.py,A line with 159 chars in parse_arguments exceeds the maximum length of 120 characters.
Belval_TextRecognitionDataGenerator.trdg,run,,Long statement,parse_arguments,270,/Volumes/BrokeExt/NICHE/Belval_TextRecognitionDataGenerator/trdg/run.py,A line with 153 chars in parse_arguments exceeds the maximum length of 120 characters.
Belval_TextRecognitionDataGenerator.trdg,run,,Long statement,parse_arguments,278,/Volumes/BrokeExt/NICHE/Belval_TextRecognitionDataGenerator/trdg/run.py,A line with 123 chars in parse_arguments exceeds the maximum length of 120 characters.
Belval_TextRecognitionDataGenerator.trdg,run,,Long statement,parse_arguments,295,/Volumes/BrokeExt/NICHE/Belval_TextRecognitionDataGenerator/trdg/run.py,A line with 213 chars in parse_arguments exceeds the maximum length of 120 characters.
Belval_TextRecognitionDataGenerator.trdg,run,,Long statement,parse_arguments,303,/Volumes/BrokeExt/NICHE/Belval_TextRecognitionDataGenerator/trdg/run.py,A line with 148 chars in parse_arguments exceeds the maximum length of 120 characters.
Belval_TextRecognitionDataGenerator.trdg,run,,Long statement,parse_arguments,313,/Volumes/BrokeExt/NICHE/Belval_TextRecognitionDataGenerator/trdg/run.py,A line with 170 chars in parse_arguments exceeds the maximum length of 120 characters.
Belval_TextRecognitionDataGenerator.trdg,run,,Long statement,parse_arguments,328,/Volumes/BrokeExt/NICHE/Belval_TextRecognitionDataGenerator/trdg/run.py,A line with 173 chars in parse_arguments exceeds the maximum length of 120 characters.
Belval_TextRecognitionDataGenerator.trdg,run,,Long statement,parse_arguments,336,/Volumes/BrokeExt/NICHE/Belval_TextRecognitionDataGenerator/trdg/run.py,A line with 233 chars in parse_arguments exceeds the maximum length of 120 characters.
Belval_TextRecognitionDataGenerator.trdg,run,,Long statement,main,398,/Volumes/BrokeExt/NICHE/Belval_TextRecognitionDataGenerator/trdg/run.py,A line with 152 chars in main exceeds the maximum length of 120 characters.
Belval_TextRecognitionDataGenerator.trdg,run,,Magic number,margins,28,/Volumes/BrokeExt/NICHE/Belval_TextRecognitionDataGenerator/trdg/run.py,Magic number 4 used in margins.
Belval_TextRecognitionDataGenerator.trdg,run,,Magic number,main,479,/Volumes/BrokeExt/NICHE/Belval_TextRecognitionDataGenerator/trdg/run.py,Magic number 2 used in main.
Belval_TextRecognitionDataGenerator.trdg,run,,Magic number,main,413,/Volumes/BrokeExt/NICHE/Belval_TextRecognitionDataGenerator/trdg/run.py,Magic number 2 used in main.
Belval_TextRecognitionDataGenerator.trdg,string_generator,,Complex method,create_strings_randomly,75 - 140,/Volumes/BrokeExt/NICHE/Belval_TextRecognitionDataGenerator/trdg/string_generator.py,"Method 'create_strings_randomly' has a cyclomatic complexity of 11, exceeding the max of 6."
Belval_TextRecognitionDataGenerator.trdg,string_generator,,Empty catch block,get_random_page_content,50,/Volumes/BrokeExt/NICHE/Belval_TextRecognitionDataGenerator/trdg/string_generator.py,Empty catch block found in get_random_page_content.
Belval_TextRecognitionDataGenerator.trdg,string_generator,,Long method,create_strings_randomly,75 - 140,/Volumes/BrokeExt/NICHE/Belval_TextRecognitionDataGenerator/trdg/string_generator.py,Method 'create_strings_randomly' is too long (52 lines).
Belval_TextRecognitionDataGenerator.trdg,string_generator,,Long parameter list,create_strings_randomly,75 - 140,/Volumes/BrokeExt/NICHE/Belval_TextRecognitionDataGenerator/trdg/string_generator.py,"create_strings_randomly has 7 parameters, exceeding the max of 5."
Belval_TextRecognitionDataGenerator.trdg,string_generator,,Magic number,create_strings_from_file,16,/Volumes/BrokeExt/NICHE/Belval_TextRecognitionDataGenerator/trdg/string_generator.py,Magic number 200 used in create_strings_from_file.
Belval_TextRecognitionDataGenerator.trdg,string_generator,,Magic number,create_strings_randomly,124,/Volumes/BrokeExt/NICHE/Belval_TextRecognitionDataGenerator/trdg/string_generator.py,Magic number 2 used in create_strings_randomly.
Belval_TextRecognitionDataGenerator.trdg,string_generator,,Magic number,create_strings_randomly,127,/Volumes/BrokeExt/NICHE/Belval_TextRecognitionDataGenerator/trdg/string_generator.py,Magic number 2 used in create_strings_randomly.
Belval_TextRecognitionDataGenerator.trdg,string_generator,,Magic number,create_strings_randomly,129,/Volumes/BrokeExt/NICHE/Belval_TextRecognitionDataGenerator/trdg/string_generator.py,Magic number 2 used in create_strings_randomly.
Belval_TextRecognitionDataGenerator.trdg,string_generator,,Magic number,create_strings_randomly,130,/Volumes/BrokeExt/NICHE/Belval_TextRecognitionDataGenerator/trdg/string_generator.py,Magic number 10 used in create_strings_randomly.
Belval_TextRecognitionDataGenerator.trdg,utils,,Long method,mask_to_bboxes,48 - 101,/Volumes/BrokeExt/NICHE/Belval_TextRecognitionDataGenerator/trdg/utils.py,Method 'mask_to_bboxes' is too long (49 lines).
Belval_TextRecognitionDataGenerator.trdg,utils,,Long statement,load_fonts,33,/Volumes/BrokeExt/NICHE/Belval_TextRecognitionDataGenerator/trdg/utils.py,A line with 168 chars in load_fonts exceeds the maximum length of 120 characters.
Belval_TextRecognitionDataGenerator.trdg,utils,,Long statement,load_fonts,40,/Volumes/BrokeExt/NICHE/Belval_TextRecognitionDataGenerator/trdg/utils.py,A line with 148 chars in load_fonts exceeds the maximum length of 120 characters.
Belval_TextRecognitionDataGenerator.trdg,utils,,Long statement,mask_to_bboxes,63,/Volumes/BrokeExt/NICHE/Belval_TextRecognitionDataGenerator/trdg/utils.py,A line with 153 chars in mask_to_bboxes exceeds the maximum length of 120 characters.
Belval_TextRecognitionDataGenerator.trdg,utils,,Long statement,mask_to_bboxes,71,/Volumes/BrokeExt/NICHE/Belval_TextRecognitionDataGenerator/trdg/utils.py,A line with 153 chars in mask_to_bboxes exceeds the maximum length of 120 characters.
Belval_TextRecognitionDataGenerator.trdg,utils,,Long statement,mask_to_bboxes,80,/Volumes/BrokeExt/NICHE/Belval_TextRecognitionDataGenerator/trdg/utils.py,A line with 363 chars in mask_to_bboxes exceeds the maximum length of 120 characters.
Belval_TextRecognitionDataGenerator.trdg,utils,,Long statement,make_filename_valid,114,/Volumes/BrokeExt/NICHE/Belval_TextRecognitionDataGenerator/trdg/utils.py,A line with 387 chars in make_filename_valid exceeds the maximum length of 120 characters.
Belval_TextRecognitionDataGenerator.trdg,utils,,Magic number,mask_to_bboxes,59,/Volumes/BrokeExt/NICHE/Belval_TextRecognitionDataGenerator/trdg/utils.py,Magic number 255 used in mask_to_bboxes.
Belval_TextRecognitionDataGenerator.trdg,utils,,Magic number,mask_to_bboxes,59,/Volumes/BrokeExt/NICHE/Belval_TextRecognitionDataGenerator/trdg/utils.py,Magic number 255 used in mask_to_bboxes.
Belval_TextRecognitionDataGenerator.trdg,utils,,Magic number,mask_to_bboxes,59,/Volumes/BrokeExt/NICHE/Belval_TextRecognitionDataGenerator/trdg/utils.py,Magic number 255 used in mask_to_bboxes.
Belval_TextRecognitionDataGenerator.trdg,utils,,Magic number,mask_to_bboxes,59,/Volumes/BrokeExt/NICHE/Belval_TextRecognitionDataGenerator/trdg/utils.py,Magic number 255 used in mask_to_bboxes.
Belval_TextRecognitionDataGenerator.trdg,utils,,Magic number,make_filename_valid,134,/Volumes/BrokeExt/NICHE/Belval_TextRecognitionDataGenerator/trdg/utils.py,Magic number 200 used in make_filename_valid.
Belval_TextRecognitionDataGenerator.trdg.generators,from_dict,GeneratorFromDict,Long method,__init__,13 - 96,/Volumes/BrokeExt/NICHE/Belval_TextRecognitionDataGenerator/trdg/generators/from_dict.py,Method '__init__' is too long (47 lines).
Belval_TextRecognitionDataGenerator.trdg.generators,from_dict,GeneratorFromDict,Long parameter list,__init__,13 - 96,/Volumes/BrokeExt/NICHE/Belval_TextRecognitionDataGenerator/trdg/generators/from_dict.py,"__init__ has 31 parameters, exceeding the max of 5."
Belval_TextRecognitionDataGenerator.trdg.generators,from_dict,GeneratorFromDict,Long statement,__init__,65,/Volumes/BrokeExt/NICHE/Belval_TextRecognitionDataGenerator/trdg/generators/from_dict.py,A line with 502 chars in __init__ exceeds the maximum length of 120 characters.
Belval_TextRecognitionDataGenerator.trdg.generators,from_dict,GeneratorFromDict,Magic number,__init__,20,/Volumes/BrokeExt/NICHE/Belval_TextRecognitionDataGenerator/trdg/generators/from_dict.py,Magic number 32 used in __init__.
Belval_TextRecognitionDataGenerator.trdg.generators,from_dict,GeneratorFromDict,Magic number,__init__,35,/Volumes/BrokeExt/NICHE/Belval_TextRecognitionDataGenerator/trdg/generators/from_dict.py,Magic number 5 used in __init__.
Belval_TextRecognitionDataGenerator.trdg.generators,from_dict,GeneratorFromDict,Magic number,__init__,35,/Volumes/BrokeExt/NICHE/Belval_TextRecognitionDataGenerator/trdg/generators/from_dict.py,Magic number 5 used in __init__.
Belval_TextRecognitionDataGenerator.trdg.generators,from_dict,GeneratorFromDict,Magic number,__init__,35,/Volumes/BrokeExt/NICHE/Belval_TextRecognitionDataGenerator/trdg/generators/from_dict.py,Magic number 5 used in __init__.
Belval_TextRecognitionDataGenerator.trdg.generators,from_dict,GeneratorFromDict,Magic number,__init__,35,/Volumes/BrokeExt/NICHE/Belval_TextRecognitionDataGenerator/trdg/generators/from_dict.py,Magic number 5 used in __init__.
Belval_TextRecognitionDataGenerator.trdg.generators,from_random,GeneratorFromRandom,Long method,__init__,13 - 97,/Volumes/BrokeExt/NICHE/Belval_TextRecognitionDataGenerator/trdg/generators/from_random.py,Method '__init__' is too long (49 lines).
Belval_TextRecognitionDataGenerator.trdg.generators,from_random,GeneratorFromRandom,Long parameter list,__init__,13 - 97,/Volumes/BrokeExt/NICHE/Belval_TextRecognitionDataGenerator/trdg/generators/from_random.py,"__init__ has 32 parameters, exceeding the max of 5."
Belval_TextRecognitionDataGenerator.trdg.generators,from_random,GeneratorFromRandom,Long statement,__init__,61,/Volumes/BrokeExt/NICHE/Belval_TextRecognitionDataGenerator/trdg/generators/from_random.py,A line with 554 chars in __init__ exceeds the maximum length of 120 characters.
Belval_TextRecognitionDataGenerator.trdg.generators,from_random,GeneratorFromRandom,Long statement,next,111,/Volumes/BrokeExt/NICHE/Belval_TextRecognitionDataGenerator/trdg/generators/from_random.py,A line with 168 chars in next exceeds the maximum length of 120 characters.
Belval_TextRecognitionDataGenerator.trdg.generators,from_random,GeneratorFromRandom,Magic number,__init__,23,/Volumes/BrokeExt/NICHE/Belval_TextRecognitionDataGenerator/trdg/generators/from_random.py,Magic number 32 used in __init__.
Belval_TextRecognitionDataGenerator.trdg.generators,from_random,GeneratorFromRandom,Magic number,__init__,38,/Volumes/BrokeExt/NICHE/Belval_TextRecognitionDataGenerator/trdg/generators/from_random.py,Magic number 5 used in __init__.
Belval_TextRecognitionDataGenerator.trdg.generators,from_random,GeneratorFromRandom,Magic number,__init__,38,/Volumes/BrokeExt/NICHE/Belval_TextRecognitionDataGenerator/trdg/generators/from_random.py,Magic number 5 used in __init__.
Belval_TextRecognitionDataGenerator.trdg.generators,from_random,GeneratorFromRandom,Magic number,__init__,38,/Volumes/BrokeExt/NICHE/Belval_TextRecognitionDataGenerator/trdg/generators/from_random.py,Magic number 5 used in __init__.
Belval_TextRecognitionDataGenerator.trdg.generators,from_random,GeneratorFromRandom,Magic number,__init__,38,/Volumes/BrokeExt/NICHE/Belval_TextRecognitionDataGenerator/trdg/generators/from_random.py,Magic number 5 used in __init__.
Belval_TextRecognitionDataGenerator.trdg.generators,from_strings,GeneratorFromStrings,Long method,__init__,15 - 91,/Volumes/BrokeExt/NICHE/Belval_TextRecognitionDataGenerator/trdg/generators/from_strings.py,Method '__init__' is too long (44 lines).
Belval_TextRecognitionDataGenerator.trdg.generators,from_strings,GeneratorFromStrings,Long method,next,99 - 138,/Volumes/BrokeExt/NICHE/Belval_TextRecognitionDataGenerator/trdg/generators/from_strings.py,Method 'next' is too long (41 lines).
Belval_TextRecognitionDataGenerator.trdg.generators,from_strings,GeneratorFromStrings,Long parameter list,__init__,15 - 91,/Volumes/BrokeExt/NICHE/Belval_TextRecognitionDataGenerator/trdg/generators/from_strings.py,"__init__ has 29 parameters, exceeding the max of 5."
Belval_TextRecognitionDataGenerator.trdg.generators,from_strings,GeneratorFromStrings,Long statement,next,103,/Volumes/BrokeExt/NICHE/Belval_TextRecognitionDataGenerator/trdg/generators/from_strings.py,A line with 782 chars in next exceeds the maximum length of 120 characters.
Belval_TextRecognitionDataGenerator.trdg.generators,from_strings,GeneratorFromStrings,Magic number,__init__,21,/Volumes/BrokeExt/NICHE/Belval_TextRecognitionDataGenerator/trdg/generators/from_strings.py,Magic number 32 used in __init__.
Belval_TextRecognitionDataGenerator.trdg.generators,from_strings,GeneratorFromStrings,Magic number,__init__,36,/Volumes/BrokeExt/NICHE/Belval_TextRecognitionDataGenerator/trdg/generators/from_strings.py,Magic number 5 used in __init__.
Belval_TextRecognitionDataGenerator.trdg.generators,from_strings,GeneratorFromStrings,Magic number,__init__,36,/Volumes/BrokeExt/NICHE/Belval_TextRecognitionDataGenerator/trdg/generators/from_strings.py,Magic number 5 used in __init__.
Belval_TextRecognitionDataGenerator.trdg.generators,from_strings,GeneratorFromStrings,Magic number,__init__,36,/Volumes/BrokeExt/NICHE/Belval_TextRecognitionDataGenerator/trdg/generators/from_strings.py,Magic number 5 used in __init__.
Belval_TextRecognitionDataGenerator.trdg.generators,from_strings,GeneratorFromStrings,Magic number,__init__,36,/Volumes/BrokeExt/NICHE/Belval_TextRecognitionDataGenerator/trdg/generators/from_strings.py,Magic number 5 used in __init__.
Belval_TextRecognitionDataGenerator.trdg.generators,from_wikipedia,GeneratorFromWikipedia,Long parameter list,__init__,13 - 83,/Volumes/BrokeExt/NICHE/Belval_TextRecognitionDataGenerator/trdg/generators/from_wikipedia.py,"__init__ has 28 parameters, exceeding the max of 5."
Belval_TextRecognitionDataGenerator.trdg.generators,from_wikipedia,GeneratorFromWikipedia,Long statement,__init__,53,/Volumes/BrokeExt/NICHE/Belval_TextRecognitionDataGenerator/trdg/generators/from_wikipedia.py,A line with 493 chars in __init__ exceeds the maximum length of 120 characters.
Belval_TextRecognitionDataGenerator.trdg.generators,from_wikipedia,GeneratorFromWikipedia,Magic number,__init__,19,/Volumes/BrokeExt/NICHE/Belval_TextRecognitionDataGenerator/trdg/generators/from_wikipedia.py,Magic number 32 used in __init__.
Belval_TextRecognitionDataGenerator.trdg.generators,from_wikipedia,GeneratorFromWikipedia,Magic number,__init__,34,/Volumes/BrokeExt/NICHE/Belval_TextRecognitionDataGenerator/trdg/generators/from_wikipedia.py,Magic number 5 used in __init__.
Belval_TextRecognitionDataGenerator.trdg.generators,from_wikipedia,GeneratorFromWikipedia,Magic number,__init__,34,/Volumes/BrokeExt/NICHE/Belval_TextRecognitionDataGenerator/trdg/generators/from_wikipedia.py,Magic number 5 used in __init__.
Belval_TextRecognitionDataGenerator.trdg.generators,from_wikipedia,GeneratorFromWikipedia,Magic number,__init__,34,/Volumes/BrokeExt/NICHE/Belval_TextRecognitionDataGenerator/trdg/generators/from_wikipedia.py,Magic number 5 used in __init__.
Belval_TextRecognitionDataGenerator.trdg.generators,from_wikipedia,GeneratorFromWikipedia,Magic number,__init__,34,/Volumes/BrokeExt/NICHE/Belval_TextRecognitionDataGenerator/trdg/generators/from_wikipedia.py,Magic number 5 used in __init__.
