Package,Module,Class,Function,LOC,CC,PC
ZQPei_deep_sort_pytorch,deepsort,VideoTracker,__init__,19,5,3
ZQPei_deep_sort_pytorch,deepsort,VideoTracker,__enter__,28,3,0
ZQPei_deep_sort_pytorch,deepsort,VideoTracker,__exit__,3,2,3
ZQPei_deep_sort_pytorch,deepsort,VideoTracker,run,66,9,0
ZQPei_deep_sort_pytorch,deepsort,,parse_args,18,1,0
ZQPei_deep_sort_pytorch,ped_det_server,VideoTracker,__init__,16,4,2
ZQPei_deep_sort_pytorch,ped_det_server,VideoTracker,__enter__,15,1,0
ZQPei_deep_sort_pytorch,ped_det_server,VideoTracker,__exit__,3,2,3
ZQPei_deep_sort_pytorch,ped_det_server,VideoTracker,run,14,3,0
ZQPei_deep_sort_pytorch,ped_det_server,VideoTracker,detection,17,3,2
ZQPei_deep_sort_pytorch,ped_det_server,VideoTracker,draw_boxes,23,2,4
ZQPei_deep_sort_pytorch,ped_det_server,VideoTracker,save_frame,2,2,1
ZQPei_deep_sort_pytorch,ped_det_server,,parse_args,14,2,0
ZQPei_deep_sort_pytorch,yolov3_deepsort_eval,,mkdir_if_missing,2,1,1
ZQPei_deep_sort_pytorch,yolov3_deepsort_eval,,main,32,2,3
ZQPei_deep_sort_pytorch,yolov3_deepsort_eval,,parse_args,12,1,0
ZQPei_deep_sort_pytorch.deep_sort,__init__,,build_tracker,14,1,2
ZQPei_deep_sort_pytorch.deep_sort,deep_sort,DeepSort,__init__,10,2,10
ZQPei_deep_sort_pytorch.deep_sort,deep_sort,DeepSort,update,28,6,5
ZQPei_deep_sort_pytorch.deep_sort,deep_sort,DeepSort,_xywh_to_tlwh,8,3,1
ZQPei_deep_sort_pytorch.deep_sort,deep_sort,DeepSort,_xywh_to_xyxy,7,1,1
ZQPei_deep_sort_pytorch.deep_sort,deep_sort,DeepSort,_tlwh_to_xyxy,9,1,1
ZQPei_deep_sort_pytorch.deep_sort,deep_sort,DeepSort,_xyxy_to_tlwh,7,1,1
ZQPei_deep_sort_pytorch.deep_sort,deep_sort,DeepSort,_get_features,11,3,2
ZQPei_deep_sort_pytorch.deep_sort.deep,datasets,ClsDataset,__init__,4,1,3
ZQPei_deep_sort_pytorch.deep_sort.deep,datasets,ClsDataset,__len__,2,1,0
ZQPei_deep_sort_pytorch.deep_sort.deep,datasets,ClsDataset,__getitem__,8,2,1
ZQPei_deep_sort_pytorch.deep_sort.deep,datasets,ClsDataset,collate_fn,5,1,1
ZQPei_deep_sort_pytorch.deep_sort.deep,datasets,,read_split_data,47,6,2
ZQPei_deep_sort_pytorch.deep_sort.deep,feature_extractor,Extractor,__init__,13,2,2
ZQPei_deep_sort_pytorch.deep_sort.deep,feature_extractor,Extractor,_preprocess,7,0,1
ZQPei_deep_sort_pytorch.deep_sort.deep,feature_extractor,Extractor,__call__,6,1,1
ZQPei_deep_sort_pytorch.deep_sort.deep,feature_extractor,FastReIDExtractor,__init__,17,2,3
ZQPei_deep_sort_pytorch.deep_sort.deep,feature_extractor,FastReIDExtractor,_preprocess,5,0,1
ZQPei_deep_sort_pytorch.deep_sort.deep,feature_extractor,FastReIDExtractor,__call__,6,1,1
ZQPei_deep_sort_pytorch.deep_sort.deep,model,BasicBlock,__init__,22,4,3
ZQPei_deep_sort_pytorch.deep_sort.deep,model,BasicBlock,forward,9,2,1
ZQPei_deep_sort_pytorch.deep_sort.deep,model,Net,__init__,24,1,2
ZQPei_deep_sort_pytorch.deep_sort.deep,model,Net,forward,13,1,1
ZQPei_deep_sort_pytorch.deep_sort.deep,model,,make_layers,8,3,4
ZQPei_deep_sort_pytorch.deep_sort.deep,resnet,BasicBlock,__init__,10,1,4
ZQPei_deep_sort_pytorch.deep_sort.deep,resnet,BasicBlock,forward,12,2,1
ZQPei_deep_sort_pytorch.deep_sort.deep,resnet,Bottleneck,__init__,14,1,6
ZQPei_deep_sort_pytorch.deep_sort.deep,resnet,Bottleneck,forward,15,2,1
ZQPei_deep_sort_pytorch.deep_sort.deep,resnet,ResNet,__init__,22,4,6
ZQPei_deep_sort_pytorch.deep_sort.deep,resnet,ResNet,_make_layers,14,4,4
ZQPei_deep_sort_pytorch.deep_sort.deep,resnet,ResNet,forward,15,1,1
ZQPei_deep_sort_pytorch.deep_sort.deep,resnet,,resnet18,2,1,2
ZQPei_deep_sort_pytorch.deep_sort.deep,resnet,,resnet34,2,1,2
ZQPei_deep_sort_pytorch.deep_sort.deep,resnet,,resnet50,2,1,2
ZQPei_deep_sort_pytorch.deep_sort.deep,resnet,,resnext50_32x4d,5,1,2
ZQPei_deep_sort_pytorch.deep_sort.deep,train,,draw_curve,15,2,5
ZQPei_deep_sort_pytorch.deep_sort.deep,train,,main,77,6,1
ZQPei_deep_sort_pytorch.deep_sort.deep,train_multiGPU,,draw_curve,15,2,5
ZQPei_deep_sort_pytorch.deep_sort.deep,train_multiGPU,,main,106,14,1
ZQPei_deep_sort_pytorch.deep_sort.deep.multi_train_utils,distributed_utils,,init_distributed_mode,19,4,1
ZQPei_deep_sort_pytorch.deep_sort.deep.multi_train_utils,distributed_utils,,cleanup,2,1,0
ZQPei_deep_sort_pytorch.deep_sort.deep.multi_train_utils,distributed_utils,,is_dist_avail_and_initialized,6,1,0
ZQPei_deep_sort_pytorch.deep_sort.deep.multi_train_utils,distributed_utils,,get_world_size,4,1,0
ZQPei_deep_sort_pytorch.deep_sort.deep.multi_train_utils,distributed_utils,,get_rank,4,1,0
ZQPei_deep_sort_pytorch.deep_sort.deep.multi_train_utils,distributed_utils,,is_main_process,2,1,0
ZQPei_deep_sort_pytorch.deep_sort.deep.multi_train_utils,distributed_utils,,reduce_value,10,2,2
ZQPei_deep_sort_pytorch.deep_sort.deep.multi_train_utils,train_eval_utils,,load_model,16,6,3
ZQPei_deep_sort_pytorch.deep_sort.deep.multi_train_utils,train_eval_utils,,train_one_epoch,34,6,5
ZQPei_deep_sort_pytorch.deep_sort.deep.multi_train_utils,train_eval_utils,,evaluate,20,4,3
ZQPei_deep_sort_pytorch.deep_sort.sort,detection,Detection,__init__,6,1,5
ZQPei_deep_sort_pytorch.deep_sort.sort,detection,Detection,to_tlbr,5,1,0
ZQPei_deep_sort_pytorch.deep_sort.sort,detection,Detection,to_xyah,6,1,0
ZQPei_deep_sort_pytorch.deep_sort.sort,iou_matching,,iou,15,1,2
ZQPei_deep_sort_pytorch.deep_sort.sort,iou_matching,,iou_cost,17,5,4
ZQPei_deep_sort_pytorch.deep_sort.sort,kalman_filter,KalmanFilter,__init__,8,2,0
ZQPei_deep_sort_pytorch.deep_sort.sort,kalman_filter,KalmanFilter,initiate,17,1,1
ZQPei_deep_sort_pytorch.deep_sort.sort,kalman_filter,KalmanFilter,predict,18,1,2
ZQPei_deep_sort_pytorch.deep_sort.sort,kalman_filter,KalmanFilter,project,13,1,2
ZQPei_deep_sort_pytorch.deep_sort.sort,kalman_filter,KalmanFilter,update,14,1,3
ZQPei_deep_sort_pytorch.deep_sort.sort,kalman_filter,KalmanFilter,gating_distance,14,2,4
ZQPei_deep_sort_pytorch.deep_sort.sort,linear_assignment,,min_cost_matching,29,10,6
ZQPei_deep_sort_pytorch.deep_sort.sort,linear_assignment,,matching_cascade,27,6,7
ZQPei_deep_sort_pytorch.deep_sort.sort,linear_assignment,,gate_cost_matrix,13,2,8
ZQPei_deep_sort_pytorch.deep_sort.sort,nn_matching,NearestNeighborDistanceMetric,__init__,11,3,3
ZQPei_deep_sort_pytorch.deep_sort.sort,nn_matching,NearestNeighborDistanceMetric,partial_fit,8,3,3
ZQPei_deep_sort_pytorch.deep_sort.sort,nn_matching,NearestNeighborDistanceMetric,distance,7,2,2
ZQPei_deep_sort_pytorch.deep_sort.sort,nn_matching,,_pdist,10,2,2
ZQPei_deep_sort_pytorch.deep_sort.sort,nn_matching,,_cosine_distance,7,2,3
ZQPei_deep_sort_pytorch.deep_sort.sort,nn_matching,,_nn_euclidean_distance,5,1,2
ZQPei_deep_sort_pytorch.deep_sort.sort,nn_matching,,_nn_cosine_distance,5,1,2
ZQPei_deep_sort_pytorch.deep_sort.sort,preprocessing,,non_max_suppression,35,3,3
ZQPei_deep_sort_pytorch.deep_sort.sort,track,Track,__init__,15,2,8
ZQPei_deep_sort_pytorch.deep_sort.sort,track,Track,to_tlwh,7,1,0
ZQPei_deep_sort_pytorch.deep_sort.sort,track,Track,to_tlbr,6,1,0
ZQPei_deep_sort_pytorch.deep_sort.sort,track,Track,predict,6,1,1
ZQPei_deep_sort_pytorch.deep_sort.sort,track,Track,update,11,3,2
ZQPei_deep_sort_pytorch.deep_sort.sort,track,Track,mark_missed,5,3,0
ZQPei_deep_sort_pytorch.deep_sort.sort,track,Track,is_tentative,2,1,0
ZQPei_deep_sort_pytorch.deep_sort.sort,track,Track,is_confirmed,2,1,0
ZQPei_deep_sort_pytorch.deep_sort.sort,track,Track,is_deleted,2,1,0
ZQPei_deep_sort_pytorch.deep_sort.sort,tracker,Tracker,__init__,8,1,4
ZQPei_deep_sort_pytorch.deep_sort.sort,tracker,Tracker,predict,4,2,0
ZQPei_deep_sort_pytorch.deep_sort.sort,tracker,Tracker,update,23,6,1
ZQPei_deep_sort_pytorch.deep_sort.sort,tracker,Tracker,_match,31,0,1
ZQPei_deep_sort_pytorch.deep_sort.sort,tracker,Tracker,_initiate_track,6,1,1
ZQPei_deep_sort_pytorch.detector,__init__,,build_detector,16,2,3
ZQPei_deep_sort_pytorch.detector.MMDet,detector,MMDet,__init__,10,1,5
ZQPei_deep_sort_pytorch.detector.MMDet,detector,MMDet,__call__,22,2,1
ZQPei_deep_sort_pytorch.detector.MMDet,mmdet_utils,,xyxy_to_xywh,10,3,1
ZQPei_deep_sort_pytorch.detector.Mask_RCNN,draw_box_utils,,draw_text,27,4,8
ZQPei_deep_sort_pytorch.detector.Mask_RCNN,draw_box_utils,,draw_masks,8,2,5
ZQPei_deep_sort_pytorch.detector.Mask_RCNN,draw_box_utils,,draw_objs,27,6,13
ZQPei_deep_sort_pytorch.detector.Mask_RCNN,maskrcnn,Mask_RCNN,__init__,17,1,5
ZQPei_deep_sort_pytorch.detector.Mask_RCNN,maskrcnn,Mask_RCNN,__call__,18,2,1
ZQPei_deep_sort_pytorch.detector.Mask_RCNN,maskrcnn,,create_model,7,1,2
ZQPei_deep_sort_pytorch.detector.Mask_RCNN,maskrcnn,,xyxy_to_xywh,10,3,1
ZQPei_deep_sort_pytorch.detector.Mask_RCNN,maskrcnn,,xywh_to_xyxy,10,3,1
ZQPei_deep_sort_pytorch.detector.Mask_RCNN.backbone,feature_pyramid_network,IntermediateLayerGetter,__init__,14,5,2
ZQPei_deep_sort_pytorch.detector.Mask_RCNN.backbone,feature_pyramid_network,IntermediateLayerGetter,forward,8,3,1
ZQPei_deep_sort_pytorch.detector.Mask_RCNN.backbone,feature_pyramid_network,BackboneWithFPN,__init__,15,3,6
ZQPei_deep_sort_pytorch.detector.Mask_RCNN.backbone,feature_pyramid_network,BackboneWithFPN,forward,4,1,1
ZQPei_deep_sort_pytorch.detector.Mask_RCNN.backbone,feature_pyramid_network,FeaturePyramidNetwork,__init__,16,5,3
ZQPei_deep_sort_pytorch.detector.Mask_RCNN.backbone,feature_pyramid_network,FeaturePyramidNetwork,get_result_from_inner_blocks,13,4,2
ZQPei_deep_sort_pytorch.detector.Mask_RCNN.backbone,feature_pyramid_network,FeaturePyramidNetwork,get_result_from_layer_blocks,13,4,2
ZQPei_deep_sort_pytorch.detector.Mask_RCNN.backbone,feature_pyramid_network,FeaturePyramidNetwork,forward,18,3,1
ZQPei_deep_sort_pytorch.detector.Mask_RCNN.backbone,feature_pyramid_network,LastLevelMaxPool,forward,4,1,3
ZQPei_deep_sort_pytorch.detector.Mask_RCNN.backbone,resnet50_fpn_model,Bottleneck,__init__,15,2,5
ZQPei_deep_sort_pytorch.detector.Mask_RCNN.backbone,resnet50_fpn_model,Bottleneck,forward,15,2,1
ZQPei_deep_sort_pytorch.detector.Mask_RCNN.backbone,resnet50_fpn_model,ResNet,__init__,22,5,5
ZQPei_deep_sort_pytorch.detector.Mask_RCNN.backbone,resnet50_fpn_model,ResNet,_make_layer,14,4,4
ZQPei_deep_sort_pytorch.detector.Mask_RCNN.backbone,resnet50_fpn_model,ResNet,forward,14,2,1
ZQPei_deep_sort_pytorch.detector.Mask_RCNN.backbone,resnet50_fpn_model,,overwrite_eps,6,3,2
ZQPei_deep_sort_pytorch.detector.Mask_RCNN.backbone,resnet50_fpn_model,,resnet50_fpn_backbone,31,9,5
ZQPei_deep_sort_pytorch.detector.Mask_RCNN.network_files,boxes,,nms,4,1,3
ZQPei_deep_sort_pytorch.detector.Mask_RCNN.network_files,boxes,,batched_nms,10,1,4
ZQPei_deep_sort_pytorch.detector.Mask_RCNN.network_files,boxes,,remove_small_boxes,7,1,2
ZQPei_deep_sort_pytorch.detector.Mask_RCNN.network_files,boxes,,clip_boxes_to_image,17,2,2
ZQPei_deep_sort_pytorch.detector.Mask_RCNN.network_files,boxes,,box_area,4,1,1
ZQPei_deep_sort_pytorch.detector.Mask_RCNN.network_files,boxes,,box_iou,11,1,2
ZQPei_deep_sort_pytorch.detector.Mask_RCNN.network_files,det_utils,BalancedPositiveNegativeSampler,__init__,5,1,2
ZQPei_deep_sort_pytorch.detector.Mask_RCNN.network_files,det_utils,BalancedPositiveNegativeSampler,__call__,47,2,1
ZQPei_deep_sort_pytorch.detector.Mask_RCNN.network_files,det_utils,BoxCoder,__init__,5,1,2
ZQPei_deep_sort_pytorch.detector.Mask_RCNN.network_files,det_utils,BoxCoder,encode,9,1,2
ZQPei_deep_sort_pytorch.detector.Mask_RCNN.network_files,det_utils,BoxCoder,encode_single,8,1,2
ZQPei_deep_sort_pytorch.detector.Mask_RCNN.network_files,det_utils,BoxCoder,decode,18,3,2
ZQPei_deep_sort_pytorch.detector.Mask_RCNN.network_files,det_utils,BoxCoder,decode_single,25,1,2
ZQPei_deep_sort_pytorch.detector.Mask_RCNN.network_files,det_utils,Matcher,__init__,9,1,3
ZQPei_deep_sort_pytorch.detector.Mask_RCNN.network_files,det_utils,Matcher,__call__,28,5,1
ZQPei_deep_sort_pytorch.detector.Mask_RCNN.network_files,det_utils,Matcher,set_low_quality_matches_,9,1,3
ZQPei_deep_sort_pytorch.detector.Mask_RCNN.network_files,det_utils,,encode_boxes,29,1,3
ZQPei_deep_sort_pytorch.detector.Mask_RCNN.network_files,det_utils,,smooth_l1_loss,9,1,4
ZQPei_deep_sort_pytorch.detector.Mask_RCNN.network_files,faster_rcnn_framework,FasterRCNNBase,__init__,7,1,4
ZQPei_deep_sort_pytorch.detector.Mask_RCNN.network_files,faster_rcnn_framework,FasterRCNNBase,eager_outputs,4,1,2
ZQPei_deep_sort_pytorch.detector.Mask_RCNN.network_files,faster_rcnn_framework,FasterRCNNBase,forward,40,11,2
ZQPei_deep_sort_pytorch.detector.Mask_RCNN.network_files,faster_rcnn_framework,TwoMLPHead,__init__,4,1,2
ZQPei_deep_sort_pytorch.detector.Mask_RCNN.network_files,faster_rcnn_framework,TwoMLPHead,forward,5,1,1
ZQPei_deep_sort_pytorch.detector.Mask_RCNN.network_files,faster_rcnn_framework,FastRCNNPredictor,__init__,4,1,2
ZQPei_deep_sort_pytorch.detector.Mask_RCNN.network_files,faster_rcnn_framework,FastRCNNPredictor,forward,7,2,1
ZQPei_deep_sort_pytorch.detector.Mask_RCNN.network_files,faster_rcnn_framework,FasterRCNN,__init__,65,12,29
ZQPei_deep_sort_pytorch.detector.Mask_RCNN.network_files,image_list,ImageList,__init__,5,1,2
ZQPei_deep_sort_pytorch.detector.Mask_RCNN.network_files,image_list,ImageList,to,3,1,1
ZQPei_deep_sort_pytorch.detector.Mask_RCNN.network_files,mask_rcnn,MaskRCNN,__init__,56,7,32
ZQPei_deep_sort_pytorch.detector.Mask_RCNN.network_files,mask_rcnn,MaskRCNNHeads,__init__,18,4,3
ZQPei_deep_sort_pytorch.detector.Mask_RCNN.network_files,mask_rcnn,MaskRCNNPredictor,__init__,9,3,3
ZQPei_deep_sort_pytorch.detector.Mask_RCNN.network_files,roi_head,RoIHeads,__init__,22,2,14
ZQPei_deep_sort_pytorch.detector.Mask_RCNN.network_files,roi_head,RoIHeads,has_mask,8,1,0
ZQPei_deep_sort_pytorch.detector.Mask_RCNN.network_files,roi_head,RoIHeads,assign_targets_to_proposals,45,3,3
ZQPei_deep_sort_pytorch.detector.Mask_RCNN.network_files,roi_head,RoIHeads,subsample,9,2,1
ZQPei_deep_sort_pytorch.detector.Mask_RCNN.network_files,roi_head,RoIHeads,add_gt_proposals,9,1,2
ZQPei_deep_sort_pytorch.detector.Mask_RCNN.network_files,roi_head,RoIHeads,check_targets,4,1,1
ZQPei_deep_sort_pytorch.detector.Mask_RCNN.network_files,roi_head,RoIHeads,select_training_samples,33,4,2
ZQPei_deep_sort_pytorch.detector.Mask_RCNN.network_files,roi_head,RoIHeads,postprocess_detections,58,2,4
ZQPei_deep_sort_pytorch.detector.Mask_RCNN.network_files,roi_head,RoIHeads,forward,78,15,4
ZQPei_deep_sort_pytorch.detector.Mask_RCNN.network_files,roi_head,,fastrcnn_loss,18,1,4
ZQPei_deep_sort_pytorch.detector.Mask_RCNN.network_files,roi_head,,maskrcnn_inference,11,1,2
ZQPei_deep_sort_pytorch.detector.Mask_RCNN.network_files,roi_head,,project_masks_on_boxes,7,1,4
ZQPei_deep_sort_pytorch.detector.Mask_RCNN.network_files,roi_head,,maskrcnn_loss,17,1,5
ZQPei_deep_sort_pytorch.detector.Mask_RCNN.network_files,rpn_function,AnchorsGenerator,__init__,12,3,2
ZQPei_deep_sort_pytorch.detector.Mask_RCNN.network_files,rpn_function,AnchorsGenerator,generate_anchors,11,1,4
ZQPei_deep_sort_pytorch.detector.Mask_RCNN.network_files,rpn_function,AnchorsGenerator,set_cell_anchors,13,3,2
ZQPei_deep_sort_pytorch.detector.Mask_RCNN.network_files,rpn_function,AnchorsGenerator,num_anchors_per_location,2,1,0
ZQPei_deep_sort_pytorch.detector.Mask_RCNN.network_files,rpn_function,AnchorsGenerator,grid_anchors,34,2,2
ZQPei_deep_sort_pytorch.detector.Mask_RCNN.network_files,rpn_function,AnchorsGenerator,cached_grid_anchors,7,1,2
ZQPei_deep_sort_pytorch.detector.Mask_RCNN.network_files,rpn_function,AnchorsGenerator,forward,18,3,2
ZQPei_deep_sort_pytorch.detector.Mask_RCNN.network_files,rpn_function,RPNHead,__init__,9,3,2
ZQPei_deep_sort_pytorch.detector.Mask_RCNN.network_files,rpn_function,RPNHead,forward,8,2,1
ZQPei_deep_sort_pytorch.detector.Mask_RCNN.network_files,rpn_function,RegionProposalNetwork,__init__,19,1,10
ZQPei_deep_sort_pytorch.detector.Mask_RCNN.network_files,rpn_function,RegionProposalNetwork,pre_nms_top_n,4,1,0
ZQPei_deep_sort_pytorch.detector.Mask_RCNN.network_files,rpn_function,RegionProposalNetwork,post_nms_top_n,4,1,0
ZQPei_deep_sort_pytorch.detector.Mask_RCNN.network_files,rpn_function,RegionProposalNetwork,assign_targets_to_anchors,37,3,2
ZQPei_deep_sort_pytorch.detector.Mask_RCNN.network_files,rpn_function,RegionProposalNetwork,_get_top_n_idx,18,3,2
ZQPei_deep_sort_pytorch.detector.Mask_RCNN.network_files,rpn_function,RegionProposalNetwork,filter_proposals,44,2,4
ZQPei_deep_sort_pytorch.detector.Mask_RCNN.network_files,rpn_function,RegionProposalNetwork,compute_loss,20,1,4
ZQPei_deep_sort_pytorch.detector.Mask_RCNN.network_files,rpn_function,RegionProposalNetwork,forward,29,2,3
ZQPei_deep_sort_pytorch.detector.Mask_RCNN.network_files,rpn_function,,_onnx_get_num_anchors_and_pre_nms_top_n,7,1,2
ZQPei_deep_sort_pytorch.detector.Mask_RCNN.network_files,rpn_function,,permute_and_flatten,7,1,6
ZQPei_deep_sort_pytorch.detector.Mask_RCNN.network_files,rpn_function,,concat_box_prediction_layers,27,2,2
ZQPei_deep_sort_pytorch.detector.Mask_RCNN.network_files,transform,GeneralizedRCNNTransform,__init__,10,2,6
ZQPei_deep_sort_pytorch.detector.Mask_RCNN.network_files,transform,GeneralizedRCNNTransform,normalize,5,1,1
ZQPei_deep_sort_pytorch.detector.Mask_RCNN.network_files,transform,GeneralizedRCNNTransform,torch_choice,5,1,1
ZQPei_deep_sort_pytorch.detector.Mask_RCNN.network_files,transform,GeneralizedRCNNTransform,resize,16,2,2
ZQPei_deep_sort_pytorch.detector.Mask_RCNN.network_files,transform,GeneralizedRCNNTransform,_onnx_batch_images,15,3,2
ZQPei_deep_sort_pytorch.detector.Mask_RCNN.network_files,transform,GeneralizedRCNNTransform,max_by_axis,6,3,1
ZQPei_deep_sort_pytorch.detector.Mask_RCNN.network_files,transform,GeneralizedRCNNTransform,batch_images,19,2,2
ZQPei_deep_sort_pytorch.detector.Mask_RCNN.network_files,transform,GeneralizedRCNNTransform,postprocess,16,3,3
ZQPei_deep_sort_pytorch.detector.Mask_RCNN.network_files,transform,GeneralizedRCNNTransform,__repr__,8,1,0
ZQPei_deep_sort_pytorch.detector.Mask_RCNN.network_files,transform,GeneralizedRCNNTransform,forward,22,6,2
ZQPei_deep_sort_pytorch.detector.Mask_RCNN.network_files,transform,,_onnx_paste_mask_in_image,22,1,4
ZQPei_deep_sort_pytorch.detector.Mask_RCNN.network_files,transform,,_onnx_paste_mask_in_image_loop,7,2,4
ZQPei_deep_sort_pytorch.detector.Mask_RCNN.network_files,transform,,_get_shape_onnx,3,1,1
ZQPei_deep_sort_pytorch.detector.Mask_RCNN.network_files,transform,,_fake_cast_onnx,2,1,1
ZQPei_deep_sort_pytorch.detector.Mask_RCNN.network_files,transform,,_resize_image_and_masks,36,5,5
ZQPei_deep_sort_pytorch.detector.Mask_RCNN.network_files,transform,,_onnx_expand_boxes,13,1,2
ZQPei_deep_sort_pytorch.detector.Mask_RCNN.network_files,transform,,expand_boxes,15,1,2
ZQPei_deep_sort_pytorch.detector.Mask_RCNN.network_files,transform,,expand_masks_tracing_scale,2,1,2
ZQPei_deep_sort_pytorch.detector.Mask_RCNN.network_files,transform,,expand_masks,8,2,2
ZQPei_deep_sort_pytorch.detector.Mask_RCNN.network_files,transform,,paste_mask_in_image,16,1,4
ZQPei_deep_sort_pytorch.detector.Mask_RCNN.network_files,transform,,paste_masks_in_image,14,2,4
ZQPei_deep_sort_pytorch.detector.Mask_RCNN.network_files,transform,,resize_boxes,15,1,3
ZQPei_deep_sort_pytorch.detector.Mask_RCNN.train_utils,coco_eval,EvalCOCOMetric,__init__,10,1,4
ZQPei_deep_sort_pytorch.detector.Mask_RCNN.train_utils,coco_eval,EvalCOCOMetric,prepare_for_coco_detection,35,6,2
ZQPei_deep_sort_pytorch.detector.Mask_RCNN.train_utils,coco_eval,EvalCOCOMetric,prepare_for_coco_segmentation,33,6,2
ZQPei_deep_sort_pytorch.detector.Mask_RCNN.train_utils,coco_eval,EvalCOCOMetric,update,7,3,2
ZQPei_deep_sort_pytorch.detector.Mask_RCNN.train_utils,coco_eval,EvalCOCOMetric,synchronize_results,10,2,0
ZQPei_deep_sort_pytorch.detector.Mask_RCNN.train_utils,coco_eval,EvalCOCOMetric,evaluate,17,1,0
ZQPei_deep_sort_pytorch.detector.Mask_RCNN.train_utils,coco_eval,,merge,13,3,2
ZQPei_deep_sort_pytorch.detector.Mask_RCNN.train_utils,coco_utils,,coco_remove_images_without_annotations,22,1,2
ZQPei_deep_sort_pytorch.detector.Mask_RCNN.train_utils,coco_utils,,convert_coco_poly_mask,16,4,3
ZQPei_deep_sort_pytorch.detector.Mask_RCNN.train_utils,coco_utils,,convert_to_coco_api,40,5,0
ZQPei_deep_sort_pytorch.detector.Mask_RCNN.train_utils,distributed_utils,SmoothedValue,__init__,7,2,2
ZQPei_deep_sort_pytorch.detector.Mask_RCNN.train_utils,distributed_utils,SmoothedValue,update,4,1,2
ZQPei_deep_sort_pytorch.detector.Mask_RCNN.train_utils,distributed_utils,SmoothedValue,synchronize_between_processes,11,2,0
ZQPei_deep_sort_pytorch.detector.Mask_RCNN.train_utils,distributed_utils,SmoothedValue,median,3,1,0
ZQPei_deep_sort_pytorch.detector.Mask_RCNN.train_utils,distributed_utils,SmoothedValue,avg,3,1,0
ZQPei_deep_sort_pytorch.detector.Mask_RCNN.train_utils,distributed_utils,SmoothedValue,global_avg,2,1,0
ZQPei_deep_sort_pytorch.detector.Mask_RCNN.train_utils,distributed_utils,SmoothedValue,max,2,1,0
ZQPei_deep_sort_pytorch.detector.Mask_RCNN.train_utils,distributed_utils,SmoothedValue,value,2,1,0
ZQPei_deep_sort_pytorch.detector.Mask_RCNN.train_utils,distributed_utils,SmoothedValue,__str__,7,1,0
ZQPei_deep_sort_pytorch.detector.Mask_RCNN.train_utils,distributed_utils,MetricLogger,__init__,3,1,1
ZQPei_deep_sort_pytorch.detector.Mask_RCNN.train_utils,distributed_utils,MetricLogger,update,6,3,0
ZQPei_deep_sort_pytorch.detector.Mask_RCNN.train_utils,distributed_utils,MetricLogger,__getattr__,7,2,1
ZQPei_deep_sort_pytorch.detector.Mask_RCNN.train_utils,distributed_utils,MetricLogger,__str__,7,2,0
ZQPei_deep_sort_pytorch.detector.Mask_RCNN.train_utils,distributed_utils,MetricLogger,synchronize_between_processes,3,2,0
ZQPei_deep_sort_pytorch.detector.Mask_RCNN.train_utils,distributed_utils,MetricLogger,add_meter,2,1,2
ZQPei_deep_sort_pytorch.detector.Mask_RCNN.train_utils,distributed_utils,MetricLogger,log_every,53,7,3
ZQPei_deep_sort_pytorch.detector.Mask_RCNN.train_utils,distributed_utils,,all_gather,9,1,1
ZQPei_deep_sort_pytorch.detector.Mask_RCNN.train_utils,distributed_utils,,reduce_dict,20,3,2
ZQPei_deep_sort_pytorch.detector.Mask_RCNN.train_utils,distributed_utils,,warmup_lr_scheduler,9,0,3
ZQPei_deep_sort_pytorch.detector.Mask_RCNN.train_utils,distributed_utils,,mkdir,6,3,1
ZQPei_deep_sort_pytorch.detector.Mask_RCNN.train_utils,distributed_utils,,setup_for_distributed,10,3,1
ZQPei_deep_sort_pytorch.detector.Mask_RCNN.train_utils,distributed_utils,,is_dist_avail_and_initialized,6,1,0
ZQPei_deep_sort_pytorch.detector.Mask_RCNN.train_utils,distributed_utils,,get_world_size,4,1,0
ZQPei_deep_sort_pytorch.detector.Mask_RCNN.train_utils,distributed_utils,,get_rank,4,1,0
ZQPei_deep_sort_pytorch.detector.Mask_RCNN.train_utils,distributed_utils,,is_main_process,2,1,0
ZQPei_deep_sort_pytorch.detector.Mask_RCNN.train_utils,distributed_utils,,save_on_master,3,2,0
ZQPei_deep_sort_pytorch.detector.Mask_RCNN.train_utils,distributed_utils,,init_distributed_mode,21,4,1
ZQPei_deep_sort_pytorch.detector.Mask_RCNN.train_utils,group_by_aspect_ratio,GroupedBatchSampler,__init__,9,2,3
ZQPei_deep_sort_pytorch.detector.Mask_RCNN.train_utils,group_by_aspect_ratio,GroupedBatchSampler,__iter__,29,6,0
ZQPei_deep_sort_pytorch.detector.Mask_RCNN.train_utils,group_by_aspect_ratio,GroupedBatchSampler,__len__,2,1,0
ZQPei_deep_sort_pytorch.detector.Mask_RCNN.train_utils,group_by_aspect_ratio,,_repeat_to_at_least,4,1,2
ZQPei_deep_sort_pytorch.detector.Mask_RCNN.train_utils,group_by_aspect_ratio,,_compute_aspect_ratios_slow,29,1,2
ZQPei_deep_sort_pytorch.detector.Mask_RCNN.train_utils,group_by_aspect_ratio,,_compute_aspect_ratios_custom_dataset,9,3,2
ZQPei_deep_sort_pytorch.detector.Mask_RCNN.train_utils,group_by_aspect_ratio,,_compute_aspect_ratios_coco_dataset,9,3,2
ZQPei_deep_sort_pytorch.detector.Mask_RCNN.train_utils,group_by_aspect_ratio,,_compute_aspect_ratios_voc_dataset,10,3,2
ZQPei_deep_sort_pytorch.detector.Mask_RCNN.train_utils,group_by_aspect_ratio,,_compute_aspect_ratios_subset_dataset,5,2,2
ZQPei_deep_sort_pytorch.detector.Mask_RCNN.train_utils,group_by_aspect_ratio,,compute_aspect_ratios,10,1,2
ZQPei_deep_sort_pytorch.detector.Mask_RCNN.train_utils,group_by_aspect_ratio,,_quantize,5,1,2
ZQPei_deep_sort_pytorch.detector.Mask_RCNN.train_utils,group_by_aspect_ratio,,create_aspect_ratio_groups,9,1,2
ZQPei_deep_sort_pytorch.detector.Mask_RCNN.train_utils,train_eval_utils,,train_one_epoch,51,7,8
ZQPei_deep_sort_pytorch.detector.Mask_RCNN.train_utils,train_eval_utils,,evaluate,34,4,3
ZQPei_deep_sort_pytorch.detector.YOLOv3,cfg,,parse_cfg,30,9,1
ZQPei_deep_sort_pytorch.detector.YOLOv3,cfg,,print_cfg,134,16,1
ZQPei_deep_sort_pytorch.detector.YOLOv3,cfg,,load_conv,8,1,3
ZQPei_deep_sort_pytorch.detector.YOLOv3,cfg,,save_conv,7,2,2
ZQPei_deep_sort_pytorch.detector.YOLOv3,cfg,,load_conv_bn,14,1,4
ZQPei_deep_sort_pytorch.detector.YOLOv3,cfg,,save_conv_bn,13,2,3
ZQPei_deep_sort_pytorch.detector.YOLOv3,cfg,,load_fc,8,1,3
ZQPei_deep_sort_pytorch.detector.YOLOv3,cfg,,save_fc,3,1,2
ZQPei_deep_sort_pytorch.detector.YOLOv3,darknet,MaxPoolStride1,__init__,2,1,0
ZQPei_deep_sort_pytorch.detector.YOLOv3,darknet,MaxPoolStride1,forward,3,1,1
ZQPei_deep_sort_pytorch.detector.YOLOv3,darknet,Upsample,__init__,3,1,1
ZQPei_deep_sort_pytorch.detector.YOLOv3,darknet,Upsample,forward,11,1,1
ZQPei_deep_sort_pytorch.detector.YOLOv3,darknet,Reorg,__init__,3,1,1
ZQPei_deep_sort_pytorch.detector.YOLOv3,darknet,Reorg,forward,16,1,1
ZQPei_deep_sort_pytorch.detector.YOLOv3,darknet,GlobalAvgPool2d,__init__,2,1,0
ZQPei_deep_sort_pytorch.detector.YOLOv3,darknet,GlobalAvgPool2d,forward,8,1,1
ZQPei_deep_sort_pytorch.detector.YOLOv3,darknet,EmptyModule,__init__,2,1,0
ZQPei_deep_sort_pytorch.detector.YOLOv3,darknet,EmptyModule,forward,2,1,1
ZQPei_deep_sort_pytorch.detector.YOLOv3,darknet,Darknet,getLossLayers,6,4,0
ZQPei_deep_sort_pytorch.detector.YOLOv3,darknet,Darknet,__init__,14,2,2
ZQPei_deep_sort_pytorch.detector.YOLOv3,darknet,Darknet,forward,46,12,1
ZQPei_deep_sort_pytorch.detector.YOLOv3,darknet,Darknet,print_network,2,1,0
ZQPei_deep_sort_pytorch.detector.YOLOv3,darknet,Darknet,create_network,164,28,1
ZQPei_deep_sort_pytorch.detector.YOLOv3,darknet,Darknet,load_binfile,13,3,1
ZQPei_deep_sort_pytorch.detector.YOLOv3,darknet,Darknet,load_weights,45,18,1
ZQPei_deep_sort_pytorch.detector.YOLOv3,darknet,Darknet,save_weights,52,18,2
ZQPei_deep_sort_pytorch.detector.YOLOv3,detect,,detect,28,3,3
ZQPei_deep_sort_pytorch.detector.YOLOv3,detect,,detect_cv2,26,6,3
ZQPei_deep_sort_pytorch.detector.YOLOv3,detect,,detect_skimage,26,6,3
ZQPei_deep_sort_pytorch.detector.YOLOv3,detector,YOLOv3,__init__,16,1,8
ZQPei_deep_sort_pytorch.detector.YOLOv3,detector,YOLOv3,__call__,29,3,1
ZQPei_deep_sort_pytorch.detector.YOLOv3,detector,YOLOv3,load_class_names,4,1,1
ZQPei_deep_sort_pytorch.detector.YOLOv3,detector,,demo,19,3,0
ZQPei_deep_sort_pytorch.detector.YOLOv3,region_layer,RegionLayer,__init__,15,2,4
ZQPei_deep_sort_pytorch.detector.YOLOv3,region_layer,RegionLayer,build_targets,72,10,4
ZQPei_deep_sort_pytorch.detector.YOLOv3,region_layer,RegionLayer,get_mask_boxes,6,2,1
ZQPei_deep_sort_pytorch.detector.YOLOv3,region_layer,RegionLayer,forward,61,4,2
ZQPei_deep_sort_pytorch.detector.YOLOv3,yolo_layer,YoloLayer,__init__,17,2,5
ZQPei_deep_sort_pytorch.detector.YOLOv3,yolo_layer,YoloLayer,get_mask_boxes,8,2,1
ZQPei_deep_sort_pytorch.detector.YOLOv3,yolo_layer,YoloLayer,build_targets,62,8,6
ZQPei_deep_sort_pytorch.detector.YOLOv3,yolo_layer,YoloLayer,forward,63,3,2
ZQPei_deep_sort_pytorch.detector.YOLOv3,yolo_utils,,sigmoid,2,1,1
ZQPei_deep_sort_pytorch.detector.YOLOv3,yolo_utils,,softmax,4,1,1
ZQPei_deep_sort_pytorch.detector.YOLOv3,yolo_utils,,bbox_iou,27,3,3
ZQPei_deep_sort_pytorch.detector.YOLOv3,yolo_utils,,multi_bbox_ious,26,2,3
ZQPei_deep_sort_pytorch.detector.YOLOv3,yolo_utils,,post_process,17,3,5
ZQPei_deep_sort_pytorch.detector.YOLOv3,yolo_utils,,xywh_to_xyxy,7,1,1
ZQPei_deep_sort_pytorch.detector.YOLOv3,yolo_utils,,xyxy_to_xywh,10,3,1
ZQPei_deep_sort_pytorch.detector.YOLOv3,yolo_utils,,nms,18,6,2
ZQPei_deep_sort_pytorch.detector.YOLOv3,yolo_utils,,convert2cpu,2,1,1
ZQPei_deep_sort_pytorch.detector.YOLOv3,yolo_utils,,convert2cpu_long,2,1,1
ZQPei_deep_sort_pytorch.detector.YOLOv3,yolo_utils,,get_all_boxes,10,2,6
ZQPei_deep_sort_pytorch.detector.YOLOv3,yolo_utils,,get_region_boxes,37,2,8
ZQPei_deep_sort_pytorch.detector.YOLOv3,yolo_utils,,plot_boxes_cv2,40,6,5
ZQPei_deep_sort_pytorch.detector.YOLOv3,yolo_utils,,plot_boxes,37,4,4
ZQPei_deep_sort_pytorch.detector.YOLOv3,yolo_utils,,read_truths,9,1,1
ZQPei_deep_sort_pytorch.detector.YOLOv3,yolo_utils,,read_truths_args,8,3,2
ZQPei_deep_sort_pytorch.detector.YOLOv3,yolo_utils,,load_class_names,7,2,1
ZQPei_deep_sort_pytorch.detector.YOLOv3,yolo_utils,,image2torch,14,3,1
ZQPei_deep_sort_pytorch.detector.YOLOv3,yolo_utils,,do_detect,21,2,5
ZQPei_deep_sort_pytorch.detector.YOLOv3,yolo_utils,,read_data_cfg,15,3,1
ZQPei_deep_sort_pytorch.detector.YOLOv3,yolo_utils,,scale_bboxes,9,2,3
ZQPei_deep_sort_pytorch.detector.YOLOv3,yolo_utils,,file_lines,10,3,1
ZQPei_deep_sort_pytorch.detector.YOLOv3,yolo_utils,,get_image_size,34,6,1
ZQPei_deep_sort_pytorch.detector.YOLOv3,yolo_utils,,logging,2,1,1
ZQPei_deep_sort_pytorch.detector.YOLOv3.nms,nms,,boxes_nms,6,2,4
ZQPei_deep_sort_pytorch.detector.YOLOv3.nms,python_nms,,python_nms,45,6,3
ZQPei_deep_sort_pytorch.detector.YOLOv3.nms.ext,build,,get_extensions,31,3,0
ZQPei_deep_sort_pytorch.detector.YOLOv5,detector,YOLOv5,__init__,9,1,8
ZQPei_deep_sort_pytorch.detector.YOLOv5,detector,YOLOv5,__call__,27,4,3
ZQPei_deep_sort_pytorch.detector.YOLOv5,detector,,demo,13,2,0
ZQPei_deep_sort_pytorch.detector.YOLOv5,export,,export_formats,13,1,0
ZQPei_deep_sort_pytorch.detector.YOLOv5,export,,export_torchscript,17,3,5
ZQPei_deep_sort_pytorch.detector.YOLOv5,export,,export_onnx,41,4,8
ZQPei_deep_sort_pytorch.detector.YOLOv5,export,,export_openvino,15,2,4
ZQPei_deep_sort_pytorch.detector.YOLOv5,export,,export_coreml,17,1,4
ZQPei_deep_sort_pytorch.detector.YOLOv5,export,,export_engine,51,8,9
ZQPei_deep_sort_pytorch.detector.YOLOv5,export,,export_saved_model,39,2,12
ZQPei_deep_sort_pytorch.detector.YOLOv5,export,,export_pb,18,2,4
ZQPei_deep_sort_pytorch.detector.YOLOv5,export,,export_tflite,29,3,7
ZQPei_deep_sort_pytorch.detector.YOLOv5,export,,export_edgetpu,26,4,4
ZQPei_deep_sort_pytorch.detector.YOLOv5,export,,export_tfjs,34,2,4
ZQPei_deep_sort_pytorch.detector.YOLOv5,export,,run,70,29,22
ZQPei_deep_sort_pytorch.detector.YOLOv5,export,,parse_opt,29,1,0
ZQPei_deep_sort_pytorch.detector.YOLOv5,export,,main,3,2,1
ZQPei_deep_sort_pytorch.detector.YOLOv5,hubconf,,_create,37,8,7
ZQPei_deep_sort_pytorch.detector.YOLOv5,hubconf,,custom,2,1,4
ZQPei_deep_sort_pytorch.detector.YOLOv5,hubconf,,yolov5n,2,1,6
ZQPei_deep_sort_pytorch.detector.YOLOv5,hubconf,,yolov5s,2,1,6
ZQPei_deep_sort_pytorch.detector.YOLOv5,hubconf,,yolov5m,2,1,6
ZQPei_deep_sort_pytorch.detector.YOLOv5,hubconf,,yolov5l,2,1,6
ZQPei_deep_sort_pytorch.detector.YOLOv5,hubconf,,yolov5x,2,1,6
ZQPei_deep_sort_pytorch.detector.YOLOv5,hubconf,,yolov5n6,2,1,6
ZQPei_deep_sort_pytorch.detector.YOLOv5,hubconf,,yolov5s6,2,1,6
ZQPei_deep_sort_pytorch.detector.YOLOv5,hubconf,,yolov5m6,2,1,6
ZQPei_deep_sort_pytorch.detector.YOLOv5,hubconf,,yolov5l6,2,1,6
ZQPei_deep_sort_pytorch.detector.YOLOv5,hubconf,,yolov5x6,2,1,6
ZQPei_deep_sort_pytorch.detector.YOLOv5.models,common,Conv,__init__,5,1,7
ZQPei_deep_sort_pytorch.detector.YOLOv5.models,common,Conv,forward,2,1,1
ZQPei_deep_sort_pytorch.detector.YOLOv5.models,common,Conv,forward_fuse,2,1,1
ZQPei_deep_sort_pytorch.detector.YOLOv5.models,common,DWConv,__init__,2,1,5
ZQPei_deep_sort_pytorch.detector.YOLOv5.models,common,TransformerLayer,__init__,8,1,2
ZQPei_deep_sort_pytorch.detector.YOLOv5.models,common,TransformerLayer,forward,4,1,1
ZQPei_deep_sort_pytorch.detector.YOLOv5.models,common,TransformerBlock,__init__,8,2,4
ZQPei_deep_sort_pytorch.detector.YOLOv5.models,common,TransformerBlock,forward,6,2,1
ZQPei_deep_sort_pytorch.detector.YOLOv5.models,common,Bottleneck,__init__,6,2,5
ZQPei_deep_sort_pytorch.detector.YOLOv5.models,common,Bottleneck,forward,2,1,1
ZQPei_deep_sort_pytorch.detector.YOLOv5.models,common,BottleneckCSP,__init__,10,1,6
ZQPei_deep_sort_pytorch.detector.YOLOv5.models,common,BottleneckCSP,forward,4,1,1
ZQPei_deep_sort_pytorch.detector.YOLOv5.models,common,C3,__init__,7,1,6
ZQPei_deep_sort_pytorch.detector.YOLOv5.models,common,C3,forward,2,1,1
ZQPei_deep_sort_pytorch.detector.YOLOv5.models,common,C3TR,__init__,4,1,6
ZQPei_deep_sort_pytorch.detector.YOLOv5.models,common,C3SPP,__init__,4,1,7
ZQPei_deep_sort_pytorch.detector.YOLOv5.models,common,C3Ghost,__init__,4,1,6
ZQPei_deep_sort_pytorch.detector.YOLOv5.models,common,SPP,__init__,6,1,3
ZQPei_deep_sort_pytorch.detector.YOLOv5.models,common,SPP,forward,5,1,1
ZQPei_deep_sort_pytorch.detector.YOLOv5.models,common,SPPF,__init__,6,1,3
ZQPei_deep_sort_pytorch.detector.YOLOv5.models,common,SPPF,forward,7,1,1
ZQPei_deep_sort_pytorch.detector.YOLOv5.models,common,Focus,__init__,3,1,7
ZQPei_deep_sort_pytorch.detector.YOLOv5.models,common,Focus,forward,2,1,1
ZQPei_deep_sort_pytorch.detector.YOLOv5.models,common,GhostConv,__init__,5,1,6
ZQPei_deep_sort_pytorch.detector.YOLOv5.models,common,GhostConv,forward,3,1,1
ZQPei_deep_sort_pytorch.detector.YOLOv5.models,common,GhostBottleneck,__init__,8,1,4
ZQPei_deep_sort_pytorch.detector.YOLOv5.models,common,GhostBottleneck,forward,2,1,1
ZQPei_deep_sort_pytorch.detector.YOLOv5.models,common,Contract,__init__,3,1,1
ZQPei_deep_sort_pytorch.detector.YOLOv5.models,common,Contract,forward,6,1,1
ZQPei_deep_sort_pytorch.detector.YOLOv5.models,common,Expand,__init__,3,1,1
ZQPei_deep_sort_pytorch.detector.YOLOv5.models,common,Expand,forward,6,1,1
ZQPei_deep_sort_pytorch.detector.YOLOv5.models,common,Concat,__init__,3,1,1
ZQPei_deep_sort_pytorch.detector.YOLOv5.models,common,Concat,forward,2,1,1
ZQPei_deep_sort_pytorch.detector.YOLOv5.models,common,DetectMultiBackend,__init__,103,19,4
ZQPei_deep_sort_pytorch.detector.YOLOv5.models,common,DetectMultiBackend,forward,57,12,4
ZQPei_deep_sort_pytorch.detector.YOLOv5.models,common,DetectMultiBackend,warmup,5,5,2
ZQPei_deep_sort_pytorch.detector.YOLOv5.models,common,DetectMultiBackend,model_type,9,1,1
ZQPei_deep_sort_pytorch.detector.YOLOv5.models,common,AutoShape,__init__,7,2,1
ZQPei_deep_sort_pytorch.detector.YOLOv5.models,common,AutoShape,_apply,9,3,1
ZQPei_deep_sort_pytorch.detector.YOLOv5.models,common,AutoShape,forward,44,8,4
ZQPei_deep_sort_pytorch.detector.YOLOv5.models,common,Detections,__init__,16,1,6
ZQPei_deep_sort_pytorch.detector.YOLOv5.models,common,Detections,display,38,15,6
ZQPei_deep_sort_pytorch.detector.YOLOv5.models,common,Detections,print,4,1,0
ZQPei_deep_sort_pytorch.detector.YOLOv5.models,common,Detections,show,2,1,0
ZQPei_deep_sort_pytorch.detector.YOLOv5.models,common,Detections,save,3,1,1
ZQPei_deep_sort_pytorch.detector.YOLOv5.models,common,Detections,crop,3,1,2
ZQPei_deep_sort_pytorch.detector.YOLOv5.models,common,Detections,render,3,1,0
ZQPei_deep_sort_pytorch.detector.YOLOv5.models,common,Detections,pandas,8,2,0
ZQPei_deep_sort_pytorch.detector.YOLOv5.models,common,Detections,tolist,4,1,0
ZQPei_deep_sort_pytorch.detector.YOLOv5.models,common,Detections,__len__,2,1,0
ZQPei_deep_sort_pytorch.detector.YOLOv5.models,common,Classify,__init__,5,1,6
ZQPei_deep_sort_pytorch.detector.YOLOv5.models,common,Classify,forward,3,1,1
ZQPei_deep_sort_pytorch.detector.YOLOv5.models,common,,autopad,4,2,2
ZQPei_deep_sort_pytorch.detector.YOLOv5.models,experimental,CrossConv,__init__,6,2,7
ZQPei_deep_sort_pytorch.detector.YOLOv5.models,experimental,CrossConv,forward,2,1,1
ZQPei_deep_sort_pytorch.detector.YOLOv5.models,experimental,Sum,__init__,6,2,2
ZQPei_deep_sort_pytorch.detector.YOLOv5.models,experimental,Sum,forward,10,4,1
ZQPei_deep_sort_pytorch.detector.YOLOv5.models,experimental,MixConv2d,__init__,17,2,5
ZQPei_deep_sort_pytorch.detector.YOLOv5.models,experimental,MixConv2d,forward,2,1,1
ZQPei_deep_sort_pytorch.detector.YOLOv5.models,experimental,Ensemble,__init__,2,1,0
ZQPei_deep_sort_pytorch.detector.YOLOv5.models,experimental,Ensemble,forward,6,2,4
ZQPei_deep_sort_pytorch.detector.YOLOv5.models,experimental,,attempt_load,26,9,4
ZQPei_deep_sort_pytorch.detector.YOLOv5.models,tf,TFBN,__init__,8,1,1
ZQPei_deep_sort_pytorch.detector.YOLOv5.models,tf,TFBN,call,2,1,1
ZQPei_deep_sort_pytorch.detector.YOLOv5.models,tf,TFPad,__init__,3,1,1
ZQPei_deep_sort_pytorch.detector.YOLOv5.models,tf,TFPad,call,2,1,1
ZQPei_deep_sort_pytorch.detector.YOLOv5.models,tf,TFConv,__init__,18,4,8
ZQPei_deep_sort_pytorch.detector.YOLOv5.models,tf,TFConv,call,2,1,1
ZQPei_deep_sort_pytorch.detector.YOLOv5.models,tf,TFFocus,__init__,3,1,8
ZQPei_deep_sort_pytorch.detector.YOLOv5.models,tf,TFFocus,call,5,1,1
ZQPei_deep_sort_pytorch.detector.YOLOv5.models,tf,TFBottleneck,__init__,6,2,6
ZQPei_deep_sort_pytorch.detector.YOLOv5.models,tf,TFBottleneck,call,2,1,1
ZQPei_deep_sort_pytorch.detector.YOLOv5.models,tf,TFConv2d,__init__,7,1,7
ZQPei_deep_sort_pytorch.detector.YOLOv5.models,tf,TFConv2d,call,2,1,1
ZQPei_deep_sort_pytorch.detector.YOLOv5.models,tf,TFBottleneckCSP,__init__,10,1,7
ZQPei_deep_sort_pytorch.detector.YOLOv5.models,tf,TFBottleneckCSP,call,4,1,1
ZQPei_deep_sort_pytorch.detector.YOLOv5.models,tf,TFC3,__init__,7,1,7
ZQPei_deep_sort_pytorch.detector.YOLOv5.models,tf,TFC3,call,2,1,1
ZQPei_deep_sort_pytorch.detector.YOLOv5.models,tf,TFSPP,__init__,6,1,4
ZQPei_deep_sort_pytorch.detector.YOLOv5.models,tf,TFSPP,call,3,1,1
ZQPei_deep_sort_pytorch.detector.YOLOv5.models,tf,TFSPPF,__init__,6,1,4
ZQPei_deep_sort_pytorch.detector.YOLOv5.models,tf,TFSPPF,call,5,1,1
ZQPei_deep_sort_pytorch.detector.YOLOv5.models,tf,TFDetect,__init__,17,2,5
ZQPei_deep_sort_pytorch.detector.YOLOv5.models,tf,TFDetect,call,19,3,1
ZQPei_deep_sort_pytorch.detector.YOLOv5.models,tf,TFDetect,_make_grid,3,1,2
ZQPei_deep_sort_pytorch.detector.YOLOv5.models,tf,TFUpsample,__init__,4,1,4
ZQPei_deep_sort_pytorch.detector.YOLOv5.models,tf,TFUpsample,call,2,1,1
ZQPei_deep_sort_pytorch.detector.YOLOv5.models,tf,TFConcat,__init__,4,1,2
ZQPei_deep_sort_pytorch.detector.YOLOv5.models,tf,TFConcat,call,2,1,1
ZQPei_deep_sort_pytorch.detector.YOLOv5.models,tf,TFModel,__init__,13,4,5
ZQPei_deep_sort_pytorch.detector.YOLOv5.models,tf,TFModel,predict,23,3,7
ZQPei_deep_sort_pytorch.detector.YOLOv5.models,tf,TFModel,_xywh2xyxy,3,1,1
ZQPei_deep_sort_pytorch.detector.YOLOv5.models,tf,AgnosticNMS,call,4,1,4
ZQPei_deep_sort_pytorch.detector.YOLOv5.models,tf,AgnosticNMS,_nms,20,1,4
ZQPei_deep_sort_pytorch.detector.YOLOv5.models,tf,,parse_model,49,10,4
ZQPei_deep_sort_pytorch.detector.YOLOv5.models,tf,,representative_dataset_gen,8,3,2
ZQPei_deep_sort_pytorch.detector.YOLOv5.models,tf,,run,12,1,4
ZQPei_deep_sort_pytorch.detector.YOLOv5.models,tf,,parse_opt,10,1,0
ZQPei_deep_sort_pytorch.detector.YOLOv5.models,tf,,main,2,1,1
ZQPei_deep_sort_pytorch.detector.YOLOv5.models,yolo,Detect,__init__,11,1,4
ZQPei_deep_sort_pytorch.detector.YOLOv5.models,yolo,Detect,forward,21,6,1
ZQPei_deep_sort_pytorch.detector.YOLOv5.models,yolo,Detect,_make_grid,10,2,3
ZQPei_deep_sort_pytorch.detector.YOLOv5.models,yolo,Model,__init__,31,6,4
ZQPei_deep_sort_pytorch.detector.YOLOv5.models,yolo,Model,forward,4,1,4
ZQPei_deep_sort_pytorch.detector.YOLOv5.models,yolo,Model,_forward_augment,13,2,1
ZQPei_deep_sort_pytorch.detector.YOLOv5.models,yolo,Model,_forward_once,12,5,3
ZQPei_deep_sort_pytorch.detector.YOLOv5.models,yolo,Model,_descale_pred,15,6,4
ZQPei_deep_sort_pytorch.detector.YOLOv5.models,yolo,Model,_clip_augmented,9,1,1
ZQPei_deep_sort_pytorch.detector.YOLOv5.models,yolo,Model,_profile_one_layer,12,4,3
ZQPei_deep_sort_pytorch.detector.YOLOv5.models,yolo,Model,_initialize_biases,7,2,1
ZQPei_deep_sort_pytorch.detector.YOLOv5.models,yolo,Model,_print_biases,6,2,0
ZQPei_deep_sort_pytorch.detector.YOLOv5.models,yolo,Model,fuse,9,4,0
ZQPei_deep_sort_pytorch.detector.YOLOv5.models,yolo,Model,info,2,1,2
ZQPei_deep_sort_pytorch.detector.YOLOv5.models,yolo,Model,_apply,9,3,1
ZQPei_deep_sort_pytorch.detector.YOLOv5.models,yolo,,parse_model,51,14,2
ZQPei_deep_sort_pytorch.detector.YOLOv5.utils,__init__,,notebook_init,24,3,1
ZQPei_deep_sort_pytorch.detector.YOLOv5.utils,activations,SiLU,forward,2,1,1
ZQPei_deep_sort_pytorch.detector.YOLOv5.utils,activations,Hardswish,forward,2,1,1
ZQPei_deep_sort_pytorch.detector.YOLOv5.utils,activations,Mish,forward,2,1,1
ZQPei_deep_sort_pytorch.detector.YOLOv5.utils,activations,MemoryEfficientMish,forward,2,1,1
ZQPei_deep_sort_pytorch.detector.YOLOv5.utils,activations,FReLU,__init__,4,1,2
ZQPei_deep_sort_pytorch.detector.YOLOv5.utils,activations,FReLU,forward,2,1,1
ZQPei_deep_sort_pytorch.detector.YOLOv5.utils,activations,AconC,__init__,5,1,1
ZQPei_deep_sort_pytorch.detector.YOLOv5.utils,activations,AconC,forward,3,1,1
ZQPei_deep_sort_pytorch.detector.YOLOv5.utils,activations,MetaAconC,__init__,7,1,4
ZQPei_deep_sort_pytorch.detector.YOLOv5.utils,activations,MetaAconC,forward,5,1,1
ZQPei_deep_sort_pytorch.detector.YOLOv5.utils,augmentations,Albumentations,__init__,21,3,0
ZQPei_deep_sort_pytorch.detector.YOLOv5.utils,augmentations,Albumentations,__call__,5,3,3
ZQPei_deep_sort_pytorch.detector.YOLOv5.utils,augmentations,,augment_hsv,13,3,4
ZQPei_deep_sort_pytorch.detector.YOLOv5.utils,augmentations,,hist_equalize,8,2,3
ZQPei_deep_sort_pytorch.detector.YOLOv5.utils,augmentations,,replicate,13,2,2
ZQPei_deep_sort_pytorch.detector.YOLOv5.utils,augmentations,,letterbox,24,6,7
ZQPei_deep_sort_pytorch.detector.YOLOv5.utils,augmentations,,random_perspective,60,7,9
ZQPei_deep_sort_pytorch.detector.YOLOv5.utils,augmentations,,copy_paste,20,5,4
ZQPei_deep_sort_pytorch.detector.YOLOv5.utils,augmentations,,cutout,23,5,3
ZQPei_deep_sort_pytorch.detector.YOLOv5.utils,augmentations,,mixup,5,1,4
ZQPei_deep_sort_pytorch.detector.YOLOv5.utils,augmentations,,box_candidates,5,1,6
ZQPei_deep_sort_pytorch.detector.YOLOv5.utils,autoanchor,,check_anchor_order,7,2,1
ZQPei_deep_sort_pytorch.detector.YOLOv5.utils,autoanchor,,check_anchors,32,4,4
ZQPei_deep_sort_pytorch.detector.YOLOv5.utils,autoanchor,,kmean_anchors,59,7,6
ZQPei_deep_sort_pytorch.detector.YOLOv5.utils,autobatch,,check_train_batch_size,3,1,2
ZQPei_deep_sort_pytorch.detector.YOLOv5.utils,autobatch,,autobatch,26,2,4
ZQPei_deep_sort_pytorch.detector.YOLOv5.utils,benchmarks,,run,21,3,4
ZQPei_deep_sort_pytorch.detector.YOLOv5.utils,benchmarks,,parse_opt,9,1,0
ZQPei_deep_sort_pytorch.detector.YOLOv5.utils,benchmarks,,main,2,1,1
ZQPei_deep_sort_pytorch.detector.YOLOv5.utils,callbacks,Callbacks,__init__,26,1,0
ZQPei_deep_sort_pytorch.detector.YOLOv5.utils,callbacks,Callbacks,register_action,6,1,3
ZQPei_deep_sort_pytorch.detector.YOLOv5.utils,callbacks,Callbacks,get_registered_actions,6,1,1
ZQPei_deep_sort_pytorch.detector.YOLOv5.utils,callbacks,Callbacks,run,6,2,1
ZQPei_deep_sort_pytorch.detector.YOLOv5.utils,datasets,InfiniteDataLoader,__init__,4,1,0
ZQPei_deep_sort_pytorch.detector.YOLOv5.utils,datasets,InfiniteDataLoader,__len__,2,1,0
ZQPei_deep_sort_pytorch.detector.YOLOv5.utils,datasets,InfiniteDataLoader,__iter__,3,2,0
ZQPei_deep_sort_pytorch.detector.YOLOv5.utils,datasets,_RepeatSampler,__init__,2,1,1
ZQPei_deep_sort_pytorch.detector.YOLOv5.utils,datasets,_RepeatSampler,__iter__,3,2,0
ZQPei_deep_sort_pytorch.detector.YOLOv5.utils,datasets,LoadImages,__init__,26,5,4
ZQPei_deep_sort_pytorch.detector.YOLOv5.utils,datasets,LoadImages,__iter__,3,1,0
ZQPei_deep_sort_pytorch.detector.YOLOv5.utils,datasets,LoadImages,__next__,31,5,0
ZQPei_deep_sort_pytorch.detector.YOLOv5.utils,datasets,LoadImages,new_video,4,1,1
ZQPei_deep_sort_pytorch.detector.YOLOv5.utils,datasets,LoadImages,__len__,2,1,0
ZQPei_deep_sort_pytorch.detector.YOLOv5.utils,datasets,LoadWebcam,__init__,6,1,3
ZQPei_deep_sort_pytorch.detector.YOLOv5.utils,datasets,LoadWebcam,__iter__,3,1,0
ZQPei_deep_sort_pytorch.detector.YOLOv5.utils,datasets,LoadWebcam,__next__,15,2,0
ZQPei_deep_sort_pytorch.detector.YOLOv5.utils,datasets,LoadWebcam,__len__,2,1,0
ZQPei_deep_sort_pytorch.detector.YOLOv5.utils,datasets,LoadStreams,__init__,38,8,4
ZQPei_deep_sort_pytorch.detector.YOLOv5.utils,datasets,LoadStreams,update,15,5,3
ZQPei_deep_sort_pytorch.detector.YOLOv5.utils,datasets,LoadStreams,__iter__,3,1,0
ZQPei_deep_sort_pytorch.detector.YOLOv5.utils,datasets,LoadStreams,__next__,11,4,0
ZQPei_deep_sort_pytorch.detector.YOLOv5.utils,datasets,LoadStreams,__len__,2,1,0
ZQPei_deep_sort_pytorch.detector.YOLOv5.utils,datasets,LoadImagesAndLabels,__init__,112,24,12
ZQPei_deep_sort_pytorch.detector.YOLOv5.utils,datasets,LoadImagesAndLabels,cache_labels,33,7,2
ZQPei_deep_sort_pytorch.detector.YOLOv5.utils,datasets,LoadImagesAndLabels,__len__,2,1,0
ZQPei_deep_sort_pytorch.detector.YOLOv5.utils,datasets,LoadImagesAndLabels,__getitem__,61,13,1
ZQPei_deep_sort_pytorch.detector.YOLOv5.utils,datasets,LoadImagesAndLabels,load_image,19,5,1
ZQPei_deep_sort_pytorch.detector.YOLOv5.utils,datasets,LoadImagesAndLabels,load_mosaic,48,8,1
ZQPei_deep_sort_pytorch.detector.YOLOv5.utils,datasets,LoadImagesAndLabels,load_mosaic9,63,13,1
ZQPei_deep_sort_pytorch.detector.YOLOv5.utils,datasets,LoadImagesAndLabels,collate_fn,5,2,1
ZQPei_deep_sort_pytorch.detector.YOLOv5.utils,datasets,LoadImagesAndLabels,collate_fn4,21,4,1
ZQPei_deep_sort_pytorch.detector.YOLOv5.utils,datasets,,get_hash,5,1,1
ZQPei_deep_sort_pytorch.detector.YOLOv5.utils,datasets,,exif_size,11,4,1
ZQPei_deep_sort_pytorch.detector.YOLOv5.utils,datasets,,exif_transpose,19,3,1
ZQPei_deep_sort_pytorch.detector.YOLOv5.utils,datasets,,create_dataloader,27,4,16
ZQPei_deep_sort_pytorch.detector.YOLOv5.utils,datasets,,img2label_paths,3,1,1
ZQPei_deep_sort_pytorch.detector.YOLOv5.utils,datasets,,create_folder,4,2,1
ZQPei_deep_sort_pytorch.detector.YOLOv5.utils,datasets,,flatten_recursive,5,2,1
ZQPei_deep_sort_pytorch.detector.YOLOv5.utils,datasets,,extract_boxes,31,6,1
ZQPei_deep_sort_pytorch.detector.YOLOv5.utils,datasets,,autosplit,14,4,3
ZQPei_deep_sort_pytorch.detector.YOLOv5.utils,datasets,,verify_image_label,49,8,1
ZQPei_deep_sort_pytorch.detector.YOLOv5.utils,datasets,,dataset_stats,84,12,5
ZQPei_deep_sort_pytorch.detector.YOLOv5.utils,downloads,,gsutil_getsize,3,1,1
ZQPei_deep_sort_pytorch.detector.YOLOv5.utils,downloads,,safe_download,16,7,5
ZQPei_deep_sort_pytorch.detector.YOLOv5.utils,downloads,,attempt_download,35,6,2
ZQPei_deep_sort_pytorch.detector.YOLOv5.utils,downloads,,gdrive_download,25,3,2
ZQPei_deep_sort_pytorch.detector.YOLOv5.utils,downloads,,get_token,6,2,1
ZQPei_deep_sort_pytorch.detector.YOLOv5.utils,general,Profile,__enter__,2,1,0
ZQPei_deep_sort_pytorch.detector.YOLOv5.utils,general,Profile,__exit__,2,1,3
ZQPei_deep_sort_pytorch.detector.YOLOv5.utils,general,Timeout,__init__,4,1,1
ZQPei_deep_sort_pytorch.detector.YOLOv5.utils,general,Timeout,_timeout_handler,2,1,2
ZQPei_deep_sort_pytorch.detector.YOLOv5.utils,general,Timeout,__enter__,3,1,0
ZQPei_deep_sort_pytorch.detector.YOLOv5.utils,general,Timeout,__exit__,4,3,3
ZQPei_deep_sort_pytorch.detector.YOLOv5.utils,general,WorkingDirectory,__init__,3,1,1
ZQPei_deep_sort_pytorch.detector.YOLOv5.utils,general,WorkingDirectory,__enter__,2,1,0
ZQPei_deep_sort_pytorch.detector.YOLOv5.utils,general,WorkingDirectory,__exit__,2,1,3
ZQPei_deep_sort_pytorch.detector.YOLOv5.utils,general,,is_kaggle,7,1,0
ZQPei_deep_sort_pytorch.detector.YOLOv5.utils,general,,is_writeable,12,1,2
ZQPei_deep_sort_pytorch.detector.YOLOv5.utils,general,,set_logging,7,4,2
ZQPei_deep_sort_pytorch.detector.YOLOv5.utils,general,,user_config_dir,10,2,2
ZQPei_deep_sort_pytorch.detector.YOLOv5.utils,general,,try_except,7,2,1
ZQPei_deep_sort_pytorch.detector.YOLOv5.utils,general,,methods,2,2,1
ZQPei_deep_sort_pytorch.detector.YOLOv5.utils,general,,print_args,2,1,2
ZQPei_deep_sort_pytorch.detector.YOLOv5.utils,general,,init_seeds,6,1,1
ZQPei_deep_sort_pytorch.detector.YOLOv5.utils,general,,intersect_dicts,2,2,3
ZQPei_deep_sort_pytorch.detector.YOLOv5.utils,general,,get_latest_run,3,1,1
ZQPei_deep_sort_pytorch.detector.YOLOv5.utils,general,,is_docker,2,1,0
ZQPei_deep_sort_pytorch.detector.YOLOv5.utils,general,,is_colab,6,1,0
ZQPei_deep_sort_pytorch.detector.YOLOv5.utils,general,,is_pip,2,1,0
ZQPei_deep_sort_pytorch.detector.YOLOv5.utils,general,,is_ascii,3,1,1
ZQPei_deep_sort_pytorch.detector.YOLOv5.utils,general,,is_chinese,2,1,1
ZQPei_deep_sort_pytorch.detector.YOLOv5.utils,general,,emojis,2,1,1
ZQPei_deep_sort_pytorch.detector.YOLOv5.utils,general,,file_size,8,1,1
ZQPei_deep_sort_pytorch.detector.YOLOv5.utils,general,,check_online,7,1,0
ZQPei_deep_sort_pytorch.detector.YOLOv5.utils,general,,check_git_status,15,2,0
ZQPei_deep_sort_pytorch.detector.YOLOv5.utils,general,,check_python,2,1,1
ZQPei_deep_sort_pytorch.detector.YOLOv5.utils,general,,check_version,9,4,6
ZQPei_deep_sort_pytorch.detector.YOLOv5.utils,general,,check_requirements,31,7,3
ZQPei_deep_sort_pytorch.detector.YOLOv5.utils,general,,check_img_size,8,3,3
ZQPei_deep_sort_pytorch.detector.YOLOv5.utils,general,,check_imshow,12,1,0
ZQPei_deep_sort_pytorch.detector.YOLOv5.utils,general,,check_suffix,8,6,3
ZQPei_deep_sort_pytorch.detector.YOLOv5.utils,general,,check_yaml,2,1,2
ZQPei_deep_sort_pytorch.detector.YOLOv5.utils,general,,check_file,22,5,2
ZQPei_deep_sort_pytorch.detector.YOLOv5.utils,general,,check_font,6,3,1
ZQPei_deep_sort_pytorch.detector.YOLOv5.utils,general,,check_dataset,42,16,2
ZQPei_deep_sort_pytorch.detector.YOLOv5.utils,general,,url2file,4,1,1
ZQPei_deep_sort_pytorch.detector.YOLOv5.utils,general,,download,30,11,6
ZQPei_deep_sort_pytorch.detector.YOLOv5.utils,general,,make_divisible,4,2,2
ZQPei_deep_sort_pytorch.detector.YOLOv5.utils,general,,clean_str,2,1,1
ZQPei_deep_sort_pytorch.detector.YOLOv5.utils,general,,one_cycle,2,1,3
ZQPei_deep_sort_pytorch.detector.YOLOv5.utils,general,,colorstr,22,1,0
ZQPei_deep_sort_pytorch.detector.YOLOv5.utils,general,,labels_to_class_weights,10,1,2
ZQPei_deep_sort_pytorch.detector.YOLOv5.utils,general,,labels_to_image_weights,4,1,3
ZQPei_deep_sort_pytorch.detector.YOLOv5.utils,general,,coco80_to_coco91_class,5,1,0
ZQPei_deep_sort_pytorch.detector.YOLOv5.utils,general,,xyxy2xywh,7,1,1
ZQPei_deep_sort_pytorch.detector.YOLOv5.utils,general,,xywh2xyxy,7,1,1
ZQPei_deep_sort_pytorch.detector.YOLOv5.utils,general,,xywhn2xyxy,7,1,5
ZQPei_deep_sort_pytorch.detector.YOLOv5.utils,general,,xyxy2xywhn,9,2,5
ZQPei_deep_sort_pytorch.detector.YOLOv5.utils,general,,xyn2xy,5,1,5
ZQPei_deep_sort_pytorch.detector.YOLOv5.utils,general,,segment2box,5,1,3
ZQPei_deep_sort_pytorch.detector.YOLOv5.utils,general,,segments2boxes,6,2,1
ZQPei_deep_sort_pytorch.detector.YOLOv5.utils,general,,resample_segments,6,2,2
ZQPei_deep_sort_pytorch.detector.YOLOv5.utils,general,,scale_coords,12,2,4
ZQPei_deep_sort_pytorch.detector.YOLOv5.utils,general,,clip_coords,9,2,2
ZQPei_deep_sort_pytorch.detector.YOLOv5.utils,general,,non_max_suppression,80,14,8
ZQPei_deep_sort_pytorch.detector.YOLOv5.utils,general,,strip_optimizer,13,6,2
ZQPei_deep_sort_pytorch.detector.YOLOv5.utils,general,,print_mutation,31,4,5
ZQPei_deep_sort_pytorch.detector.YOLOv5.utils,general,,apply_classifier,31,5,4
ZQPei_deep_sort_pytorch.detector.YOLOv5.utils,general,,increment_path,12,4,4
ZQPei_deep_sort_pytorch.detector.YOLOv5.utils,loss,BCEBlurWithLogitsLoss,__init__,4,1,1
ZQPei_deep_sort_pytorch.detector.YOLOv5.utils,loss,BCEBlurWithLogitsLoss,forward,7,1,2
ZQPei_deep_sort_pytorch.detector.YOLOv5.utils,loss,FocalLoss,__init__,7,1,3
ZQPei_deep_sort_pytorch.detector.YOLOv5.utils,loss,FocalLoss,forward,13,1,2
ZQPei_deep_sort_pytorch.detector.YOLOv5.utils,loss,QFocalLoss,__init__,7,1,3
ZQPei_deep_sort_pytorch.detector.YOLOv5.utils,loss,QFocalLoss,forward,12,1,2
ZQPei_deep_sort_pytorch.detector.YOLOv5.utils,loss,ComputeLoss,__init__,16,3,2
ZQPei_deep_sort_pytorch.detector.YOLOv5.utils,loss,ComputeLoss,__call__,47,7,2
ZQPei_deep_sort_pytorch.detector.YOLOv5.utils,loss,ComputeLoss,build_targets,50,3,2
ZQPei_deep_sort_pytorch.detector.YOLOv5.utils,loss,,smooth_BCE,2,1,1
ZQPei_deep_sort_pytorch.detector.YOLOv5.utils,metrics,ConfusionMatrix,__init__,5,1,3
ZQPei_deep_sort_pytorch.detector.YOLOv5.utils,metrics,ConfusionMatrix,process_batch,29,9,2
ZQPei_deep_sort_pytorch.detector.YOLOv5.utils,metrics,ConfusionMatrix,matrix,2,1,0
ZQPei_deep_sort_pytorch.detector.YOLOv5.utils,metrics,ConfusionMatrix,tp_fp,4,1,0
ZQPei_deep_sort_pytorch.detector.YOLOv5.utils,metrics,ConfusionMatrix,plot,22,3,3
ZQPei_deep_sort_pytorch.detector.YOLOv5.utils,metrics,ConfusionMatrix,print,3,2,0
ZQPei_deep_sort_pytorch.detector.YOLOv5.utils,metrics,,fitness,3,1,1
ZQPei_deep_sort_pytorch.detector.YOLOv5.utils,metrics,,ap_per_class,46,8,8
ZQPei_deep_sort_pytorch.detector.YOLOv5.utils,metrics,,compute_ap,13,2,2
ZQPei_deep_sort_pytorch.detector.YOLOv5.utils,metrics,,bbox_iou,32,4,7
ZQPei_deep_sort_pytorch.detector.YOLOv5.utils,metrics,,box_iou,10,0,2
ZQPei_deep_sort_pytorch.detector.YOLOv5.utils,metrics,,bbox_ioa,9,1,3
ZQPei_deep_sort_pytorch.detector.YOLOv5.utils,metrics,,wh_iou,5,1,2
ZQPei_deep_sort_pytorch.detector.YOLOv5.utils,metrics,,plot_pr_curve,16,3,5
ZQPei_deep_sort_pytorch.detector.YOLOv5.utils,metrics,,plot_mc_curve,16,3,6
ZQPei_deep_sort_pytorch.detector.YOLOv5.utils,plots,Colors,__init__,5,1,0
ZQPei_deep_sort_pytorch.detector.YOLOv5.utils,plots,Colors,__call__,3,1,2
ZQPei_deep_sort_pytorch.detector.YOLOv5.utils,plots,Colors,hex2rgb,2,1,1
ZQPei_deep_sort_pytorch.detector.YOLOv5.utils,plots,Annotator,__init__,11,5,6
ZQPei_deep_sort_pytorch.detector.YOLOv5.utils,plots,Annotator,box_label,23,5,4
ZQPei_deep_sort_pytorch.detector.YOLOv5.utils,plots,Annotator,rectangle,2,1,4
ZQPei_deep_sort_pytorch.detector.YOLOv5.utils,plots,Annotator,text,3,1,3
ZQPei_deep_sort_pytorch.detector.YOLOv5.utils,plots,Annotator,result,2,1,0
ZQPei_deep_sort_pytorch.detector.YOLOv5.utils,plots,,check_pil_font,11,2,2
ZQPei_deep_sort_pytorch.detector.YOLOv5.utils,plots,,feature_visualization,21,5,5
ZQPei_deep_sort_pytorch.detector.YOLOv5.utils,plots,,hist2d,6,1,3
ZQPei_deep_sort_pytorch.detector.YOLOv5.utils,plots,,butter_lowpass_filtfilt,8,0,4
ZQPei_deep_sort_pytorch.detector.YOLOv5.utils,plots,,output_to_target,6,3,1
ZQPei_deep_sort_pytorch.detector.YOLOv5.utils,plots,,plot_images,52,16,7
ZQPei_deep_sort_pytorch.detector.YOLOv5.utils,plots,,plot_lr_scheduler,14,2,4
ZQPei_deep_sort_pytorch.detector.YOLOv5.utils,plots,,plot_val_txt,12,1,0
ZQPei_deep_sort_pytorch.detector.YOLOv5.utils,plots,,plot_targets_txt,10,2,0
ZQPei_deep_sort_pytorch.detector.YOLOv5.utils,plots,,plot_val_study,30,5,3
ZQPei_deep_sort_pytorch.detector.YOLOv5.utils,plots,,plot_labels,36,6,3
ZQPei_deep_sort_pytorch.detector.YOLOv5.utils,plots,,plot_evolve,24,3,1
ZQPei_deep_sort_pytorch.detector.YOLOv5.utils,plots,,plot_results,23,4,2
ZQPei_deep_sort_pytorch.detector.YOLOv5.utils,plots,,profile_idetection,28,6,4
ZQPei_deep_sort_pytorch.detector.YOLOv5.utils,plots,,save_one_box,13,3,8
ZQPei_deep_sort_pytorch.detector.YOLOv5.utils,torch_utils,EarlyStopping,__init__,5,2,1
ZQPei_deep_sort_pytorch.detector.YOLOv5.utils,torch_utils,EarlyStopping,__call__,13,3,2
ZQPei_deep_sort_pytorch.detector.YOLOv5.utils,torch_utils,ModelEMA,__init__,6,2,3
ZQPei_deep_sort_pytorch.detector.YOLOv5.utils,torch_utils,ModelEMA,update,10,3,1
ZQPei_deep_sort_pytorch.detector.YOLOv5.utils,torch_utils,ModelEMA,update_attr,2,1,3
ZQPei_deep_sort_pytorch.detector.YOLOv5.utils,torch_utils,,torch_distributed_zero_first,8,3,1
ZQPei_deep_sort_pytorch.detector.YOLOv5.utils,torch_utils,,date_modified,3,1,1
ZQPei_deep_sort_pytorch.detector.YOLOv5.utils,torch_utils,,git_describe,6,1,1
ZQPei_deep_sort_pytorch.detector.YOLOv5.utils,torch_utils,,device_count,7,1,0
ZQPei_deep_sort_pytorch.detector.YOLOv5.utils,torch_utils,,select_device,26,11,3
ZQPei_deep_sort_pytorch.detector.YOLOv5.utils,torch_utils,,time_sync,4,2,0
ZQPei_deep_sort_pytorch.detector.YOLOv5.utils,torch_utils,,profile,41,9,4
ZQPei_deep_sort_pytorch.detector.YOLOv5.utils,torch_utils,,is_parallel,2,1,1
ZQPei_deep_sort_pytorch.detector.YOLOv5.utils,torch_utils,,de_parallel,2,1,1
ZQPei_deep_sort_pytorch.detector.YOLOv5.utils,torch_utils,,initialize_weights,10,5,1
ZQPei_deep_sort_pytorch.detector.YOLOv5.utils,torch_utils,,find_modules,2,1,2
ZQPei_deep_sort_pytorch.detector.YOLOv5.utils,torch_utils,,sparsity,6,2,1
ZQPei_deep_sort_pytorch.detector.YOLOv5.utils,torch_utils,,prune,8,3,2
ZQPei_deep_sort_pytorch.detector.YOLOv5.utils,torch_utils,,fuse_conv_and_bn,15,1,2
ZQPei_deep_sort_pytorch.detector.YOLOv5.utils,torch_utils,,model_info,19,4,3
ZQPei_deep_sort_pytorch.detector.YOLOv5.utils,torch_utils,,scale_img,10,2,4
ZQPei_deep_sort_pytorch.detector.YOLOv5.utils,torch_utils,,copy_attr,6,5,4
ZQPei_deep_sort_pytorch.detector.YOLOv5.utils.flask_rest_api,restapi,,predict,11,2,0
ZQPei_deep_sort_pytorch.detector.YOLOv5.utils.loggers,__init__,Loggers,__init__,31,9,6
ZQPei_deep_sort_pytorch.detector.YOLOv5.utils.loggers,__init__,Loggers,on_pretrain_routine_end,4,2,0
ZQPei_deep_sort_pytorch.detector.YOLOv5.utils.loggers,__init__,Loggers,on_train_batch_end,13,7,7
ZQPei_deep_sort_pytorch.detector.YOLOv5.utils.loggers,__init__,Loggers,on_train_epoch_end,3,2,1
ZQPei_deep_sort_pytorch.detector.YOLOv5.utils.loggers,__init__,Loggers,on_val_image_end,3,2,5
ZQPei_deep_sort_pytorch.detector.YOLOv5.utils.loggers,__init__,Loggers,on_val_end,4,2,0
ZQPei_deep_sort_pytorch.detector.YOLOv5.utils.loggers,__init__,Loggers,on_fit_epoch_end,18,7,4
ZQPei_deep_sort_pytorch.detector.YOLOv5.utils.loggers,__init__,Loggers,on_model_save,4,5,5
ZQPei_deep_sort_pytorch.detector.YOLOv5.utils.loggers,__init__,Loggers,on_train_end,18,6,5
ZQPei_deep_sort_pytorch.detector.YOLOv5.utils.loggers,__init__,Loggers,on_params_update,3,2,1
ZQPei_deep_sort_pytorch.detector.YOLOv5.utils.loggers.wandb,log_dataset,,create_dataset_artifact,4,2,1
ZQPei_deep_sort_pytorch.detector.YOLOv5.utils.loggers.wandb,sweep,,sweep,16,2,0
ZQPei_deep_sort_pytorch.detector.YOLOv5.utils.loggers.wandb,wandb_utils,WandbLogger,__init__,60,13,3
ZQPei_deep_sort_pytorch.detector.YOLOv5.utils.loggers.wandb,wandb_utils,WandbLogger,check_and_upload_dataset,10,1,1
ZQPei_deep_sort_pytorch.detector.YOLOv5.utils.loggers.wandb,wandb_utils,WandbLogger,setup_training,41,12,1
ZQPei_deep_sort_pytorch.detector.YOLOv5.utils.loggers.wandb,wandb_utils,WandbLogger,download_dataset_artifact,10,2,2
ZQPei_deep_sort_pytorch.detector.YOLOv5.utils.loggers.wandb,wandb_utils,WandbLogger,download_model_artifact,13,1,1
ZQPei_deep_sort_pytorch.detector.YOLOv5.utils.loggers.wandb,wandb_utils,WandbLogger,log_model,15,1,5
ZQPei_deep_sort_pytorch.detector.YOLOv5.utils.loggers.wandb,wandb_utils,WandbLogger,log_dataset_artifact,39,8,4
ZQPei_deep_sort_pytorch.detector.YOLOv5.utils.loggers.wandb,wandb_utils,WandbLogger,map_val_table_path,7,2,0
ZQPei_deep_sort_pytorch.detector.YOLOv5.utils.loggers.wandb,wandb_utils,WandbLogger,create_dataset_table,31,6,3
ZQPei_deep_sort_pytorch.detector.YOLOv5.utils.loggers.wandb,wandb_utils,WandbLogger,log_training_progress,32,5,3
ZQPei_deep_sort_pytorch.detector.YOLOv5.utils.loggers.wandb,wandb_utils,WandbLogger,val_one_image,14,6,5
ZQPei_deep_sort_pytorch.detector.YOLOv5.utils.loggers.wandb,wandb_utils,WandbLogger,log,6,3,1
ZQPei_deep_sort_pytorch.detector.YOLOv5.utils.loggers.wandb,wandb_utils,WandbLogger,end_epoch,27,5,1
ZQPei_deep_sort_pytorch.detector.YOLOv5.utils.loggers.wandb,wandb_utils,WandbLogger,finish_run,8,3,0
ZQPei_deep_sort_pytorch.detector.YOLOv5.utils.loggers.wandb,wandb_utils,,remove_prefix,2,1,2
ZQPei_deep_sort_pytorch.detector.YOLOv5.utils.loggers.wandb,wandb_utils,,check_wandb_config_file,5,1,1
ZQPei_deep_sort_pytorch.detector.YOLOv5.utils.loggers.wandb,wandb_utils,,check_wandb_dataset,14,6,1
ZQPei_deep_sort_pytorch.detector.YOLOv5.utils.loggers.wandb,wandb_utils,,get_run_info,7,1,1
ZQPei_deep_sort_pytorch.detector.YOLOv5.utils.loggers.wandb,wandb_utils,,check_wandb_resume,12,3,1
ZQPei_deep_sort_pytorch.detector.YOLOv5.utils.loggers.wandb,wandb_utils,,process_wandb_config_ddp_mode,21,7,1
ZQPei_deep_sort_pytorch.detector.YOLOv5.utils.loggers.wandb,wandb_utils,,all_logging_disabled,8,1,1
ZQPei_deep_sort_pytorch.utils,__init__,,datasets,2,1,0
ZQPei_deep_sort_pytorch.utils,asserts,,assert_in,4,2,2
ZQPei_deep_sort_pytorch.utils,asserts,,assert_in_env,4,2,1
ZQPei_deep_sort_pytorch.utils,draw,,compute_color_for_labels,5,1,1
ZQPei_deep_sort_pytorch.utils,draw,,draw_masks,8,1,5
ZQPei_deep_sort_pytorch.utils,draw,,draw_boxes,19,3,6
ZQPei_deep_sort_pytorch.utils,evaluation,Evaluator,__init__,6,1,3
ZQPei_deep_sort_pytorch.utils,evaluation,Evaluator,load_annotations,5,1,0
ZQPei_deep_sort_pytorch.utils,evaluation,Evaluator,reset_accumulator,2,1,0
ZQPei_deep_sort_pytorch.utils,evaluation,Evaluator,eval_frame,26,4,4
ZQPei_deep_sort_pytorch.utils,evaluation,Evaluator,eval_file,9,2,1
ZQPei_deep_sort_pytorch.utils,evaluation,Evaluator,get_summary,13,2,3
ZQPei_deep_sort_pytorch.utils,evaluation,Evaluator,save_summary,5,1,2
ZQPei_deep_sort_pytorch.utils,io,,write_results,18,7,3
ZQPei_deep_sort_pytorch.utils,io,,read_results,6,2,4
ZQPei_deep_sort_pytorch.utils,io,,read_mot_results,39,15,3
ZQPei_deep_sort_pytorch.utils,io,,unzip_objs,7,2,1
ZQPei_deep_sort_pytorch.utils,json_logger,BaseJsonLogger,dic,10,4,0
ZQPei_deep_sort_pytorch.utils,json_logger,BaseJsonLogger,list,2,1,1
ZQPei_deep_sort_pytorch.utils,json_logger,Label,__init__,3,1,2
ZQPei_deep_sort_pytorch.utils,json_logger,Bbox,__init__,7,1,5
ZQPei_deep_sort_pytorch.utils,json_logger,Bbox,add_label,2,1,2
ZQPei_deep_sort_pytorch.utils,json_logger,Bbox,labels_full,2,1,1
ZQPei_deep_sort_pytorch.utils,json_logger,Frame,__init__,4,1,2
ZQPei_deep_sort_pytorch.utils,json_logger,Frame,add_bbox,6,2,5
ZQPei_deep_sort_pytorch.utils,json_logger,Frame,add_label_to_bbox,7,2,3
ZQPei_deep_sort_pytorch.utils,json_logger,BboxToJsonLogger,__init__,6,1,1
ZQPei_deep_sort_pytorch.utils,json_logger,BboxToJsonLogger,set_top_k,2,1,1
ZQPei_deep_sort_pytorch.utils,json_logger,BboxToJsonLogger,frame_exists,4,1,1
ZQPei_deep_sort_pytorch.utils,json_logger,BboxToJsonLogger,add_frame,8,2,2
ZQPei_deep_sort_pytorch.utils,json_logger,BboxToJsonLogger,bbox_exists,7,2,2
ZQPei_deep_sort_pytorch.utils,json_logger,BboxToJsonLogger,find_bbox,8,2,2
ZQPei_deep_sort_pytorch.utils,json_logger,BboxToJsonLogger,add_bbox_to_frame,13,3,6
ZQPei_deep_sort_pytorch.utils,json_logger,BboxToJsonLogger,add_label_to_bbox,8,2,4
ZQPei_deep_sort_pytorch.utils,json_logger,BboxToJsonLogger,add_video_details,5,1,4
ZQPei_deep_sort_pytorch.utils,json_logger,BboxToJsonLogger,output,5,1,0
ZQPei_deep_sort_pytorch.utils,json_logger,BboxToJsonLogger,json_output,8,2,1
ZQPei_deep_sort_pytorch.utils,json_logger,BboxToJsonLogger,set_start,2,1,0
ZQPei_deep_sort_pytorch.utils,json_logger,BboxToJsonLogger,schedule_output_by_time,18,3,4
ZQPei_deep_sort_pytorch.utils,json_logger,BboxToJsonLogger,schedule_output_by_frames,4,1,3
ZQPei_deep_sort_pytorch.utils,json_logger,BboxToJsonLogger,flush,7,1,1
ZQPei_deep_sort_pytorch.utils,log,,get_logger,10,1,1
ZQPei_deep_sort_pytorch.utils,parser,YamlParser,__init__,8,3,2
ZQPei_deep_sort_pytorch.utils,parser,YamlParser,merge_from_file,3,1,1
ZQPei_deep_sort_pytorch.utils,parser,YamlParser,merge_from_dict,2,1,1
ZQPei_deep_sort_pytorch.utils,parser,,get_config,2,1,1
ZQPei_deep_sort_pytorch.utils,tools,,is_video,6,1,1
ZQPei_deep_sort_pytorch.utils,tools,,tik_tok,12,0,1
ZQPei_deep_sort_pytorch.webserver,rtsp_threaded_tracker,RealTimeTracking,__init__,17,3,2
ZQPei_deep_sort_pytorch.webserver,rtsp_threaded_tracker,RealTimeTracking,update,4,3,0
ZQPei_deep_sort_pytorch.webserver,rtsp_threaded_tracker,RealTimeTracking,run,11,3,0
ZQPei_deep_sort_pytorch.webserver,rtsp_threaded_tracker,RealTimeTracking,detection,17,3,1
ZQPei_deep_sort_pytorch.webserver,rtsp_threaded_tracker,RealTimeTracking,draw_boxes,16,2,3
ZQPei_deep_sort_pytorch.webserver,rtsp_webserver,,parse_args,18,1,0
ZQPei_deep_sort_pytorch.webserver,rtsp_webserver,,gen,9,3,0
ZQPei_deep_sort_pytorch.webserver,rtsp_webserver,,pedestrian_tracking,6,1,2
ZQPei_deep_sort_pytorch.webserver,rtsp_webserver,,trigger_process,9,1,2
ZQPei_deep_sort_pytorch.webserver,rtsp_webserver,,bad_argument,2,1,1
ZQPei_deep_sort_pytorch.webserver,rtsp_webserver,,stream,6,1,0
ZQPei_deep_sort_pytorch.webserver,rtsp_webserver,,process_manager,28,4,0
