Package,Module,Class,Function,LOC,CC,PC
yehengchen_Object-Detection-and-Tracking.OneStage.yolo,coco2voc,,mkr,6,2,1
yehengchen_Object-Detection-and-Tracking.OneStage.yolo,coco2voc,,id2name,5,2,1
yehengchen_Object-Detection-and-Tracking.OneStage.yolo,coco2voc,,write_xml,6,2,4
yehengchen_Object-Detection-and-Tracking.OneStage.yolo,coco2voc,,save_annotations_and_imgs,13,2,4
yehengchen_Object-Detection-and-Tracking.OneStage.yolo,coco2voc,,showimg,26,5,6
yehengchen_Object-Detection-and-Tracking.OneStage.yolo,main,,main,136,16,1
yehengchen_Object-Detection-and-Tracking.OneStage.yolo,yolo,YOLO,__init__,13,1,0
yehengchen_Object-Detection-and-Tracking.OneStage.yolo,yolo,YOLO,_get_class,6,1,0
yehengchen_Object-Detection-and-Tracking.OneStage.yolo,yolo,YOLO,_get_anchors,7,1,0
yehengchen_Object-Detection-and-Tracking.OneStage.yolo,yolo,YOLO,generate,21,2,0
yehengchen_Object-Detection-and-Tracking.OneStage.yolo,yolo,YOLO,detect_image,42,6,1
yehengchen_Object-Detection-and-Tracking.OneStage.yolo,yolo,YOLO,close_session,2,1,0
yehengchen_Object-Detection-and-Tracking.OneStage.yolo.Train-a-YOLOv4-model.tools,img2train,,parse_args,5,1,0
yehengchen_Object-Detection-and-Tracking.OneStage.yolo.Train-a-YOLOv4-model.tools,img2train,,makelist,27,5,1
yehengchen_Object-Detection-and-Tracking.OneStage.yolo.Train-a-YOLOv4-model.tools,voc_label,,convert,12,1,2
yehengchen_Object-Detection-and-Tracking.OneStage.yolo.Train-a-YOLOv4-model.tools,voc_label,,convert_annotation,17,3,1
yehengchen_Object-Detection-and-Tracking.OneStage.yolo.convert2Yolo,Format,VOC,xml_indent,14,12,2
yehengchen_Object-Detection-and-Tracking.OneStage.yolo.convert2Yolo,Format,VOC,generate,94,3,1
yehengchen_Object-Detection-and-Tracking.OneStage.yolo.convert2Yolo,Format,VOC,save,26,2,2
yehengchen_Object-Detection-and-Tracking.OneStage.yolo.convert2Yolo,Format,VOC,parse,71,3,1
yehengchen_Object-Detection-and-Tracking.OneStage.yolo.convert2Yolo,Format,COCO,parse,81,8,1
yehengchen_Object-Detection-and-Tracking.OneStage.yolo.convert2Yolo,Format,UDACITY,parse,83,5,2
yehengchen_Object-Detection-and-Tracking.OneStage.yolo.convert2Yolo,Format,KITTI,parse,80,4,3
yehengchen_Object-Detection-and-Tracking.OneStage.yolo.convert2Yolo,Format,YOLO,__init__,4,1,1
yehengchen_Object-Detection-and-Tracking.OneStage.yolo.convert2Yolo,Format,YOLO,coordinateCvt2YOLO,12,1,2
yehengchen_Object-Detection-and-Tracking.OneStage.yolo.convert2Yolo,Format,YOLO,parse,83,3,3
yehengchen_Object-Detection-and-Tracking.OneStage.yolo.convert2Yolo,Format,YOLO,generate,47,3,1
yehengchen_Object-Detection-and-Tracking.OneStage.yolo.convert2Yolo,Format,YOLO,save,31,2,5
yehengchen_Object-Detection-and-Tracking.OneStage.yolo.convert2Yolo,Format,,printProgressBar,9,2,7
yehengchen_Object-Detection-and-Tracking.OneStage.yolo.convert2Yolo,example,,main,93,17,1
yehengchen_Object-Detection-and-Tracking.OneStage.yolo.convert2Yolo,label_visualization,,main,55,9,0
yehengchen_Object-Detection-and-Tracking.OneStage.yolo.deep_sort_yolov3,convert,,unique_config_sections,14,3,1
yehengchen_Object-Detection-and-Tracking.OneStage.yolo.deep_sort_yolov3,convert,,_main,190,24,1
yehengchen_Object-Detection-and-Tracking.OneStage.yolo.deep_sort_yolov3,main,,main,120,18,1
yehengchen_Object-Detection-and-Tracking.OneStage.yolo.deep_sort_yolov3,yolo,YOLO,__init__,21,5,0
yehengchen_Object-Detection-and-Tracking.OneStage.yolo.deep_sort_yolov3,yolo,YOLO,_get_class,6,1,0
yehengchen_Object-Detection-and-Tracking.OneStage.yolo.deep_sort_yolov3,yolo,YOLO,_get_anchors,7,1,0
yehengchen_Object-Detection-and-Tracking.OneStage.yolo.deep_sort_yolov3,yolo,YOLO,generate,19,1,0
yehengchen_Object-Detection-and-Tracking.OneStage.yolo.deep_sort_yolov3,yolo,YOLO,detect_image,54,6,1
yehengchen_Object-Detection-and-Tracking.OneStage.yolo.deep_sort_yolov3,yolo,YOLO,close_session,2,1,0
yehengchen_Object-Detection-and-Tracking.OneStage.yolo.deep_sort_yolov3.deep_sort,detection,Detection,__init__,4,1,3
yehengchen_Object-Detection-and-Tracking.OneStage.yolo.deep_sort_yolov3.deep_sort,detection,Detection,to_tlbr,5,1,0
yehengchen_Object-Detection-and-Tracking.OneStage.yolo.deep_sort_yolov3.deep_sort,detection,Detection,to_xyah,6,1,0
yehengchen_Object-Detection-and-Tracking.OneStage.yolo.deep_sort_yolov3.deep_sort,iou_matching,,iou,15,1,2
yehengchen_Object-Detection-and-Tracking.OneStage.yolo.deep_sort_yolov3.deep_sort,iou_matching,,iou_cost,17,5,4
yehengchen_Object-Detection-and-Tracking.OneStage.yolo.deep_sort_yolov3.deep_sort,kalman_filter,KalmanFilter,__init__,8,2,0
yehengchen_Object-Detection-and-Tracking.OneStage.yolo.deep_sort_yolov3.deep_sort,kalman_filter,KalmanFilter,initiate,17,1,1
yehengchen_Object-Detection-and-Tracking.OneStage.yolo.deep_sort_yolov3.deep_sort,kalman_filter,KalmanFilter,predict,18,1,2
yehengchen_Object-Detection-and-Tracking.OneStage.yolo.deep_sort_yolov3.deep_sort,kalman_filter,KalmanFilter,project,13,1,2
yehengchen_Object-Detection-and-Tracking.OneStage.yolo.deep_sort_yolov3.deep_sort,kalman_filter,KalmanFilter,update,14,1,3
yehengchen_Object-Detection-and-Tracking.OneStage.yolo.deep_sort_yolov3.deep_sort,kalman_filter,KalmanFilter,gating_distance,14,2,4
yehengchen_Object-Detection-and-Tracking.OneStage.yolo.deep_sort_yolov3.deep_sort,linear_assignment,,min_cost_matching,29,10,6
yehengchen_Object-Detection-and-Tracking.OneStage.yolo.deep_sort_yolov3.deep_sort,linear_assignment,,matching_cascade,27,6,7
yehengchen_Object-Detection-and-Tracking.OneStage.yolo.deep_sort_yolov3.deep_sort,linear_assignment,,gate_cost_matrix,13,2,8
yehengchen_Object-Detection-and-Tracking.OneStage.yolo.deep_sort_yolov3.deep_sort,nn_matching,NearestNeighborDistanceMetric,__init__,11,3,3
yehengchen_Object-Detection-and-Tracking.OneStage.yolo.deep_sort_yolov3.deep_sort,nn_matching,NearestNeighborDistanceMetric,partial_fit,8,3,3
yehengchen_Object-Detection-and-Tracking.OneStage.yolo.deep_sort_yolov3.deep_sort,nn_matching,NearestNeighborDistanceMetric,distance,7,2,2
yehengchen_Object-Detection-and-Tracking.OneStage.yolo.deep_sort_yolov3.deep_sort,nn_matching,,_pdist,10,2,2
yehengchen_Object-Detection-and-Tracking.OneStage.yolo.deep_sort_yolov3.deep_sort,nn_matching,,_cosine_distance,7,2,3
yehengchen_Object-Detection-and-Tracking.OneStage.yolo.deep_sort_yolov3.deep_sort,nn_matching,,_nn_euclidean_distance,5,1,2
yehengchen_Object-Detection-and-Tracking.OneStage.yolo.deep_sort_yolov3.deep_sort,nn_matching,,_nn_cosine_distance,5,1,2
yehengchen_Object-Detection-and-Tracking.OneStage.yolo.deep_sort_yolov3.deep_sort,preprocessing,,non_max_suppression,35,3,3
yehengchen_Object-Detection-and-Tracking.OneStage.yolo.deep_sort_yolov3.deep_sort,track,Track,__init__,13,2,6
yehengchen_Object-Detection-and-Tracking.OneStage.yolo.deep_sort_yolov3.deep_sort,track,Track,to_tlwh,7,1,0
yehengchen_Object-Detection-and-Tracking.OneStage.yolo.deep_sort_yolov3.deep_sort,track,Track,to_tlbr,6,1,0
yehengchen_Object-Detection-and-Tracking.OneStage.yolo.deep_sort_yolov3.deep_sort,track,Track,predict,6,1,1
yehengchen_Object-Detection-and-Tracking.OneStage.yolo.deep_sort_yolov3.deep_sort,track,Track,update,10,3,2
yehengchen_Object-Detection-and-Tracking.OneStage.yolo.deep_sort_yolov3.deep_sort,track,Track,mark_missed,5,3,0
yehengchen_Object-Detection-and-Tracking.OneStage.yolo.deep_sort_yolov3.deep_sort,track,Track,is_tentative,2,1,0
yehengchen_Object-Detection-and-Tracking.OneStage.yolo.deep_sort_yolov3.deep_sort,track,Track,is_confirmed,2,1,0
yehengchen_Object-Detection-and-Tracking.OneStage.yolo.deep_sort_yolov3.deep_sort,track,Track,is_deleted,2,1,0
yehengchen_Object-Detection-and-Tracking.OneStage.yolo.deep_sort_yolov3.deep_sort,tracker,Tracker,__init__,8,1,4
yehengchen_Object-Detection-and-Tracking.OneStage.yolo.deep_sort_yolov3.deep_sort,tracker,Tracker,predict,4,2,0
yehengchen_Object-Detection-and-Tracking.OneStage.yolo.deep_sort_yolov3.deep_sort,tracker,Tracker,update,23,6,1
yehengchen_Object-Detection-and-Tracking.OneStage.yolo.deep_sort_yolov3.deep_sort,tracker,Tracker,_match,31,0,1
yehengchen_Object-Detection-and-Tracking.OneStage.yolo.deep_sort_yolov3.deep_sort,tracker,Tracker,_initiate_track,6,1,1
yehengchen_Object-Detection-and-Tracking.OneStage.yolo.deep_sort_yolov3.tools,freeze_model,,_batch_norm_fn,4,2,2
yehengchen_Object-Detection-and-Tracking.OneStage.yolo.deep_sort_yolov3.tools,freeze_model,,create_link,23,4,8
yehengchen_Object-Detection-and-Tracking.OneStage.yolo.deep_sort_yolov3.tools,freeze_model,,create_inner_block,20,3,8
yehengchen_Object-Detection-and-Tracking.OneStage.yolo.deep_sort_yolov3.tools,freeze_model,,residual_block,8,0,9
yehengchen_Object-Detection-and-Tracking.OneStage.yolo.deep_sort_yolov3.tools,freeze_model,,_create_network,55,0,3
yehengchen_Object-Detection-and-Tracking.OneStage.yolo.deep_sort_yolov3.tools,freeze_model,,_network_factory,11,0,1
yehengchen_Object-Detection-and-Tracking.OneStage.yolo.deep_sort_yolov3.tools,freeze_model,,_preprocess,3,1,1
yehengchen_Object-Detection-and-Tracking.OneStage.yolo.deep_sort_yolov3.tools,freeze_model,,parse_args,10,1,0
yehengchen_Object-Detection-and-Tracking.OneStage.yolo.deep_sort_yolov3.tools,freeze_model,,main,21,1,0
yehengchen_Object-Detection-and-Tracking.OneStage.yolo.deep_sort_yolov3.tools,generate_detections,ImageEncoder,__init__,14,1,3
yehengchen_Object-Detection-and-Tracking.OneStage.yolo.deep_sort_yolov3.tools,generate_detections,ImageEncoder,__call__,6,1,2
yehengchen_Object-Detection-and-Tracking.OneStage.yolo.deep_sort_yolov3.tools,generate_detections,,_run_in_batches,11,3,4
yehengchen_Object-Detection-and-Tracking.OneStage.yolo.deep_sort_yolov3.tools,generate_detections,,extract_image_patch,20,2,3
yehengchen_Object-Detection-and-Tracking.OneStage.yolo.deep_sort_yolov3.tools,generate_detections,,create_box_encoder,15,2,4
yehengchen_Object-Detection-and-Tracking.OneStage.yolo.deep_sort_yolov3.tools,generate_detections,,generate_detections,47,8,4
yehengchen_Object-Detection-and-Tracking.OneStage.yolo.deep_sort_yolov3.tools,generate_detections,,parse_args,17,1,0
yehengchen_Object-Detection-and-Tracking.OneStage.yolo.deep_sort_yolov3.tools,generate_detections,,main,5,1,0
yehengchen_Object-Detection-and-Tracking.OneStage.yolo.deep_sort_yolov3.yolo3,model,,DarknetConv2D,5,1,0
yehengchen_Object-Detection-and-Tracking.OneStage.yolo.deep_sort_yolov3.yolo3,model,,DarknetConv2D_BN_Leaky,7,1,0
yehengchen_Object-Detection-and-Tracking.OneStage.yolo.deep_sort_yolov3.yolo3,model,,resblock_body,9,2,3
yehengchen_Object-Detection-and-Tracking.OneStage.yolo.deep_sort_yolov3.yolo3,model,,darknet_body,8,1,1
yehengchen_Object-Detection-and-Tracking.OneStage.yolo.deep_sort_yolov3.yolo3,model,,make_last_layers,11,1,3
yehengchen_Object-Detection-and-Tracking.OneStage.yolo.deep_sort_yolov3.yolo3,model,,yolo_body,14,1,3
yehengchen_Object-Detection-and-Tracking.OneStage.yolo.deep_sort_yolov3.yolo3,model,,yolo_head,19,1,4
yehengchen_Object-Detection-and-Tracking.OneStage.yolo.deep_sort_yolov3.yolo3,model,,yolo_correct_boxes,20,1,4
yehengchen_Object-Detection-and-Tracking.OneStage.yolo.deep_sort_yolov3.yolo3,model,,yolo_boxes_and_scores,8,1,5
yehengchen_Object-Detection-and-Tracking.OneStage.yolo.deep_sort_yolov3.yolo3,model,,yolo_eval,33,3,7
yehengchen_Object-Detection-and-Tracking.OneStage.yolo.deep_sort_yolov3.yolo3,model,,preprocess_true_boxes,49,5,4
yehengchen_Object-Detection-and-Tracking.OneStage.yolo.deep_sort_yolov3.yolo3,model,,box_iou,23,1,2
yehengchen_Object-Detection-and-Tracking.OneStage.yolo.deep_sort_yolov3.yolo3,model,,yolo_loss,45,1,4
yehengchen_Object-Detection-and-Tracking.OneStage.yolo.deep_sort_yolov3.yolo3,utils,,compose,6,2,0
yehengchen_Object-Detection-and-Tracking.OneStage.yolo.deep_sort_yolov3.yolo3,utils,,letterbox_image,9,1,2
yehengchen_Object-Detection-and-Tracking.OneStage.yolo.deep_sort_yolov4,convert,Yolo4,get_class,6,1,0
yehengchen_Object-Detection-and-Tracking.OneStage.yolo.deep_sort_yolov4,convert,Yolo4,get_anchors,6,1,0
yehengchen_Object-Detection-and-Tracking.OneStage.yolo.deep_sort_yolov4,convert,Yolo4,load_yolo,98,10,0
yehengchen_Object-Detection-and-Tracking.OneStage.yolo.deep_sort_yolov4,convert,Yolo4,__init__,9,1,7
yehengchen_Object-Detection-and-Tracking.OneStage.yolo.deep_sort_yolov4,convert,Yolo4,close_session,2,1,0
yehengchen_Object-Detection-and-Tracking.OneStage.yolo.deep_sort_yolov4,main,,main,136,16,1
yehengchen_Object-Detection-and-Tracking.OneStage.yolo.deep_sort_yolov4,social_distance,,calculateDistance,3,1,4
yehengchen_Object-Detection-and-Tracking.OneStage.yolo.deep_sort_yolov4,social_distance,,main,171,21,1
yehengchen_Object-Detection-and-Tracking.OneStage.yolo.deep_sort_yolov4,yolo,YOLO,__init__,13,1,0
yehengchen_Object-Detection-and-Tracking.OneStage.yolo.deep_sort_yolov4,yolo,YOLO,_get_class,6,1,0
yehengchen_Object-Detection-and-Tracking.OneStage.yolo.deep_sort_yolov4,yolo,YOLO,_get_anchors,7,1,0
yehengchen_Object-Detection-and-Tracking.OneStage.yolo.deep_sort_yolov4,yolo,YOLO,generate,21,2,0
yehengchen_Object-Detection-and-Tracking.OneStage.yolo.deep_sort_yolov4,yolo,YOLO,detect_image,42,6,1
yehengchen_Object-Detection-and-Tracking.OneStage.yolo.deep_sort_yolov4,yolo,YOLO,close_session,2,1,0
yehengchen_Object-Detection-and-Tracking.OneStage.yolo.deep_sort_yolov4.deep_sort,detection,Detection,__init__,4,1,3
yehengchen_Object-Detection-and-Tracking.OneStage.yolo.deep_sort_yolov4.deep_sort,detection,Detection,to_tlbr,5,1,0
yehengchen_Object-Detection-and-Tracking.OneStage.yolo.deep_sort_yolov4.deep_sort,detection,Detection,to_xyah,6,1,0
yehengchen_Object-Detection-and-Tracking.OneStage.yolo.deep_sort_yolov4.deep_sort,detection_yolo,Detection_YOLO,__init__,4,1,3
yehengchen_Object-Detection-and-Tracking.OneStage.yolo.deep_sort_yolov4.deep_sort,detection_yolo,Detection_YOLO,to_tlbr,5,1,0
yehengchen_Object-Detection-and-Tracking.OneStage.yolo.deep_sort_yolov4.deep_sort,detection_yolo,Detection_YOLO,to_xyah,6,1,0
yehengchen_Object-Detection-and-Tracking.OneStage.yolo.deep_sort_yolov4.deep_sort,iou_matching,,iou,15,1,2
yehengchen_Object-Detection-and-Tracking.OneStage.yolo.deep_sort_yolov4.deep_sort,iou_matching,,iou_cost,17,5,4
yehengchen_Object-Detection-and-Tracking.OneStage.yolo.deep_sort_yolov4.deep_sort,kalman_filter,KalmanFilter,__init__,8,2,0
yehengchen_Object-Detection-and-Tracking.OneStage.yolo.deep_sort_yolov4.deep_sort,kalman_filter,KalmanFilter,initiate,17,1,1
yehengchen_Object-Detection-and-Tracking.OneStage.yolo.deep_sort_yolov4.deep_sort,kalman_filter,KalmanFilter,predict,18,1,2
yehengchen_Object-Detection-and-Tracking.OneStage.yolo.deep_sort_yolov4.deep_sort,kalman_filter,KalmanFilter,project,13,1,2
yehengchen_Object-Detection-and-Tracking.OneStage.yolo.deep_sort_yolov4.deep_sort,kalman_filter,KalmanFilter,update,14,1,3
yehengchen_Object-Detection-and-Tracking.OneStage.yolo.deep_sort_yolov4.deep_sort,kalman_filter,KalmanFilter,gating_distance,14,2,4
yehengchen_Object-Detection-and-Tracking.OneStage.yolo.deep_sort_yolov4.deep_sort,linear_assignment,,min_cost_matching,29,10,6
yehengchen_Object-Detection-and-Tracking.OneStage.yolo.deep_sort_yolov4.deep_sort,linear_assignment,,matching_cascade,27,6,7
yehengchen_Object-Detection-and-Tracking.OneStage.yolo.deep_sort_yolov4.deep_sort,linear_assignment,,gate_cost_matrix,13,2,8
yehengchen_Object-Detection-and-Tracking.OneStage.yolo.deep_sort_yolov4.deep_sort,nn_matching,NearestNeighborDistanceMetric,__init__,11,3,3
yehengchen_Object-Detection-and-Tracking.OneStage.yolo.deep_sort_yolov4.deep_sort,nn_matching,NearestNeighborDistanceMetric,partial_fit,8,3,3
yehengchen_Object-Detection-and-Tracking.OneStage.yolo.deep_sort_yolov4.deep_sort,nn_matching,NearestNeighborDistanceMetric,distance,7,2,2
yehengchen_Object-Detection-and-Tracking.OneStage.yolo.deep_sort_yolov4.deep_sort,nn_matching,,_pdist,10,2,2
yehengchen_Object-Detection-and-Tracking.OneStage.yolo.deep_sort_yolov4.deep_sort,nn_matching,,_cosine_distance,7,2,3
yehengchen_Object-Detection-and-Tracking.OneStage.yolo.deep_sort_yolov4.deep_sort,nn_matching,,_nn_euclidean_distance,5,1,2
yehengchen_Object-Detection-and-Tracking.OneStage.yolo.deep_sort_yolov4.deep_sort,nn_matching,,_nn_cosine_distance,5,1,2
yehengchen_Object-Detection-and-Tracking.OneStage.yolo.deep_sort_yolov4.deep_sort,preprocessing,,non_max_suppression,35,3,3
yehengchen_Object-Detection-and-Tracking.OneStage.yolo.deep_sort_yolov4.deep_sort,track,Track,__init__,13,2,6
yehengchen_Object-Detection-and-Tracking.OneStage.yolo.deep_sort_yolov4.deep_sort,track,Track,to_tlwh,7,1,0
yehengchen_Object-Detection-and-Tracking.OneStage.yolo.deep_sort_yolov4.deep_sort,track,Track,to_tlbr,6,1,0
yehengchen_Object-Detection-and-Tracking.OneStage.yolo.deep_sort_yolov4.deep_sort,track,Track,predict,6,1,1
yehengchen_Object-Detection-and-Tracking.OneStage.yolo.deep_sort_yolov4.deep_sort,track,Track,update,10,3,2
yehengchen_Object-Detection-and-Tracking.OneStage.yolo.deep_sort_yolov4.deep_sort,track,Track,mark_missed,5,3,0
yehengchen_Object-Detection-and-Tracking.OneStage.yolo.deep_sort_yolov4.deep_sort,track,Track,is_tentative,2,1,0
yehengchen_Object-Detection-and-Tracking.OneStage.yolo.deep_sort_yolov4.deep_sort,track,Track,is_confirmed,2,1,0
yehengchen_Object-Detection-and-Tracking.OneStage.yolo.deep_sort_yolov4.deep_sort,track,Track,is_deleted,2,1,0
yehengchen_Object-Detection-and-Tracking.OneStage.yolo.deep_sort_yolov4.deep_sort,tracker,Tracker,__init__,8,1,4
yehengchen_Object-Detection-and-Tracking.OneStage.yolo.deep_sort_yolov4.deep_sort,tracker,Tracker,predict,4,2,0
yehengchen_Object-Detection-and-Tracking.OneStage.yolo.deep_sort_yolov4.deep_sort,tracker,Tracker,update,23,6,1
yehengchen_Object-Detection-and-Tracking.OneStage.yolo.deep_sort_yolov4.deep_sort,tracker,Tracker,_match,31,0,1
yehengchen_Object-Detection-and-Tracking.OneStage.yolo.deep_sort_yolov4.deep_sort,tracker,Tracker,_initiate_track,6,1,1
yehengchen_Object-Detection-and-Tracking.OneStage.yolo.deep_sort_yolov4.tools,generate_detections,ImageEncoder,__init__,14,1,3
yehengchen_Object-Detection-and-Tracking.OneStage.yolo.deep_sort_yolov4.tools,generate_detections,ImageEncoder,__call__,6,1,2
yehengchen_Object-Detection-and-Tracking.OneStage.yolo.deep_sort_yolov4.tools,generate_detections,,_run_in_batches,11,3,4
yehengchen_Object-Detection-and-Tracking.OneStage.yolo.deep_sort_yolov4.tools,generate_detections,,extract_image_patch,19,2,3
yehengchen_Object-Detection-and-Tracking.OneStage.yolo.deep_sort_yolov4.tools,generate_detections,,create_box_encoder,15,2,4
yehengchen_Object-Detection-and-Tracking.OneStage.yolo.deep_sort_yolov4.tools,generate_detections,,generate_detections,46,8,4
yehengchen_Object-Detection-and-Tracking.OneStage.yolo.deep_sort_yolov4.tools,generate_detections,,parse_args,17,1,0
yehengchen_Object-Detection-and-Tracking.OneStage.yolo.deep_sort_yolov4.tools,generate_detections,,main,5,1,0
yehengchen_Object-Detection-and-Tracking.OneStage.yolo.deep_sort_yolov4.yolo4,model,Mish,__init__,3,1,0
yehengchen_Object-Detection-and-Tracking.OneStage.yolo.deep_sort_yolov4.yolo4,model,Mish,call,2,1,1
yehengchen_Object-Detection-and-Tracking.OneStage.yolo.deep_sort_yolov4.yolo4,model,Mish,get_config,3,1,0
yehengchen_Object-Detection-and-Tracking.OneStage.yolo.deep_sort_yolov4.yolo4,model,Mish,compute_output_shape,2,1,1
yehengchen_Object-Detection-and-Tracking.OneStage.yolo.deep_sort_yolov4.yolo4,model,,DarknetConv2D,5,1,0
yehengchen_Object-Detection-and-Tracking.OneStage.yolo.deep_sort_yolov4.yolo4,model,,DarknetConv2D_BN_Leaky,7,1,0
yehengchen_Object-Detection-and-Tracking.OneStage.yolo.deep_sort_yolov4.yolo4,model,,DarknetConv2D_BN_Mish,7,1,0
yehengchen_Object-Detection-and-Tracking.OneStage.yolo.deep_sort_yolov4.yolo4,model,,resblock_body,13,2,4
yehengchen_Object-Detection-and-Tracking.OneStage.yolo.deep_sort_yolov4.yolo4,model,,darknet_body,8,1,1
yehengchen_Object-Detection-and-Tracking.OneStage.yolo.deep_sort_yolov4.yolo4,model,,make_last_layers,11,1,3
yehengchen_Object-Detection-and-Tracking.OneStage.yolo.deep_sort_yolov4.yolo4,model,,yolo4_body,52,1,3
yehengchen_Object-Detection-and-Tracking.OneStage.yolo.deep_sort_yolov4.yolo4,model,,yolo_head,19,1,5
yehengchen_Object-Detection-and-Tracking.OneStage.yolo.deep_sort_yolov4.yolo4,model,,yolo_correct_boxes,20,1,4
yehengchen_Object-Detection-and-Tracking.OneStage.yolo.deep_sort_yolov4.yolo4,model,,yolo_boxes_and_scores,8,1,5
yehengchen_Object-Detection-and-Tracking.OneStage.yolo.deep_sort_yolov4.yolo4,model,,yolo_eval,33,3,7
yehengchen_Object-Detection-and-Tracking.OneStage.yolo.deep_sort_yolov4.yolo4,model,,preprocess_true_boxes,51,6,4
yehengchen_Object-Detection-and-Tracking.OneStage.yolo.deep_sort_yolov4.yolo4,model,,softmax_focal_loss,8,1,4
yehengchen_Object-Detection-and-Tracking.OneStage.yolo.deep_sort_yolov4.yolo4,model,,sigmoid_focal_loss,10,1,4
yehengchen_Object-Detection-and-Tracking.OneStage.yolo.deep_sort_yolov4.yolo4,model,,box_iou,23,1,2
yehengchen_Object-Detection-and-Tracking.OneStage.yolo.deep_sort_yolov4.yolo4,model,,box_giou,28,1,2
yehengchen_Object-Detection-and-Tracking.OneStage.yolo.deep_sort_yolov4.yolo4,model,,box_diou,29,1,2
yehengchen_Object-Detection-and-Tracking.OneStage.yolo.deep_sort_yolov4.yolo4,model,,_smooth_labels,3,1,2
yehengchen_Object-Detection-and-Tracking.OneStage.yolo.deep_sort_yolov4.yolo4,model,,yolo4_loss,97,8,10
yehengchen_Object-Detection-and-Tracking.OneStage.yolo.deep_sort_yolov4.yolo4,model,,yolo_loss,54,2,5
yehengchen_Object-Detection-and-Tracking.OneStage.yolo.deep_sort_yolov4.yolo4,utils,,compose,6,2,0
yehengchen_Object-Detection-and-Tracking.OneStage.yolo.deep_sort_yolov4.yolo4,utils,,letterbox_image,10,1,2
yehengchen_Object-Detection-and-Tracking.OneStage.yolo.deep_sort_yolov4.yolo4,utils,,rand,2,1,2
yehengchen_Object-Detection-and-Tracking.OneStage.yolo.deep_sort_yolov4.yolo4,utils,,get_random_data,73,9,9
yehengchen_Object-Detection-and-Tracking.OneStage.yolo.tools,generate_detections,ImageEncoder,__init__,14,1,3
yehengchen_Object-Detection-and-Tracking.OneStage.yolo.tools,generate_detections,ImageEncoder,__call__,6,1,2
yehengchen_Object-Detection-and-Tracking.OneStage.yolo.tools,generate_detections,,_run_in_batches,11,3,4
yehengchen_Object-Detection-and-Tracking.OneStage.yolo.tools,generate_detections,,extract_image_patch,19,2,3
yehengchen_Object-Detection-and-Tracking.OneStage.yolo.tools,generate_detections,,create_box_encoder,15,2,4
yehengchen_Object-Detection-and-Tracking.OneStage.yolo.tools,generate_detections,,generate_detections,46,8,4
yehengchen_Object-Detection-and-Tracking.OneStage.yolo.tools,generate_detections,,parse_args,17,1,0
yehengchen_Object-Detection-and-Tracking.OneStage.yolo.tools,generate_detections,,main,5,1,0
yehengchen_Object-Detection-and-Tracking.OneStage.yolo.yolo4,model,Mish,__init__,3,1,0
yehengchen_Object-Detection-and-Tracking.OneStage.yolo.yolo4,model,Mish,call,2,1,1
yehengchen_Object-Detection-and-Tracking.OneStage.yolo.yolo4,model,Mish,get_config,3,1,0
yehengchen_Object-Detection-and-Tracking.OneStage.yolo.yolo4,model,Mish,compute_output_shape,2,1,1
yehengchen_Object-Detection-and-Tracking.OneStage.yolo.yolo4,model,,DarknetConv2D,5,1,0
yehengchen_Object-Detection-and-Tracking.OneStage.yolo.yolo4,model,,DarknetConv2D_BN_Leaky,7,1,0
yehengchen_Object-Detection-and-Tracking.OneStage.yolo.yolo4,model,,DarknetConv2D_BN_Mish,7,1,0
yehengchen_Object-Detection-and-Tracking.OneStage.yolo.yolo4,model,,resblock_body,13,2,4
yehengchen_Object-Detection-and-Tracking.OneStage.yolo.yolo4,model,,darknet_body,8,1,1
yehengchen_Object-Detection-and-Tracking.OneStage.yolo.yolo4,model,,make_last_layers,11,1,3
yehengchen_Object-Detection-and-Tracking.OneStage.yolo.yolo4,model,,yolo4_body,52,1,3
yehengchen_Object-Detection-and-Tracking.OneStage.yolo.yolo4,model,,yolo_head,19,1,5
yehengchen_Object-Detection-and-Tracking.OneStage.yolo.yolo4,model,,yolo_correct_boxes,20,1,4
yehengchen_Object-Detection-and-Tracking.OneStage.yolo.yolo4,model,,yolo_boxes_and_scores,8,1,5
yehengchen_Object-Detection-and-Tracking.OneStage.yolo.yolo4,model,,yolo_eval,33,3,7
yehengchen_Object-Detection-and-Tracking.OneStage.yolo.yolo4,model,,preprocess_true_boxes,51,6,4
yehengchen_Object-Detection-and-Tracking.OneStage.yolo.yolo4,model,,softmax_focal_loss,8,1,4
yehengchen_Object-Detection-and-Tracking.OneStage.yolo.yolo4,model,,sigmoid_focal_loss,10,1,4
yehengchen_Object-Detection-and-Tracking.OneStage.yolo.yolo4,model,,box_iou,23,1,2
yehengchen_Object-Detection-and-Tracking.OneStage.yolo.yolo4,model,,box_giou,28,1,2
yehengchen_Object-Detection-and-Tracking.OneStage.yolo.yolo4,model,,box_diou,29,1,2
yehengchen_Object-Detection-and-Tracking.OneStage.yolo.yolo4,model,,_smooth_labels,3,1,2
yehengchen_Object-Detection-and-Tracking.OneStage.yolo.yolo4,model,,yolo4_loss,97,8,10
yehengchen_Object-Detection-and-Tracking.OneStage.yolo.yolo4,model,,yolo_loss,54,2,5
yehengchen_Object-Detection-and-Tracking.OneStage.yolo.yolo4,utils,,compose,6,2,0
yehengchen_Object-Detection-and-Tracking.OneStage.yolo.yolo4,utils,,letterbox_image,10,1,2
yehengchen_Object-Detection-and-Tracking.OneStage.yolo.yolo4,utils,,rand,2,1,2
yehengchen_Object-Detection-and-Tracking.OneStage.yolo.yolo4,utils,,get_random_data,73,9,9
yehengchen_Object-Detection-and-Tracking.OneStage.yolo.yolov3,img2train,,parse_args,5,1,0
yehengchen_Object-Detection-and-Tracking.OneStage.yolo.yolov3,img2train,,makelist,27,5,1
yehengchen_Object-Detection-and-Tracking.OneStage.yolo.yolov3,voc_label,,convert,12,1,2
yehengchen_Object-Detection-and-Tracking.OneStage.yolo.yolov3,voc_label,,convert_annotation,17,3,1
yehengchen_Object-Detection-and-Tracking.OneStage.yolo.yolov3_sort,main,,intersect,2,2,4
yehengchen_Object-Detection-and-Tracking.OneStage.yolo.yolov3_sort,main,,ccw,2,1,3
yehengchen_Object-Detection-and-Tracking.OneStage.yolo.yolov3_sort,sort,KalmanBoxTracker,__init__,19,1,1
yehengchen_Object-Detection-and-Tracking.OneStage.yolo.yolov3_sort,sort,KalmanBoxTracker,update,8,1,1
yehengchen_Object-Detection-and-Tracking.OneStage.yolo.yolov3_sort,sort,KalmanBoxTracker,predict,12,3,0
yehengchen_Object-Detection-and-Tracking.OneStage.yolo.yolov3_sort,sort,KalmanBoxTracker,get_state,4,1,0
yehengchen_Object-Detection-and-Tracking.OneStage.yolo.yolov3_sort,sort,Sort,__init__,7,1,2
yehengchen_Object-Detection-and-Tracking.OneStage.yolo.yolov3_sort,sort,Sort,update,35,12,1
yehengchen_Object-Detection-and-Tracking.OneStage.yolo.yolov3_sort,sort,,iou,13,1,2
yehengchen_Object-Detection-and-Tracking.OneStage.yolo.yolov3_sort,sort,,convert_bbox_to_z,10,1,1
yehengchen_Object-Detection-and-Tracking.OneStage.yolo.yolov3_sort,sort,,convert_x_to_bbox,9,1,2
yehengchen_Object-Detection-and-Tracking.OneStage.yolo.yolov3_sort,sort,,associate_detections_to_trackers,30,11,3
