Package,Module,Class,Function,LOC,CC,PC
persephone-tools_persephone,conftest,,pytest_addoption,12,1,1
persephone-tools_persephone,conftest,,pytest_runtest_setup,9,7,1
persephone-tools_persephone.persephone,__init__,,handle_unhandled_exception,7,2,3
persephone-tools_persephone.persephone,context_manager,cd,__init__,2,1,1
persephone-tools_persephone.persephone,context_manager,cd,__enter__,3,1,0
persephone-tools_persephone.persephone,context_manager,cd,__exit__,2,1,3
persephone-tools_persephone.persephone,corpus,Corpus,__init__,53,5,3
persephone-tools_persephone.persephone,corpus,Corpus,from_elan,24,5,5
persephone-tools_persephone.persephone,corpus,Corpus,get_wav_dir,2,1,0
persephone-tools_persephone.persephone,corpus,Corpus,get_feat_dir,2,1,0
persephone-tools_persephone.persephone,corpus,Corpus,get_label_dir,2,1,0
persephone-tools_persephone.persephone,corpus,Corpus,train_prefix_fn,2,1,0
persephone-tools_persephone.persephone,corpus,Corpus,valid_prefix_fn,2,1,0
persephone-tools_persephone.persephone,corpus,Corpus,test_prefix_fn,2,1,0
persephone-tools_persephone.persephone,corpus,Corpus,set_and_check_directories,14,4,1
persephone-tools_persephone.persephone,corpus,Corpus,initialize_labels,7,1,1
persephone-tools_persephone.persephone,corpus,Corpus,prepare_feats,18,6,0
persephone-tools_persephone.persephone,corpus,Corpus,make_data_splits,38,7,1
persephone-tools_persephone.persephone,corpus,Corpus,read_prefixes,12,3,1
persephone-tools_persephone.persephone,corpus,Corpus,write_prefixes,7,3,2
persephone-tools_persephone.persephone,corpus,Corpus,divide_prefixes,22,4,1
persephone-tools_persephone.persephone,corpus,Corpus,indices_to_labels,2,1,1
persephone-tools_persephone.persephone,corpus,Corpus,labels_to_indices,2,1,1
persephone-tools_persephone.persephone,corpus,Corpus,num_feats,15,4,0
persephone-tools_persephone.persephone,corpus,Corpus,prefixes_to_fns,6,1,1
persephone-tools_persephone.persephone,corpus,Corpus,get_train_fns,3,1,0
persephone-tools_persephone.persephone,corpus,Corpus,get_valid_fns,2,1,0
persephone-tools_persephone.persephone,corpus,Corpus,get_test_fns,2,1,0
persephone-tools_persephone.persephone,corpus,Corpus,get_untranscribed_prefixes,4,1,0
persephone-tools_persephone.persephone,corpus,Corpus,get_untranscribed_fns,4,1,0
persephone-tools_persephone.persephone,corpus,Corpus,determine_prefixes,14,2,0
persephone-tools_persephone.persephone,corpus,Corpus,review,9,2,0
persephone-tools_persephone.persephone,corpus,Corpus,pickle,5,1,0
persephone-tools_persephone.persephone,corpus,Corpus,from_pickle,5,1,2
persephone-tools_persephone.persephone,corpus,,ensure_no_set_overlap,14,4,3
persephone-tools_persephone.persephone,corpus,,find_untranscribed_wavs,10,3,3
persephone-tools_persephone.persephone,corpus,,get_untranscribed_prefixes_from_file,14,1,1
persephone-tools_persephone.persephone,corpus,,determine_labels,19,5,2
persephone-tools_persephone.persephone,corpus_reader,CorpusReader,__init__,47,9,5
persephone-tools_persephone.persephone,corpus_reader,CorpusReader,load_batch,14,2,1
persephone-tools_persephone.persephone,corpus_reader,CorpusReader,make_batches,2,1,1
persephone-tools_persephone.persephone,corpus_reader,CorpusReader,train_batch_gen,14,4,0
persephone-tools_persephone.persephone,corpus_reader,CorpusReader,valid_batch,3,1,0
persephone-tools_persephone.persephone,corpus_reader,CorpusReader,test_batch,3,1,0
persephone-tools_persephone.persephone,corpus_reader,CorpusReader,untranscribed_batch_gen,7,2,0
persephone-tools_persephone.persephone,corpus_reader,CorpusReader,human_readable_hyp_ref,12,2,2
persephone-tools_persephone.persephone,corpus_reader,CorpusReader,human_readable,8,2,1
persephone-tools_persephone.persephone,corpus_reader,CorpusReader,__repr__,5,1,0
persephone-tools_persephone.persephone,corpus_reader,CorpusReader,calc_time,30,1,0
persephone-tools_persephone.persephone,distance,,min_edit_distance,17,5,5
persephone-tools_persephone.persephone,distance,,min_edit_distance_align,53,13,5
persephone-tools_persephone.persephone,distance,,cluster_alignment_errors,18,7,1
persephone-tools_persephone.persephone,distance,,word_error_rate,9,2,2
persephone-tools_persephone.persephone,experiment,,get_exp_dir_num,4,1,1
persephone-tools_persephone.persephone,experiment,,_prepare_directory,9,2,1
persephone-tools_persephone.persephone,experiment,,prep_sub_exp_dir,3,1,1
persephone-tools_persephone.persephone,experiment,,prep_exp_dir,8,2,1
persephone-tools_persephone.persephone,experiment,,get_simple_model,23,3,2
persephone-tools_persephone.persephone,experiment,,train_ready,6,1,2
persephone-tools_persephone.persephone,experiment,,transcribe,4,1,2
persephone-tools_persephone.persephone,model,Model,__init__,12,1,2
persephone-tools_persephone.persephone,model,Model,transcribe,39,7,1
persephone-tools_persephone.persephone,model,Model,decode,19,1,0
persephone-tools_persephone.persephone,model,Model,eval,43,6,1
persephone-tools_persephone.persephone,model,Model,output_best_scores,5,1,1
persephone-tools_persephone.persephone,model,Model,train,165,25,0
persephone-tools_persephone.persephone,model,,load_metagraph,5,1,1
persephone-tools_persephone.persephone,model,,dense_to_human_readable,7,2,2
persephone-tools_persephone.persephone,model,,decode_corpus,12,1,2
persephone-tools_persephone.persephone,model,,decode,49,10,3
persephone-tools_persephone.persephone,results,,filter_labels,4,1,2
persephone-tools_persephone.persephone,results,,filtered_error_rate,19,5,3
persephone-tools_persephone.persephone,results,,latex_header,10,1,0
persephone-tools_persephone.persephone,results,,fmt_latex_output,32,5,4
persephone-tools_persephone.persephone,results,,fmt_error_types,25,5,2
persephone-tools_persephone.persephone,results,,fmt_confusion_matrix,24,5,4
persephone-tools_persephone.persephone,results,,fmt_latex_untranscribed,18,2,3
persephone-tools_persephone.persephone,rnn_ctc,Model,write_desc,34,6,0
persephone-tools_persephone.persephone,rnn_ctc,Model,__init__,55,4,6
persephone-tools_persephone.persephone,rnn_ctc,,lstm_cell,3,1,1
persephone-tools_persephone.persephone,utils,,target_list_to_sparse_tensor,10,3,1
persephone-tools_persephone.persephone,utils,,zero_pad,9,2,2
persephone-tools_persephone.persephone,utils,,collapse,10,3,2
persephone-tools_persephone.persephone,utils,,load_batch_x,12,3,3
persephone-tools_persephone.persephone,utils,,batch_per,7,2,2
persephone-tools_persephone.persephone,utils,,get_prefixes,10,4,2
persephone-tools_persephone.persephone,utils,,get_prefix_lens,7,2,3
persephone-tools_persephone.persephone,utils,,filter_by_size,6,1,4
persephone-tools_persephone.persephone,utils,,sort_by_size,5,1,3
persephone-tools_persephone.persephone,utils,,is_number,6,1,1
persephone-tools_persephone.persephone,utils,,wav_length,8,1,1
persephone-tools_persephone.persephone,utils,,make_batches,3,1,2
persephone-tools_persephone.persephone,utterance,,write_transcriptions,10,4,4
persephone-tools_persephone.persephone,utterance,,remove_duplicates,10,3,1
persephone-tools_persephone.persephone,utterance,,remove_empty_text,3,1,1
persephone-tools_persephone.persephone,utterance,,duration,3,1,1
persephone-tools_persephone.persephone,utterance,,total_duration,3,1,1
persephone-tools_persephone.persephone,utterance,,make_speaker_utters,5,2,1
persephone-tools_persephone.persephone,utterance,,speaker_durations,7,2,1
persephone-tools_persephone.persephone,utterance,,remove_too_short,9,0,3
persephone-tools_persephone.persephone.datasets,bkw,,pull_en_words,6,2,0
persephone-tools_persephone.persephone.datasets,bkw,,get_en_words,30,1,0
persephone-tools_persephone.persephone.datasets,bkw,,explore_elan_files,16,5,1
persephone-tools_persephone.persephone.datasets,bkw,,segment_utterance,4,1,1
persephone-tools_persephone.persephone.datasets,bkw,,segment_str,6,1,2
persephone-tools_persephone.persephone.datasets,bkw,,explore_code_switching,19,4,2
persephone-tools_persephone.persephone.datasets,bkw,,filter_for_not_codeswitched,7,2,1
persephone-tools_persephone.persephone.datasets,bkw,,filter_for_not_empty,2,1,1
persephone-tools_persephone.persephone.datasets,bkw,,bkw_filter,2,2,1
persephone-tools_persephone.persephone.datasets,bkw,,create_corpus,9,2,5
persephone-tools_persephone.persephone.datasets,na,Corpus,__init__,33,7,7
persephone-tools_persephone.persephone.datasets,na,Corpus,make_data_splits,20,5,3
persephone-tools_persephone.persephone.datasets,na,Corpus,output_story_prefixes,9,3,0
persephone-tools_persephone.persephone.datasets,na,Corpus,__repr__,8,1,0
persephone-tools_persephone.persephone.datasets,na,,preprocess_na,132,9,2
persephone-tools_persephone.persephone.datasets,na,,preprocess_french,6,2,3
persephone-tools_persephone.persephone.datasets,na,,trim_wavs,37,10,3
persephone-tools_persephone.persephone.datasets,na,,prepare_labels,20,6,3
persephone-tools_persephone.persephone.datasets,na,,prepare_untran,39,9,3
persephone-tools_persephone.persephone.datasets,na,,prepare_feats,52,15,6
persephone-tools_persephone.persephone.datasets,na,,get_story_prefixes,6,1,2
persephone-tools_persephone.persephone.datasets,na,,make_data_splits,35,4,5
persephone-tools_persephone.persephone.datasets,na,,get_stories,4,1,1
persephone-tools_persephone.persephone.datasets,na,,make_story_splits,18,4,5
persephone-tools_persephone.persephone.preprocess,elan,Eaf,__init__,4,1,1
persephone-tools_persephone.persephone.preprocess,elan,Eaf,media_path,2,1,0
persephone-tools_persephone.persephone.preprocess,elan,Eaf,time_origin,7,1,0
persephone-tools_persephone.persephone.preprocess,elan,Eaf,get_media_path,2,1,1
persephone-tools_persephone.persephone.preprocess,elan,Eaf,initialize_media_descriptor,13,3,0
persephone-tools_persephone.persephone.preprocess,elan,,sort_annotations,2,1,1
persephone-tools_persephone.persephone.preprocess,elan,,utterances_from_tier,18,3,2
persephone-tools_persephone.persephone.preprocess,elan,,utterances_from_eaf,13,5,2
persephone-tools_persephone.persephone.preprocess,elan,,utterances_from_dir,11,2,2
persephone-tools_persephone.persephone.preprocess,feat_extract,,empty_wav,3,1,1
persephone-tools_persephone.persephone.preprocess,feat_extract,,extract_energy,5,1,2
persephone-tools_persephone.persephone.preprocess,feat_extract,,fbank,20,3,2
persephone-tools_persephone.persephone.preprocess,feat_extract,,mfcc,10,1,1
persephone-tools_persephone.persephone.preprocess,feat_extract,,combine_fbank_and_pitch,25,5,2
persephone-tools_persephone.persephone.preprocess,feat_extract,,from_dir,43,12,2
persephone-tools_persephone.persephone.preprocess,feat_extract,,convert_wav,7,2,2
persephone-tools_persephone.persephone.preprocess,feat_extract,,kaldi_pitch,34,9,2
persephone-tools_persephone.persephone.preprocess,labels,,segment_into_chars,8,3,1
persephone-tools_persephone.persephone.preprocess,labels,,segment_into_tokens,25,3,2
persephone-tools_persephone.persephone.preprocess,labels,,make_indices_to_labels,3,1,1
persephone-tools_persephone.persephone.preprocess,pangloss,,get_sents_times_and_translations,31,10,1
persephone-tools_persephone.persephone.preprocess,pangloss,,remove_content_in_brackets,11,6,2
persephone-tools_persephone.persephone.preprocess,wav,,millisecs_to_secs,2,1,1
persephone-tools_persephone.persephone.preprocess,wav,,trim_wav_ms,13,3,4
persephone-tools_persephone.persephone.preprocess,wav,,trim_wav_pydub,13,2,4
persephone-tools_persephone.persephone.preprocess,wav,,trim_wav_sox,12,2,4
persephone-tools_persephone.persephone.preprocess,wav,,extract_wavs,14,4,3
persephone-tools_persephone.persephone.tests,conftest,,make_wav,27,2,0
persephone-tools_persephone.persephone.tests,conftest,,create_sine,27,1,0
persephone-tools_persephone.persephone.tests,conftest,,create_note_sequence,10,1,1
persephone-tools_persephone.persephone.tests,conftest,,create_test_corpus,58,0,3
persephone-tools_persephone.persephone.tests,test_corpus,,test_corpus_import,2,1,0
persephone-tools_persephone.persephone.tests,test_corpus,,test_missing_experiment_dir,10,1,0
persephone-tools_persephone.persephone.tests,test_corpus,,test_missing_wav_dir,11,1,1
persephone-tools_persephone.persephone.tests,test_corpus,,test_create_corpus_no_data,13,1,1
persephone-tools_persephone.persephone.tests,test_corpus,,test_create_corpus_basic,24,1,3
persephone-tools_persephone.persephone.tests,test_corpus,,test_corpus_with_predefined_data_sets,32,1,3
persephone-tools_persephone.persephone.tests,test_corpus,,test_create_corpus_label_mismatch,19,1,1
persephone-tools_persephone.persephone.tests,test_corpus,,test_determine_labels_throws,6,1,0
persephone-tools_persephone.persephone.tests,test_corpus,,test_determine_labels,21,1,1
persephone-tools_persephone.persephone.tests,test_corpus,,test_data_overlap,16,1,0
persephone-tools_persephone.persephone.tests,test_corpus,,test_untranscribed_wavs,17,1,1
persephone-tools_persephone.persephone.tests,test_corpus,,test_untranscribed_prefixes_from_file,13,1,1
persephone-tools_persephone.persephone.tests,test_corpus,,test_divide_prefixes_too_few,7,1,0
persephone-tools_persephone.persephone.tests,test_corpus,,test_divide_prefixes,6,1,0
persephone-tools_persephone.persephone.tests,test_corpus_reader,,test_corpus_reader,9,1,1
persephone-tools_persephone.persephone.tests,test_datasets,,test_na,2,1,0
persephone-tools_persephone.persephone.tests,test_datasets,,test_kunwinjku_steven,2,1,0
persephone-tools_persephone.persephone.tests,test_distance,,rand_str,2,1,2
persephone-tools_persephone.persephone.tests,test_distance,,seq_cases,17,3,0
persephone-tools_persephone.persephone.tests,test_distance,,test_med,9,3,1
persephone-tools_persephone.persephone.tests,test_distance,,test_med_align,26,9,1
persephone-tools_persephone.persephone.tests,test_feature_extraction,,test_empty_wave,12,1,3
persephone-tools_persephone.persephone.tests,test_feature_extraction,,test_empty_wave_skipped,10,1,2
persephone-tools_persephone.persephone.tests,test_results,,prepared_data,19,3,1
persephone-tools_persephone.persephone.tests,test_results,,test_speaker_results,46,9,1
persephone-tools_persephone.persephone.tests,test_rnn_ctc_model,,test_model_creation,15,1,1
persephone-tools_persephone.persephone.tests,test_rnn_ctc_model,,test_model_train_and_decode,39,1,4
persephone-tools_persephone.persephone.tests,test_rnn_ctc_model,,test_model_train_callback,28,1,4
persephone-tools_persephone.persephone.tests,test_transcription_preprocessing,,test_segment_into_chars,13,1,0
persephone-tools_persephone.persephone.tests,test_transcription_preprocessing,,test_segment_into_tokens,15,1,0
persephone-tools_persephone.persephone.tests,test_transcription_preprocessing,,test_unicode_segmentation,19,2,0
persephone-tools_persephone.persephone.tests,test_utils,,test_is_number,5,1,0
persephone-tools_persephone.persephone.tests,test_utils,,test_make_batches,12,1,0
persephone-tools_persephone.persephone.tests,test_utils,,test_zero_batch_size,5,1,0
persephone-tools_persephone.persephone.tests,test_utterance,,test_too_short,21,1,0
persephone-tools_persephone.persephone.tests,test_utterance,,test_remove_duplicates_same_time,38,2,0
persephone-tools_persephone.persephone.tests,test_utterance,,test_utterance_durations,30,1,0
persephone-tools_persephone.persephone.tests,test_utterance,,test_make_speaker_utters,51,1,0
persephone-tools_persephone.persephone.tests,test_utterance,,test_speaker_durations,52,1,0
persephone-tools_persephone.persephone.tests.experiments,test_bkw,TestBKWExperiment,clean_git,2,1,0
persephone-tools_persephone.persephone.tests.experiments,test_bkw,TestBKWExperiment,test_tf_gpu,7,1,0
persephone-tools_persephone.persephone.tests.experiments,test_bkw,TestBKWExperiment,train_bkw,6,1,1
persephone-tools_persephone.persephone.tests.experiments,test_bkw,TestBKWExperiment,test_bkw_2_layers,2,1,1
persephone-tools_persephone.persephone.tests.experiments,test_bkw,TestBKWExperiment,test_bkw_3_layers,2,1,1
persephone-tools_persephone.persephone.tests.experiments,test_bkw,TestBKW,check_corpus,2,1,1
persephone-tools_persephone.persephone.tests.experiments,test_bkw,TestBKW,test_bkw_preprocess,2,1,3
persephone-tools_persephone.persephone.tests.experiments,test_bkw,TestBKW,test_bkw_after_preprocessing,2,1,1
persephone-tools_persephone.persephone.tests.experiments,test_bkw,TestBKW,count_empty,6,3,1
persephone-tools_persephone.persephone.tests.experiments,test_bkw,TestBKW,test_utterances_from_dir,20,1,1
persephone-tools_persephone.persephone.tests.experiments,test_bkw,TestBKW,check_text_in_utters,5,2,2
persephone-tools_persephone.persephone.tests.experiments,test_bkw,TestBKW,test_mark_on_rock_rf_xv_duplicate,17,1,1
persephone-tools_persephone.persephone.tests.experiments,test_bkw,TestBKW,test_corpus_duration,5,1,1
persephone-tools_persephone.persephone.tests.experiments,test_bkw,TestBKW,test_explore_code_switching,7,1,1
persephone-tools_persephone.persephone.tests.experiments,test_bkw,TestBKW,test_speaker_id,15,3,1
persephone-tools_persephone.persephone.tests.experiments,test_bkw,TestBKW,test_overlapping_utters,5,1,1
persephone-tools_persephone.persephone.tests.experiments,test_bkw,TestBKW,test_speaker_durations,24,2,1
persephone-tools_persephone.persephone.tests.experiments,test_bkw,TestBKW,test_poly_durations,7,1,1
persephone-tools_persephone.persephone.tests.experiments,test_bkw,TestBKW,test_train_data_isnt_test_data,14,1,1
persephone-tools_persephone.persephone.tests.experiments,test_bkw,TestBKW,test_multispeaker,6,1,1
persephone-tools_persephone.persephone.tests.experiments,test_bkw,TestBKW,test_utt2spk,7,1,1
persephone-tools_persephone.persephone.tests.experiments,test_bkw,TestBKW,test_deterministic,18,1,1
persephone-tools_persephone.persephone.tests.experiments,test_bkw,TestBKW,test_deterministic_2,12,1,1
persephone-tools_persephone.persephone.tests.experiments,test_bkw,TestBKW,test_empty_wav,9,2,1
persephone-tools_persephone.persephone.tests.experiments,test_bkw,TestBKW,test_pickle_corpus,6,1,1
persephone-tools_persephone.persephone.tests.experiments,test_bkw,,prep_org_data,9,2,0
persephone-tools_persephone.persephone.tests.experiments,test_bkw,,clean_tgt_dir,5,2,0
persephone-tools_persephone.persephone.tests.experiments,test_bkw,,preprocessed_corpus,2,1,1
persephone-tools_persephone.persephone.tests.experiments,test_bkw,,test_load_model,2,1,0
persephone-tools_persephone.persephone.tests.experiments,test_bkw,,test_feed_batch,13,1,1
persephone-tools_persephone.persephone.tests.experiments,test_bkw,,test_decode,15,1,1
persephone-tools_persephone.persephone.tests.experiments,test_na,,set_up_base_testing_dir,5,3,1
persephone-tools_persephone.persephone.tests.experiments,test_na,,rm_dir,4,2,1
persephone-tools_persephone.persephone.tests.experiments,test_na,,download_example_data,12,2,2
persephone-tools_persephone.persephone.tests.experiments,test_na,,get_test_ler,5,1,1
persephone-tools_persephone.persephone.tests.experiments,test_na,,test_tutorial,10,1,0
persephone-tools_persephone.persephone.tests.experiments,test_na,,test_fast,14,1,0
persephone-tools_persephone.persephone.tests.experiments,test_na,,test_full_na,41,1,0
persephone-tools_persephone.persephone.tests.experiments,test_na,,test_na_preprocess,13,1,0
persephone-tools_persephone.persephone.tests.experiments,test_na,,prep_org_data,15,3,0
persephone-tools_persephone.persephone.tests.experiments,test_na,,preprocess_na,17,2,1
persephone-tools_persephone.persephone.tests.experiments,test_na,,test_reuse_model,11,1,1
persephone-tools_persephone.persephone.tests.experiments,test_na,,test_load_saver,7,1,0
persephone-tools_persephone.persephone.tests.experiments,test_na,,test_load_meta,62,5,0
persephone-tools_persephone.persephone.tests.experiments,test_na,,test_feed_batch,9,1,0
