Package,Module,Class,Smell,Function/Method,Line no,File,Details
kerlomz_captcha_platform,category,,Long statement,,7,/Volumes/BrokeExt/NICHE/kerlomz_captcha_platform/category.py,A line with 144 chars in category exceeds the maximum length of 120 characters.
kerlomz_captcha_platform,category,,Long statement,,9,/Volumes/BrokeExt/NICHE/kerlomz_captcha_platform/category.py,A line with 144 chars in category exceeds the maximum length of 120 characters.
kerlomz_captcha_platform,category,,Long statement,,12,/Volumes/BrokeExt/NICHE/kerlomz_captcha_platform/category.py,A line with 17580 chars in category exceeds the maximum length of 120 characters.
kerlomz_captcha_platform,category,,Long statement,,191,/Volumes/BrokeExt/NICHE/kerlomz_captcha_platform/category.py,A line with 719 chars in category exceeds the maximum length of 120 characters.
kerlomz_captcha_platform,category,,Long statement,,201,/Volumes/BrokeExt/NICHE/kerlomz_captcha_platform/category.py,A line with 28905 chars in category exceeds the maximum length of 120 characters.
kerlomz_captcha_platform,category,,Long statement,,495,/Volumes/BrokeExt/NICHE/kerlomz_captcha_platform/category.py,A line with 657 chars in category exceeds the maximum length of 120 characters.
kerlomz_captcha_platform,config,Config,Long method,__init__,94 - 152,/Volumes/BrokeExt/NICHE/kerlomz_captcha_platform/config.py,Method '__init__' is too long (56 lines).
kerlomz_captcha_platform,config,ModelConfig,Long method,__init__,258 - 333,/Volumes/BrokeExt/NICHE/kerlomz_captcha_platform/config.py,Method '__init__' is too long (68 lines).
kerlomz_captcha_platform,config,Config,Long statement,__init__,112,/Volumes/BrokeExt/NICHE/kerlomz_captcha_platform/config.py,A line with 122 chars in __init__ exceeds the maximum length of 120 characters.
kerlomz_captcha_platform,config,Config,Long statement,__init__,116,/Volumes/BrokeExt/NICHE/kerlomz_captcha_platform/config.py,A line with 130 chars in __init__ exceeds the maximum length of 120 characters.
kerlomz_captcha_platform,config,Config,Long statement,__init__,122,/Volumes/BrokeExt/NICHE/kerlomz_captcha_platform/config.py,A line with 151 chars in __init__ exceeds the maximum length of 120 characters.
kerlomz_captcha_platform,config,Config,Long statement,__init__,126,/Volumes/BrokeExt/NICHE/kerlomz_captcha_platform/config.py,A line with 161 chars in __init__ exceeds the maximum length of 120 characters.
kerlomz_captcha_platform,config,Config,Long statement,__init__,142,/Volumes/BrokeExt/NICHE/kerlomz_captcha_platform/config.py,A line with 132 chars in __init__ exceeds the maximum length of 120 characters.
kerlomz_captcha_platform,config,Config,Long statement,init_logger,167,/Volumes/BrokeExt/NICHE/kerlomz_captcha_platform/config.py,A line with 175 chars in init_logger exceeds the maximum length of 120 characters.
kerlomz_captcha_platform,config,Model,Long statement,verify,222,/Volumes/BrokeExt/NICHE/kerlomz_captcha_platform/config.py,A line with 184 chars in verify exceeds the maximum length of 120 characters.
kerlomz_captcha_platform,config,ModelConfig,Long statement,__init__,269,/Volumes/BrokeExt/NICHE/kerlomz_captcha_platform/config.py,A line with 230 chars in __init__ exceeds the maximum length of 120 characters.
kerlomz_captcha_platform,config,ModelConfig,Long statement,__init__,278,/Volumes/BrokeExt/NICHE/kerlomz_captcha_platform/config.py,A line with 230 chars in __init__ exceeds the maximum length of 120 characters.
kerlomz_captcha_platform,config,Config,Magic number,__init__,104,/Volumes/BrokeExt/NICHE/kerlomz_captcha_platform/config.py,Magic number 19952 used in __init__.
kerlomz_captcha_platform,config,Config,Magic number,assignment,183,/Volumes/BrokeExt/NICHE/kerlomz_captcha_platform/config.py,Magic number 2 used in assignment.
kerlomz_captcha_platform,config,Config,Magic number,assignment,191,/Volumes/BrokeExt/NICHE/kerlomz_captcha_platform/config.py,Magic number 16 used in assignment.
kerlomz_captcha_platform,demo,GoogleRPC,Long parameter list,request,144 - 159,/Volumes/BrokeExt/NICHE/kerlomz_captcha_platform/demo.py,"request has 6 parameters, exceeding the max of 5."
kerlomz_captcha_platform,demo,Auth,Long statement,sign,56,/Volumes/BrokeExt/NICHE/kerlomz_captcha_platform/demo.py,A line with 470 chars in sign exceeds the maximum length of 120 characters.
kerlomz_captcha_platform,demo,NoAuth,Long statement,local_iter,120,/Volumes/BrokeExt/NICHE/kerlomz_captcha_platform/demo.py,A line with 134 chars in local_iter exceeds the maximum length of 120 characters.
kerlomz_captcha_platform,demo,GoogleRPC,Long statement,request,151,/Volumes/BrokeExt/NICHE/kerlomz_captcha_platform/demo.py,A line with 146 chars in request exceeds the maximum length of 120 characters.
kerlomz_captcha_platform,demo,GoogleRPC,Long statement,local_iter,163,/Volumes/BrokeExt/NICHE/kerlomz_captcha_platform/demo.py,A line with 128 chars in local_iter exceeds the maximum length of 120 characters.
kerlomz_captcha_platform,demo,,Long statement,,253,/Volumes/BrokeExt/NICHE/kerlomz_captcha_platform/demo.py,A line with 190 chars in demo exceeds the maximum length of 120 characters.
kerlomz_captcha_platform,demo,GoogleRPC,Magic number,remote_iter,173,/Volumes/BrokeExt/NICHE/kerlomz_captcha_platform/demo.py,Magic number 100 used in remote_iter.
kerlomz_captcha_platform,event_handler,FileEventHandler,Complex method,_add,46 - 105,/Volumes/BrokeExt/NICHE/kerlomz_captcha_platform/event_handler.py,"Method '_add' has a cyclomatic complexity of 11, exceeding the max of 6."
kerlomz_captcha_platform,event_handler,FileEventHandler,Long method,_add,46 - 105,/Volumes/BrokeExt/NICHE/kerlomz_captcha_platform/event_handler.py,Method '_add' is too long (60 lines).
kerlomz_captcha_platform,event_handler,FileEventHandler,Long statement,init,29,/Volumes/BrokeExt/NICHE/kerlomz_captcha_platform/event_handler.py,A line with 249 chars in init exceeds the maximum length of 120 characters.
kerlomz_captcha_platform,event_handler,FileEventHandler,Long statement,init,37,/Volumes/BrokeExt/NICHE/kerlomz_captcha_platform/event_handler.py,A line with 268 chars in init exceeds the maximum length of 120 characters.
kerlomz_captcha_platform,event_handler,FileEventHandler,Long statement,_add,54,/Volumes/BrokeExt/NICHE/kerlomz_captcha_platform/event_handler.py,A line with 400 chars in _add exceeds the maximum length of 120 characters.
kerlomz_captcha_platform,event_handler,FileEventHandler,Long statement,_add,71,/Volumes/BrokeExt/NICHE/kerlomz_captcha_platform/event_handler.py,A line with 407 chars in _add exceeds the maximum length of 120 characters.
kerlomz_captcha_platform,event_handler,FileEventHandler,Long statement,on_created,125,/Volumes/BrokeExt/NICHE/kerlomz_captcha_platform/event_handler.py,A line with 273 chars in on_created exceeds the maximum length of 120 characters.
kerlomz_captcha_platform,event_handler,FileEventHandler,Long statement,on_deleted,144,/Volumes/BrokeExt/NICHE/kerlomz_captcha_platform/event_handler.py,A line with 273 chars in on_deleted exceeds the maximum length of 120 characters.
kerlomz_captcha_platform,event_handler,FileEventHandler,Magic number,_add,99,/Volumes/BrokeExt/NICHE/kerlomz_captcha_platform/event_handler.py,Magic number 12 used in _add.
kerlomz_captcha_platform,graph_session,GraphSession,Long statement,__init__,23,/Volumes/BrokeExt/NICHE/kerlomz_captcha_platform/graph_session.py,A line with 176 chars in __init__ exceeds the maximum length of 120 characters.
kerlomz_captcha_platform,predict,,Long parameter list,predict_func,11 - 30,/Volumes/BrokeExt/NICHE/kerlomz_captcha_platform/predict.py,"predict_func has 6 parameters, exceeding the max of 5."
kerlomz_captcha_platform,signature,Signature,Complex method,_verification,73 - 112,/Volumes/BrokeExt/NICHE/kerlomz_captcha_platform/signature.py,"Method '_verification' has a cyclomatic complexity of 8, exceeding the max of 6."
kerlomz_captcha_platform,signature,Signature,Long statement,_check_req_access_key,48,/Volumes/BrokeExt/NICHE/kerlomz_captcha_platform/signature.py,A line with 129 chars in _check_req_access_key exceeds the maximum length of 120 characters.
kerlomz_captcha_platform,signature,Signature,Long statement,_get_secret_key,56,/Volumes/BrokeExt/NICHE/kerlomz_captcha_platform/signature.py,A line with 139 chars in _get_secret_key exceeds the maximum length of 120 characters.
kerlomz_captcha_platform,signature,Signature,Long statement,_sign,63,/Volumes/BrokeExt/NICHE/kerlomz_captcha_platform/signature.py,A line with 125 chars in _sign exceeds the maximum length of 120 characters.
kerlomz_captcha_platform,signature,Signature,Long statement,_verification,74,/Volumes/BrokeExt/NICHE/kerlomz_captcha_platform/signature.py,A line with 125 chars in _verification exceeds the maximum length of 120 characters.
kerlomz_captcha_platform,signature,Signature,Magic number,__init__,29,/Volumes/BrokeExt/NICHE/kerlomz_captcha_platform/signature.py,Magic number 120 used in __init__.
kerlomz_captcha_platform,signature,Signature,Magic number,_check_req_timestamp,40,/Volumes/BrokeExt/NICHE/kerlomz_captcha_platform/signature.py,Magic number 10 used in _check_req_timestamp.
kerlomz_captcha_platform,tornado_server,NoAuthHandler,Complex conditional,predict,133,/Volumes/BrokeExt/NICHE/kerlomz_captcha_platform/tornado_server.py,"A conditional in predict has 5 conditions, more than the recommended maximum 3 conditions."
kerlomz_captcha_platform,tornado_server,NoAuthHandler,Complex method,post,157 - 429,/Volumes/BrokeExt/NICHE/kerlomz_captcha_platform/tornado_server.py,"Method 'post' has a cyclomatic complexity of 26, exceeding the max of 6."
kerlomz_captcha_platform,tornado_server,NoAuthHandler,Long method,post,157 - 429,/Volumes/BrokeExt/NICHE/kerlomz_captcha_platform/tornado_server.py,Method 'post' is too long (253 lines).
kerlomz_captcha_platform,tornado_server,SimpleHandler,Long method,post,445 - 507,/Volumes/BrokeExt/NICHE/kerlomz_captcha_platform/tornado_server.py,Method 'post' is too long (55 lines).
kerlomz_captcha_platform,tornado_server,,Long statement,make_app,549,/Volumes/BrokeExt/NICHE/kerlomz_captcha_platform/tornado_server.py,A line with 226 chars in make_app exceeds the maximum length of 120 characters.
kerlomz_captcha_platform,tornado_server,NoAuthHandler,Long statement,post,183,/Volumes/BrokeExt/NICHE/kerlomz_captcha_platform/tornado_server.py,A line with 134 chars in post exceeds the maximum length of 120 characters.
kerlomz_captcha_platform,tornado_server,NoAuthHandler,Long statement,post,189,/Volumes/BrokeExt/NICHE/kerlomz_captcha_platform/tornado_server.py,A line with 166 chars in post exceeds the maximum length of 120 characters.
kerlomz_captcha_platform,tornado_server,NoAuthHandler,Long statement,post,193,/Volumes/BrokeExt/NICHE/kerlomz_captcha_platform/tornado_server.py,A line with 215 chars in post exceeds the maximum length of 120 characters.
kerlomz_captcha_platform,tornado_server,NoAuthHandler,Long statement,post,201,/Volumes/BrokeExt/NICHE/kerlomz_captcha_platform/tornado_server.py,A line with 156 chars in post exceeds the maximum length of 120 characters.
kerlomz_captcha_platform,tornado_server,NoAuthHandler,Long statement,post,213,/Volumes/BrokeExt/NICHE/kerlomz_captcha_platform/tornado_server.py,A line with 234 chars in post exceeds the maximum length of 120 characters.
kerlomz_captcha_platform,tornado_server,NoAuthHandler,Long statement,post,219,/Volumes/BrokeExt/NICHE/kerlomz_captcha_platform/tornado_server.py,A line with 130 chars in post exceeds the maximum length of 120 characters.
kerlomz_captcha_platform,tornado_server,NoAuthHandler,Long statement,post,222,/Volumes/BrokeExt/NICHE/kerlomz_captcha_platform/tornado_server.py,A line with 154 chars in post exceeds the maximum length of 120 characters.
kerlomz_captcha_platform,tornado_server,NoAuthHandler,Long statement,post,232,/Volumes/BrokeExt/NICHE/kerlomz_captcha_platform/tornado_server.py,A line with 221 chars in post exceeds the maximum length of 120 characters.
kerlomz_captcha_platform,tornado_server,NoAuthHandler,Long statement,post,237,/Volumes/BrokeExt/NICHE/kerlomz_captcha_platform/tornado_server.py,A line with 190 chars in post exceeds the maximum length of 120 characters.
kerlomz_captcha_platform,tornado_server,NoAuthHandler,Long statement,post,245,/Volumes/BrokeExt/NICHE/kerlomz_captcha_platform/tornado_server.py,A line with 244 chars in post exceeds the maximum length of 120 characters.
kerlomz_captcha_platform,tornado_server,NoAuthHandler,Long statement,post,250,/Volumes/BrokeExt/NICHE/kerlomz_captcha_platform/tornado_server.py,A line with 177 chars in post exceeds the maximum length of 120 characters.
kerlomz_captcha_platform,tornado_server,NoAuthHandler,Long statement,post,259,/Volumes/BrokeExt/NICHE/kerlomz_captcha_platform/tornado_server.py,A line with 242 chars in post exceeds the maximum length of 120 characters.
kerlomz_captcha_platform,tornado_server,NoAuthHandler,Long statement,post,264,/Volumes/BrokeExt/NICHE/kerlomz_captcha_platform/tornado_server.py,A line with 177 chars in post exceeds the maximum length of 120 characters.
kerlomz_captcha_platform,tornado_server,NoAuthHandler,Long statement,post,278,/Volumes/BrokeExt/NICHE/kerlomz_captcha_platform/tornado_server.py,A line with 246 chars in post exceeds the maximum length of 120 characters.
kerlomz_captcha_platform,tornado_server,NoAuthHandler,Long statement,post,283,/Volumes/BrokeExt/NICHE/kerlomz_captcha_platform/tornado_server.py,A line with 177 chars in post exceeds the maximum length of 120 characters.
kerlomz_captcha_platform,tornado_server,NoAuthHandler,Long statement,post,297,/Volumes/BrokeExt/NICHE/kerlomz_captcha_platform/tornado_server.py,A line with 130 chars in post exceeds the maximum length of 120 characters.
kerlomz_captcha_platform,tornado_server,NoAuthHandler,Long statement,post,311,/Volumes/BrokeExt/NICHE/kerlomz_captcha_platform/tornado_server.py,A line with 322 chars in post exceeds the maximum length of 120 characters.
kerlomz_captcha_platform,tornado_server,NoAuthHandler,Long statement,post,316,/Volumes/BrokeExt/NICHE/kerlomz_captcha_platform/tornado_server.py,A line with 164 chars in post exceeds the maximum length of 120 characters.
kerlomz_captcha_platform,tornado_server,NoAuthHandler,Long statement,post,327,/Volumes/BrokeExt/NICHE/kerlomz_captcha_platform/tornado_server.py,A line with 281 chars in post exceeds the maximum length of 120 characters.
kerlomz_captcha_platform,tornado_server,NoAuthHandler,Long statement,post,332,/Volumes/BrokeExt/NICHE/kerlomz_captcha_platform/tornado_server.py,A line with 168 chars in post exceeds the maximum length of 120 characters.
kerlomz_captcha_platform,tornado_server,NoAuthHandler,Long statement,post,361,/Volumes/BrokeExt/NICHE/kerlomz_captcha_platform/tornado_server.py,A line with 130 chars in post exceeds the maximum length of 120 characters.
kerlomz_captcha_platform,tornado_server,NoAuthHandler,Long statement,post,373,/Volumes/BrokeExt/NICHE/kerlomz_captcha_platform/tornado_server.py,A line with 173 chars in post exceeds the maximum length of 120 characters.
kerlomz_captcha_platform,tornado_server,NoAuthHandler,Long statement,post,380,/Volumes/BrokeExt/NICHE/kerlomz_captcha_platform/tornado_server.py,A line with 133 chars in post exceeds the maximum length of 120 characters.
kerlomz_captcha_platform,tornado_server,NoAuthHandler,Long statement,post,390,/Volumes/BrokeExt/NICHE/kerlomz_captcha_platform/tornado_server.py,A line with 208 chars in post exceeds the maximum length of 120 characters.
kerlomz_captcha_platform,tornado_server,NoAuthHandler,Long statement,post,400,/Volumes/BrokeExt/NICHE/kerlomz_captcha_platform/tornado_server.py,A line with 132 chars in post exceeds the maximum length of 120 characters.
kerlomz_captcha_platform,tornado_server,NoAuthHandler,Long statement,post,412,/Volumes/BrokeExt/NICHE/kerlomz_captcha_platform/tornado_server.py,A line with 242 chars in post exceeds the maximum length of 120 characters.
kerlomz_captcha_platform,tornado_server,NoAuthHandler,Long statement,post,424,/Volumes/BrokeExt/NICHE/kerlomz_captcha_platform/tornado_server.py,A line with 140 chars in post exceeds the maximum length of 120 characters.
kerlomz_captcha_platform,tornado_server,SimpleHandler,Long statement,post,451,/Volumes/BrokeExt/NICHE/kerlomz_captcha_platform/tornado_server.py,A line with 134 chars in post exceeds the maximum length of 120 characters.
kerlomz_captcha_platform,tornado_server,SimpleHandler,Long statement,post,477,/Volumes/BrokeExt/NICHE/kerlomz_captcha_platform/tornado_server.py,A line with 277 chars in post exceeds the maximum length of 120 characters.
kerlomz_captcha_platform,tornado_server,SimpleHandler,Long statement,post,482,/Volumes/BrokeExt/NICHE/kerlomz_captcha_platform/tornado_server.py,A line with 147 chars in post exceeds the maximum length of 120 characters.
kerlomz_captcha_platform,tornado_server,SimpleHandler,Long statement,post,495,/Volumes/BrokeExt/NICHE/kerlomz_captcha_platform/tornado_server.py,A line with 180 chars in post exceeds the maximum length of 120 characters.
kerlomz_captcha_platform,tornado_server,SimpleHandler,Long statement,post,502,/Volumes/BrokeExt/NICHE/kerlomz_captcha_platform/tornado_server.py,A line with 176 chars in post exceeds the maximum length of 120 characters.
kerlomz_captcha_platform,utils,ImageUtils,Complex conditional,test_image,227,/Volumes/BrokeExt/NICHE/kerlomz_captcha_platform/utils.py,"A conditional in test_image has 4 conditions, more than the recommended maximum 3 conditions."
kerlomz_captcha_platform,utils,ImageUtils,Complex conditional,test_image,231,/Volumes/BrokeExt/NICHE/kerlomz_captcha_platform/utils.py,"A conditional in test_image has 4 conditions, more than the recommended maximum 3 conditions."
kerlomz_captcha_platform,utils,ImageUtils,Complex conditional,test_image,235,/Volumes/BrokeExt/NICHE/kerlomz_captcha_platform/utils.py,"A conditional in test_image has 4 conditions, more than the recommended maximum 3 conditions."
kerlomz_captcha_platform,utils,ImageUtils,Complex method,get_image_batch,118 - 193,/Volumes/BrokeExt/NICHE/kerlomz_captcha_platform/utils.py,"Method 'get_image_batch' has a cyclomatic complexity of 16, exceeding the max of 6."
kerlomz_captcha_platform,utils,ImageUtils,Empty catch block,get_bytes_batch,109,/Volumes/BrokeExt/NICHE/kerlomz_captcha_platform/utils.py,Empty catch block found in get_bytes_batch.
kerlomz_captcha_platform,utils,ImageUtils,Empty catch block,get_image_batch,189,/Volumes/BrokeExt/NICHE/kerlomz_captcha_platform/utils.py,Empty catch block found in get_image_batch.
kerlomz_captcha_platform,utils,ImageUtils,Empty catch block,size_of_image,202,/Volumes/BrokeExt/NICHE/kerlomz_captcha_platform/utils.py,Empty catch block found in size_of_image.
kerlomz_captcha_platform,utils,ImageUtils,Empty catch block,size_of_image,204,/Volumes/BrokeExt/NICHE/kerlomz_captcha_platform/utils.py,Empty catch block found in size_of_image.
kerlomz_captcha_platform,utils,SystemUtils,Empty catch block,isdir,263,/Volumes/BrokeExt/NICHE/kerlomz_captcha_platform/utils.py,Empty catch block found in isdir.
kerlomz_captcha_platform,utils,ImageUtils,Long method,get_image_batch,118 - 193,/Volumes/BrokeExt/NICHE/kerlomz_captcha_platform/utils.py,Method 'get_image_batch' is too long (71 lines).
kerlomz_captcha_platform,utils,SystemUtils,Long statement,datetime,253,/Volumes/BrokeExt/NICHE/kerlomz_captcha_platform/utils.py,A line with 126 chars in datetime exceeds the maximum length of 120 characters.
kerlomz_captcha_platform,utils,ImageUtils,Magic number,get_image_batch,184,/Volumes/BrokeExt/NICHE/kerlomz_captcha_platform/utils.py,Magic number 255.0 used in get_image_batch.
kerlomz_captcha_platform,utils,ImageUtils,Magic number,get_image_batch,144,/Volumes/BrokeExt/NICHE/kerlomz_captcha_platform/utils.py,Magic number 3 used in get_image_batch.
kerlomz_captcha_platform,utils,ImageUtils,Magic number,get_image_batch,144,/Volumes/BrokeExt/NICHE/kerlomz_captcha_platform/utils.py,Magic number 3 used in get_image_batch.
kerlomz_captcha_platform,utils,ImageUtils,Magic number,get_image_batch,163,/Volumes/BrokeExt/NICHE/kerlomz_captcha_platform/utils.py,Magic number 3 used in get_image_batch.
kerlomz_captcha_platform,utils,ImageUtils,Magic number,get_image_batch,136,/Volumes/BrokeExt/NICHE/kerlomz_captcha_platform/utils.py,Magic number 3 used in get_image_batch.
kerlomz_captcha_platform,utils,ImageUtils,Magic number,test_image,227,/Volumes/BrokeExt/NICHE/kerlomz_captcha_platform/utils.py,Magic number 3 used in test_image.
kerlomz_captcha_platform,utils,ImageUtils,Magic number,test_image,231,/Volumes/BrokeExt/NICHE/kerlomz_captcha_platform/utils.py,Magic number 3 used in test_image.
kerlomz_captcha_platform,utils,ImageUtils,Magic number,test_image,235,/Volumes/BrokeExt/NICHE/kerlomz_captcha_platform/utils.py,Magic number 3 used in test_image.
kerlomz_captcha_platform,utils,ImageUtils,Magic number,test_image,210,/Volumes/BrokeExt/NICHE/kerlomz_captcha_platform/utils.py,Magic number 3 used in test_image.
kerlomz_captcha_platform,utils,ImageUtils,Magic number,test_image,213,/Volumes/BrokeExt/NICHE/kerlomz_captcha_platform/utils.py,Magic number 8 used in test_image.
kerlomz_captcha_platform,utils,ImageUtils,Magic number,test_image,216,/Volumes/BrokeExt/NICHE/kerlomz_captcha_platform/utils.py,Magic number 6 used in test_image.
kerlomz_captcha_platform,utils,ImageUtils,Magic number,test_image,219,/Volumes/BrokeExt/NICHE/kerlomz_captcha_platform/utils.py,Magic number 2 used in test_image.
kerlomz_captcha_platform,utils,ImageUtils,Magic number,test_image,221,/Volumes/BrokeExt/NICHE/kerlomz_captcha_platform/utils.py,Magic number 2 used in test_image.
kerlomz_captcha_platform,utils,ImageUtils,Magic number,test_image,224,/Volumes/BrokeExt/NICHE/kerlomz_captcha_platform/utils.py,Magic number 2 used in test_image.
kerlomz_captcha_platform,utils,ImageUtils,Magic number,test_image,228,/Volumes/BrokeExt/NICHE/kerlomz_captcha_platform/utils.py,Magic number 2 used in test_image.
kerlomz_captcha_platform,utils,ImageUtils,Magic number,test_image,232,/Volumes/BrokeExt/NICHE/kerlomz_captcha_platform/utils.py,Magic number 2 used in test_image.
kerlomz_captcha_platform,utils,ImageUtils,Magic number,test_image,235,/Volumes/BrokeExt/NICHE/kerlomz_captcha_platform/utils.py,Magic number 2 used in test_image.
kerlomz_captcha_platform,utils,ImageUtils,Magic number,test_image,238,/Volumes/BrokeExt/NICHE/kerlomz_captcha_platform/utils.py,Magic number 4 used in test_image.
kerlomz_captcha_platform.compat,flask_server,,Long method,common_request,81 - 135,/Volumes/BrokeExt/NICHE/kerlomz_captcha_platform/compat/flask_server.py,Method 'common_request' is too long (43 lines).
kerlomz_captcha_platform.compat,flask_server,,Long statement,common_request,97,/Volumes/BrokeExt/NICHE/kerlomz_captcha_platform/compat/flask_server.py,A line with 133 chars in common_request exceeds the maximum length of 120 characters.
kerlomz_captcha_platform.compat,flask_server,,Long statement,common_request,120,/Volumes/BrokeExt/NICHE/kerlomz_captcha_platform/compat/flask_server.py,A line with 180 chars in common_request exceeds the maximum length of 120 characters.
kerlomz_captcha_platform.compat,flask_server,,Long statement,common_request,127,/Volumes/BrokeExt/NICHE/kerlomz_captcha_platform/compat/flask_server.py,A line with 183 chars in common_request exceeds the maximum length of 120 characters.
kerlomz_captcha_platform.compat,flask_server,,Magic number,common_request,135,/Volumes/BrokeExt/NICHE/kerlomz_captcha_platform/compat/flask_server.py,Magic number 200 used in common_request.
kerlomz_captcha_platform.compat,flask_server,,Magic number,common_request,101,/Volumes/BrokeExt/NICHE/kerlomz_captcha_platform/compat/flask_server.py,Magic number 200 used in common_request.
kerlomz_captcha_platform.compat,flask_server,,Magic number,common_request,124,/Volumes/BrokeExt/NICHE/kerlomz_captcha_platform/compat/flask_server.py,Magic number 200 used in common_request.
kerlomz_captcha_platform.compat,grpc_pb2,,Long statement,,17,/Volumes/BrokeExt/NICHE/kerlomz_captcha_platform/compat/grpc_pb2.py,A line with 624 chars in grpc_pb2 exceeds the maximum length of 120 characters.
kerlomz_captcha_platform.compat,grpc_pb2,,Long statement,,28,/Volumes/BrokeExt/NICHE/kerlomz_captcha_platform/compat/grpc_pb2.py,A line with 2361 chars in grpc_pb2 exceeds the maximum length of 120 characters.
kerlomz_captcha_platform.compat,grpc_pb2,,Long statement,,94,/Volumes/BrokeExt/NICHE/kerlomz_captcha_platform/compat/grpc_pb2.py,A line with 1285 chars in grpc_pb2 exceeds the maximum length of 120 characters.
kerlomz_captcha_platform.compat,grpc_pb2,,Long statement,,142,/Volumes/BrokeExt/NICHE/kerlomz_captcha_platform/compat/grpc_pb2.py,A line with 153 chars in grpc_pb2 exceeds the maximum length of 120 characters.
kerlomz_captcha_platform.compat,grpc_pb2,,Long statement,,149,/Volumes/BrokeExt/NICHE/kerlomz_captcha_platform/compat/grpc_pb2.py,A line with 150 chars in grpc_pb2 exceeds the maximum length of 120 characters.
kerlomz_captcha_platform.compat,grpc_pb2,,Long statement,,158,/Volumes/BrokeExt/NICHE/kerlomz_captcha_platform/compat/grpc_pb2.py,A line with 370 chars in grpc_pb2 exceeds the maximum length of 120 characters.
kerlomz_captcha_platform.compat,grpc_pb2_grpc,PredictStub,Long statement,__init__,17,/Volumes/BrokeExt/NICHE/kerlomz_captcha_platform/compat/grpc_pb2_grpc.py,A line with 175 chars in __init__ exceeds the maximum length of 120 characters.
kerlomz_captcha_platform.compat,grpc_server,Predict,Long statement,predict,58,/Volumes/BrokeExt/NICHE/kerlomz_captcha_platform/compat/grpc_server.py,A line with 202 chars in predict exceeds the maximum length of 120 characters.
kerlomz_captcha_platform.compat,grpc_server,Predict,Magic number,predict,47,/Volumes/BrokeExt/NICHE/kerlomz_captcha_platform/compat/grpc_server.py,Magic number 999 used in predict.
kerlomz_captcha_platform.compat,grpc_server,Predict,Magic number,predict,33,/Volumes/BrokeExt/NICHE/kerlomz_captcha_platform/compat/grpc_server.py,Magic number 999 used in predict.
kerlomz_captcha_platform.compat,sanic_server,,Long method,common_request,46 - 100,/Volumes/BrokeExt/NICHE/kerlomz_captcha_platform/compat/sanic_server.py,Method 'common_request' is too long (43 lines).
kerlomz_captcha_platform.compat,sanic_server,,Long statement,common_request,63,/Volumes/BrokeExt/NICHE/kerlomz_captcha_platform/compat/sanic_server.py,A line with 168 chars in common_request exceeds the maximum length of 120 characters.
kerlomz_captcha_platform.compat,sanic_server,,Long statement,common_request,86,/Volumes/BrokeExt/NICHE/kerlomz_captcha_platform/compat/sanic_server.py,A line with 180 chars in common_request exceeds the maximum length of 120 characters.
kerlomz_captcha_platform.compat,sanic_server,,Long statement,common_request,93,/Volumes/BrokeExt/NICHE/kerlomz_captcha_platform/compat/sanic_server.py,A line with 140 chars in common_request exceeds the maximum length of 120 characters.
kerlomz_captcha_platform.middleware.constructor,color_extractor,,Long statement,k_means,40,/Volumes/BrokeExt/NICHE/kerlomz_captcha_platform/middleware/constructor/color_extractor.py,A line with 157 chars in k_means exceeds the maximum length of 120 characters.
kerlomz_captcha_platform.middleware.constructor,color_extractor,,Magic number,k_means,27,/Volumes/BrokeExt/NICHE/kerlomz_captcha_platform/middleware/constructor/color_extractor.py,Magic number 2 used in k_means.
kerlomz_captcha_platform.middleware.constructor,color_extractor,,Magic number,k_means,30,/Volumes/BrokeExt/NICHE/kerlomz_captcha_platform/middleware/constructor/color_extractor.py,Magic number 3 used in k_means.
kerlomz_captcha_platform.middleware.constructor,color_extractor,,Magic number,k_means,33,/Volumes/BrokeExt/NICHE/kerlomz_captcha_platform/middleware/constructor/color_extractor.py,Magic number 7 used in k_means.
kerlomz_captcha_platform.middleware.constructor,color_extractor,,Magic number,k_means,56,/Volumes/BrokeExt/NICHE/kerlomz_captcha_platform/middleware/constructor/color_extractor.py,Magic number 255 used in k_means.
kerlomz_captcha_platform.middleware.constructor,color_extractor,,Magic number,filter_img,59,/Volumes/BrokeExt/NICHE/kerlomz_captcha_platform/middleware/constructor/color_extractor.py,Magic number 0.9 used in filter_img.
kerlomz_captcha_platform.middleware.constructor,color_extractor,,Magic number,filter_img,66,/Volumes/BrokeExt/NICHE/kerlomz_captcha_platform/middleware/constructor/color_extractor.py,Magic number 6 used in filter_img.
kerlomz_captcha_platform.middleware.constructor,color_extractor,,Magic number,filter_img,66,/Volumes/BrokeExt/NICHE/kerlomz_captcha_platform/middleware/constructor/color_extractor.py,Magic number 6 used in filter_img.
kerlomz_captcha_platform.middleware.impl,color_extractor,ColorExtract,Long statement,__init__,37,/Volumes/BrokeExt/NICHE/kerlomz_captcha_platform/middleware/impl/color_extractor.py,A line with 9841 chars in __init__ exceeds the maximum length of 120 characters.
kerlomz_captcha_platform.middleware.impl,color_extractor,ColorExtract,Long statement,__init__,39,/Volumes/BrokeExt/NICHE/kerlomz_captcha_platform/middleware/impl/color_extractor.py,A line with 196 chars in __init__ exceeds the maximum length of 120 characters.
kerlomz_captcha_platform.middleware.impl,corp_to_multi,,Magic number,parse_multi_img,33,/Volumes/BrokeExt/NICHE/kerlomz_captcha_platform/middleware/impl/corp_to_multi.py,Magic number 3 used in parse_multi_img.
kerlomz_captcha_platform.middleware.impl,gif_frames,,Magic number,concat_arr,20,/Volumes/BrokeExt/NICHE/kerlomz_captcha_platform/middleware/impl/gif_frames.py,Magic number 2 used in concat_arr.
kerlomz_captcha_platform.middleware.impl,gif_frames,,Magic number,blend_arr,43,/Volumes/BrokeExt/NICHE/kerlomz_captcha_platform/middleware/impl/gif_frames.py,Magic number 2 used in blend_arr.
kerlomz_captcha_platform.middleware.impl,gif_frames,,Magic number,blend_frame,57,/Volumes/BrokeExt/NICHE/kerlomz_captcha_platform/middleware/impl/gif_frames.py,Magic number 2 used in blend_frame.
kerlomz_captcha_platform.middleware.impl,gif_frames,,Magic number,blend_frame,57,/Volumes/BrokeExt/NICHE/kerlomz_captcha_platform/middleware/impl/gif_frames.py,Magic number 3 used in blend_frame.
kerlomz_captcha_platform.middleware.impl,gif_frames,,Magic number,blend_frame,57,/Volumes/BrokeExt/NICHE/kerlomz_captcha_platform/middleware/impl/gif_frames.py,Magic number 2 used in blend_frame.
kerlomz_captcha_platform.middleware.resource,color_filter,,Long statement,,4,/Volumes/BrokeExt/NICHE/kerlomz_captcha_platform/middleware/resource/color_filter.py,A line with 2948305 chars in color_filter exceeds the maximum length of 120 characters.
kerlomz_captcha_platform.sdk.onnx,sdk,ImageUtils,Complex conditional,test_image,625,/Volumes/BrokeExt/NICHE/kerlomz_captcha_platform/sdk/onnx/sdk.py,"A conditional in test_image has 4 conditions, more than the recommended maximum 3 conditions."
kerlomz_captcha_platform.sdk.onnx,sdk,ImageUtils,Complex conditional,test_image,629,/Volumes/BrokeExt/NICHE/kerlomz_captcha_platform/sdk/onnx/sdk.py,"A conditional in test_image has 4 conditions, more than the recommended maximum 3 conditions."
kerlomz_captcha_platform.sdk.onnx,sdk,ImageUtils,Complex conditional,test_image,633,/Volumes/BrokeExt/NICHE/kerlomz_captcha_platform/sdk/onnx/sdk.py,"A conditional in test_image has 4 conditions, more than the recommended maximum 3 conditions."
kerlomz_captcha_platform.sdk.onnx,sdk,ImageUtils,Complex method,get_image_batch,532 - 591,/Volumes/BrokeExt/NICHE/kerlomz_captcha_platform/sdk/onnx/sdk.py,"Method 'get_image_batch' has a cyclomatic complexity of 10, exceeding the max of 6."
kerlomz_captcha_platform.sdk.onnx,sdk,ImageUtils,Empty catch block,get_bytes_batch,524,/Volumes/BrokeExt/NICHE/kerlomz_captcha_platform/sdk/onnx/sdk.py,Empty catch block found in get_bytes_batch.
kerlomz_captcha_platform.sdk.onnx,sdk,ImageUtils,Empty catch block,get_image_batch,587,/Volumes/BrokeExt/NICHE/kerlomz_captcha_platform/sdk/onnx/sdk.py,Empty catch block found in get_image_batch.
kerlomz_captcha_platform.sdk.onnx,sdk,ImageUtils,Empty catch block,size_of_image,600,/Volumes/BrokeExt/NICHE/kerlomz_captcha_platform/sdk/onnx/sdk.py,Empty catch block found in size_of_image.
kerlomz_captcha_platform.sdk.onnx,sdk,ImageUtils,Empty catch block,size_of_image,602,/Volumes/BrokeExt/NICHE/kerlomz_captcha_platform/sdk/onnx/sdk.py,Empty catch block found in size_of_image.
kerlomz_captcha_platform.sdk.onnx,sdk,ModelConfig,Long method,__init__,267 - 343,/Volumes/BrokeExt/NICHE/kerlomz_captcha_platform/sdk/onnx/sdk.py,Method '__init__' is too long (71 lines).
kerlomz_captcha_platform.sdk.onnx,sdk,ImageUtils,Long method,get_image_batch,532 - 591,/Volumes/BrokeExt/NICHE/kerlomz_captcha_platform/sdk/onnx/sdk.py,Method 'get_image_batch' is too long (56 lines).
kerlomz_captcha_platform.sdk.onnx,sdk,ModelConfig,Long statement,__init__,280,/Volumes/BrokeExt/NICHE/kerlomz_captcha_platform/sdk/onnx/sdk.py,A line with 223 chars in __init__ exceeds the maximum length of 120 characters.
kerlomz_captcha_platform.sdk.onnx,sdk,ModelConfig,Long statement,__init__,289,/Volumes/BrokeExt/NICHE/kerlomz_captcha_platform/sdk/onnx/sdk.py,A line with 223 chars in __init__ exceeds the maximum length of 120 characters.
kerlomz_captcha_platform.sdk.onnx,sdk,,Long statement,,18,/Volumes/BrokeExt/NICHE/kerlomz_captcha_platform/sdk/onnx/sdk.py,A line with 144 chars in sdk exceeds the maximum length of 120 characters.
kerlomz_captcha_platform.sdk.onnx,sdk,,Long statement,,20,/Volumes/BrokeExt/NICHE/kerlomz_captcha_platform/sdk/onnx/sdk.py,A line with 144 chars in sdk exceeds the maximum length of 120 characters.
kerlomz_captcha_platform.sdk.onnx,sdk,,Long statement,,23,/Volumes/BrokeExt/NICHE/kerlomz_captcha_platform/sdk/onnx/sdk.py,A line with 17580 chars in sdk exceeds the maximum length of 120 characters.
kerlomz_captcha_platform.sdk.onnx,sdk,,Long statement,,204,/Volumes/BrokeExt/NICHE/kerlomz_captcha_platform/sdk/onnx/sdk.py,A line with 431 chars in sdk exceeds the maximum length of 120 characters.
kerlomz_captcha_platform.sdk.onnx,sdk,ImageUtils,Magic number,get_image_batch,582,/Volumes/BrokeExt/NICHE/kerlomz_captcha_platform/sdk/onnx/sdk.py,Magic number 255.0 used in get_image_batch.
kerlomz_captcha_platform.sdk.onnx,sdk,ImageUtils,Magic number,get_image_batch,561,/Volumes/BrokeExt/NICHE/kerlomz_captcha_platform/sdk/onnx/sdk.py,Magic number 3 used in get_image_batch.
kerlomz_captcha_platform.sdk.onnx,sdk,ImageUtils,Magic number,get_image_batch,548,/Volumes/BrokeExt/NICHE/kerlomz_captcha_platform/sdk/onnx/sdk.py,Magic number 3 used in get_image_batch.
kerlomz_captcha_platform.sdk.onnx,sdk,ImageUtils,Magic number,test_image,625,/Volumes/BrokeExt/NICHE/kerlomz_captcha_platform/sdk/onnx/sdk.py,Magic number 3 used in test_image.
kerlomz_captcha_platform.sdk.onnx,sdk,ImageUtils,Magic number,test_image,629,/Volumes/BrokeExt/NICHE/kerlomz_captcha_platform/sdk/onnx/sdk.py,Magic number 3 used in test_image.
kerlomz_captcha_platform.sdk.onnx,sdk,ImageUtils,Magic number,test_image,633,/Volumes/BrokeExt/NICHE/kerlomz_captcha_platform/sdk/onnx/sdk.py,Magic number 3 used in test_image.
kerlomz_captcha_platform.sdk.onnx,sdk,ImageUtils,Magic number,test_image,608,/Volumes/BrokeExt/NICHE/kerlomz_captcha_platform/sdk/onnx/sdk.py,Magic number 3 used in test_image.
kerlomz_captcha_platform.sdk.onnx,sdk,ImageUtils,Magic number,test_image,611,/Volumes/BrokeExt/NICHE/kerlomz_captcha_platform/sdk/onnx/sdk.py,Magic number 8 used in test_image.
kerlomz_captcha_platform.sdk.onnx,sdk,ImageUtils,Magic number,test_image,614,/Volumes/BrokeExt/NICHE/kerlomz_captcha_platform/sdk/onnx/sdk.py,Magic number 6 used in test_image.
kerlomz_captcha_platform.sdk.onnx,sdk,ImageUtils,Magic number,test_image,617,/Volumes/BrokeExt/NICHE/kerlomz_captcha_platform/sdk/onnx/sdk.py,Magic number 2 used in test_image.
kerlomz_captcha_platform.sdk.onnx,sdk,ImageUtils,Magic number,test_image,619,/Volumes/BrokeExt/NICHE/kerlomz_captcha_platform/sdk/onnx/sdk.py,Magic number 2 used in test_image.
kerlomz_captcha_platform.sdk.onnx,sdk,ImageUtils,Magic number,test_image,622,/Volumes/BrokeExt/NICHE/kerlomz_captcha_platform/sdk/onnx/sdk.py,Magic number 2 used in test_image.
kerlomz_captcha_platform.sdk.onnx,sdk,ImageUtils,Magic number,test_image,626,/Volumes/BrokeExt/NICHE/kerlomz_captcha_platform/sdk/onnx/sdk.py,Magic number 2 used in test_image.
kerlomz_captcha_platform.sdk.onnx,sdk,ImageUtils,Magic number,test_image,630,/Volumes/BrokeExt/NICHE/kerlomz_captcha_platform/sdk/onnx/sdk.py,Magic number 2 used in test_image.
kerlomz_captcha_platform.sdk.onnx,sdk,ImageUtils,Magic number,test_image,633,/Volumes/BrokeExt/NICHE/kerlomz_captcha_platform/sdk/onnx/sdk.py,Magic number 2 used in test_image.
kerlomz_captcha_platform.sdk.onnx,sdk,ImageUtils,Magic number,test_image,636,/Volumes/BrokeExt/NICHE/kerlomz_captcha_platform/sdk/onnx/sdk.py,Magic number 4 used in test_image.
kerlomz_captcha_platform.sdk.tflite,sdk,ImageUtils,Complex conditional,test_image,644,/Volumes/BrokeExt/NICHE/kerlomz_captcha_platform/sdk/tflite/sdk.py,"A conditional in test_image has 4 conditions, more than the recommended maximum 3 conditions."
kerlomz_captcha_platform.sdk.tflite,sdk,ImageUtils,Complex conditional,test_image,648,/Volumes/BrokeExt/NICHE/kerlomz_captcha_platform/sdk/tflite/sdk.py,"A conditional in test_image has 4 conditions, more than the recommended maximum 3 conditions."
kerlomz_captcha_platform.sdk.tflite,sdk,ImageUtils,Complex conditional,test_image,652,/Volumes/BrokeExt/NICHE/kerlomz_captcha_platform/sdk/tflite/sdk.py,"A conditional in test_image has 4 conditions, more than the recommended maximum 3 conditions."
kerlomz_captcha_platform.sdk.tflite,sdk,ImageUtils,Complex method,get_image_batch,554 - 610,/Volumes/BrokeExt/NICHE/kerlomz_captcha_platform/sdk/tflite/sdk.py,"Method 'get_image_batch' has a cyclomatic complexity of 7, exceeding the max of 6."
kerlomz_captcha_platform.sdk.tflite,sdk,ImageUtils,Empty catch block,get_bytes_batch,546,/Volumes/BrokeExt/NICHE/kerlomz_captcha_platform/sdk/tflite/sdk.py,Empty catch block found in get_bytes_batch.
kerlomz_captcha_platform.sdk.tflite,sdk,ImageUtils,Empty catch block,get_image_batch,606,/Volumes/BrokeExt/NICHE/kerlomz_captcha_platform/sdk/tflite/sdk.py,Empty catch block found in get_image_batch.
kerlomz_captcha_platform.sdk.tflite,sdk,ImageUtils,Empty catch block,size_of_image,619,/Volumes/BrokeExt/NICHE/kerlomz_captcha_platform/sdk/tflite/sdk.py,Empty catch block found in size_of_image.
kerlomz_captcha_platform.sdk.tflite,sdk,ImageUtils,Empty catch block,size_of_image,621,/Volumes/BrokeExt/NICHE/kerlomz_captcha_platform/sdk/tflite/sdk.py,Empty catch block found in size_of_image.
kerlomz_captcha_platform.sdk.tflite,sdk,ModelConfig,Long method,__init__,268 - 344,/Volumes/BrokeExt/NICHE/kerlomz_captcha_platform/sdk/tflite/sdk.py,Method '__init__' is too long (70 lines).
kerlomz_captcha_platform.sdk.tflite,sdk,ImageUtils,Long method,get_image_batch,554 - 610,/Volumes/BrokeExt/NICHE/kerlomz_captcha_platform/sdk/tflite/sdk.py,Method 'get_image_batch' is too long (53 lines).
kerlomz_captcha_platform.sdk.tflite,sdk,Interface,Long parameter list,predict_func,484 - 503,/Volumes/BrokeExt/NICHE/kerlomz_captcha_platform/sdk/tflite/sdk.py,"predict_func has 6 parameters, exceeding the max of 5."
kerlomz_captcha_platform.sdk.tflite,sdk,ModelConfig,Long statement,__init__,281,/Volumes/BrokeExt/NICHE/kerlomz_captcha_platform/sdk/tflite/sdk.py,A line with 223 chars in __init__ exceeds the maximum length of 120 characters.
kerlomz_captcha_platform.sdk.tflite,sdk,ModelConfig,Long statement,__init__,290,/Volumes/BrokeExt/NICHE/kerlomz_captcha_platform/sdk/tflite/sdk.py,A line with 223 chars in __init__ exceeds the maximum length of 120 characters.
kerlomz_captcha_platform.sdk.tflite,sdk,,Long statement,,19,/Volumes/BrokeExt/NICHE/kerlomz_captcha_platform/sdk/tflite/sdk.py,A line with 144 chars in sdk exceeds the maximum length of 120 characters.
kerlomz_captcha_platform.sdk.tflite,sdk,,Long statement,,21,/Volumes/BrokeExt/NICHE/kerlomz_captcha_platform/sdk/tflite/sdk.py,A line with 144 chars in sdk exceeds the maximum length of 120 characters.
kerlomz_captcha_platform.sdk.tflite,sdk,,Long statement,,24,/Volumes/BrokeExt/NICHE/kerlomz_captcha_platform/sdk/tflite/sdk.py,A line with 17580 chars in sdk exceeds the maximum length of 120 characters.
kerlomz_captcha_platform.sdk.tflite,sdk,,Long statement,,205,/Volumes/BrokeExt/NICHE/kerlomz_captcha_platform/sdk/tflite/sdk.py,A line with 431 chars in sdk exceeds the maximum length of 120 characters.
kerlomz_captcha_platform.sdk.tflite,sdk,ImageUtils,Magic number,get_image_batch,601,/Volumes/BrokeExt/NICHE/kerlomz_captcha_platform/sdk/tflite/sdk.py,Magic number 255.0 used in get_image_batch.
kerlomz_captcha_platform.sdk.tflite,sdk,ImageUtils,Magic number,get_image_batch,566,/Volumes/BrokeExt/NICHE/kerlomz_captcha_platform/sdk/tflite/sdk.py,Magic number 3 used in get_image_batch.
kerlomz_captcha_platform.sdk.tflite,sdk,ImageUtils,Magic number,get_image_batch,573,/Volumes/BrokeExt/NICHE/kerlomz_captcha_platform/sdk/tflite/sdk.py,Magic number 3 used in get_image_batch.
kerlomz_captcha_platform.sdk.tflite,sdk,ImageUtils,Magic number,test_image,644,/Volumes/BrokeExt/NICHE/kerlomz_captcha_platform/sdk/tflite/sdk.py,Magic number 3 used in test_image.
kerlomz_captcha_platform.sdk.tflite,sdk,ImageUtils,Magic number,test_image,648,/Volumes/BrokeExt/NICHE/kerlomz_captcha_platform/sdk/tflite/sdk.py,Magic number 3 used in test_image.
kerlomz_captcha_platform.sdk.tflite,sdk,ImageUtils,Magic number,test_image,652,/Volumes/BrokeExt/NICHE/kerlomz_captcha_platform/sdk/tflite/sdk.py,Magic number 3 used in test_image.
kerlomz_captcha_platform.sdk.tflite,sdk,ImageUtils,Magic number,test_image,627,/Volumes/BrokeExt/NICHE/kerlomz_captcha_platform/sdk/tflite/sdk.py,Magic number 3 used in test_image.
kerlomz_captcha_platform.sdk.tflite,sdk,ImageUtils,Magic number,test_image,630,/Volumes/BrokeExt/NICHE/kerlomz_captcha_platform/sdk/tflite/sdk.py,Magic number 8 used in test_image.
kerlomz_captcha_platform.sdk.tflite,sdk,ImageUtils,Magic number,test_image,633,/Volumes/BrokeExt/NICHE/kerlomz_captcha_platform/sdk/tflite/sdk.py,Magic number 6 used in test_image.
kerlomz_captcha_platform.sdk.tflite,sdk,ImageUtils,Magic number,test_image,636,/Volumes/BrokeExt/NICHE/kerlomz_captcha_platform/sdk/tflite/sdk.py,Magic number 2 used in test_image.
kerlomz_captcha_platform.sdk.tflite,sdk,ImageUtils,Magic number,test_image,638,/Volumes/BrokeExt/NICHE/kerlomz_captcha_platform/sdk/tflite/sdk.py,Magic number 2 used in test_image.
kerlomz_captcha_platform.sdk.tflite,sdk,ImageUtils,Magic number,test_image,641,/Volumes/BrokeExt/NICHE/kerlomz_captcha_platform/sdk/tflite/sdk.py,Magic number 2 used in test_image.
kerlomz_captcha_platform.sdk.tflite,sdk,ImageUtils,Magic number,test_image,645,/Volumes/BrokeExt/NICHE/kerlomz_captcha_platform/sdk/tflite/sdk.py,Magic number 2 used in test_image.
kerlomz_captcha_platform.sdk.tflite,sdk,ImageUtils,Magic number,test_image,649,/Volumes/BrokeExt/NICHE/kerlomz_captcha_platform/sdk/tflite/sdk.py,Magic number 2 used in test_image.
kerlomz_captcha_platform.sdk.tflite,sdk,ImageUtils,Magic number,test_image,652,/Volumes/BrokeExt/NICHE/kerlomz_captcha_platform/sdk/tflite/sdk.py,Magic number 2 used in test_image.
kerlomz_captcha_platform.sdk.tflite,sdk,ImageUtils,Magic number,test_image,655,/Volumes/BrokeExt/NICHE/kerlomz_captcha_platform/sdk/tflite/sdk.py,Magic number 4 used in test_image.
