Package,Module,Class,Function,LOC,CC,PC
PacktPublishing_Deep-Reinforcement-Learning-Hands-On.Chapter02,01_agent_anatomy,Environment,__init__,2,1,0
PacktPublishing_Deep-Reinforcement-Learning-Hands-On.Chapter02,01_agent_anatomy,Environment,get_observation,2,1,0
PacktPublishing_Deep-Reinforcement-Learning-Hands-On.Chapter02,01_agent_anatomy,Environment,get_actions,2,1,0
PacktPublishing_Deep-Reinforcement-Learning-Hands-On.Chapter02,01_agent_anatomy,Environment,is_done,2,1,0
PacktPublishing_Deep-Reinforcement-Learning-Hands-On.Chapter02,01_agent_anatomy,Environment,action,5,2,1
PacktPublishing_Deep-Reinforcement-Learning-Hands-On.Chapter02,01_agent_anatomy,Agent,__init__,2,1,0
PacktPublishing_Deep-Reinforcement-Learning-Hands-On.Chapter02,01_agent_anatomy,Agent,step,5,1,1
PacktPublishing_Deep-Reinforcement-Learning-Hands-On.Chapter02,03_random_actionwrapper,RandomActionWrapper,__init__,3,1,2
PacktPublishing_Deep-Reinforcement-Learning-Hands-On.Chapter02,03_random_actionwrapper,RandomActionWrapper,action,5,1,1
PacktPublishing_Deep-Reinforcement-Learning-Hands-On.Chapter03,01_modules,OurModule,__init__,11,1,3
PacktPublishing_Deep-Reinforcement-Learning-Hands-On.Chapter03,01_modules,OurModule,forward,2,1,1
PacktPublishing_Deep-Reinforcement-Learning-Hands-On.Chapter03,03_atari_gan,InputWrapper,__init__,6,1,0
PacktPublishing_Deep-Reinforcement-Learning-Hands-On.Chapter03,03_atari_gan,InputWrapper,observation,4,1,1
PacktPublishing_Deep-Reinforcement-Learning-Hands-On.Chapter03,03_atari_gan,Discriminator,__init__,22,1,1
PacktPublishing_Deep-Reinforcement-Learning-Hands-On.Chapter03,03_atari_gan,Discriminator,forward,3,1,1
PacktPublishing_Deep-Reinforcement-Learning-Hands-On.Chapter03,03_atari_gan,Generator,__init__,23,1,1
PacktPublishing_Deep-Reinforcement-Learning-Hands-On.Chapter03,03_atari_gan,Generator,forward,2,1,1
PacktPublishing_Deep-Reinforcement-Learning-Hands-On.Chapter03,03_atari_gan,,iterate_batches,15,5,2
PacktPublishing_Deep-Reinforcement-Learning-Hands-On.Chapter04,01_cartpole,Net,__init__,7,1,3
PacktPublishing_Deep-Reinforcement-Learning-Hands-On.Chapter04,01_cartpole,Net,forward,2,1,1
PacktPublishing_Deep-Reinforcement-Learning-Hands-On.Chapter04,01_cartpole,,iterate_batches,23,4,3
PacktPublishing_Deep-Reinforcement-Learning-Hands-On.Chapter04,01_cartpole,,filter_batch,14,3,2
PacktPublishing_Deep-Reinforcement-Learning-Hands-On.Chapter04,02_frozenlake_naive,DiscreteOneHotWrapper,__init__,4,1,1
PacktPublishing_Deep-Reinforcement-Learning-Hands-On.Chapter04,02_frozenlake_naive,DiscreteOneHotWrapper,observation,4,1,1
PacktPublishing_Deep-Reinforcement-Learning-Hands-On.Chapter04,02_frozenlake_naive,Net,__init__,7,1,3
PacktPublishing_Deep-Reinforcement-Learning-Hands-On.Chapter04,02_frozenlake_naive,Net,forward,2,1,1
PacktPublishing_Deep-Reinforcement-Learning-Hands-On.Chapter04,02_frozenlake_naive,,iterate_batches,23,4,3
PacktPublishing_Deep-Reinforcement-Learning-Hands-On.Chapter04,02_frozenlake_naive,,filter_batch,14,3,2
PacktPublishing_Deep-Reinforcement-Learning-Hands-On.Chapter04,03_frozenlake_tweaked,DiscreteOneHotWrapper,__init__,4,1,1
PacktPublishing_Deep-Reinforcement-Learning-Hands-On.Chapter04,03_frozenlake_tweaked,DiscreteOneHotWrapper,observation,4,1,1
PacktPublishing_Deep-Reinforcement-Learning-Hands-On.Chapter04,03_frozenlake_tweaked,Net,__init__,7,1,3
PacktPublishing_Deep-Reinforcement-Learning-Hands-On.Chapter04,03_frozenlake_tweaked,Net,forward,2,1,1
PacktPublishing_Deep-Reinforcement-Learning-Hands-On.Chapter04,03_frozenlake_tweaked,,iterate_batches,23,4,3
PacktPublishing_Deep-Reinforcement-Learning-Hands-On.Chapter04,03_frozenlake_tweaked,,filter_batch,12,3,2
PacktPublishing_Deep-Reinforcement-Learning-Hands-On.Chapter04,04_frozenlake_nonslippery,DiscreteOneHotWrapper,__init__,4,1,1
PacktPublishing_Deep-Reinforcement-Learning-Hands-On.Chapter04,04_frozenlake_nonslippery,DiscreteOneHotWrapper,observation,4,1,1
PacktPublishing_Deep-Reinforcement-Learning-Hands-On.Chapter04,04_frozenlake_nonslippery,Net,__init__,7,1,3
PacktPublishing_Deep-Reinforcement-Learning-Hands-On.Chapter04,04_frozenlake_nonslippery,Net,forward,2,1,1
PacktPublishing_Deep-Reinforcement-Learning-Hands-On.Chapter04,04_frozenlake_nonslippery,,iterate_batches,23,4,3
PacktPublishing_Deep-Reinforcement-Learning-Hands-On.Chapter04,04_frozenlake_nonslippery,,filter_batch,12,3,2
PacktPublishing_Deep-Reinforcement-Learning-Hands-On.Chapter05,01_frozenlake_v_iteration,Agent,__init__,6,1,0
PacktPublishing_Deep-Reinforcement-Learning-Hands-On.Chapter05,01_frozenlake_v_iteration,Agent,play_n_random_steps,7,2,1
PacktPublishing_Deep-Reinforcement-Learning-Hands-On.Chapter05,01_frozenlake_v_iteration,Agent,calc_action_value,8,2,2
PacktPublishing_Deep-Reinforcement-Learning-Hands-On.Chapter05,01_frozenlake_v_iteration,Agent,select_action,8,4,1
PacktPublishing_Deep-Reinforcement-Learning-Hands-On.Chapter05,01_frozenlake_v_iteration,Agent,play_episode,13,3,1
PacktPublishing_Deep-Reinforcement-Learning-Hands-On.Chapter05,01_frozenlake_v_iteration,Agent,value_iteration,5,2,0
PacktPublishing_Deep-Reinforcement-Learning-Hands-On.Chapter05,02_frozenlake_q_iteration,Agent,__init__,6,1,0
PacktPublishing_Deep-Reinforcement-Learning-Hands-On.Chapter05,02_frozenlake_q_iteration,Agent,play_n_random_steps,7,2,1
PacktPublishing_Deep-Reinforcement-Learning-Hands-On.Chapter05,02_frozenlake_q_iteration,Agent,select_action,8,4,1
PacktPublishing_Deep-Reinforcement-Learning-Hands-On.Chapter05,02_frozenlake_q_iteration,Agent,play_episode,13,3,1
PacktPublishing_Deep-Reinforcement-Learning-Hands-On.Chapter05,02_frozenlake_q_iteration,Agent,value_iteration,11,4,0
PacktPublishing_Deep-Reinforcement-Learning-Hands-On.Chapter06,01_frozenlake_q_learning,Agent,__init__,4,1,0
PacktPublishing_Deep-Reinforcement-Learning-Hands-On.Chapter06,01_frozenlake_q_learning,Agent,sample_env,6,1,0
PacktPublishing_Deep-Reinforcement-Learning-Hands-On.Chapter06,01_frozenlake_q_learning,Agent,best_value_and_action,8,4,1
PacktPublishing_Deep-Reinforcement-Learning-Hands-On.Chapter06,01_frozenlake_q_learning,Agent,value_update,5,1,4
PacktPublishing_Deep-Reinforcement-Learning-Hands-On.Chapter06,01_frozenlake_q_learning,Agent,play_episode,11,3,1
PacktPublishing_Deep-Reinforcement-Learning-Hands-On.Chapter06,02_dqn_pong,ExperienceBuffer,__init__,2,1,1
PacktPublishing_Deep-Reinforcement-Learning-Hands-On.Chapter06,02_dqn_pong,ExperienceBuffer,__len__,2,1,0
PacktPublishing_Deep-Reinforcement-Learning-Hands-On.Chapter06,02_dqn_pong,ExperienceBuffer,append,2,1,1
PacktPublishing_Deep-Reinforcement-Learning-Hands-On.Chapter06,02_dqn_pong,ExperienceBuffer,sample,5,1,1
PacktPublishing_Deep-Reinforcement-Learning-Hands-On.Chapter06,02_dqn_pong,Agent,__init__,4,1,2
PacktPublishing_Deep-Reinforcement-Learning-Hands-On.Chapter06,02_dqn_pong,Agent,_reset,3,1,0
PacktPublishing_Deep-Reinforcement-Learning-Hands-On.Chapter06,02_dqn_pong,Agent,play_step,19,3,3
PacktPublishing_Deep-Reinforcement-Learning-Hands-On.Chapter06,02_dqn_pong,,calc_loss,13,1,4
PacktPublishing_Deep-Reinforcement-Learning-Hands-On.Chapter06.lib,dqn_model,DQN,__init__,16,1,2
PacktPublishing_Deep-Reinforcement-Learning-Hands-On.Chapter06.lib,dqn_model,DQN,_get_conv_out,3,1,1
PacktPublishing_Deep-Reinforcement-Learning-Hands-On.Chapter06.lib,dqn_model,DQN,forward,3,1,1
PacktPublishing_Deep-Reinforcement-Learning-Hands-On.Chapter06.lib,wrappers,FireResetEnv,__init__,4,1,1
PacktPublishing_Deep-Reinforcement-Learning-Hands-On.Chapter06.lib,wrappers,FireResetEnv,step,2,1,1
PacktPublishing_Deep-Reinforcement-Learning-Hands-On.Chapter06.lib,wrappers,FireResetEnv,reset,9,3,0
PacktPublishing_Deep-Reinforcement-Learning-Hands-On.Chapter06.lib,wrappers,MaxAndSkipEnv,__init__,4,1,2
PacktPublishing_Deep-Reinforcement-Learning-Hands-On.Chapter06.lib,wrappers,MaxAndSkipEnv,step,11,3,1
PacktPublishing_Deep-Reinforcement-Learning-Hands-On.Chapter06.lib,wrappers,MaxAndSkipEnv,reset,5,1,0
PacktPublishing_Deep-Reinforcement-Learning-Hands-On.Chapter06.lib,wrappers,ProcessFrame84,__init__,3,1,1
PacktPublishing_Deep-Reinforcement-Learning-Hands-On.Chapter06.lib,wrappers,ProcessFrame84,observation,2,1,1
PacktPublishing_Deep-Reinforcement-Learning-Hands-On.Chapter06.lib,wrappers,ProcessFrame84,process,12,3,1
PacktPublishing_Deep-Reinforcement-Learning-Hands-On.Chapter06.lib,wrappers,ImageToPyTorch,__init__,5,1,1
PacktPublishing_Deep-Reinforcement-Learning-Hands-On.Chapter06.lib,wrappers,ImageToPyTorch,observation,2,1,1
PacktPublishing_Deep-Reinforcement-Learning-Hands-On.Chapter06.lib,wrappers,ScaledFloatFrame,observation,2,1,1
PacktPublishing_Deep-Reinforcement-Learning-Hands-On.Chapter06.lib,wrappers,BufferWrapper,__init__,6,1,3
PacktPublishing_Deep-Reinforcement-Learning-Hands-On.Chapter06.lib,wrappers,BufferWrapper,reset,3,1,0
PacktPublishing_Deep-Reinforcement-Learning-Hands-On.Chapter06.lib,wrappers,BufferWrapper,observation,4,1,1
PacktPublishing_Deep-Reinforcement-Learning-Hands-On.Chapter06.lib,wrappers,,make_env,8,1,1
PacktPublishing_Deep-Reinforcement-Learning-Hands-On.Chapter07,03_dqn_double,,calc_loss,16,2,6
PacktPublishing_Deep-Reinforcement-Learning-Hands-On.Chapter07,03_dqn_double,,calc_values_of_states,8,2,3
PacktPublishing_Deep-Reinforcement-Learning-Hands-On.Chapter07,04_dqn_noisy_net,NoisyDQN,__init__,20,1,2
PacktPublishing_Deep-Reinforcement-Learning-Hands-On.Chapter07,04_dqn_noisy_net,NoisyDQN,_get_conv_out,3,1,1
PacktPublishing_Deep-Reinforcement-Learning-Hands-On.Chapter07,04_dqn_noisy_net,NoisyDQN,forward,4,1,1
PacktPublishing_Deep-Reinforcement-Learning-Hands-On.Chapter07,04_dqn_noisy_net,NoisyDQN,noisy_layers_sigma_snr,5,1,0
PacktPublishing_Deep-Reinforcement-Learning-Hands-On.Chapter07,05_dqn_prio_replay,PrioReplayBuffer,__init__,7,1,3
PacktPublishing_Deep-Reinforcement-Learning-Hands-On.Chapter07,05_dqn_prio_replay,PrioReplayBuffer,__len__,2,1,0
PacktPublishing_Deep-Reinforcement-Learning-Hands-On.Chapter07,05_dqn_prio_replay,PrioReplayBuffer,populate,10,3,1
PacktPublishing_Deep-Reinforcement-Learning-Hands-On.Chapter07,05_dqn_prio_replay,PrioReplayBuffer,sample,13,2,2
PacktPublishing_Deep-Reinforcement-Learning-Hands-On.Chapter07,05_dqn_prio_replay,PrioReplayBuffer,update_priorities,3,2,2
PacktPublishing_Deep-Reinforcement-Learning-Hands-On.Chapter07,05_dqn_prio_replay,,calc_loss,14,1,6
PacktPublishing_Deep-Reinforcement-Learning-Hands-On.Chapter07,06_dqn_dueling,DuelingDQN,__init__,21,1,2
PacktPublishing_Deep-Reinforcement-Learning-Hands-On.Chapter07,06_dqn_dueling,DuelingDQN,_get_conv_out,3,1,1
PacktPublishing_Deep-Reinforcement-Learning-Hands-On.Chapter07,06_dqn_dueling,DuelingDQN,forward,6,1,1
PacktPublishing_Deep-Reinforcement-Learning-Hands-On.Chapter07,07_dqn_distrib,DistributionalDQN,__init__,18,1,2
PacktPublishing_Deep-Reinforcement-Learning-Hands-On.Chapter07,07_dqn_distrib,DistributionalDQN,_get_conv_out,3,1,1
PacktPublishing_Deep-Reinforcement-Learning-Hands-On.Chapter07,07_dqn_distrib,DistributionalDQN,forward,6,1,1
PacktPublishing_Deep-Reinforcement-Learning-Hands-On.Chapter07,07_dqn_distrib,DistributionalDQN,both,6,1,1
PacktPublishing_Deep-Reinforcement-Learning-Hands-On.Chapter07,07_dqn_distrib,DistributionalDQN,qvals,2,1,1
PacktPublishing_Deep-Reinforcement-Learning-Hands-On.Chapter07,07_dqn_distrib,DistributionalDQN,apply_softmax,2,1,1
PacktPublishing_Deep-Reinforcement-Learning-Hands-On.Chapter07,07_dqn_distrib,,calc_values_of_states,8,2,3
PacktPublishing_Deep-Reinforcement-Learning-Hands-On.Chapter07,07_dqn_distrib,,save_state_images,16,5,5
PacktPublishing_Deep-Reinforcement-Learning-Hands-On.Chapter07,07_dqn_distrib,,save_transition_images,21,4,7
PacktPublishing_Deep-Reinforcement-Learning-Hands-On.Chapter07,07_dqn_distrib,,calc_loss,21,2,6
PacktPublishing_Deep-Reinforcement-Learning-Hands-On.Chapter07,08_dqn_rainbow,RainbowDQN,__init__,23,1,2
PacktPublishing_Deep-Reinforcement-Learning-Hands-On.Chapter07,08_dqn_rainbow,RainbowDQN,_get_conv_out,3,1,1
PacktPublishing_Deep-Reinforcement-Learning-Hands-On.Chapter07,08_dqn_rainbow,RainbowDQN,forward,8,1,1
PacktPublishing_Deep-Reinforcement-Learning-Hands-On.Chapter07,08_dqn_rainbow,RainbowDQN,both,6,1,1
PacktPublishing_Deep-Reinforcement-Learning-Hands-On.Chapter07,08_dqn_rainbow,RainbowDQN,qvals,2,1,1
PacktPublishing_Deep-Reinforcement-Learning-Hands-On.Chapter07,08_dqn_rainbow,RainbowDQN,apply_softmax,2,1,1
PacktPublishing_Deep-Reinforcement-Learning-Hands-On.Chapter07,08_dqn_rainbow,,calc_loss,23,1,6
PacktPublishing_Deep-Reinforcement-Learning-Hands-On.Chapter07.adhoc,distr_test,,save_distr,10,1,3
PacktPublishing_Deep-Reinforcement-Learning-Hands-On.Chapter07.bench,prio_buffer_bench,PrioReplayBufferDeque,__init__,4,1,2
PacktPublishing_Deep-Reinforcement-Learning-Hands-On.Chapter07.bench,prio_buffer_bench,PrioReplayBufferDeque,__len__,2,1,0
PacktPublishing_Deep-Reinforcement-Learning-Hands-On.Chapter07.bench,prio_buffer_bench,PrioReplayBufferDeque,append,4,1,1
PacktPublishing_Deep-Reinforcement-Learning-Hands-On.Chapter07.bench,prio_buffer_bench,PrioReplayBufferDeque,sample,9,1,2
PacktPublishing_Deep-Reinforcement-Learning-Hands-On.Chapter07.bench,prio_buffer_bench,PrioReplayBufferDeque,update_priorities,3,2,2
PacktPublishing_Deep-Reinforcement-Learning-Hands-On.Chapter07.bench,prio_buffer_bench,PrioReplayBufferList,__init__,6,1,2
PacktPublishing_Deep-Reinforcement-Learning-Hands-On.Chapter07.bench,prio_buffer_bench,PrioReplayBufferList,__len__,2,1,0
PacktPublishing_Deep-Reinforcement-Learning-Hands-On.Chapter07.bench,prio_buffer_bench,PrioReplayBufferList,append,8,2,1
PacktPublishing_Deep-Reinforcement-Learning-Hands-On.Chapter07.bench,prio_buffer_bench,PrioReplayBufferList,sample,13,2,2
PacktPublishing_Deep-Reinforcement-Learning-Hands-On.Chapter07.bench,prio_buffer_bench,PrioReplayBufferList,update_priorities,3,2,2
PacktPublishing_Deep-Reinforcement-Learning-Hands-On.Chapter07.bench,prio_buffer_bench,,fill_buf,3,2,2
PacktPublishing_Deep-Reinforcement-Learning-Hands-On.Chapter07.bench,prio_buffer_bench,,bench_buffer,21,2,1
PacktPublishing_Deep-Reinforcement-Learning-Hands-On.Chapter07.bench,simple_buffer_bench,ExperienceBufferDeque,__init__,2,1,1
PacktPublishing_Deep-Reinforcement-Learning-Hands-On.Chapter07.bench,simple_buffer_bench,ExperienceBufferDeque,__len__,2,1,0
PacktPublishing_Deep-Reinforcement-Learning-Hands-On.Chapter07.bench,simple_buffer_bench,ExperienceBufferDeque,append,2,1,1
PacktPublishing_Deep-Reinforcement-Learning-Hands-On.Chapter07.bench,simple_buffer_bench,ExperienceBufferDeque,sample,3,1,1
PacktPublishing_Deep-Reinforcement-Learning-Hands-On.Chapter07.bench,simple_buffer_bench,ExperienceBufferCircularList,__init__,4,1,1
PacktPublishing_Deep-Reinforcement-Learning-Hands-On.Chapter07.bench,simple_buffer_bench,ExperienceBufferCircularList,__len__,2,1,0
PacktPublishing_Deep-Reinforcement-Learning-Hands-On.Chapter07.bench,simple_buffer_bench,ExperienceBufferCircularList,append,6,2,1
PacktPublishing_Deep-Reinforcement-Learning-Hands-On.Chapter07.bench,simple_buffer_bench,ExperienceBufferCircularList,sample,3,1,1
PacktPublishing_Deep-Reinforcement-Learning-Hands-On.Chapter07.bench,simple_buffer_bench,,fill_buf,3,2,2
PacktPublishing_Deep-Reinforcement-Learning-Hands-On.Chapter07.bench,simple_buffer_bench,,bench_buffer,21,2,1
PacktPublishing_Deep-Reinforcement-Learning-Hands-On.Chapter07.lib,common,RewardTracker,__init__,3,1,2
PacktPublishing_Deep-Reinforcement-Learning-Hands-On.Chapter07.lib,common,RewardTracker,__enter__,5,1,0
PacktPublishing_Deep-Reinforcement-Learning-Hands-On.Chapter07.lib,common,RewardTracker,__exit__,2,1,0
PacktPublishing_Deep-Reinforcement-Learning-Hands-On.Chapter07.lib,common,RewardTracker,reward,20,2,3
PacktPublishing_Deep-Reinforcement-Learning-Hands-On.Chapter07.lib,common,EpsilonTracker,__init__,6,1,2
PacktPublishing_Deep-Reinforcement-Learning-Hands-On.Chapter07.lib,common,EpsilonTracker,frame,3,1,1
PacktPublishing_Deep-Reinforcement-Learning-Hands-On.Chapter07.lib,common,,unpack_batch,14,3,1
PacktPublishing_Deep-Reinforcement-Learning-Hands-On.Chapter07.lib,common,,calc_loss_dqn,12,1,5
PacktPublishing_Deep-Reinforcement-Learning-Hands-On.Chapter07.lib,common,,distr_projection,34,5,7
PacktPublishing_Deep-Reinforcement-Learning-Hands-On.Chapter07.lib,dqn_model,NoisyLinear,__init__,8,2,4
PacktPublishing_Deep-Reinforcement-Learning-Hands-On.Chapter07.lib,dqn_model,NoisyLinear,reset_parameters,4,1,0
PacktPublishing_Deep-Reinforcement-Learning-Hands-On.Chapter07.lib,dqn_model,NoisyLinear,forward,7,2,1
PacktPublishing_Deep-Reinforcement-Learning-Hands-On.Chapter07.lib,dqn_model,NoisyFactorizedLinear,__init__,8,2,4
PacktPublishing_Deep-Reinforcement-Learning-Hands-On.Chapter07.lib,dqn_model,NoisyFactorizedLinear,forward,11,2,1
PacktPublishing_Deep-Reinforcement-Learning-Hands-On.Chapter07.lib,dqn_model,DQN,__init__,16,1,2
PacktPublishing_Deep-Reinforcement-Learning-Hands-On.Chapter07.lib,dqn_model,DQN,_get_conv_out,3,1,1
PacktPublishing_Deep-Reinforcement-Learning-Hands-On.Chapter07.lib,dqn_model,DQN,forward,4,1,1
PacktPublishing_Deep-Reinforcement-Learning-Hands-On.Chapter08.lib,common,RewardTracker,__init__,6,1,3
PacktPublishing_Deep-Reinforcement-Learning-Hands-On.Chapter08.lib,common,RewardTracker,__enter__,6,1,0
PacktPublishing_Deep-Reinforcement-Learning-Hands-On.Chapter08.lib,common,RewardTracker,__exit__,2,1,0
PacktPublishing_Deep-Reinforcement-Learning-Hands-On.Chapter08.lib,common,RewardTracker,reward,33,2,3
PacktPublishing_Deep-Reinforcement-Learning-Hands-On.Chapter08.lib,common,,calc_values_of_states,8,2,3
PacktPublishing_Deep-Reinforcement-Learning-Hands-On.Chapter08.lib,common,,unpack_batch,14,3,1
PacktPublishing_Deep-Reinforcement-Learning-Hands-On.Chapter08.lib,common,,calc_loss,13,1,5
PacktPublishing_Deep-Reinforcement-Learning-Hands-On.Chapter08.lib,data,,read_csv,43,8,4
PacktPublishing_Deep-Reinforcement-Learning-Hands-On.Chapter08.lib,data,,prices_to_relative,8,1,1
PacktPublishing_Deep-Reinforcement-Learning-Hands-On.Chapter08.lib,data,,load_relative,2,1,1
PacktPublishing_Deep-Reinforcement-Learning-Hands-On.Chapter08.lib,data,,price_files,5,2,1
PacktPublishing_Deep-Reinforcement-Learning-Hands-On.Chapter08.lib,data,,load_year_data,6,2,2
PacktPublishing_Deep-Reinforcement-Learning-Hands-On.Chapter08.lib,environ,State,__init__,12,1,5
PacktPublishing_Deep-Reinforcement-Learning-Hands-On.Chapter08.lib,environ,State,reset,7,1,2
PacktPublishing_Deep-Reinforcement-Learning-Hands-On.Chapter08.lib,environ,State,shape,5,1,0
PacktPublishing_Deep-Reinforcement-Learning-Hands-On.Chapter08.lib,environ,State,encode,22,4,0
PacktPublishing_Deep-Reinforcement-Learning-Hands-On.Chapter08.lib,environ,State,_cur_close,6,1,0
PacktPublishing_Deep-Reinforcement-Learning-Hands-On.Chapter08.lib,environ,State,step,25,8,1
PacktPublishing_Deep-Reinforcement-Learning-Hands-On.Chapter08.lib,environ,State1D,shape,5,1,0
PacktPublishing_Deep-Reinforcement-Learning-Hands-On.Chapter08.lib,environ,State1D,encode,15,3,0
PacktPublishing_Deep-Reinforcement-Learning-Hands-On.Chapter08.lib,environ,StocksEnv,__init__,13,2,8
PacktPublishing_Deep-Reinforcement-Learning-Hands-On.Chapter08.lib,environ,StocksEnv,reset,10,2,0
PacktPublishing_Deep-Reinforcement-Learning-Hands-On.Chapter08.lib,environ,StocksEnv,step,6,1,1
PacktPublishing_Deep-Reinforcement-Learning-Hands-On.Chapter08.lib,environ,StocksEnv,render,2,1,2
PacktPublishing_Deep-Reinforcement-Learning-Hands-On.Chapter08.lib,environ,StocksEnv,close,2,1,0
PacktPublishing_Deep-Reinforcement-Learning-Hands-On.Chapter08.lib,environ,StocksEnv,seed,4,1,1
PacktPublishing_Deep-Reinforcement-Learning-Hands-On.Chapter08.lib,environ,StocksEnv,from_dir,3,1,2
PacktPublishing_Deep-Reinforcement-Learning-Hands-On.Chapter08.lib,models,NoisyLinear,__init__,8,2,4
PacktPublishing_Deep-Reinforcement-Learning-Hands-On.Chapter08.lib,models,NoisyLinear,reset_parameters,4,1,0
PacktPublishing_Deep-Reinforcement-Learning-Hands-On.Chapter08.lib,models,NoisyLinear,forward,7,2,1
PacktPublishing_Deep-Reinforcement-Learning-Hands-On.Chapter08.lib,models,SimpleFFDQN,__init__,16,1,2
PacktPublishing_Deep-Reinforcement-Learning-Hands-On.Chapter08.lib,models,SimpleFFDQN,forward,4,1,1
PacktPublishing_Deep-Reinforcement-Learning-Hands-On.Chapter08.lib,models,DQNConv1D,__init__,19,1,2
PacktPublishing_Deep-Reinforcement-Learning-Hands-On.Chapter08.lib,models,DQNConv1D,_get_conv_out,3,1,1
PacktPublishing_Deep-Reinforcement-Learning-Hands-On.Chapter08.lib,models,DQNConv1D,forward,5,1,1
PacktPublishing_Deep-Reinforcement-Learning-Hands-On.Chapter08.lib,models,DQNConv1DLarge,__init__,31,1,2
PacktPublishing_Deep-Reinforcement-Learning-Hands-On.Chapter08.lib,models,DQNConv1DLarge,_get_conv_out,3,1,1
PacktPublishing_Deep-Reinforcement-Learning-Hands-On.Chapter08.lib,models,DQNConv1DLarge,forward,5,1,1
PacktPublishing_Deep-Reinforcement-Learning-Hands-On.Chapter08.lib,validation,,validation_run,53,11,6
PacktPublishing_Deep-Reinforcement-Learning-Hands-On.Chapter08.tests,test_data,TestMisc,test_read_csv,3,1,0
PacktPublishing_Deep-Reinforcement-Learning-Hands-On.Chapter08.tests,test_data,TestMisc,test_prices_to_relative,12,1,0
PacktPublishing_Deep-Reinforcement-Learning-Hands-On.Chapter08.tests,test_data,TestMisc,test_price_files,3,1,0
PacktPublishing_Deep-Reinforcement-Learning-Hands-On.Chapter08.tests,test_environ,TestEnv,test_simple,6,1,0
PacktPublishing_Deep-Reinforcement-Learning-Hands-On.Chapter08.tests,test_environ,TestStates,setUpClass,7,1,1
PacktPublishing_Deep-Reinforcement-Learning-Hands-On.Chapter08.tests,test_environ,TestStates,test_basic,3,1,0
PacktPublishing_Deep-Reinforcement-Learning-Hands-On.Chapter08.tests,test_environ,TestStates,test_basic1d,6,1,0
PacktPublishing_Deep-Reinforcement-Learning-Hands-On.Chapter08.tests,test_environ,TestStates,test_reset,17,1,0
PacktPublishing_Deep-Reinforcement-Learning-Hands-On.Chapter08.tests,test_environ,TestStates,test_reward,18,1,0
PacktPublishing_Deep-Reinforcement-Learning-Hands-On.Chapter08.tests,test_environ,TestStates,test_comission,10,1,0
PacktPublishing_Deep-Reinforcement-Learning-Hands-On.Chapter08.tests,test_environ,TestStates,test_final_reward,18,1,0
PacktPublishing_Deep-Reinforcement-Learning-Hands-On.Chapter09,01_cartpole_dqn,DQN,__init__,7,1,2
PacktPublishing_Deep-Reinforcement-Learning-Hands-On.Chapter09,01_cartpole_dqn,DQN,forward,2,1,1
PacktPublishing_Deep-Reinforcement-Learning-Hands-On.Chapter09,01_cartpole_dqn,,calc_target,7,1,3
PacktPublishing_Deep-Reinforcement-Learning-Hands-On.Chapter09,02_cartpole_reinforce,PGN,__init__,7,1,2
PacktPublishing_Deep-Reinforcement-Learning-Hands-On.Chapter09,02_cartpole_reinforce,PGN,forward,2,1,1
PacktPublishing_Deep-Reinforcement-Learning-Hands-On.Chapter09,02_cartpole_reinforce,,calc_qvals,8,2,1
PacktPublishing_Deep-Reinforcement-Learning-Hands-On.Chapter09,03_cartpole_reinforce_baseline,PGN,__init__,7,1,2
PacktPublishing_Deep-Reinforcement-Learning-Hands-On.Chapter09,03_cartpole_reinforce_baseline,PGN,forward,2,1,1
PacktPublishing_Deep-Reinforcement-Learning-Hands-On.Chapter09,03_cartpole_reinforce_baseline,,calc_qvals,10,2,1
PacktPublishing_Deep-Reinforcement-Learning-Hands-On.Chapter09,04_cartpole_pg,PGN,__init__,7,1,2
PacktPublishing_Deep-Reinforcement-Learning-Hands-On.Chapter09,04_cartpole_pg,PGN,forward,2,1,1
PacktPublishing_Deep-Reinforcement-Learning-Hands-On.Chapter09,05_pong_pg,MeanBuffer,__init__,4,1,1
PacktPublishing_Deep-Reinforcement-Learning-Hands-On.Chapter09,05_pong_pg,MeanBuffer,add,5,2,1
PacktPublishing_Deep-Reinforcement-Learning-Hands-On.Chapter09,05_pong_pg,MeanBuffer,mean,4,1,0
PacktPublishing_Deep-Reinforcement-Learning-Hands-On.Chapter09,05_pong_pg,,make_env,2,1,0
PacktPublishing_Deep-Reinforcement-Learning-Hands-On.Chapter09.lib,common,RewardTracker,__init__,3,1,2
PacktPublishing_Deep-Reinforcement-Learning-Hands-On.Chapter09.lib,common,RewardTracker,__enter__,5,1,0
PacktPublishing_Deep-Reinforcement-Learning-Hands-On.Chapter09.lib,common,RewardTracker,__exit__,2,1,0
PacktPublishing_Deep-Reinforcement-Learning-Hands-On.Chapter09.lib,common,RewardTracker,reward,20,2,3
PacktPublishing_Deep-Reinforcement-Learning-Hands-On.Chapter09.lib,common,AtariPGN,__init__,16,1,2
PacktPublishing_Deep-Reinforcement-Learning-Hands-On.Chapter09.lib,common,AtariPGN,_get_conv_out,3,1,1
PacktPublishing_Deep-Reinforcement-Learning-Hands-On.Chapter09.lib,common,AtariPGN,forward,4,1,1
PacktPublishing_Deep-Reinforcement-Learning-Hands-On.Chapter10,01_cartpole_pg,PGN,__init__,7,1,2
PacktPublishing_Deep-Reinforcement-Learning-Hands-On.Chapter10,01_cartpole_pg,PGN,forward,2,1,1
PacktPublishing_Deep-Reinforcement-Learning-Hands-On.Chapter10,02_pong_a2c,AtariA2C,__init__,21,1,2
PacktPublishing_Deep-Reinforcement-Learning-Hands-On.Chapter10,02_pong_a2c,AtariA2C,_get_conv_out,3,1,1
PacktPublishing_Deep-Reinforcement-Learning-Hands-On.Chapter10,02_pong_a2c,AtariA2C,forward,4,1,1
PacktPublishing_Deep-Reinforcement-Learning-Hands-On.Chapter10,02_pong_a2c,,unpack_batch,25,4,3
PacktPublishing_Deep-Reinforcement-Learning-Hands-On.Chapter10,03_pong_a2c_rollouts,AtariA2C,__init__,21,1,2
PacktPublishing_Deep-Reinforcement-Learning-Hands-On.Chapter10,03_pong_a2c_rollouts,AtariA2C,_get_conv_out,3,1,1
PacktPublishing_Deep-Reinforcement-Learning-Hands-On.Chapter10,03_pong_a2c_rollouts,AtariA2C,forward,4,1,1
PacktPublishing_Deep-Reinforcement-Learning-Hands-On.Chapter10,03_pong_a2c_rollouts,,unpack_batch,25,4,3
PacktPublishing_Deep-Reinforcement-Learning-Hands-On.Chapter10,03_pong_a2c_rollouts,,set_seed,8,4,3
PacktPublishing_Deep-Reinforcement-Learning-Hands-On.Chapter10,04_pong_r2,AtariA2C,__init__,21,1,2
PacktPublishing_Deep-Reinforcement-Learning-Hands-On.Chapter10,04_pong_r2,AtariA2C,_get_conv_out,3,1,1
PacktPublishing_Deep-Reinforcement-Learning-Hands-On.Chapter10,04_pong_r2,AtariA2C,forward,4,1,1
PacktPublishing_Deep-Reinforcement-Learning-Hands-On.Chapter10,04_pong_r2,,discount_with_dones,7,2,3
PacktPublishing_Deep-Reinforcement-Learning-Hands-On.Chapter10,04_pong_r2,,iterate_batches,59,7,3
PacktPublishing_Deep-Reinforcement-Learning-Hands-On.Chapter10,04_pong_r2,,train_a2c,26,1,9
PacktPublishing_Deep-Reinforcement-Learning-Hands-On.Chapter10,04_pong_r2,,set_seed,9,4,3
PacktPublishing_Deep-Reinforcement-Learning-Hands-On.Chapter10.lib,common,RewardTracker,__init__,3,1,2
PacktPublishing_Deep-Reinforcement-Learning-Hands-On.Chapter10.lib,common,RewardTracker,__enter__,5,1,0
PacktPublishing_Deep-Reinforcement-Learning-Hands-On.Chapter10.lib,common,RewardTracker,__exit__,2,1,0
PacktPublishing_Deep-Reinforcement-Learning-Hands-On.Chapter10.lib,common,RewardTracker,reward,20,2,3
PacktPublishing_Deep-Reinforcement-Learning-Hands-On.Chapter10.lib,common,AtariPGN,__init__,16,1,2
PacktPublishing_Deep-Reinforcement-Learning-Hands-On.Chapter10.lib,common,AtariPGN,_get_conv_out,3,1,1
PacktPublishing_Deep-Reinforcement-Learning-Hands-On.Chapter10.lib,common,AtariPGN,forward,4,1,1
PacktPublishing_Deep-Reinforcement-Learning-Hands-On.Chapter10.tmp,00_pong_pg-loc-baseline,MeanBuffer,__init__,4,1,1
PacktPublishing_Deep-Reinforcement-Learning-Hands-On.Chapter10.tmp,00_pong_pg-loc-baseline,MeanBuffer,add,5,2,1
PacktPublishing_Deep-Reinforcement-Learning-Hands-On.Chapter10.tmp,00_pong_pg-loc-baseline,MeanBuffer,mean,4,1,0
PacktPublishing_Deep-Reinforcement-Learning-Hands-On.Chapter10.tmp,00_pong_pg-loc-baseline,,make_env,2,1,0
PacktPublishing_Deep-Reinforcement-Learning-Hands-On.Chapter10.tmp,00_pong_pg,MeanBuffer,__init__,4,1,1
PacktPublishing_Deep-Reinforcement-Learning-Hands-On.Chapter10.tmp,00_pong_pg,MeanBuffer,add,5,2,1
PacktPublishing_Deep-Reinforcement-Learning-Hands-On.Chapter10.tmp,00_pong_pg,MeanBuffer,mean,4,1,0
PacktPublishing_Deep-Reinforcement-Learning-Hands-On.Chapter10.tmp,00_pong_pg,,make_env,2,1,0
PacktPublishing_Deep-Reinforcement-Learning-Hands-On.Chapter11,01_a3c_data,,make_env,2,1,0
PacktPublishing_Deep-Reinforcement-Learning-Hands-On.Chapter11,01_a3c_data,,data_func,9,3,3
PacktPublishing_Deep-Reinforcement-Learning-Hands-On.Chapter11,02_a3c_grad,,make_env,2,1,0
PacktPublishing_Deep-Reinforcement-Learning-Hands-On.Chapter11,02_a3c_grad,,grads_func,52,5,4
PacktPublishing_Deep-Reinforcement-Learning-Hands-On.Chapter11.adhoc,distr_grad,,get_y,2,1,1
PacktPublishing_Deep-Reinforcement-Learning-Hands-On.Chapter11.adhoc,distr_grad2,,get_y,2,1,1
PacktPublishing_Deep-Reinforcement-Learning-Hands-On.Chapter11.adhoc,distr_grad2,,grad_fun,26,5,2
PacktPublishing_Deep-Reinforcement-Learning-Hands-On.Chapter11.lib,common,AtariA2C,__init__,21,1,2
PacktPublishing_Deep-Reinforcement-Learning-Hands-On.Chapter11.lib,common,AtariA2C,_get_conv_out,3,1,1
PacktPublishing_Deep-Reinforcement-Learning-Hands-On.Chapter11.lib,common,AtariA2C,forward,4,1,1
PacktPublishing_Deep-Reinforcement-Learning-Hands-On.Chapter11.lib,common,RewardTracker,__init__,3,1,2
PacktPublishing_Deep-Reinforcement-Learning-Hands-On.Chapter11.lib,common,RewardTracker,__enter__,5,1,0
PacktPublishing_Deep-Reinforcement-Learning-Hands-On.Chapter11.lib,common,RewardTracker,__exit__,2,1,0
PacktPublishing_Deep-Reinforcement-Learning-Hands-On.Chapter11.lib,common,RewardTracker,reward,20,2,3
PacktPublishing_Deep-Reinforcement-Learning-Hands-On.Chapter11.lib,common,,unpack_batch,25,4,4
PacktPublishing_Deep-Reinforcement-Learning-Hands-On.Chapter12,train_crossent,,run_test,12,2,4
PacktPublishing_Deep-Reinforcement-Learning-Hands-On.Chapter12,train_scst,,run_test,15,2,4
PacktPublishing_Deep-Reinforcement-Learning-Hands-On.Chapter12,use_model,,words_to_words,15,3,5
PacktPublishing_Deep-Reinforcement-Learning-Hands-On.Chapter12,use_model,,process_string,3,1,5
PacktPublishing_Deep-Reinforcement-Learning-Hands-On.Chapter12.libbots,cornell,,load_dialogues,12,2,2
PacktPublishing_Deep-Reinforcement-Learning-Hands-On.Chapter12.libbots,cornell,,iterate_entries,5,2,2
PacktPublishing_Deep-Reinforcement-Learning-Hands-On.Chapter12.libbots,cornell,,read_movie_set,7,3,2
PacktPublishing_Deep-Reinforcement-Learning-Hands-On.Chapter12.libbots,cornell,,read_phrases,10,5,2
PacktPublishing_Deep-Reinforcement-Learning-Hands-On.Chapter12.libbots,cornell,,load_conversations,12,5,3
PacktPublishing_Deep-Reinforcement-Learning-Hands-On.Chapter12.libbots,cornell,,read_genres,8,2,1
PacktPublishing_Deep-Reinforcement-Learning-Hands-On.Chapter12.libbots,data,,save_emb_dict,3,1,2
PacktPublishing_Deep-Reinforcement-Learning-Hands-On.Chapter12.libbots,data,,load_emb_dict,3,1,1
PacktPublishing_Deep-Reinforcement-Learning-Hands-On.Chapter12.libbots,data,,encode_words,10,2,2
PacktPublishing_Deep-Reinforcement-Learning-Hands-On.Chapter12.libbots,data,,encode_phrase_pairs,11,4,3
PacktPublishing_Deep-Reinforcement-Learning-Hands-On.Chapter12.libbots,data,,group_train_data,8,2,1
PacktPublishing_Deep-Reinforcement-Learning-Hands-On.Chapter12.libbots,data,,iterate_batches,10,3,2
PacktPublishing_Deep-Reinforcement-Learning-Hands-On.Chapter12.libbots,data,,load_data,18,4,3
PacktPublishing_Deep-Reinforcement-Learning-Hands-On.Chapter12.libbots,data,,phrase_pairs_dict,11,5,2
PacktPublishing_Deep-Reinforcement-Learning-Hands-On.Chapter12.libbots,data,,dialogues_to_pairs,12,7,2
PacktPublishing_Deep-Reinforcement-Learning-Hands-On.Chapter12.libbots,data,,decode_words,2,1,2
PacktPublishing_Deep-Reinforcement-Learning-Hands-On.Chapter12.libbots,data,,trim_tokens_seq,7,3,2
PacktPublishing_Deep-Reinforcement-Learning-Hands-On.Chapter12.libbots,data,,split_train_test,3,1,2
PacktPublishing_Deep-Reinforcement-Learning-Hands-On.Chapter12.libbots,model,PhraseModel,__init__,10,1,3
PacktPublishing_Deep-Reinforcement-Learning-Hands-On.Chapter12.libbots,model,PhraseModel,encode,3,1,1
PacktPublishing_Deep-Reinforcement-Learning-Hands-On.Chapter12.libbots,model,PhraseModel,get_encoded_item,3,1,2
PacktPublishing_Deep-Reinforcement-Learning-Hands-On.Chapter12.libbots,model,PhraseModel,decode_teacher,4,1,2
PacktPublishing_Deep-Reinforcement-Learning-Hands-On.Chapter12.libbots,model,PhraseModel,decode_one,4,1,2
PacktPublishing_Deep-Reinforcement-Learning-Hands-On.Chapter12.libbots,model,PhraseModel,decode_chain_argmax,18,4,4
PacktPublishing_Deep-Reinforcement-Learning-Hands-On.Chapter12.libbots,model,PhraseModel,decode_chain_sampling,19,4,4
PacktPublishing_Deep-Reinforcement-Learning-Hands-On.Chapter12.libbots,model,,pack_batch_no_out,13,2,3
PacktPublishing_Deep-Reinforcement-Learning-Hands-On.Chapter12.libbots,model,,pack_input,4,1,3
PacktPublishing_Deep-Reinforcement-Learning-Hands-On.Chapter12.libbots,model,,pack_batch,6,2,3
PacktPublishing_Deep-Reinforcement-Learning-Hands-On.Chapter12.libbots,model,,seq_bleu,4,1,2
PacktPublishing_Deep-Reinforcement-Learning-Hands-On.Chapter12.libbots,utils,,calc_bleu_many,5,1,2
PacktPublishing_Deep-Reinforcement-Learning-Hands-On.Chapter12.libbots,utils,,calc_bleu,2,1,2
PacktPublishing_Deep-Reinforcement-Learning-Hands-On.Chapter12.libbots,utils,,tokenize,2,1,1
PacktPublishing_Deep-Reinforcement-Learning-Hands-On.Chapter12.libbots,utils,,untokenize,2,2,1
PacktPublishing_Deep-Reinforcement-Learning-Hands-On.Chapter12.tests,test_data,TestData,test_encode_words,3,1,0
PacktPublishing_Deep-Reinforcement-Learning-Hands-On.Chapter12.tests,test_subtitles,TestPhrases,test_split_phrase,21,1,0
PacktPublishing_Deep-Reinforcement-Learning-Hands-On.Chapter12.tests,test_subtitles,TestUtils,test_parse_time,3,1,0
PacktPublishing_Deep-Reinforcement-Learning-Hands-On.Chapter12.tests,test_subtitles,TestUtils,test_remove_braced_words,15,1,0
PacktPublishing_Deep-Reinforcement-Learning-Hands-On.Chapter13,wob_click_mm_play,,step_env,9,3,2
PacktPublishing_Deep-Reinforcement-Learning-Hands-On.Chapter13,wob_click_play,,step_env,9,3,2
PacktPublishing_Deep-Reinforcement-Learning-Hands-On.Chapter13.adhoc,demo_dump,,test_mouse_coords,11,2,0
PacktPublishing_Deep-Reinforcement-Learning-Hands-On.Chapter13.lib,common,RewardTracker,__init__,2,1,1
PacktPublishing_Deep-Reinforcement-Learning-Hands-On.Chapter13.lib,common,RewardTracker,__enter__,5,1,0
PacktPublishing_Deep-Reinforcement-Learning-Hands-On.Chapter13.lib,common,RewardTracker,__exit__,2,1,0
PacktPublishing_Deep-Reinforcement-Learning-Hands-On.Chapter13.lib,common,RewardTracker,reward,17,2,3
PacktPublishing_Deep-Reinforcement-Learning-Hands-On.Chapter13.lib,common,,unpack_batch,29,6,5
PacktPublishing_Deep-Reinforcement-Learning-Hands-On.Chapter13.lib,model_vnc,Model,__init__,15,1,2
PacktPublishing_Deep-Reinforcement-Learning-Hands-On.Chapter13.lib,model_vnc,Model,_get_conv_out,3,1,1
PacktPublishing_Deep-Reinforcement-Learning-Hands-On.Chapter13.lib,model_vnc,Model,forward,4,1,1
PacktPublishing_Deep-Reinforcement-Learning-Hands-On.Chapter13.lib,model_vnc,ModelMultimodal,__init__,17,1,3
PacktPublishing_Deep-Reinforcement-Learning-Hands-On.Chapter13.lib,model_vnc,ModelMultimodal,_get_conv_out,3,1,1
PacktPublishing_Deep-Reinforcement-Learning-Hands-On.Chapter13.lib,model_vnc,ModelMultimodal,_concat_features,8,2,2
PacktPublishing_Deep-Reinforcement-Learning-Hands-On.Chapter13.lib,model_vnc,ModelMultimodal,forward,10,1,1
PacktPublishing_Deep-Reinforcement-Learning-Hands-On.Chapter13.lib,model_vnc,MultimodalPreprocessor,__init__,6,1,2
PacktPublishing_Deep-Reinforcement-Learning-Hands-On.Chapter13.lib,model_vnc,MultimodalPreprocessor,__len__,2,1,0
PacktPublishing_Deep-Reinforcement-Learning-Hands-On.Chapter13.lib,model_vnc,MultimodalPreprocessor,__call__,21,4,1
PacktPublishing_Deep-Reinforcement-Learning-Hands-On.Chapter13.lib,model_vnc,MultimodalPreprocessor,tokens_to_idx,14,4,1
PacktPublishing_Deep-Reinforcement-Learning-Hands-On.Chapter13.lib,model_vnc,MultimodalPreprocessor,save,5,1,1
PacktPublishing_Deep-Reinforcement-Learning-Hands-On.Chapter13.lib,model_vnc,MultimodalPreprocessor,load,10,1,2
PacktPublishing_Deep-Reinforcement-Learning-Hands-On.Chapter13.lib,model_vnc,,train_demo,12,1,7
PacktPublishing_Deep-Reinforcement-Learning-Hands-On.Chapter13.lib,vnc_demo,Client,__init__,13,1,1
PacktPublishing_Deep-Reinforcement-Learning-Hands-On.Chapter13.lib,vnc_demo,Client,decode_rectangle,16,2,1
PacktPublishing_Deep-Reinforcement-Learning-Hands-On.Chapter13.lib,vnc_demo,,iterate_demo_dirs,7,3,2
PacktPublishing_Deep-Reinforcement-Learning-Hands-On.Chapter13.lib,vnc_demo,,load_demo,31,2,3
PacktPublishing_Deep-Reinforcement-Learning-Hands-On.Chapter13.lib,vnc_demo,,read_text_entries,13,4,1
PacktPublishing_Deep-Reinforcement-Learning-Hands-On.Chapter13.lib,vnc_demo,,read_fbp_file,25,4,4
PacktPublishing_Deep-Reinforcement-Learning-Hands-On.Chapter13.lib,vnc_demo,,default_mouse_to_action,8,2,1
PacktPublishing_Deep-Reinforcement-Learning-Hands-On.Chapter13.lib,vnc_demo,,iterate_earlier,8,3,2
PacktPublishing_Deep-Reinforcement-Learning-Hands-On.Chapter13.lib,vnc_demo,,extract_samples,41,10,6
PacktPublishing_Deep-Reinforcement-Learning-Hands-On.Chapter13.lib,vnc_demo,,crop_image,3,1,1
PacktPublishing_Deep-Reinforcement-Learning-Hands-On.Chapter13.lib,wob_vnc,MiniWoBCropper,__init__,3,1,2
PacktPublishing_Deep-Reinforcement-Learning-Hands-On.Chapter13.lib,wob_vnc,MiniWoBCropper,_observation,14,4,1
PacktPublishing_Deep-Reinforcement-Learning-Hands-On.Chapter13.lib,wob_vnc,MiniWoBPeeker,__init__,11,3,2
PacktPublishing_Deep-Reinforcement-Learning-Hands-On.Chapter13.lib,wob_vnc,MiniWoBPeeker,_reset,8,3,0
PacktPublishing_Deep-Reinforcement-Learning-Hands-On.Chapter13.lib,wob_vnc,MiniWoBPeeker,_step,24,7,1
PacktPublishing_Deep-Reinforcement-Learning-Hands-On.Chapter13.lib,wob_vnc,,remotes_url,3,1,3
PacktPublishing_Deep-Reinforcement-Learning-Hands-On.Chapter13.lib,wob_vnc,,configure,5,1,3
PacktPublishing_Deep-Reinforcement-Learning-Hands-On.Chapter13.lib,wob_vnc,,save_obs,19,4,6
PacktPublishing_Deep-Reinforcement-Learning-Hands-On.Chapter13.lib.ksy,fbs,Fbs,__init__,13,3,3
PacktPublishing_Deep-Reinforcement-Learning-Hands-On.Chapter13.lib.ksy,rfp_client,RfpClient,__init__,8,2,3
PacktPublishing_Deep-Reinforcement-Learning-Hands-On.Chapter13.lib.ksy,rfp_server,RfpServer,__init__,8,2,3
PacktPublishing_Deep-Reinforcement-Learning-Hands-On.Chapter14,02_train_a2c,,test_net,16,4,4
PacktPublishing_Deep-Reinforcement-Learning-Hands-On.Chapter14,02_train_a2c,,calc_logprob,4,1,3
PacktPublishing_Deep-Reinforcement-Learning-Hands-On.Chapter14,04_train_ddpg,,test_net,16,4,4
PacktPublishing_Deep-Reinforcement-Learning-Hands-On.Chapter14,06_train_d4pg,,test_net,16,4,4
PacktPublishing_Deep-Reinforcement-Learning-Hands-On.Chapter14,06_train_d4pg,,distr_projection,34,5,5
PacktPublishing_Deep-Reinforcement-Learning-Hands-On.Chapter14.lib,common,,unpack_batch_a2c,25,4,4
PacktPublishing_Deep-Reinforcement-Learning-Hands-On.Chapter14.lib,common,,unpack_batch_ddqn,17,3,2
PacktPublishing_Deep-Reinforcement-Learning-Hands-On.Chapter14.lib,model,ModelA2C,__init__,15,1,2
PacktPublishing_Deep-Reinforcement-Learning-Hands-On.Chapter14.lib,model,ModelA2C,forward,3,1,1
PacktPublishing_Deep-Reinforcement-Learning-Hands-On.Chapter14.lib,model,DDPGActor,__init__,10,1,2
PacktPublishing_Deep-Reinforcement-Learning-Hands-On.Chapter14.lib,model,DDPGActor,forward,2,1,1
PacktPublishing_Deep-Reinforcement-Learning-Hands-On.Chapter14.lib,model,DDPGCritic,__init__,11,1,2
PacktPublishing_Deep-Reinforcement-Learning-Hands-On.Chapter14.lib,model,DDPGCritic,forward,3,1,2
PacktPublishing_Deep-Reinforcement-Learning-Hands-On.Chapter14.lib,model,D4PGCritic,__init__,13,1,5
PacktPublishing_Deep-Reinforcement-Learning-Hands-On.Chapter14.lib,model,D4PGCritic,forward,3,1,2
PacktPublishing_Deep-Reinforcement-Learning-Hands-On.Chapter14.lib,model,D4PGCritic,distr_to_q,4,1,1
PacktPublishing_Deep-Reinforcement-Learning-Hands-On.Chapter14.lib,model,AgentA2C,__init__,3,1,2
PacktPublishing_Deep-Reinforcement-Learning-Hands-On.Chapter14.lib,model,AgentA2C,__call__,8,1,2
PacktPublishing_Deep-Reinforcement-Learning-Hands-On.Chapter14.lib,model,AgentDDPG,__init__,8,1,7
PacktPublishing_Deep-Reinforcement-Learning-Hands-On.Chapter14.lib,model,AgentDDPG,initial_state,2,1,0
PacktPublishing_Deep-Reinforcement-Learning-Hands-On.Chapter14.lib,model,AgentDDPG,__call__,18,5,2
PacktPublishing_Deep-Reinforcement-Learning-Hands-On.Chapter14.lib,model,AgentD4PG,__init__,4,1,3
PacktPublishing_Deep-Reinforcement-Learning-Hands-On.Chapter14.lib,model,AgentD4PG,__call__,7,1,2
PacktPublishing_Deep-Reinforcement-Learning-Hands-On.Chapter15,01_train_a2c,,test_net,16,4,4
PacktPublishing_Deep-Reinforcement-Learning-Hands-On.Chapter15,01_train_a2c,,calc_logprob,4,1,3
PacktPublishing_Deep-Reinforcement-Learning-Hands-On.Chapter15,03_train_trpo,,test_net,16,4,4
PacktPublishing_Deep-Reinforcement-Learning-Hands-On.Chapter15,03_train_trpo,,calc_logprob,4,1,3
PacktPublishing_Deep-Reinforcement-Learning-Hands-On.Chapter15,03_train_trpo,,calc_adv_ref,21,3,4
PacktPublishing_Deep-Reinforcement-Learning-Hands-On.Chapter15,04_train_ppo,,test_net,16,4,4
PacktPublishing_Deep-Reinforcement-Learning-Hands-On.Chapter15,04_train_ppo,,calc_logprob,4,1,3
PacktPublishing_Deep-Reinforcement-Learning-Hands-On.Chapter15,04_train_ppo,,calc_adv_ref,21,3,4
PacktPublishing_Deep-Reinforcement-Learning-Hands-On.Chapter15,05_train_acktr,,test_net,16,4,4
PacktPublishing_Deep-Reinforcement-Learning-Hands-On.Chapter15,05_train_acktr,,calc_logprob,4,1,3
PacktPublishing_Deep-Reinforcement-Learning-Hands-On.Chapter15.lib,common,,unpack_batch_a2c,25,4,4
PacktPublishing_Deep-Reinforcement-Learning-Hands-On.Chapter15.lib,kfac,AddBias,__init__,3,1,1
PacktPublishing_Deep-Reinforcement-Learning-Hands-On.Chapter15.lib,kfac,AddBias,forward,6,2,1
PacktPublishing_Deep-Reinforcement-Learning-Hands-On.Chapter15.lib,kfac,SplitBias,__init__,5,1,1
PacktPublishing_Deep-Reinforcement-Learning-Hands-On.Chapter15.lib,kfac,SplitBias,forward,4,1,1
PacktPublishing_Deep-Reinforcement-Learning-Hands-On.Chapter15.lib,kfac,KFACOptimizer,__init__,32,3,10
PacktPublishing_Deep-Reinforcement-Learning-Hands-On.Chapter15.lib,kfac,KFACOptimizer,_save_input,16,4,2
PacktPublishing_Deep-Reinforcement-Learning-Hands-On.Chapter15.lib,kfac,KFACOptimizer,_save_grad_output,16,4,3
PacktPublishing_Deep-Reinforcement-Learning-Hands-On.Chapter15.lib,kfac,KFACOptimizer,_prepare_model,10,4,0
PacktPublishing_Deep-Reinforcement-Learning-Hands-On.Chapter15.lib,kfac,KFACOptimizer,step,53,10,0
PacktPublishing_Deep-Reinforcement-Learning-Hands-On.Chapter15.lib,kfac,,_extract_patches,10,2,4
PacktPublishing_Deep-Reinforcement-Learning-Hands-On.Chapter15.lib,kfac,,compute_cov_a,16,5,4
PacktPublishing_Deep-Reinforcement-Learning-Hands-On.Chapter15.lib,kfac,,compute_cov_g,14,4,4
PacktPublishing_Deep-Reinforcement-Learning-Hands-On.Chapter15.lib,kfac,,update_running_stat,4,1,3
PacktPublishing_Deep-Reinforcement-Learning-Hands-On.Chapter15.lib,model,ModelActor,__init__,11,1,2
PacktPublishing_Deep-Reinforcement-Learning-Hands-On.Chapter15.lib,model,ModelActor,forward,2,1,1
PacktPublishing_Deep-Reinforcement-Learning-Hands-On.Chapter15.lib,model,ModelCritic,__init__,9,1,1
PacktPublishing_Deep-Reinforcement-Learning-Hands-On.Chapter15.lib,model,ModelCritic,forward,2,1,1
PacktPublishing_Deep-Reinforcement-Learning-Hands-On.Chapter15.lib,model,AgentA2C,__init__,3,1,2
PacktPublishing_Deep-Reinforcement-Learning-Hands-On.Chapter15.lib,model,AgentA2C,__call__,8,1,2
PacktPublishing_Deep-Reinforcement-Learning-Hands-On.Chapter15.lib,trpo,,get_flat_params_from,6,2,1
PacktPublishing_Deep-Reinforcement-Learning-Hands-On.Chapter15.lib,trpo,,set_flat_params_to,7,2,2
PacktPublishing_Deep-Reinforcement-Learning-Hands-On.Chapter15.lib,trpo,,conjugate_gradients,17,3,5
PacktPublishing_Deep-Reinforcement-Learning-Hands-On.Chapter15.lib,trpo,,linesearch,13,3,7
PacktPublishing_Deep-Reinforcement-Learning-Hands-On.Chapter15.lib,trpo,,trpo_step,27,0,6
PacktPublishing_Deep-Reinforcement-Learning-Hands-On.Chapter16,01_cartpole_es,Net,__init__,8,1,2
PacktPublishing_Deep-Reinforcement-Learning-Hands-On.Chapter16,01_cartpole_es,Net,forward,2,1,1
PacktPublishing_Deep-Reinforcement-Learning-Hands-On.Chapter16,01_cartpole_es,,evaluate,14,3,2
PacktPublishing_Deep-Reinforcement-Learning-Hands-On.Chapter16,01_cartpole_es,,sample_noise,8,2,1
PacktPublishing_Deep-Reinforcement-Learning-Hands-On.Chapter16,01_cartpole_es,,eval_with_noise,7,2,3
PacktPublishing_Deep-Reinforcement-Learning-Hands-On.Chapter16,01_cartpole_es,,train_step,19,6,5
PacktPublishing_Deep-Reinforcement-Learning-Hands-On.Chapter16,02_cheetah_es,Net,__init__,10,1,3
PacktPublishing_Deep-Reinforcement-Learning-Hands-On.Chapter16,02_cheetah_es,Net,forward,2,1,1
PacktPublishing_Deep-Reinforcement-Learning-Hands-On.Chapter16,02_cheetah_es,,make_env,2,1,0
PacktPublishing_Deep-Reinforcement-Learning-Hands-On.Chapter16,02_cheetah_es,,evaluate,14,3,3
PacktPublishing_Deep-Reinforcement-Learning-Hands-On.Chapter16,02_cheetah_es,,sample_noise,8,2,2
PacktPublishing_Deep-Reinforcement-Learning-Hands-On.Chapter16,02_cheetah_es,,eval_with_noise,7,3,5
PacktPublishing_Deep-Reinforcement-Learning-Hands-On.Chapter16,02_cheetah_es,,compute_ranks,7,1,1
PacktPublishing_Deep-Reinforcement-Learning-Hands-On.Chapter16,02_cheetah_es,,compute_centered_ranks,5,1,1
PacktPublishing_Deep-Reinforcement-Learning-Hands-On.Chapter16,02_cheetah_es,,train_step,17,5,7
PacktPublishing_Deep-Reinforcement-Learning-Hands-On.Chapter16,02_cheetah_es,,worker_func,19,4,5
PacktPublishing_Deep-Reinforcement-Learning-Hands-On.Chapter16,03_cartpole_ga,Net,__init__,8,1,2
PacktPublishing_Deep-Reinforcement-Learning-Hands-On.Chapter16,03_cartpole_ga,Net,forward,2,1,1
PacktPublishing_Deep-Reinforcement-Learning-Hands-On.Chapter16,03_cartpole_ga,,evaluate,12,3,2
PacktPublishing_Deep-Reinforcement-Learning-Hands-On.Chapter16,03_cartpole_ga,,mutate_parent,6,2,1
PacktPublishing_Deep-Reinforcement-Learning-Hands-On.Chapter16,04_cheetah_ga,Net,__init__,10,1,3
PacktPublishing_Deep-Reinforcement-Learning-Hands-On.Chapter16,04_cheetah_ga,Net,forward,2,1,1
PacktPublishing_Deep-Reinforcement-Learning-Hands-On.Chapter16,04_cheetah_ga,,evaluate,13,3,2
PacktPublishing_Deep-Reinforcement-Learning-Hands-On.Chapter16,04_cheetah_ga,,mutate_net,7,2,3
PacktPublishing_Deep-Reinforcement-Learning-Hands-On.Chapter16,04_cheetah_ga,,build_net,6,2,2
PacktPublishing_Deep-Reinforcement-Learning-Hands-On.Chapter16,04_cheetah_ga,,worker_func,21,6,2
PacktPublishing_Deep-Reinforcement-Learning-Hands-On.Chapter16,05_cheetah_ga_batch,MultiNoiseLinear,set_noise_dim,5,1,1
PacktPublishing_Deep-Reinforcement-Learning-Hands-On.Chapter16,05_cheetah_ga_batch,MultiNoiseLinear,sample_noise_row,5,1,1
PacktPublishing_Deep-Reinforcement-Learning-Hands-On.Chapter16,05_cheetah_ga_batch,MultiNoiseLinear,zero_noise,3,1,0
PacktPublishing_Deep-Reinforcement-Learning-Hands-On.Chapter16,05_cheetah_ga_batch,MultiNoiseLinear,forward,5,1,1
PacktPublishing_Deep-Reinforcement-Learning-Hands-On.Chapter16,05_cheetah_ga_batch,Net,__init__,6,1,3
PacktPublishing_Deep-Reinforcement-Learning-Hands-On.Chapter16,05_cheetah_ga_batch,Net,forward,5,1,1
PacktPublishing_Deep-Reinforcement-Learning-Hands-On.Chapter16,05_cheetah_ga_batch,Net,set_noise_seeds,10,2,1
PacktPublishing_Deep-Reinforcement-Learning-Hands-On.Chapter16,05_cheetah_ga_batch,Net,zero_noise,7,1,1
PacktPublishing_Deep-Reinforcement-Learning-Hands-On.Chapter16,05_cheetah_ga_batch,,evaluate,13,3,3
PacktPublishing_Deep-Reinforcement-Learning-Hands-On.Chapter16,05_cheetah_ga_batch,,evaluate_batch,20,5,3
PacktPublishing_Deep-Reinforcement-Learning-Hands-On.Chapter16,05_cheetah_ga_batch,,mutate_net,7,2,3
PacktPublishing_Deep-Reinforcement-Learning-Hands-On.Chapter16,05_cheetah_ga_batch,,build_net,6,2,2
PacktPublishing_Deep-Reinforcement-Learning-Hands-On.Chapter16,05_cheetah_ga_batch,,worker_func,24,7,3
PacktPublishing_Deep-Reinforcement-Learning-Hands-On.Chapter17,02_imag,,get_obs_diff,6,1,2
PacktPublishing_Deep-Reinforcement-Learning-Hands-On.Chapter17,02_imag,,iterate_batches,41,5,3
PacktPublishing_Deep-Reinforcement-Learning-Hands-On.Chapter17.lib,common,AtariA2C,__init__,17,1,2
PacktPublishing_Deep-Reinforcement-Learning-Hands-On.Chapter17.lib,common,AtariA2C,_get_conv_out,3,1,1
PacktPublishing_Deep-Reinforcement-Learning-Hands-On.Chapter17.lib,common,AtariA2C,forward,5,1,1
PacktPublishing_Deep-Reinforcement-Learning-Hands-On.Chapter17.lib,common,,make_env,9,2,2
PacktPublishing_Deep-Reinforcement-Learning-Hands-On.Chapter17.lib,common,,set_seed,8,4,3
PacktPublishing_Deep-Reinforcement-Learning-Hands-On.Chapter17.lib,common,,discount_with_dones,7,2,3
PacktPublishing_Deep-Reinforcement-Learning-Hands-On.Chapter17.lib,common,,iterate_batches,59,7,3
PacktPublishing_Deep-Reinforcement-Learning-Hands-On.Chapter17.lib,common,,train_a2c,26,1,9
PacktPublishing_Deep-Reinforcement-Learning-Hands-On.Chapter17.lib,common,,test_model,14,4,4
PacktPublishing_Deep-Reinforcement-Learning-Hands-On.Chapter17.lib,i2a,EnvironmentModel,__init__,30,1,2
PacktPublishing_Deep-Reinforcement-Learning-Hands-On.Chapter17.lib,i2a,EnvironmentModel,_get_reward_conv_out,4,1,1
PacktPublishing_Deep-Reinforcement-Learning-Hands-On.Chapter17.lib,i2a,EnvironmentModel,forward,12,1,2
PacktPublishing_Deep-Reinforcement-Learning-Hands-On.Chapter17.lib,i2a,RolloutEncoder,__init__,12,1,2
PacktPublishing_Deep-Reinforcement-Learning-Hands-On.Chapter17.lib,i2a,RolloutEncoder,_get_conv_out,3,1,1
PacktPublishing_Deep-Reinforcement-Learning-Hands-On.Chapter17.lib,i2a,RolloutEncoder,forward,12,1,2
PacktPublishing_Deep-Reinforcement-Learning-Hands-On.Chapter17.lib,i2a,I2A,__init__,24,1,5
PacktPublishing_Deep-Reinforcement-Learning-Hands-On.Chapter17.lib,i2a,I2A,_get_conv_out,3,1,1
PacktPublishing_Deep-Reinforcement-Learning-Hands-On.Chapter17.lib,i2a,I2A,forward,7,1,1
PacktPublishing_Deep-Reinforcement-Learning-Hands-On.Chapter17.lib,i2a,I2A,rollouts_batch,32,4,1
PacktPublishing_Deep-Reinforcement-Learning-Hands-On.Chapter18,telegram-bot,Session,__init__,10,1,3
PacktPublishing_Deep-Reinforcement-Learning-Hands-On.Chapter18,telegram-bot,Session,move_player,4,1,1
PacktPublishing_Deep-Reinforcement-Learning-Hands-On.Chapter18,telegram-bot,Session,move_bot,8,1,0
PacktPublishing_Deep-Reinforcement-Learning-Hands-On.Chapter18,telegram-bot,Session,is_valid_move,2,1,1
PacktPublishing_Deep-Reinforcement-Learning-Hands-On.Chapter18,telegram-bot,Session,is_draw,2,1,0
PacktPublishing_Deep-Reinforcement-Learning-Hands-On.Chapter18,telegram-bot,Session,render,9,2,0
PacktPublishing_Deep-Reinforcement-Learning-Hands-On.Chapter18,telegram-bot,PlayerBot,__init__,7,1,2
PacktPublishing_Deep-Reinforcement-Learning-Hands-On.Chapter18,telegram-bot,PlayerBot,_read_models,5,2,1
PacktPublishing_Deep-Reinforcement-Learning-Hands-On.Chapter18,telegram-bot,PlayerBot,_read_leaderboard,10,3,1
PacktPublishing_Deep-Reinforcement-Learning-Hands-On.Chapter18,telegram-bot,PlayerBot,_update_leaderboard,10,3,3
PacktPublishing_Deep-Reinforcement-Learning-Hands-On.Chapter18,telegram-bot,PlayerBot,_save_log,15,1,2
PacktPublishing_Deep-Reinforcement-Learning-Hands-On.Chapter18,telegram-bot,PlayerBot,command_help,14,1,2
PacktPublishing_Deep-Reinforcement-Learning-Hands-On.Chapter18,telegram-bot,PlayerBot,command_list,8,3,2
PacktPublishing_Deep-Reinforcement-Learning-Hands-On.Chapter18,telegram-bot,PlayerBot,command_play,23,4,3
PacktPublishing_Deep-Reinforcement-Learning-Hands-On.Chapter18,telegram-bot,PlayerBot,text,36,5,2
PacktPublishing_Deep-Reinforcement-Learning-Hands-On.Chapter18,telegram-bot,PlayerBot,error,5,2,3
PacktPublishing_Deep-Reinforcement-Learning-Hands-On.Chapter18,telegram-bot,PlayerBot,command_top,8,2,2
PacktPublishing_Deep-Reinforcement-Learning-Hands-On.Chapter18,telegram-bot,PlayerBot,command_refresh,3,1,2
PacktPublishing_Deep-Reinforcement-Learning-Hands-On.Chapter18,train,,evaluate,12,4,4
PacktPublishing_Deep-Reinforcement-Learning-Hands-On.Chapter18.lib,game,,bits_to_int,6,2,1
PacktPublishing_Deep-Reinforcement-Learning-Hands-On.Chapter18.lib,game,,int_to_bits,6,2,2
PacktPublishing_Deep-Reinforcement-Learning-Hands-On.Chapter18.lib,game,,encode_lists,14,2,1
PacktPublishing_Deep-Reinforcement-Learning-Hands-On.Chapter18.lib,game,,decode_binary,14,3,1
PacktPublishing_Deep-Reinforcement-Learning-Hands-On.Chapter18.lib,game,,possible_moves,6,1,1
PacktPublishing_Deep-Reinforcement-Learning-Hands-On.Chapter18.lib,game,,_check_won,27,9,3
PacktPublishing_Deep-Reinforcement-Learning-Hands-On.Chapter18.lib,game,,move,16,4,3
PacktPublishing_Deep-Reinforcement-Learning-Hands-On.Chapter18.lib,game,,render,8,3,1
PacktPublishing_Deep-Reinforcement-Learning-Hands-On.Chapter18.lib,game,,update_counts,4,1,3
PacktPublishing_Deep-Reinforcement-Learning-Hands-On.Chapter18.lib,mcts,MCTS,__init__,6,1,1
PacktPublishing_Deep-Reinforcement-Learning-Hands-On.Chapter18.lib,mcts,MCTS,clear,5,1,0
PacktPublishing_Deep-Reinforcement-Learning-Hands-On.Chapter18.lib,mcts,MCTS,__len__,2,1,0
PacktPublishing_Deep-Reinforcement-Learning-Hands-On.Chapter18.lib,mcts,MCTS,find_leaf,36,7,2
PacktPublishing_Deep-Reinforcement-Learning-Hands-On.Chapter18.lib,mcts,MCTS,is_leaf,2,1,1
PacktPublishing_Deep-Reinforcement-Learning-Hands-On.Chapter18.lib,mcts,MCTS,search_batch,3,2,6
PacktPublishing_Deep-Reinforcement-Learning-Hands-On.Chapter18.lib,mcts,MCTS,search_minibatch,41,8,5
PacktPublishing_Deep-Reinforcement-Learning-Hands-On.Chapter18.lib,mcts,MCTS,get_policy_value,13,2,2
PacktPublishing_Deep-Reinforcement-Learning-Hands-On.Chapter18.lib,model,Net,__init__,54,1,2
PacktPublishing_Deep-Reinforcement-Learning-Hands-On.Chapter18.lib,model,Net,_get_conv_val_size,3,1,1
PacktPublishing_Deep-Reinforcement-Learning-Hands-On.Chapter18.lib,model,Net,_get_conv_policy_size,3,1,1
PacktPublishing_Deep-Reinforcement-Learning-Hands-On.Chapter18.lib,model,Net,forward,13,1,1
PacktPublishing_Deep-Reinforcement-Learning-Hands-On.Chapter18.lib,model,,_encode_list_state,11,4,3
PacktPublishing_Deep-Reinforcement-Learning-Hands-On.Chapter18.lib,model,,state_lists_to_batch,9,2,3
PacktPublishing_Deep-Reinforcement-Learning-Hands-On.Chapter18.lib,model,,play_game,52,14,9
PacktPublishing_Deep-Reinforcement-Learning-Hands-On.Chapter18.tests,test_game,TestBits,test_bits_to_int,5,1,0
PacktPublishing_Deep-Reinforcement-Learning-Hands-On.Chapter18.tests,test_game,TestBits,test_int_to_bits,7,1,0
PacktPublishing_Deep-Reinforcement-Learning-Hands-On.Chapter18.tests,test_game,TestGameEncoding,test_simple_encode,7,1,0
PacktPublishing_Deep-Reinforcement-Learning-Hands-On.Chapter18.tests,test_game,TestGameEncoding,test_simple_decode,7,1,0
PacktPublishing_Deep-Reinforcement-Learning-Hands-On.Chapter18.tests,test_game,TestMoveFunctions,test_possible_moves,7,1,0
PacktPublishing_Deep-Reinforcement-Learning-Hands-On.Chapter18.tests,test_game,TestMoveFunctions,test_move_vertical_win,18,1,0
PacktPublishing_Deep-Reinforcement-Learning-Hands-On.Chapter18.tests,test_game,TestMoveFunctions,test_move_horizontal_win,18,1,0
PacktPublishing_Deep-Reinforcement-Learning-Hands-On.Chapter18.tests,test_game,TestMoveFunctions,test_move_diags,23,1,0
PacktPublishing_Deep-Reinforcement-Learning-Hands-On.Chapter18.tests,test_game,TestMoveFunctions,test_tricky,13,1,0
PacktPublishing_Deep-Reinforcement-Learning-Hands-On.Chapter18.tests,test_model,TestEncoding,test_encoding,48,1,0
