Package,Module,Class,Smell,Function/Method,Line no,File,Details
PacktPublishing_Deep-Reinforcement-Learning-Hands-On.Chapter02,01_agent_anatomy,Environment,Magic number,__init__,6,/Volumes/BrokeExt/NICHE/PacktPublishing_Deep-Reinforcement-Learning-Hands-On/Chapter02/01_agent_anatomy.py,Magic number 10 used in __init__.
PacktPublishing_Deep-Reinforcement-Learning-Hands-On.Chapter02,03_random_actionwrapper,RandomActionWrapper,Magic number,__init__,7,/Volumes/BrokeExt/NICHE/PacktPublishing_Deep-Reinforcement-Learning-Hands-On/Chapter02/03_random_actionwrapper.py,Magic number 0.1 used in __init__.
PacktPublishing_Deep-Reinforcement-Learning-Hands-On.Chapter03,01_modules,OurModule,Long statement,__init__,7,/Volumes/BrokeExt/NICHE/PacktPublishing_Deep-Reinforcement-Learning-Hands-On/Chapter03/01_modules.py,A line with 166 chars in __init__ exceeds the maximum length of 120 characters.
PacktPublishing_Deep-Reinforcement-Learning-Hands-On.Chapter03,01_modules,OurModule,Magic number,__init__,5,/Volumes/BrokeExt/NICHE/PacktPublishing_Deep-Reinforcement-Learning-Hands-On/Chapter03/01_modules.py,Magic number 0.3 used in __init__.
PacktPublishing_Deep-Reinforcement-Learning-Hands-On.Chapter03,03_atari_gan,InputWrapper,Long statement,__init__,44,/Volumes/BrokeExt/NICHE/PacktPublishing_Deep-Reinforcement-Learning-Hands-On/Chapter03/03_atari_gan.py,A line with 124 chars in __init__ exceeds the maximum length of 120 characters.
PacktPublishing_Deep-Reinforcement-Learning-Hands-On.Chapter03,03_atari_gan,Discriminator,Long statement,__init__,59,/Volumes/BrokeExt/NICHE/PacktPublishing_Deep-Reinforcement-Learning-Hands-On/Chapter03/03_atari_gan.py,A line with 734 chars in __init__ exceeds the maximum length of 120 characters.
PacktPublishing_Deep-Reinforcement-Learning-Hands-On.Chapter03,03_atari_gan,Generator,Long statement,__init__,89,/Volumes/BrokeExt/NICHE/PacktPublishing_Deep-Reinforcement-Learning-Hands-On/Chapter03/03_atari_gan.py,A line with 820 chars in __init__ exceeds the maximum length of 120 characters.
PacktPublishing_Deep-Reinforcement-Learning-Hands-On.Chapter03,03_atari_gan,,Magic number,iterate_batches,122,/Volumes/BrokeExt/NICHE/PacktPublishing_Deep-Reinforcement-Learning-Hands-On/Chapter03/03_atari_gan.py,Magic number 0.01 used in iterate_batches.
PacktPublishing_Deep-Reinforcement-Learning-Hands-On.Chapter03,03_atari_gan,,Magic number,iterate_batches,126,/Volumes/BrokeExt/NICHE/PacktPublishing_Deep-Reinforcement-Learning-Hands-On/Chapter03/03_atari_gan.py,Magic number 255.0 used in iterate_batches.
PacktPublishing_Deep-Reinforcement-Learning-Hands-On.Chapter03,03_atari_gan,,Magic number,iterate_batches,126,/Volumes/BrokeExt/NICHE/PacktPublishing_Deep-Reinforcement-Learning-Hands-On/Chapter03/03_atari_gan.py,Magic number 2.0 used in iterate_batches.
PacktPublishing_Deep-Reinforcement-Learning-Hands-On.Chapter04,03_frozenlake_tweaked,,Long statement,,117,/Volumes/BrokeExt/NICHE/PacktPublishing_Deep-Reinforcement-Learning-Hands-On/Chapter04/03_frozenlake_tweaked.py,A line with 142 chars in 03_frozenlake_tweaked exceeds the maximum length of 120 characters.
PacktPublishing_Deep-Reinforcement-Learning-Hands-On.Chapter04,04_frozenlake_nonslippery,,Long statement,,121,/Volumes/BrokeExt/NICHE/PacktPublishing_Deep-Reinforcement-Learning-Hands-On/Chapter04/04_frozenlake_nonslippery.py,A line with 142 chars in 04_frozenlake_nonslippery exceeds the maximum length of 120 characters.
PacktPublishing_Deep-Reinforcement-Learning-Hands-On.Chapter06,02_dqn_pong,ExperienceBuffer,Long statement,sample,48,/Volumes/BrokeExt/NICHE/PacktPublishing_Deep-Reinforcement-Learning-Hands-On/Chapter06/02_dqn_pong.py,A line with 137 chars in sample exceeds the maximum length of 120 characters.
PacktPublishing_Deep-Reinforcement-Learning-Hands-On.Chapter06,02_dqn_pong,,Long statement,,110,/Volumes/BrokeExt/NICHE/PacktPublishing_Deep-Reinforcement-Learning-Hands-On/Chapter06/02_dqn_pong.py,A line with 156 chars in 02_dqn_pong exceeds the maximum length of 120 characters.
PacktPublishing_Deep-Reinforcement-Learning-Hands-On.Chapter06,02_dqn_pong,,Long statement,,144,/Volumes/BrokeExt/NICHE/PacktPublishing_Deep-Reinforcement-Learning-Hands-On/Chapter06/02_dqn_pong.py,A line with 135 chars in 02_dqn_pong exceeds the maximum length of 120 characters.
PacktPublishing_Deep-Reinforcement-Learning-Hands-On.Chapter06,03_dqn_play,,Long statement,,21,/Volumes/BrokeExt/NICHE/PacktPublishing_Deep-Reinforcement-Learning-Hands-On/Chapter06/03_dqn_play.py,A line with 123 chars in 03_dqn_play exceeds the maximum length of 120 characters.
PacktPublishing_Deep-Reinforcement-Learning-Hands-On.Chapter06,03_dqn_play,,Long statement,,24,/Volumes/BrokeExt/NICHE/PacktPublishing_Deep-Reinforcement-Learning-Hands-On/Chapter06/03_dqn_play.py,A line with 138 chars in 03_dqn_play exceeds the maximum length of 120 characters.
PacktPublishing_Deep-Reinforcement-Learning-Hands-On.Chapter06.lib,dqn_model,DQN,Long statement,__init__,11,/Volumes/BrokeExt/NICHE/PacktPublishing_Deep-Reinforcement-Learning-Hands-On/Chapter06/lib/dqn_model.py,A line with 202 chars in __init__ exceeds the maximum length of 120 characters.
PacktPublishing_Deep-Reinforcement-Learning-Hands-On.Chapter06.lib,wrappers,ImageToPyTorch,Long statement,__init__,84,/Volumes/BrokeExt/NICHE/PacktPublishing_Deep-Reinforcement-Learning-Hands-On/Chapter06/lib/wrappers.py,A line with 130 chars in __init__ exceeds the maximum length of 120 characters.
PacktPublishing_Deep-Reinforcement-Learning-Hands-On.Chapter06.lib,wrappers,BufferWrapper,Long statement,__init__,101,/Volumes/BrokeExt/NICHE/PacktPublishing_Deep-Reinforcement-Learning-Hands-On/Chapter06/lib/wrappers.py,A line with 131 chars in __init__ exceeds the maximum length of 120 characters.
PacktPublishing_Deep-Reinforcement-Learning-Hands-On.Chapter06.lib,wrappers,FireResetEnv,Magic number,__init__,13,/Volumes/BrokeExt/NICHE/PacktPublishing_Deep-Reinforcement-Learning-Hands-On/Chapter06/lib/wrappers.py,Magic number 3 used in __init__.
PacktPublishing_Deep-Reinforcement-Learning-Hands-On.Chapter06.lib,wrappers,MaxAndSkipEnv,Magic number,__init__,30,/Volumes/BrokeExt/NICHE/PacktPublishing_Deep-Reinforcement-Learning-Hands-On/Chapter06/lib/wrappers.py,Magic number 4 used in __init__.
PacktPublishing_Deep-Reinforcement-Learning-Hands-On.Chapter06.lib,wrappers,ProcessFrame84,Magic number,process,67,/Volumes/BrokeExt/NICHE/PacktPublishing_Deep-Reinforcement-Learning-Hands-On/Chapter06/lib/wrappers.py,Magic number 3 used in process.
PacktPublishing_Deep-Reinforcement-Learning-Hands-On.Chapter06.lib,wrappers,ProcessFrame84,Magic number,process,73,/Volumes/BrokeExt/NICHE/PacktPublishing_Deep-Reinforcement-Learning-Hands-On/Chapter06/lib/wrappers.py,Magic number 0.114 used in process.
PacktPublishing_Deep-Reinforcement-Learning-Hands-On.Chapter06.lib,wrappers,ProcessFrame84,Magic number,process,67,/Volumes/BrokeExt/NICHE/PacktPublishing_Deep-Reinforcement-Learning-Hands-On/Chapter06/lib/wrappers.py,Magic number 210 used in process.
PacktPublishing_Deep-Reinforcement-Learning-Hands-On.Chapter06.lib,wrappers,ProcessFrame84,Magic number,process,67,/Volumes/BrokeExt/NICHE/PacktPublishing_Deep-Reinforcement-Learning-Hands-On/Chapter06/lib/wrappers.py,Magic number 160 used in process.
PacktPublishing_Deep-Reinforcement-Learning-Hands-On.Chapter06.lib,wrappers,ProcessFrame84,Magic number,process,69,/Volumes/BrokeExt/NICHE/PacktPublishing_Deep-Reinforcement-Learning-Hands-On/Chapter06/lib/wrappers.py,Magic number 3 used in process.
PacktPublishing_Deep-Reinforcement-Learning-Hands-On.Chapter06.lib,wrappers,ProcessFrame84,Magic number,process,73,/Volumes/BrokeExt/NICHE/PacktPublishing_Deep-Reinforcement-Learning-Hands-On/Chapter06/lib/wrappers.py,Magic number 0.299 used in process.
PacktPublishing_Deep-Reinforcement-Learning-Hands-On.Chapter06.lib,wrappers,ProcessFrame84,Magic number,process,73,/Volumes/BrokeExt/NICHE/PacktPublishing_Deep-Reinforcement-Learning-Hands-On/Chapter06/lib/wrappers.py,Magic number 0.587 used in process.
PacktPublishing_Deep-Reinforcement-Learning-Hands-On.Chapter06.lib,wrappers,ProcessFrame84,Magic number,process,75,/Volumes/BrokeExt/NICHE/PacktPublishing_Deep-Reinforcement-Learning-Hands-On/Chapter06/lib/wrappers.py,Magic number 18 used in process.
PacktPublishing_Deep-Reinforcement-Learning-Hands-On.Chapter06.lib,wrappers,ProcessFrame84,Magic number,process,75,/Volumes/BrokeExt/NICHE/PacktPublishing_Deep-Reinforcement-Learning-Hands-On/Chapter06/lib/wrappers.py,Magic number 102 used in process.
PacktPublishing_Deep-Reinforcement-Learning-Hands-On.Chapter06.lib,wrappers,ProcessFrame84,Magic number,process,69,/Volumes/BrokeExt/NICHE/PacktPublishing_Deep-Reinforcement-Learning-Hands-On/Chapter06/lib/wrappers.py,Magic number 250 used in process.
PacktPublishing_Deep-Reinforcement-Learning-Hands-On.Chapter06.lib,wrappers,ProcessFrame84,Magic number,process,69,/Volumes/BrokeExt/NICHE/PacktPublishing_Deep-Reinforcement-Learning-Hands-On/Chapter06/lib/wrappers.py,Magic number 160 used in process.
PacktPublishing_Deep-Reinforcement-Learning-Hands-On.Chapter06.lib,wrappers,ProcessFrame84,Magic number,process,73,/Volumes/BrokeExt/NICHE/PacktPublishing_Deep-Reinforcement-Learning-Hands-On/Chapter06/lib/wrappers.py,Magic number 2 used in process.
PacktPublishing_Deep-Reinforcement-Learning-Hands-On.Chapter06.lib,wrappers,ScaledFloatFrame,Magic number,observation,93,/Volumes/BrokeExt/NICHE/PacktPublishing_Deep-Reinforcement-Learning-Hands-On/Chapter06/lib/wrappers.py,Magic number 255.0 used in observation.
PacktPublishing_Deep-Reinforcement-Learning-Hands-On.Chapter07,03_dqn_double,,Long parameter list,calc_loss,19 - 37,/Volumes/BrokeExt/NICHE/PacktPublishing_Deep-Reinforcement-Learning-Hands-On/Chapter07/03_dqn_double.py,"calc_loss has 6 parameters, exceeding the max of 5."
PacktPublishing_Deep-Reinforcement-Learning-Hands-On.Chapter07,04_dqn_noisy_net,NoisyDQN,Long statement,__init__,21,/Volumes/BrokeExt/NICHE/PacktPublishing_Deep-Reinforcement-Learning-Hands-On/Chapter07/04_dqn_noisy_net.py,A line with 202 chars in __init__ exceeds the maximum length of 120 characters.
PacktPublishing_Deep-Reinforcement-Learning-Hands-On.Chapter07,04_dqn_noisy_net,NoisyDQN,Long statement,noisy_layers_sigma_snr,51,/Volumes/BrokeExt/NICHE/PacktPublishing_Deep-Reinforcement-Learning-Hands-On/Chapter07/04_dqn_noisy_net.py,A line with 124 chars in noisy_layers_sigma_snr exceeds the maximum length of 120 characters.
PacktPublishing_Deep-Reinforcement-Learning-Hands-On.Chapter07,04_dqn_noisy_net,NoisyDQN,Magic number,forward,46,/Volumes/BrokeExt/NICHE/PacktPublishing_Deep-Reinforcement-Learning-Hands-On/Chapter07/04_dqn_noisy_net.py,Magic number 256 used in forward.
PacktPublishing_Deep-Reinforcement-Learning-Hands-On.Chapter07,05_dqn_prio_replay,,Long parameter list,calc_loss,62 - 78,/Volumes/BrokeExt/NICHE/PacktPublishing_Deep-Reinforcement-Learning-Hands-On/Chapter07/05_dqn_prio_replay.py,"calc_loss has 6 parameters, exceeding the max of 5."
PacktPublishing_Deep-Reinforcement-Learning-Hands-On.Chapter07,05_dqn_prio_replay,,Magic number,calc_loss,77,/Volumes/BrokeExt/NICHE/PacktPublishing_Deep-Reinforcement-Learning-Hands-On/Chapter07/05_dqn_prio_replay.py,Magic number 2 used in calc_loss.
PacktPublishing_Deep-Reinforcement-Learning-Hands-On.Chapter07,05_dqn_prio_replay,,Magic number,calc_loss,78,/Volumes/BrokeExt/NICHE/PacktPublishing_Deep-Reinforcement-Learning-Hands-On/Chapter07/05_dqn_prio_replay.py,Magic number 1e-05 used in calc_loss.
PacktPublishing_Deep-Reinforcement-Learning-Hands-On.Chapter07,05_dqn_prio_replay,PrioReplayBuffer,Magic number,__init__,20,/Volumes/BrokeExt/NICHE/PacktPublishing_Deep-Reinforcement-Learning-Hands-On/Chapter07/05_dqn_prio_replay.py,Magic number 0.6 used in __init__.
PacktPublishing_Deep-Reinforcement-Learning-Hands-On.Chapter07,05_dqn_prio_replay,PrioReplayBuffer,Magic number,sample,42,/Volumes/BrokeExt/NICHE/PacktPublishing_Deep-Reinforcement-Learning-Hands-On/Chapter07/05_dqn_prio_replay.py,Magic number 0.4 used in sample.
PacktPublishing_Deep-Reinforcement-Learning-Hands-On.Chapter07,06_dqn_dueling,DuelingDQN,Long statement,__init__,20,/Volumes/BrokeExt/NICHE/PacktPublishing_Deep-Reinforcement-Learning-Hands-On/Chapter07/06_dqn_dueling.py,A line with 202 chars in __init__ exceeds the maximum length of 120 characters.
PacktPublishing_Deep-Reinforcement-Learning-Hands-On.Chapter07,06_dqn_dueling,DuelingDQN,Magic number,forward,46,/Volumes/BrokeExt/NICHE/PacktPublishing_Deep-Reinforcement-Learning-Hands-On/Chapter07/06_dqn_dueling.py,Magic number 256 used in forward.
PacktPublishing_Deep-Reinforcement-Learning-Hands-On.Chapter07,07_dqn_distrib,,Long parameter list,save_transition_images,109 - 129,/Volumes/BrokeExt/NICHE/PacktPublishing_Deep-Reinforcement-Learning-Hands-On/Chapter07/07_dqn_distrib.py,"save_transition_images has 7 parameters, exceeding the max of 5."
PacktPublishing_Deep-Reinforcement-Learning-Hands-On.Chapter07,07_dqn_distrib,,Long parameter list,calc_loss,132 - 162,/Volumes/BrokeExt/NICHE/PacktPublishing_Deep-Reinforcement-Learning-Hands-On/Chapter07/07_dqn_distrib.py,"calc_loss has 6 parameters, exceeding the max of 5."
PacktPublishing_Deep-Reinforcement-Learning-Hands-On.Chapter07,07_dqn_distrib,DistributionalDQN,Long statement,__init__,37,/Volumes/BrokeExt/NICHE/PacktPublishing_Deep-Reinforcement-Learning-Hands-On/Chapter07/07_dqn_distrib.py,A line with 202 chars in __init__ exceeds the maximum length of 120 characters.
PacktPublishing_Deep-Reinforcement-Learning-Hands-On.Chapter07,07_dqn_distrib,,Magic number,save_state_images,91,/Volumes/BrokeExt/NICHE/PacktPublishing_Deep-Reinforcement-Learning-Hands-On/Chapter07/07_dqn_distrib.py,Magic number 200 used in save_state_images.
PacktPublishing_Deep-Reinforcement-Learning-Hands-On.Chapter07,07_dqn_distrib,DistributionalDQN,Magic number,forward,62,/Volumes/BrokeExt/NICHE/PacktPublishing_Deep-Reinforcement-Learning-Hands-On/Chapter07/07_dqn_distrib.py,Magic number 256 used in forward.
PacktPublishing_Deep-Reinforcement-Learning-Hands-On.Chapter07,08_dqn_rainbow,,Long parameter list,calc_loss,88 - 123,/Volumes/BrokeExt/NICHE/PacktPublishing_Deep-Reinforcement-Learning-Hands-On/Chapter07/08_dqn_rainbow.py,"calc_loss has 6 parameters, exceeding the max of 5."
PacktPublishing_Deep-Reinforcement-Learning-Hands-On.Chapter07,08_dqn_rainbow,RainbowDQN,Long statement,__init__,36,/Volumes/BrokeExt/NICHE/PacktPublishing_Deep-Reinforcement-Learning-Hands-On/Chapter07/08_dqn_rainbow.py,A line with 202 chars in __init__ exceeds the maximum length of 120 characters.
PacktPublishing_Deep-Reinforcement-Learning-Hands-On.Chapter07,08_dqn_rainbow,RainbowDQN,Long statement,__init__,52,/Volumes/BrokeExt/NICHE/PacktPublishing_Deep-Reinforcement-Learning-Hands-On/Chapter07/08_dqn_rainbow.py,A line with 132 chars in __init__ exceeds the maximum length of 120 characters.
PacktPublishing_Deep-Reinforcement-Learning-Hands-On.Chapter07,08_dqn_rainbow,,Long statement,,165,/Volumes/BrokeExt/NICHE/PacktPublishing_Deep-Reinforcement-Learning-Hands-On/Chapter07/08_dqn_rainbow.py,A line with 135 chars in 08_dqn_rainbow exceeds the maximum length of 120 characters.
PacktPublishing_Deep-Reinforcement-Learning-Hands-On.Chapter07,08_dqn_rainbow,,Magic number,calc_loss,123,/Volumes/BrokeExt/NICHE/PacktPublishing_Deep-Reinforcement-Learning-Hands-On/Chapter07/08_dqn_rainbow.py,Magic number 1e-05 used in calc_loss.
PacktPublishing_Deep-Reinforcement-Learning-Hands-On.Chapter07,08_dqn_rainbow,RainbowDQN,Magic number,forward,67,/Volumes/BrokeExt/NICHE/PacktPublishing_Deep-Reinforcement-Learning-Hands-On/Chapter07/08_dqn_rainbow.py,Magic number 256 used in forward.
PacktPublishing_Deep-Reinforcement-Learning-Hands-On.Chapter07.adhoc,distr_test,,Long statement,,37,/Volumes/BrokeExt/NICHE/PacktPublishing_Deep-Reinforcement-Learning-Hands-On/Chapter07/adhoc/distr_test.py,A line with 129 chars in distr_test exceeds the maximum length of 120 characters.
PacktPublishing_Deep-Reinforcement-Learning-Hands-On.Chapter07.adhoc,distr_test,,Long statement,,46,/Volumes/BrokeExt/NICHE/PacktPublishing_Deep-Reinforcement-Learning-Hands-On/Chapter07/adhoc/distr_test.py,A line with 141 chars in distr_test exceeds the maximum length of 120 characters.
PacktPublishing_Deep-Reinforcement-Learning-Hands-On.Chapter07.adhoc,distr_test,,Long statement,,51,/Volumes/BrokeExt/NICHE/PacktPublishing_Deep-Reinforcement-Learning-Hands-On/Chapter07/adhoc/distr_test.py,A line with 140 chars in distr_test exceeds the maximum length of 120 characters.
PacktPublishing_Deep-Reinforcement-Learning-Hands-On.Chapter07.adhoc,distr_test,,Long statement,,56,/Volumes/BrokeExt/NICHE/PacktPublishing_Deep-Reinforcement-Learning-Hands-On/Chapter07/adhoc/distr_test.py,A line with 142 chars in distr_test exceeds the maximum length of 120 characters.
PacktPublishing_Deep-Reinforcement-Learning-Hands-On.Chapter07.adhoc,distr_test,,Long statement,,61,/Volumes/BrokeExt/NICHE/PacktPublishing_Deep-Reinforcement-Learning-Hands-On/Chapter07/adhoc/distr_test.py,A line with 160 chars in distr_test exceeds the maximum length of 120 characters.
PacktPublishing_Deep-Reinforcement-Learning-Hands-On.Chapter07.adhoc,distr_test,,Long statement,,67,/Volumes/BrokeExt/NICHE/PacktPublishing_Deep-Reinforcement-Learning-Hands-On/Chapter07/adhoc/distr_test.py,A line with 162 chars in distr_test exceeds the maximum length of 120 characters.
PacktPublishing_Deep-Reinforcement-Learning-Hands-On.Chapter07.adhoc,distr_test,,Long statement,,73,/Volumes/BrokeExt/NICHE/PacktPublishing_Deep-Reinforcement-Learning-Hands-On/Chapter07/adhoc/distr_test.py,A line with 170 chars in distr_test exceeds the maximum length of 120 characters.
PacktPublishing_Deep-Reinforcement-Learning-Hands-On.Chapter07.bench,prio_buffer_bench,PrioReplayBufferDeque,Magic number,__init__,15,/Volumes/BrokeExt/NICHE/PacktPublishing_Deep-Reinforcement-Learning-Hands-On/Chapter07/bench/prio_buffer_bench.py,Magic number 0.6 used in __init__.
PacktPublishing_Deep-Reinforcement-Learning-Hands-On.Chapter07.bench,prio_buffer_bench,PrioReplayBufferDeque,Magic number,sample,28,/Volumes/BrokeExt/NICHE/PacktPublishing_Deep-Reinforcement-Learning-Hands-On/Chapter07/bench/prio_buffer_bench.py,Magic number 0.4 used in sample.
PacktPublishing_Deep-Reinforcement-Learning-Hands-On.Chapter07.bench,prio_buffer_bench,PrioReplayBufferList,Magic number,__init__,44,/Volumes/BrokeExt/NICHE/PacktPublishing_Deep-Reinforcement-Learning-Hands-On/Chapter07/bench/prio_buffer_bench.py,Magic number 0.6 used in __init__.
PacktPublishing_Deep-Reinforcement-Learning-Hands-On.Chapter07.bench,prio_buffer_bench,PrioReplayBufferList,Magic number,sample,63,/Volumes/BrokeExt/NICHE/PacktPublishing_Deep-Reinforcement-Learning-Hands-On/Chapter07/bench/prio_buffer_bench.py,Magic number 0.4 used in sample.
PacktPublishing_Deep-Reinforcement-Learning-Hands-On.Chapter07.lib,common,,Long parameter list,distr_projection,150 - 185,/Volumes/BrokeExt/NICHE/PacktPublishing_Deep-Reinforcement-Learning-Hands-On/Chapter07/lib/common.py,"distr_projection has 7 parameters, exceeding the max of 5."
PacktPublishing_Deep-Reinforcement-Learning-Hands-On.Chapter07.lib,common,,Long statement,unpack_batch,80,/Volumes/BrokeExt/NICHE/PacktPublishing_Deep-Reinforcement-Learning-Hands-On/Chapter07/lib/common.py,A line with 161 chars in unpack_batch exceeds the maximum length of 120 characters.
PacktPublishing_Deep-Reinforcement-Learning-Hands-On.Chapter07.lib,common,,Long statement,distr_projection,151,/Volumes/BrokeExt/NICHE/PacktPublishing_Deep-Reinforcement-Learning-Hands-On/Chapter07/lib/common.py,A line with 129 chars in distr_projection exceeds the maximum length of 120 characters.
PacktPublishing_Deep-Reinforcement-Learning-Hands-On.Chapter07.lib,common,RewardTracker,Long statement,reward,122,/Volumes/BrokeExt/NICHE/PacktPublishing_Deep-Reinforcement-Learning-Hands-On/Chapter07/lib/common.py,A line with 132 chars in reward exceeds the maximum length of 120 characters.
PacktPublishing_Deep-Reinforcement-Learning-Hands-On.Chapter07.lib,dqn_model,DQN,Long statement,__init__,67,/Volumes/BrokeExt/NICHE/PacktPublishing_Deep-Reinforcement-Learning-Hands-On/Chapter07/lib/dqn_model.py,A line with 202 chars in __init__ exceeds the maximum length of 120 characters.
PacktPublishing_Deep-Reinforcement-Learning-Hands-On.Chapter07.lib,dqn_model,NoisyLinear,Magic number,__init__,10,/Volumes/BrokeExt/NICHE/PacktPublishing_Deep-Reinforcement-Learning-Hands-On/Chapter07/lib/dqn_model.py,Magic number 0.017 used in __init__.
PacktPublishing_Deep-Reinforcement-Learning-Hands-On.Chapter07.lib,dqn_model,NoisyFactorizedLinear,Magic number,__init__,39,/Volumes/BrokeExt/NICHE/PacktPublishing_Deep-Reinforcement-Learning-Hands-On/Chapter07/lib/dqn_model.py,Magic number 0.4 used in __init__.
PacktPublishing_Deep-Reinforcement-Learning-Hands-On.Chapter07.lib,dqn_model,DQN,Magic number,forward,88,/Volumes/BrokeExt/NICHE/PacktPublishing_Deep-Reinforcement-Learning-Hands-On/Chapter07/lib/dqn_model.py,Magic number 256 used in forward.
PacktPublishing_Deep-Reinforcement-Learning-Hands-On.Chapter08,run_model,,Long statement,,28,/Volumes/BrokeExt/NICHE/PacktPublishing_Deep-Reinforcement-Learning-Hands-On/Chapter08/run_model.py,A line with 198 chars in run_model exceeds the maximum length of 120 characters.
PacktPublishing_Deep-Reinforcement-Learning-Hands-On.Chapter08,train_model,,Long statement,,44,/Volumes/BrokeExt/NICHE/PacktPublishing_Deep-Reinforcement-Learning-Hands-On/Chapter08/train_model.py,A line with 121 chars in train_model exceeds the maximum length of 120 characters.
PacktPublishing_Deep-Reinforcement-Learning-Hands-On.Chapter08,train_model,,Long statement,,46,/Volumes/BrokeExt/NICHE/PacktPublishing_Deep-Reinforcement-Learning-Hands-On/Chapter08/train_model.py,A line with 128 chars in train_model exceeds the maximum length of 120 characters.
PacktPublishing_Deep-Reinforcement-Learning-Hands-On.Chapter08,train_model_conv,,Long statement,,44,/Volumes/BrokeExt/NICHE/PacktPublishing_Deep-Reinforcement-Learning-Hands-On/Chapter08/train_model_conv.py,A line with 121 chars in train_model_conv exceeds the maximum length of 120 characters.
PacktPublishing_Deep-Reinforcement-Learning-Hands-On.Chapter08,train_model_conv,,Long statement,,46,/Volumes/BrokeExt/NICHE/PacktPublishing_Deep-Reinforcement-Learning-Hands-On/Chapter08/train_model_conv.py,A line with 128 chars in train_model_conv exceeds the maximum length of 120 characters.
PacktPublishing_Deep-Reinforcement-Learning-Hands-On.Chapter08.lib,common,,Long statement,unpack_batch,84,/Volumes/BrokeExt/NICHE/PacktPublishing_Deep-Reinforcement-Learning-Hands-On/Chapter08/lib/common.py,A line with 161 chars in unpack_batch exceeds the maximum length of 120 characters.
PacktPublishing_Deep-Reinforcement-Learning-Hands-On.Chapter08.lib,common,RewardTracker,Long statement,reward,45,/Volumes/BrokeExt/NICHE/PacktPublishing_Deep-Reinforcement-Learning-Hands-On/Chapter08/lib/common.py,A line with 184 chars in reward exceeds the maximum length of 120 characters.
PacktPublishing_Deep-Reinforcement-Learning-Hands-On.Chapter08.lib,data,,Complex method,read_csv,11 - 53,/Volumes/BrokeExt/NICHE/PacktPublishing_Deep-Reinforcement-Learning-Hands-On/Chapter08/lib/data.py,"Method 'read_csv' has a cyclomatic complexity of 8, exceeding the max of 6."
PacktPublishing_Deep-Reinforcement-Learning-Hands-On.Chapter08.lib,data,,Long method,read_csv,11 - 53,/Volumes/BrokeExt/NICHE/PacktPublishing_Deep-Reinforcement-Learning-Hands-On/Chapter08/lib/data.py,Method 'read_csv' is too long (43 lines).
PacktPublishing_Deep-Reinforcement-Learning-Hands-On.Chapter08.lib,data,,Long statement,read_csv,47,/Volumes/BrokeExt/NICHE/PacktPublishing_Deep-Reinforcement-Learning-Hands-On/Chapter08/lib/data.py,A line with 129 chars in read_csv exceeds the maximum length of 120 characters.
PacktPublishing_Deep-Reinforcement-Learning-Hands-On.Chapter08.lib,data,,Long statement,read_csv,49,/Volumes/BrokeExt/NICHE/PacktPublishing_Deep-Reinforcement-Learning-Hands-On/Chapter08/lib/data.py,A line with 195 chars in read_csv exceeds the maximum length of 120 characters.
PacktPublishing_Deep-Reinforcement-Learning-Hands-On.Chapter08.lib,data,,Long statement,prices_to_relative,57,/Volumes/BrokeExt/NICHE/PacktPublishing_Deep-Reinforcement-Learning-Hands-On/Chapter08/lib/data.py,A line with 177 chars in prices_to_relative exceeds the maximum length of 120 characters.
PacktPublishing_Deep-Reinforcement-Learning-Hands-On.Chapter08.lib,data,,Magic number,read_csv,35,/Volumes/BrokeExt/NICHE/PacktPublishing_Deep-Reinforcement-Learning-Hands-On/Chapter08/lib/data.py,Magic number 1e-08 used in read_csv.
PacktPublishing_Deep-Reinforcement-Learning-Hands-On.Chapter08.lib,data,,Magic number,load_year_data,81,/Volumes/BrokeExt/NICHE/PacktPublishing_Deep-Reinforcement-Learning-Hands-On/Chapter08/lib/data.py,Magic number 2 used in load_year_data.
PacktPublishing_Deep-Reinforcement-Learning-Hands-On.Chapter08.lib,environ,State,Complex method,step,81 - 112,/Volumes/BrokeExt/NICHE/PacktPublishing_Deep-Reinforcement-Learning-Hands-On/Chapter08/lib/environ.py,"Method 'step' has a cyclomatic complexity of 8, exceeding the max of 6."
PacktPublishing_Deep-Reinforcement-Learning-Hands-On.Chapter08.lib,environ,StocksEnv,Long parameter list,__init__,146 - 160,/Volumes/BrokeExt/NICHE/PacktPublishing_Deep-Reinforcement-Learning-Hands-On/Chapter08/lib/environ.py,"__init__ has 8 parameters, exceeding the max of 5."
PacktPublishing_Deep-Reinforcement-Learning-Hands-On.Chapter08.lib,environ,State,Long statement,step,82,/Volumes/BrokeExt/NICHE/PacktPublishing_Deep-Reinforcement-Learning-Hands-On/Chapter08/lib/environ.py,A line with 186 chars in step exceeds the maximum length of 120 characters.
PacktPublishing_Deep-Reinforcement-Learning-Hands-On.Chapter08.lib,environ,State,Magic number,shape,45,/Volumes/BrokeExt/NICHE/PacktPublishing_Deep-Reinforcement-Learning-Hands-On/Chapter08/lib/environ.py,Magic number 4 used in shape.
PacktPublishing_Deep-Reinforcement-Learning-Hands-On.Chapter08.lib,environ,State,Magic number,shape,47,/Volumes/BrokeExt/NICHE/PacktPublishing_Deep-Reinforcement-Learning-Hands-On/Chapter08/lib/environ.py,Magic number 3 used in shape.
PacktPublishing_Deep-Reinforcement-Learning-Hands-On.Chapter08.lib,environ,State,Magic number,step,110,/Volumes/BrokeExt/NICHE/PacktPublishing_Deep-Reinforcement-Learning-Hands-On/Chapter08/lib/environ.py,Magic number 100.0 used in step.
PacktPublishing_Deep-Reinforcement-Learning-Hands-On.Chapter08.lib,environ,State,Magic number,step,100,/Volumes/BrokeExt/NICHE/PacktPublishing_Deep-Reinforcement-Learning-Hands-On/Chapter08/lib/environ.py,Magic number 100.0 used in step.
PacktPublishing_Deep-Reinforcement-Learning-Hands-On.Chapter08.lib,environ,State1D,Magic number,shape,122,/Volumes/BrokeExt/NICHE/PacktPublishing_Deep-Reinforcement-Learning-Hands-On/Chapter08/lib/environ.py,Magic number 6 used in shape.
PacktPublishing_Deep-Reinforcement-Learning-Hands-On.Chapter08.lib,environ,State1D,Magic number,shape,124,/Volumes/BrokeExt/NICHE/PacktPublishing_Deep-Reinforcement-Learning-Hands-On/Chapter08/lib/environ.py,Magic number 5 used in shape.
PacktPublishing_Deep-Reinforcement-Learning-Hands-On.Chapter08.lib,environ,State1D,Magic number,encode,131,/Volumes/BrokeExt/NICHE/PacktPublishing_Deep-Reinforcement-Learning-Hands-On/Chapter08/lib/environ.py,Magic number 2 used in encode.
PacktPublishing_Deep-Reinforcement-Learning-Hands-On.Chapter08.lib,environ,State1D,Magic number,encode,134,/Volumes/BrokeExt/NICHE/PacktPublishing_Deep-Reinforcement-Learning-Hands-On/Chapter08/lib/environ.py,Magic number 4 used in encode.
PacktPublishing_Deep-Reinforcement-Learning-Hands-On.Chapter08.lib,environ,State1D,Magic number,encode,136,/Volumes/BrokeExt/NICHE/PacktPublishing_Deep-Reinforcement-Learning-Hands-On/Chapter08/lib/environ.py,Magic number 3 used in encode.
PacktPublishing_Deep-Reinforcement-Learning-Hands-On.Chapter08.lib,environ,State1D,Magic number,encode,133,/Volumes/BrokeExt/NICHE/PacktPublishing_Deep-Reinforcement-Learning-Hands-On/Chapter08/lib/environ.py,Magic number 3 used in encode.
PacktPublishing_Deep-Reinforcement-Learning-Hands-On.Chapter08.lib,environ,StocksEnv,Magic number,seed,189,/Volumes/BrokeExt/NICHE/PacktPublishing_Deep-Reinforcement-Learning-Hands-On/Chapter08/lib/environ.py,Magic number 2 used in seed.
PacktPublishing_Deep-Reinforcement-Learning-Hands-On.Chapter08.lib,environ,StocksEnv,Magic number,seed,189,/Volumes/BrokeExt/NICHE/PacktPublishing_Deep-Reinforcement-Learning-Hands-On/Chapter08/lib/environ.py,Magic number 31 used in seed.
PacktPublishing_Deep-Reinforcement-Learning-Hands-On.Chapter08.lib,models,SimpleFFDQN,Long statement,__init__,45,/Volumes/BrokeExt/NICHE/PacktPublishing_Deep-Reinforcement-Learning-Hands-On/Chapter08/lib/models.py,A line with 122 chars in __init__ exceeds the maximum length of 120 characters.
PacktPublishing_Deep-Reinforcement-Learning-Hands-On.Chapter08.lib,models,DQNConv1DLarge,Long statement,__init__,99,/Volumes/BrokeExt/NICHE/PacktPublishing_Deep-Reinforcement-Learning-Hands-On/Chapter08/lib/models.py,A line with 309 chars in __init__ exceeds the maximum length of 120 characters.
PacktPublishing_Deep-Reinforcement-Learning-Hands-On.Chapter08.lib,models,NoisyLinear,Magic number,__init__,10,/Volumes/BrokeExt/NICHE/PacktPublishing_Deep-Reinforcement-Learning-Hands-On/Chapter08/lib/models.py,Magic number 0.017 used in __init__.
PacktPublishing_Deep-Reinforcement-Learning-Hands-On.Chapter08.lib,validation,,Complex method,validation_run,8 - 62,/Volumes/BrokeExt/NICHE/PacktPublishing_Deep-Reinforcement-Learning-Hands-On/Chapter08/lib/validation.py,"Method 'validation_run' has a cyclomatic complexity of 11, exceeding the max of 6."
PacktPublishing_Deep-Reinforcement-Learning-Hands-On.Chapter08.lib,validation,,Long method,validation_run,8 - 62,/Volumes/BrokeExt/NICHE/PacktPublishing_Deep-Reinforcement-Learning-Hands-On/Chapter08/lib/validation.py,Method 'validation_run' is too long (53 lines).
PacktPublishing_Deep-Reinforcement-Learning-Hands-On.Chapter08.lib,validation,,Long parameter list,validation_run,8 - 62,/Volumes/BrokeExt/NICHE/PacktPublishing_Deep-Reinforcement-Learning-Hands-On/Chapter08/lib/validation.py,"validation_run has 6 parameters, exceeding the max of 5."
PacktPublishing_Deep-Reinforcement-Learning-Hands-On.Chapter08.lib,validation,,Magic number,validation_run,8,/Volumes/BrokeExt/NICHE/PacktPublishing_Deep-Reinforcement-Learning-Hands-On/Chapter08/lib/validation.py,Magic number 100 used in validation_run.
PacktPublishing_Deep-Reinforcement-Learning-Hands-On.Chapter08.lib,validation,,Magic number,validation_run,8,/Volumes/BrokeExt/NICHE/PacktPublishing_Deep-Reinforcement-Learning-Hands-On/Chapter08/lib/validation.py,Magic number 0.02 used in validation_run.
PacktPublishing_Deep-Reinforcement-Learning-Hands-On.Chapter08.lib,validation,,Magic number,validation_run,8,/Volumes/BrokeExt/NICHE/PacktPublishing_Deep-Reinforcement-Learning-Hands-On/Chapter08/lib/validation.py,Magic number 0.1 used in validation_run.
PacktPublishing_Deep-Reinforcement-Learning-Hands-On.Chapter08.lib,validation,,Magic number,validation_run,39,/Volumes/BrokeExt/NICHE/PacktPublishing_Deep-Reinforcement-Learning-Hands-On/Chapter08/lib/validation.py,Magic number 100 used in validation_run.
PacktPublishing_Deep-Reinforcement-Learning-Hands-On.Chapter08.lib,validation,,Magic number,validation_run,40,/Volumes/BrokeExt/NICHE/PacktPublishing_Deep-Reinforcement-Learning-Hands-On/Chapter08/lib/validation.py,Magic number 100.0 used in validation_run.
PacktPublishing_Deep-Reinforcement-Learning-Hands-On.Chapter08.lib,validation,,Magic number,validation_run,53,/Volumes/BrokeExt/NICHE/PacktPublishing_Deep-Reinforcement-Learning-Hands-On/Chapter08/lib/validation.py,Magic number 100 used in validation_run.
PacktPublishing_Deep-Reinforcement-Learning-Hands-On.Chapter08.lib,validation,,Magic number,validation_run,54,/Volumes/BrokeExt/NICHE/PacktPublishing_Deep-Reinforcement-Learning-Hands-On/Chapter08/lib/validation.py,Magic number 100.0 used in validation_run.
PacktPublishing_Deep-Reinforcement-Learning-Hands-On.Chapter08.tests,test_data,TestMisc,Long statement,test_prices_to_relative,12,/Volumes/BrokeExt/NICHE/PacktPublishing_Deep-Reinforcement-Learning-Hands-On/Chapter08/tests/test_data.py,A line with 126 chars in test_prices_to_relative exceeds the maximum length of 120 characters.
PacktPublishing_Deep-Reinforcement-Learning-Hands-On.Chapter08.tests,test_environ,TestStates,Long statement,setUpClass,19,/Volumes/BrokeExt/NICHE/PacktPublishing_Deep-Reinforcement-Learning-Hands-On/Chapter08/tests/test_environ.py,A line with 206 chars in setUpClass exceeds the maximum length of 120 characters.
PacktPublishing_Deep-Reinforcement-Learning-Hands-On.Chapter09,01_cartpole_dqn,,Long statement,,96,/Volumes/BrokeExt/NICHE/PacktPublishing_Deep-Reinforcement-Learning-Hands-On/Chapter09/01_cartpole_dqn.py,A line with 142 chars in 01_cartpole_dqn exceeds the maximum length of 120 characters.
PacktPublishing_Deep-Reinforcement-Learning-Hands-On.Chapter09.lib,common,RewardTracker,Long statement,reward,30,/Volumes/BrokeExt/NICHE/PacktPublishing_Deep-Reinforcement-Learning-Hands-On/Chapter09/lib/common.py,A line with 132 chars in reward exceeds the maximum length of 120 characters.
PacktPublishing_Deep-Reinforcement-Learning-Hands-On.Chapter09.lib,common,AtariPGN,Long statement,__init__,49,/Volumes/BrokeExt/NICHE/PacktPublishing_Deep-Reinforcement-Learning-Hands-On/Chapter09/lib/common.py,A line with 202 chars in __init__ exceeds the maximum length of 120 characters.
PacktPublishing_Deep-Reinforcement-Learning-Hands-On.Chapter09.lib,common,AtariPGN,Magic number,forward,70,/Volumes/BrokeExt/NICHE/PacktPublishing_Deep-Reinforcement-Learning-Hands-On/Chapter09/lib/common.py,Magic number 256 used in forward.
PacktPublishing_Deep-Reinforcement-Learning-Hands-On.Chapter10,02_pong_a2c,,Long statement,unpack_batch,63,/Volumes/BrokeExt/NICHE/PacktPublishing_Deep-Reinforcement-Learning-Hands-On/Chapter10/02_pong_a2c.py,A line with 158 chars in unpack_batch exceeds the maximum length of 120 characters.
PacktPublishing_Deep-Reinforcement-Learning-Hands-On.Chapter10,02_pong_a2c,AtariA2C,Long statement,__init__,30,/Volumes/BrokeExt/NICHE/PacktPublishing_Deep-Reinforcement-Learning-Hands-On/Chapter10/02_pong_a2c.py,A line with 202 chars in __init__ exceeds the maximum length of 120 characters.
PacktPublishing_Deep-Reinforcement-Learning-Hands-On.Chapter10,02_pong_a2c,AtariA2C,Magic number,forward,57,/Volumes/BrokeExt/NICHE/PacktPublishing_Deep-Reinforcement-Learning-Hands-On/Chapter10/02_pong_a2c.py,Magic number 256 used in forward.
PacktPublishing_Deep-Reinforcement-Learning-Hands-On.Chapter10,03_pong_a2c_rollouts,,Long statement,unpack_batch,62,/Volumes/BrokeExt/NICHE/PacktPublishing_Deep-Reinforcement-Learning-Hands-On/Chapter10/03_pong_a2c_rollouts.py,A line with 158 chars in unpack_batch exceeds the maximum length of 120 characters.
PacktPublishing_Deep-Reinforcement-Learning-Hands-On.Chapter10,03_pong_a2c_rollouts,AtariA2C,Long statement,__init__,29,/Volumes/BrokeExt/NICHE/PacktPublishing_Deep-Reinforcement-Learning-Hands-On/Chapter10/03_pong_a2c_rollouts.py,A line with 202 chars in __init__ exceeds the maximum length of 120 characters.
PacktPublishing_Deep-Reinforcement-Learning-Hands-On.Chapter10,03_pong_a2c_rollouts,AtariA2C,Magic number,forward,56,/Volumes/BrokeExt/NICHE/PacktPublishing_Deep-Reinforcement-Learning-Hands-On/Chapter10/03_pong_a2c_rollouts.py,Magic number 256 used in forward.
PacktPublishing_Deep-Reinforcement-Learning-Hands-On.Chapter10,04_pong_r2,,Complex method,iterate_batches,73 - 132,/Volumes/BrokeExt/NICHE/PacktPublishing_Deep-Reinforcement-Learning-Hands-On/Chapter10/04_pong_r2.py,"Method 'iterate_batches' has a cyclomatic complexity of 7, exceeding the max of 6."
PacktPublishing_Deep-Reinforcement-Learning-Hands-On.Chapter10,04_pong_r2,,Long method,iterate_batches,73 - 132,/Volumes/BrokeExt/NICHE/PacktPublishing_Deep-Reinforcement-Learning-Hands-On/Chapter10/04_pong_r2.py,Method 'iterate_batches' is too long (59 lines).
PacktPublishing_Deep-Reinforcement-Learning-Hands-On.Chapter10,04_pong_r2,,Long parameter list,train_a2c,135 - 163,/Volumes/BrokeExt/NICHE/PacktPublishing_Deep-Reinforcement-Learning-Hands-On/Chapter10/04_pong_r2.py,"train_a2c has 9 parameters, exceeding the max of 5."
PacktPublishing_Deep-Reinforcement-Learning-Hands-On.Chapter10,04_pong_r2,,Long statement,iterate_batches,131,/Volumes/BrokeExt/NICHE/PacktPublishing_Deep-Reinforcement-Learning-Hands-On/Chapter10/04_pong_r2.py,A line with 127 chars in iterate_batches exceeds the maximum length of 120 characters.
PacktPublishing_Deep-Reinforcement-Learning-Hands-On.Chapter10,04_pong_r2,AtariA2C,Long statement,__init__,32,/Volumes/BrokeExt/NICHE/PacktPublishing_Deep-Reinforcement-Learning-Hands-On/Chapter10/04_pong_r2.py,A line with 202 chars in __init__ exceeds the maximum length of 120 characters.
PacktPublishing_Deep-Reinforcement-Learning-Hands-On.Chapter10,04_pong_r2,,Long statement,,213,/Volumes/BrokeExt/NICHE/PacktPublishing_Deep-Reinforcement-Learning-Hands-On/Chapter10/04_pong_r2.py,A line with 152 chars in 04_pong_r2 exceeds the maximum length of 120 characters.
PacktPublishing_Deep-Reinforcement-Learning-Hands-On.Chapter10,04_pong_r2,AtariA2C,Magic number,forward,59,/Volumes/BrokeExt/NICHE/PacktPublishing_Deep-Reinforcement-Learning-Hands-On/Chapter10/04_pong_r2.py,Magic number 256 used in forward.
PacktPublishing_Deep-Reinforcement-Learning-Hands-On.Chapter10.lib,common,RewardTracker,Long statement,reward,30,/Volumes/BrokeExt/NICHE/PacktPublishing_Deep-Reinforcement-Learning-Hands-On/Chapter10/lib/common.py,A line with 132 chars in reward exceeds the maximum length of 120 characters.
PacktPublishing_Deep-Reinforcement-Learning-Hands-On.Chapter10.lib,common,AtariPGN,Long statement,__init__,49,/Volumes/BrokeExt/NICHE/PacktPublishing_Deep-Reinforcement-Learning-Hands-On/Chapter10/lib/common.py,A line with 202 chars in __init__ exceeds the maximum length of 120 characters.
PacktPublishing_Deep-Reinforcement-Learning-Hands-On.Chapter10.lib,common,AtariPGN,Magic number,forward,70,/Volumes/BrokeExt/NICHE/PacktPublishing_Deep-Reinforcement-Learning-Hands-On/Chapter10/lib/common.py,Magic number 256 used in forward.
PacktPublishing_Deep-Reinforcement-Learning-Hands-On.Chapter11,01_a3c_data,,Long statement,,97,/Volumes/BrokeExt/NICHE/PacktPublishing_Deep-Reinforcement-Learning-Hands-On/Chapter11/01_a3c_data.py,A line with 122 chars in 01_a3c_data exceeds the maximum length of 120 characters.
PacktPublishing_Deep-Reinforcement-Learning-Hands-On.Chapter11,02_a3c_grad,,Long method,grads_func,44 - 99,/Volumes/BrokeExt/NICHE/PacktPublishing_Deep-Reinforcement-Learning-Hands-On/Chapter11/02_a3c_grad.py,Method 'grads_func' is too long (52 lines).
PacktPublishing_Deep-Reinforcement-Learning-Hands-On.Chapter11,02_a3c_grad,,Long statement,grads_func,66,/Volumes/BrokeExt/NICHE/PacktPublishing_Deep-Reinforcement-Learning-Hands-On/Chapter11/02_a3c_grad.py,A line with 122 chars in grads_func exceeds the maximum length of 120 characters.
PacktPublishing_Deep-Reinforcement-Learning-Hands-On.Chapter11.adhoc,distr_grad,,Long statement,,43,/Volumes/BrokeExt/NICHE/PacktPublishing_Deep-Reinforcement-Learning-Hands-On/Chapter11/adhoc/distr_grad.py,A line with 126 chars in distr_grad exceeds the maximum length of 120 characters.
PacktPublishing_Deep-Reinforcement-Learning-Hands-On.Chapter11.adhoc,distr_grad,,Magic number,get_y,17,/Volumes/BrokeExt/NICHE/PacktPublishing_Deep-Reinforcement-Learning-Hands-On/Chapter11/adhoc/distr_grad.py,Magic number 10 used in get_y.
PacktPublishing_Deep-Reinforcement-Learning-Hands-On.Chapter11.adhoc,distr_grad,,Magic number,get_y,17,/Volumes/BrokeExt/NICHE/PacktPublishing_Deep-Reinforcement-Learning-Hands-On/Chapter11/adhoc/distr_grad.py,Magic number 2.5 used in get_y.
PacktPublishing_Deep-Reinforcement-Learning-Hands-On.Chapter11.adhoc,distr_grad2,,Magic number,get_y,19,/Volumes/BrokeExt/NICHE/PacktPublishing_Deep-Reinforcement-Learning-Hands-On/Chapter11/adhoc/distr_grad2.py,Magic number 10 used in get_y.
PacktPublishing_Deep-Reinforcement-Learning-Hands-On.Chapter11.adhoc,distr_grad2,,Magic number,get_y,19,/Volumes/BrokeExt/NICHE/PacktPublishing_Deep-Reinforcement-Learning-Hands-On/Chapter11/adhoc/distr_grad2.py,Magic number 2.5 used in get_y.
PacktPublishing_Deep-Reinforcement-Learning-Hands-On.Chapter11.adhoc,distr_grad2,,Magic number,grad_fun,45,/Volumes/BrokeExt/NICHE/PacktPublishing_Deep-Reinforcement-Learning-Hands-On/Chapter11/adhoc/distr_grad2.py,Magic number 0.1 used in grad_fun.
PacktPublishing_Deep-Reinforcement-Learning-Hands-On.Chapter11.lib,common,,Long statement,unpack_batch,82,/Volumes/BrokeExt/NICHE/PacktPublishing_Deep-Reinforcement-Learning-Hands-On/Chapter11/lib/common.py,A line with 158 chars in unpack_batch exceeds the maximum length of 120 characters.
PacktPublishing_Deep-Reinforcement-Learning-Hands-On.Chapter11.lib,common,AtariA2C,Long statement,__init__,13,/Volumes/BrokeExt/NICHE/PacktPublishing_Deep-Reinforcement-Learning-Hands-On/Chapter11/lib/common.py,A line with 202 chars in __init__ exceeds the maximum length of 120 characters.
PacktPublishing_Deep-Reinforcement-Learning-Hands-On.Chapter11.lib,common,RewardTracker,Long statement,reward,66,/Volumes/BrokeExt/NICHE/PacktPublishing_Deep-Reinforcement-Learning-Hands-On/Chapter11/lib/common.py,A line with 132 chars in reward exceeds the maximum length of 120 characters.
PacktPublishing_Deep-Reinforcement-Learning-Hands-On.Chapter11.lib,common,AtariA2C,Magic number,forward,40,/Volumes/BrokeExt/NICHE/PacktPublishing_Deep-Reinforcement-Learning-Hands-On/Chapter11/lib/common.py,Magic number 256 used in forward.
PacktPublishing_Deep-Reinforcement-Learning-Hands-On.Chapter12,telergam_bot,,Long statement,,9,/Volumes/BrokeExt/NICHE/PacktPublishing_Deep-Reinforcement-Learning-Hands-On/Chapter12/telergam_bot.py,A line with 140 chars in telergam_bot exceeds the maximum length of 120 characters.
PacktPublishing_Deep-Reinforcement-Learning-Hands-On.Chapter12,telergam_bot,,Long statement,,30,/Volumes/BrokeExt/NICHE/PacktPublishing_Deep-Reinforcement-Learning-Hands-On/Chapter12/telergam_bot.py,A line with 123 chars in telergam_bot exceeds the maximum length of 120 characters.
PacktPublishing_Deep-Reinforcement-Learning-Hands-On.Chapter12,train_crossent,,Long statement,,66,/Volumes/BrokeExt/NICHE/PacktPublishing_Deep-Reinforcement-Learning-Hands-On/Chapter12/train_crossent.py,A line with 123 chars in train_crossent exceeds the maximum length of 120 characters.
PacktPublishing_Deep-Reinforcement-Learning-Hands-On.Chapter12,train_scst,,Long statement,,51,/Volumes/BrokeExt/NICHE/PacktPublishing_Deep-Reinforcement-Learning-Hands-On/Chapter12/train_scst.py,A line with 131 chars in train_scst exceeds the maximum length of 120 characters.
PacktPublishing_Deep-Reinforcement-Learning-Hands-On.Chapter12,train_scst,,Long statement,,73,/Volumes/BrokeExt/NICHE/PacktPublishing_Deep-Reinforcement-Learning-Hands-On/Chapter12/train_scst.py,A line with 123 chars in train_scst exceeds the maximum length of 120 characters.
PacktPublishing_Deep-Reinforcement-Learning-Hands-On.Chapter12.libbots,cornell,,Magic number,read_movie_set,41,/Volumes/BrokeExt/NICHE/PacktPublishing_Deep-Reinforcement-Learning-Hands-On/Chapter12/libbots/cornell.py,Magic number 5 used in read_movie_set.
PacktPublishing_Deep-Reinforcement-Learning-Hands-On.Chapter12.libbots,cornell,,Magic number,read_phrases,50,/Volumes/BrokeExt/NICHE/PacktPublishing_Deep-Reinforcement-Learning-Hands-On/Chapter12/libbots/cornell.py,Magic number 2 used in read_phrases.
PacktPublishing_Deep-Reinforcement-Learning-Hands-On.Chapter12.libbots,cornell,,Magic number,read_phrases,50,/Volumes/BrokeExt/NICHE/PacktPublishing_Deep-Reinforcement-Learning-Hands-On/Chapter12/libbots/cornell.py,Magic number 4 used in read_phrases.
PacktPublishing_Deep-Reinforcement-Learning-Hands-On.Chapter12.libbots,cornell,,Magic number,load_conversations,62,/Volumes/BrokeExt/NICHE/PacktPublishing_Deep-Reinforcement-Learning-Hands-On/Chapter12/libbots/cornell.py,Magic number 2 used in load_conversations.
PacktPublishing_Deep-Reinforcement-Learning-Hands-On.Chapter12.libbots,cornell,,Magic number,load_conversations,62,/Volumes/BrokeExt/NICHE/PacktPublishing_Deep-Reinforcement-Learning-Hands-On/Chapter12/libbots/cornell.py,Magic number 3 used in load_conversations.
PacktPublishing_Deep-Reinforcement-Learning-Hands-On.Chapter12.libbots,cornell,,Magic number,read_genres,76,/Volumes/BrokeExt/NICHE/PacktPublishing_Deep-Reinforcement-Learning-Hands-On/Chapter12/libbots/cornell.py,Magic number 5 used in read_genres.
PacktPublishing_Deep-Reinforcement-Learning-Hands-On.Chapter12.libbots,data,,Complex method,dialogues_to_pairs,128 - 143,/Volumes/BrokeExt/NICHE/PacktPublishing_Deep-Reinforcement-Learning-Hands-On/Chapter12/libbots/data.py,"Method 'dialogues_to_pairs' has a cyclomatic complexity of 7, exceeding the max of 6."
PacktPublishing_Deep-Reinforcement-Learning-Hands-On.Chapter12.libbots,data,,Long statement,encode_words,34,/Volumes/BrokeExt/NICHE/PacktPublishing_Deep-Reinforcement-Learning-Hands-On/Chapter12/libbots/data.py,A line with 191 chars in encode_words exceeds the maximum length of 120 characters.
PacktPublishing_Deep-Reinforcement-Learning-Hands-On.Chapter12.libbots,data,,Long statement,encode_phrase_pairs,50,/Volumes/BrokeExt/NICHE/PacktPublishing_Deep-Reinforcement-Learning-Hands-On/Chapter12/libbots/data.py,A line with 230 chars in encode_phrase_pairs exceeds the maximum length of 120 characters.
PacktPublishing_Deep-Reinforcement-Learning-Hands-On.Chapter12.libbots,data,,Long statement,group_train_data,67,/Volumes/BrokeExt/NICHE/PacktPublishing_Deep-Reinforcement-Learning-Hands-On/Chapter12/libbots/data.py,A line with 147 chars in group_train_data exceeds the maximum length of 120 characters.
PacktPublishing_Deep-Reinforcement-Learning-Hands-On.Chapter12.libbots,data,,Long statement,phrase_pairs_dict,113,/Volumes/BrokeExt/NICHE/PacktPublishing_Deep-Reinforcement-Learning-Hands-On/Chapter12/libbots/data.py,A line with 151 chars in phrase_pairs_dict exceeds the maximum length of 120 characters.
PacktPublishing_Deep-Reinforcement-Learning-Hands-On.Chapter12.libbots,data,,Long statement,dialogues_to_pairs,129,/Volumes/BrokeExt/NICHE/PacktPublishing_Deep-Reinforcement-Learning-Hands-On/Chapter12/libbots/data.py,A line with 195 chars in dialogues_to_pairs exceeds the maximum length of 120 characters.
PacktPublishing_Deep-Reinforcement-Learning-Hands-On.Chapter12.libbots,data,,Magic number,phrase_pairs_dict,119,/Volumes/BrokeExt/NICHE/PacktPublishing_Deep-Reinforcement-Learning-Hands-On/Chapter12/libbots/data.py,Magic number 3 used in phrase_pairs_dict.
PacktPublishing_Deep-Reinforcement-Learning-Hands-On.Chapter12.libbots,data,,Magic number,phrase_pairs_dict,118,/Volumes/BrokeExt/NICHE/PacktPublishing_Deep-Reinforcement-Learning-Hands-On/Chapter12/libbots/data.py,Magic number 2 used in phrase_pairs_dict.
PacktPublishing_Deep-Reinforcement-Learning-Hands-On.Chapter12.libbots,data,,Magic number,split_train_test,159,/Volumes/BrokeExt/NICHE/PacktPublishing_Deep-Reinforcement-Learning-Hands-On/Chapter12/libbots/data.py,Magic number 0.95 used in split_train_test.
PacktPublishing_Deep-Reinforcement-Learning-Hands-On.Chapter12.libbots,model,PhraseModel,Long statement,decode_chain_sampling,71,/Volumes/BrokeExt/NICHE/PacktPublishing_Deep-Reinforcement-Learning-Hands-On/Chapter12/libbots/model.py,A line with 122 chars in decode_chain_sampling exceeds the maximum length of 120 characters.
PacktPublishing_Deep-Reinforcement-Learning-Hands-On.Chapter12.libbots,utils,,Long statement,untokenize,19,/Volumes/BrokeExt/NICHE/PacktPublishing_Deep-Reinforcement-Learning-Hands-On/Chapter12/libbots/utils.py,A line with 122 chars in untokenize exceeds the maximum length of 120 characters.
PacktPublishing_Deep-Reinforcement-Learning-Hands-On.Chapter12.tests,test_subtitles,TestPhrases,Long statement,test_split_phrase,10,/Volumes/BrokeExt/NICHE/PacktPublishing_Deep-Reinforcement-Learning-Hands-On/Chapter12/tests/test_subtitles.py,A line with 135 chars in test_split_phrase exceeds the maximum length of 120 characters.
PacktPublishing_Deep-Reinforcement-Learning-Hands-On.Chapter12.tests,test_subtitles,TestPhrases,Long statement,test_split_phrase,17,/Volumes/BrokeExt/NICHE/PacktPublishing_Deep-Reinforcement-Learning-Hands-On/Chapter12/tests/test_subtitles.py,A line with 140 chars in test_split_phrase exceeds the maximum length of 120 characters.
PacktPublishing_Deep-Reinforcement-Learning-Hands-On.Chapter12.tests,test_subtitles,TestPhrases,Long statement,test_split_phrase,28,/Volumes/BrokeExt/NICHE/PacktPublishing_Deep-Reinforcement-Learning-Hands-On/Chapter12/tests/test_subtitles.py,A line with 164 chars in test_split_phrase exceeds the maximum length of 120 characters.
PacktPublishing_Deep-Reinforcement-Learning-Hands-On.Chapter13,wob_click_mm_train,,Long statement,,76,/Volumes/BrokeExt/NICHE/PacktPublishing_Deep-Reinforcement-Learning-Hands-On/Chapter13/wob_click_mm_train.py,A line with 124 chars in wob_click_mm_train exceeds the maximum length of 120 characters.
PacktPublishing_Deep-Reinforcement-Learning-Hands-On.Chapter13,wob_click_mm_train,,Long statement,,112,/Volumes/BrokeExt/NICHE/PacktPublishing_Deep-Reinforcement-Learning-Hands-On/Chapter13/wob_click_mm_train.py,A line with 156 chars in wob_click_mm_train exceeds the maximum length of 120 characters.
PacktPublishing_Deep-Reinforcement-Learning-Hands-On.Chapter13,wob_click_play,,Long statement,,73,/Volumes/BrokeExt/NICHE/PacktPublishing_Deep-Reinforcement-Learning-Hands-On/Chapter13/wob_click_play.py,A line with 130 chars in wob_click_play exceeds the maximum length of 120 characters.
PacktPublishing_Deep-Reinforcement-Learning-Hands-On.Chapter13,wob_click_train,,Long statement,,74,/Volumes/BrokeExt/NICHE/PacktPublishing_Deep-Reinforcement-Learning-Hands-On/Chapter13/wob_click_train.py,A line with 124 chars in wob_click_train exceeds the maximum length of 120 characters.
PacktPublishing_Deep-Reinforcement-Learning-Hands-On.Chapter13,wob_click_train,,Long statement,,106,/Volumes/BrokeExt/NICHE/PacktPublishing_Deep-Reinforcement-Learning-Hands-On/Chapter13/wob_click_train.py,A line with 134 chars in wob_click_train exceeds the maximum length of 120 characters.
PacktPublishing_Deep-Reinforcement-Learning-Hands-On.Chapter13,wob_click_train,,Long statement,,110,/Volumes/BrokeExt/NICHE/PacktPublishing_Deep-Reinforcement-Learning-Hands-On/Chapter13/wob_click_train.py,A line with 122 chars in wob_click_train exceeds the maximum length of 120 characters.
PacktPublishing_Deep-Reinforcement-Learning-Hands-On.Chapter13.adhoc,fbs_join,,Long statement,,24,/Volumes/BrokeExt/NICHE/PacktPublishing_Deep-Reinforcement-Learning-Hands-On/Chapter13/adhoc/fbs_join.py,A line with 149 chars in fbs_join exceeds the maximum length of 120 characters.
PacktPublishing_Deep-Reinforcement-Learning-Hands-On.Chapter13.adhoc,fbs_join,,Long statement,,29,/Volumes/BrokeExt/NICHE/PacktPublishing_Deep-Reinforcement-Learning-Hands-On/Chapter13/adhoc/fbs_join.py,A line with 143 chars in fbs_join exceeds the maximum length of 120 characters.
PacktPublishing_Deep-Reinforcement-Learning-Hands-On.Chapter13.adhoc,wob_create,,Long statement,,12,/Volumes/BrokeExt/NICHE/PacktPublishing_Deep-Reinforcement-Learning-Hands-On/Chapter13/adhoc/wob_create.py,A line with 135 chars in wob_create exceeds the maximum length of 120 characters.
PacktPublishing_Deep-Reinforcement-Learning-Hands-On.Chapter13.lib,common,,Long statement,unpack_batch,42,/Volumes/BrokeExt/NICHE/PacktPublishing_Deep-Reinforcement-Learning-Hands-On/Chapter13/lib/common.py,A line with 158 chars in unpack_batch exceeds the maximum length of 120 characters.
PacktPublishing_Deep-Reinforcement-Learning-Hands-On.Chapter13.lib,common,RewardTracker,Long statement,reward,29,/Volumes/BrokeExt/NICHE/PacktPublishing_Deep-Reinforcement-Learning-Hands-On/Chapter13/lib/common.py,A line with 132 chars in reward exceeds the maximum length of 120 characters.
PacktPublishing_Deep-Reinforcement-Learning-Hands-On.Chapter13.lib,common,RewardTracker,Magic number,reward,38,/Volumes/BrokeExt/NICHE/PacktPublishing_Deep-Reinforcement-Learning-Hands-On/Chapter13/lib/common.py,Magic number 30 used in reward.
PacktPublishing_Deep-Reinforcement-Learning-Hands-On.Chapter13.lib,model_vnc,,Long parameter list,train_demo,180 - 192,/Volumes/BrokeExt/NICHE/PacktPublishing_Deep-Reinforcement-Learning-Hands-On/Chapter13/lib/model_vnc.py,"train_demo has 7 parameters, exceeding the max of 5."
PacktPublishing_Deep-Reinforcement-Learning-Hands-On.Chapter13.lib,model_vnc,Model,Long statement,__init__,22,/Volumes/BrokeExt/NICHE/PacktPublishing_Deep-Reinforcement-Learning-Hands-On/Chapter13/lib/model_vnc.py,A line with 123 chars in __init__ exceeds the maximum length of 120 characters.
PacktPublishing_Deep-Reinforcement-Learning-Hands-On.Chapter13.lib,model_vnc,ModelMultimodal,Long statement,__init__,53,/Volumes/BrokeExt/NICHE/PacktPublishing_Deep-Reinforcement-Learning-Hands-On/Chapter13/lib/model_vnc.py,A line with 123 chars in __init__ exceeds the maximum length of 120 characters.
PacktPublishing_Deep-Reinforcement-Learning-Hands-On.Chapter13.lib,model_vnc,MultimodalPreprocessor,Long statement,__call__,117,/Volumes/BrokeExt/NICHE/PacktPublishing_Deep-Reinforcement-Learning-Hands-On/Chapter13/lib/model_vnc.py,A line with 183 chars in __call__ exceeds the maximum length of 120 characters.
PacktPublishing_Deep-Reinforcement-Learning-Hands-On.Chapter13.lib,model_vnc,Model,Magic number,forward,44,/Volumes/BrokeExt/NICHE/PacktPublishing_Deep-Reinforcement-Learning-Hands-On/Chapter13/lib/model_vnc.py,Magic number 256 used in forward.
PacktPublishing_Deep-Reinforcement-Learning-Hands-On.Chapter13.lib,model_vnc,ModelMultimodal,Magic number,forward,96,/Volumes/BrokeExt/NICHE/PacktPublishing_Deep-Reinforcement-Learning-Hands-On/Chapter13/lib/model_vnc.py,Magic number 256 used in forward.
PacktPublishing_Deep-Reinforcement-Learning-Hands-On.Chapter13.lib,vnc_demo,,Complex method,extract_samples,171 - 216,/Volumes/BrokeExt/NICHE/PacktPublishing_Deep-Reinforcement-Learning-Hands-On/Chapter13/lib/vnc_demo.py,"Method 'extract_samples' has a cyclomatic complexity of 10, exceeding the max of 6."
PacktPublishing_Deep-Reinforcement-Learning-Hands-On.Chapter13.lib,vnc_demo,,Empty catch block,read_fbp_file,108,/Volumes/BrokeExt/NICHE/PacktPublishing_Deep-Reinforcement-Learning-Hands-On/Chapter13/lib/vnc_demo.py,Empty catch block found in read_fbp_file.
PacktPublishing_Deep-Reinforcement-Learning-Hands-On.Chapter13.lib,vnc_demo,,Long method,extract_samples,171 - 216,/Volumes/BrokeExt/NICHE/PacktPublishing_Deep-Reinforcement-Learning-Hands-On/Chapter13/lib/vnc_demo.py,Method 'extract_samples' is too long (41 lines).
PacktPublishing_Deep-Reinforcement-Learning-Hands-On.Chapter13.lib,vnc_demo,,Long parameter list,extract_samples,171 - 216,/Volumes/BrokeExt/NICHE/PacktPublishing_Deep-Reinforcement-Learning-Hands-On/Chapter13/lib/vnc_demo.py,"extract_samples has 6 parameters, exceeding the max of 5."
PacktPublishing_Deep-Reinforcement-Learning-Hands-On.Chapter13.lib,vnc_demo,,Long statement,load_demo,30,/Volumes/BrokeExt/NICHE/PacktPublishing_Deep-Reinforcement-Learning-Hands-On/Chapter13/lib/vnc_demo.py,A line with 172 chars in load_demo exceeds the maximum length of 120 characters.
PacktPublishing_Deep-Reinforcement-Learning-Hands-On.Chapter13.lib,vnc_demo,,Long statement,load_demo,45,/Volumes/BrokeExt/NICHE/PacktPublishing_Deep-Reinforcement-Learning-Hands-On/Chapter13/lib/vnc_demo.py,A line with 167 chars in load_demo exceeds the maximum length of 120 characters.
PacktPublishing_Deep-Reinforcement-Learning-Hands-On.Chapter13.lib,vnc_demo,,Long statement,load_demo,50,/Volumes/BrokeExt/NICHE/PacktPublishing_Deep-Reinforcement-Learning-Hands-On/Chapter13/lib/vnc_demo.py,A line with 161 chars in load_demo exceeds the maximum length of 120 characters.
PacktPublishing_Deep-Reinforcement-Learning-Hands-On.Chapter13.lib,vnc_demo,,Long statement,load_demo,61,/Volumes/BrokeExt/NICHE/PacktPublishing_Deep-Reinforcement-Learning-Hands-On/Chapter13/lib/vnc_demo.py,A line with 143 chars in load_demo exceeds the maximum length of 120 characters.
PacktPublishing_Deep-Reinforcement-Learning-Hands-On.Chapter13.lib,vnc_demo,Client,Long statement,__init__,117,/Volumes/BrokeExt/NICHE/PacktPublishing_Deep-Reinforcement-Learning-Hands-On/Chapter13/lib/vnc_demo.py,A line with 372 chars in __init__ exceeds the maximum length of 120 characters.
PacktPublishing_Deep-Reinforcement-Learning-Hands-On.Chapter13.lib,vnc_demo,Client,Long statement,__init__,123,/Volumes/BrokeExt/NICHE/PacktPublishing_Deep-Reinforcement-Learning-Hands-On/Chapter13/lib/vnc_demo.py,A line with 185 chars in __init__ exceeds the maximum length of 120 characters.
PacktPublishing_Deep-Reinforcement-Learning-Hands-On.Chapter13.lib,vnc_demo,Client,Long statement,decode_rectangle,129,/Volumes/BrokeExt/NICHE/PacktPublishing_Deep-Reinforcement-Learning-Hands-On/Chapter13/lib/vnc_demo.py,A line with 124 chars in decode_rectangle exceeds the maximum length of 120 characters.
PacktPublishing_Deep-Reinforcement-Learning-Hands-On.Chapter13.lib,vnc_demo,Client,Long statement,decode_rectangle,136,/Volumes/BrokeExt/NICHE/PacktPublishing_Deep-Reinforcement-Learning-Hands-On/Chapter13/lib/vnc_demo.py,A line with 169 chars in decode_rectangle exceeds the maximum length of 120 characters.
PacktPublishing_Deep-Reinforcement-Learning-Hands-On.Chapter13.lib,vnc_demo,Client,Long statement,decode_rectangle,141,/Volumes/BrokeExt/NICHE/PacktPublishing_Deep-Reinforcement-Learning-Hands-On/Chapter13/lib/vnc_demo.py,A line with 178 chars in decode_rectangle exceeds the maximum length of 120 characters.
PacktPublishing_Deep-Reinforcement-Learning-Hands-On.Chapter13.lib,vnc_demo,,Magic number,default_mouse_to_action,152,/Volumes/BrokeExt/NICHE/PacktPublishing_Deep-Reinforcement-Learning-Hands-On/Chapter13/lib/vnc_demo.py,Magic number 50 used in default_mouse_to_action.
PacktPublishing_Deep-Reinforcement-Learning-Hands-On.Chapter13.lib,vnc_demo,,Magic number,default_mouse_to_action,153,/Volumes/BrokeExt/NICHE/PacktPublishing_Deep-Reinforcement-Learning-Hands-On/Chapter13/lib/vnc_demo.py,Magic number 10 used in default_mouse_to_action.
PacktPublishing_Deep-Reinforcement-Learning-Hands-On.Chapter13.lib,vnc_demo,,Magic number,default_mouse_to_action,153,/Volumes/BrokeExt/NICHE/PacktPublishing_Deep-Reinforcement-Learning-Hands-On/Chapter13/lib/vnc_demo.py,Magic number 16 used in default_mouse_to_action.
PacktPublishing_Deep-Reinforcement-Learning-Hands-On.Chapter13.lib,vnc_demo,,Magic number,default_mouse_to_action,154,/Volumes/BrokeExt/NICHE/PacktPublishing_Deep-Reinforcement-Learning-Hands-On/Chapter13/lib/vnc_demo.py,Magic number 255 used in default_mouse_to_action.
PacktPublishing_Deep-Reinforcement-Learning-Hands-On.Chapter13.lib,vnc_demo,,Magic number,default_mouse_to_action,153,/Volumes/BrokeExt/NICHE/PacktPublishing_Deep-Reinforcement-Learning-Hands-On/Chapter13/lib/vnc_demo.py,Magic number 10 used in default_mouse_to_action.
PacktPublishing_Deep-Reinforcement-Learning-Hands-On.Chapter13.lib,vnc_demo,,Magic number,extract_samples,202,/Volumes/BrokeExt/NICHE/PacktPublishing_Deep-Reinforcement-Learning-Hands-On/Chapter13/lib/vnc_demo.py,Magic number 5 used in extract_samples.
PacktPublishing_Deep-Reinforcement-Learning-Hands-On.Chapter13.lib,wob_vnc,MiniWoBPeeker,Complex method,_step,112 - 136,/Volumes/BrokeExt/NICHE/PacktPublishing_Deep-Reinforcement-Learning-Hands-On/Chapter13/lib/wob_vnc.py,"Method '_step' has a cyclomatic complexity of 7, exceeding the max of 6."
PacktPublishing_Deep-Reinforcement-Learning-Hands-On.Chapter13.lib,wob_vnc,,Long parameter list,save_obs,58 - 83,/Volumes/BrokeExt/NICHE/PacktPublishing_Deep-Reinforcement-Learning-Hands-On/Chapter13/lib/wob_vnc.py,"save_obs has 6 parameters, exceeding the max of 5."
PacktPublishing_Deep-Reinforcement-Learning-Hands-On.Chapter13.lib,wob_vnc,,Long statement,configure,28,/Volumes/BrokeExt/NICHE/PacktPublishing_Deep-Reinforcement-Learning-Hands-On/Chapter13/lib/wob_vnc.py,A line with 143 chars in configure exceeds the maximum length of 120 characters.
PacktPublishing_Deep-Reinforcement-Learning-Hands-On.Chapter13.lib,wob_vnc,,Long statement,save_obs,59,/Volumes/BrokeExt/NICHE/PacktPublishing_Deep-Reinforcement-Learning-Hands-On/Chapter13/lib/wob_vnc.py,A line with 325 chars in save_obs exceeds the maximum length of 120 characters.
PacktPublishing_Deep-Reinforcement-Learning-Hands-On.Chapter13.lib,wob_vnc,MiniWoBPeeker,Long statement,_step,123,/Volumes/BrokeExt/NICHE/PacktPublishing_Deep-Reinforcement-Learning-Hands-On/Chapter13/lib/wob_vnc.py,A line with 130 chars in _step exceeds the maximum length of 120 characters.
PacktPublishing_Deep-Reinforcement-Learning-Hands-On.Chapter13.lib,wob_vnc,,Magic number,remotes_url,22,/Volumes/BrokeExt/NICHE/PacktPublishing_Deep-Reinforcement-Learning-Hands-On/Chapter13/lib/wob_vnc.py,Magic number 8 used in remotes_url.
PacktPublishing_Deep-Reinforcement-Learning-Hands-On.Chapter13.lib,wob_vnc,,Magic number,remotes_url,23,/Volumes/BrokeExt/NICHE/PacktPublishing_Deep-Reinforcement-Learning-Hands-On/Chapter13/lib/wob_vnc.py,Magic number 5900 used in remotes_url.
PacktPublishing_Deep-Reinforcement-Learning-Hands-On.Chapter13.lib,wob_vnc,,Magic number,remotes_url,23,/Volumes/BrokeExt/NICHE/PacktPublishing_Deep-Reinforcement-Learning-Hands-On/Chapter13/lib/wob_vnc.py,Magic number 15900 used in remotes_url.
PacktPublishing_Deep-Reinforcement-Learning-Hands-On.Chapter13.lib,wob_vnc,,Magic number,save_obs,58,/Volumes/BrokeExt/NICHE/PacktPublishing_Deep-Reinforcement-Learning-Hands-On/Chapter13/lib/wob_vnc.py,Magic number 10 used in save_obs.
PacktPublishing_Deep-Reinforcement-Learning-Hands-On.Chapter13.lib,wob_vnc,,Magic number,save_obs,58,/Volumes/BrokeExt/NICHE/PacktPublishing_Deep-Reinforcement-Learning-Hands-On/Chapter13/lib/wob_vnc.py,Magic number 50 used in save_obs.
PacktPublishing_Deep-Reinforcement-Learning-Hands-On.Chapter13.lib,wob_vnc,,Magic number,save_obs,80,/Volumes/BrokeExt/NICHE/PacktPublishing_Deep-Reinforcement-Learning-Hands-On/Chapter13/lib/wob_vnc.py,Magic number 2 used in save_obs.
PacktPublishing_Deep-Reinforcement-Learning-Hands-On.Chapter13.lib,wob_vnc,,Magic number,save_obs,79,/Volumes/BrokeExt/NICHE/PacktPublishing_Deep-Reinforcement-Learning-Hands-On/Chapter13/lib/wob_vnc.py,Magic number 16 used in save_obs.
PacktPublishing_Deep-Reinforcement-Learning-Hands-On.Chapter13.lib,wob_vnc,,Magic number,save_obs,78,/Volumes/BrokeExt/NICHE/PacktPublishing_Deep-Reinforcement-Learning-Hands-On/Chapter13/lib/wob_vnc.py,Magic number 16 used in save_obs.
PacktPublishing_Deep-Reinforcement-Learning-Hands-On.Chapter13.lib,wob_vnc,MiniWoBPeeker,Magic number,_step,127,/Volumes/BrokeExt/NICHE/PacktPublishing_Deep-Reinforcement-Learning-Hands-On/Chapter13/lib/wob_vnc.py,Magic number 2 used in _step.
PacktPublishing_Deep-Reinforcement-Learning-Hands-On.Chapter14,02_train_a2c,,Long statement,,105,/Volumes/BrokeExt/NICHE/PacktPublishing_Deep-Reinforcement-Learning-Hands-On/Chapter14/02_train_a2c.py,A line with 126 chars in 02_train_a2c exceeds the maximum length of 120 characters.
PacktPublishing_Deep-Reinforcement-Learning-Hands-On.Chapter14,02_train_a2c,,Magic number,test_net,29,/Volumes/BrokeExt/NICHE/PacktPublishing_Deep-Reinforcement-Learning-Hands-On/Chapter14/02_train_a2c.py,Magic number 10 used in test_net.
PacktPublishing_Deep-Reinforcement-Learning-Hands-On.Chapter14,02_train_a2c,,Magic number,calc_logprob,48,/Volumes/BrokeExt/NICHE/PacktPublishing_Deep-Reinforcement-Learning-Hands-On/Chapter14/02_train_a2c.py,Magic number 2 used in calc_logprob.
PacktPublishing_Deep-Reinforcement-Learning-Hands-On.Chapter14,02_train_a2c,,Magic number,calc_logprob,48,/Volumes/BrokeExt/NICHE/PacktPublishing_Deep-Reinforcement-Learning-Hands-On/Chapter14/02_train_a2c.py,Magic number 2 used in calc_logprob.
PacktPublishing_Deep-Reinforcement-Learning-Hands-On.Chapter14,04_train_ddpg,,Magic number,test_net,28,/Volumes/BrokeExt/NICHE/PacktPublishing_Deep-Reinforcement-Learning-Hands-On/Chapter14/04_train_ddpg.py,Magic number 10 used in test_net.
PacktPublishing_Deep-Reinforcement-Learning-Hands-On.Chapter14,06_train_d4pg,,Magic number,test_net,34,/Volumes/BrokeExt/NICHE/PacktPublishing_Deep-Reinforcement-Learning-Hands-On/Chapter14/06_train_d4pg.py,Magic number 10 used in test_net.
PacktPublishing_Deep-Reinforcement-Learning-Hands-On.Chapter14.lib,common,,Long statement,unpack_batch_a2c,9,/Volumes/BrokeExt/NICHE/PacktPublishing_Deep-Reinforcement-Learning-Hands-On/Chapter14/lib/common.py,A line with 158 chars in unpack_batch_a2c exceeds the maximum length of 120 characters.
PacktPublishing_Deep-Reinforcement-Learning-Hands-On.Chapter14.lib,common,,Magic number,unpack_batch_a2c,34,/Volumes/BrokeExt/NICHE/PacktPublishing_Deep-Reinforcement-Learning-Hands-On/Chapter14/lib/common.py,Magic number 2 used in unpack_batch_a2c.
PacktPublishing_Deep-Reinforcement-Learning-Hands-On.Chapter14.lib,model,AgentDDPG,Long parameter list,__init__,119 - 126,/Volumes/BrokeExt/NICHE/PacktPublishing_Deep-Reinforcement-Learning-Hands-On/Chapter14/lib/model.py,"__init__ has 7 parameters, exceeding the max of 5."
PacktPublishing_Deep-Reinforcement-Learning-Hands-On.Chapter14.lib,model,DDPGActor,Long statement,__init__,38,/Volumes/BrokeExt/NICHE/PacktPublishing_Deep-Reinforcement-Learning-Hands-On/Chapter14/lib/model.py,A line with 130 chars in __init__ exceeds the maximum length of 120 characters.
PacktPublishing_Deep-Reinforcement-Learning-Hands-On.Chapter14.lib,model,AgentDDPG,Magic number,__init__,119,/Volumes/BrokeExt/NICHE/PacktPublishing_Deep-Reinforcement-Learning-Hands-On/Chapter14/lib/model.py,Magic number 0.15 used in __init__.
PacktPublishing_Deep-Reinforcement-Learning-Hands-On.Chapter14.lib,model,AgentDDPG,Magic number,__init__,119,/Volumes/BrokeExt/NICHE/PacktPublishing_Deep-Reinforcement-Learning-Hands-On/Chapter14/lib/model.py,Magic number 0.2 used in __init__.
PacktPublishing_Deep-Reinforcement-Learning-Hands-On.Chapter14.lib,model,AgentD4PG,Magic number,__init__,157,/Volumes/BrokeExt/NICHE/PacktPublishing_Deep-Reinforcement-Learning-Hands-On/Chapter14/lib/model.py,Magic number 0.3 used in __init__.
PacktPublishing_Deep-Reinforcement-Learning-Hands-On.Chapter15,01_train_a2c,,Long statement,,111,/Volumes/BrokeExt/NICHE/PacktPublishing_Deep-Reinforcement-Learning-Hands-On/Chapter15/01_train_a2c.py,A line with 130 chars in 01_train_a2c exceeds the maximum length of 120 characters.
PacktPublishing_Deep-Reinforcement-Learning-Hands-On.Chapter15,01_train_a2c,,Magic number,test_net,31,/Volumes/BrokeExt/NICHE/PacktPublishing_Deep-Reinforcement-Learning-Hands-On/Chapter15/01_train_a2c.py,Magic number 10 used in test_net.
PacktPublishing_Deep-Reinforcement-Learning-Hands-On.Chapter15,01_train_a2c,,Magic number,calc_logprob,50,/Volumes/BrokeExt/NICHE/PacktPublishing_Deep-Reinforcement-Learning-Hands-On/Chapter15/01_train_a2c.py,Magic number 2 used in calc_logprob.
PacktPublishing_Deep-Reinforcement-Learning-Hands-On.Chapter15,01_train_a2c,,Magic number,calc_logprob,50,/Volumes/BrokeExt/NICHE/PacktPublishing_Deep-Reinforcement-Learning-Hands-On/Chapter15/01_train_a2c.py,Magic number 2 used in calc_logprob.
PacktPublishing_Deep-Reinforcement-Learning-Hands-On.Chapter15,03_train_trpo,,Long statement,calc_adv_ref,57,/Volumes/BrokeExt/NICHE/PacktPublishing_Deep-Reinforcement-Learning-Hands-On/Chapter15/03_train_trpo.py,A line with 223 chars in calc_adv_ref exceeds the maximum length of 120 characters.
PacktPublishing_Deep-Reinforcement-Learning-Hands-On.Chapter15,03_train_trpo,,Magic number,test_net,32,/Volumes/BrokeExt/NICHE/PacktPublishing_Deep-Reinforcement-Learning-Hands-On/Chapter15/03_train_trpo.py,Magic number 10 used in test_net.
PacktPublishing_Deep-Reinforcement-Learning-Hands-On.Chapter15,03_train_trpo,,Magic number,calc_logprob,51,/Volumes/BrokeExt/NICHE/PacktPublishing_Deep-Reinforcement-Learning-Hands-On/Chapter15/03_train_trpo.py,Magic number 2 used in calc_logprob.
PacktPublishing_Deep-Reinforcement-Learning-Hands-On.Chapter15,03_train_trpo,,Magic number,calc_logprob,51,/Volumes/BrokeExt/NICHE/PacktPublishing_Deep-Reinforcement-Learning-Hands-On/Chapter15/03_train_trpo.py,Magic number 2 used in calc_logprob.
PacktPublishing_Deep-Reinforcement-Learning-Hands-On.Chapter15,04_train_ppo,,Long statement,calc_adv_ref,59,/Volumes/BrokeExt/NICHE/PacktPublishing_Deep-Reinforcement-Learning-Hands-On/Chapter15/04_train_ppo.py,A line with 248 chars in calc_adv_ref exceeds the maximum length of 120 characters.
PacktPublishing_Deep-Reinforcement-Learning-Hands-On.Chapter15,04_train_ppo,,Magic number,test_net,34,/Volumes/BrokeExt/NICHE/PacktPublishing_Deep-Reinforcement-Learning-Hands-On/Chapter15/04_train_ppo.py,Magic number 10 used in test_net.
PacktPublishing_Deep-Reinforcement-Learning-Hands-On.Chapter15,04_train_ppo,,Magic number,calc_logprob,53,/Volumes/BrokeExt/NICHE/PacktPublishing_Deep-Reinforcement-Learning-Hands-On/Chapter15/04_train_ppo.py,Magic number 2 used in calc_logprob.
PacktPublishing_Deep-Reinforcement-Learning-Hands-On.Chapter15,04_train_ppo,,Magic number,calc_logprob,53,/Volumes/BrokeExt/NICHE/PacktPublishing_Deep-Reinforcement-Learning-Hands-On/Chapter15/04_train_ppo.py,Magic number 2 used in calc_logprob.
PacktPublishing_Deep-Reinforcement-Learning-Hands-On.Chapter15,05_train_acktr,,Long statement,,111,/Volumes/BrokeExt/NICHE/PacktPublishing_Deep-Reinforcement-Learning-Hands-On/Chapter15/05_train_acktr.py,A line with 130 chars in 05_train_acktr exceeds the maximum length of 120 characters.
PacktPublishing_Deep-Reinforcement-Learning-Hands-On.Chapter15,05_train_acktr,,Magic number,test_net,31,/Volumes/BrokeExt/NICHE/PacktPublishing_Deep-Reinforcement-Learning-Hands-On/Chapter15/05_train_acktr.py,Magic number 10 used in test_net.
PacktPublishing_Deep-Reinforcement-Learning-Hands-On.Chapter15,05_train_acktr,,Magic number,calc_logprob,50,/Volumes/BrokeExt/NICHE/PacktPublishing_Deep-Reinforcement-Learning-Hands-On/Chapter15/05_train_acktr.py,Magic number 2 used in calc_logprob.
PacktPublishing_Deep-Reinforcement-Learning-Hands-On.Chapter15,05_train_acktr,,Magic number,calc_logprob,50,/Volumes/BrokeExt/NICHE/PacktPublishing_Deep-Reinforcement-Learning-Hands-On/Chapter15/05_train_acktr.py,Magic number 2 used in calc_logprob.
PacktPublishing_Deep-Reinforcement-Learning-Hands-On.Chapter15.lib,common,,Long statement,unpack_batch_a2c,8,/Volumes/BrokeExt/NICHE/PacktPublishing_Deep-Reinforcement-Learning-Hands-On/Chapter15/lib/common.py,A line with 158 chars in unpack_batch_a2c exceeds the maximum length of 120 characters.
PacktPublishing_Deep-Reinforcement-Learning-Hands-On.Chapter15.lib,kfac,KFACOptimizer,Complex method,step,201 - 259,/Volumes/BrokeExt/NICHE/PacktPublishing_Deep-Reinforcement-Learning-Hands-On/Chapter15/lib/kfac.py,"Method 'step' has a cyclomatic complexity of 10, exceeding the max of 6."
PacktPublishing_Deep-Reinforcement-Learning-Hands-On.Chapter15.lib,kfac,KFACOptimizer,Long method,step,201 - 259,/Volumes/BrokeExt/NICHE/PacktPublishing_Deep-Reinforcement-Learning-Hands-On/Chapter15/lib/kfac.py,Method 'step' is too long (53 lines).
PacktPublishing_Deep-Reinforcement-Learning-Hands-On.Chapter15.lib,kfac,KFACOptimizer,Long parameter list,__init__,100 - 154,/Volumes/BrokeExt/NICHE/PacktPublishing_Deep-Reinforcement-Learning-Hands-On/Chapter15/lib/kfac.py,"__init__ has 10 parameters, exceeding the max of 5."
PacktPublishing_Deep-Reinforcement-Learning-Hands-On.Chapter15.lib,kfac,KFACOptimizer,Long statement,_prepare_model,194,/Volumes/BrokeExt/NICHE/PacktPublishing_Deep-Reinforcement-Learning-Hands-On/Chapter15/lib/kfac.py,A line with 124 chars in _prepare_model exceeds the maximum length of 120 characters.
PacktPublishing_Deep-Reinforcement-Learning-Hands-On.Chapter15.lib,kfac,AddBias,Magic number,forward,21,/Volumes/BrokeExt/NICHE/PacktPublishing_Deep-Reinforcement-Learning-Hands-On/Chapter15/lib/kfac.py,Magic number 2 used in forward.
PacktPublishing_Deep-Reinforcement-Learning-Hands-On.Chapter15.lib,kfac,KFACOptimizer,Magic number,__init__,102,/Volumes/BrokeExt/NICHE/PacktPublishing_Deep-Reinforcement-Learning-Hands-On/Chapter15/lib/kfac.py,Magic number 0.25 used in __init__.
PacktPublishing_Deep-Reinforcement-Learning-Hands-On.Chapter15.lib,kfac,KFACOptimizer,Magic number,__init__,103,/Volumes/BrokeExt/NICHE/PacktPublishing_Deep-Reinforcement-Learning-Hands-On/Chapter15/lib/kfac.py,Magic number 0.9 used in __init__.
PacktPublishing_Deep-Reinforcement-Learning-Hands-On.Chapter15.lib,kfac,KFACOptimizer,Magic number,__init__,104,/Volumes/BrokeExt/NICHE/PacktPublishing_Deep-Reinforcement-Learning-Hands-On/Chapter15/lib/kfac.py,Magic number 0.99 used in __init__.
PacktPublishing_Deep-Reinforcement-Learning-Hands-On.Chapter15.lib,kfac,KFACOptimizer,Magic number,__init__,105,/Volumes/BrokeExt/NICHE/PacktPublishing_Deep-Reinforcement-Learning-Hands-On/Chapter15/lib/kfac.py,Magic number 0.001 used in __init__.
PacktPublishing_Deep-Reinforcement-Learning-Hands-On.Chapter15.lib,kfac,KFACOptimizer,Magic number,__init__,106,/Volumes/BrokeExt/NICHE/PacktPublishing_Deep-Reinforcement-Learning-Hands-On/Chapter15/lib/kfac.py,Magic number 0.01 used in __init__.
PacktPublishing_Deep-Reinforcement-Learning-Hands-On.Chapter15.lib,kfac,KFACOptimizer,Magic number,__init__,110,/Volumes/BrokeExt/NICHE/PacktPublishing_Deep-Reinforcement-Learning-Hands-On/Chapter15/lib/kfac.py,Magic number 10 used in __init__.
PacktPublishing_Deep-Reinforcement-Learning-Hands-On.Chapter15.lib,model,ModelActor,Long statement,__init__,13,/Volumes/BrokeExt/NICHE/PacktPublishing_Deep-Reinforcement-Learning-Hands-On/Chapter15/lib/model.py,A line with 149 chars in __init__ exceeds the maximum length of 120 characters.
PacktPublishing_Deep-Reinforcement-Learning-Hands-On.Chapter15.lib,model,ModelCritic,Long statement,__init__,31,/Volumes/BrokeExt/NICHE/PacktPublishing_Deep-Reinforcement-Learning-Hands-On/Chapter15/lib/model.py,A line with 134 chars in __init__ exceeds the maximum length of 120 characters.
PacktPublishing_Deep-Reinforcement-Learning-Hands-On.Chapter15.lib,trpo,,Long parameter list,linesearch,43 - 61,/Volumes/BrokeExt/NICHE/PacktPublishing_Deep-Reinforcement-Learning-Hands-On/Chapter15/lib/trpo.py,"linesearch has 7 parameters, exceeding the max of 5."
PacktPublishing_Deep-Reinforcement-Learning-Hands-On.Chapter15.lib,trpo,,Long parameter list,trpo_step,64 - 97,/Volumes/BrokeExt/NICHE/PacktPublishing_Deep-Reinforcement-Learning-Hands-On/Chapter15/lib/trpo.py,"trpo_step has 6 parameters, exceeding the max of 5."
PacktPublishing_Deep-Reinforcement-Learning-Hands-On.Chapter15.lib,trpo,,Magic number,conjugate_gradients,24,/Volumes/BrokeExt/NICHE/PacktPublishing_Deep-Reinforcement-Learning-Hands-On/Chapter15/lib/trpo.py,Magic number 1e-10 used in conjugate_gradients.
PacktPublishing_Deep-Reinforcement-Learning-Hands-On.Chapter15.lib,trpo,,Magic number,linesearch,48,/Volumes/BrokeExt/NICHE/PacktPublishing_Deep-Reinforcement-Learning-Hands-On/Chapter15/lib/trpo.py,Magic number 10 used in linesearch.
PacktPublishing_Deep-Reinforcement-Learning-Hands-On.Chapter15.lib,trpo,,Magic number,linesearch,49,/Volumes/BrokeExt/NICHE/PacktPublishing_Deep-Reinforcement-Learning-Hands-On/Chapter15/lib/trpo.py,Magic number 0.1 used in linesearch.
PacktPublishing_Deep-Reinforcement-Learning-Hands-On.Chapter15.lib,trpo,,Magic number,trpo_step,85,/Volumes/BrokeExt/NICHE/PacktPublishing_Deep-Reinforcement-Learning-Hands-On/Chapter15/lib/trpo.py,Magic number 0.5 used in trpo_step.
PacktPublishing_Deep-Reinforcement-Learning-Hands-On.Chapter16,01_cartpole_es,,Magic number,train_step,72,/Volumes/BrokeExt/NICHE/PacktPublishing_Deep-Reinforcement-Learning-Hands-On/Chapter16/01_cartpole_es.py,Magic number 1e-06 used in train_step.
PacktPublishing_Deep-Reinforcement-Learning-Hands-On.Chapter16,02_cheetah_es,,Long parameter list,train_step,105 - 122,/Volumes/BrokeExt/NICHE/PacktPublishing_Deep-Reinforcement-Learning-Hands-On/Chapter16/02_cheetah_es.py,"train_step has 7 parameters, exceeding the max of 5."
PacktPublishing_Deep-Reinforcement-Learning-Hands-On.Chapter16,02_cheetah_es,,Long statement,compute_ranks,88,/Volumes/BrokeExt/NICHE/PacktPublishing_Deep-Reinforcement-Learning-Hands-On/Chapter16/02_cheetah_es.py,A line with 134 chars in compute_ranks exceeds the maximum length of 120 characters.
PacktPublishing_Deep-Reinforcement-Learning-Hands-On.Chapter16,02_cheetah_es,Net,Long statement,__init__,39,/Volumes/BrokeExt/NICHE/PacktPublishing_Deep-Reinforcement-Learning-Hands-On/Chapter16/02_cheetah_es.py,A line with 149 chars in __init__ exceeds the maximum length of 120 characters.
PacktPublishing_Deep-Reinforcement-Learning-Hands-On.Chapter16,02_cheetah_es,,Long statement,,216,/Volumes/BrokeExt/NICHE/PacktPublishing_Deep-Reinforcement-Learning-Hands-On/Chapter16/02_cheetah_es.py,A line with 278 chars in 02_cheetah_es exceeds the maximum length of 120 characters.
PacktPublishing_Deep-Reinforcement-Learning-Hands-On.Chapter16,02_cheetah_es,,Magic number,compute_centered_ranks,101,/Volumes/BrokeExt/NICHE/PacktPublishing_Deep-Reinforcement-Learning-Hands-On/Chapter16/02_cheetah_es.py,Magic number 0.5 used in compute_centered_ranks.
PacktPublishing_Deep-Reinforcement-Learning-Hands-On.Chapter16,02_cheetah_es,Net,Magic number,__init__,36,/Volumes/BrokeExt/NICHE/PacktPublishing_Deep-Reinforcement-Learning-Hands-On/Chapter16/02_cheetah_es.py,Magic number 64 used in __init__.
PacktPublishing_Deep-Reinforcement-Learning-Hands-On.Chapter16,04_cheetah_ga,Net,Long statement,__init__,29,/Volumes/BrokeExt/NICHE/PacktPublishing_Deep-Reinforcement-Learning-Hands-On/Chapter16/04_cheetah_ga.py,A line with 149 chars in __init__ exceeds the maximum length of 120 characters.
PacktPublishing_Deep-Reinforcement-Learning-Hands-On.Chapter16,04_cheetah_ga,,Long statement,,140,/Volumes/BrokeExt/NICHE/PacktPublishing_Deep-Reinforcement-Learning-Hands-On/Chapter16/04_cheetah_ga.py,A line with 137 chars in 04_cheetah_ga exceeds the maximum length of 120 characters.
PacktPublishing_Deep-Reinforcement-Learning-Hands-On.Chapter16,04_cheetah_ga,Net,Magic number,__init__,26,/Volumes/BrokeExt/NICHE/PacktPublishing_Deep-Reinforcement-Learning-Hands-On/Chapter16/04_cheetah_ga.py,Magic number 64 used in __init__.
PacktPublishing_Deep-Reinforcement-Learning-Hands-On.Chapter16,05_cheetah_ga_batch,,Complex method,worker_func,146 - 172,/Volumes/BrokeExt/NICHE/PacktPublishing_Deep-Reinforcement-Learning-Hands-On/Chapter16/05_cheetah_ga_batch.py,"Method 'worker_func' has a cyclomatic complexity of 7, exceeding the max of 6."
PacktPublishing_Deep-Reinforcement-Learning-Hands-On.Chapter16,05_cheetah_ga_batch,,Long statement,,218,/Volumes/BrokeExt/NICHE/PacktPublishing_Deep-Reinforcement-Learning-Hands-On/Chapter16/05_cheetah_ga_batch.py,A line with 137 chars in 05_cheetah_ga_batch exceeds the maximum length of 120 characters.
PacktPublishing_Deep-Reinforcement-Learning-Hands-On.Chapter16,05_cheetah_ga_batch,Net,Magic number,__init__,53,/Volumes/BrokeExt/NICHE/PacktPublishing_Deep-Reinforcement-Learning-Hands-On/Chapter16/05_cheetah_ga_batch.py,Magic number 64 used in __init__.
PacktPublishing_Deep-Reinforcement-Learning-Hands-On.Chapter17,01_a2c,,Long statement,,22,/Volumes/BrokeExt/NICHE/PacktPublishing_Deep-Reinforcement-Learning-Hands-On/Chapter17/01_a2c.py,A line with 131 chars in 01_a2c exceeds the maximum length of 120 characters.
PacktPublishing_Deep-Reinforcement-Learning-Hands-On.Chapter17,01_a2c,,Long statement,,62,/Volumes/BrokeExt/NICHE/PacktPublishing_Deep-Reinforcement-Learning-Hands-On/Chapter17/01_a2c.py,A line with 152 chars in 01_a2c exceeds the maximum length of 120 characters.
PacktPublishing_Deep-Reinforcement-Learning-Hands-On.Chapter17,02_imag,,Long method,iterate_batches,31 - 72,/Volumes/BrokeExt/NICHE/PacktPublishing_Deep-Reinforcement-Learning-Hands-On/Chapter17/02_imag.py,Method 'iterate_batches' is too long (41 lines).
PacktPublishing_Deep-Reinforcement-Learning-Hands-On.Chapter17,02_imag,,Magic number,get_obs_diff,26,/Volumes/BrokeExt/NICHE/PacktPublishing_Deep-Reinforcement-Learning-Hands-On/Chapter17/02_imag.py,Magic number 255.0 used in get_obs_diff.
PacktPublishing_Deep-Reinforcement-Learning-Hands-On.Chapter17,02_imag,,Magic number,get_obs_diff,27,/Volumes/BrokeExt/NICHE/PacktPublishing_Deep-Reinforcement-Learning-Hands-On/Chapter17/02_imag.py,Magic number 255.0 used in get_obs_diff.
PacktPublishing_Deep-Reinforcement-Learning-Hands-On.Chapter17,03_i2a,,Long statement,,28,/Volumes/BrokeExt/NICHE/PacktPublishing_Deep-Reinforcement-Learning-Hands-On/Chapter17/03_i2a.py,A line with 131 chars in 03_i2a exceeds the maximum length of 120 characters.
PacktPublishing_Deep-Reinforcement-Learning-Hands-On.Chapter17,03_i2a,,Long statement,,82,/Volumes/BrokeExt/NICHE/PacktPublishing_Deep-Reinforcement-Learning-Hands-On/Chapter17/03_i2a.py,A line with 156 chars in 03_i2a exceeds the maximum length of 120 characters.
PacktPublishing_Deep-Reinforcement-Learning-Hands-On.Chapter17,03_i2a,,Long statement,,85,/Volumes/BrokeExt/NICHE/PacktPublishing_Deep-Reinforcement-Learning-Hands-On/Chapter17/03_i2a.py,A line with 124 chars in 03_i2a exceeds the maximum length of 120 characters.
PacktPublishing_Deep-Reinforcement-Learning-Hands-On.Chapter17,play,,Long statement,,25,/Volumes/BrokeExt/NICHE/PacktPublishing_Deep-Reinforcement-Learning-Hands-On/Chapter17/play.py,A line with 165 chars in play exceeds the maximum length of 120 characters.
PacktPublishing_Deep-Reinforcement-Learning-Hands-On.Chapter17.lib,common,,Complex method,iterate_batches,89 - 148,/Volumes/BrokeExt/NICHE/PacktPublishing_Deep-Reinforcement-Learning-Hands-On/Chapter17/lib/common.py,"Method 'iterate_batches' has a cyclomatic complexity of 7, exceeding the max of 6."
PacktPublishing_Deep-Reinforcement-Learning-Hands-On.Chapter17.lib,common,,Long method,iterate_batches,89 - 148,/Volumes/BrokeExt/NICHE/PacktPublishing_Deep-Reinforcement-Learning-Hands-On/Chapter17/lib/common.py,Method 'iterate_batches' is too long (59 lines).
PacktPublishing_Deep-Reinforcement-Learning-Hands-On.Chapter17.lib,common,,Long parameter list,train_a2c,151 - 179,/Volumes/BrokeExt/NICHE/PacktPublishing_Deep-Reinforcement-Learning-Hands-On/Chapter17/lib/common.py,"train_a2c has 9 parameters, exceeding the max of 5."
PacktPublishing_Deep-Reinforcement-Learning-Hands-On.Chapter17.lib,common,,Long statement,iterate_batches,147,/Volumes/BrokeExt/NICHE/PacktPublishing_Deep-Reinforcement-Learning-Hands-On/Chapter17/lib/common.py,A line with 127 chars in iterate_batches exceeds the maximum length of 120 characters.
PacktPublishing_Deep-Reinforcement-Learning-Hands-On.Chapter17.lib,common,AtariA2C,Long statement,__init__,50,/Volumes/BrokeExt/NICHE/PacktPublishing_Deep-Reinforcement-Learning-Hands-On/Chapter17/lib/common.py,A line with 202 chars in __init__ exceeds the maximum length of 120 characters.
PacktPublishing_Deep-Reinforcement-Learning-Hands-On.Chapter17.lib,common,,Magic number,test_model,182,/Volumes/BrokeExt/NICHE/PacktPublishing_Deep-Reinforcement-Learning-Hands-On/Chapter17/lib/common.py,Magic number 3 used in test_model.
PacktPublishing_Deep-Reinforcement-Learning-Hands-On.Chapter17.lib,common,AtariA2C,Magic number,forward,73,/Volumes/BrokeExt/NICHE/PacktPublishing_Deep-Reinforcement-Learning-Hands-On/Chapter17/lib/common.py,Magic number 256 used in forward.
PacktPublishing_Deep-Reinforcement-Learning-Hands-On.Chapter17.lib,i2a,EnvironmentModel,Long statement,__init__,24,/Volumes/BrokeExt/NICHE/PacktPublishing_Deep-Reinforcement-Learning-Hands-On/Chapter17/lib/i2a.py,A line with 154 chars in __init__ exceeds the maximum length of 120 characters.
PacktPublishing_Deep-Reinforcement-Learning-Hands-On.Chapter17.lib,i2a,EnvironmentModel,Long statement,__init__,37,/Volumes/BrokeExt/NICHE/PacktPublishing_Deep-Reinforcement-Learning-Hands-On/Chapter17/lib/i2a.py,A line with 156 chars in __init__ exceeds the maximum length of 120 characters.
PacktPublishing_Deep-Reinforcement-Learning-Hands-On.Chapter17.lib,i2a,RolloutEncoder,Long statement,__init__,76,/Volumes/BrokeExt/NICHE/PacktPublishing_Deep-Reinforcement-Learning-Hands-On/Chapter17/lib/i2a.py,A line with 202 chars in __init__ exceeds the maximum length of 120 characters.
PacktPublishing_Deep-Reinforcement-Learning-Hands-On.Chapter17.lib,i2a,I2A,Long statement,__init__,115,/Volumes/BrokeExt/NICHE/PacktPublishing_Deep-Reinforcement-Learning-Hands-On/Chapter17/lib/i2a.py,A line with 202 chars in __init__ exceeds the maximum length of 120 characters.
PacktPublishing_Deep-Reinforcement-Learning-Hands-On.Chapter17.lib,i2a,I2A,Magic number,forward,146,/Volumes/BrokeExt/NICHE/PacktPublishing_Deep-Reinforcement-Learning-Hands-On/Chapter17/lib/i2a.py,Magic number 255 used in forward.
PacktPublishing_Deep-Reinforcement-Learning-Hands-On.Chapter17.lib,i2a,I2A,Magic number,rollouts_batch,174,/Volumes/BrokeExt/NICHE/PacktPublishing_Deep-Reinforcement-Learning-Hands-On/Chapter17/lib/i2a.py,Magic number 2 used in rollouts_batch.
PacktPublishing_Deep-Reinforcement-Learning-Hands-On.Chapter18,play,,Long statement,,40,/Volumes/BrokeExt/NICHE/PacktPublishing_Deep-Reinforcement-Learning-Hands-On/Chapter18/play.py,A line with 185 chars in play exceeds the maximum length of 120 characters.
PacktPublishing_Deep-Reinforcement-Learning-Hands-On.Chapter18,telegram-bot,PlayerBot,Long statement,command_help,137,/Volumes/BrokeExt/NICHE/PacktPublishing_Deep-Reinforcement-Learning-Hands-On/Chapter18/telegram-bot.py,A line with 728 chars in command_help exceeds the maximum length of 120 characters.
PacktPublishing_Deep-Reinforcement-Learning-Hands-On.Chapter18,telegram-bot,PlayerBot,Long statement,command_play,183,/Volumes/BrokeExt/NICHE/PacktPublishing_Deep-Reinforcement-Learning-Hands-On/Chapter18/telegram-bot.py,A line with 156 chars in command_play exceeds the maximum length of 120 characters.
PacktPublishing_Deep-Reinforcement-Learning-Hands-On.Chapter18,telegram-bot,PlayerBot,Long statement,text,193,/Volumes/BrokeExt/NICHE/PacktPublishing_Deep-Reinforcement-Learning-Hands-On/Chapter18/telegram-bot.py,A line with 176 chars in text exceeds the maximum length of 120 characters.
PacktPublishing_Deep-Reinforcement-Learning-Hands-On.Chapter18,telegram-bot,,Long statement,,20,/Volumes/BrokeExt/NICHE/PacktPublishing_Deep-Reinforcement-Learning-Hands-On/Chapter18/telegram-bot.py,A line with 180 chars in telegram-bot exceeds the maximum length of 120 characters.
PacktPublishing_Deep-Reinforcement-Learning-Hands-On.Chapter18,telegram-bot,,Long statement,,257,/Volumes/BrokeExt/NICHE/PacktPublishing_Deep-Reinforcement-Learning-Hands-On/Chapter18/telegram-bot.py,A line with 123 chars in telegram-bot exceeds the maximum length of 120 characters.
PacktPublishing_Deep-Reinforcement-Learning-Hands-On.Chapter18,telegram-bot,PlayerBot,Magic number,_update_leaderboard,110,/Volumes/BrokeExt/NICHE/PacktPublishing_Deep-Reinforcement-Learning-Hands-On/Chapter18/telegram-bot.py,Magic number 0.5 used in _update_leaderboard.
PacktPublishing_Deep-Reinforcement-Learning-Hands-On.Chapter18,telegram-bot,PlayerBot,Magic number,_update_leaderboard,113,/Volumes/BrokeExt/NICHE/PacktPublishing_Deep-Reinforcement-Learning-Hands-On/Chapter18/telegram-bot.py,Magic number 0.5 used in _update_leaderboard.
PacktPublishing_Deep-Reinforcement-Learning-Hands-On.Chapter18,train,,Long statement,evaluate,39,/Volumes/BrokeExt/NICHE/PacktPublishing_Deep-Reinforcement-Learning-Hands-On/Chapter18/train.py,A line with 166 chars in evaluate exceeds the maximum length of 120 characters.
PacktPublishing_Deep-Reinforcement-Learning-Hands-On.Chapter18,train,,Long statement,,77,/Volumes/BrokeExt/NICHE/PacktPublishing_Deep-Reinforcement-Learning-Hands-On/Chapter18/train.py,A line with 217 chars in train exceeds the maximum length of 120 characters.
PacktPublishing_Deep-Reinforcement-Learning-Hands-On.Chapter18,train,,Long statement,,87,/Volumes/BrokeExt/NICHE/PacktPublishing_Deep-Reinforcement-Learning-Hands-On/Chapter18/train.py,A line with 189 chars in train exceeds the maximum length of 120 characters.
PacktPublishing_Deep-Reinforcement-Learning-Hands-On.Chapter18,train,,Magic number,evaluate,42,/Volumes/BrokeExt/NICHE/PacktPublishing_Deep-Reinforcement-Learning-Hands-On/Chapter18/train.py,Magic number 0.5 used in evaluate.
PacktPublishing_Deep-Reinforcement-Learning-Hands-On.Chapter18,train,,Magic number,evaluate,44,/Volumes/BrokeExt/NICHE/PacktPublishing_Deep-Reinforcement-Learning-Hands-On/Chapter18/train.py,Magic number 0.5 used in evaluate.
PacktPublishing_Deep-Reinforcement-Learning-Hands-On.Chapter18.lib,game,,Complex method,_check_won,132 - 165,/Volumes/BrokeExt/NICHE/PacktPublishing_Deep-Reinforcement-Learning-Hands-On/Chapter18/lib/game.py,"Method '_check_won' has a cyclomatic complexity of 9, exceeding the max of 6."
PacktPublishing_Deep-Reinforcement-Learning-Hands-On.Chapter18.lib,game,,Long statement,encode_lists,80,/Volumes/BrokeExt/NICHE/PacktPublishing_Deep-Reinforcement-Learning-Hands-On/Chapter18/lib/game.py,A line with 182 chars in encode_lists exceeds the maximum length of 120 characters.
PacktPublishing_Deep-Reinforcement-Learning-Hands-On.Chapter18.lib,game,,Long statement,decode_binary,103,/Volumes/BrokeExt/NICHE/PacktPublishing_Deep-Reinforcement-Learning-Hands-On/Chapter18/lib/game.py,A line with 153 chars in decode_binary exceeds the maximum length of 120 characters.
PacktPublishing_Deep-Reinforcement-Learning-Hands-On.Chapter18.lib,game,,Long statement,possible_moves,122,/Volumes/BrokeExt/NICHE/PacktPublishing_Deep-Reinforcement-Learning-Hands-On/Chapter18/lib/game.py,A line with 187 chars in possible_moves exceeds the maximum length of 120 characters.
PacktPublishing_Deep-Reinforcement-Learning-Hands-On.Chapter18.lib,game,,Long statement,_check_won,133,/Volumes/BrokeExt/NICHE/PacktPublishing_Deep-Reinforcement-Learning-Hands-On/Chapter18/lib/game.py,A line with 293 chars in _check_won exceeds the maximum length of 120 characters.
PacktPublishing_Deep-Reinforcement-Learning-Hands-On.Chapter18.lib,game,,Long statement,move,169,/Volumes/BrokeExt/NICHE/PacktPublishing_Deep-Reinforcement-Learning-Hands-On/Chapter18/lib/game.py,A line with 399 chars in move exceeds the maximum length of 120 characters.
PacktPublishing_Deep-Reinforcement-Learning-Hands-On.Chapter18.lib,game,,Long statement,,1,/Volumes/BrokeExt/NICHE/PacktPublishing_Deep-Reinforcement-Learning-Hands-On/Chapter18/lib/game.py,A line with 1048 chars in game exceeds the maximum length of 120 characters.
PacktPublishing_Deep-Reinforcement-Learning-Hands-On.Chapter18.lib,game,,Magic number,bits_to_int,66,/Volumes/BrokeExt/NICHE/PacktPublishing_Deep-Reinforcement-Learning-Hands-On/Chapter18/lib/game.py,Magic number 2 used in bits_to_int.
PacktPublishing_Deep-Reinforcement-Learning-Hands-On.Chapter18.lib,game,,Magic number,int_to_bits,75,/Volumes/BrokeExt/NICHE/PacktPublishing_Deep-Reinforcement-Learning-Hands-On/Chapter18/lib/game.py,Magic number 2 used in int_to_bits.
PacktPublishing_Deep-Reinforcement-Learning-Hands-On.Chapter18.lib,game,,Magic number,update_counts,205,/Volumes/BrokeExt/NICHE/PacktPublishing_Deep-Reinforcement-Learning-Hands-On/Chapter18/lib/game.py,Magic number 2 used in update_counts.
PacktPublishing_Deep-Reinforcement-Learning-Hands-On.Chapter18.lib,game,,Magic number,update_counts,205,/Volumes/BrokeExt/NICHE/PacktPublishing_Deep-Reinforcement-Learning-Hands-On/Chapter18/lib/game.py,Magic number 2 used in update_counts.
PacktPublishing_Deep-Reinforcement-Learning-Hands-On.Chapter18.lib,mcts,MCTS,Complex method,find_leaf,36 - 82,/Volumes/BrokeExt/NICHE/PacktPublishing_Deep-Reinforcement-Learning-Hands-On/Chapter18/lib/mcts.py,"Method 'find_leaf' has a cyclomatic complexity of 7, exceeding the max of 6."
PacktPublishing_Deep-Reinforcement-Learning-Hands-On.Chapter18.lib,mcts,MCTS,Complex method,search_minibatch,91 - 136,/Volumes/BrokeExt/NICHE/PacktPublishing_Deep-Reinforcement-Learning-Hands-On/Chapter18/lib/mcts.py,"Method 'search_minibatch' has a cyclomatic complexity of 8, exceeding the max of 6."
PacktPublishing_Deep-Reinforcement-Learning-Hands-On.Chapter18.lib,mcts,MCTS,Long method,search_minibatch,91 - 136,/Volumes/BrokeExt/NICHE/PacktPublishing_Deep-Reinforcement-Learning-Hands-On/Chapter18/lib/mcts.py,Method 'search_minibatch' is too long (41 lines).
PacktPublishing_Deep-Reinforcement-Learning-Hands-On.Chapter18.lib,mcts,MCTS,Long parameter list,search_batch,87 - 89,/Volumes/BrokeExt/NICHE/PacktPublishing_Deep-Reinforcement-Learning-Hands-On/Chapter18/lib/mcts.py,"search_batch has 6 parameters, exceeding the max of 5."
PacktPublishing_Deep-Reinforcement-Learning-Hands-On.Chapter18.lib,mcts,MCTS,Long statement,find_leaf,37,/Volumes/BrokeExt/NICHE/PacktPublishing_Deep-Reinforcement-Learning-Hands-On/Chapter18/lib/mcts.py,A line with 501 chars in find_leaf exceeds the maximum length of 120 characters.
PacktPublishing_Deep-Reinforcement-Learning-Hands-On.Chapter18.lib,mcts,MCTS,Long statement,find_leaf,66,/Volumes/BrokeExt/NICHE/PacktPublishing_Deep-Reinforcement-Learning-Hands-On/Chapter18/lib/mcts.py,A line with 130 chars in find_leaf exceeds the maximum length of 120 characters.
PacktPublishing_Deep-Reinforcement-Learning-Hands-On.Chapter18.lib,mcts,MCTS,Long statement,get_policy_value,139,/Volumes/BrokeExt/NICHE/PacktPublishing_Deep-Reinforcement-Learning-Hands-On/Chapter18/lib/mcts.py,A line with 147 chars in get_policy_value exceeds the maximum length of 120 characters.
PacktPublishing_Deep-Reinforcement-Learning-Hands-On.Chapter18.lib,mcts,MCTS,Magic number,find_leaf,65,/Volumes/BrokeExt/NICHE/PacktPublishing_Deep-Reinforcement-Learning-Hands-On/Chapter18/lib/mcts.py,Magic number 0.75 used in find_leaf.
PacktPublishing_Deep-Reinforcement-Learning-Hands-On.Chapter18.lib,mcts,MCTS,Magic number,find_leaf,65,/Volumes/BrokeExt/NICHE/PacktPublishing_Deep-Reinforcement-Learning-Hands-On/Chapter18/lib/mcts.py,Magic number 0.25 used in find_leaf.
PacktPublishing_Deep-Reinforcement-Learning-Hands-On.Chapter18.lib,model,,Complex method,play_game,159 - 223,/Volumes/BrokeExt/NICHE/PacktPublishing_Deep-Reinforcement-Learning-Hands-On/Chapter18/lib/model.py,"Method 'play_game' has a cyclomatic complexity of 14, exceeding the max of 6."
PacktPublishing_Deep-Reinforcement-Learning-Hands-On.Chapter18.lib,model,,Long method,play_game,159 - 223,/Volumes/BrokeExt/NICHE/PacktPublishing_Deep-Reinforcement-Learning-Hands-On/Chapter18/lib/model.py,Method 'play_game' is too long (52 lines).
PacktPublishing_Deep-Reinforcement-Learning-Hands-On.Chapter18.lib,model,Net,Long method,__init__,15 - 75,/Volumes/BrokeExt/NICHE/PacktPublishing_Deep-Reinforcement-Learning-Hands-On/Chapter18/lib/model.py,Method '__init__' is too long (54 lines).
PacktPublishing_Deep-Reinforcement-Learning-Hands-On.Chapter18.lib,model,,Long parameter list,play_game,159 - 223,/Volumes/BrokeExt/NICHE/PacktPublishing_Deep-Reinforcement-Learning-Hands-On/Chapter18/lib/model.py,"play_game has 9 parameters, exceeding the max of 5."
PacktPublishing_Deep-Reinforcement-Learning-Hands-On.Chapter18.lib,model,,Long statement,_encode_list_state,102,/Volumes/BrokeExt/NICHE/PacktPublishing_Deep-Reinforcement-Learning-Hands-On/Chapter18/lib/model.py,A line with 267 chars in _encode_list_state exceeds the maximum length of 120 characters.
PacktPublishing_Deep-Reinforcement-Learning-Hands-On.Chapter18.lib,model,,Long statement,state_lists_to_batch,120,/Volumes/BrokeExt/NICHE/PacktPublishing_Deep-Reinforcement-Learning-Hands-On/Chapter18/lib/model.py,A line with 209 chars in state_lists_to_batch exceeds the maximum length of 120 characters.
PacktPublishing_Deep-Reinforcement-Learning-Hands-On.Chapter18.lib,model,,Long statement,play_game,161,/Volumes/BrokeExt/NICHE/PacktPublishing_Deep-Reinforcement-Learning-Hands-On/Chapter18/lib/model.py,A line with 402 chars in play_game exceeds the maximum length of 120 characters.
PacktPublishing_Deep-Reinforcement-Learning-Hands-On.Chapter18.lib,model,Net,Long statement,__init__,18,/Volumes/BrokeExt/NICHE/PacktPublishing_Deep-Reinforcement-Learning-Hands-On/Chapter18/lib/model.py,A line with 139 chars in __init__ exceeds the maximum length of 120 characters.
PacktPublishing_Deep-Reinforcement-Learning-Hands-On.Chapter18.lib,model,Net,Long statement,__init__,25,/Volumes/BrokeExt/NICHE/PacktPublishing_Deep-Reinforcement-Learning-Hands-On/Chapter18/lib/model.py,A line with 135 chars in __init__ exceeds the maximum length of 120 characters.
PacktPublishing_Deep-Reinforcement-Learning-Hands-On.Chapter18.lib,model,Net,Long statement,__init__,30,/Volumes/BrokeExt/NICHE/PacktPublishing_Deep-Reinforcement-Learning-Hands-On/Chapter18/lib/model.py,A line with 135 chars in __init__ exceeds the maximum length of 120 characters.
PacktPublishing_Deep-Reinforcement-Learning-Hands-On.Chapter18.lib,model,Net,Long statement,__init__,35,/Volumes/BrokeExt/NICHE/PacktPublishing_Deep-Reinforcement-Learning-Hands-On/Chapter18/lib/model.py,A line with 135 chars in __init__ exceeds the maximum length of 120 characters.
PacktPublishing_Deep-Reinforcement-Learning-Hands-On.Chapter18.lib,model,Net,Long statement,__init__,40,/Volumes/BrokeExt/NICHE/PacktPublishing_Deep-Reinforcement-Learning-Hands-On/Chapter18/lib/model.py,A line with 135 chars in __init__ exceeds the maximum length of 120 characters.
PacktPublishing_Deep-Reinforcement-Learning-Hands-On.Chapter18.lib,model,Net,Long statement,__init__,45,/Volumes/BrokeExt/NICHE/PacktPublishing_Deep-Reinforcement-Learning-Hands-On/Chapter18/lib/model.py,A line with 135 chars in __init__ exceeds the maximum length of 120 characters.
PacktPublishing_Deep-Reinforcement-Learning-Hands-On.Chapter18.tests,test_model,TestEncoding,Long method,test_encoding,8 - 52,/Volumes/BrokeExt/NICHE/PacktPublishing_Deep-Reinforcement-Learning-Hands-On/Chapter18/tests/test_model.py,Method 'test_encoding' is too long (48 lines).
PacktPublishing_Deep-Reinforcement-Learning-Hands-On.Chapter18.tests,test_model,TestEncoding,Long statement,test_encoding,12,/Volumes/BrokeExt/NICHE/PacktPublishing_Deep-Reinforcement-Learning-Hands-On/Chapter18/tests/test_model.py,A line with 596 chars in test_encoding exceeds the maximum length of 120 characters.
