Package,Module,Class,Smell,Function/Method,Line no,File,Details
hrpan_tetris_mcts,play,ScoreTracker,Long statement,printStats,26,/Volumes/BrokeExt/NICHE/hrpan_tetris_mcts/play.py,A line with 332 chars in printStats exceeds the maximum length of 120 characters.
hrpan_tetris_mcts,play,,Long statement,,63,/Volumes/BrokeExt/NICHE/hrpan_tetris_mcts/play.py,A line with 131 chars in play exceeds the maximum length of 120 characters.
hrpan_tetris_mcts,play,,Long statement,,68,/Volumes/BrokeExt/NICHE/hrpan_tetris_mcts/play.py,A line with 124 chars in play exceeds the maximum length of 120 characters.
hrpan_tetris_mcts,play,,Long statement,,69,/Volumes/BrokeExt/NICHE/hrpan_tetris_mcts/play.py,A line with 138 chars in play exceeds the maximum length of 120 characters.
hrpan_tetris_mcts,play,,Long statement,,83,/Volumes/BrokeExt/NICHE/hrpan_tetris_mcts/play.py,A line with 141 chars in play exceeds the maximum length of 120 characters.
hrpan_tetris_mcts,train,,Long statement,,23,/Volumes/BrokeExt/NICHE/hrpan_tetris_mcts/train.py,A line with 127 chars in train exceeds the maximum length of 120 characters.
hrpan_tetris_mcts,train,,Long statement,,24,/Volumes/BrokeExt/NICHE/hrpan_tetris_mcts/train.py,A line with 123 chars in train exceeds the maximum length of 120 characters.
hrpan_tetris_mcts,train,,Long statement,,25,/Volumes/BrokeExt/NICHE/hrpan_tetris_mcts/train.py,A line with 128 chars in train exceeds the maximum length of 120 characters.
hrpan_tetris_mcts,train,,Long statement,,26,/Volumes/BrokeExt/NICHE/hrpan_tetris_mcts/train.py,A line with 128 chars in train exceeds the maximum length of 120 characters.
hrpan_tetris_mcts,train,,Long statement,,27,/Volumes/BrokeExt/NICHE/hrpan_tetris_mcts/train.py,A line with 123 chars in train exceeds the maximum length of 120 characters.
hrpan_tetris_mcts,train,,Long statement,,31,/Volumes/BrokeExt/NICHE/hrpan_tetris_mcts/train.py,A line with 126 chars in train exceeds the maximum length of 120 characters.
hrpan_tetris_mcts,train,,Long statement,,32,/Volumes/BrokeExt/NICHE/hrpan_tetris_mcts/train.py,A line with 139 chars in train exceeds the maximum length of 120 characters.
hrpan_tetris_mcts,train,,Long statement,,277,/Volumes/BrokeExt/NICHE/hrpan_tetris_mcts/train.py,A line with 158 chars in train exceeds the maximum length of 120 characters.
hrpan_tetris_mcts,train,,Long statement,,280,/Volumes/BrokeExt/NICHE/hrpan_tetris_mcts/train.py,A line with 203 chars in train exceeds the maximum length of 120 characters.
hrpan_tetris_mcts,train,,Long statement,,306,/Volumes/BrokeExt/NICHE/hrpan_tetris_mcts/train.py,A line with 133 chars in train exceeds the maximum length of 120 characters.
hrpan_tetris_mcts,train,,Long statement,,310,/Volumes/BrokeExt/NICHE/hrpan_tetris_mcts/train.py,A line with 203 chars in train exceeds the maximum length of 120 characters.
hrpan_tetris_mcts,train,,Magic number,loss_by_chunk,217,/Volumes/BrokeExt/NICHE/hrpan_tetris_mcts/train.py,Magic number 1000 used in loss_by_chunk.
hrpan_tetris_mcts,train,,Magic number,loss_by_chunk,218,/Volumes/BrokeExt/NICHE/hrpan_tetris_mcts/train.py,Magic number 5 used in loss_by_chunk.
hrpan_tetris_mcts.agents,ApproxPolicyIter,ApproxPolicyIter,Complex method,store_nodes,152 - 189,/Volumes/BrokeExt/NICHE/hrpan_tetris_mcts/agents/ApproxPolicyIter.py,"Method 'store_nodes' has a cyclomatic complexity of 7, exceeding the max of 6."
hrpan_tetris_mcts.agents,ApproxPolicyIter,ApproxPolicyIter,Complex method,train_nodes,191 - 249,/Volumes/BrokeExt/NICHE/hrpan_tetris_mcts/agents/ApproxPolicyIter.py,"Method 'train_nodes' has a cyclomatic complexity of 8, exceeding the max of 6."
hrpan_tetris_mcts.agents,ApproxPolicyIter,ApproxPolicyIter,Long method,train_nodes,191 - 249,/Volumes/BrokeExt/NICHE/hrpan_tetris_mcts/agents/ApproxPolicyIter.py,Method 'train_nodes' is too long (48 lines).
hrpan_tetris_mcts.agents,ApproxPolicyIter,ApproxPolicyIter,Long parameter list,train_nodes,191 - 249,/Volumes/BrokeExt/NICHE/hrpan_tetris_mcts/agents/ApproxPolicyIter.py,"train_nodes has 8 parameters, exceeding the max of 5."
hrpan_tetris_mcts.agents,ApproxPolicyIter,ApproxPolicyIter,Long statement,__init__,33,/Volumes/BrokeExt/NICHE/hrpan_tetris_mcts/agents/ApproxPolicyIter.py,A line with 214 chars in __init__ exceeds the maximum length of 120 characters.
hrpan_tetris_mcts.agents,ApproxPolicyIter,ApproxPolicyIter,Long statement,mcts,112,/Volumes/BrokeExt/NICHE/hrpan_tetris_mcts/agents/ApproxPolicyIter.py,A line with 188 chars in mcts exceeds the maximum length of 120 characters.
hrpan_tetris_mcts.agents,ApproxPolicyIter,ApproxPolicyIter,Long statement,mcts,122,/Volumes/BrokeExt/NICHE/hrpan_tetris_mcts/agents/ApproxPolicyIter.py,A line with 154 chars in mcts exceeds the maximum length of 120 characters.
hrpan_tetris_mcts.agents,ApproxPolicyIter,ApproxPolicyIter,Long statement,train_nodes,207,/Volumes/BrokeExt/NICHE/hrpan_tetris_mcts/agents/ApproxPolicyIter.py,A line with 121 chars in train_nodes exceeds the maximum length of 120 characters.
hrpan_tetris_mcts.agents,ApproxPolicyIter,ApproxPolicyIter,Long statement,train_nodes,213,/Volumes/BrokeExt/NICHE/hrpan_tetris_mcts/agents/ApproxPolicyIter.py,A line with 157 chars in train_nodes exceeds the maximum length of 120 characters.
hrpan_tetris_mcts.agents,ApproxPolicyIter,ApproxPolicyIter,Long statement,train_nodes,241,/Volumes/BrokeExt/NICHE/hrpan_tetris_mcts/agents/ApproxPolicyIter.py,A line with 128 chars in train_nodes exceeds the maximum length of 120 characters.
hrpan_tetris_mcts.agents,ApproxPolicyIter,ApproxPolicyIter,Magic number,__init__,15,/Volumes/BrokeExt/NICHE/hrpan_tetris_mcts/agents/ApproxPolicyIter.py,Magic number 250000 used in __init__.
hrpan_tetris_mcts.agents,ApproxPolicyIter,ApproxPolicyIter,Magic number,__init__,15,/Volumes/BrokeExt/NICHE/hrpan_tetris_mcts/agents/ApproxPolicyIter.py,Magic number 10 used in __init__.
hrpan_tetris_mcts.agents,ApproxPolicyIter,ApproxPolicyIter,Magic number,train_nodes,191,/Volumes/BrokeExt/NICHE/hrpan_tetris_mcts/agents/ApproxPolicyIter.py,Magic number 128 used in train_nodes.
hrpan_tetris_mcts.agents,ApproxPolicyIter,ApproxPolicyIter,Magic number,train_nodes,191,/Volumes/BrokeExt/NICHE/hrpan_tetris_mcts/agents/ApproxPolicyIter.py,Magic number 500 used in train_nodes.
hrpan_tetris_mcts.agents,ApproxPolicyIter,ApproxPolicyIter,Magic number,train_nodes,191,/Volumes/BrokeExt/NICHE/hrpan_tetris_mcts/agents/ApproxPolicyIter.py,Magic number 0.1 used in train_nodes.
hrpan_tetris_mcts.agents,ApproxPolicyIter,ApproxPolicyIter,Magic number,train_nodes,191,/Volumes/BrokeExt/NICHE/hrpan_tetris_mcts/agents/ApproxPolicyIter.py,Magic number 10 used in train_nodes.
hrpan_tetris_mcts.agents,ApproxPolicyIter,ApproxPolicyIter,Magic number,train_nodes,191,/Volumes/BrokeExt/NICHE/hrpan_tetris_mcts/agents/ApproxPolicyIter.py,Magic number 5000 used in train_nodes.
hrpan_tetris_mcts.agents,ApproxPolicyIter,ApproxPolicyIter,Magic number,train_nodes,191,/Volumes/BrokeExt/NICHE/hrpan_tetris_mcts/agents/ApproxPolicyIter.py,Magic number 100000 used in train_nodes.
hrpan_tetris_mcts.agents,ApproxPolicyIter,ApproxPolicyIter,Magic number,train_nodes,233,/Volumes/BrokeExt/NICHE/hrpan_tetris_mcts/agents/ApproxPolicyIter.py,Magic number 0.5 used in train_nodes.
hrpan_tetris_mcts.agents,DQN,DQN,Complex method,train_step,139 - 205,/Volumes/BrokeExt/NICHE/hrpan_tetris_mcts/agents/DQN.py,"Method 'train_step' has a cyclomatic complexity of 9, exceeding the max of 6."
hrpan_tetris_mcts.agents,DQN,DQN,Long method,train_step,139 - 205,/Volumes/BrokeExt/NICHE/hrpan_tetris_mcts/agents/DQN.py,Method 'train_step' is too long (59 lines).
hrpan_tetris_mcts.agents,DQN,DQN,Long parameter list,__init__,56 - 115,/Volumes/BrokeExt/NICHE/hrpan_tetris_mcts/agents/DQN.py,"__init__ has 12 parameters, exceeding the max of 5."
hrpan_tetris_mcts.agents,DQN,DQN,Long statement,__init__,86,/Volumes/BrokeExt/NICHE/hrpan_tetris_mcts/agents/DQN.py,A line with 247 chars in __init__ exceeds the maximum length of 120 characters.
hrpan_tetris_mcts.agents,DQN,DQN,Long statement,save_model,248,/Volumes/BrokeExt/NICHE/hrpan_tetris_mcts/agents/DQN.py,A line with 138 chars in save_model exceeds the maximum length of 120 characters.
hrpan_tetris_mcts.agents,DQN,,Magic number,prob_to_exp,49,/Volumes/BrokeExt/NICHE/hrpan_tetris_mcts/agents/DQN.py,Magic number 0.5 used in prob_to_exp.
hrpan_tetris_mcts.agents,DQN,DistModel,Magic number,__init__,29,/Volumes/BrokeExt/NICHE/hrpan_tetris_mcts/agents/DQN.py,Magic number 50 used in __init__.
hrpan_tetris_mcts.agents,DQN,DQN,Magic number,__init__,57,/Volumes/BrokeExt/NICHE/hrpan_tetris_mcts/agents/DQN.py,Magic number 2 used in __init__.
hrpan_tetris_mcts.agents,DQN,DQN,Magic number,__init__,58,/Volumes/BrokeExt/NICHE/hrpan_tetris_mcts/agents/DQN.py,Magic number 1000000 used in __init__.
hrpan_tetris_mcts.agents,DQN,DQN,Magic number,__init__,59,/Volumes/BrokeExt/NICHE/hrpan_tetris_mcts/agents/DQN.py,Magic number 0.99 used in __init__.
hrpan_tetris_mcts.agents,DQN,DQN,Magic number,__init__,61,/Volumes/BrokeExt/NICHE/hrpan_tetris_mcts/agents/DQN.py,Magic number 0.01 used in __init__.
hrpan_tetris_mcts.agents,DQN,DQN,Magic number,__init__,62,/Volumes/BrokeExt/NICHE/hrpan_tetris_mcts/agents/DQN.py,Magic number 32 used in __init__.
hrpan_tetris_mcts.agents,DQN,DQN,Magic number,__init__,64,/Volumes/BrokeExt/NICHE/hrpan_tetris_mcts/agents/DQN.py,Magic number 100 used in __init__.
hrpan_tetris_mcts.agents,DQN,DQN,Magic number,__init__,66,/Volumes/BrokeExt/NICHE/hrpan_tetris_mcts/agents/DQN.py,Magic number 50 used in __init__.
hrpan_tetris_mcts.agents,DQN,DQN,Magic number,__init__,67,/Volumes/BrokeExt/NICHE/hrpan_tetris_mcts/agents/DQN.py,Magic number 2500 used in __init__.
hrpan_tetris_mcts.agents,DQN,DQN,Magic number,update_root,239,/Volumes/BrokeExt/NICHE/hrpan_tetris_mcts/agents/DQN.py,Magic number 1000 used in update_root.
hrpan_tetris_mcts.agents,DistValueSimOnline,DistValueSim,Magic number,__init__,13,/Volumes/BrokeExt/NICHE/hrpan_tetris_mcts/agents/DistValueSimOnline.py,Magic number 50 used in __init__.
hrpan_tetris_mcts.agents,DistValueSimOnline,DistValueSim,Magic number,__init__,13,/Volumes/BrokeExt/NICHE/hrpan_tetris_mcts/agents/DistValueSimOnline.py,Magic number 5000 used in __init__.
hrpan_tetris_mcts.agents,DistValueSimOnline,DistValueSim,Magic number,compute_stats,91,/Volumes/BrokeExt/NICHE/hrpan_tetris_mcts/agents/DistValueSimOnline.py,Magic number 2 used in compute_stats.
hrpan_tetris_mcts.agents,DistValueSimOnline,DistValueSim,Magic number,compute_stats,100,/Volumes/BrokeExt/NICHE/hrpan_tetris_mcts/agents/DistValueSimOnline.py,Magic number 3 used in compute_stats.
hrpan_tetris_mcts.agents,DistValueSimOnline,DistValueSim,Magic number,compute_stats,99,/Volumes/BrokeExt/NICHE/hrpan_tetris_mcts/agents/DistValueSimOnline.py,Magic number 3 used in compute_stats.
hrpan_tetris_mcts.agents,DistValueSimOnline,DistValueSim,Magic number,compute_stats,100,/Volumes/BrokeExt/NICHE/hrpan_tetris_mcts/agents/DistValueSimOnline.py,Magic number 4 used in compute_stats.
hrpan_tetris_mcts.agents,DistValueSimOnline,DistValueSim,Magic number,compute_stats,98,/Volumes/BrokeExt/NICHE/hrpan_tetris_mcts/agents/DistValueSimOnline.py,Magic number 2 used in compute_stats.
hrpan_tetris_mcts.agents,FiniteSim,FiniteSim,Magic number,__init__,9,/Volumes/BrokeExt/NICHE/hrpan_tetris_mcts/agents/FiniteSim.py,Magic number 50 used in __init__.
hrpan_tetris_mcts.agents,FiniteSim,FiniteSim,Magic number,mcts,48,/Volumes/BrokeExt/NICHE/hrpan_tetris_mcts/agents/FiniteSim.py,Magic number 2 used in mcts.
hrpan_tetris_mcts.agents,FullSim,FullSim,Magic number,mcts,43,/Volumes/BrokeExt/NICHE/hrpan_tetris_mcts/agents/FullSim.py,Magic number 2 used in mcts.
hrpan_tetris_mcts.agents,HybridSim,HybridSim,Complex method,mcts,15 - 68,/Volumes/BrokeExt/NICHE/hrpan_tetris_mcts/agents/HybridSim.py,"Method 'mcts' has a cyclomatic complexity of 7, exceeding the max of 6."
hrpan_tetris_mcts.agents,HybridSim,HybridSim,Long method,mcts,15 - 68,/Volumes/BrokeExt/NICHE/hrpan_tetris_mcts/agents/HybridSim.py,Method 'mcts' is too long (46 lines).
hrpan_tetris_mcts.agents,HybridSim,HybridSim,Long statement,mcts,56,/Volumes/BrokeExt/NICHE/hrpan_tetris_mcts/agents/HybridSim.py,A line with 145 chars in mcts exceeds the maximum length of 120 characters.
hrpan_tetris_mcts.agents,HybridSim,HybridSim,Magic number,__init__,9,/Volumes/BrokeExt/NICHE/hrpan_tetris_mcts/agents/HybridSim.py,Magic number 30 used in __init__.
hrpan_tetris_mcts.agents,HybridSim,HybridSim,Magic number,mcts,49,/Volumes/BrokeExt/NICHE/hrpan_tetris_mcts/agents/HybridSim.py,Magic number 0.9 used in mcts.
hrpan_tetris_mcts.agents,HybridSim,HybridSim,Magic number,mcts,65,/Volumes/BrokeExt/NICHE/hrpan_tetris_mcts/agents/HybridSim.py,Magic number 2 used in mcts.
hrpan_tetris_mcts.agents,HybridSim,HybridSim,Magic number,mcts,54,/Volumes/BrokeExt/NICHE/hrpan_tetris_mcts/agents/HybridSim.py,Magic number 0.9 used in mcts.
hrpan_tetris_mcts.agents,HybridSim,HybridSim,Magic number,mcts,54,/Volumes/BrokeExt/NICHE/hrpan_tetris_mcts/agents/HybridSim.py,Magic number 0.1 used in mcts.
hrpan_tetris_mcts.agents,HybridSim,HybridSim,Magic number,mcts,41,/Volumes/BrokeExt/NICHE/hrpan_tetris_mcts/agents/HybridSim.py,Magic number 0.9 used in mcts.
hrpan_tetris_mcts.agents,HybridSim,HybridSim,Magic number,mcts,41,/Volumes/BrokeExt/NICHE/hrpan_tetris_mcts/agents/HybridSim.py,Magic number 0.1 used in mcts.
hrpan_tetris_mcts.agents,ValueSim,ValueSim,Complex method,store_nodes,122 - 159,/Volumes/BrokeExt/NICHE/hrpan_tetris_mcts/agents/ValueSim.py,"Method 'store_nodes' has a cyclomatic complexity of 7, exceeding the max of 6."
hrpan_tetris_mcts.agents,ValueSim,ValueSim,Long statement,__init__,25,/Volumes/BrokeExt/NICHE/hrpan_tetris_mcts/agents/ValueSim.py,A line with 217 chars in __init__ exceeds the maximum length of 120 characters.
hrpan_tetris_mcts.agents,ValueSim,ValueSim,Long statement,train_nodes,177,/Volumes/BrokeExt/NICHE/hrpan_tetris_mcts/agents/ValueSim.py,A line with 125 chars in train_nodes exceeds the maximum length of 120 characters.
hrpan_tetris_mcts.agents,ValueSim,ValueSim,Magic number,__init__,14,/Volumes/BrokeExt/NICHE/hrpan_tetris_mcts/agents/ValueSim.py,Magic number 500000 used in __init__.
hrpan_tetris_mcts.agents,ValueSim,ValueSim,Magic number,__init__,14,/Volumes/BrokeExt/NICHE/hrpan_tetris_mcts/agents/ValueSim.py,Magic number 10 used in __init__.
hrpan_tetris_mcts.agents,ValueSim,ValueSim,Magic number,__init__,14,/Volumes/BrokeExt/NICHE/hrpan_tetris_mcts/agents/ValueSim.py,Magic number 0.999 used in __init__.
hrpan_tetris_mcts.agents,ValueSim,ValueSim,Magic number,__init__,14,/Volumes/BrokeExt/NICHE/hrpan_tetris_mcts/agents/ValueSim.py,Magic number 5000 used in __init__.
hrpan_tetris_mcts.agents,ValueSim,ValueSim,Magic number,mcts,92,/Volumes/BrokeExt/NICHE/hrpan_tetris_mcts/agents/ValueSim.py,Magic number 3 used in mcts.
hrpan_tetris_mcts.agents,ValueSim,ValueSim,Magic number,mcts,93,/Volumes/BrokeExt/NICHE/hrpan_tetris_mcts/agents/ValueSim.py,Magic number 2 used in mcts.
hrpan_tetris_mcts.agents,ValueSim2,ValueSim2,Magic number,__init__,14,/Volumes/BrokeExt/NICHE/hrpan_tetris_mcts/agents/ValueSim2.py,Magic number 50000 used in __init__.
hrpan_tetris_mcts.agents,ValueSim2,ValueSim2,Magic number,mcts,32,/Volumes/BrokeExt/NICHE/hrpan_tetris_mcts/agents/ValueSim2.py,Magic number 2 used in mcts.
hrpan_tetris_mcts.agents,ValueSim2,ValueSim2,Magic number,expand_nodes,51,/Volumes/BrokeExt/NICHE/hrpan_tetris_mcts/agents/ValueSim2.py,Magic number 100000 used in expand_nodes.
hrpan_tetris_mcts.agents,ValueSimBayes,ValueSimBayes,Long parameter list,__init__,10 - 16,/Volumes/BrokeExt/NICHE/hrpan_tetris_mcts/agents/ValueSimBayes.py,"__init__ has 8 parameters, exceeding the max of 5."
hrpan_tetris_mcts.agents,ValueSimBayes,ValueSimBayes,Magic number,__init__,10,/Volumes/BrokeExt/NICHE/hrpan_tetris_mcts/agents/ValueSimBayes.py,Magic number 2 used in __init__.
hrpan_tetris_mcts.agents,ValueSimBayes,ValueSimBayes,Magic number,__init__,10,/Volumes/BrokeExt/NICHE/hrpan_tetris_mcts/agents/ValueSimBayes.py,Magic number 7 used in __init__.
hrpan_tetris_mcts.agents,ValueSimBayes,ValueSimBayes,Magic number,mcts,43,/Volumes/BrokeExt/NICHE/hrpan_tetris_mcts/agents/ValueSimBayes.py,Magic number 2 used in mcts.
hrpan_tetris_mcts.agents,ValueSimBayes,ValueSimBayes,Magic number,compute_stats,59,/Volumes/BrokeExt/NICHE/hrpan_tetris_mcts/agents/ValueSimBayes.py,Magic number 2 used in compute_stats.
hrpan_tetris_mcts.agents,ValueSimBayes,ValueSimBayes,Magic number,compute_stats,61,/Volumes/BrokeExt/NICHE/hrpan_tetris_mcts/agents/ValueSimBayes.py,Magic number 2 used in compute_stats.
hrpan_tetris_mcts.agents,ValueSimBayes,ValueSimBayes,Magic number,compute_stats,70,/Volumes/BrokeExt/NICHE/hrpan_tetris_mcts/agents/ValueSimBayes.py,Magic number 4 used in compute_stats.
hrpan_tetris_mcts.agents,ValueSimBayes,ValueSimBayes,Magic number,compute_stats,68,/Volumes/BrokeExt/NICHE/hrpan_tetris_mcts/agents/ValueSimBayes.py,Magic number 3 used in compute_stats.
hrpan_tetris_mcts.agents,ValueSimBayes,ValueSimBayes,Magic number,compute_stats,69,/Volumes/BrokeExt/NICHE/hrpan_tetris_mcts/agents/ValueSimBayes.py,Magic number 4 used in compute_stats.
hrpan_tetris_mcts.agents,ValueSimBayes,ValueSimBayes,Magic number,compute_stats,69,/Volumes/BrokeExt/NICHE/hrpan_tetris_mcts/agents/ValueSimBayes.py,Magic number 3 used in compute_stats.
hrpan_tetris_mcts.agents,ValueSimBayes,ValueSimBayes,Magic number,compute_stats,70,/Volumes/BrokeExt/NICHE/hrpan_tetris_mcts/agents/ValueSimBayes.py,Magic number 5 used in compute_stats.
hrpan_tetris_mcts.agents,ValueSimBayes,ValueSimBayes,Magic number,compute_stats,67,/Volumes/BrokeExt/NICHE/hrpan_tetris_mcts/agents/ValueSimBayes.py,Magic number 2 used in compute_stats.
hrpan_tetris_mcts.agents,ValueSimBayes,ValueSimBayes,Magic number,compute_stats,68,/Volumes/BrokeExt/NICHE/hrpan_tetris_mcts/agents/ValueSimBayes.py,Magic number 2 used in compute_stats.
hrpan_tetris_mcts.agents,ValueSimBayes,ValueSimBayes,Magic number,get_value,81,/Volumes/BrokeExt/NICHE/hrpan_tetris_mcts/agents/ValueSimBayes.py,Magic number 3 used in get_value.
hrpan_tetris_mcts.agents,ValueSimC,ValueSimC,Long Lambda Function,__init__,41,/Volumes/BrokeExt/NICHE/hrpan_tetris_mcts/agents/ValueSimC.py,A Lambda with 85 chars in __init__ exceeds the maximum length of 80 characters.
hrpan_tetris_mcts.agents,ValueSimC,,Long parameter list,training,6 - 13,/Volumes/BrokeExt/NICHE/hrpan_tetris_mcts/agents/ValueSimC.py,"training has 6 parameters, exceeding the max of 5."
hrpan_tetris_mcts.agents,ValueSimC,ValueSimC,Long parameter list,__init__,17 - 42,/Volumes/BrokeExt/NICHE/hrpan_tetris_mcts/agents/ValueSimC.py,"__init__ has 12 parameters, exceeding the max of 5."
hrpan_tetris_mcts.agents,ValueSimC,,Long statement,training,8,/Volumes/BrokeExt/NICHE/hrpan_tetris_mcts/agents/ValueSimC.py,A line with 121 chars in training exceeds the maximum length of 120 characters.
hrpan_tetris_mcts.agents,ValueSimC,,Long statement,training,9,/Volumes/BrokeExt/NICHE/hrpan_tetris_mcts/agents/ValueSimC.py,A line with 182 chars in training exceeds the maximum length of 120 characters.
hrpan_tetris_mcts.agents,ValueSimC,ValueSimC,Long statement,__init__,27,/Volumes/BrokeExt/NICHE/hrpan_tetris_mcts/agents/ValueSimC.py,A line with 436 chars in __init__ exceeds the maximum length of 120 characters.
hrpan_tetris_mcts.agents,ValueSimC,ValueSimC,Magic number,__init__,18,/Volumes/BrokeExt/NICHE/hrpan_tetris_mcts/agents/ValueSimC.py,Magic number 100 used in __init__.
hrpan_tetris_mcts.agents,ValueSimC,ValueSimC,Magic number,__init__,18,/Volumes/BrokeExt/NICHE/hrpan_tetris_mcts/agents/ValueSimC.py,Magic number 100000 used in __init__.
hrpan_tetris_mcts.agents,ValueSimC,ValueSimC,Magic number,__init__,18,/Volumes/BrokeExt/NICHE/hrpan_tetris_mcts/agents/ValueSimC.py,Magic number 10000000 used in __init__.
hrpan_tetris_mcts.agents,ValueSimC,ValueSimC,Magic number,__init__,18,/Volumes/BrokeExt/NICHE/hrpan_tetris_mcts/agents/ValueSimC.py,Magic number 25 used in __init__.
hrpan_tetris_mcts.agents,ValueSimC,ValueSimC,Magic number,__init__,19,/Volumes/BrokeExt/NICHE/hrpan_tetris_mcts/agents/ValueSimC.py,Magic number 5000 used in __init__.
hrpan_tetris_mcts.agents,ValueSimC,ValueSimC,Magic number,__init__,19,/Volumes/BrokeExt/NICHE/hrpan_tetris_mcts/agents/ValueSimC.py,Magic number 40 used in __init__.
hrpan_tetris_mcts.agents,ValueSimC,ValueSimC,Magic number,__init__,19,/Volumes/BrokeExt/NICHE/hrpan_tetris_mcts/agents/ValueSimC.py,Magic number 0.999 used in __init__.
hrpan_tetris_mcts.agents,ValueSimLP,ValueSimLP,Long method,mcts,13 - 70,/Volumes/BrokeExt/NICHE/hrpan_tetris_mcts/agents/ValueSimLP.py,Method 'mcts' is too long (55 lines).
hrpan_tetris_mcts.agents,ValueSimLP,ValueSimLP,Magic number,mcts,66,/Volumes/BrokeExt/NICHE/hrpan_tetris_mcts/agents/ValueSimLP.py,Magic number 7 used in mcts.
hrpan_tetris_mcts.agents,ValueSimLP,ValueSimLP,Magic number,mcts,67,/Volumes/BrokeExt/NICHE/hrpan_tetris_mcts/agents/ValueSimLP.py,Magic number 6 used in mcts.
hrpan_tetris_mcts.agents,ValueSimLP,ValueSimLP,Magic number,mcts,68,/Volumes/BrokeExt/NICHE/hrpan_tetris_mcts/agents/ValueSimLP.py,Magic number 5 used in mcts.
hrpan_tetris_mcts.agents,ValueSimLP,ValueSimLP,Magic number,mcts,69,/Volumes/BrokeExt/NICHE/hrpan_tetris_mcts/agents/ValueSimLP.py,Magic number 4 used in mcts.
hrpan_tetris_mcts.agents,ValueSimOnline,ValueSimOnline,Complex method,train_nodes,160 - 218,/Volumes/BrokeExt/NICHE/hrpan_tetris_mcts/agents/ValueSimOnline.py,"Method 'train_nodes' has a cyclomatic complexity of 7, exceeding the max of 6."
hrpan_tetris_mcts.agents,ValueSimOnline,ValueSimOnline,Long method,train_nodes,160 - 218,/Volumes/BrokeExt/NICHE/hrpan_tetris_mcts/agents/ValueSimOnline.py,Method 'train_nodes' is too long (49 lines).
hrpan_tetris_mcts.agents,ValueSimOnline,ValueSimOnline,Long parameter list,train_nodes,160 - 218,/Volumes/BrokeExt/NICHE/hrpan_tetris_mcts/agents/ValueSimOnline.py,"train_nodes has 7 parameters, exceeding the max of 5."
hrpan_tetris_mcts.agents,ValueSimOnline,ValueSimOnline,Long statement,__init__,21,/Volumes/BrokeExt/NICHE/hrpan_tetris_mcts/agents/ValueSimOnline.py,A line with 206 chars in __init__ exceeds the maximum length of 120 characters.
hrpan_tetris_mcts.agents,ValueSimOnline,ValueSimOnline,Long statement,train_nodes,180,/Volumes/BrokeExt/NICHE/hrpan_tetris_mcts/agents/ValueSimOnline.py,A line with 202 chars in train_nodes exceeds the maximum length of 120 characters.
hrpan_tetris_mcts.agents,ValueSimOnline,ValueSimOnline,Long statement,train_nodes,210,/Volumes/BrokeExt/NICHE/hrpan_tetris_mcts/agents/ValueSimOnline.py,A line with 128 chars in train_nodes exceeds the maximum length of 120 characters.
hrpan_tetris_mcts.agents,ValueSimOnline,ValueSimOnline,Magic number,__init__,13,/Volumes/BrokeExt/NICHE/hrpan_tetris_mcts/agents/ValueSimOnline.py,Magic number 250000 used in __init__.
hrpan_tetris_mcts.agents,ValueSimOnline,ValueSimOnline,Magic number,mcts,50,/Volumes/BrokeExt/NICHE/hrpan_tetris_mcts/agents/ValueSimOnline.py,Magic number 3 used in mcts.
hrpan_tetris_mcts.agents,ValueSimOnline,ValueSimOnline,Magic number,mcts,60,/Volumes/BrokeExt/NICHE/hrpan_tetris_mcts/agents/ValueSimOnline.py,Magic number 2 used in mcts.
hrpan_tetris_mcts.agents,ValueSimOnline,ValueSimOnline,Magic number,compute_stats,77,/Volumes/BrokeExt/NICHE/hrpan_tetris_mcts/agents/ValueSimOnline.py,Magic number 2 used in compute_stats.
hrpan_tetris_mcts.agents,ValueSimOnline,ValueSimOnline,Magic number,compute_stats,79,/Volumes/BrokeExt/NICHE/hrpan_tetris_mcts/agents/ValueSimOnline.py,Magic number 2 used in compute_stats.
hrpan_tetris_mcts.agents,ValueSimOnline,ValueSimOnline,Magic number,compute_stats,87,/Volumes/BrokeExt/NICHE/hrpan_tetris_mcts/agents/ValueSimOnline.py,Magic number 3 used in compute_stats.
hrpan_tetris_mcts.agents,ValueSimOnline,ValueSimOnline,Magic number,compute_stats,88,/Volumes/BrokeExt/NICHE/hrpan_tetris_mcts/agents/ValueSimOnline.py,Magic number 4 used in compute_stats.
hrpan_tetris_mcts.agents,ValueSimOnline,ValueSimOnline,Magic number,compute_stats,86,/Volumes/BrokeExt/NICHE/hrpan_tetris_mcts/agents/ValueSimOnline.py,Magic number 3 used in compute_stats.
hrpan_tetris_mcts.agents,ValueSimOnline,ValueSimOnline,Magic number,compute_stats,87,/Volumes/BrokeExt/NICHE/hrpan_tetris_mcts/agents/ValueSimOnline.py,Magic number 4 used in compute_stats.
hrpan_tetris_mcts.agents,ValueSimOnline,ValueSimOnline,Magic number,compute_stats,88,/Volumes/BrokeExt/NICHE/hrpan_tetris_mcts/agents/ValueSimOnline.py,Magic number 5 used in compute_stats.
hrpan_tetris_mcts.agents,ValueSimOnline,ValueSimOnline,Magic number,compute_stats,85,/Volumes/BrokeExt/NICHE/hrpan_tetris_mcts/agents/ValueSimOnline.py,Magic number 2 used in compute_stats.
hrpan_tetris_mcts.agents,ValueSimOnline,ValueSimOnline,Magic number,compute_stats,86,/Volumes/BrokeExt/NICHE/hrpan_tetris_mcts/agents/ValueSimOnline.py,Magic number 2 used in compute_stats.
hrpan_tetris_mcts.agents,ValueSimOnline,ValueSimOnline,Magic number,get_value,99,/Volumes/BrokeExt/NICHE/hrpan_tetris_mcts/agents/ValueSimOnline.py,Magic number 3 used in get_value.
hrpan_tetris_mcts.agents,ValueSimOnline,ValueSimOnline,Magic number,store_nodes,130,/Volumes/BrokeExt/NICHE/hrpan_tetris_mcts/agents/ValueSimOnline.py,Magic number 20 used in store_nodes.
hrpan_tetris_mcts.agents,ValueSimOnline,ValueSimOnline,Magic number,store_nodes,149,/Volumes/BrokeExt/NICHE/hrpan_tetris_mcts/agents/ValueSimOnline.py,Magic number 3 used in store_nodes.
hrpan_tetris_mcts.agents,ValueSimOnline,ValueSimOnline,Magic number,train_nodes,160,/Volumes/BrokeExt/NICHE/hrpan_tetris_mcts/agents/ValueSimOnline.py,Magic number 128 used in train_nodes.
hrpan_tetris_mcts.agents,ValueSimOnline,ValueSimOnline,Magic number,train_nodes,160,/Volumes/BrokeExt/NICHE/hrpan_tetris_mcts/agents/ValueSimOnline.py,Magic number 100 used in train_nodes.
hrpan_tetris_mcts.agents,ValueSimOnline,ValueSimOnline,Magic number,train_nodes,160,/Volumes/BrokeExt/NICHE/hrpan_tetris_mcts/agents/ValueSimOnline.py,Magic number 0.1 used in train_nodes.
hrpan_tetris_mcts.agents,ValueSimOnline,ValueSimOnline,Magic number,train_nodes,160,/Volumes/BrokeExt/NICHE/hrpan_tetris_mcts/agents/ValueSimOnline.py,Magic number 10 used in train_nodes.
hrpan_tetris_mcts.agents,ValueSimOnline,ValueSimOnline,Magic number,train_nodes,160,/Volumes/BrokeExt/NICHE/hrpan_tetris_mcts/agents/ValueSimOnline.py,Magic number 5000 used in train_nodes.
hrpan_tetris_mcts.agents,ValueSimOnline,ValueSimOnline,Magic number,train_nodes,160,/Volumes/BrokeExt/NICHE/hrpan_tetris_mcts/agents/ValueSimOnline.py,Magic number 100000 used in train_nodes.
hrpan_tetris_mcts.agents,ValueSimOnline,ValueSimOnline,Magic number,train_nodes,201,/Volumes/BrokeExt/NICHE/hrpan_tetris_mcts/agents/ValueSimOnline.py,Magic number 0.5 used in train_nodes.
hrpan_tetris_mcts.agents,Vanilla,Vanilla,Long method,mcts,17 - 64,/Volumes/BrokeExt/NICHE/hrpan_tetris_mcts/agents/Vanilla.py,Method 'mcts' is too long (45 lines).
hrpan_tetris_mcts.agents,Vanilla,Vanilla,Magic number,__init__,9,/Volumes/BrokeExt/NICHE/hrpan_tetris_mcts/agents/Vanilla.py,Magic number 0.99 used in __init__.
hrpan_tetris_mcts.agents,Vanilla,Vanilla,Magic number,mcts,27,/Volumes/BrokeExt/NICHE/hrpan_tetris_mcts/agents/Vanilla.py,Magic number 5 used in mcts.
hrpan_tetris_mcts.agents,Vanilla,Vanilla,Magic number,mcts,36,/Volumes/BrokeExt/NICHE/hrpan_tetris_mcts/agents/Vanilla.py,Magic number 5 used in mcts.
hrpan_tetris_mcts.agents,Vanilla,Vanilla,Magic number,mcts,55,/Volumes/BrokeExt/NICHE/hrpan_tetris_mcts/agents/Vanilla.py,Magic number 1000.0 used in mcts.
hrpan_tetris_mcts.agents,Vanilla,Vanilla,Magic number,mcts,62,/Volumes/BrokeExt/NICHE/hrpan_tetris_mcts/agents/Vanilla.py,Magic number 3 used in mcts.
hrpan_tetris_mcts.agents,Vanilla,Vanilla,Magic number,mcts,63,/Volumes/BrokeExt/NICHE/hrpan_tetris_mcts/agents/Vanilla.py,Magic number 2 used in mcts.
hrpan_tetris_mcts.agents,VanillaC,VanillaC,Long parameter list,__init__,12 - 13,/Volumes/BrokeExt/NICHE/hrpan_tetris_mcts/agents/VanillaC.py,"__init__ has 6 parameters, exceeding the max of 5."
hrpan_tetris_mcts.agents,VanillaC,,Magic number,random_playout,8,/Volumes/BrokeExt/NICHE/hrpan_tetris_mcts/agents/VanillaC.py,Magic number 100000.0 used in random_playout.
hrpan_tetris_mcts.agents,VanillaC,VanillaC,Magic number,__init__,12,/Volumes/BrokeExt/NICHE/hrpan_tetris_mcts/agents/VanillaC.py,Magic number 100 used in __init__.
hrpan_tetris_mcts.agents,VanillaC,VanillaC,Magic number,__init__,12,/Volumes/BrokeExt/NICHE/hrpan_tetris_mcts/agents/VanillaC.py,Magic number 500000 used in __init__.
hrpan_tetris_mcts.agents,VanillaC,VanillaC,Magic number,__init__,12,/Volumes/BrokeExt/NICHE/hrpan_tetris_mcts/agents/VanillaC.py,Magic number 0.99 used in __init__.
hrpan_tetris_mcts.agents,agent,TreeAgent,Long parameter list,__init__,36 - 56,/Volumes/BrokeExt/NICHE/hrpan_tetris_mcts/agents/agent.py,"__init__ has 7 parameters, exceeding the max of 5."
hrpan_tetris_mcts.agents,agent,TreeAgent,Long statement,save_nodes,279,/Volumes/BrokeExt/NICHE/hrpan_tetris_mcts/agents/agent.py,A line with 177 chars in save_nodes exceeds the maximum length of 120 characters.
hrpan_tetris_mcts.agents,agent,Agent,Magic number,__init__,12,/Volumes/BrokeExt/NICHE/hrpan_tetris_mcts/agents/agent.py,Magic number 7 used in __init__.
hrpan_tetris_mcts.agents,agent,TreeAgent,Magic number,__init__,36,/Volumes/BrokeExt/NICHE/hrpan_tetris_mcts/agents/agent.py,Magic number 100 used in __init__.
hrpan_tetris_mcts.agents,agent,TreeAgent,Magic number,__init__,36,/Volumes/BrokeExt/NICHE/hrpan_tetris_mcts/agents/agent.py,Magic number 500000 used in __init__.
hrpan_tetris_mcts.agents,agent,TreeAgent,Magic number,__init__,37,/Volumes/BrokeExt/NICHE/hrpan_tetris_mcts/agents/agent.py,Magic number 30 used in __init__.
hrpan_tetris_mcts.agents,agent,TreeAgent,Magic number,compute_stats,177,/Volumes/BrokeExt/NICHE/hrpan_tetris_mcts/agents/agent.py,Magic number 2 used in compute_stats.
hrpan_tetris_mcts.agents,agent_mcts,Agent,Long statement,mcts,124,/Volumes/BrokeExt/NICHE/hrpan_tetris_mcts/agents/agent_mcts.py,A line with 163 chars in mcts exceeds the maximum length of 120 characters.
hrpan_tetris_mcts.agents,agent_mcts,,Magic number,select,48,/Volumes/BrokeExt/NICHE/hrpan_tetris_mcts/agents/agent_mcts.py,Magic number 3 used in select.
hrpan_tetris_mcts.agents,agent_mcts,,Magic number,backup,56,/Volumes/BrokeExt/NICHE/hrpan_tetris_mcts/agents/agent_mcts.py,Magic number 3 used in backup.
hrpan_tetris_mcts.agents,agent_mcts,,Magic number,backup,58,/Volumes/BrokeExt/NICHE/hrpan_tetris_mcts/agents/agent_mcts.py,Magic number 4 used in backup.
hrpan_tetris_mcts.agents,agent_mcts,Agent,Magic number,mcts,113,/Volumes/BrokeExt/NICHE/hrpan_tetris_mcts/agents/agent_mcts.py,Magic number 2 used in mcts.
hrpan_tetris_mcts.agents,core,,Complex method,select_index_3,223 - 272,/Volumes/BrokeExt/NICHE/hrpan_tetris_mcts/agents/core.py,"Method 'select_index_3' has a cyclomatic complexity of 8, exceeding the max of 6."
hrpan_tetris_mcts.agents,core,,Complex method,select_index_bayes,290 - 351,/Volumes/BrokeExt/NICHE/hrpan_tetris_mcts/agents/core.py,"Method 'select_index_bayes' has a cyclomatic complexity of 9, exceeding the max of 6."
hrpan_tetris_mcts.agents,core,,Long method,select_index_3,223 - 272,/Volumes/BrokeExt/NICHE/hrpan_tetris_mcts/agents/core.py,Method 'select_index_3' is too long (47 lines).
hrpan_tetris_mcts.agents,core,,Long method,select_index_bayes,290 - 351,/Volumes/BrokeExt/NICHE/hrpan_tetris_mcts/agents/core.py,Method 'select_index_bayes' is too long (58 lines).
hrpan_tetris_mcts.agents,core,,Long method,select_index_clt,355 - 400,/Volumes/BrokeExt/NICHE/hrpan_tetris_mcts/agents/core.py,Method 'select_index_clt' is too long (43 lines).
hrpan_tetris_mcts.agents,core,,Long parameter list,backup_trace_welford_v2,426 - 443,/Volumes/BrokeExt/NICHE/hrpan_tetris_mcts/agents/core.py,"backup_trace_welford_v2 has 7 parameters, exceeding the max of 5."
hrpan_tetris_mcts.agents,core,,Long parameter list,select_trace,472 - 497,/Volumes/BrokeExt/NICHE/hrpan_tetris_mcts/agents/core.py,"select_trace has 8 parameters, exceeding the max of 5."
hrpan_tetris_mcts.agents,core,,Long parameter list,backup_trace_value_policy,535 - 545,/Volumes/BrokeExt/NICHE/hrpan_tetris_mcts/agents/core.py,"backup_trace_value_policy has 7 parameters, exceeding the max of 5."
hrpan_tetris_mcts.agents,core,,Long statement,backup_trace_welford,405,/Volumes/BrokeExt/NICHE/hrpan_tetris_mcts/agents/core.py,A line with 135 chars in backup_trace_welford exceeds the maximum length of 120 characters.
hrpan_tetris_mcts.agents,core,,Long statement,backup_trace_welford_v2,427,/Volumes/BrokeExt/NICHE/hrpan_tetris_mcts/agents/core.py,A line with 135 chars in backup_trace_welford_v2 exceeds the maximum length of 120 characters.
hrpan_tetris_mcts.agents,core,,Magic number,backup_trace,46,/Volumes/BrokeExt/NICHE/hrpan_tetris_mcts/agents/core.py,Magic number 3 used in backup_trace.
hrpan_tetris_mcts.agents,core,,Magic number,backup_trace,47,/Volumes/BrokeExt/NICHE/hrpan_tetris_mcts/agents/core.py,Magic number 4 used in backup_trace.
hrpan_tetris_mcts.agents,core,,Magic number,backup_trace,42,/Volumes/BrokeExt/NICHE/hrpan_tetris_mcts/agents/core.py,Magic number 2 used in backup_trace.
hrpan_tetris_mcts.agents,core,,Magic number,atomicSelect,87,/Volumes/BrokeExt/NICHE/hrpan_tetris_mcts/agents/core.py,Magic number 3 used in atomicSelect.
hrpan_tetris_mcts.agents,core,,Magic number,atomicFill,123,/Volumes/BrokeExt/NICHE/hrpan_tetris_mcts/agents/core.py,Magic number 3 used in atomicFill.
hrpan_tetris_mcts.agents,core,,Magic number,atomicFill,128,/Volumes/BrokeExt/NICHE/hrpan_tetris_mcts/agents/core.py,Magic number 2 used in atomicFill.
hrpan_tetris_mcts.agents,core,,Magic number,atomicFill,129,/Volumes/BrokeExt/NICHE/hrpan_tetris_mcts/agents/core.py,Magic number 3 used in atomicFill.
hrpan_tetris_mcts.agents,core,,Magic number,atomicFill,130,/Volumes/BrokeExt/NICHE/hrpan_tetris_mcts/agents/core.py,Magic number 4 used in atomicFill.
hrpan_tetris_mcts.agents,core,,Magic number,atomicFill,131,/Volumes/BrokeExt/NICHE/hrpan_tetris_mcts/agents/core.py,Magic number 5 used in atomicFill.
hrpan_tetris_mcts.agents,core,,Magic number,_tmp_func,180,/Volumes/BrokeExt/NICHE/hrpan_tetris_mcts/agents/core.py,Magic number 2 used in _tmp_func.
hrpan_tetris_mcts.agents,core,,Magic number,_tmp_func,181,/Volumes/BrokeExt/NICHE/hrpan_tetris_mcts/agents/core.py,Magic number 3 used in _tmp_func.
hrpan_tetris_mcts.agents,core,,Magic number,_tmp_func,177,/Volumes/BrokeExt/NICHE/hrpan_tetris_mcts/agents/core.py,Magic number 2 used in _tmp_func.
hrpan_tetris_mcts.agents,core,,Magic number,_tmp_func,177,/Volumes/BrokeExt/NICHE/hrpan_tetris_mcts/agents/core.py,Magic number 4 used in _tmp_func.
hrpan_tetris_mcts.agents,core,,Magic number,_tmp_select,189,/Volumes/BrokeExt/NICHE/hrpan_tetris_mcts/agents/core.py,Magic number 0.5 used in _tmp_select.
hrpan_tetris_mcts.agents,core,,Magic number,_tmp_select,189,/Volumes/BrokeExt/NICHE/hrpan_tetris_mcts/agents/core.py,Magic number 3 used in _tmp_select.
hrpan_tetris_mcts.agents,core,,Magic number,_tmp_select,191,/Volumes/BrokeExt/NICHE/hrpan_tetris_mcts/agents/core.py,Magic number 2 used in _tmp_select.
hrpan_tetris_mcts.agents,core,,Magic number,select_index_3,256,/Volumes/BrokeExt/NICHE/hrpan_tetris_mcts/agents/core.py,Magic number 2 used in select_index_3.
hrpan_tetris_mcts.agents,core,,Magic number,select_index_3,257,/Volumes/BrokeExt/NICHE/hrpan_tetris_mcts/agents/core.py,Magic number 3 used in select_index_3.
hrpan_tetris_mcts.agents,core,,Magic number,select_index_3,256,/Volumes/BrokeExt/NICHE/hrpan_tetris_mcts/agents/core.py,Magic number 2 used in select_index_3.
hrpan_tetris_mcts.agents,core,,Magic number,backup_trace_3,276,/Volumes/BrokeExt/NICHE/hrpan_tetris_mcts/agents/core.py,Magic number 0.01 used in backup_trace_3.
hrpan_tetris_mcts.agents,core,,Magic number,backup_trace_3,286,/Volumes/BrokeExt/NICHE/hrpan_tetris_mcts/agents/core.py,Magic number 4 used in backup_trace_3.
hrpan_tetris_mcts.agents,core,,Magic number,backup_trace_3,278,/Volumes/BrokeExt/NICHE/hrpan_tetris_mcts/agents/core.py,Magic number 2 used in backup_trace_3.
hrpan_tetris_mcts.agents,core,,Magic number,backup_trace_3,284,/Volumes/BrokeExt/NICHE/hrpan_tetris_mcts/agents/core.py,Magic number 3 used in backup_trace_3.
hrpan_tetris_mcts.agents,core,,Magic number,backup_trace_3,284,/Volumes/BrokeExt/NICHE/hrpan_tetris_mcts/agents/core.py,Magic number 3 used in backup_trace_3.
hrpan_tetris_mcts.agents,core,,Magic number,select_index_bayes,290,/Volumes/BrokeExt/NICHE/hrpan_tetris_mcts/agents/core.py,Magic number 10 used in select_index_bayes.
hrpan_tetris_mcts.agents,core,,Magic number,select_index_bayes,332,/Volumes/BrokeExt/NICHE/hrpan_tetris_mcts/agents/core.py,Magic number 2 used in select_index_bayes.
hrpan_tetris_mcts.agents,core,,Magic number,select_index_bayes,333,/Volumes/BrokeExt/NICHE/hrpan_tetris_mcts/agents/core.py,Magic number 2 used in select_index_bayes.
hrpan_tetris_mcts.agents,core,,Magic number,select_index_bayes,333,/Volumes/BrokeExt/NICHE/hrpan_tetris_mcts/agents/core.py,Magic number 3 used in select_index_bayes.
hrpan_tetris_mcts.agents,core,,Magic number,select_index_bayes,332,/Volumes/BrokeExt/NICHE/hrpan_tetris_mcts/agents/core.py,Magic number 2 used in select_index_bayes.
hrpan_tetris_mcts.agents,core,,Magic number,select_index_clt,384,/Volumes/BrokeExt/NICHE/hrpan_tetris_mcts/agents/core.py,Magic number 2 used in select_index_clt.
hrpan_tetris_mcts.agents,core,,Magic number,select_index_clt,385,/Volumes/BrokeExt/NICHE/hrpan_tetris_mcts/agents/core.py,Magic number 3 used in select_index_clt.
hrpan_tetris_mcts.agents,core,,Magic number,select_index_clt,384,/Volumes/BrokeExt/NICHE/hrpan_tetris_mcts/agents/core.py,Magic number 2 used in select_index_clt.
hrpan_tetris_mcts.agents,core,,Magic number,backup_trace_welford,421,/Volumes/BrokeExt/NICHE/hrpan_tetris_mcts/agents/core.py,Magic number 3 used in backup_trace_welford.
hrpan_tetris_mcts.agents,core,,Magic number,backup_trace_welford,422,/Volumes/BrokeExt/NICHE/hrpan_tetris_mcts/agents/core.py,Magic number 4 used in backup_trace_welford.
hrpan_tetris_mcts.agents,core,,Magic number,backup_trace_welford,412,/Volumes/BrokeExt/NICHE/hrpan_tetris_mcts/agents/core.py,Magic number 2 used in backup_trace_welford.
hrpan_tetris_mcts.agents,core,,Magic number,backup_trace_with_variance,459,/Volumes/BrokeExt/NICHE/hrpan_tetris_mcts/agents/core.py,Magic number 4 used in backup_trace_with_variance.
hrpan_tetris_mcts.agents,core,,Magic number,backup_trace_with_variance,449,/Volumes/BrokeExt/NICHE/hrpan_tetris_mcts/agents/core.py,Magic number 2 used in backup_trace_with_variance.
hrpan_tetris_mcts.agents,core,,Magic number,backup_trace_with_variance,457,/Volumes/BrokeExt/NICHE/hrpan_tetris_mcts/agents/core.py,Magic number 3 used in backup_trace_with_variance.
hrpan_tetris_mcts.agents,core,,Magic number,backup_trace_with_variance,457,/Volumes/BrokeExt/NICHE/hrpan_tetris_mcts/agents/core.py,Magic number 2 used in backup_trace_with_variance.
hrpan_tetris_mcts.agents,core,,Magic number,backup_trace_with_variance,456,/Volumes/BrokeExt/NICHE/hrpan_tetris_mcts/agents/core.py,Magic number 0.5 used in backup_trace_with_variance.
hrpan_tetris_mcts.agents,core,,Magic number,backup_trace_with_variance,456,/Volumes/BrokeExt/NICHE/hrpan_tetris_mcts/agents/core.py,Magic number 0.5 used in backup_trace_with_variance.
hrpan_tetris_mcts.agents,core,,Magic number,backup_trace_with_variance,457,/Volumes/BrokeExt/NICHE/hrpan_tetris_mcts/agents/core.py,Magic number 3 used in backup_trace_with_variance.
hrpan_tetris_mcts.agents,core,,Magic number,backup_trace_with_variance,456,/Volumes/BrokeExt/NICHE/hrpan_tetris_mcts/agents/core.py,Magic number 3 used in backup_trace_with_variance.
hrpan_tetris_mcts.agents,core,,Magic number,backup_trace_with_variance,457,/Volumes/BrokeExt/NICHE/hrpan_tetris_mcts/agents/core.py,Magic number 2 used in backup_trace_with_variance.
hrpan_tetris_mcts.agents,core,,Magic number,backup_trace_with_variance,457,/Volumes/BrokeExt/NICHE/hrpan_tetris_mcts/agents/core.py,Magic number 0.5 used in backup_trace_with_variance.
hrpan_tetris_mcts.agents,core,,Magic number,backup_trace_with_variance,457,/Volumes/BrokeExt/NICHE/hrpan_tetris_mcts/agents/core.py,Magic number 3 used in backup_trace_with_variance.
hrpan_tetris_mcts.agents,core,,Magic number,select_trace,493,/Volumes/BrokeExt/NICHE/hrpan_tetris_mcts/agents/core.py,Magic number 2 used in select_trace.
hrpan_tetris_mcts.agents,core,,Magic number,backup_trace_by_policy,530,/Volumes/BrokeExt/NICHE/hrpan_tetris_mcts/agents/core.py,Magic number 3 used in backup_trace_by_policy.
hrpan_tetris_mcts.agents,core,,Magic number,backup_trace_by_policy,530,/Volumes/BrokeExt/NICHE/hrpan_tetris_mcts/agents/core.py,Magic number 3 used in backup_trace_by_policy.
hrpan_tetris_mcts.agents,core,,Magic number,backup_trace_by_policy,531,/Volumes/BrokeExt/NICHE/hrpan_tetris_mcts/agents/core.py,Magic number 4 used in backup_trace_by_policy.
hrpan_tetris_mcts.agents,core,,Magic number,backup_trace_by_policy,529,/Volumes/BrokeExt/NICHE/hrpan_tetris_mcts/agents/core.py,Magic number 2 used in backup_trace_by_policy.
hrpan_tetris_mcts.agents,core,,Magic number,backup_trace_by_policy,529,/Volumes/BrokeExt/NICHE/hrpan_tetris_mcts/agents/core.py,Magic number 2 used in backup_trace_by_policy.
hrpan_tetris_mcts.agents,core,,Magic number,backup_trace_value_policy,540,/Volumes/BrokeExt/NICHE/hrpan_tetris_mcts/agents/core.py,Magic number 9999999 used in backup_trace_value_policy.
hrpan_tetris_mcts.agents,core_distributional,,Long parameter list,policy_dist,67 - 79,/Volumes/BrokeExt/NICHE/hrpan_tetris_mcts/agents/core_distributional.py,"policy_dist has 6 parameters, exceeding the max of 5."
hrpan_tetris_mcts.agents,core_distributional,,Long parameter list,select_trace_distributional,83 - 106,/Volumes/BrokeExt/NICHE/hrpan_tetris_mcts/agents/core_distributional.py,"select_trace_distributional has 7 parameters, exceeding the max of 5."
hrpan_tetris_mcts.agents,core_distributional,,Long parameter list,backup_trace_distributional,110 - 124,/Volumes/BrokeExt/NICHE/hrpan_tetris_mcts/agents/core_distributional.py,"backup_trace_distributional has 7 parameters, exceeding the max of 5."
hrpan_tetris_mcts.agents,core_distributional,,Magic number,mean_dist,43,/Volumes/BrokeExt/NICHE/hrpan_tetris_mcts/agents/core_distributional.py,Magic number 0.5 used in mean_dist.
hrpan_tetris_mcts.agents,core_distributional,,Magic number,mean_variance,61,/Volumes/BrokeExt/NICHE/hrpan_tetris_mcts/agents/core_distributional.py,Magic number 2 used in mean_variance.
hrpan_tetris_mcts.agents,core_distributional,,Magic number,mean_variance,56,/Volumes/BrokeExt/NICHE/hrpan_tetris_mcts/agents/core_distributional.py,Magic number 0.5 used in mean_variance.
hrpan_tetris_mcts.agents,core_distributional,,Magic number,policy_dist,75,/Volumes/BrokeExt/NICHE/hrpan_tetris_mcts/agents/core_distributional.py,Magic number 3 used in policy_dist.
hrpan_tetris_mcts.agents,core_distributional,,Magic number,policy_dist,73,/Volumes/BrokeExt/NICHE/hrpan_tetris_mcts/agents/core_distributional.py,Magic number 2 used in policy_dist.
hrpan_tetris_mcts.agents,core_distributional,,Magic number,select_trace_distributional,83,/Volumes/BrokeExt/NICHE/hrpan_tetris_mcts/agents/core_distributional.py,Magic number 5 used in select_trace_distributional.
hrpan_tetris_mcts.agents,core_distributional,,Magic number,select_trace_distributional,99,/Volumes/BrokeExt/NICHE/hrpan_tetris_mcts/agents/core_distributional.py,Magic number 2 used in select_trace_distributional.
hrpan_tetris_mcts.agents,core_distributional,,Magic number,backup_trace_distributional,122,/Volumes/BrokeExt/NICHE/hrpan_tetris_mcts/agents/core_distributional.py,Magic number 4 used in backup_trace_distributional.
hrpan_tetris_mcts.agents,core_distributional,,Magic number,backup_trace_distributional,114,/Volumes/BrokeExt/NICHE/hrpan_tetris_mcts/agents/core_distributional.py,Magic number 2 used in backup_trace_distributional.
hrpan_tetris_mcts.agents,core_distributional,,Magic number,backup_trace_distributional,124,/Volumes/BrokeExt/NICHE/hrpan_tetris_mcts/agents/core_distributional.py,Magic number 3 used in backup_trace_distributional.
hrpan_tetris_mcts.agents,core_distributional,,Magic number,backup_trace_distributional,124,/Volumes/BrokeExt/NICHE/hrpan_tetris_mcts/agents/core_distributional.py,Magic number 4 used in backup_trace_distributional.
hrpan_tetris_mcts.agents,core_projection,,Complex method,backup_trace_obs_by_policy,108 - 129,/Volumes/BrokeExt/NICHE/hrpan_tetris_mcts/agents/core_projection.py,"Method 'backup_trace_obs_by_policy' has a cyclomatic complexity of 7, exceeding the max of 6."
hrpan_tetris_mcts.agents,core_projection,,Long parameter list,_policy_obs_mc,53 - 67,/Volumes/BrokeExt/NICHE/hrpan_tetris_mcts/agents/core_projection.py,"_policy_obs_mc has 6 parameters, exceeding the max of 5."
hrpan_tetris_mcts.agents,core_projection,,Long parameter list,policy_obs_mc,71 - 77,/Volumes/BrokeExt/NICHE/hrpan_tetris_mcts/agents/core_projection.py,"policy_obs_mc has 7 parameters, exceeding the max of 5."
hrpan_tetris_mcts.agents,core_projection,,Long parameter list,select_trace_obs,81 - 104,/Volumes/BrokeExt/NICHE/hrpan_tetris_mcts/agents/core_projection.py,"select_trace_obs has 9 parameters, exceeding the max of 5."
hrpan_tetris_mcts.agents,core_projection,,Long parameter list,backup_trace_obs_by_policy,108 - 129,/Volumes/BrokeExt/NICHE/hrpan_tetris_mcts/agents/core_projection.py,"backup_trace_obs_by_policy has 9 parameters, exceeding the max of 5."
hrpan_tetris_mcts.agents,core_projection,,Long parameter list,backup_trace_obs,133 - 146,/Volumes/BrokeExt/NICHE/hrpan_tetris_mcts/agents/core_projection.py,"backup_trace_obs has 9 parameters, exceeding the max of 5."
hrpan_tetris_mcts.agents,core_projection,,Long parameter list,backup_trace_obs_exp_moving,150 - 162,/Volumes/BrokeExt/NICHE/hrpan_tetris_mcts/agents/core_projection.py,"backup_trace_obs_exp_moving has 10 parameters, exceeding the max of 5."
hrpan_tetris_mcts.agents,core_projection,,Long parameter list,backup_trace_value_policy_obs,166 - 178,/Volumes/BrokeExt/NICHE/hrpan_tetris_mcts/agents/core_projection.py,"backup_trace_value_policy_obs has 8 parameters, exceeding the max of 5."
hrpan_tetris_mcts.agents,core_projection,,Long parameter list,backup_trace_mixture_obs,182 - 200,/Volumes/BrokeExt/NICHE/hrpan_tetris_mcts/agents/core_projection.py,"backup_trace_mixture_obs has 9 parameters, exceeding the max of 5."
hrpan_tetris_mcts.agents,core_projection,,Magic number,_policy_obs_mc,53,/Volumes/BrokeExt/NICHE/hrpan_tetris_mcts/agents/core_projection.py,Magic number 100 used in _policy_obs_mc.
hrpan_tetris_mcts.agents,core_projection,,Magic number,_policy_obs_mc,57,/Volumes/BrokeExt/NICHE/hrpan_tetris_mcts/agents/core_projection.py,Magic number 2 used in _policy_obs_mc.
hrpan_tetris_mcts.agents,core_projection,,Magic number,_policy_obs_mc,56,/Volumes/BrokeExt/NICHE/hrpan_tetris_mcts/agents/core_projection.py,Magic number 2 used in _policy_obs_mc.
hrpan_tetris_mcts.agents,core_projection,,Magic number,_policy_obs_mc,56,/Volumes/BrokeExt/NICHE/hrpan_tetris_mcts/agents/core_projection.py,Magic number 2 used in _policy_obs_mc.
hrpan_tetris_mcts.agents,core_projection,,Magic number,policy_obs_mc,71,/Volumes/BrokeExt/NICHE/hrpan_tetris_mcts/agents/core_projection.py,Magic number 100 used in policy_obs_mc.
hrpan_tetris_mcts.agents,core_projection,,Magic number,select_trace_obs,100,/Volumes/BrokeExt/NICHE/hrpan_tetris_mcts/agents/core_projection.py,Magic number 2 used in select_trace_obs.
hrpan_tetris_mcts.agents,core_projection,,Magic number,backup_trace_obs_by_policy,129,/Volumes/BrokeExt/NICHE/hrpan_tetris_mcts/agents/core_projection.py,Magic number 2 used in backup_trace_obs_by_policy.
hrpan_tetris_mcts.agents,core_projection,,Magic number,backup_trace_obs,133,/Volumes/BrokeExt/NICHE/hrpan_tetris_mcts/agents/core_projection.py,Magic number 0.999 used in backup_trace_obs.
hrpan_tetris_mcts.agents,core_projection,,Magic number,backup_trace_obs_exp_moving,150,/Volumes/BrokeExt/NICHE/hrpan_tetris_mcts/agents/core_projection.py,Magic number 0.1 used in backup_trace_obs_exp_moving.
hrpan_tetris_mcts.agents,core_projection,,Magic number,backup_trace_obs_exp_moving,150,/Volumes/BrokeExt/NICHE/hrpan_tetris_mcts/agents/core_projection.py,Magic number 0.999 used in backup_trace_obs_exp_moving.
hrpan_tetris_mcts.agents,core_projection,,Magic number,backup_trace_value_policy_obs,172,/Volumes/BrokeExt/NICHE/hrpan_tetris_mcts/agents/core_projection.py,Magic number 9999999 used in backup_trace_value_policy_obs.
hrpan_tetris_mcts.agents,core_projection,,Magic number,backup_trace_mixture_obs,182,/Volumes/BrokeExt/NICHE/hrpan_tetris_mcts/agents/core_projection.py,Magic number 0.999 used in backup_trace_mixture_obs.
hrpan_tetris_mcts.agents,core_projection,,Magic number,backup_trace_mixture_obs,189,/Volumes/BrokeExt/NICHE/hrpan_tetris_mcts/agents/core_projection.py,Magic number 2 used in backup_trace_mixture_obs.
hrpan_tetris_mcts.agents,core_projection,,Magic number,backup_trace_mixture_obs,189,/Volumes/BrokeExt/NICHE/hrpan_tetris_mcts/agents/core_projection.py,Magic number 2 used in backup_trace_mixture_obs.
hrpan_tetris_mcts.agents,special,,Long statement,std_quantile,11,/Volumes/BrokeExt/NICHE/hrpan_tetris_mcts/agents/special.py,A line with 131 chars in std_quantile exceeds the maximum length of 120 characters.
hrpan_tetris_mcts.agents,special,,Long statement,std_quantile2,32,/Volumes/BrokeExt/NICHE/hrpan_tetris_mcts/agents/special.py,A line with 373 chars in std_quantile2 exceeds the maximum length of 120 characters.
hrpan_tetris_mcts.agents,special,,Long statement,norm_quantile,57,/Volumes/BrokeExt/NICHE/hrpan_tetris_mcts/agents/special.py,A line with 203 chars in norm_quantile exceeds the maximum length of 120 characters.
hrpan_tetris_mcts.agents,special,,Magic number,std_quantile,16,/Volumes/BrokeExt/NICHE/hrpan_tetris_mcts/agents/special.py,Magic number 2.0 used in std_quantile.
hrpan_tetris_mcts.agents,special,,Magic number,std_quantile,24,/Volumes/BrokeExt/NICHE/hrpan_tetris_mcts/agents/special.py,Magic number 2 used in std_quantile.
hrpan_tetris_mcts.agents,special,,Magic number,std_quantile2,42,/Volumes/BrokeExt/NICHE/hrpan_tetris_mcts/agents/special.py,Magic number 2 used in std_quantile2.
hrpan_tetris_mcts.agents,special,,Magic number,std_quantile2,50,/Volumes/BrokeExt/NICHE/hrpan_tetris_mcts/agents/special.py,Magic number 0.076 used in std_quantile2.
hrpan_tetris_mcts.agents,special,,Magic number,std_quantile2,50,/Volumes/BrokeExt/NICHE/hrpan_tetris_mcts/agents/special.py,Magic number 0.81 used in std_quantile2.
hrpan_tetris_mcts.agents,special,,Magic number,std_quantile2,50,/Volumes/BrokeExt/NICHE/hrpan_tetris_mcts/agents/special.py,Magic number 0.0953 used in std_quantile2.
hrpan_tetris_mcts.agents,special,,Magic number,std_quantile2,50,/Volumes/BrokeExt/NICHE/hrpan_tetris_mcts/agents/special.py,Magic number 0.631 used in std_quantile2.
hrpan_tetris_mcts.agents,special,,Magic number,norm_quantile,64,/Volumes/BrokeExt/NICHE/hrpan_tetris_mcts/agents/special.py,Magic number 10 used in norm_quantile.
hrpan_tetris_mcts.model,bbb,BBB,Long statement,__init__,20,/Volumes/BrokeExt/NICHE/hrpan_tetris_mcts/model/bbb.py,A line with 200 chars in __init__ exceeds the maximum length of 120 characters.
hrpan_tetris_mcts.model,bbb,BBB,Long statement,set_weights,51,/Volumes/BrokeExt/NICHE/hrpan_tetris_mcts/model/bbb.py,A line with 195 chars in set_weights exceeds the maximum length of 120 characters.
hrpan_tetris_mcts.model,bbb,BBB,Long statement,aggregate_grads,69,/Volumes/BrokeExt/NICHE/hrpan_tetris_mcts/model/bbb.py,A line with 424 chars in aggregate_grads exceeds the maximum length of 120 characters.
hrpan_tetris_mcts.model,bbb,BBB,Long statement,aggregate_grads,91,/Volumes/BrokeExt/NICHE/hrpan_tetris_mcts/model/bbb.py,A line with 143 chars in aggregate_grads exceeds the maximum length of 120 characters.
hrpan_tetris_mcts.model,bbb,BBB,Magic number,__init__,19,/Volumes/BrokeExt/NICHE/hrpan_tetris_mcts/model/bbb.py,Magic number 0.01 used in __init__.
hrpan_tetris_mcts.model,bbb,BBB,Magic number,__init__,19,/Volumes/BrokeExt/NICHE/hrpan_tetris_mcts/model/bbb.py,Magic number 0.99 used in __init__.
hrpan_tetris_mcts.model,bbb,BBB,Magic number,__init__,19,/Volumes/BrokeExt/NICHE/hrpan_tetris_mcts/model/bbb.py,Magic number 0.001 used in __init__.
hrpan_tetris_mcts.model,bbb,BBB,Magic number,__init__,19,/Volumes/BrokeExt/NICHE/hrpan_tetris_mcts/model/bbb.py,Magic number 3.0 used in __init__.
hrpan_tetris_mcts.model,bbb,BBB,Magic number,aggregate_grads,90,/Volumes/BrokeExt/NICHE/hrpan_tetris_mcts/model/bbb.py,Magic number 2 used in aggregate_grads.
hrpan_tetris_mcts.model,bbb,BBB,Magic number,aggregate_grads,91,/Volumes/BrokeExt/NICHE/hrpan_tetris_mcts/model/bbb.py,Magic number 2 used in aggregate_grads.
hrpan_tetris_mcts.model,bbb,BBB,Magic number,step,115,/Volumes/BrokeExt/NICHE/hrpan_tetris_mcts/model/bbb.py,Magic number 2 used in step.
hrpan_tetris_mcts.model,bbb,BBB,Magic number,step,119,/Volumes/BrokeExt/NICHE/hrpan_tetris_mcts/model/bbb.py,Magic number 2 used in step.
hrpan_tetris_mcts.model,bgd_optimizer,BGD,Long statement,__init__,19,/Volumes/BrokeExt/NICHE/hrpan_tetris_mcts/model/bgd_optimizer.py,A line with 445 chars in __init__ exceeds the maximum length of 120 characters.
hrpan_tetris_mcts.model,bgd_optimizer,BGD,Long statement,randomize_weights,55,/Volumes/BrokeExt/NICHE/hrpan_tetris_mcts/model/bgd_optimizer.py,A line with 195 chars in randomize_weights exceeds the maximum length of 120 characters.
hrpan_tetris_mcts.model,bgd_optimizer,BGD,Long statement,aggregate_grads,70,/Volumes/BrokeExt/NICHE/hrpan_tetris_mcts/model/bgd_optimizer.py,A line with 424 chars in aggregate_grads exceeds the maximum length of 120 characters.
hrpan_tetris_mcts.model,bgd_optimizer,BGD,Long statement,step,96,/Volumes/BrokeExt/NICHE/hrpan_tetris_mcts/model/bgd_optimizer.py,A line with 183 chars in step exceeds the maximum length of 120 characters.
hrpan_tetris_mcts.model,bgd_optimizer,BGD,Magic number,__init__,18,/Volumes/BrokeExt/NICHE/hrpan_tetris_mcts/model/bgd_optimizer.py,Magic number 10 used in __init__.
hrpan_tetris_mcts.model,model,Model,Complex method,compute_loss,53 - 85,/Volumes/BrokeExt/NICHE/hrpan_tetris_mcts/model/model.py,"Method 'compute_loss' has a cyclomatic complexity of 7, exceeding the max of 6."
hrpan_tetris_mcts.model,model,Model,Complex method,train_data,176 - 249,/Volumes/BrokeExt/NICHE/hrpan_tetris_mcts/model/model.py,"Method 'train_data' has a cyclomatic complexity of 13, exceeding the max of 6."
hrpan_tetris_mcts.model,model,Model,Long method,train_data,176 - 249,/Volumes/BrokeExt/NICHE/hrpan_tetris_mcts/model/model.py,Method 'train_data' is too long (61 lines).
hrpan_tetris_mcts.model,model,Model,Long parameter list,train_data,176 - 249,/Volumes/BrokeExt/NICHE/hrpan_tetris_mcts/model/model.py,"train_data has 12 parameters, exceeding the max of 5."
hrpan_tetris_mcts.model,model,Model,Long statement,compute_loss,82,/Volumes/BrokeExt/NICHE/hrpan_tetris_mcts/model/model.py,A line with 124 chars in compute_loss exceeds the maximum length of 120 characters.
hrpan_tetris_mcts.model,model,Model,Long statement,train_data,199,/Volumes/BrokeExt/NICHE/hrpan_tetris_mcts/model/model.py,A line with 122 chars in train_data exceeds the maximum length of 120 characters.
hrpan_tetris_mcts.model,model,Model,Long statement,train_data,235,/Volumes/BrokeExt/NICHE/hrpan_tetris_mcts/model/model.py,A line with 232 chars in train_data exceeds the maximum length of 120 characters.
hrpan_tetris_mcts.model,model,Model,Magic number,compute_loss,53,/Volumes/BrokeExt/NICHE/hrpan_tetris_mcts/model/model.py,Magic number 1024 used in compute_loss.
hrpan_tetris_mcts.model,model,Model,Magic number,compute_gradient_norm,87,/Volumes/BrokeExt/NICHE/hrpan_tetris_mcts/model/model.py,Magic number 2 used in compute_gradient_norm.
hrpan_tetris_mcts.model,model,Model,Magic number,train,97,/Volumes/BrokeExt/NICHE/hrpan_tetris_mcts/model/model.py,Magic number 1000.0 used in train.
hrpan_tetris_mcts.model,model,Model,Magic number,train_data,176,/Volumes/BrokeExt/NICHE/hrpan_tetris_mcts/model/model.py,Magic number 128 used in train_data.
hrpan_tetris_mcts.model,model,Model,Magic number,train_data,176,/Volumes/BrokeExt/NICHE/hrpan_tetris_mcts/model/model.py,Magic number 500 used in train_data.
hrpan_tetris_mcts.model,model,Model,Magic number,train_data,176,/Volumes/BrokeExt/NICHE/hrpan_tetris_mcts/model/model.py,Magic number 0.1 used in train_data.
hrpan_tetris_mcts.model,model,Model,Magic number,train_data,178,/Volumes/BrokeExt/NICHE/hrpan_tetris_mcts/model/model.py,Magic number 10 used in train_data.
hrpan_tetris_mcts.model,model,Model,Magic number,train_data,179,/Volumes/BrokeExt/NICHE/hrpan_tetris_mcts/model/model.py,Magic number 100000 used in train_data.
hrpan_tetris_mcts.model,model,Model,Magic number,train_data,219,/Volumes/BrokeExt/NICHE/hrpan_tetris_mcts/model/model.py,Magic number 0.5 used in train_data.
hrpan_tetris_mcts.model,model_bayesian,Model,Complex method,_loss,139 - 182,/Volumes/BrokeExt/NICHE/hrpan_tetris_mcts/model/model_bayesian.py,"Method '_loss' has a cyclomatic complexity of 8, exceeding the max of 6."
hrpan_tetris_mcts.model,model_bayesian,Model,Long parameter list,__init__,99 - 137,/Volumes/BrokeExt/NICHE/hrpan_tetris_mcts/model/model_bayesian.py,"__init__ has 10 parameters, exceeding the max of 5."
hrpan_tetris_mcts.model,model_bayesian,Model,Long statement,_loss,160,/Volumes/BrokeExt/NICHE/hrpan_tetris_mcts/model/model_bayesian.py,A line with 129 chars in _loss exceeds the maximum length of 120 characters.
hrpan_tetris_mcts.model,model_bayesian,Model,Long statement,save_onnx,301,/Volumes/BrokeExt/NICHE/hrpan_tetris_mcts/model/model_bayesian.py,A line with 165 chars in save_onnx exceeds the maximum length of 120 characters.
hrpan_tetris_mcts.model,model_bayesian,Net,Magic number,__init__,35,/Volumes/BrokeExt/NICHE/hrpan_tetris_mcts/model/model_bayesian.py,Magic number 3 used in __init__.
hrpan_tetris_mcts.model,model_bayesian,Net,Magic number,__init__,37,/Volumes/BrokeExt/NICHE/hrpan_tetris_mcts/model/model_bayesian.py,Magic number 32 used in __init__.
hrpan_tetris_mcts.model,model_bayesian,Net,Magic number,__init__,53,/Volumes/BrokeExt/NICHE/hrpan_tetris_mcts/model/model_bayesian.py,Magic number 128 used in __init__.
hrpan_tetris_mcts.model,model_bayesian,Net,Magic number,forward,76,/Volumes/BrokeExt/NICHE/hrpan_tetris_mcts/model/model_bayesian.py,Magic number 7 used in forward.
hrpan_tetris_mcts.model,model_bayesian,Model,Magic number,__init__,99,/Volumes/BrokeExt/NICHE/hrpan_tetris_mcts/model/model_bayesian.py,Magic number 50 used in __init__.
hrpan_tetris_mcts.model,model_bayesian,Model,Magic number,__init__,135,/Volumes/BrokeExt/NICHE/hrpan_tetris_mcts/model/model_bayesian.py,Magic number 2 used in __init__.
hrpan_tetris_mcts.model,model_distributional,Net,Long statement,__init__,36,/Volumes/BrokeExt/NICHE/hrpan_tetris_mcts/model/model_distributional.py,A line with 319 chars in __init__ exceeds the maximum length of 120 characters.
hrpan_tetris_mcts.model,model_distributional,Net,Magic number,__init__,20,/Volumes/BrokeExt/NICHE/hrpan_tetris_mcts/model/model_distributional.py,Magic number 50 used in __init__.
hrpan_tetris_mcts.model,model_distributional,Net,Magic number,__init__,23,/Volumes/BrokeExt/NICHE/hrpan_tetris_mcts/model/model_distributional.py,Magic number 4 used in __init__.
hrpan_tetris_mcts.model,model_distributional,Net,Magic number,__init__,25,/Volumes/BrokeExt/NICHE/hrpan_tetris_mcts/model/model_distributional.py,Magic number 32 used in __init__.
hrpan_tetris_mcts.model,model_distributional,Net,Magic number,__init__,32,/Volumes/BrokeExt/NICHE/hrpan_tetris_mcts/model/model_distributional.py,Magic number 128 used in __init__.
hrpan_tetris_mcts.model,model_distributional,Net,Magic number,__init__,20,/Volumes/BrokeExt/NICHE/hrpan_tetris_mcts/model/model_distributional.py,Magic number 22 used in __init__.
hrpan_tetris_mcts.model,model_distributional,Net,Magic number,__init__,20,/Volumes/BrokeExt/NICHE/hrpan_tetris_mcts/model/model_distributional.py,Magic number 10 used in __init__.
hrpan_tetris_mcts.model,model_distributional,Model_Dist,Magic number,__init__,61,/Volumes/BrokeExt/NICHE/hrpan_tetris_mcts/model/model_distributional.py,Magic number 50 used in __init__.
hrpan_tetris_mcts.model,model_vp,Net,Long statement,__init__,34,/Volumes/BrokeExt/NICHE/hrpan_tetris_mcts/model/model_vp.py,A line with 393 chars in __init__ exceeds the maximum length of 120 characters.
hrpan_tetris_mcts.model,model_vp,Net,Magic number,__init__,12,/Volumes/BrokeExt/NICHE/hrpan_tetris_mcts/model/model_vp.py,Magic number 0.1 used in __init__.
hrpan_tetris_mcts.model,model_vp,Net,Magic number,__init__,15,/Volumes/BrokeExt/NICHE/hrpan_tetris_mcts/model/model_vp.py,Magic number 3 used in __init__.
hrpan_tetris_mcts.model,model_vp,Net,Magic number,__init__,17,/Volumes/BrokeExt/NICHE/hrpan_tetris_mcts/model/model_vp.py,Magic number 32 used in __init__.
hrpan_tetris_mcts.model,model_vp,Net,Magic number,__init__,26,/Volumes/BrokeExt/NICHE/hrpan_tetris_mcts/model/model_vp.py,Magic number 256 used in __init__.
hrpan_tetris_mcts.model,model_vp,Net,Magic number,__init__,32,/Volumes/BrokeExt/NICHE/hrpan_tetris_mcts/model/model_vp.py,Magic number 100.0 used in __init__.
hrpan_tetris_mcts.model,model_vp,Net,Magic number,__init__,12,/Volumes/BrokeExt/NICHE/hrpan_tetris_mcts/model/model_vp.py,Magic number 22 used in __init__.
hrpan_tetris_mcts.model,model_vp,Net,Magic number,__init__,12,/Volumes/BrokeExt/NICHE/hrpan_tetris_mcts/model/model_vp.py,Magic number 10 used in __init__.
hrpan_tetris_mcts.model,model_vp,Net,Magic number,__init__,27,/Volumes/BrokeExt/NICHE/hrpan_tetris_mcts/model/model_vp.py,Magic number 2 used in __init__.
hrpan_tetris_mcts.model,model_vp,Model_VP,Magic number,__init__,69,/Volumes/BrokeExt/NICHE/hrpan_tetris_mcts/model/model_vp.py,Magic number 0.1 used in __init__.
hrpan_tetris_mcts.model,model_vv,Net,Long statement,__init__,31,/Volumes/BrokeExt/NICHE/hrpan_tetris_mcts/model/model_vv.py,A line with 482 chars in __init__ exceeds the maximum length of 120 characters.
hrpan_tetris_mcts.model,model_vv,Net,Magic number,__init__,18,/Volumes/BrokeExt/NICHE/hrpan_tetris_mcts/model/model_vv.py,Magic number 3 used in __init__.
hrpan_tetris_mcts.model,model_vv,Net,Magic number,__init__,20,/Volumes/BrokeExt/NICHE/hrpan_tetris_mcts/model/model_vv.py,Magic number 32 used in __init__.
hrpan_tetris_mcts.model,model_vv,Net,Magic number,__init__,30,/Volumes/BrokeExt/NICHE/hrpan_tetris_mcts/model/model_vv.py,Magic number 256 used in __init__.
hrpan_tetris_mcts.model,model_vv,Net,Magic number,__init__,15,/Volumes/BrokeExt/NICHE/hrpan_tetris_mcts/model/model_vv.py,Magic number 20 used in __init__.
hrpan_tetris_mcts.model,model_vv,Net,Magic number,__init__,15,/Volumes/BrokeExt/NICHE/hrpan_tetris_mcts/model/model_vv.py,Magic number 10 used in __init__.
hrpan_tetris_mcts.model,model_vv,Ensemble,Magic number,__init__,57,/Volumes/BrokeExt/NICHE/hrpan_tetris_mcts/model/model_vv.py,Magic number 5 used in __init__.
hrpan_tetris_mcts.model,model_vv,WeakGaussianLL,Magic number,__init__,77,/Volumes/BrokeExt/NICHE/hrpan_tetris_mcts/model/model_vv.py,Magic number 3.0 used in __init__.
hrpan_tetris_mcts.model,model_vv,Model_VV,Magic number,__init__,119,/Volumes/BrokeExt/NICHE/hrpan_tetris_mcts/model/model_vv.py,Magic number 2 used in __init__.
hrpan_tetris_mcts.model,model_vv,Model_VV,Magic number,__init__,123,/Volumes/BrokeExt/NICHE/hrpan_tetris_mcts/model/model_vv.py,Magic number 2 used in __init__.
hrpan_tetris_mcts.model,model_vv,Model_VV,Magic number,__init__,123,/Volumes/BrokeExt/NICHE/hrpan_tetris_mcts/model/model_vv.py,Magic number 2 used in __init__.
hrpan_tetris_mcts.model,model_vv,Model_VV,Magic number,__init__,123,/Volumes/BrokeExt/NICHE/hrpan_tetris_mcts/model/model_vv.py,Magic number 2 used in __init__.
hrpan_tetris_mcts.model,model_vv,Model_VV,Magic number,compute_ewc_loss,175,/Volumes/BrokeExt/NICHE/hrpan_tetris_mcts/model/model_vv.py,Magic number 0.5 used in compute_ewc_loss.
hrpan_tetris_mcts.model,nsgd,NSGD,Complex method,step,15 - 41,/Volumes/BrokeExt/NICHE/hrpan_tetris_mcts/model/nsgd.py,"Method 'step' has a cyclomatic complexity of 8, exceeding the max of 6."
hrpan_tetris_mcts.model,nsgd,NSGD,Magic number,__init__,6,/Volumes/BrokeExt/NICHE/hrpan_tetris_mcts/model/nsgd.py,Magic number 0.01 used in __init__.
hrpan_tetris_mcts.model,nsgd,NSGD,Magic number,__init__,6,/Volumes/BrokeExt/NICHE/hrpan_tetris_mcts/model/nsgd.py,Magic number 0.999 used in __init__.
hrpan_tetris_mcts.model,radam,RAdam,Complex method,__init__,7 - 23,/Volumes/BrokeExt/NICHE/hrpan_tetris_mcts/model/radam.py,"Method '__init__' has a cyclomatic complexity of 11, exceeding the max of 6."
hrpan_tetris_mcts.model,radam,RAdam,Complex method,step,28 - 94,/Volumes/BrokeExt/NICHE/hrpan_tetris_mcts/model/radam.py,"Method 'step' has a cyclomatic complexity of 14, exceeding the max of 6."
hrpan_tetris_mcts.model,radam,PlainRAdam,Complex method,step,116 - 170,/Volumes/BrokeExt/NICHE/hrpan_tetris_mcts/model/radam.py,"Method 'step' has a cyclomatic complexity of 11, exceeding the max of 6."
hrpan_tetris_mcts.model,radam,AdamW,Complex method,step,192 - 244,/Volumes/BrokeExt/NICHE/hrpan_tetris_mcts/model/radam.py,"Method 'step' has a cyclomatic complexity of 9, exceeding the max of 6."
hrpan_tetris_mcts.model,radam,RAdam,Long method,step,28 - 94,/Volumes/BrokeExt/NICHE/hrpan_tetris_mcts/model/radam.py,Method 'step' is too long (64 lines).
hrpan_tetris_mcts.model,radam,PlainRAdam,Long method,step,116 - 170,/Volumes/BrokeExt/NICHE/hrpan_tetris_mcts/model/radam.py,Method 'step' is too long (52 lines).
hrpan_tetris_mcts.model,radam,AdamW,Long method,step,192 - 244,/Volumes/BrokeExt/NICHE/hrpan_tetris_mcts/model/radam.py,Method 'step' is too long (51 lines).
hrpan_tetris_mcts.model,radam,RAdam,Long parameter list,__init__,7 - 23,/Volumes/BrokeExt/NICHE/hrpan_tetris_mcts/model/radam.py,"__init__ has 6 parameters, exceeding the max of 5."
hrpan_tetris_mcts.model,radam,PlainRAdam,Long parameter list,__init__,98 - 111,/Volumes/BrokeExt/NICHE/hrpan_tetris_mcts/model/radam.py,"__init__ has 6 parameters, exceeding the max of 5."
hrpan_tetris_mcts.model,radam,AdamW,Long parameter list,__init__,175 - 187,/Volumes/BrokeExt/NICHE/hrpan_tetris_mcts/model/radam.py,"__init__ has 6 parameters, exceeding the max of 5."
hrpan_tetris_mcts.model,radam,RAdam,Long statement,step,74,/Volumes/BrokeExt/NICHE/hrpan_tetris_mcts/model/radam.py,A line with 167 chars in step exceeds the maximum length of 120 characters.
hrpan_tetris_mcts.model,radam,PlainRAdam,Long statement,step,159,/Volumes/BrokeExt/NICHE/hrpan_tetris_mcts/model/radam.py,A line with 183 chars in step exceeds the maximum length of 120 characters.
hrpan_tetris_mcts.model,radam,RAdam,Magic number,__init__,7,/Volumes/BrokeExt/NICHE/hrpan_tetris_mcts/model/radam.py,Magic number 0.001 used in __init__.
hrpan_tetris_mcts.model,radam,RAdam,Magic number,__init__,7,/Volumes/BrokeExt/NICHE/hrpan_tetris_mcts/model/radam.py,Magic number 1e-08 used in __init__.
hrpan_tetris_mcts.model,radam,RAdam,Magic number,__init__,7,/Volumes/BrokeExt/NICHE/hrpan_tetris_mcts/model/radam.py,Magic number 0.9 used in __init__.
hrpan_tetris_mcts.model,radam,RAdam,Magic number,__init__,7,/Volumes/BrokeExt/NICHE/hrpan_tetris_mcts/model/radam.py,Magic number 0.999 used in __init__.
hrpan_tetris_mcts.model,radam,RAdam,Magic number,step,82,/Volumes/BrokeExt/NICHE/hrpan_tetris_mcts/model/radam.py,Magic number 5 used in step.
hrpan_tetris_mcts.model,radam,RAdam,Magic number,step,73,/Volumes/BrokeExt/NICHE/hrpan_tetris_mcts/model/radam.py,Magic number 5 used in step.
hrpan_tetris_mcts.model,radam,RAdam,Magic number,step,79,/Volumes/BrokeExt/NICHE/hrpan_tetris_mcts/model/radam.py,Magic number 2 used in step.
hrpan_tetris_mcts.model,radam,RAdam,Magic number,step,64,/Volumes/BrokeExt/NICHE/hrpan_tetris_mcts/model/radam.py,Magic number 2 used in step.
hrpan_tetris_mcts.model,radam,RAdam,Magic number,step,68,/Volumes/BrokeExt/NICHE/hrpan_tetris_mcts/model/radam.py,Magic number 2 used in step.
hrpan_tetris_mcts.model,radam,RAdam,Magic number,step,69,/Volumes/BrokeExt/NICHE/hrpan_tetris_mcts/model/radam.py,Magic number 2 used in step.
hrpan_tetris_mcts.model,radam,PlainRAdam,Magic number,__init__,98,/Volumes/BrokeExt/NICHE/hrpan_tetris_mcts/model/radam.py,Magic number 0.001 used in __init__.
hrpan_tetris_mcts.model,radam,PlainRAdam,Magic number,__init__,98,/Volumes/BrokeExt/NICHE/hrpan_tetris_mcts/model/radam.py,Magic number 1e-08 used in __init__.
hrpan_tetris_mcts.model,radam,PlainRAdam,Magic number,__init__,98,/Volumes/BrokeExt/NICHE/hrpan_tetris_mcts/model/radam.py,Magic number 0.9 used in __init__.
hrpan_tetris_mcts.model,radam,PlainRAdam,Magic number,__init__,98,/Volumes/BrokeExt/NICHE/hrpan_tetris_mcts/model/radam.py,Magic number 0.999 used in __init__.
hrpan_tetris_mcts.model,radam,PlainRAdam,Magic number,step,156,/Volumes/BrokeExt/NICHE/hrpan_tetris_mcts/model/radam.py,Magic number 5 used in step.
hrpan_tetris_mcts.model,radam,PlainRAdam,Magic number,step,151,/Volumes/BrokeExt/NICHE/hrpan_tetris_mcts/model/radam.py,Magic number 2 used in step.
hrpan_tetris_mcts.model,radam,PlainRAdam,Magic number,step,152,/Volumes/BrokeExt/NICHE/hrpan_tetris_mcts/model/radam.py,Magic number 2 used in step.
hrpan_tetris_mcts.model,radam,AdamW,Magic number,__init__,175,/Volumes/BrokeExt/NICHE/hrpan_tetris_mcts/model/radam.py,Magic number 0.001 used in __init__.
hrpan_tetris_mcts.model,radam,AdamW,Magic number,__init__,175,/Volumes/BrokeExt/NICHE/hrpan_tetris_mcts/model/radam.py,Magic number 1e-08 used in __init__.
hrpan_tetris_mcts.model,radam,AdamW,Magic number,__init__,175,/Volumes/BrokeExt/NICHE/hrpan_tetris_mcts/model/radam.py,Magic number 0.9 used in __init__.
hrpan_tetris_mcts.model,radam,AdamW,Magic number,__init__,175,/Volumes/BrokeExt/NICHE/hrpan_tetris_mcts/model/radam.py,Magic number 0.999 used in __init__.
hrpan_tetris_mcts.model,radam,AdamW,Magic number,step,231,/Volumes/BrokeExt/NICHE/hrpan_tetris_mcts/model/radam.py,Magic number 1e-08 used in step.
hrpan_tetris_mcts.model,sngd,SNGD,Magic number,__init__,9,/Volumes/BrokeExt/NICHE/hrpan_tetris_mcts/model/sngd.py,Magic number 0.01 used in __init__.
hrpan_tetris_mcts.model,sngd,SNGD,Magic number,__init__,9,/Volumes/BrokeExt/NICHE/hrpan_tetris_mcts/model/sngd.py,Magic number 1e-08 used in __init__.
hrpan_tetris_mcts.model,sngd,SNGD,Magic number,step,21,/Volumes/BrokeExt/NICHE/hrpan_tetris_mcts/model/sngd.py,Magic number 0.5 used in step.
hrpan_tetris_mcts.model,yogi,Yogi,Complex method,step,39 - 90,/Volumes/BrokeExt/NICHE/hrpan_tetris_mcts/model/yogi.py,"Method 'step' has a cyclomatic complexity of 8, exceeding the max of 6."
hrpan_tetris_mcts.model,yogi,Yogi,Long method,step,39 - 90,/Volumes/BrokeExt/NICHE/hrpan_tetris_mcts/model/yogi.py,Method 'step' is too long (49 lines).
hrpan_tetris_mcts.model,yogi,Yogi,Magic number,__init__,13,/Volumes/BrokeExt/NICHE/hrpan_tetris_mcts/model/yogi.py,Magic number 0.01 used in __init__.
hrpan_tetris_mcts.model,yogi,Yogi,Magic number,__init__,13,/Volumes/BrokeExt/NICHE/hrpan_tetris_mcts/model/yogi.py,Magic number 0.001 used in __init__.
hrpan_tetris_mcts.model,yogi,Yogi,Magic number,__init__,13,/Volumes/BrokeExt/NICHE/hrpan_tetris_mcts/model/yogi.py,Magic number 0.9 used in __init__.
hrpan_tetris_mcts.model,yogi,Yogi,Magic number,__init__,13,/Volumes/BrokeExt/NICHE/hrpan_tetris_mcts/model/yogi.py,Magic number 0.999 used in __init__.
hrpan_tetris_mcts.tools,plot_dump,,Magic number,plot_data,20,/Volumes/BrokeExt/NICHE/hrpan_tetris_mcts/tools/plot_dump.py,Magic number 200 used in plot_data.
hrpan_tetris_mcts.tools,plot_response,,Long method,plot_data,39 - 142,/Volumes/BrokeExt/NICHE/hrpan_tetris_mcts/tools/plot_response.py,Method 'plot_data' is too long (88 lines).
hrpan_tetris_mcts.tools,plot_response,,Long parameter list,plot_data,39 - 142,/Volumes/BrokeExt/NICHE/hrpan_tetris_mcts/tools/plot_response.py,"plot_data has 6 parameters, exceeding the max of 5."
hrpan_tetris_mcts.tools,plot_response,,Long statement,plot_data,43,/Volumes/BrokeExt/NICHE/hrpan_tetris_mcts/tools/plot_response.py,A line with 207 chars in plot_data exceeds the maximum length of 120 characters.
hrpan_tetris_mcts.tools,plot_response,,Long statement,plot_data,46,/Volumes/BrokeExt/NICHE/hrpan_tetris_mcts/tools/plot_response.py,A line with 148 chars in plot_data exceeds the maximum length of 120 characters.
hrpan_tetris_mcts.tools,plot_response,,Long statement,plot_data,48,/Volumes/BrokeExt/NICHE/hrpan_tetris_mcts/tools/plot_response.py,A line with 163 chars in plot_data exceeds the maximum length of 120 characters.
hrpan_tetris_mcts.tools,plot_response,,Magic number,plot_data,39,/Volumes/BrokeExt/NICHE/hrpan_tetris_mcts/tools/plot_response.py,Magic number 100 used in plot_data.
hrpan_tetris_mcts.tools,plot_response,,Magic number,plot_data,44,/Volumes/BrokeExt/NICHE/hrpan_tetris_mcts/tools/plot_response.py,Magic number 2 used in plot_data.
hrpan_tetris_mcts.tools,replay,,Magic number,drawPolicy,62,/Volumes/BrokeExt/NICHE/hrpan_tetris_mcts/tools/replay.py,Magic number 10 used in drawPolicy.
hrpan_tetris_mcts.tools,replay,,Magic number,drawPolicy,62,/Volumes/BrokeExt/NICHE/hrpan_tetris_mcts/tools/replay.py,Magic number 100 used in drawPolicy.
hrpan_tetris_mcts.tools,replay,,Magic number,drawPolicy,66,/Volumes/BrokeExt/NICHE/hrpan_tetris_mcts/tools/replay.py,Magic number 2 used in drawPolicy.
hrpan_tetris_mcts.tools,test,,Long statement,,44,/Volumes/BrokeExt/NICHE/hrpan_tetris_mcts/tools/test.py,A line with 130 chars in test exceeds the maximum length of 120 characters.
hrpan_tetris_mcts.tools,test,,Long statement,,53,/Volumes/BrokeExt/NICHE/hrpan_tetris_mcts/tools/test.py,A line with 160 chars in test exceeds the maximum length of 120 characters.
hrpan_tetris_mcts.tools,train_dump,,Long statement,,17,/Volumes/BrokeExt/NICHE/hrpan_tetris_mcts/tools/train_dump.py,A line with 182 chars in train_dump exceeds the maximum length of 120 characters.
hrpan_tetris_mcts.util,Data,DataSaver,Complex method,add,63 - 96,/Volumes/BrokeExt/NICHE/hrpan_tetris_mcts/util/Data.py,"Method 'add' has a cyclomatic complexity of 7, exceeding the max of 6."
hrpan_tetris_mcts.util,Data,DataSaver,Long parameter list,add_raw,98 - 122,/Volumes/BrokeExt/NICHE/hrpan_tetris_mcts/util/Data.py,"add_raw has 11 parameters, exceeding the max of 5."
hrpan_tetris_mcts.util,Data,,Magic number,keyFile,9,/Volumes/BrokeExt/NICHE/hrpan_tetris_mcts/util/Data.py,Magic number 4 used in keyFile.
hrpan_tetris_mcts.util,Data,DataSaver,Magic number,__init__,44,/Volumes/BrokeExt/NICHE/hrpan_tetris_mcts/util/Data.py,Magic number 500 used in __init__.
hrpan_tetris_mcts.util,Data,LossSaver,Magic number,__init__,202,/Volumes/BrokeExt/NICHE/hrpan_tetris_mcts/util/Data.py,Magic number 512 used in __init__.
hrpan_tetris_mcts.util,Data,LossSaver,Magic number,add,208,/Volumes/BrokeExt/NICHE/hrpan_tetris_mcts/util/Data.py,Magic number 2 used in add.
hrpan_tetris_mcts.util,Data,LossSaver,Magic number,add,209,/Volumes/BrokeExt/NICHE/hrpan_tetris_mcts/util/Data.py,Magic number 3 used in add.
hrpan_tetris_mcts.util,Data,LossSaver,Magic number,add,210,/Volumes/BrokeExt/NICHE/hrpan_tetris_mcts/util/Data.py,Magic number 4 used in add.
hrpan_tetris_mcts.util,Data,LossSaver,Magic number,add,211,/Volumes/BrokeExt/NICHE/hrpan_tetris_mcts/util/Data.py,Magic number 5 used in add.
hrpan_tetris_mcts.util,Data,LossSaver,Magic number,add,212,/Volumes/BrokeExt/NICHE/hrpan_tetris_mcts/util/Data.py,Magic number 6 used in add.
hrpan_tetris_mcts.util,Data,LossSaver,Magic number,add,213,/Volumes/BrokeExt/NICHE/hrpan_tetris_mcts/util/Data.py,Magic number 7 used in add.
hrpan_tetris_mcts.util,Data,LossSaver,Magic number,add,214,/Volumes/BrokeExt/NICHE/hrpan_tetris_mcts/util/Data.py,Magic number 8 used in add.
hrpan_tetris_mcts.util,Data,LossSaver,Magic number,add_raw,227,/Volumes/BrokeExt/NICHE/hrpan_tetris_mcts/util/Data.py,Magic number 2 used in add_raw.
hrpan_tetris_mcts.util,Data,LossSaver,Magic number,add_raw,228,/Volumes/BrokeExt/NICHE/hrpan_tetris_mcts/util/Data.py,Magic number 3 used in add_raw.
hrpan_tetris_mcts.util,Data,LossSaver,Magic number,add_raw,229,/Volumes/BrokeExt/NICHE/hrpan_tetris_mcts/util/Data.py,Magic number 4 used in add_raw.
hrpan_tetris_mcts.util,Data,LossSaver,Magic number,add_raw,230,/Volumes/BrokeExt/NICHE/hrpan_tetris_mcts/util/Data.py,Magic number 5 used in add_raw.
hrpan_tetris_mcts.util,Data,LossSaver,Magic number,add_raw,231,/Volumes/BrokeExt/NICHE/hrpan_tetris_mcts/util/Data.py,Magic number 6 used in add_raw.
hrpan_tetris_mcts.util,Data,LossSaver,Magic number,add_raw,232,/Volumes/BrokeExt/NICHE/hrpan_tetris_mcts/util/Data.py,Magic number 7 used in add_raw.
hrpan_tetris_mcts.util,Data,LossSaver,Magic number,add_raw,233,/Volumes/BrokeExt/NICHE/hrpan_tetris_mcts/util/Data.py,Magic number 8 used in add_raw.
hrpan_tetris_mcts.util,gui,GUI,Magic number,__init__,7,/Volumes/BrokeExt/NICHE/hrpan_tetris_mcts/util/gui.py,Magic number 20 used in __init__.
hrpan_tetris_mcts.util,gui,GUI,Magic number,__init__,7,/Volumes/BrokeExt/NICHE/hrpan_tetris_mcts/util/gui.py,Magic number 22 used in __init__.
hrpan_tetris_mcts.util,gui,GUI,Magic number,__init__,7,/Volumes/BrokeExt/NICHE/hrpan_tetris_mcts/util/gui.py,Magic number 10 used in __init__.
hrpan_tetris_mcts.util,gui_sdl2,GUI,Magic number,__init__,14,/Volumes/BrokeExt/NICHE/hrpan_tetris_mcts/util/gui_sdl2.py,Magic number 20 used in __init__.
hrpan_tetris_mcts.web,parseLog,Parser,Complex conditional,parse,158,/Volumes/BrokeExt/NICHE/hrpan_tetris_mcts/web/parseLog.py,"A conditional in parse has 4 conditions, more than the recommended maximum 3 conditions."
hrpan_tetris_mcts.web,parseLog,Parser,Complex method,parse,58 - 163,/Volumes/BrokeExt/NICHE/hrpan_tetris_mcts/web/parseLog.py,"Method 'parse' has a cyclomatic complexity of 21, exceeding the max of 6."
hrpan_tetris_mcts.web,parseLog,Parser,Long method,parse,58 - 163,/Volumes/BrokeExt/NICHE/hrpan_tetris_mcts/web/parseLog.py,Method 'parse' is too long (103 lines).
hrpan_tetris_mcts.web,parseLog,Parser,Long statement,parse,62,/Volumes/BrokeExt/NICHE/hrpan_tetris_mcts/web/parseLog.py,A line with 214 chars in parse exceeds the maximum length of 120 characters.
hrpan_tetris_mcts.web,parseLog,BoardParser,Magic number,update,25,/Volumes/BrokeExt/NICHE/hrpan_tetris_mcts/web/parseLog.py,Magic number 200 used in update.
hrpan_tetris_mcts.web,web,,Complex method,parseLog,34 - 123,/Volumes/BrokeExt/NICHE/hrpan_tetris_mcts/web/web.py,"Method 'parseLog' has a cyclomatic complexity of 13, exceeding the max of 6."
hrpan_tetris_mcts.web,web,,Complex method,check_model,126 - 157,/Volumes/BrokeExt/NICHE/hrpan_tetris_mcts/web/web.py,"Method 'check_model' has a cyclomatic complexity of 7, exceeding the max of 6."
hrpan_tetris_mcts.web,web,,Empty catch block,check_model,137,/Volumes/BrokeExt/NICHE/hrpan_tetris_mcts/web/web.py,Empty catch block found in check_model.
hrpan_tetris_mcts.web,web,,Empty catch block,check_model,153,/Volumes/BrokeExt/NICHE/hrpan_tetris_mcts/web/web.py,Empty catch block found in check_model.
hrpan_tetris_mcts.web,web,,Long method,parseLog,34 - 123,/Volumes/BrokeExt/NICHE/hrpan_tetris_mcts/web/web.py,Method 'parseLog' is too long (87 lines).
hrpan_tetris_mcts.web,web,,Long statement,parseLog,52,/Volumes/BrokeExt/NICHE/hrpan_tetris_mcts/web/web.py,A line with 133 chars in parseLog exceeds the maximum length of 120 characters.
hrpan_tetris_mcts.web,web_dash,,Long method,log_parser_update,269 - 347,/Volumes/BrokeExt/NICHE/hrpan_tetris_mcts/web/web_dash.py,Method 'log_parser_update' is too long (79 lines).
hrpan_tetris_mcts.web,web_dash,,Long statement,log_parser_update,336,/Volumes/BrokeExt/NICHE/hrpan_tetris_mcts/web/web_dash.py,A line with 226 chars in log_parser_update exceeds the maximum length of 120 characters.
hrpan_tetris_mcts.web,web_dash,,Long statement,,28,/Volumes/BrokeExt/NICHE/hrpan_tetris_mcts/web/web_dash.py,A line with 592 chars in web_dash exceeds the maximum length of 120 characters.
hrpan_tetris_mcts.web,web_dash,,Long statement,,52,/Volumes/BrokeExt/NICHE/hrpan_tetris_mcts/web/web_dash.py,A line with 717 chars in web_dash exceeds the maximum length of 120 characters.
hrpan_tetris_mcts.web,web_dash,,Long statement,,77,/Volumes/BrokeExt/NICHE/hrpan_tetris_mcts/web/web_dash.py,A line with 727 chars in web_dash exceeds the maximum length of 120 characters.
hrpan_tetris_mcts.web,web_dash,,Long statement,,102,/Volumes/BrokeExt/NICHE/hrpan_tetris_mcts/web/web_dash.py,A line with 695 chars in web_dash exceeds the maximum length of 120 characters.
hrpan_tetris_mcts.web,web_dash,,Long statement,,124,/Volumes/BrokeExt/NICHE/hrpan_tetris_mcts/web/web_dash.py,A line with 370 chars in web_dash exceeds the maximum length of 120 characters.
hrpan_tetris_mcts.web,web_dash,,Long statement,,143,/Volumes/BrokeExt/NICHE/hrpan_tetris_mcts/web/web_dash.py,A line with 385 chars in web_dash exceeds the maximum length of 120 characters.
hrpan_tetris_mcts.web,web_dash,,Long statement,,162,/Volumes/BrokeExt/NICHE/hrpan_tetris_mcts/web/web_dash.py,A line with 238 chars in web_dash exceeds the maximum length of 120 characters.
hrpan_tetris_mcts.web,web_dash,,Long statement,,174,/Volumes/BrokeExt/NICHE/hrpan_tetris_mcts/web/web_dash.py,A line with 1287 chars in web_dash exceeds the maximum length of 120 characters.
hrpan_tetris_mcts.web,web_dash,,Magic number,log_parser_update,329,/Volumes/BrokeExt/NICHE/hrpan_tetris_mcts/web/web_dash.py,Magic number 4 used in log_parser_update.
hrpan_tetris_mcts.web,web_dash,,Magic number,log_parser_update,317,/Volumes/BrokeExt/NICHE/hrpan_tetris_mcts/web/web_dash.py,Magic number 2 used in log_parser_update.
hrpan_tetris_mcts.web,web_dash,,Magic number,log_parser_update,318,/Volumes/BrokeExt/NICHE/hrpan_tetris_mcts/web/web_dash.py,Magic number 2 used in log_parser_update.
hrpan_tetris_mcts.web,web_dash,,Magic number,log_parser_update,286,/Volumes/BrokeExt/NICHE/hrpan_tetris_mcts/web/web_dash.py,Magic number 50 used in log_parser_update.
hrpan_tetris_mcts.web,web_dash,,Magic number,log_parser_update,286,/Volumes/BrokeExt/NICHE/hrpan_tetris_mcts/web/web_dash.py,Magic number 50 used in log_parser_update.
hrpan_tetris_mcts.web,web_dash,,Magic number,log_parser_update,289,/Volumes/BrokeExt/NICHE/hrpan_tetris_mcts/web/web_dash.py,Magic number 50 used in log_parser_update.
hrpan_tetris_mcts.web,web_dash,,Magic number,log_parser_update,289,/Volumes/BrokeExt/NICHE/hrpan_tetris_mcts/web/web_dash.py,Magic number 50 used in log_parser_update.
