Package,Module,Class,Smell,Function/Method,Line no,File,Details
RexYing_gnn-model-explainer,configs,,Long method,arg_parse,4 - 102,/Volumes/BrokeExt/NICHE/RexYing_gnn-model-explainer/configs.py,Method 'arg_parse' is too long (94 lines).
RexYing_gnn-model-explainer,configs,,Long statement,arg_parse,16,/Volumes/BrokeExt/NICHE/RexYing_gnn-model-explainer/configs.py,A line with 134 chars in arg_parse exceeds the maximum length of 120 characters.
RexYing_gnn-model-explainer,configs,,Long statement,arg_parse,20,/Volumes/BrokeExt/NICHE/RexYing_gnn-model-explainer/configs.py,A line with 154 chars in arg_parse exceeds the maximum length of 120 characters.
RexYing_gnn-model-explainer,configs,,Long statement,arg_parse,37,/Volumes/BrokeExt/NICHE/RexYing_gnn-model-explainer/configs.py,A line with 142 chars in arg_parse exceeds the maximum length of 120 characters.
RexYing_gnn-model-explainer,configs,,Long statement,arg_parse,43,/Volumes/BrokeExt/NICHE/RexYing_gnn-model-explainer/configs.py,A line with 130 chars in arg_parse exceeds the maximum length of 120 characters.
RexYing_gnn-model-explainer,configs,,Long statement,arg_parse,57,/Volumes/BrokeExt/NICHE/RexYing_gnn-model-explainer/configs.py,A line with 133 chars in arg_parse exceeds the maximum length of 120 characters.
RexYing_gnn-model-explainer,configs,,Long statement,arg_parse,59,/Volumes/BrokeExt/NICHE/RexYing_gnn-model-explainer/configs.py,A line with 131 chars in arg_parse exceeds the maximum length of 120 characters.
RexYing_gnn-model-explainer,configs,,Long statement,arg_parse,64,/Volumes/BrokeExt/NICHE/RexYing_gnn-model-explainer/configs.py,A line with 139 chars in arg_parse exceeds the maximum length of 120 characters.
RexYing_gnn-model-explainer,configs,,Long statement,arg_parse,75,/Volumes/BrokeExt/NICHE/RexYing_gnn-model-explainer/configs.py,A line with 422 chars in arg_parse exceeds the maximum length of 120 characters.
RexYing_gnn-model-explainer,explain_pyg,,Long method,syn_task1,40 - 104,/Volumes/BrokeExt/NICHE/RexYing_gnn-model-explainer/explain_pyg.py,Method 'syn_task1' is too long (47 lines).
RexYing_gnn-model-explainer,explain_pyg,,Magic number,syn_task1,100,/Volumes/BrokeExt/NICHE/RexYing_gnn-model-explainer/explain_pyg.py,Magic number 10 used in syn_task1.
RexYing_gnn-model-explainer,explainer_main,,Complex method,main,171 - 312,/Volumes/BrokeExt/NICHE/RexYing_gnn-model-explainer/explainer_main.py,"Method 'main' has a cyclomatic complexity of 21, exceeding the max of 6."
RexYing_gnn-model-explainer,explainer_main,,Long method,arg_parse,23 - 168,/Volumes/BrokeExt/NICHE/RexYing_gnn-model-explainer/explainer_main.py,Method 'arg_parse' is too long (140 lines).
RexYing_gnn-model-explainer,explainer_main,,Long method,main,171 - 312,/Volumes/BrokeExt/NICHE/RexYing_gnn-model-explainer/explainer_main.py,Method 'main' is too long (126 lines).
RexYing_gnn-model-explainer,explainer_main,,Long statement,arg_parse,35,/Volumes/BrokeExt/NICHE/RexYing_gnn-model-explainer/explainer_main.py,A line with 123 chars in arg_parse exceeds the maximum length of 120 characters.
RexYing_gnn-model-explainer,explainer_main,,Long statement,arg_parse,56,/Volumes/BrokeExt/NICHE/RexYing_gnn-model-explainer/explainer_main.py,A line with 133 chars in arg_parse exceeds the maximum length of 120 characters.
RexYing_gnn-model-explainer,explainer_main,,Long statement,arg_parse,62,/Volumes/BrokeExt/NICHE/RexYing_gnn-model-explainer/explainer_main.py,A line with 131 chars in arg_parse exceeds the maximum length of 120 characters.
RexYing_gnn-model-explainer,explainer_main,,Long statement,arg_parse,71,/Volumes/BrokeExt/NICHE/RexYing_gnn-model-explainer/explainer_main.py,A line with 139 chars in arg_parse exceeds the maximum length of 120 characters.
RexYing_gnn-model-explainer,explainer_main,,Long statement,arg_parse,79,/Volumes/BrokeExt/NICHE/RexYing_gnn-model-explainer/explainer_main.py,A line with 144 chars in arg_parse exceeds the maximum length of 120 characters.
RexYing_gnn-model-explainer,explainer_main,,Long statement,arg_parse,89,/Volumes/BrokeExt/NICHE/RexYing_gnn-model-explainer/explainer_main.py,A line with 147 chars in arg_parse exceeds the maximum length of 120 characters.
RexYing_gnn-model-explainer,explainer_main,,Long statement,arg_parse,103,/Volumes/BrokeExt/NICHE/RexYing_gnn-model-explainer/explainer_main.py,A line with 166 chars in arg_parse exceeds the maximum length of 120 characters.
RexYing_gnn-model-explainer,explainer_main,,Long statement,arg_parse,111,/Volumes/BrokeExt/NICHE/RexYing_gnn-model-explainer/explainer_main.py,A line with 189 chars in arg_parse exceeds the maximum length of 120 characters.
RexYing_gnn-model-explainer,explainer_main,,Long statement,arg_parse,117,/Volumes/BrokeExt/NICHE/RexYing_gnn-model-explainer/explainer_main.py,A line with 186 chars in arg_parse exceeds the maximum length of 120 characters.
RexYing_gnn-model-explainer,explainer_main,,Long statement,arg_parse,123,/Volumes/BrokeExt/NICHE/RexYing_gnn-model-explainer/explainer_main.py,A line with 128 chars in arg_parse exceeds the maximum length of 120 characters.
RexYing_gnn-model-explainer,explainer_main,,Long statement,arg_parse,143,/Volumes/BrokeExt/NICHE/RexYing_gnn-model-explainer/explainer_main.py,A line with 391 chars in arg_parse exceeds the maximum length of 120 characters.
RexYing_gnn-model-explainer,explainer_main,,Long statement,main,211,/Volumes/BrokeExt/NICHE/RexYing_gnn-model-explainer/explainer_main.py,A line with 212 chars in main exceeds the maximum length of 120 characters.
RexYing_gnn-model-explainer,explainer_main,,Long statement,main,225,/Volumes/BrokeExt/NICHE/RexYing_gnn-model-explainer/explainer_main.py,A line with 211 chars in main exceeds the maximum length of 120 characters.
RexYing_gnn-model-explainer,explainer_main,,Long statement,main,240,/Volumes/BrokeExt/NICHE/RexYing_gnn-model-explainer/explainer_main.py,A line with 268 chars in main exceeds the maximum length of 120 characters.
RexYing_gnn-model-explainer,explainer_main,,Magic number,main,195,/Volumes/BrokeExt/NICHE/RexYing_gnn-model-explainer/explainer_main.py,Magic number 2 used in main.
RexYing_gnn-model-explainer,explainer_main,,Magic number,main,196,/Volumes/BrokeExt/NICHE/RexYing_gnn-model-explainer/explainer_main.py,Magic number 2 used in main.
RexYing_gnn-model-explainer,explainer_main,,Magic number,main,268,/Volumes/BrokeExt/NICHE/RexYing_gnn-model-explainer/explainer_main.py,Magic number 30 used in main.
RexYing_gnn-model-explainer,explainer_main,,Magic number,main,297,/Volumes/BrokeExt/NICHE/RexYing_gnn-model-explainer/explainer_main.py,Magic number 4 used in main.
RexYing_gnn-model-explainer,gengraph,,Long statement,perturb,33,/Volumes/BrokeExt/NICHE/RexYing_gnn-model-explainer/gengraph.py,A line with 238 chars in perturb exceeds the maximum length of 120 characters.
RexYing_gnn-model-explainer,gengraph,,Long statement,join_graph,56,/Volumes/BrokeExt/NICHE/RexYing_gnn-model-explainer/gengraph.py,A line with 268 chars in join_graph exceeds the maximum length of 120 characters.
RexYing_gnn-model-explainer,gengraph,,Long statement,preprocess_input_graph,75,/Volumes/BrokeExt/NICHE/RexYing_gnn-model-explainer/gengraph.py,A line with 324 chars in preprocess_input_graph exceeds the maximum length of 120 characters.
RexYing_gnn-model-explainer,gengraph,,Long statement,gen_syn1,107,/Volumes/BrokeExt/NICHE/RexYing_gnn-model-explainer/gengraph.py,A line with 837 chars in gen_syn1 exceeds the maximum length of 120 characters.
RexYing_gnn-model-explainer,gengraph,,Long statement,gen_syn2,142,/Volumes/BrokeExt/NICHE/RexYing_gnn-model-explainer/gengraph.py,A line with 540 chars in gen_syn2 exceeds the maximum length of 120 characters.
RexYing_gnn-model-explainer,gengraph,,Long statement,gen_syn3,188,/Volumes/BrokeExt/NICHE/RexYing_gnn-model-explainer/gengraph.py,A line with 703 chars in gen_syn3 exceeds the maximum length of 120 characters.
RexYing_gnn-model-explainer,gengraph,,Long statement,gen_syn4,222,/Volumes/BrokeExt/NICHE/RexYing_gnn-model-explainer/gengraph.py,A line with 633 chars in gen_syn4 exceeds the maximum length of 120 characters.
RexYing_gnn-model-explainer,gengraph,,Long statement,gen_syn5,261,/Volumes/BrokeExt/NICHE/RexYing_gnn-model-explainer/gengraph.py,A line with 632 chars in gen_syn5 exceeds the maximum length of 120 characters.
RexYing_gnn-model-explainer,gengraph,,Magic number,gen_syn1,106,/Volumes/BrokeExt/NICHE/RexYing_gnn-model-explainer/gengraph.py,Magic number 80 used in gen_syn1.
RexYing_gnn-model-explainer,gengraph,,Magic number,gen_syn1,106,/Volumes/BrokeExt/NICHE/RexYing_gnn-model-explainer/gengraph.py,Magic number 300 used in gen_syn1.
RexYing_gnn-model-explainer,gengraph,,Magic number,gen_syn1,106,/Volumes/BrokeExt/NICHE/RexYing_gnn-model-explainer/gengraph.py,Magic number 5 used in gen_syn1.
RexYing_gnn-model-explainer,gengraph,,Magic number,gen_syn2,141,/Volumes/BrokeExt/NICHE/RexYing_gnn-model-explainer/gengraph.py,Magic number 100 used in gen_syn2.
RexYing_gnn-model-explainer,gengraph,,Magic number,gen_syn2,141,/Volumes/BrokeExt/NICHE/RexYing_gnn-model-explainer/gengraph.py,Magic number 350 used in gen_syn2.
RexYing_gnn-model-explainer,gengraph,,Magic number,gen_syn2,157,/Volumes/BrokeExt/NICHE/RexYing_gnn-model-explainer/gengraph.py,Magic number 8 used in gen_syn2.
RexYing_gnn-model-explainer,gengraph,,Magic number,gen_syn2,158,/Volumes/BrokeExt/NICHE/RexYing_gnn-model-explainer/gengraph.py,Magic number 8 used in gen_syn2.
RexYing_gnn-model-explainer,gengraph,,Magic number,gen_syn3,187,/Volumes/BrokeExt/NICHE/RexYing_gnn-model-explainer/gengraph.py,Magic number 80 used in gen_syn3.
RexYing_gnn-model-explainer,gengraph,,Magic number,gen_syn3,187,/Volumes/BrokeExt/NICHE/RexYing_gnn-model-explainer/gengraph.py,Magic number 300 used in gen_syn3.
RexYing_gnn-model-explainer,gengraph,,Magic number,gen_syn3,187,/Volumes/BrokeExt/NICHE/RexYing_gnn-model-explainer/gengraph.py,Magic number 5 used in gen_syn3.
RexYing_gnn-model-explainer,gengraph,,Magic number,gen_syn3,204,/Volumes/BrokeExt/NICHE/RexYing_gnn-model-explainer/gengraph.py,Magic number 3 used in gen_syn3.
RexYing_gnn-model-explainer,gengraph,,Magic number,gen_syn4,221,/Volumes/BrokeExt/NICHE/RexYing_gnn-model-explainer/gengraph.py,Magic number 60 used in gen_syn4.
RexYing_gnn-model-explainer,gengraph,,Magic number,gen_syn4,221,/Volumes/BrokeExt/NICHE/RexYing_gnn-model-explainer/gengraph.py,Magic number 8 used in gen_syn4.
RexYing_gnn-model-explainer,gengraph,,Magic number,gen_syn4,221,/Volumes/BrokeExt/NICHE/RexYing_gnn-model-explainer/gengraph.py,Magic number 4 used in gen_syn4.
RexYing_gnn-model-explainer,gengraph,,Magic number,gen_syn4,238,/Volumes/BrokeExt/NICHE/RexYing_gnn-model-explainer/gengraph.py,Magic number 6 used in gen_syn4.
RexYing_gnn-model-explainer,gengraph,,Magic number,gen_syn5,260,/Volumes/BrokeExt/NICHE/RexYing_gnn-model-explainer/gengraph.py,Magic number 80 used in gen_syn5.
RexYing_gnn-model-explainer,gengraph,,Magic number,gen_syn5,260,/Volumes/BrokeExt/NICHE/RexYing_gnn-model-explainer/gengraph.py,Magic number 8 used in gen_syn5.
RexYing_gnn-model-explainer,gengraph,,Magic number,gen_syn5,260,/Volumes/BrokeExt/NICHE/RexYing_gnn-model-explainer/gengraph.py,Magic number 3 used in gen_syn5.
RexYing_gnn-model-explainer,main,,Long statement,,74,/Volumes/BrokeExt/NICHE/RexYing_gnn-model-explainer/main.py,A line with 131 chars in main exceeds the maximum length of 120 characters.
RexYing_gnn-model-explainer,models,GraphConv,Complex method,__init__,10 - 54,/Volumes/BrokeExt/NICHE/RexYing_gnn-model-explainer/models.py,"Method '__init__' has a cyclomatic complexity of 9, exceeding the max of 6."
RexYing_gnn-model-explainer,models,GcnEncoderGraph,Complex method,__init__,84 - 146,/Volumes/BrokeExt/NICHE/RexYing_gnn-model-explainer/models.py,"Method '__init__' has a cyclomatic complexity of 9, exceeding the max of 6."
RexYing_gnn-model-explainer,models,GcnEncoderGraph,Complex method,forward,269 - 316,/Volumes/BrokeExt/NICHE/RexYing_gnn-model-explainer/models.py,"Method 'forward' has a cyclomatic complexity of 8, exceeding the max of 6."
RexYing_gnn-model-explainer,models,SoftPoolingGcnEncoder,Complex method,__init__,384 - 498,/Volumes/BrokeExt/NICHE/RexYing_gnn-model-explainer/models.py,"Method '__init__' has a cyclomatic complexity of 8, exceeding the max of 6."
RexYing_gnn-model-explainer,models,SoftPoolingGcnEncoder,Complex method,forward,500 - 581,/Volumes/BrokeExt/NICHE/RexYing_gnn-model-explainer/models.py,"Method 'forward' has a cyclomatic complexity of 10, exceeding the max of 6."
RexYing_gnn-model-explainer,models,GcnEncoderGraph,Long method,__init__,84 - 146,/Volumes/BrokeExt/NICHE/RexYing_gnn-model-explainer/models.py,Method '__init__' is too long (46 lines).
RexYing_gnn-model-explainer,models,SoftPoolingGcnEncoder,Long method,__init__,384 - 498,/Volumes/BrokeExt/NICHE/RexYing_gnn-model-explainer/models.py,Method '__init__' is too long (84 lines).
RexYing_gnn-model-explainer,models,SoftPoolingGcnEncoder,Long method,forward,500 - 581,/Volumes/BrokeExt/NICHE/RexYing_gnn-model-explainer/models.py,Method 'forward' is too long (67 lines).
RexYing_gnn-model-explainer,models,GraphConv,Long parameter list,__init__,10 - 54,/Volumes/BrokeExt/NICHE/RexYing_gnn-model-explainer/models.py,"__init__ has 8 parameters, exceeding the max of 5."
RexYing_gnn-model-explainer,models,GcnEncoderGraph,Long parameter list,__init__,84 - 146,/Volumes/BrokeExt/NICHE/RexYing_gnn-model-explainer/models.py,"__init__ has 11 parameters, exceeding the max of 5."
RexYing_gnn-model-explainer,models,GcnEncoderGraph,Long parameter list,build_conv_layers,148 - 191,/Volumes/BrokeExt/NICHE/RexYing_gnn-model-explainer/models.py,"build_conv_layers has 7 parameters, exceeding the max of 5."
RexYing_gnn-model-explainer,models,GcnEncoderGraph,Long parameter list,gcn_forward,230 - 267,/Volumes/BrokeExt/NICHE/RexYing_gnn-model-explainer/models.py,"gcn_forward has 6 parameters, exceeding the max of 5."
RexYing_gnn-model-explainer,models,GcnEncoderNode,Long parameter list,__init__,332 - 361,/Volumes/BrokeExt/NICHE/RexYing_gnn-model-explainer/models.py,"__init__ has 10 parameters, exceeding the max of 5."
RexYing_gnn-model-explainer,models,SoftPoolingGcnEncoder,Long parameter list,__init__,384 - 498,/Volumes/BrokeExt/NICHE/RexYing_gnn-model-explainer/models.py,"__init__ has 17 parameters, exceeding the max of 5."
RexYing_gnn-model-explainer,models,GcnEncoderGraph,Long statement,__init__,114,/Volumes/BrokeExt/NICHE/RexYing_gnn-model-explainer/models.py,A line with 168 chars in __init__ exceeds the maximum length of 120 characters.
RexYing_gnn-model-explainer,models,GcnEncoderGraph,Long statement,build_conv_layers,158,/Volumes/BrokeExt/NICHE/RexYing_gnn-model-explainer/models.py,A line with 160 chars in build_conv_layers exceeds the maximum length of 120 characters.
RexYing_gnn-model-explainer,models,GcnEncoderGraph,Long statement,build_conv_layers,167,/Volumes/BrokeExt/NICHE/RexYing_gnn-model-explainer/models.py,A line with 228 chars in build_conv_layers exceeds the maximum length of 120 characters.
RexYing_gnn-model-explainer,models,GcnEncoderGraph,Long statement,build_conv_layers,182,/Volumes/BrokeExt/NICHE/RexYing_gnn-model-explainer/models.py,A line with 163 chars in build_conv_layers exceeds the maximum length of 120 characters.
RexYing_gnn-model-explainer,models,GcnEncoderGraph,Long statement,construct_mask,210,/Volumes/BrokeExt/NICHE/RexYing_gnn-model-explainer/models.py,A line with 224 chars in construct_mask exceeds the maximum length of 120 characters.
RexYing_gnn-model-explainer,models,GcnEncoderGraph,Long statement,gcn_forward,234,/Volumes/BrokeExt/NICHE/RexYing_gnn-model-explainer/models.py,A line with 211 chars in gcn_forward exceeds the maximum length of 120 characters.
RexYing_gnn-model-explainer,models,GcnEncoderNode,Long statement,__init__,345,/Volumes/BrokeExt/NICHE/RexYing_gnn-model-explainer/models.py,A line with 147 chars in __init__ exceeds the maximum length of 120 characters.
RexYing_gnn-model-explainer,models,GcnEncoderNode,Long statement,forward,372,/Volumes/BrokeExt/NICHE/RexYing_gnn-model-explainer/models.py,A line with 125 chars in forward exceeds the maximum length of 120 characters.
RexYing_gnn-model-explainer,models,SoftPoolingGcnEncoder,Long statement,__init__,404,/Volumes/BrokeExt/NICHE/RexYing_gnn-model-explainer/models.py,A line with 226 chars in __init__ exceeds the maximum length of 120 characters.
RexYing_gnn-model-explainer,models,SoftPoolingGcnEncoder,Long statement,__init__,411,/Volumes/BrokeExt/NICHE/RexYing_gnn-model-explainer/models.py,A line with 165 chars in __init__ exceeds the maximum length of 120 characters.
RexYing_gnn-model-explainer,models,SoftPoolingGcnEncoder,Long statement,__init__,432,/Volumes/BrokeExt/NICHE/RexYing_gnn-model-explainer/models.py,A line with 181 chars in __init__ exceeds the maximum length of 120 characters.
RexYing_gnn-model-explainer,models,SoftPoolingGcnEncoder,Long statement,__init__,459,/Volumes/BrokeExt/NICHE/RexYing_gnn-model-explainer/models.py,A line with 190 chars in __init__ exceeds the maximum length of 120 characters.
RexYing_gnn-model-explainer,models,SoftPoolingGcnEncoder,Long statement,__init__,485,/Volumes/BrokeExt/NICHE/RexYing_gnn-model-explainer/models.py,A line with 136 chars in __init__ exceeds the maximum length of 120 characters.
RexYing_gnn-model-explainer,models,SoftPoolingGcnEncoder,Long statement,forward,539,/Volumes/BrokeExt/NICHE/RexYing_gnn-model-explainer/models.py,A line with 167 chars in forward exceeds the maximum length of 120 characters.
RexYing_gnn-model-explainer,models,SoftPoolingGcnEncoder,Long statement,forward,561,/Volumes/BrokeExt/NICHE/RexYing_gnn-model-explainer/models.py,A line with 135 chars in forward exceeds the maximum length of 120 characters.
RexYing_gnn-model-explainer,models,SoftPoolingGcnEncoder,Long statement,loss,584,/Volumes/BrokeExt/NICHE/RexYing_gnn-model-explainer/models.py,A line with 121 chars in loss exceeds the maximum length of 120 characters.
RexYing_gnn-model-explainer,models,GraphConv,Magic number,__init__,25,/Volumes/BrokeExt/NICHE/RexYing_gnn-model-explainer/models.py,Magic number 0.001 used in __init__.
RexYing_gnn-model-explainer,models,GraphConv,Magic number,forward,59,/Volumes/BrokeExt/NICHE/RexYing_gnn-model-explainer/models.py,Magic number 0.001 used in forward.
RexYing_gnn-model-explainer,models,GcnEncoderGraph,Magic number,forward,302,/Volumes/BrokeExt/NICHE/RexYing_gnn-model-explainer/models.py,Magic number 2 used in forward.
RexYing_gnn-model-explainer,models,GcnEncoderGraph,Magic number,forward,293,/Volumes/BrokeExt/NICHE/RexYing_gnn-model-explainer/models.py,Magic number 2 used in forward.
RexYing_gnn-model-explainer,models,SoftPoolingGcnEncoder,Magic number,__init__,393,/Volumes/BrokeExt/NICHE/RexYing_gnn-model-explainer/models.py,Magic number 0.25 used in __init__.
RexYing_gnn-model-explainer,models,SoftPoolingGcnEncoder,Magic number,__init__,396,/Volumes/BrokeExt/NICHE/RexYing_gnn-model-explainer/models.py,Magic number 50 used in __init__.
RexYing_gnn-model-explainer,models,SoftPoolingGcnEncoder,Magic number,forward,529,/Volumes/BrokeExt/NICHE/RexYing_gnn-model-explainer/models.py,Magic number 2 used in forward.
RexYing_gnn-model-explainer,models,SoftPoolingGcnEncoder,Magic number,forward,571,/Volumes/BrokeExt/NICHE/RexYing_gnn-model-explainer/models.py,Magic number 2 used in forward.
RexYing_gnn-model-explainer,models,SoftPoolingGcnEncoder,Magic number,loss,588,/Volumes/BrokeExt/NICHE/RexYing_gnn-model-explainer/models.py,Magic number 1e-07 used in loss.
RexYing_gnn-model-explainer,models_pyg,GCNNet,Long parameter list,__init__,7 - 31,/Volumes/BrokeExt/NICHE/RexYing_gnn-model-explainer/models_pyg.py,"__init__ has 10 parameters, exceeding the max of 5."
RexYing_gnn-model-explainer,train,,Complex method,train,132 - 261,/Volumes/BrokeExt/NICHE/RexYing_gnn-model-explainer/train.py,"Method 'train' has a cyclomatic complexity of 17, exceeding the max of 6."
RexYing_gnn-model-explainer,train,,Complex method,train_node_classifier,264 - 361,/Volumes/BrokeExt/NICHE/RexYing_gnn-model-explainer/train.py,"Method 'train_node_classifier' has a cyclomatic complexity of 8, exceeding the max of 6."
RexYing_gnn-model-explainer,train,,Complex method,train_node_classifier_multigraph,364 - 484,/Volumes/BrokeExt/NICHE/RexYing_gnn-model-explainer/train.py,"Method 'train_node_classifier_multigraph' has a cyclomatic complexity of 8, exceeding the max of 6."
RexYing_gnn-model-explainer,train,,Complex method,benchmark_task,869 - 934,/Volumes/BrokeExt/NICHE/RexYing_gnn-model-explainer/train.py,"Method 'benchmark_task' has a cyclomatic complexity of 9, exceeding the max of 6."
RexYing_gnn-model-explainer,train,,Complex method,benchmark_task_val,937 - 987,/Volumes/BrokeExt/NICHE/RexYing_gnn-model-explainer/train.py,"Method 'benchmark_task_val' has a cyclomatic complexity of 9, exceeding the max of 6."
RexYing_gnn-model-explainer,train,,Complex method,main,1142 - 1175,/Volumes/BrokeExt/NICHE/RexYing_gnn-model-explainer/train.py,"Method 'main' has a cyclomatic complexity of 12, exceeding the max of 6."
RexYing_gnn-model-explainer,train,,Long identifier,train_node_classifier_multigraph,364,/Volumes/BrokeExt/NICHE/RexYing_gnn-model-explainer/train.py,Identifier'train_node_classifier_multigraph' exceeds the maximum length of 30 characters.
RexYing_gnn-model-explainer,train,,Long method,prepare_data,46 - 123,/Volumes/BrokeExt/NICHE/RexYing_gnn-model-explainer/train.py,Method 'prepare_data' is too long (72 lines).
RexYing_gnn-model-explainer,train,,Long method,train,132 - 261,/Volumes/BrokeExt/NICHE/RexYing_gnn-model-explainer/train.py,Method 'train' is too long (116 lines).
RexYing_gnn-model-explainer,train,,Long method,train_node_classifier,264 - 361,/Volumes/BrokeExt/NICHE/RexYing_gnn-model-explainer/train.py,Method 'train_node_classifier' is too long (91 lines).
RexYing_gnn-model-explainer,train,,Long method,train_node_classifier_multigraph,364 - 484,/Volumes/BrokeExt/NICHE/RexYing_gnn-model-explainer/train.py,Method 'train_node_classifier_multigraph' is too long (115 lines).
RexYing_gnn-model-explainer,train,,Long method,enron_task_multigraph,770 - 813,/Volumes/BrokeExt/NICHE/RexYing_gnn-model-explainer/train.py,Method 'enron_task_multigraph' is too long (44 lines).
RexYing_gnn-model-explainer,train,,Long method,enron_task,816 - 866,/Volumes/BrokeExt/NICHE/RexYing_gnn-model-explainer/train.py,Method 'enron_task' is too long (51 lines).
RexYing_gnn-model-explainer,train,,Long method,benchmark_task,869 - 934,/Volumes/BrokeExt/NICHE/RexYing_gnn-model-explainer/train.py,Method 'benchmark_task' is too long (63 lines).
RexYing_gnn-model-explainer,train,,Long method,benchmark_task_val,937 - 987,/Volumes/BrokeExt/NICHE/RexYing_gnn-model-explainer/train.py,Method 'benchmark_task_val' is too long (48 lines).
RexYing_gnn-model-explainer,train,,Long method,arg_parse,990 - 1139,/Volumes/BrokeExt/NICHE/RexYing_gnn-model-explainer/train.py,Method 'arg_parse' is too long (145 lines).
RexYing_gnn-model-explainer,train,,Long parameter list,train,132 - 261,/Volumes/BrokeExt/NICHE/RexYing_gnn-model-explainer/train.py,"train has 8 parameters, exceeding the max of 5."
RexYing_gnn-model-explainer,train,,Long statement,prepare_data,59,/Volumes/BrokeExt/NICHE/RexYing_gnn-model-explainer/train.py,A line with 139 chars in prepare_data exceeds the maximum length of 120 characters.
RexYing_gnn-model-explainer,train,,Long statement,prepare_data,70,/Volumes/BrokeExt/NICHE/RexYing_gnn-model-explainer/train.py,A line with 217 chars in prepare_data exceeds the maximum length of 120 characters.
RexYing_gnn-model-explainer,train,,Long statement,prepare_data,78,/Volumes/BrokeExt/NICHE/RexYing_gnn-model-explainer/train.py,A line with 126 chars in prepare_data exceeds the maximum length of 120 characters.
RexYing_gnn-model-explainer,train,,Long statement,prepare_data,84,/Volumes/BrokeExt/NICHE/RexYing_gnn-model-explainer/train.py,A line with 139 chars in prepare_data exceeds the maximum length of 120 characters.
RexYing_gnn-model-explainer,train,,Long statement,prepare_data,91,/Volumes/BrokeExt/NICHE/RexYing_gnn-model-explainer/train.py,A line with 124 chars in prepare_data exceeds the maximum length of 120 characters.
RexYing_gnn-model-explainer,train,,Long statement,prepare_data,97,/Volumes/BrokeExt/NICHE/RexYing_gnn-model-explainer/train.py,A line with 138 chars in prepare_data exceeds the maximum length of 120 characters.
RexYing_gnn-model-explainer,train,,Long statement,prepare_data,104,/Volumes/BrokeExt/NICHE/RexYing_gnn-model-explainer/train.py,A line with 125 chars in prepare_data exceeds the maximum length of 120 characters.
RexYing_gnn-model-explainer,train,,Long statement,prepare_data,110,/Volumes/BrokeExt/NICHE/RexYing_gnn-model-explainer/train.py,A line with 139 chars in prepare_data exceeds the maximum length of 120 characters.
RexYing_gnn-model-explainer,train,,Long statement,prepare_data,117,/Volumes/BrokeExt/NICHE/RexYing_gnn-model-explainer/train.py,A line with 160 chars in prepare_data exceeds the maximum length of 120 characters.
RexYing_gnn-model-explainer,train,,Long statement,train_node_classifier,324,/Volumes/BrokeExt/NICHE/RexYing_gnn-model-explainer/train.py,A line with 246 chars in train_node_classifier exceeds the maximum length of 120 characters.
RexYing_gnn-model-explainer,train,,Long statement,train_node_classifier_multigraph,453,/Volumes/BrokeExt/NICHE/RexYing_gnn-model-explainer/train.py,A line with 168 chars in train_node_classifier_multigraph exceeds the maximum length of 120 characters.
RexYing_gnn-model-explainer,train,,Long statement,ppi_essential_task,576,/Volumes/BrokeExt/NICHE/RexYing_gnn-model-explainer/train.py,A line with 130 chars in ppi_essential_task exceeds the maximum length of 120 characters.
RexYing_gnn-model-explainer,train,,Long statement,syn_task1,600,/Volumes/BrokeExt/NICHE/RexYing_gnn-model-explainer/train.py,A line with 135 chars in syn_task1 exceeds the maximum length of 120 characters.
RexYing_gnn-model-explainer,train,,Long statement,syn_task1,611,/Volumes/BrokeExt/NICHE/RexYing_gnn-model-explainer/train.py,A line with 135 chars in syn_task1 exceeds the maximum length of 120 characters.
RexYing_gnn-model-explainer,train,,Long statement,syn_task2,636,/Volumes/BrokeExt/NICHE/RexYing_gnn-model-explainer/train.py,A line with 130 chars in syn_task2 exceeds the maximum length of 120 characters.
RexYing_gnn-model-explainer,train,,Long statement,syn_task3,663,/Volumes/BrokeExt/NICHE/RexYing_gnn-model-explainer/train.py,A line with 135 chars in syn_task3 exceeds the maximum length of 120 characters.
RexYing_gnn-model-explainer,train,,Long statement,syn_task4,690,/Volumes/BrokeExt/NICHE/RexYing_gnn-model-explainer/train.py,A line with 135 chars in syn_task4 exceeds the maximum length of 120 characters.
RexYing_gnn-model-explainer,train,,Long statement,syn_task5,719,/Volumes/BrokeExt/NICHE/RexYing_gnn-model-explainer/train.py,A line with 135 chars in syn_task5 exceeds the maximum length of 120 characters.
RexYing_gnn-model-explainer,train,,Long statement,pkl_task,758,/Volumes/BrokeExt/NICHE/RexYing_gnn-model-explainer/train.py,A line with 137 chars in pkl_task exceeds the maximum length of 120 characters.
RexYing_gnn-model-explainer,train,,Long statement,enron_task_multigraph,797,/Volumes/BrokeExt/NICHE/RexYing_gnn-model-explainer/train.py,A line with 140 chars in enron_task_multigraph exceeds the maximum length of 120 characters.
RexYing_gnn-model-explainer,train,,Long statement,enron_task,845,/Volumes/BrokeExt/NICHE/RexYing_gnn-model-explainer/train.py,A line with 140 chars in enron_task exceeds the maximum length of 120 characters.
RexYing_gnn-model-explainer,train,,Long statement,benchmark_task,892,/Volumes/BrokeExt/NICHE/RexYing_gnn-model-explainer/train.py,A line with 141 chars in benchmark_task exceeds the maximum length of 120 characters.
RexYing_gnn-model-explainer,train,,Long statement,benchmark_task,897,/Volumes/BrokeExt/NICHE/RexYing_gnn-model-explainer/train.py,A line with 321 chars in benchmark_task exceeds the maximum length of 120 characters.
RexYing_gnn-model-explainer,train,,Long statement,benchmark_task,915,/Volumes/BrokeExt/NICHE/RexYing_gnn-model-explainer/train.py,A line with 165 chars in benchmark_task exceeds the maximum length of 120 characters.
RexYing_gnn-model-explainer,train,,Long statement,benchmark_task_val,959,/Volumes/BrokeExt/NICHE/RexYing_gnn-model-explainer/train.py,A line with 144 chars in benchmark_task_val exceeds the maximum length of 120 characters.
RexYing_gnn-model-explainer,train,,Long statement,benchmark_task_val,963,/Volumes/BrokeExt/NICHE/RexYing_gnn-model-explainer/train.py,A line with 165 chars in benchmark_task_val exceeds the maximum length of 120 characters.
RexYing_gnn-model-explainer,train,,Long statement,arg_parse,1001,/Volumes/BrokeExt/NICHE/RexYing_gnn-model-explainer/train.py,A line with 134 chars in arg_parse exceeds the maximum length of 120 characters.
RexYing_gnn-model-explainer,train,,Long statement,arg_parse,1010,/Volumes/BrokeExt/NICHE/RexYing_gnn-model-explainer/train.py,A line with 154 chars in arg_parse exceeds the maximum length of 120 characters.
RexYing_gnn-model-explainer,train,,Long statement,arg_parse,1035,/Volumes/BrokeExt/NICHE/RexYing_gnn-model-explainer/train.py,A line with 142 chars in arg_parse exceeds the maximum length of 120 characters.
RexYing_gnn-model-explainer,train,,Long statement,arg_parse,1045,/Volumes/BrokeExt/NICHE/RexYing_gnn-model-explainer/train.py,A line with 130 chars in arg_parse exceeds the maximum length of 120 characters.
RexYing_gnn-model-explainer,train,,Long statement,arg_parse,1074,/Volumes/BrokeExt/NICHE/RexYing_gnn-model-explainer/train.py,A line with 133 chars in arg_parse exceeds the maximum length of 120 characters.
RexYing_gnn-model-explainer,train,,Long statement,arg_parse,1080,/Volumes/BrokeExt/NICHE/RexYing_gnn-model-explainer/train.py,A line with 131 chars in arg_parse exceeds the maximum length of 120 characters.
RexYing_gnn-model-explainer,train,,Long statement,arg_parse,1089,/Volumes/BrokeExt/NICHE/RexYing_gnn-model-explainer/train.py,A line with 139 chars in arg_parse exceeds the maximum length of 120 characters.
RexYing_gnn-model-explainer,train,,Long statement,arg_parse,1111,/Volumes/BrokeExt/NICHE/RexYing_gnn-model-explainer/train.py,A line with 422 chars in arg_parse exceeds the maximum length of 120 characters.
RexYing_gnn-model-explainer,train,,Magic number,train,142,/Volumes/BrokeExt/NICHE/RexYing_gnn-model-explainer/train.py,Magic number 3 used in train.
RexYing_gnn-model-explainer,train,,Magic number,train,142,/Volumes/BrokeExt/NICHE/RexYing_gnn-model-explainer/train.py,Magic number 6 used in train.
RexYing_gnn-model-explainer,train,,Magic number,train,142,/Volumes/BrokeExt/NICHE/RexYing_gnn-model-explainer/train.py,Magic number 9 used in train.
RexYing_gnn-model-explainer,train,,Magic number,train,189,/Volumes/BrokeExt/NICHE/RexYing_gnn-model-explainer/train.py,Magic number 5 used in train.
RexYing_gnn-model-explainer,train,,Magic number,train,215,/Volumes/BrokeExt/NICHE/RexYing_gnn-model-explainer/train.py,Magic number 1e-07 used in train.
RexYing_gnn-model-explainer,train,,Magic number,train,173,/Volumes/BrokeExt/NICHE/RexYing_gnn-model-explainer/train.py,Magic number 20 used in train.
RexYing_gnn-model-explainer,train,,Magic number,train_node_classifier,323,/Volumes/BrokeExt/NICHE/RexYing_gnn-model-explainer/train.py,Magic number 10 used in train_node_classifier.
RexYing_gnn-model-explainer,train,,Magic number,pkl_task,740,/Volumes/BrokeExt/NICHE/RexYing_gnn-model-explainer/train.py,Magic number 2 used in pkl_task.
RexYing_gnn-model-explainer,train,,Magic number,pkl_task,741,/Volumes/BrokeExt/NICHE/RexYing_gnn-model-explainer/train.py,Magic number 3 used in pkl_task.
RexYing_gnn-model-explainer,train,,Magic number,enron_task_multigraph,779,/Volumes/BrokeExt/NICHE/RexYing_gnn-model-explainer/train.py,Magic number 183 used in enron_task_multigraph.
RexYing_gnn-model-explainer,train,,Magic number,enron_task_multigraph,772,/Volumes/BrokeExt/NICHE/RexYing_gnn-model-explainer/train.py,Magic number 5 used in enron_task_multigraph.
RexYing_gnn-model-explainer,train,,Magic number,enron_task_multigraph,775,/Volumes/BrokeExt/NICHE/RexYing_gnn-model-explainer/train.py,Magic number 2 used in enron_task_multigraph.
RexYing_gnn-model-explainer,train,,Magic number,enron_task_multigraph,776,/Volumes/BrokeExt/NICHE/RexYing_gnn-model-explainer/train.py,Magic number 3 used in enron_task_multigraph.
RexYing_gnn-model-explainer,train,,Magic number,enron_task_multigraph,777,/Volumes/BrokeExt/NICHE/RexYing_gnn-model-explainer/train.py,Magic number 4 used in enron_task_multigraph.
RexYing_gnn-model-explainer,train,,Magic number,enron_task,825,/Volumes/BrokeExt/NICHE/RexYing_gnn-model-explainer/train.py,Magic number 183 used in enron_task.
RexYing_gnn-model-explainer,train,,Magic number,enron_task,818,/Volumes/BrokeExt/NICHE/RexYing_gnn-model-explainer/train.py,Magic number 5 used in enron_task.
RexYing_gnn-model-explainer,train,,Magic number,enron_task,821,/Volumes/BrokeExt/NICHE/RexYing_gnn-model-explainer/train.py,Magic number 2 used in enron_task.
RexYing_gnn-model-explainer,train,,Magic number,enron_task,822,/Volumes/BrokeExt/NICHE/RexYing_gnn-model-explainer/train.py,Magic number 3 used in enron_task.
RexYing_gnn-model-explainer,train,,Magic number,enron_task,823,/Volumes/BrokeExt/NICHE/RexYing_gnn-model-explainer/train.py,Magic number 4 used in enron_task.
RexYing_gnn-model-explainer.explainer,explain,Explainer,Complex method,explain,74 - 221,/Volumes/BrokeExt/NICHE/RexYing_gnn-model-explainer/explainer/explain.py,"Method 'explain' has a cyclomatic complexity of 14, exceeding the max of 6."
RexYing_gnn-model-explainer.explainer,explain,Explainer,Complex method,make_pred_real,535 - 579,/Volumes/BrokeExt/NICHE/RexYing_gnn-model-explainer/explainer/explain.py,"Method 'make_pred_real' has a cyclomatic complexity of 16, exceeding the max of 6."
RexYing_gnn-model-explainer.explainer,explain,ExplainModule,Complex method,loss,740 - 820,/Volumes/BrokeExt/NICHE/RexYing_gnn-model-explainer/explainer/explain.py,"Method 'loss' has a cyclomatic complexity of 7, exceeding the max of 6."
RexYing_gnn-model-explainer.explainer,explain,Explainer,Long method,explain,74 - 221,/Volumes/BrokeExt/NICHE/RexYing_gnn-model-explainer/explainer/explain.py,Method 'explain' is too long (134 lines).
RexYing_gnn-model-explainer.explainer,explain,Explainer,Long method,explain_nodes,225 - 292,/Volumes/BrokeExt/NICHE/RexYing_gnn-model-explainer/explainer/explain.py,Method 'explain_nodes' is too long (50 lines).
RexYing_gnn-model-explainer.explainer,explain,Explainer,Long method,explain_nodes_gnn_stats,295 - 353,/Volumes/BrokeExt/NICHE/RexYing_gnn-model-explainer/explainer/explain.py,Method 'explain_nodes_gnn_stats' is too long (49 lines).
RexYing_gnn-model-explainer.explainer,explain,Explainer,Long method,explain_graphs,356 - 402,/Volumes/BrokeExt/NICHE/RexYing_gnn-model-explainer/explainer/explain.py,Method 'explain_graphs' is too long (42 lines).
RexYing_gnn-model-explainer.explainer,explain,Explainer,Long method,log_representer,404 - 462,/Volumes/BrokeExt/NICHE/RexYing_gnn-model-explainer/explainer/explain.py,Method 'log_representer' is too long (58 lines).
RexYing_gnn-model-explainer.explainer,explain,Explainer,Long method,make_pred_real,535 - 579,/Volumes/BrokeExt/NICHE/RexYing_gnn-model-explainer/explainer/explain.py,Method 'make_pred_real' is too long (43 lines).
RexYing_gnn-model-explainer.explainer,explain,ExplainModule,Long method,loss,740 - 820,/Volumes/BrokeExt/NICHE/RexYing_gnn-model-explainer/explainer/explain.py,Method 'loss' is too long (55 lines).
RexYing_gnn-model-explainer.explainer,explain,ExplainModule,Long method,log_adj_grad,872 - 941,/Volumes/BrokeExt/NICHE/RexYing_gnn-model-explainer/explainer/explain.py,Method 'log_adj_grad' is too long (64 lines).
RexYing_gnn-model-explainer.explainer,explain,Explainer,Long parameter list,__init__,43 - 70,/Volumes/BrokeExt/NICHE/RexYing_gnn-model-explainer/explainer/explain.py,"__init__ has 11 parameters, exceeding the max of 5."
RexYing_gnn-model-explainer.explainer,explain,Explainer,Long parameter list,align,503 - 533,/Volumes/BrokeExt/NICHE/RexYing_gnn-model-explainer/explainer/explain.py,"align has 7 parameters, exceeding the max of 5."
RexYing_gnn-model-explainer.explainer,explain,ExplainModule,Long parameter list,__init__,583 - 630,/Volumes/BrokeExt/NICHE/RexYing_gnn-model-explainer/explainer/explain.py,"__init__ has 9 parameters, exceeding the max of 5."
RexYing_gnn-model-explainer.explainer,explain,Explainer,Long statement,__init__,67,/Volumes/BrokeExt/NICHE/RexYing_gnn-model-explainer/explainer/explain.py,A line with 130 chars in __init__ exceeds the maximum length of 120 characters.
RexYing_gnn-model-explainer.explainer,explain,Explainer,Long statement,explain,108,/Volumes/BrokeExt/NICHE/RexYing_gnn-model-explainer/explainer/explain.py,A line with 160 chars in explain exceeds the maximum length of 120 characters.
RexYing_gnn-model-explainer.explainer,explain,Explainer,Long statement,explain,195,/Volumes/BrokeExt/NICHE/RexYing_gnn-model-explainer/explainer/explain.py,A line with 140 chars in explain exceeds the maximum length of 120 characters.
RexYing_gnn-model-explainer.explainer,explain,Explainer,Long statement,explain,216,/Volumes/BrokeExt/NICHE/RexYing_gnn-model-explainer/explainer/explain.py,A line with 152 chars in explain exceeds the maximum length of 120 characters.
RexYing_gnn-model-explainer.explainer,explain,Explainer,Long statement,explain_nodes,226,/Volumes/BrokeExt/NICHE/RexYing_gnn-model-explainer/explainer/explain.py,A line with 290 chars in explain_nodes exceeds the maximum length of 120 characters.
RexYing_gnn-model-explainer.explainer,explain,Explainer,Long statement,explain_nodes,262,/Volumes/BrokeExt/NICHE/RexYing_gnn-model-explainer/explainer/explain.py,A line with 159 chars in explain_nodes exceeds the maximum length of 120 characters.
RexYing_gnn-model-explainer.explainer,explain,Explainer,Long statement,explain_nodes_gnn_stats,317,/Volumes/BrokeExt/NICHE/RexYing_gnn-model-explainer/explainer/explain.py,A line with 124 chars in explain_nodes_gnn_stats exceeds the maximum length of 120 characters.
RexYing_gnn-model-explainer.explainer,explain,Explainer,Long statement,explain_graphs,372,/Volumes/BrokeExt/NICHE/RexYing_gnn-model-explainer/explainer/explain.py,A line with 153 chars in explain_graphs exceeds the maximum length of 120 characters.
RexYing_gnn-model-explainer.explainer,explain,Explainer,Long statement,explain_graphs,390,/Volumes/BrokeExt/NICHE/RexYing_gnn-model-explainer/explainer/explain.py,A line with 133 chars in explain_graphs exceeds the maximum length of 120 characters.
RexYing_gnn-model-explainer.explainer,explain,Explainer,Long statement,log_representer,444,/Volumes/BrokeExt/NICHE/RexYing_gnn-model-explainer/explainer/explain.py,A line with 199 chars in log_representer exceeds the maximum length of 120 characters.
RexYing_gnn-model-explainer.explainer,explain,Explainer,Long statement,representer,466,/Volumes/BrokeExt/NICHE/RexYing_gnn-model-explainer/explainer/explain.py,A line with 203 chars in representer exceeds the maximum length of 120 characters.
RexYing_gnn-model-explainer.explainer,explain,ExplainModule,Long statement,loss,741,/Volumes/BrokeExt/NICHE/RexYing_gnn-model-explainer/explainer/explain.py,A line with 147 chars in loss exceeds the maximum length of 120 characters.
RexYing_gnn-model-explainer.explainer,explain,ExplainModule,Long statement,log_adj_grad,903,/Volumes/BrokeExt/NICHE/RexYing_gnn-model-explainer/explainer/explain.py,A line with 164 chars in log_adj_grad exceeds the maximum length of 120 characters.
RexYing_gnn-model-explainer.explainer,explain,ExplainModule,Long statement,log_adj_grad,926,/Volumes/BrokeExt/NICHE/RexYing_gnn-model-explainer/explainer/explain.py,A line with 159 chars in log_adj_grad exceeds the maximum length of 120 characters.
RexYing_gnn-model-explainer.explainer,explain,ExplainModule,Long statement,log_masked_adj,957,/Volumes/BrokeExt/NICHE/RexYing_gnn-model-explainer/explainer/explain.py,A line with 151 chars in log_masked_adj exceeds the maximum length of 120 characters.
RexYing_gnn-model-explainer.explainer,explain,ExplainModule,Long statement,log_masked_adj,972,/Volumes/BrokeExt/NICHE/RexYing_gnn-model-explainer/explainer/explain.py,A line with 129 chars in log_masked_adj exceeds the maximum length of 120 characters.
RexYing_gnn-model-explainer.explainer,explain,Explainer,Magic number,explain,169,/Volumes/BrokeExt/NICHE/RexYing_gnn-model-explainer/explainer/explain.py,Magic number 25 used in explain.
RexYing_gnn-model-explainer.explainer,explain,Explainer,Magic number,log_representer,411,/Volumes/BrokeExt/NICHE/RexYing_gnn-model-explainer/explainer/explain.py,Magic number 5 used in log_representer.
RexYing_gnn-model-explainer.explainer,explain,Explainer,Magic number,make_pred_real,543,/Volumes/BrokeExt/NICHE/RexYing_gnn-model-explainer/explainer/explain.py,Magic number 10 used in make_pred_real.
RexYing_gnn-model-explainer.explainer,explain,Explainer,Magic number,make_pred_real,545,/Volumes/BrokeExt/NICHE/RexYing_gnn-model-explainer/explainer/explain.py,Magic number 10 used in make_pred_real.
RexYing_gnn-model-explainer.explainer,explain,Explainer,Magic number,make_pred_real,547,/Volumes/BrokeExt/NICHE/RexYing_gnn-model-explainer/explainer/explain.py,Magic number 10 used in make_pred_real.
RexYing_gnn-model-explainer.explainer,explain,Explainer,Magic number,make_pred_real,549,/Volumes/BrokeExt/NICHE/RexYing_gnn-model-explainer/explainer/explain.py,Magic number 10 used in make_pred_real.
RexYing_gnn-model-explainer.explainer,explain,Explainer,Magic number,make_pred_real,551,/Volumes/BrokeExt/NICHE/RexYing_gnn-model-explainer/explainer/explain.py,Magic number 10 used in make_pred_real.
RexYing_gnn-model-explainer.explainer,explain,Explainer,Magic number,make_pred_real,553,/Volumes/BrokeExt/NICHE/RexYing_gnn-model-explainer/explainer/explain.py,Magic number 10 used in make_pred_real.
RexYing_gnn-model-explainer.explainer,explain,Explainer,Magic number,make_pred_real,552,/Volumes/BrokeExt/NICHE/RexYing_gnn-model-explainer/explainer/explain.py,Magic number 4 used in make_pred_real.
RexYing_gnn-model-explainer.explainer,explain,Explainer,Magic number,make_pred_real,555,/Volumes/BrokeExt/NICHE/RexYing_gnn-model-explainer/explainer/explain.py,Magic number 10 used in make_pred_real.
RexYing_gnn-model-explainer.explainer,explain,Explainer,Magic number,make_pred_real,556,/Volumes/BrokeExt/NICHE/RexYing_gnn-model-explainer/explainer/explain.py,Magic number 10 used in make_pred_real.
RexYing_gnn-model-explainer.explainer,explain,Explainer,Magic number,make_pred_real,564,/Volumes/BrokeExt/NICHE/RexYing_gnn-model-explainer/explainer/explain.py,Magic number 10 used in make_pred_real.
RexYing_gnn-model-explainer.explainer,explain,Explainer,Magic number,make_pred_real,566,/Volumes/BrokeExt/NICHE/RexYing_gnn-model-explainer/explainer/explain.py,Magic number 10 used in make_pred_real.
RexYing_gnn-model-explainer.explainer,explain,Explainer,Magic number,make_pred_real,568,/Volumes/BrokeExt/NICHE/RexYing_gnn-model-explainer/explainer/explain.py,Magic number 10 used in make_pred_real.
RexYing_gnn-model-explainer.explainer,explain,Explainer,Magic number,make_pred_real,570,/Volumes/BrokeExt/NICHE/RexYing_gnn-model-explainer/explainer/explain.py,Magic number 10 used in make_pred_real.
RexYing_gnn-model-explainer.explainer,explain,Explainer,Magic number,make_pred_real,572,/Volumes/BrokeExt/NICHE/RexYing_gnn-model-explainer/explainer/explain.py,Magic number 10 used in make_pred_real.
RexYing_gnn-model-explainer.explainer,explain,Explainer,Magic number,make_pred_real,574,/Volumes/BrokeExt/NICHE/RexYing_gnn-model-explainer/explainer/explain.py,Magic number 10 used in make_pred_real.
RexYing_gnn-model-explainer.explainer,explain,Explainer,Magic number,make_pred_real,544,/Volumes/BrokeExt/NICHE/RexYing_gnn-model-explainer/explainer/explain.py,Magic number 2 used in make_pred_real.
RexYing_gnn-model-explainer.explainer,explain,Explainer,Magic number,make_pred_real,545,/Volumes/BrokeExt/NICHE/RexYing_gnn-model-explainer/explainer/explain.py,Magic number 2 used in make_pred_real.
RexYing_gnn-model-explainer.explainer,explain,Explainer,Magic number,make_pred_real,546,/Volumes/BrokeExt/NICHE/RexYing_gnn-model-explainer/explainer/explain.py,Magic number 3 used in make_pred_real.
RexYing_gnn-model-explainer.explainer,explain,Explainer,Magic number,make_pred_real,547,/Volumes/BrokeExt/NICHE/RexYing_gnn-model-explainer/explainer/explain.py,Magic number 3 used in make_pred_real.
RexYing_gnn-model-explainer.explainer,explain,Explainer,Magic number,make_pred_real,548,/Volumes/BrokeExt/NICHE/RexYing_gnn-model-explainer/explainer/explain.py,Magic number 3 used in make_pred_real.
RexYing_gnn-model-explainer.explainer,explain,Explainer,Magic number,make_pred_real,549,/Volumes/BrokeExt/NICHE/RexYing_gnn-model-explainer/explainer/explain.py,Magic number 3 used in make_pred_real.
RexYing_gnn-model-explainer.explainer,explain,Explainer,Magic number,make_pred_real,550,/Volumes/BrokeExt/NICHE/RexYing_gnn-model-explainer/explainer/explain.py,Magic number 4 used in make_pred_real.
RexYing_gnn-model-explainer.explainer,explain,Explainer,Magic number,make_pred_real,551,/Volumes/BrokeExt/NICHE/RexYing_gnn-model-explainer/explainer/explain.py,Magic number 4 used in make_pred_real.
RexYing_gnn-model-explainer.explainer,explain,Explainer,Magic number,make_pred_real,553,/Volumes/BrokeExt/NICHE/RexYing_gnn-model-explainer/explainer/explain.py,Magic number 4 used in make_pred_real.
RexYing_gnn-model-explainer.explainer,explain,Explainer,Magic number,make_pred_real,573,/Volumes/BrokeExt/NICHE/RexYing_gnn-model-explainer/explainer/explain.py,Magic number 5 used in make_pred_real.
RexYing_gnn-model-explainer.explainer,explain,Explainer,Magic number,make_pred_real,576,/Volumes/BrokeExt/NICHE/RexYing_gnn-model-explainer/explainer/explain.py,Magic number 10 used in make_pred_real.
RexYing_gnn-model-explainer.explainer,explain,Explainer,Magic number,make_pred_real,577,/Volumes/BrokeExt/NICHE/RexYing_gnn-model-explainer/explainer/explain.py,Magic number 10 used in make_pred_real.
RexYing_gnn-model-explainer.explainer,explain,Explainer,Magic number,make_pred_real,546,/Volumes/BrokeExt/NICHE/RexYing_gnn-model-explainer/explainer/explain.py,Magic number 2 used in make_pred_real.
RexYing_gnn-model-explainer.explainer,explain,Explainer,Magic number,make_pred_real,547,/Volumes/BrokeExt/NICHE/RexYing_gnn-model-explainer/explainer/explain.py,Magic number 2 used in make_pred_real.
RexYing_gnn-model-explainer.explainer,explain,Explainer,Magic number,make_pred_real,565,/Volumes/BrokeExt/NICHE/RexYing_gnn-model-explainer/explainer/explain.py,Magic number 2 used in make_pred_real.
RexYing_gnn-model-explainer.explainer,explain,Explainer,Magic number,make_pred_real,566,/Volumes/BrokeExt/NICHE/RexYing_gnn-model-explainer/explainer/explain.py,Magic number 2 used in make_pred_real.
RexYing_gnn-model-explainer.explainer,explain,Explainer,Magic number,make_pred_real,567,/Volumes/BrokeExt/NICHE/RexYing_gnn-model-explainer/explainer/explain.py,Magic number 3 used in make_pred_real.
RexYing_gnn-model-explainer.explainer,explain,Explainer,Magic number,make_pred_real,568,/Volumes/BrokeExt/NICHE/RexYing_gnn-model-explainer/explainer/explain.py,Magic number 3 used in make_pred_real.
RexYing_gnn-model-explainer.explainer,explain,Explainer,Magic number,make_pred_real,569,/Volumes/BrokeExt/NICHE/RexYing_gnn-model-explainer/explainer/explain.py,Magic number 4 used in make_pred_real.
RexYing_gnn-model-explainer.explainer,explain,Explainer,Magic number,make_pred_real,570,/Volumes/BrokeExt/NICHE/RexYing_gnn-model-explainer/explainer/explain.py,Magic number 4 used in make_pred_real.
RexYing_gnn-model-explainer.explainer,explain,Explainer,Magic number,make_pred_real,571,/Volumes/BrokeExt/NICHE/RexYing_gnn-model-explainer/explainer/explain.py,Magic number 5 used in make_pred_real.
RexYing_gnn-model-explainer.explainer,explain,Explainer,Magic number,make_pred_real,572,/Volumes/BrokeExt/NICHE/RexYing_gnn-model-explainer/explainer/explain.py,Magic number 5 used in make_pred_real.
RexYing_gnn-model-explainer.explainer,explain,Explainer,Magic number,make_pred_real,574,/Volumes/BrokeExt/NICHE/RexYing_gnn-model-explainer/explainer/explain.py,Magic number 5 used in make_pred_real.
RexYing_gnn-model-explainer.explainer,explain,Explainer,Magic number,make_pred_real,567,/Volumes/BrokeExt/NICHE/RexYing_gnn-model-explainer/explainer/explain.py,Magic number 2 used in make_pred_real.
RexYing_gnn-model-explainer.explainer,explain,Explainer,Magic number,make_pred_real,568,/Volumes/BrokeExt/NICHE/RexYing_gnn-model-explainer/explainer/explain.py,Magic number 2 used in make_pred_real.
RexYing_gnn-model-explainer.explainer,explain,Explainer,Magic number,make_pred_real,569,/Volumes/BrokeExt/NICHE/RexYing_gnn-model-explainer/explainer/explain.py,Magic number 3 used in make_pred_real.
RexYing_gnn-model-explainer.explainer,explain,Explainer,Magic number,make_pred_real,570,/Volumes/BrokeExt/NICHE/RexYing_gnn-model-explainer/explainer/explain.py,Magic number 3 used in make_pred_real.
RexYing_gnn-model-explainer.explainer,explain,Explainer,Magic number,make_pred_real,571,/Volumes/BrokeExt/NICHE/RexYing_gnn-model-explainer/explainer/explain.py,Magic number 4 used in make_pred_real.
RexYing_gnn-model-explainer.explainer,explain,Explainer,Magic number,make_pred_real,572,/Volumes/BrokeExt/NICHE/RexYing_gnn-model-explainer/explainer/explain.py,Magic number 4 used in make_pred_real.
RexYing_gnn-model-explainer.explainer,explain,ExplainModule,Magic number,__init__,625,/Volumes/BrokeExt/NICHE/RexYing_gnn-model-explainer/explainer/explain.py,Magic number 0.005 used in __init__.
RexYing_gnn-model-explainer.explainer,explain,ExplainModule,Magic number,__init__,628,/Volumes/BrokeExt/NICHE/RexYing_gnn-model-explainer/explainer/explain.py,Magic number 0.1 used in __init__.
RexYing_gnn-model-explainer.explainer,explain,ExplainModule,Magic number,construct_feat_mask,636,/Volumes/BrokeExt/NICHE/RexYing_gnn-model-explainer/explainer/explain.py,Magic number 0.1 used in construct_feat_mask.
RexYing_gnn-model-explainer.explainer,explain,ExplainModule,Magic number,_masked_adj,671,/Volumes/BrokeExt/NICHE/RexYing_gnn-model-explainer/explainer/explain.py,Magic number 2 used in _masked_adj.
RexYing_gnn-model-explainer.explainer,explain,ExplainModule,Magic number,_masked_adj,675,/Volumes/BrokeExt/NICHE/RexYing_gnn-model-explainer/explainer/explain.py,Magic number 2 used in _masked_adj.
RexYing_gnn-model-explainer.explainer,explain,ExplainModule,Magic number,_masked_adj,676,/Volumes/BrokeExt/NICHE/RexYing_gnn-model-explainer/explainer/explain.py,Magic number 6 used in _masked_adj.
RexYing_gnn-model-explainer.explainer,explain,ExplainModule,Magic number,_masked_adj,677,/Volumes/BrokeExt/NICHE/RexYing_gnn-model-explainer/explainer/explain.py,Magic number 2 used in _masked_adj.
RexYing_gnn-model-explainer.explainer,explain,ExplainModule,Magic number,forward,702,/Volumes/BrokeExt/NICHE/RexYing_gnn-model-explainer/explainer/explain.py,Magic number 2 used in forward.
RexYing_gnn-model-explainer.explainer,explain,ExplainModule,Magic number,log_adj_grad,888,/Volumes/BrokeExt/NICHE/RexYing_gnn-model-explainer/explainer/explain.py,Magic number 2 used in log_adj_grad.
RexYing_gnn-model-explainer.utils,featgen,GaussianFeatureGen,Magic number,__init__,36,/Volumes/BrokeExt/NICHE/RexYing_gnn-model-explainer/utils/featgen.py,Magic number 2 used in __init__.
RexYing_gnn-model-explainer.utils,featgen,GridFeatureGen,Magic number,gen_node_features,59,/Volumes/BrokeExt/NICHE/RexYing_gnn-model-explainer/utils/featgen.py,Magic number 4 used in gen_node_features.
RexYing_gnn-model-explainer.utils,graph_utils,GraphSampler,Complex method,__init__,15 - 127,/Volumes/BrokeExt/NICHE/RexYing_gnn-model-explainer/utils/graph_utils.py,"Method '__init__' has a cyclomatic complexity of 13, exceeding the max of 6."
RexYing_gnn-model-explainer.utils,graph_utils,GraphSampler,Long method,__init__,15 - 127,/Volumes/BrokeExt/NICHE/RexYing_gnn-model-explainer/utils/graph_utils.py,Method '__init__' is too long (101 lines).
RexYing_gnn-model-explainer.utils,graph_utils,GraphSampler,Long statement,__getitem__,139,/Volumes/BrokeExt/NICHE/RexYing_gnn-model-explainer/utils/graph_utils.py,A line with 169 chars in __getitem__ exceeds the maximum length of 120 characters.
RexYing_gnn-model-explainer.utils,graph_utils,GraphSampler,Magic number,__init__,64,/Volumes/BrokeExt/NICHE/RexYing_gnn-model-explainer/utils/graph_utils.py,Magic number 10 used in __init__.
RexYing_gnn-model-explainer.utils,graph_utils,GraphSampler,Magic number,__init__,84,/Volumes/BrokeExt/NICHE/RexYing_gnn-model-explainer/utils/graph_utils.py,Magic number 10 used in __init__.
RexYing_gnn-model-explainer.utils,graph_utils,GraphSampler,Magic number,__init__,86,/Volumes/BrokeExt/NICHE/RexYing_gnn-model-explainer/utils/graph_utils.py,Magic number 10 used in __init__.
RexYing_gnn-model-explainer.utils,graph_utils,GraphSampler,Magic number,__init__,86,/Volumes/BrokeExt/NICHE/RexYing_gnn-model-explainer/utils/graph_utils.py,Magic number 10 used in __init__.
RexYing_gnn-model-explainer.utils,io_utils,,Complex method,denoise_graph,193 - 245,/Volumes/BrokeExt/NICHE/RexYing_gnn-model-explainer/utils/io_utils.py,"Method 'denoise_graph' has a cyclomatic complexity of 8, exceeding the max of 6."
RexYing_gnn-model-explainer.utils,io_utils,,Complex method,log_graph,248 - 360,/Volumes/BrokeExt/NICHE/RexYing_gnn-model-explainer/utils/io_utils.py,"Method 'log_graph' has a cyclomatic complexity of 21, exceeding the max of 6."
RexYing_gnn-model-explainer.utils,io_utils,,Complex method,read_graphfile,426 - 562,/Volumes/BrokeExt/NICHE/RexYing_gnn-model-explainer/utils/io_utils.py,"Method 'read_graphfile' has a cyclomatic complexity of 25, exceeding the max of 6."
RexYing_gnn-model-explainer.utils,io_utils,,Complex method,read_biosnap,565 - 634,/Volumes/BrokeExt/NICHE/RexYing_gnn-model-explainer/utils/io_utils.py,"Method 'read_biosnap' has a cyclomatic complexity of 11, exceeding the max of 6."
RexYing_gnn-model-explainer.utils,io_utils,,Long identifier,sparse_mx_to_torch_sparse_tensor,401,/Volumes/BrokeExt/NICHE/RexYing_gnn-model-explainer/utils/io_utils.py,Identifier'sparse_mx_to_torch_sparse_tensor' exceeds the maximum length of 30 characters.
RexYing_gnn-model-explainer.utils,io_utils,,Long method,denoise_graph,193 - 245,/Volumes/BrokeExt/NICHE/RexYing_gnn-model-explainer/utils/io_utils.py,Method 'denoise_graph' is too long (41 lines).
RexYing_gnn-model-explainer.utils,io_utils,,Long method,log_graph,248 - 360,/Volumes/BrokeExt/NICHE/RexYing_gnn-model-explainer/utils/io_utils.py,Method 'log_graph' is too long (83 lines).
RexYing_gnn-model-explainer.utils,io_utils,,Long method,read_graphfile,426 - 562,/Volumes/BrokeExt/NICHE/RexYing_gnn-model-explainer/utils/io_utils.py,Method 'read_graphfile' is too long (122 lines).
RexYing_gnn-model-explainer.utils,io_utils,,Long method,read_biosnap,565 - 634,/Volumes/BrokeExt/NICHE/RexYing_gnn-model-explainer/utils/io_utils.py,Method 'read_biosnap' is too long (59 lines).
RexYing_gnn-model-explainer.utils,io_utils,,Long method,log_graph2,688 - 770,/Volumes/BrokeExt/NICHE/RexYing_gnn-model-explainer/utils/io_utils.py,Method 'log_graph2' is too long (56 lines).
RexYing_gnn-model-explainer.utils,io_utils,,Long parameter list,save_checkpoint,81 - 102,/Volumes/BrokeExt/NICHE/RexYing_gnn-model-explainer/utils/io_utils.py,"save_checkpoint has 6 parameters, exceeding the max of 5."
RexYing_gnn-model-explainer.utils,io_utils,,Long parameter list,log_matrix,168 - 190,/Volumes/BrokeExt/NICHE/RexYing_gnn-model-explainer/utils/io_utils.py,"log_matrix has 6 parameters, exceeding the max of 5."
RexYing_gnn-model-explainer.utils,io_utils,,Long parameter list,denoise_graph,193 - 245,/Volumes/BrokeExt/NICHE/RexYing_gnn-model-explainer/utils/io_utils.py,"denoise_graph has 7 parameters, exceeding the max of 5."
RexYing_gnn-model-explainer.utils,io_utils,,Long parameter list,log_graph,248 - 360,/Volumes/BrokeExt/NICHE/RexYing_gnn-model-explainer/utils/io_utils.py,"log_graph has 11 parameters, exceeding the max of 5."
RexYing_gnn-model-explainer.utils,io_utils,,Long parameter list,log_graph2,688 - 770,/Volumes/BrokeExt/NICHE/RexYing_gnn-model-explainer/utils/io_utils.py,"log_graph2 has 6 parameters, exceeding the max of 5."
RexYing_gnn-model-explainer.utils,io_utils,,Long statement,create_filename,64,/Volumes/BrokeExt/NICHE/RexYing_gnn-model-explainer/utils/io_utils.py,A line with 223 chars in create_filename exceeds the maximum length of 120 characters.
RexYing_gnn-model-explainer.utils,io_utils,,Long statement,save_checkpoint,82,/Volumes/BrokeExt/NICHE/RexYing_gnn-model-explainer/utils/io_utils.py,A line with 442 chars in save_checkpoint exceeds the maximum length of 120 characters.
RexYing_gnn-model-explainer.utils,io_utils,,Long statement,save_checkpoint,93,/Volumes/BrokeExt/NICHE/RexYing_gnn-model-explainer/utils/io_utils.py,A line with 187 chars in save_checkpoint exceeds the maximum length of 120 characters.
RexYing_gnn-model-explainer.utils,io_utils,,Long statement,log_matrix,169,/Volumes/BrokeExt/NICHE/RexYing_gnn-model-explainer/utils/io_utils.py,A line with 318 chars in log_matrix exceeds the maximum length of 120 characters.
RexYing_gnn-model-explainer.utils,io_utils,,Long statement,denoise_graph,194,/Volumes/BrokeExt/NICHE/RexYing_gnn-model-explainer/utils/io_utils.py,A line with 467 chars in denoise_graph exceeds the maximum length of 120 characters.
RexYing_gnn-model-explainer.utils,io_utils,,Long statement,denoise_graph,225,/Volumes/BrokeExt/NICHE/RexYing_gnn-model-explainer/utils/io_utils.py,A line with 124 chars in denoise_graph exceeds the maximum length of 120 characters.
RexYing_gnn-model-explainer.utils,io_utils,,Long statement,log_graph,261,/Volumes/BrokeExt/NICHE/RexYing_gnn-model-explainer/utils/io_utils.py,A line with 146 chars in log_graph exceeds the maximum length of 120 characters.
RexYing_gnn-model-explainer.utils,io_utils,,Long statement,log_graph,330,/Volumes/BrokeExt/NICHE/RexYing_gnn-model-explainer/utils/io_utils.py,A line with 268 chars in log_graph exceeds the maximum length of 120 characters.
RexYing_gnn-model-explainer.utils,io_utils,,Long statement,plot_cmap,364,/Volumes/BrokeExt/NICHE/RexYing_gnn-model-explainer/utils/io_utils.py,A line with 248 chars in plot_cmap exceeds the maximum length of 120 characters.
RexYing_gnn-model-explainer.utils,io_utils,,Long statement,read_graphfile,427,/Volumes/BrokeExt/NICHE/RexYing_gnn-model-explainer/utils/io_utils.py,A line with 211 chars in read_graphfile exceeds the maximum length of 120 characters.
RexYing_gnn-model-explainer.utils,io_utils,,Long statement,log_graph2,697,/Volumes/BrokeExt/NICHE/RexYing_gnn-model-explainer/utils/io_utils.py,A line with 131 chars in log_graph2 exceeds the maximum length of 120 characters.
RexYing_gnn-model-explainer.utils,io_utils,,Long statement,log_graph2,751,/Volumes/BrokeExt/NICHE/RexYing_gnn-model-explainer/utils/io_utils.py,A line with 193 chars in log_graph2 exceeds the maximum length of 120 characters.
RexYing_gnn-model-explainer.utils,io_utils,,Magic number,log_matrix,168,/Volumes/BrokeExt/NICHE/RexYing_gnn-model-explainer/utils/io_utils.py,Magic number 200 used in log_matrix.
RexYing_gnn-model-explainer.utils,io_utils,,Magic number,log_matrix,168,/Volumes/BrokeExt/NICHE/RexYing_gnn-model-explainer/utils/io_utils.py,Magic number 8 used in log_matrix.
RexYing_gnn-model-explainer.utils,io_utils,,Magic number,log_matrix,168,/Volumes/BrokeExt/NICHE/RexYing_gnn-model-explainer/utils/io_utils.py,Magic number 6 used in log_matrix.
RexYing_gnn-model-explainer.utils,io_utils,,Magic number,denoise_graph,218,/Volumes/BrokeExt/NICHE/RexYing_gnn-model-explainer/utils/io_utils.py,Magic number 2 used in denoise_graph.
RexYing_gnn-model-explainer.utils,io_utils,,Magic number,denoise_graph,236,/Volumes/BrokeExt/NICHE/RexYing_gnn-model-explainer/utils/io_utils.py,Magic number 1e-06 used in denoise_graph.
RexYing_gnn-model-explainer.utils,io_utils,,Magic number,log_graph,256,/Volumes/BrokeExt/NICHE/RexYing_gnn-model-explainer/utils/io_utils.py,Magic number 300 used in log_graph.
RexYing_gnn-model-explainer.utils,io_utils,,Magic number,log_graph,275,/Volumes/BrokeExt/NICHE/RexYing_gnn-model-explainer/utils/io_utils.py,Magic number 8 used in log_graph.
RexYing_gnn-model-explainer.utils,io_utils,,Magic number,log_graph,255,/Volumes/BrokeExt/NICHE/RexYing_gnn-model-explainer/utils/io_utils.py,Magic number 4 used in log_graph.
RexYing_gnn-model-explainer.utils,io_utils,,Magic number,log_graph,255,/Volumes/BrokeExt/NICHE/RexYing_gnn-model-explainer/utils/io_utils.py,Magic number 3 used in log_graph.
RexYing_gnn-model-explainer.utils,io_utils,,Magic number,log_graph,329,/Volumes/BrokeExt/NICHE/RexYing_gnn-model-explainer/utils/io_utils.py,Magic number 2 used in log_graph.
RexYing_gnn-model-explainer.utils,io_utils,,Magic number,log_graph,279,/Volumes/BrokeExt/NICHE/RexYing_gnn-model-explainer/utils/io_utils.py,Magic number 10 used in log_graph.
RexYing_gnn-model-explainer.utils,io_utils,,Magic number,log_graph,281,/Volumes/BrokeExt/NICHE/RexYing_gnn-model-explainer/utils/io_utils.py,Magic number 19 used in log_graph.
RexYing_gnn-model-explainer.utils,io_utils,,Magic number,log_graph,282,/Volumes/BrokeExt/NICHE/RexYing_gnn-model-explainer/utils/io_utils.py,Magic number 8 used in log_graph.
RexYing_gnn-model-explainer.utils,io_utils,,Magic number,log_graph,284,/Volumes/BrokeExt/NICHE/RexYing_gnn-model-explainer/utils/io_utils.py,Magic number 9 used in log_graph.
RexYing_gnn-model-explainer.utils,io_utils,,Magic number,numpy_to_torch,412,/Volumes/BrokeExt/NICHE/RexYing_gnn-model-explainer/utils/io_utils.py,Magic number 3 used in numpy_to_torch.
RexYing_gnn-model-explainer.utils,io_utils,,Magic number,read_graphfile,551,/Volumes/BrokeExt/NICHE/RexYing_gnn-model-explainer/utils/io_utils.py,Magic number 2.0 used in read_graphfile.
RexYing_gnn-model-explainer.utils,io_utils,,Magic number,log_graph2,738,/Volumes/BrokeExt/NICHE/RexYing_gnn-model-explainer/utils/io_utils.py,Magic number 2 used in log_graph2.
RexYing_gnn-model-explainer.utils,math_utils,,Magic number,exp_moving_avg,8,/Volumes/BrokeExt/NICHE/RexYing_gnn-model-explainer/utils/math_utils.py,Magic number 0.9 used in exp_moving_avg.
RexYing_gnn-model-explainer.utils,parser_utils,,Long statement,parse_optimizer,12,/Volumes/BrokeExt/NICHE/RexYing_gnn-model-explainer/utils/parser_utils.py,A line with 127 chars in parse_optimizer exceeds the maximum length of 120 characters.
RexYing_gnn-model-explainer.utils,parser_utils,,Long statement,parse_optimizer,14,/Volumes/BrokeExt/NICHE/RexYing_gnn-model-explainer/utils/parser_utils.py,A line with 155 chars in parse_optimizer exceeds the maximum length of 120 characters.
RexYing_gnn-model-explainer.utils,synthetic_structsim,,Complex method,build_graph,263 - 343,/Volumes/BrokeExt/NICHE/RexYing_gnn-model-explainer/utils/synthetic_structsim.py,"Method 'build_graph' has a cyclomatic complexity of 10, exceeding the max of 6."
RexYing_gnn-model-explainer.utils,synthetic_structsim,,Long method,build_graph,263 - 343,/Volumes/BrokeExt/NICHE/RexYing_gnn-model-explainer/utils/synthetic_structsim.py,Method 'build_graph' is too long (47 lines).
RexYing_gnn-model-explainer.utils,synthetic_structsim,,Long parameter list,build_graph,263 - 343,/Volumes/BrokeExt/NICHE/RexYing_gnn-model-explainer/utils/synthetic_structsim.py,"build_graph has 7 parameters, exceeding the max of 5."
RexYing_gnn-model-explainer.utils,synthetic_structsim,,Long statement,clique,14,/Volumes/BrokeExt/NICHE/RexYing_gnn-model-explainer/utils/synthetic_structsim.py,A line with 678 chars in clique exceeds the maximum length of 120 characters.
RexYing_gnn-model-explainer.utils,synthetic_structsim,,Long statement,cycle,51,/Volumes/BrokeExt/NICHE/RexYing_gnn-model-explainer/utils/synthetic_structsim.py,A line with 443 chars in cycle exceeds the maximum length of 120 characters.
RexYing_gnn-model-explainer.utils,synthetic_structsim,,Long statement,diamond,73,/Volumes/BrokeExt/NICHE/RexYing_gnn-model-explainer/utils/synthetic_structsim.py,A line with 445 chars in diamond exceeds the maximum length of 120 characters.
RexYing_gnn-model-explainer.utils,synthetic_structsim,,Long statement,diamond,87,/Volumes/BrokeExt/NICHE/RexYing_gnn-model-explainer/utils/synthetic_structsim.py,A line with 122 chars in diamond exceeds the maximum length of 120 characters.
RexYing_gnn-model-explainer.utils,synthetic_structsim,,Long statement,diamond,95,/Volumes/BrokeExt/NICHE/RexYing_gnn-model-explainer/utils/synthetic_structsim.py,A line with 128 chars in diamond exceeds the maximum length of 120 characters.
RexYing_gnn-model-explainer.utils,synthetic_structsim,,Long statement,diamond,103,/Volumes/BrokeExt/NICHE/RexYing_gnn-model-explainer/utils/synthetic_structsim.py,A line with 128 chars in diamond exceeds the maximum length of 120 characters.
RexYing_gnn-model-explainer.utils,synthetic_structsim,,Long statement,tree,116,/Volumes/BrokeExt/NICHE/RexYing_gnn-model-explainer/utils/synthetic_structsim.py,A line with 466 chars in tree exceeds the maximum length of 120 characters.
RexYing_gnn-model-explainer.utils,synthetic_structsim,,Long statement,fan,134,/Volumes/BrokeExt/NICHE/RexYing_gnn-model-explainer/utils/synthetic_structsim.py,A line with 516 chars in fan exceeds the maximum length of 120 characters.
RexYing_gnn-model-explainer.utils,synthetic_structsim,,Long statement,ba,156,/Volumes/BrokeExt/NICHE/RexYing_gnn-model-explainer/utils/synthetic_structsim.py,A line with 508 chars in ba exceeds the maximum length of 120 characters.
RexYing_gnn-model-explainer.utils,synthetic_structsim,,Long statement,house,179,/Volumes/BrokeExt/NICHE/RexYing_gnn-model-explainer/utils/synthetic_structsim.py,A line with 449 chars in house exceeds the maximum length of 120 characters.
RexYing_gnn-model-explainer.utils,synthetic_structsim,,Long statement,house,193,/Volumes/BrokeExt/NICHE/RexYing_gnn-model-explainer/utils/synthetic_structsim.py,A line with 122 chars in house exceeds the maximum length of 120 characters.
RexYing_gnn-model-explainer.utils,synthetic_structsim,,Long statement,star,217,/Volumes/BrokeExt/NICHE/RexYing_gnn-model-explainer/utils/synthetic_structsim.py,A line with 513 chars in star exceeds the maximum length of 120 characters.
RexYing_gnn-model-explainer.utils,synthetic_structsim,,Long statement,path,240,/Volumes/BrokeExt/NICHE/RexYing_gnn-model-explainer/utils/synthetic_structsim.py,A line with 487 chars in path exceeds the maximum length of 120 characters.
RexYing_gnn-model-explainer.utils,synthetic_structsim,,Long statement,build_graph,272,/Volumes/BrokeExt/NICHE/RexYing_gnn-model-explainer/utils/synthetic_structsim.py,A line with 1274 chars in build_graph exceeds the maximum length of 120 characters.
RexYing_gnn-model-explainer.utils,synthetic_structsim,,Magic number,diamond,111,/Volumes/BrokeExt/NICHE/RexYing_gnn-model-explainer/utils/synthetic_structsim.py,Magic number 6 used in diamond.
RexYing_gnn-model-explainer.utils,synthetic_structsim,,Magic number,tree,115,/Volumes/BrokeExt/NICHE/RexYing_gnn-model-explainer/utils/synthetic_structsim.py,Magic number 2 used in tree.
RexYing_gnn-model-explainer.utils,synthetic_structsim,,Magic number,ba,155,/Volumes/BrokeExt/NICHE/RexYing_gnn-model-explainer/utils/synthetic_structsim.py,Magic number 5 used in ba.
RexYing_gnn-model-explainer.utils,synthetic_structsim,,Magic number,house,203,/Volumes/BrokeExt/NICHE/RexYing_gnn-model-explainer/utils/synthetic_structsim.py,Magic number 2 used in house.
RexYing_gnn-model-explainer.utils,synthetic_structsim,,Magic number,grid,207,/Volumes/BrokeExt/NICHE/RexYing_gnn-model-explainer/utils/synthetic_structsim.py,Magic number 2 used in grid.
RexYing_gnn-model-explainer.utils,synthetic_structsim,,Magic number,build_graph,270,/Volumes/BrokeExt/NICHE/RexYing_gnn-model-explainer/utils/synthetic_structsim.py,Magic number 5 used in build_graph.
RexYing_gnn-model-explainer.utils,synthetic_structsim,,Magic number,build_graph,327,/Volumes/BrokeExt/NICHE/RexYing_gnn-model-explainer/utils/synthetic_structsim.py,Magic number 0.5 used in build_graph.
RexYing_gnn-model-explainer.utils,train_utils,,Complex method,build_optimizer,7 - 23,/Volumes/BrokeExt/NICHE/RexYing_gnn-model-explainer/utils/train_utils.py,"Method 'build_optimizer' has a cyclomatic complexity of 7, exceeding the max of 6."
