Package,Module,Class,Function,LOC,CC,PC
rail-berkeley_softlearning.examples,instrument,,_normalize_trial_resources,12,6,5
rail-berkeley_softlearning.examples,instrument,,add_command_line_args_to_variant_spec,22,5,2
rail-berkeley_softlearning.examples,instrument,,generate_experiment_kwargs,56,1,2
rail-berkeley_softlearning.examples,instrument,,unique_cluster_name,9,1,1
rail-berkeley_softlearning.examples,instrument,,get_experiments_info,14,1,1
rail-berkeley_softlearning.examples,instrument,,confirm_yes_no,12,4,1
rail-berkeley_softlearning.examples,instrument,,run_example_dry,20,1,2
rail-berkeley_softlearning.examples,instrument,,run_example_local,20,2,3
rail-berkeley_softlearning.examples,instrument,,run_example_debug,35,6,2
rail-berkeley_softlearning.examples,instrument,,run_example_cluster,23,1,2
rail-berkeley_softlearning.examples,instrument,,launch_example_cluster,32,3,9
rail-berkeley_softlearning.examples,instrument,,launch_example_gce,7,2,0
rail-berkeley_softlearning.examples,instrument,,launch_example_ec2,7,2,0
rail-berkeley_softlearning.examples,utils,,add_ray_init_args,31,0,1
rail-berkeley_softlearning.examples,utils,,add_ray_tune_args,96,0,1
rail-berkeley_softlearning.examples,utils,,get_parser,67,2,1
rail-berkeley_softlearning.examples,utils,,variant_equals,11,1,0
rail-berkeley_softlearning.examples.development,__init__,,get_trainable_class,3,1,0
rail-berkeley_softlearning.examples.development,__init__,,get_variant_spec,4,1,1
rail-berkeley_softlearning.examples.development,__init__,,get_parser,4,1,0
rail-berkeley_softlearning.examples.development,main,ExperimentRunner,setup,10,3,1
rail-berkeley_softlearning.examples.development,main,ExperimentRunner,_build,43,1,0
rail-berkeley_softlearning.examples.development,main,ExperimentRunner,step,7,3,0
rail-berkeley_softlearning.examples.development,main,ExperimentRunner,_pickle_path,2,1,1
rail-berkeley_softlearning.examples.development,main,ExperimentRunner,_algorithm_save_path,2,1,1
rail-berkeley_softlearning.examples.development,main,ExperimentRunner,_replay_pool_save_path,2,1,1
rail-berkeley_softlearning.examples.development,main,ExperimentRunner,_sampler_save_path,2,1,1
rail-berkeley_softlearning.examples.development,main,ExperimentRunner,_policy_save_path,2,1,1
rail-berkeley_softlearning.examples.development,main,ExperimentRunner,_save_replay_pool,6,2,1
rail-berkeley_softlearning.examples.development,main,ExperimentRunner,_restore_replay_pool,12,3,1
rail-berkeley_softlearning.examples.development,main,ExperimentRunner,_save_sampler,3,1,1
rail-berkeley_softlearning.examples.development,main,ExperimentRunner,_restore_sampler,6,1,1
rail-berkeley_softlearning.examples.development,main,ExperimentRunner,_save_value_functions,7,1,1
rail-berkeley_softlearning.examples.development,main,ExperimentRunner,_restore_value_functions,6,1,1
rail-berkeley_softlearning.examples.development,main,ExperimentRunner,_save_policy,3,1,1
rail-berkeley_softlearning.examples.development,main,ExperimentRunner,_restore_policy,4,1,1
rail-berkeley_softlearning.examples.development,main,ExperimentRunner,_save_algorithm,7,1,1
rail-berkeley_softlearning.examples.development,main,ExperimentRunner,_restore_algorithm,26,1,1
rail-berkeley_softlearning.examples.development,main,ExperimentRunner,save_checkpoint,7,1,1
rail-berkeley_softlearning.examples.development,main,ExperimentRunner,load_checkpoint,12,2,1
rail-berkeley_softlearning.examples.development,main,,main,3,1,1
rail-berkeley_softlearning.examples.development,main_test,TestExperimentRunner,test_checkpoint_dict,136,9,0
rail-berkeley_softlearning.examples.development,main_test,TestExperimentRunner,test_checkpoint_pool_reconstruction,32,4,0
rail-berkeley_softlearning.examples.development,main_test,TestExperimentRunner,test_training_env_evaluation_env,17,2,0
rail-berkeley_softlearning.examples.development,main_test,TestExperimentRunner,test_uses_training_env_as_evaluation_env,16,2,0
rail-berkeley_softlearning.examples.development,main_test,,assert_weights_not_equal,3,2,2
rail-berkeley_softlearning.examples.development,simulate_policy,,parse_args,16,1,0
rail-berkeley_softlearning.examples.development,simulate_policy,,load_variant_progress_metadata,15,2,1
rail-berkeley_softlearning.examples.development,simulate_policy,,load_environment,7,1,1
rail-berkeley_softlearning.examples.development,simulate_policy,,load_policy,14,1,3
rail-berkeley_softlearning.examples.development,simulate_policy,,simulate_policy,19,4,6
rail-berkeley_softlearning.examples.development,variants,,get_epoch_length,8,3,3
rail-berkeley_softlearning.examples.development,variants,,get_max_path_length,8,3,3
rail-berkeley_softlearning.examples.development,variants,,get_checkpoint_frequency,10,1,1
rail-berkeley_softlearning.examples.development,variants,,get_policy_params,3,1,1
rail-berkeley_softlearning.examples.development,variants,,get_total_timesteps,10,3,3
rail-berkeley_softlearning.examples.development,variants,,get_algorithm_params,14,1,3
rail-berkeley_softlearning.examples.development,variants,,get_environment_params,5,1,3
rail-berkeley_softlearning.examples.development,variants,,get_variant_spec_base,84,1,5
rail-berkeley_softlearning.examples.development,variants,,is_image_env,3,1,4
rail-berkeley_softlearning.examples.development,variants,,get_variant_spec_image,38,2,5
rail-berkeley_softlearning.examples.development,variants,,get_variant_spec,8,2,1
rail-berkeley_softlearning.examples.multi_goal,__init__,,get_trainable_class,3,1,0
rail-berkeley_softlearning.examples.multi_goal,__init__,,get_variant_spec,4,1,1
rail-berkeley_softlearning.examples.multi_goal,__init__,,get_parser,10,2,0
rail-berkeley_softlearning.examples.multi_goal,main,,run_experiment,50,2,2
rail-berkeley_softlearning.examples.multi_goal,main,,main,3,1,1
rail-berkeley_softlearning.examples.multi_goal,variants,,get_variant_spec,27,1,1
rail-berkeley_softlearning.scripts,archive_gs,,parse_args,7,1,0
rail-berkeley_softlearning.scripts,archive_gs,,archive_gs,20,3,1
rail-berkeley_softlearning.scripts,archive_gs,,main,3,1,0
rail-berkeley_softlearning.scripts,install_mujoco,,get_parser,8,1,0
rail-berkeley_softlearning.scripts,install_mujoco,,get_mujoco_zip_name,11,3,2
rail-berkeley_softlearning.scripts,install_mujoco,,install_mujoco,41,5,3
rail-berkeley_softlearning.scripts,install_mujoco,,main,10,3,0
rail-berkeley_softlearning.scripts,sync_gs,,parse_args,10,1,0
rail-berkeley_softlearning.scripts,sync_gs,,sync_gs,23,6,1
rail-berkeley_softlearning.scripts,sync_gs,,main,3,1,0
rail-berkeley_softlearning.softlearning.algorithms,__init__,,serialize,2,1,1
rail-berkeley_softlearning.softlearning.algorithms,__init__,,deserialize,7,1,2
rail-berkeley_softlearning.softlearning.algorithms,__init__,,get,14,2,1
rail-berkeley_softlearning.softlearning.algorithms,rl_algorithm,RLAlgorithm,__init__,25,3,13
rail-berkeley_softlearning.softlearning.algorithms,rl_algorithm,RLAlgorithm,_do_warmup_samples,11,3,0
rail-berkeley_softlearning.softlearning.algorithms,rl_algorithm,RLAlgorithm,_training_before_hook,2,1,0
rail-berkeley_softlearning.softlearning.algorithms,rl_algorithm,RLAlgorithm,_training_after_hook,2,1,0
rail-berkeley_softlearning.softlearning.algorithms,rl_algorithm,RLAlgorithm,_timestep_before_hook,2,1,0
rail-berkeley_softlearning.softlearning.algorithms,rl_algorithm,RLAlgorithm,_timestep_after_hook,2,1,0
rail-berkeley_softlearning.softlearning.algorithms,rl_algorithm,RLAlgorithm,_epoch_before_hook,2,1,0
rail-berkeley_softlearning.softlearning.algorithms,rl_algorithm,RLAlgorithm,_epoch_after_hook,2,1,0
rail-berkeley_softlearning.softlearning.algorithms,rl_algorithm,RLAlgorithm,_training_batch,3,2,1
rail-berkeley_softlearning.softlearning.algorithms,rl_algorithm,RLAlgorithm,_evaluation_batch,2,1,0
rail-berkeley_softlearning.softlearning.algorithms,rl_algorithm,RLAlgorithm,_training_started,2,1,0
rail-berkeley_softlearning.softlearning.algorithms,rl_algorithm,RLAlgorithm,_total_timestep,3,1,0
rail-berkeley_softlearning.softlearning.algorithms,rl_algorithm,RLAlgorithm,train,2,1,0
rail-berkeley_softlearning.softlearning.algorithms,rl_algorithm,RLAlgorithm,_train,106,10,0
rail-berkeley_softlearning.softlearning.algorithms,rl_algorithm,RLAlgorithm,_evaluation_paths,22,5,2
rail-berkeley_softlearning.softlearning.algorithms,rl_algorithm,RLAlgorithm,_evaluate_rollouts,20,1,4
rail-berkeley_softlearning.softlearning.algorithms,rl_algorithm,RLAlgorithm,get_diagnostics,2,1,4
rail-berkeley_softlearning.softlearning.algorithms,rl_algorithm,RLAlgorithm,ready_to_train,2,1,0
rail-berkeley_softlearning.softlearning.algorithms,rl_algorithm,RLAlgorithm,_do_sampling,2,1,1
rail-berkeley_softlearning.softlearning.algorithms,rl_algorithm,RLAlgorithm,_do_training_repeats,15,1,1
rail-berkeley_softlearning.softlearning.algorithms,rl_algorithm,RLAlgorithm,_do_training,2,1,2
rail-berkeley_softlearning.softlearning.algorithms,rl_algorithm,RLAlgorithm,_init_training,2,1,0
rail-berkeley_softlearning.softlearning.algorithms,rl_algorithm,RLAlgorithm,tf_saveables,2,1,0
rail-berkeley_softlearning.softlearning.algorithms,rl_algorithm,RLAlgorithm,__getstate__,9,1,0
rail-berkeley_softlearning.softlearning.algorithms,rl_algorithm,RLAlgorithm,__setstate__,2,1,1
rail-berkeley_softlearning.softlearning.algorithms,sac,SAC,__init__,38,2,15
rail-berkeley_softlearning.softlearning.algorithms,sac,SAC,_compute_Q_targets,21,1,1
rail-berkeley_softlearning.softlearning.algorithms,sac,SAC,_update_critic,22,2,1
rail-berkeley_softlearning.softlearning.algorithms,sac,SAC,_update_actor,22,1,1
rail-berkeley_softlearning.softlearning.algorithms,sac,SAC,_update_alpha,16,1,1
rail-berkeley_softlearning.softlearning.algorithms,sac,SAC,_update_target,6,3,1
rail-berkeley_softlearning.softlearning.algorithms,sac,SAC,_do_updates,12,1,1
rail-berkeley_softlearning.softlearning.algorithms,sac,SAC,_do_training,6,2,2
rail-berkeley_softlearning.softlearning.algorithms,sac,SAC,get_diagnostics,9,2,4
rail-berkeley_softlearning.softlearning.algorithms,sac,SAC,tf_saveables,12,2,0
rail-berkeley_softlearning.softlearning.algorithms,sac,,td_targets,2,1,3
rail-berkeley_softlearning.softlearning.algorithms,sac,,compute_Q_targets,8,1,7
rail-berkeley_softlearning.softlearning.algorithms,sac,,heuristic_target_entropy,9,3,1
rail-berkeley_softlearning.softlearning.algorithms,sql,SQL,__init__,41,6,20
rail-berkeley_softlearning.softlearning.algorithms,sql,SQL,_compute_Q_targets,41,1,4
rail-berkeley_softlearning.softlearning.algorithms,sql,SQL,_update_Q,22,2,5
rail-berkeley_softlearning.softlearning.algorithms,sql,SQL,_update_policy,82,1,1
rail-berkeley_softlearning.softlearning.algorithms,sql,SQL,_update_target,6,3,1
rail-berkeley_softlearning.softlearning.algorithms,sql,SQL,_do_updates,14,1,1
rail-berkeley_softlearning.softlearning.algorithms,sql,SQL,_do_training,6,3,2
rail-berkeley_softlearning.softlearning.algorithms,sql,SQL,get_diagnostics,13,2,4
rail-berkeley_softlearning.softlearning.algorithms,sql,SQL,tf_saveables,8,1,0
rail-berkeley_softlearning.softlearning.distributions.bijectors,conditional_scale,ConditionalScale,__init__,11,1,3
rail-berkeley_softlearning.softlearning.distributions.bijectors,conditional_scale,ConditionalScale,_maybe_assert_valid_scale,8,1,1
rail-berkeley_softlearning.softlearning.distributions.bijectors,conditional_scale,ConditionalScale,_forward,3,1,2
rail-berkeley_softlearning.softlearning.distributions.bijectors,conditional_scale,ConditionalScale,_inverse,3,1,2
rail-berkeley_softlearning.softlearning.distributions.bijectors,conditional_scale,ConditionalScale,_forward_log_det_jacobian,3,1,2
rail-berkeley_softlearning.softlearning.distributions.bijectors,conditional_scale_test,ScaleBijectorTest,testName,3,1,0
rail-berkeley_softlearning.softlearning.distributions.bijectors,conditional_scale_test,ScaleBijectorTest,testNoBatchScale,9,1,2
rail-berkeley_softlearning.softlearning.distributions.bijectors,conditional_scale_test,ScaleBijectorTest,testBatchScale,9,1,2
rail-berkeley_softlearning.softlearning.distributions.bijectors,conditional_shift,ConditionalShift,__init__,11,1,3
rail-berkeley_softlearning.softlearning.distributions.bijectors,conditional_shift,ConditionalShift,_is_increasing,2,1,1
rail-berkeley_softlearning.softlearning.distributions.bijectors,conditional_shift,ConditionalShift,_forward,2,1,2
rail-berkeley_softlearning.softlearning.distributions.bijectors,conditional_shift,ConditionalShift,_inverse,2,1,2
rail-berkeley_softlearning.softlearning.distributions.bijectors,conditional_shift,ConditionalShift,_forward_log_det_jacobian,2,1,2
rail-berkeley_softlearning.softlearning.distributions.bijectors,conditional_shift_test,ShiftTest,testNoBatch,7,1,1
rail-berkeley_softlearning.softlearning.distributions.bijectors,conditional_shift_test,ShiftTest,testBatch,9,1,1
rail-berkeley_softlearning.softlearning.distributions.bijectors,real_nvp_flow,FeedforwardBijectorFunction,__init__,6,1,5
rail-berkeley_softlearning.softlearning.distributions.bijectors,real_nvp_flow,FeedforwardBijectorFunction,__call__,16,2,2
rail-berkeley_softlearning.softlearning.distributions.bijectors,real_nvp_flow,RealNVPFlow,__init__,12,1,7
rail-berkeley_softlearning.softlearning.distributions.bijectors,real_nvp_flow,RealNVPFlow,_build,21,3,1
rail-berkeley_softlearning.softlearning.distributions.bijectors,real_nvp_flow,RealNVPFlow,_forward,10,2,1
rail-berkeley_softlearning.softlearning.distributions.bijectors,real_nvp_flow,RealNVPFlow,_inverse,10,2,1
rail-berkeley_softlearning.softlearning.distributions.bijectors,real_nvp_flow,RealNVPFlow,_forward_log_det_jacobian,11,2,1
rail-berkeley_softlearning.softlearning.distributions.bijectors,real_nvp_flow,RealNVPFlow,_inverse_log_det_jacobian,11,2,1
rail-berkeley_softlearning.softlearning.distributions.bijectors,real_nvp_flow_test,RealNVPFlowTest,test_build,28,1,0
rail-berkeley_softlearning.softlearning.distributions.bijectors,real_nvp_flow_test,RealNVPFlowTest,test_forward_inverse_returns_identity,20,1,0
rail-berkeley_softlearning.softlearning.distributions.bijectors,real_nvp_flow_test,RealNVPFlowTest,test_should_reuse_scale_and_log_scale_variables,17,1,0
rail-berkeley_softlearning.softlearning.distributions.bijectors,real_nvp_flow_test,RealNVPFlowTest,test_batched_flow_with_mlp_transform,29,1,0
rail-berkeley_softlearning.softlearning.distributions.bijectors,real_nvp_flow_test,RealNVPFlowTest,test_with_batch_normalization,7,1,0
rail-berkeley_softlearning.softlearning.environments,helpers,,random_point_in_circle,6,1,2
rail-berkeley_softlearning.softlearning.environments,utils,,get_environment,2,1,4
rail-berkeley_softlearning.softlearning.environments,utils,,get_environment_from_params,6,1,1
rail-berkeley_softlearning.softlearning.environments.adapters,dm_control_adapter,DmControlAdapter,__init__,60,11,2
rail-berkeley_softlearning.softlearning.environments.adapters,dm_control_adapter,DmControlAdapter,step,12,2,1
rail-berkeley_softlearning.softlearning.environments.adapters,dm_control_adapter,DmControlAdapter,reset,4,1,0
rail-berkeley_softlearning.softlearning.environments.adapters,dm_control_adapter,DmControlAdapter,render,10,3,0
rail-berkeley_softlearning.softlearning.environments.adapters,dm_control_adapter,DmControlAdapter,seed,2,1,0
rail-berkeley_softlearning.softlearning.environments.adapters,dm_control_adapter,DmControlAdapter,unwrapped,2,1,0
rail-berkeley_softlearning.softlearning.environments.adapters,dm_control_adapter,,convert_dm_control_to_gym_space,38,5,1
rail-berkeley_softlearning.softlearning.environments.adapters,dm_control_adapter_test,TestDmControlAdapter,create_adapter,2,1,2
rail-berkeley_softlearning.softlearning.environments.adapters,dm_control_adapter_test,TestDmControlAdapter,test_environments,11,2,0
rail-berkeley_softlearning.softlearning.environments.adapters,dm_control_adapter_test,TestDmControlAdapter,test_render_human,5,1,0
rail-berkeley_softlearning.softlearning.environments.adapters,dm_control_adapter_test,TestDmControlAdapter,test_environment_kwargs,2,1,0
rail-berkeley_softlearning.softlearning.environments.adapters,dm_control_adapter_test,TestDmControlAdapter,test_serialize_deserialize,14,2,0
rail-berkeley_softlearning.softlearning.environments.adapters,dm_control_adapter_test,TestDmControlAdapter,test_copy_environments,14,2,0
rail-berkeley_softlearning.softlearning.environments.adapters,dm_control_adapter_test,TestDmControlAdapter,test_rescale_action,16,1,0
rail-berkeley_softlearning.softlearning.environments.adapters,dm_control_adapter_test,TestDmControlAdapter,test_rescale_observation_raises_exception,9,1,0
rail-berkeley_softlearning.softlearning.environments.adapters,gym_adapter,GymAdapter,__init__,53,15,2
rail-berkeley_softlearning.softlearning.environments.adapters,gym_adapter,GymAdapter,step,7,2,1
rail-berkeley_softlearning.softlearning.environments.adapters,gym_adapter,GymAdapter,reset,6,2,0
rail-berkeley_softlearning.softlearning.environments.adapters,gym_adapter,GymAdapter,render,4,2,0
rail-berkeley_softlearning.softlearning.environments.adapters,gym_adapter,GymAdapter,seed,2,1,0
rail-berkeley_softlearning.softlearning.environments.adapters,gym_adapter,GymAdapter,unwrapped,2,1,0
rail-berkeley_softlearning.softlearning.environments.adapters,gym_adapter,,parse_domain_task,5,1,1
rail-berkeley_softlearning.softlearning.environments.adapters,gym_adapter_test,TestGymAdapter,create_adapter,2,1,2
rail-berkeley_softlearning.softlearning.environments.adapters,gym_adapter_test,TestGymAdapter,test_environments,11,4,0
rail-berkeley_softlearning.softlearning.environments.adapters,gym_adapter_test,TestGymAdapter,test_serialize_deserialize,33,4,0
rail-berkeley_softlearning.softlearning.environments.adapters,gym_adapter_test,TestGymAdapter,test_copy_environments,33,4,0
rail-berkeley_softlearning.softlearning.environments.adapters,gym_adapter_test,TestGymAdapter,test_environment_kwargs,12,2,0
rail-berkeley_softlearning.softlearning.environments.adapters,gym_adapter_test,TestGymAdapter,test_rescale_action,16,1,0
rail-berkeley_softlearning.softlearning.environments.adapters,gym_adapter_test,TestGymAdapter,test_rescale_observation,17,1,0
rail-berkeley_softlearning.softlearning.environments.adapters,gym_adapter_test,TestGymAdapter,test_render_rgb_array,4,1,0
rail-berkeley_softlearning.softlearning.environments.adapters,robosuite_adapter,RobosuiteAdapter,__init__,45,8,2
rail-berkeley_softlearning.softlearning.environments.adapters,robosuite_adapter,RobosuiteAdapter,step,5,1,1
rail-berkeley_softlearning.softlearning.environments.adapters,robosuite_adapter,RobosuiteAdapter,reset,4,1,0
rail-berkeley_softlearning.softlearning.environments.adapters,robosuite_adapter,RobosuiteAdapter,render,19,9,0
rail-berkeley_softlearning.softlearning.environments.adapters,robosuite_adapter,RobosuiteAdapter,seed,2,1,0
rail-berkeley_softlearning.softlearning.environments.adapters,robosuite_adapter,RobosuiteAdapter,copy,9,1,0
rail-berkeley_softlearning.softlearning.environments.adapters,robosuite_adapter,RobosuiteAdapter,unwrapped,2,1,0
rail-berkeley_softlearning.softlearning.environments.adapters,robosuite_adapter,RobosuiteAdapter,__getstate__,6,1,0
rail-berkeley_softlearning.softlearning.environments.adapters,robosuite_adapter,RobosuiteAdapter,__setstate__,4,1,1
rail-berkeley_softlearning.softlearning.environments.adapters,robosuite_adapter,,convert_robosuite_to_gym_obs_space,11,2,1
rail-berkeley_softlearning.softlearning.environments.adapters,robosuite_adapter,,convert_robosuite_to_gym_action_space,6,1,1
rail-berkeley_softlearning.softlearning.environments.adapters,robosuite_adapter_test,TestRobosuiteAdapter,create_adapter,11,1,2
rail-berkeley_softlearning.softlearning.environments.adapters,robosuite_adapter_test,TestRobosuiteAdapter,test_environments,13,2,0
rail-berkeley_softlearning.softlearning.environments.adapters,robosuite_adapter_test,TestRobosuiteAdapter,test_serialize_deserialize,15,2,0
rail-berkeley_softlearning.softlearning.environments.adapters,robosuite_adapter_test,TestRobosuiteAdapter,test_copy_environments,31,4,0
rail-berkeley_softlearning.softlearning.environments.adapters,robosuite_adapter_test,TestRobosuiteAdapter,test_fails_with_invalid_environment_kwargs,8,1,0
rail-berkeley_softlearning.softlearning.environments.adapters,robosuite_adapter_test,TestRobosuiteAdapter,test_environment_kwargs,15,2,0
rail-berkeley_softlearning.softlearning.environments.adapters,robosuite_adapter_test,TestRobosuiteAdapter,test_render_rgb_array,5,1,0
rail-berkeley_softlearning.softlearning.environments.adapters,robosuite_adapter_test,TestRobosuiteAdapter,test_render_human,5,1,0
rail-berkeley_softlearning.softlearning.environments.adapters,robosuite_adapter_test,TestRobosuiteAdapter,test_fails_with_unnormalized_action_spec,17,0,0
rail-berkeley_softlearning.softlearning.environments.adapters,robosuite_adapter_test,TestRobosuiteAdapter,test_rescale_observation_raises_exception,9,1,0
rail-berkeley_softlearning.softlearning.environments.adapters,softlearning_env,SoftlearningEnv,__init__,5,1,3
rail-berkeley_softlearning.softlearning.environments.adapters,softlearning_env,SoftlearningEnv,observation_space,2,1,0
rail-berkeley_softlearning.softlearning.environments.adapters,softlearning_env,SoftlearningEnv,observation_shape,7,2,0
rail-berkeley_softlearning.softlearning.environments.adapters,softlearning_env,SoftlearningEnv,action_space,2,1,0
rail-berkeley_softlearning.softlearning.environments.adapters,softlearning_env,SoftlearningEnv,action_shape,11,3,0
rail-berkeley_softlearning.softlearning.environments.adapters,softlearning_env,SoftlearningEnv,step,3,1,1
rail-berkeley_softlearning.softlearning.environments.adapters,softlearning_env,SoftlearningEnv,reset,3,1,0
rail-berkeley_softlearning.softlearning.environments.adapters,softlearning_env,SoftlearningEnv,_filter_observation,7,1,1
rail-berkeley_softlearning.softlearning.environments.adapters,softlearning_env,SoftlearningEnv,render,3,1,1
rail-berkeley_softlearning.softlearning.environments.adapters,softlearning_env,SoftlearningEnv,render_rollouts,6,2,1
rail-berkeley_softlearning.softlearning.environments.adapters,softlearning_env,SoftlearningEnv,seed,3,1,1
rail-berkeley_softlearning.softlearning.environments.adapters,softlearning_env,SoftlearningEnv,copy,2,1,0
rail-berkeley_softlearning.softlearning.environments.adapters,softlearning_env,SoftlearningEnv,unwrapped,3,1,0
rail-berkeley_softlearning.softlearning.environments.adapters,softlearning_env,SoftlearningEnv,__str__,6,1,0
rail-berkeley_softlearning.softlearning.environments.adapters,softlearning_env,SoftlearningEnv,get_path_infos,21,6,1
rail-berkeley_softlearning.softlearning.environments.adapters,softlearning_env,SoftlearningEnv,__getattr__,4,1,1
rail-berkeley_softlearning.softlearning.environments.adapters,softlearning_env_test,AdapterTestClass,test_observation_space,5,1,0
rail-berkeley_softlearning.softlearning.environments.adapters,softlearning_env_test,AdapterTestClass,test_action_space,5,1,0
rail-berkeley_softlearning.softlearning.environments.adapters,softlearning_env_test,AdapterTestClass,test_step,11,1,0
rail-berkeley_softlearning.softlearning.environments.adapters,softlearning_env_test,AdapterTestClass,test_reset,4,1,0
rail-berkeley_softlearning.softlearning.environments.adapters,softlearning_env_test,AdapterTestClass,test_render_rgb_array,5,1,0
rail-berkeley_softlearning.softlearning.environments.adapters,softlearning_env_test,AdapterTestClass,test_render_human,5,1,0
rail-berkeley_softlearning.softlearning.environments.adapters,softlearning_env_test,AdapterTestClass,test_close,3,1,0
rail-berkeley_softlearning.softlearning.environments.gym,__init__,,register_mujoco_environments,7,2,0
rail-berkeley_softlearning.softlearning.environments.gym,__init__,,register_general_environments,7,2,0
rail-berkeley_softlearning.softlearning.environments.gym,__init__,,register_environments,7,1,0
rail-berkeley_softlearning.softlearning.environments.gym,multi_goal,MultiGoalEnv,__init__,26,1,4
rail-berkeley_softlearning.softlearning.environments.gym,multi_goal,MultiGoalEnv,reset,10,1,0
rail-berkeley_softlearning.softlearning.environments.gym,multi_goal,MultiGoalEnv,observation_space,6,1,0
rail-berkeley_softlearning.softlearning.environments.gym,multi_goal,MultiGoalEnv,action_space,6,1,0
rail-berkeley_softlearning.softlearning.environments.gym,multi_goal,MultiGoalEnv,get_current_obs,2,1,0
rail-berkeley_softlearning.softlearning.environments.gym,multi_goal,MultiGoalEnv,step,21,2,1
rail-berkeley_softlearning.softlearning.environments.gym,multi_goal,MultiGoalEnv,_init_plot,11,1,0
rail-berkeley_softlearning.softlearning.environments.gym,multi_goal,MultiGoalEnv,render_rollouts,12,3,1
rail-berkeley_softlearning.softlearning.environments.gym,multi_goal,MultiGoalEnv,render,2,1,1
rail-berkeley_softlearning.softlearning.environments.gym,multi_goal,MultiGoalEnv,compute_reward,10,1,2
rail-berkeley_softlearning.softlearning.environments.gym,multi_goal,MultiGoalEnv,_plot_position_cost,20,1,1
rail-berkeley_softlearning.softlearning.environments.gym,multi_goal,PointDynamics,__init__,5,1,2
rail-berkeley_softlearning.softlearning.environments.gym,multi_goal,PointDynamics,forward,5,1,2
rail-berkeley_softlearning.softlearning.environments.gym.mujoco,image_pusher_2d,ImagePusher2dEnv,__init__,4,1,1
rail-berkeley_softlearning.softlearning.environments.gym.mujoco,image_pusher_2d,ImagePusher2dEnv,_get_obs,9,1,0
rail-berkeley_softlearning.softlearning.environments.gym.mujoco,image_pusher_2d,ImagePusher2dEnv,step,7,1,1
rail-berkeley_softlearning.softlearning.environments.gym.mujoco,image_pusher_2d,ImagePusher2dEnv,viewer_setup,7,1,0
rail-berkeley_softlearning.softlearning.environments.gym.mujoco,image_pusher_2d,ImageForkReacher2dEnv,__init__,5,1,2
rail-berkeley_softlearning.softlearning.environments.gym.mujoco,image_pusher_2d,ImageForkReacher2dEnv,compute_reward,27,3,2
rail-berkeley_softlearning.softlearning.environments.gym.mujoco,image_pusher_2d,ImageForkReacher2dEnv,reset_model,18,1,0
rail-berkeley_softlearning.softlearning.environments.gym.mujoco,image_pusher_2d,BlindForkReacher2dEnv,_get_obs,5,1,0
rail-berkeley_softlearning.softlearning.environments.gym.mujoco,pusher_2d,Pusher2dEnv,__init__,11,1,4
rail-berkeley_softlearning.softlearning.environments.gym.mujoco,pusher_2d,Pusher2dEnv,step,6,1,1
rail-berkeley_softlearning.softlearning.environments.gym.mujoco,pusher_2d,Pusher2dEnv,compute_reward,26,3,2
rail-berkeley_softlearning.softlearning.environments.gym.mujoco,pusher_2d,Pusher2dEnv,viewer_setup,9,2,0
rail-berkeley_softlearning.softlearning.environments.gym.mujoco,pusher_2d,Pusher2dEnv,reset_model,17,3,2
rail-berkeley_softlearning.softlearning.environments.gym.mujoco,pusher_2d,Pusher2dEnv,_get_obs,8,1,0
rail-berkeley_softlearning.softlearning.environments.gym.mujoco,pusher_2d,ForkReacherEnv,__init__,5,1,2
rail-berkeley_softlearning.softlearning.environments.gym.mujoco,pusher_2d,ForkReacherEnv,compute_reward,27,3,2
rail-berkeley_softlearning.softlearning.environments.gym.mujoco,pusher_2d,ForkReacherEnv,reset_model,36,3,2
rail-berkeley_softlearning.softlearning.environments.gym.mujoco,pusher_2d,ForkReacherEnv,_get_obs,6,1,0
rail-berkeley_softlearning.softlearning.environments.gym.wrappers,rescale_observation,RescaleObservation,__init__,26,5,3
rail-berkeley_softlearning.softlearning.environments.gym.wrappers,rescale_observation,RescaleObservation,observation,8,1,1
rail-berkeley_softlearning.softlearning.environments.gym.wrappers,rescale_observation,,rescale_values,5,1,5
rail-berkeley_softlearning.softlearning.environments.gym.wrappers,rescale_observation_test,FakeEnvironment,__init__,7,1,0
rail-berkeley_softlearning.softlearning.environments.gym.wrappers,rescale_observation_test,FakeEnvironment,reset,3,1,0
rail-berkeley_softlearning.softlearning.environments.gym.wrappers,rescale_observation_test,FakeEnvironment,step,4,1,1
rail-berkeley_softlearning.softlearning.environments.gym.wrappers,rescale_observation_test,,test_rescale_observation,21,1,0
rail-berkeley_softlearning.softlearning.environments.gym.wrappers,rescale_observation_test,,test_raises_on_non_finite_low,9,1,0
rail-berkeley_softlearning.softlearning.environments.gym.wrappers,rescale_observation_test,,test_raises_on_high_less_than_low,7,1,0
rail-berkeley_softlearning.softlearning.environments.gym.wrappers,rescale_observation_test,,test_raises_on_high_equals_low,5,1,0
rail-berkeley_softlearning.softlearning.environments.gym.wrappers,rescale_observation_test,,test_raises_on_non_box_space,5,1,0
rail-berkeley_softlearning.softlearning.environments.gym.wrappers,rescale_observation_test,,test_raises_on_non_finite_space,6,1,0
rail-berkeley_softlearning.softlearning.misc,kernel,,adaptive_isotropic_gaussian_kernel,26,2,3
rail-berkeley_softlearning.softlearning.misc,plotter,QFPolicyPlotter,__init__,20,2,5
rail-berkeley_softlearning.softlearning.misc,plotter,QFPolicyPlotter,draw,7,1,0
rail-berkeley_softlearning.softlearning.misc,plotter,QFPolicyPlotter,_plot_level_curves,19,2,0
rail-berkeley_softlearning.softlearning.misc,plotter,QFPolicyPlotter,_plot_action_samples,7,2,0
rail-berkeley_softlearning.softlearning.models,convnet,,convnet_model,52,2,9
rail-berkeley_softlearning.softlearning.models,feedforward,,feedforward_model,16,2,6
rail-berkeley_softlearning.softlearning.models,feedforward_test,FeedforwardTest,test_clone_model,29,3,0
rail-berkeley_softlearning.softlearning.models,feedforward_test,FeedforwardTest,test_without_name,5,1,0
rail-berkeley_softlearning.softlearning.models,utils,,get_inputs_for_nested_shapes,17,2,2
rail-berkeley_softlearning.softlearning.models,utils,,flatten_input_structure,3,1,1
rail-berkeley_softlearning.softlearning.models,utils,,create_input,15,3,3
rail-berkeley_softlearning.softlearning.models,utils,,create_inputs,6,2,2
rail-berkeley_softlearning.softlearning.models,utils,,create_sequence_inputs,5,1,2
rail-berkeley_softlearning.softlearning.policies,__init__,,serialize,2,1,1
rail-berkeley_softlearning.softlearning.policies,__init__,,deserialize,7,1,2
rail-berkeley_softlearning.softlearning.policies,__init__,,get,14,2,1
rail-berkeley_softlearning.softlearning.policies,base_policy,BasePolicy,__init__,11,2,5
rail-berkeley_softlearning.softlearning.policies,base_policy,BasePolicy,_create_inputs,2,1,1
rail-berkeley_softlearning.softlearning.policies,base_policy,BasePolicy,name,2,1,0
rail-berkeley_softlearning.softlearning.policies,base_policy,BasePolicy,preprocessors,2,1,0
rail-berkeley_softlearning.softlearning.policies,base_policy,BasePolicy,inputs,2,1,0
rail-berkeley_softlearning.softlearning.policies,base_policy,BasePolicy,observation_keys,2,1,0
rail-berkeley_softlearning.softlearning.policies,base_policy,BasePolicy,reset,1,1,0
rail-berkeley_softlearning.softlearning.policies,base_policy,BasePolicy,get_weights,2,1,0
rail-berkeley_softlearning.softlearning.policies,base_policy,BasePolicy,set_weights,2,1,0
rail-berkeley_softlearning.softlearning.policies,base_policy,BasePolicy,save_weights,2,1,0
rail-berkeley_softlearning.softlearning.policies,base_policy,BasePolicy,load_weights,2,1,0
rail-berkeley_softlearning.softlearning.policies,base_policy,BasePolicy,weights,3,1,0
rail-berkeley_softlearning.softlearning.policies,base_policy,BasePolicy,trainable_weights,2,1,0
rail-berkeley_softlearning.softlearning.policies,base_policy,BasePolicy,non_trainable_weights,2,1,0
rail-berkeley_softlearning.softlearning.policies,base_policy,BasePolicy,variables,3,1,0
rail-berkeley_softlearning.softlearning.policies,base_policy,BasePolicy,trainable_variables,2,1,0
rail-berkeley_softlearning.softlearning.policies,base_policy,BasePolicy,non_trainable_variables,2,1,0
rail-berkeley_softlearning.softlearning.policies,base_policy,BasePolicy,actions,2,1,1
rail-berkeley_softlearning.softlearning.policies,base_policy,BasePolicy,action,6,1,0
rail-berkeley_softlearning.softlearning.policies,base_policy,BasePolicy,log_probs,2,1,2
rail-berkeley_softlearning.softlearning.policies,base_policy,BasePolicy,log_prob,6,1,0
rail-berkeley_softlearning.softlearning.policies,base_policy,BasePolicy,actions_and_log_probs,4,1,0
rail-berkeley_softlearning.softlearning.policies,base_policy,BasePolicy,probs,2,1,2
rail-berkeley_softlearning.softlearning.policies,base_policy,BasePolicy,prob,6,1,0
rail-berkeley_softlearning.softlearning.policies,base_policy,BasePolicy,evaluation_mode,3,1,0
rail-berkeley_softlearning.softlearning.policies,base_policy,BasePolicy,_preprocess_inputs,10,2,1
rail-berkeley_softlearning.softlearning.policies,base_policy,BasePolicy,_filter_observations,8,3,1
rail-berkeley_softlearning.softlearning.policies,base_policy,BasePolicy,get_diagnostics,4,1,1
rail-berkeley_softlearning.softlearning.policies,base_policy,BasePolicy,get_diagnostics_np,4,1,0
rail-berkeley_softlearning.softlearning.policies,base_policy,BasePolicy,get_config,10,1,0
rail-berkeley_softlearning.softlearning.policies,base_policy,BasePolicy,_updated_config,7,1,0
rail-berkeley_softlearning.softlearning.policies,base_policy,BasePolicy,to_yaml,5,2,0
rail-berkeley_softlearning.softlearning.policies,base_policy,BasePolicy,to_json,3,1,0
rail-berkeley_softlearning.softlearning.policies,base_policy,BasePolicy,save,6,1,2
rail-berkeley_softlearning.softlearning.policies,base_policy,ContinuousPolicy,__init__,11,1,1
rail-berkeley_softlearning.softlearning.policies,base_policy,ContinuousPolicy,get_config,8,1,0
rail-berkeley_softlearning.softlearning.policies,base_policy,LatentSpacePolicy,__init__,15,5,0
rail-berkeley_softlearning.softlearning.policies,base_policy,LatentSpacePolicy,_reset_smoothing_x,2,1,0
rail-berkeley_softlearning.softlearning.policies,base_policy,LatentSpacePolicy,reset,2,1,0
rail-berkeley_softlearning.softlearning.policies,base_policy,LatentSpacePolicy,get_config,7,1,0
rail-berkeley_softlearning.softlearning.policies,gaussian_policy,GaussianPolicy,__init__,17,1,0
rail-berkeley_softlearning.softlearning.policies,gaussian_policy,GaussianPolicy,actions,14,2,1
rail-berkeley_softlearning.softlearning.policies,gaussian_policy,GaussianPolicy,log_probs,13,2,2
rail-berkeley_softlearning.softlearning.policies,gaussian_policy,GaussianPolicy,probs,13,2,2
rail-berkeley_softlearning.softlearning.policies,gaussian_policy,GaussianPolicy,actions_and_log_probs,22,2,1
rail-berkeley_softlearning.softlearning.policies,gaussian_policy,GaussianPolicy,actions_and_probs,22,2,1
rail-berkeley_softlearning.softlearning.policies,gaussian_policy,GaussianPolicy,evaluation_mode,5,1,0
rail-berkeley_softlearning.softlearning.policies,gaussian_policy,GaussianPolicy,_shift_and_scale_diag_net,2,1,2
rail-berkeley_softlearning.softlearning.policies,gaussian_policy,GaussianPolicy,save_weights,2,1,0
rail-berkeley_softlearning.softlearning.policies,gaussian_policy,GaussianPolicy,load_weights,2,1,0
rail-berkeley_softlearning.softlearning.policies,gaussian_policy,GaussianPolicy,get_weights,2,1,0
rail-berkeley_softlearning.softlearning.policies,gaussian_policy,GaussianPolicy,set_weights,2,1,0
rail-berkeley_softlearning.softlearning.policies,gaussian_policy,GaussianPolicy,trainable_weights,2,1,0
rail-berkeley_softlearning.softlearning.policies,gaussian_policy,GaussianPolicy,non_trainable_weights,2,1,0
rail-berkeley_softlearning.softlearning.policies,gaussian_policy,GaussianPolicy,get_diagnostics,23,1,1
rail-berkeley_softlearning.softlearning.policies,gaussian_policy,FeedforwardGaussianPolicy,__init__,5,1,3
rail-berkeley_softlearning.softlearning.policies,gaussian_policy,FeedforwardGaussianPolicy,_shift_and_scale_diag_net,15,1,2
rail-berkeley_softlearning.softlearning.policies,gaussian_policy,FeedforwardGaussianPolicy,get_config,9,1,0
rail-berkeley_softlearning.softlearning.policies,gaussian_policy_test,GaussianPolicyTest,setUp,12,1,0
rail-berkeley_softlearning.softlearning.policies,gaussian_policy_test,GaussianPolicyTest,test_actions_and_log_probs,17,2,0
rail-berkeley_softlearning.softlearning.policies,gaussian_policy_test,GaussianPolicyTest,test_env_step_with_actions,4,1,0
rail-berkeley_softlearning.softlearning.policies,gaussian_policy_test,GaussianPolicyTest,test_trainable_variables,7,1,0
rail-berkeley_softlearning.softlearning.policies,gaussian_policy_test,GaussianPolicyTest,test_get_diagnostics,25,2,0
rail-berkeley_softlearning.softlearning.policies,gaussian_policy_test,GaussianPolicyTest,test_serialize_deserialize,29,2,0
rail-berkeley_softlearning.softlearning.policies,gaussian_policy_test,GaussianPolicyTest,test_latent_smoothing,29,2,0
rail-berkeley_softlearning.softlearning.policies,real_nvp_policy,RealNVPPolicy,__init__,15,1,2
rail-berkeley_softlearning.softlearning.policies,real_nvp_policy,RealNVPPolicy,actions,13,2,1
rail-berkeley_softlearning.softlearning.policies,real_nvp_policy,RealNVPPolicy,log_probs,8,1,2
rail-berkeley_softlearning.softlearning.policies,real_nvp_policy,RealNVPPolicy,probs,8,1,2
rail-berkeley_softlearning.softlearning.policies,real_nvp_policy,RealNVPPolicy,get_weights,2,1,0
rail-berkeley_softlearning.softlearning.policies,real_nvp_policy,RealNVPPolicy,set_weights,2,1,0
rail-berkeley_softlearning.softlearning.policies,real_nvp_policy,RealNVPPolicy,trainable_weights,2,1,0
rail-berkeley_softlearning.softlearning.policies,real_nvp_policy,RealNVPPolicy,non_trainable_weights,2,1,0
rail-berkeley_softlearning.softlearning.policies,real_nvp_policy,RealNVPPolicy,get_diagnostics,13,1,1
rail-berkeley_softlearning.softlearning.policies,real_nvp_policy_test,RealNVPPolicyTest,setUp,15,1,0
rail-berkeley_softlearning.softlearning.policies,real_nvp_policy_test,RealNVPPolicyTest,test_actions_and_log_probs_symbolic,17,2,0
rail-berkeley_softlearning.softlearning.policies,real_nvp_policy_test,RealNVPPolicyTest,test_actions_and_log_probs_numeric,13,1,0
rail-berkeley_softlearning.softlearning.policies,real_nvp_policy_test,RealNVPPolicyTest,test_env_step_with_actions,4,1,0
rail-berkeley_softlearning.softlearning.policies,real_nvp_policy_test,RealNVPPolicyTest,test_trainable_variables,13,1,0
rail-berkeley_softlearning.softlearning.policies,real_nvp_policy_test,RealNVPPolicyTest,test_get_diagnostics,23,2,0
rail-berkeley_softlearning.softlearning.policies,real_nvp_policy_test,RealNVPPolicyTest,test_serialize_deserialize,21,2,0
rail-berkeley_softlearning.softlearning.policies,real_nvp_policy_test,RealNVPPolicyTest,test_latent_smoothing,30,2,0
rail-berkeley_softlearning.softlearning.policies,uniform_policy,UniformPolicyMixin,actions,6,1,1
rail-berkeley_softlearning.softlearning.policies,uniform_policy,UniformPolicyMixin,log_probs,3,1,2
rail-berkeley_softlearning.softlearning.policies,uniform_policy,UniformPolicyMixin,probs,3,1,2
rail-berkeley_softlearning.softlearning.policies,uniform_policy,ContinuousUniformPolicy,__init__,6,1,0
rail-berkeley_softlearning.softlearning.policies,uniform_policy_test,ContinuousUniformPolicyTest,setUp,10,1,0
rail-berkeley_softlearning.softlearning.policies,uniform_policy_test,ContinuousUniformPolicyTest,test_actions_and_log_probs,26,2,0
rail-berkeley_softlearning.softlearning.policies,uniform_policy_test,ContinuousUniformPolicyTest,test_env_step_with_actions,4,1,0
rail-berkeley_softlearning.softlearning.policies,uniform_policy_test,ContinuousUniformPolicyTest,test_trainable_variables,2,1,0
rail-berkeley_softlearning.softlearning.policies,uniform_policy_test,ContinuousUniformPolicyTest,test_get_diagnostics,13,1,0
rail-berkeley_softlearning.softlearning.policies,uniform_policy_test,ContinuousUniformPolicyTest,test_serialize_deserialize,26,1,0
rail-berkeley_softlearning.softlearning.policies,utils,,get_uniform_policy,12,2,1
rail-berkeley_softlearning.softlearning.preprocessors,__init__,,convnet_preprocessor,4,1,1
rail-berkeley_softlearning.softlearning.preprocessors,__init__,,serialize,2,1,1
rail-berkeley_softlearning.softlearning.preprocessors,__init__,,deserialize,7,1,2
rail-berkeley_softlearning.softlearning.preprocessors,__init__,,get,14,2,1
rail-berkeley_softlearning.softlearning.replay_pools,__init__,,serialize,2,1,1
rail-berkeley_softlearning.softlearning.replay_pools,__init__,,deserialize,7,1,2
rail-berkeley_softlearning.softlearning.replay_pools,__init__,,get,14,2,1
rail-berkeley_softlearning.softlearning.replay_pools,flexible_replay_pool,FlexibleReplayPool,__init__,9,1,2
rail-berkeley_softlearning.softlearning.replay_pools,flexible_replay_pool,FlexibleReplayPool,size,2,1,0
rail-berkeley_softlearning.softlearning.replay_pools,flexible_replay_pool,FlexibleReplayPool,_initialize_field,5,1,1
rail-berkeley_softlearning.softlearning.replay_pools,flexible_replay_pool,FlexibleReplayPool,_advance,14,2,1
rail-berkeley_softlearning.softlearning.replay_pools,flexible_replay_pool,FlexibleReplayPool,add_sample,3,1,1
rail-berkeley_softlearning.softlearning.replay_pools,flexible_replay_pool,FlexibleReplayPool,add_samples,22,2,1
rail-berkeley_softlearning.softlearning.replay_pools,flexible_replay_pool,FlexibleReplayPool,add_path,14,1,1
rail-berkeley_softlearning.softlearning.replay_pools,flexible_replay_pool,FlexibleReplayPool,random_indices,3,1,1
rail-berkeley_softlearning.softlearning.replay_pools,flexible_replay_pool,FlexibleReplayPool,random_batch,4,1,2
rail-berkeley_softlearning.softlearning.replay_pools,flexible_replay_pool,FlexibleReplayPool,random_sequence_batch,3,1,1
rail-berkeley_softlearning.softlearning.replay_pools,flexible_replay_pool,FlexibleReplayPool,last_n_batch,7,1,2
rail-berkeley_softlearning.softlearning.replay_pools,flexible_replay_pool,FlexibleReplayPool,last_n_sequence_batch,6,1,1
rail-berkeley_softlearning.softlearning.replay_pools,flexible_replay_pool,FlexibleReplayPool,filter_fields,16,2,2
rail-berkeley_softlearning.softlearning.replay_pools,flexible_replay_pool,FlexibleReplayPool,batch_by_indices,10,4,3
rail-berkeley_softlearning.softlearning.replay_pools,flexible_replay_pool,FlexibleReplayPool,sequence_batch_by_indices,32,3,3
rail-berkeley_softlearning.softlearning.replay_pools,flexible_replay_pool,FlexibleReplayPool,save_latest_experience,5,1,1
rail-berkeley_softlearning.softlearning.replay_pools,flexible_replay_pool,FlexibleReplayPool,load_experience,9,1,1
rail-berkeley_softlearning.softlearning.replay_pools,flexible_replay_pool_test,FlexibleReplayPoolTest,setUp,3,1,0
rail-berkeley_softlearning.softlearning.replay_pools,flexible_replay_pool_test,FlexibleReplayPoolTest,test_multi_dimensional_field,27,5,0
rail-berkeley_softlearning.softlearning.replay_pools,flexible_replay_pool_test,FlexibleReplayPoolTest,test_advance,64,1,0
rail-berkeley_softlearning.softlearning.replay_pools,flexible_replay_pool_test,FlexibleReplayPoolTest,test_save_load_latest_experience,42,2,0
rail-berkeley_softlearning.softlearning.replay_pools,flexible_replay_pool_test,FlexibleReplayPoolTest,test_save_load_latest_experience_empty_pool,6,1,0
rail-berkeley_softlearning.softlearning.replay_pools,flexible_replay_pool_test,FlexibleReplayPoolTest,test_save_latest_experience_with_overflown_pool,32,1,0
rail-berkeley_softlearning.softlearning.replay_pools,flexible_replay_pool_test,FlexibleReplayPoolTest,test_field_initialization,8,1,0
rail-berkeley_softlearning.softlearning.replay_pools,flexible_replay_pool_test,FlexibleReplayPoolTest,test_serialize_deserialize_full,25,5,0
rail-berkeley_softlearning.softlearning.replay_pools,flexible_replay_pool_test,FlexibleReplayPoolTest,test_serialize_deserialize_not_full,26,5,0
rail-berkeley_softlearning.softlearning.replay_pools,flexible_replay_pool_test,FlexibleReplayPoolTest,test_serialize_deserialize_empty,23,5,0
rail-berkeley_softlearning.softlearning.replay_pools,flexible_replay_pool_test,FlexibleReplayPoolTest,test_add_sample,13,2,0
rail-berkeley_softlearning.softlearning.replay_pools,flexible_replay_pool_test,FlexibleReplayPoolTest,test_add_samples,12,1,0
rail-berkeley_softlearning.softlearning.replay_pools,flexible_replay_pool_test,FlexibleReplayPoolTest,test_random_indices,13,1,0
rail-berkeley_softlearning.softlearning.replay_pools,flexible_replay_pool_test,FlexibleReplayPoolTest,test_random_batch,17,3,0
rail-berkeley_softlearning.softlearning.replay_pools,flexible_replay_pool_test,FlexibleReplayPoolTest,test_random_sequence_batch,28,5,0
rail-berkeley_softlearning.softlearning.replay_pools,flexible_replay_pool_test,FlexibleReplayPoolTest,test_last_n_batch,17,4,0
rail-berkeley_softlearning.softlearning.replay_pools,flexible_replay_pool_test,FlexibleReplayPoolTest,test_last_n_sequence_batch,36,7,0
rail-berkeley_softlearning.softlearning.replay_pools,flexible_replay_pool_test,FlexibleReplayPoolTest,test_last_n_batch_with_overflown_pool,15,3,0
rail-berkeley_softlearning.softlearning.replay_pools,flexible_replay_pool_test,FlexibleReplayPoolTest,test_batch_by_indices,16,3,0
rail-berkeley_softlearning.softlearning.replay_pools,flexible_replay_pool_test,FlexibleReplayPoolTest,test_sequence_overlaps_two_episodes,97,8,0
rail-berkeley_softlearning.softlearning.replay_pools,flexible_replay_pool_test,FlexibleReplayPoolTest,test_sequence_batch_by_indices,54,6,0
rail-berkeley_softlearning.softlearning.replay_pools,flexible_replay_pool_test,FlexibleReplayPoolTest,test_sequence_batch_sample_from_end_of_full_pool,18,1,0
rail-berkeley_softlearning.softlearning.replay_pools,flexible_replay_pool_test,FlexibleReplayPoolTest,test_batch_by_indices_with_filter,12,1,0
rail-berkeley_softlearning.softlearning.replay_pools,flexible_replay_pool_test,,create_pool,11,1,2
rail-berkeley_softlearning.softlearning.replay_pools,goal_replay_pool,GoalReplayPool,__init__,52,2,3
rail-berkeley_softlearning.softlearning.replay_pools,goal_replay_pool,GoalReplayPool,add_samples,23,1,1
rail-berkeley_softlearning.softlearning.replay_pools,hindsight_experience_replay_pool,ResamplingReplayPool,_resample_indices,38,5,4
rail-berkeley_softlearning.softlearning.replay_pools,hindsight_experience_replay_pool,HindsightExperienceReplayPool,__init__,8,3,0
rail-berkeley_softlearning.softlearning.replay_pools,hindsight_experience_replay_pool,HindsightExperienceReplayPool,_relabel_batch,46,4,3
rail-berkeley_softlearning.softlearning.replay_pools,hindsight_experience_replay_pool,HindsightExperienceReplayPool,batch_by_indices,7,2,1
rail-berkeley_softlearning.softlearning.replay_pools,hindsight_experience_replay_pool,HindsightExperienceReplayPool,last_n_batch,3,1,0
rail-berkeley_softlearning.softlearning.replay_pools,hindsight_experience_replay_pool,,random_int_with_variable_range,3,1,2
rail-berkeley_softlearning.softlearning.replay_pools,hindsight_experience_replay_pool,,REPLACE_FULL_OBSERVATION,14,0,4
rail-berkeley_softlearning.softlearning.replay_pools,hindsight_experience_replay_pool_test,StrategyValidator,__init__,3,1,1
rail-berkeley_softlearning.softlearning.replay_pools,hindsight_experience_replay_pool_test,StrategyValidator,verify_batch,7,1,1
rail-berkeley_softlearning.softlearning.replay_pools,hindsight_experience_replay_pool_test,StrategyValidator,statistics_match,14,2,0
rail-berkeley_softlearning.softlearning.replay_pools,hindsight_experience_replay_pool_test,FinalStrategyValidator,verify_batch,7,2,1
rail-berkeley_softlearning.softlearning.replay_pools,hindsight_experience_replay_pool_test,EpisodeStrategyValidator,verify_batch,14,2,1
rail-berkeley_softlearning.softlearning.replay_pools,hindsight_experience_replay_pool_test,FutureStrategyValidator,verify_batch,8,2,1
rail-berkeley_softlearning.softlearning.replay_pools,hindsight_experience_replay_pool_test,TestHindsightExperienceReplayPool,test_resampling,61,5,2
rail-berkeley_softlearning.softlearning.replay_pools,hindsight_experience_replay_pool_test,TestHindsightExperienceReplayPool,test_custom_reward_function,2,1,1
rail-berkeley_softlearning.softlearning.replay_pools,hindsight_experience_replay_pool_test,TestHindsightExperienceReplayPool,test_custom_terminal_function,2,1,1
rail-berkeley_softlearning.softlearning.replay_pools,hindsight_experience_replay_pool_test,,create_pool,3,1,2
rail-berkeley_softlearning.softlearning.replay_pools,replay_pool,ReplayPool,add_sample,2,1,1
rail-berkeley_softlearning.softlearning.replay_pools,replay_pool,ReplayPool,terminate_episode,2,1,0
rail-berkeley_softlearning.softlearning.replay_pools,replay_pool,ReplayPool,size,2,1,0
rail-berkeley_softlearning.softlearning.replay_pools,replay_pool,ReplayPool,add_path,2,1,1
rail-berkeley_softlearning.softlearning.replay_pools,replay_pool,ReplayPool,random_batch,2,1,1
rail-berkeley_softlearning.softlearning.replay_pools,simple_replay_pool,SimpleReplayPool,__init__,29,2,1
rail-berkeley_softlearning.softlearning.replay_pools,simple_replay_pool,,field_from_gym_space,10,3,2
rail-berkeley_softlearning.softlearning.replay_pools,simple_replay_pool_test,SimpleReplayPoolTest,test_create_pool,41,5,0
rail-berkeley_softlearning.softlearning.replay_pools,simple_replay_pool_test,SimpleReplayPoolTest,test_add_samples_box_observation,34,2,0
rail-berkeley_softlearning.softlearning.replay_pools,simple_replay_pool_test,SimpleReplayPoolTest,test_add_samples_dict_observation,37,3,0
rail-berkeley_softlearning.softlearning.replay_pools,simple_replay_pool_test,,create_pool,2,1,2
rail-berkeley_softlearning.softlearning.replay_pools,union_pool,UnionPool,__init__,5,1,1
rail-berkeley_softlearning.softlearning.replay_pools,union_pool,UnionPool,add_sample,2,1,0
rail-berkeley_softlearning.softlearning.replay_pools,union_pool,UnionPool,terminate_episode,2,1,0
rail-berkeley_softlearning.softlearning.replay_pools,union_pool,UnionPool,size,2,1,0
rail-berkeley_softlearning.softlearning.replay_pools,union_pool,UnionPool,add_path,2,1,0
rail-berkeley_softlearning.softlearning.replay_pools,union_pool,UnionPool,random_batch,12,0,1
rail-berkeley_softlearning.softlearning.samplers,__init__,,serialize,2,1,1
rail-berkeley_softlearning.softlearning.samplers,__init__,,deserialize,7,1,2
rail-berkeley_softlearning.softlearning.samplers,__init__,,get,14,2,1
rail-berkeley_softlearning.softlearning.samplers,base_sampler,BaseSampler,__init__,7,1,5
rail-berkeley_softlearning.softlearning.samplers,base_sampler,BaseSampler,initialize,4,1,3
rail-berkeley_softlearning.softlearning.samplers,base_sampler,BaseSampler,reset,2,1,0
rail-berkeley_softlearning.softlearning.samplers,base_sampler,BaseSampler,set_policy,2,1,1
rail-berkeley_softlearning.softlearning.samplers,base_sampler,BaseSampler,clear_last_n_paths,2,1,0
rail-berkeley_softlearning.softlearning.samplers,base_sampler,BaseSampler,get_last_n_paths,5,2,1
rail-berkeley_softlearning.softlearning.samplers,base_sampler,BaseSampler,sample,2,1,0
rail-berkeley_softlearning.softlearning.samplers,base_sampler,BaseSampler,terminate,2,1,0
rail-berkeley_softlearning.softlearning.samplers,base_sampler,BaseSampler,get_diagnostics,3,1,0
rail-berkeley_softlearning.softlearning.samplers,base_sampler,BaseSampler,__getstate__,14,1,0
rail-berkeley_softlearning.softlearning.samplers,base_sampler,BaseSampler,__setstate__,6,1,1
rail-berkeley_softlearning.softlearning.samplers,dummy_sampler,DummySampler,sample,2,1,0
rail-berkeley_softlearning.softlearning.samplers,goal_sampler,GoalSampler,_policy_input,7,1,0
rail-berkeley_softlearning.softlearning.samplers,goal_sampler,GoalSampler,_process_sample,20,1,6
rail-berkeley_softlearning.softlearning.samplers,remote_sampler,RemoteSampler,__init__,11,1,0
rail-berkeley_softlearning.softlearning.samplers,remote_sampler,RemoteSampler,_create_remote_environment,8,2,2
rail-berkeley_softlearning.softlearning.samplers,remote_sampler,RemoteSampler,initialize,3,1,3
rail-berkeley_softlearning.softlearning.samplers,remote_sampler,RemoteSampler,wait_for_path,5,1,1
rail-berkeley_softlearning.softlearning.samplers,remote_sampler,RemoteSampler,sample,22,4,1
rail-berkeley_softlearning.softlearning.samplers,remote_sampler,RemoteSampler,get_diagnostics,9,1,0
rail-berkeley_softlearning.softlearning.samplers,remote_sampler,RemoteSampler,__getstate__,7,1,0
rail-berkeley_softlearning.softlearning.samplers,remote_sampler,RemoteSampler,__setstate__,3,1,1
rail-berkeley_softlearning.softlearning.samplers,remote_sampler,_RemoteEnv,__init__,10,2,2
rail-berkeley_softlearning.softlearning.samplers,remote_sampler,_RemoteEnv,initialized,2,1,0
rail-berkeley_softlearning.softlearning.samplers,remote_sampler,_RemoteEnv,rollout,4,1,2
rail-berkeley_softlearning.softlearning.samplers,remote_sampler_test,RemoteSamplerTest,setUp,12,1,0
rail-berkeley_softlearning.softlearning.samplers,remote_sampler_test,RemoteSamplerTest,test_initialization,5,1,0
rail-berkeley_softlearning.softlearning.samplers,remote_sampler_test,RemoteSamplerTest,test_serialize_deserialize,34,1,0
rail-berkeley_softlearning.softlearning.samplers,simple_sampler,SimpleSampler,__init__,7,1,0
rail-berkeley_softlearning.softlearning.samplers,simple_sampler,SimpleSampler,reset,7,2,0
rail-berkeley_softlearning.softlearning.samplers,simple_sampler,SimpleSampler,_policy_input,2,1,0
rail-berkeley_softlearning.softlearning.samplers,simple_sampler,SimpleSampler,_process_sample,10,1,6
rail-berkeley_softlearning.softlearning.samplers,simple_sampler,SimpleSampler,sample,44,4,0
rail-berkeley_softlearning.softlearning.samplers,simple_sampler,SimpleSampler,get_diagnostics,9,1,0
rail-berkeley_softlearning.softlearning.samplers,utils,,rollout,41,10,7
rail-berkeley_softlearning.softlearning.samplers,utils,,rollouts,3,1,1
rail-berkeley_softlearning.softlearning.scripts,console_scripts,,add_options,6,1,1
rail-berkeley_softlearning.softlearning.scripts,console_scripts,,cli,2,1,0
rail-berkeley_softlearning.softlearning.scripts,console_scripts,,run_example_dry_cmd,3,1,2
rail-berkeley_softlearning.softlearning.scripts,console_scripts,,run_example_local_cmd,3,1,2
rail-berkeley_softlearning.softlearning.scripts,console_scripts,,run_example_debug_cmd,3,1,2
rail-berkeley_softlearning.softlearning.scripts,console_scripts,,run_example_cluster_cmd,3,1,2
rail-berkeley_softlearning.softlearning.scripts,console_scripts,,launch_example_cluster_cmd,3,1,0
rail-berkeley_softlearning.softlearning.scripts,console_scripts,,launch_example_gce_cmd,4,1,0
rail-berkeley_softlearning.softlearning.scripts,console_scripts,,launch_example_ec2_cmd,4,1,0
rail-berkeley_softlearning.softlearning.scripts,console_scripts,,main,2,1,0
rail-berkeley_softlearning.softlearning.utils,dict,,deep_update,10,3,1
rail-berkeley_softlearning.softlearning.utils,gcp,,instance_preempted,11,3,0
rail-berkeley_softlearning.softlearning.utils,git,,get_git_rev,19,3,2
rail-berkeley_softlearning.softlearning.utils,gym,,is_continuous_space,2,1,1
rail-berkeley_softlearning.softlearning.utils,gym,,is_discrete_space,2,1,1
rail-berkeley_softlearning.softlearning.utils,misc,,set_seed,6,1,1
rail-berkeley_softlearning.softlearning.utils,misc,,get_host_name,7,1,0
rail-berkeley_softlearning.softlearning.utils,numpy,,softmax,4,1,1
rail-berkeley_softlearning.softlearning.utils,random,,spherical,5,1,2
rail-berkeley_softlearning.softlearning.utils,serialization,CustomObjectScope,__init__,3,1,0
rail-berkeley_softlearning.softlearning.utils,serialization,CustomObjectScope,__enter__,5,2,0
rail-berkeley_softlearning.softlearning.utils,serialization,CustomObjectScope,__exit__,3,1,0
rail-berkeley_softlearning.softlearning.utils,serialization,,custom_object_scope,3,1,0
rail-berkeley_softlearning.softlearning.utils,serialization,,get_custom_objects,3,1,0
rail-berkeley_softlearning.softlearning.utils,serialization,,serialize_softlearning_class_and_config,2,1,2
rail-berkeley_softlearning.softlearning.utils,serialization,,register_softlearning_serializable,25,4,2
rail-berkeley_softlearning.softlearning.utils,serialization,,get_registered_name,6,1,1
rail-berkeley_softlearning.softlearning.utils,serialization,,skip_failed_serialization,8,1,0
rail-berkeley_softlearning.softlearning.utils,serialization,,get_registered_object,9,3,3
rail-berkeley_softlearning.softlearning.utils,serialization,,serialize_softlearning_object,33,8,1
rail-berkeley_softlearning.softlearning.utils,serialization,,get_custom_objects_by_name,6,2,2
rail-berkeley_softlearning.softlearning.utils,serialization,,class_and_config_for_serialized_softlearning_object,31,10,4
rail-berkeley_softlearning.softlearning.utils,serialization,,deserialize_softlearning_object,51,8,4
rail-berkeley_softlearning.softlearning.utils,serialization_test,SerializeSoftlearningObjectTest,test_serialize_none,6,1,0
rail-berkeley_softlearning.softlearning.utils,serialization_test,SerializeSoftlearningObjectTest,test_serialize_custom_class_with_default_name,28,0,0
rail-berkeley_softlearning.softlearning.utils,serialization_test,SerializeSoftlearningObjectTest,test_serialize_custom_class_with_custom_name,23,1,0
rail-berkeley_softlearning.softlearning.utils,serialization_test,SerializeSoftlearningObjectTest,test_serialize_custom_function,14,1,0
rail-berkeley_softlearning.softlearning.utils,serialization_test,SerializeSoftlearningObjectTest,test_serialize_custom_class_without_get_config_fails,11,1,0
rail-berkeley_softlearning.softlearning.utils,serialization_test,SerializeSoftlearningObjectTest,test_serializable_object,34,1,0
rail-berkeley_softlearning.softlearning.utils,serialization_test,SerializeSoftlearningObjectTest,test_nested_serializable_object,56,-2,0
rail-berkeley_softlearning.softlearning.utils,serialization_test,SerializeSoftlearningObjectTest,test_nested_serializable_fn,43,0,0
rail-berkeley_softlearning.softlearning.utils,tensorflow,,set_gpu_memory_growth,13,4,1
rail-berkeley_softlearning.softlearning.utils,tensorflow,,apply_preprocessors,9,1,2
rail-berkeley_softlearning.softlearning.utils,tensorflow,,cast_and_concat,6,1,1
rail-berkeley_softlearning.softlearning.utils,times,,datetimestamp,5,1,2
rail-berkeley_softlearning.softlearning.utils,times,,datestamp,2,1,1
rail-berkeley_softlearning.softlearning.utils,times,,timestamp,5,1,1
rail-berkeley_softlearning.softlearning.utils,tune,,is_result_file,4,1,1
rail-berkeley_softlearning.softlearning.utils,tune,,is_params_file,4,1,1
rail-berkeley_softlearning.softlearning.utils,tune,,is_checkpoint_directory,4,1,1
rail-berkeley_softlearning.softlearning.utils,tune,,is_trial_directory,20,2,1
rail-berkeley_softlearning.softlearning.utils,tune,,is_experiment_directory,17,2,1
rail-berkeley_softlearning.softlearning.utils,tune,,find_all_experiment_directories,11,1,1
rail-berkeley_softlearning.softlearning.utils,tune,,find_all_trial_directories,11,1,1
rail-berkeley_softlearning.softlearning.utils,video,,_make_dir,4,2,1
rail-berkeley_softlearning.softlearning.utils,video,,save_video,15,1,4
rail-berkeley_softlearning.softlearning.utils,video,,create_video_grid,6,1,1
rail-berkeley_softlearning.softlearning.value_functions,__init__,,serialize,2,1,1
rail-berkeley_softlearning.softlearning.value_functions,__init__,,deserialize,7,1,2
rail-berkeley_softlearning.softlearning.value_functions,__init__,,get,14,2,1
rail-berkeley_softlearning.softlearning.value_functions,base_value_function,BaseValueFunction,__init__,4,1,3
rail-berkeley_softlearning.softlearning.value_functions,base_value_function,BaseValueFunction,name,2,1,0
rail-berkeley_softlearning.softlearning.value_functions,base_value_function,BaseValueFunction,observation_keys,2,1,0
rail-berkeley_softlearning.softlearning.value_functions,base_value_function,BaseValueFunction,reset,1,1,0
rail-berkeley_softlearning.softlearning.value_functions,base_value_function,BaseValueFunction,get_weights,2,1,0
rail-berkeley_softlearning.softlearning.value_functions,base_value_function,BaseValueFunction,set_weights,2,1,0
rail-berkeley_softlearning.softlearning.value_functions,base_value_function,BaseValueFunction,save_weights,2,1,0
rail-berkeley_softlearning.softlearning.value_functions,base_value_function,BaseValueFunction,load_weights,2,1,0
rail-berkeley_softlearning.softlearning.value_functions,base_value_function,BaseValueFunction,weights,3,1,0
rail-berkeley_softlearning.softlearning.value_functions,base_value_function,BaseValueFunction,trainable_weights,2,1,0
rail-berkeley_softlearning.softlearning.value_functions,base_value_function,BaseValueFunction,non_trainable_weights,2,1,0
rail-berkeley_softlearning.softlearning.value_functions,base_value_function,BaseValueFunction,variables,3,1,0
rail-berkeley_softlearning.softlearning.value_functions,base_value_function,BaseValueFunction,trainable_variables,2,1,0
rail-berkeley_softlearning.softlearning.value_functions,base_value_function,BaseValueFunction,non_trainable_variables,2,1,0
rail-berkeley_softlearning.softlearning.value_functions,base_value_function,BaseValueFunction,values,2,1,1
rail-berkeley_softlearning.softlearning.value_functions,base_value_function,BaseValueFunction,value,6,1,0
rail-berkeley_softlearning.softlearning.value_functions,base_value_function,BaseValueFunction,_filter_observations,8,3,1
rail-berkeley_softlearning.softlearning.value_functions,base_value_function,BaseValueFunction,get_diagnostics,3,1,0
rail-berkeley_softlearning.softlearning.value_functions,base_value_function,BaseValueFunction,__getstate__,8,1,0
rail-berkeley_softlearning.softlearning.value_functions,base_value_function,BaseValueFunction,__setstate__,7,1,1
rail-berkeley_softlearning.softlearning.value_functions,base_value_function,StateValueFunction,values,4,1,1
rail-berkeley_softlearning.softlearning.value_functions,base_value_function,StateActionValueFunction,values,4,1,2
rail-berkeley_softlearning.softlearning.value_functions,base_value_function_test,ValueFunctionTest,setUp,12,1,0
rail-berkeley_softlearning.softlearning.value_functions,base_value_function_test,ValueFunctionTest,test_values,25,2,0
rail-berkeley_softlearning.softlearning.value_functions,base_value_function_test,ValueFunctionTest,test_trainable_variables,4,1,0
rail-berkeley_softlearning.softlearning.value_functions,base_value_function_test,ValueFunctionTest,test_get_diagnostics,21,2,0
rail-berkeley_softlearning.softlearning.value_functions,base_value_function_test,ValueFunctionTest,test_serialize_deserialize,24,2,0
rail-berkeley_softlearning.softlearning.value_functions,vanilla,,create_ensemble_value_function,3,1,2
rail-berkeley_softlearning.softlearning.value_functions,vanilla,,double_feedforward_Q_function,3,1,0
rail-berkeley_softlearning.softlearning.value_functions,vanilla,,ensemble_feedforward_Q_function,3,1,1
rail-berkeley_softlearning.softlearning.value_functions,vanilla,,feedforward_Q_function,18,2,1
