Package,Module,Class,Function,LOC,CC,PC
KevinMusgrave_powerful-benchmarker,delete_slurm_logs,,main,16,6,1
KevinMusgrave_powerful-benchmarker,print_progress,,num_jobs_running,4,1,1
KevinMusgrave_powerful-benchmarker,print_progress,,update_validator_progress_dicts,10,3,4
KevinMusgrave_powerful-benchmarker,print_progress,,validator_test_progress,7,3,1
KevinMusgrave_powerful-benchmarker,print_progress,,is_done,3,1,1
KevinMusgrave_powerful-benchmarker,print_progress,,read_trials_csv,7,1,1
KevinMusgrave_powerful-benchmarker,print_progress,,count_exp_folders,9,5,1
KevinMusgrave_powerful-benchmarker,print_progress,,progress,21,6,2
KevinMusgrave_powerful-benchmarker,print_progress,,main,27,5,1
KevinMusgrave_powerful-benchmarker,simple_slurm,,exp_launcher,4,1,2
KevinMusgrave_powerful-benchmarker,simple_slurm,,run,14,2,3
KevinMusgrave_powerful-benchmarker,simple_slurm,,main,10,4,2
KevinMusgrave_powerful-benchmarker,upload_logs,,main,12,1,1
KevinMusgrave_powerful-benchmarker.latex,best_accuracy_per_adapter,,preprocess_df,3,1,1
KevinMusgrave_powerful-benchmarker.latex,best_accuracy_per_adapter,,reshape_into_best_accuracy_table,6,1,1
KevinMusgrave_powerful-benchmarker.latex,best_accuracy_per_adapter,,postprocess_df,4,1,1
KevinMusgrave_powerful-benchmarker.latex,best_accuracy_per_adapter,,min_value_fn,2,1,1
KevinMusgrave_powerful-benchmarker.latex,best_accuracy_per_adapter,,best_accuracy_per_adapter,25,1,2
KevinMusgrave_powerful-benchmarker.latex,best_validator_per_adapter_task,,get_best_validators,21,4,3
KevinMusgrave_powerful-benchmarker.latex,best_validator_per_adapter_task,,best_validator_per_adapter_task,12,3,3
KevinMusgrave_powerful-benchmarker.latex,color_map_tags,,format_tag,2,1,2
KevinMusgrave_powerful-benchmarker.latex,color_map_tags,,format_tag_and_float,4,0,2
KevinMusgrave_powerful-benchmarker.latex,color_map_tags,,default_operation_fn,2,1,0
KevinMusgrave_powerful-benchmarker.latex,color_map_tags,,absolute_value_greater_than,4,1,1
KevinMusgrave_powerful-benchmarker.latex,color_map_tags,,default_interval_fn,3,1,3
KevinMusgrave_powerful-benchmarker.latex,color_map_tags,,absolute_value_interval_fn,4,1,3
KevinMusgrave_powerful-benchmarker.latex,color_map_tags,,reverse_interval_fn,2,1,0
KevinMusgrave_powerful-benchmarker.latex,color_map_tags,,create_color_map_tags,34,7,7
KevinMusgrave_powerful-benchmarker.latex,color_map_tags,,get_tags_dict,5,1,2
KevinMusgrave_powerful-benchmarker.latex,correlation,,filter_and_process_validator_args,9,1,1
KevinMusgrave_powerful-benchmarker.latex,correlation,,get_preprocess_df,7,1,1
KevinMusgrave_powerful-benchmarker.latex,correlation,,get_postprocess_df,17,2,2
KevinMusgrave_powerful-benchmarker.latex,correlation,,interval_fn,4,1,4
KevinMusgrave_powerful-benchmarker.latex,correlation,,operation_fn,4,1,2
KevinMusgrave_powerful-benchmarker.latex,correlation,,min_value_fn,4,1,2
KevinMusgrave_powerful-benchmarker.latex,correlation,,max_value_fn,4,1,2
KevinMusgrave_powerful-benchmarker.latex,correlation,,get_highlight_max_subset,14,2,1
KevinMusgrave_powerful-benchmarker.latex,correlation,,get_highlight_min_subset,6,0,0
KevinMusgrave_powerful-benchmarker.latex,correlation,,get_final_str_hook,6,1,1
KevinMusgrave_powerful-benchmarker.latex,correlation,,remove_whitespace_before_punctuation,2,1,1
KevinMusgrave_powerful-benchmarker.latex,correlation,,get_caption,10,2,2
KevinMusgrave_powerful-benchmarker.latex,correlation,,base_filename,3,1,3
KevinMusgrave_powerful-benchmarker.latex,correlation,,get_add_resizebox,2,1,1
KevinMusgrave_powerful-benchmarker.latex,correlation,,get_highlight_min,2,1,1
KevinMusgrave_powerful-benchmarker.latex,correlation,,get_label_prefix,4,1,1
KevinMusgrave_powerful-benchmarker.latex,correlation,,correlation,32,1,4
KevinMusgrave_powerful-benchmarker.latex,correlation_bar_plot,,combine_levels,5,1,1
KevinMusgrave_powerful-benchmarker.latex,correlation_bar_plot,,reshape_and_plot,36,2,7
KevinMusgrave_powerful-benchmarker.latex,correlation_bar_plot,,correlation_bar_plot,12,1,4
KevinMusgrave_powerful-benchmarker.latex,correlation_bar_plot_adapter_validator_pairs,,postprocess_df_wrapper,5,2,1
KevinMusgrave_powerful-benchmarker.latex,correlation_bar_plot_adapter_validator_pairs,,new_col_fn,7,1,1
KevinMusgrave_powerful-benchmarker.latex,correlation_bar_plot_adapter_validator_pairs,,correlation_bar_plot_adapter_validator_pairs,22,1,3
KevinMusgrave_powerful-benchmarker.latex,correlation_bar_plot_single_adapter,,correlation_bar_plot_single_adapter,13,2,3
KevinMusgrave_powerful-benchmarker.latex,correlation_diffs,,correlation_diffs,26,2,4
KevinMusgrave_powerful-benchmarker.latex,correlation_single_adapter,,get_postprocess_df,18,3,1
KevinMusgrave_powerful-benchmarker.latex,correlation_single_adapter,,caption_hook,2,1,2
KevinMusgrave_powerful-benchmarker.latex,correlation_single_adapter,,correlation_single_adapter,32,1,3
KevinMusgrave_powerful-benchmarker.latex,create_tables,,main,14,2,1
KevinMusgrave_powerful-benchmarker.latex,pred_acc_using_best_adapter_validator_pairs,,get_postprocess_df,16,1,1
KevinMusgrave_powerful-benchmarker.latex,pred_acc_using_best_adapter_validator_pairs,,get_best_validators,19,2,3
KevinMusgrave_powerful-benchmarker.latex,pred_acc_using_best_adapter_validator_pairs,,get_meanstd,9,1,2
KevinMusgrave_powerful-benchmarker.latex,pred_acc_using_best_adapter_validator_pairs,,pred_acc_using_best_adapter_validator_pairs,50,1,3
KevinMusgrave_powerful-benchmarker.latex,replace_color_map_tags,,main,17,2,1
KevinMusgrave_powerful-benchmarker.latex,replace_header_acronyms,,main,11,2,1
KevinMusgrave_powerful-benchmarker.latex,table_creator,,maybe_set_to_null_fn,4,1,1
KevinMusgrave_powerful-benchmarker.latex,table_creator,,save_to_latex,34,9,10
KevinMusgrave_powerful-benchmarker.latex,table_creator,,table_creator,38,6,12
KevinMusgrave_powerful-benchmarker.latex,utils,,shortened_task_name_dict,34,1,0
KevinMusgrave_powerful-benchmarker.latex,utils,,shortened_task_names,2,1,1
KevinMusgrave_powerful-benchmarker.latex,utils,,convert_adapter_name,2,1,1
KevinMusgrave_powerful-benchmarker.latex,utils,,convert_adapter_column_names,2,1,1
KevinMusgrave_powerful-benchmarker.latex,utils,,add_dataset_multiindex_column,11,5,1
KevinMusgrave_powerful-benchmarker.latex,utils,,add_source_only,14,1,2
KevinMusgrave_powerful-benchmarker.latex,utils,,resizebox,4,1,1
KevinMusgrave_powerful-benchmarker.latex,utils,,validators_to_remove,63,1,0
KevinMusgrave_powerful-benchmarker.latex,utils,,filter_validators,7,1,1
KevinMusgrave_powerful-benchmarker.latex,utils,,num_to_word,13,1,1
KevinMusgrave_powerful-benchmarker.latex,utils,,get_tag_prefix,5,2,1
KevinMusgrave_powerful-benchmarker.latex,utils,,pretty_validator_args_dict,46,1,0
KevinMusgrave_powerful-benchmarker.latex,utils,,pretty_validator_dict,12,1,0
KevinMusgrave_powerful-benchmarker.latex,utils,,rename_specific_validator_args,23,1,1
KevinMusgrave_powerful-benchmarker.latex,utils,,rename_ClassSS_args,6,1,1
KevinMusgrave_powerful-benchmarker.latex,utils,,rename_validator_args,6,1,1
KevinMusgrave_powerful-benchmarker.latex,utils,,add_mean_std_column,4,1,1
KevinMusgrave_powerful-benchmarker.latex,utils,,adapter_names,2,1,0
KevinMusgrave_powerful-benchmarker.latex,utils,,adapter_final_str_hook,6,1,1
KevinMusgrave_powerful-benchmarker.latex,utils,,validator_per_adapter_final_str_hook,4,1,1
KevinMusgrave_powerful-benchmarker.latex,utils,,validator_final_str_hook,4,1,1
KevinMusgrave_powerful-benchmarker.latex,validator_parameter_explanations,,validator_parameter_explanations,24,1,3
KevinMusgrave_powerful-benchmarker.latex,validator_parameter_explanations,,explanations,57,1,1
KevinMusgrave_powerful-benchmarker.powerful_benchmarker,delete_exp_groups,,main,14,4,1
KevinMusgrave_powerful-benchmarker.powerful_benchmarker,delete_experiment,,delete_experiment,12,5,2
KevinMusgrave_powerful-benchmarker.powerful_benchmarker,delete_experiment,,main,4,2,1
KevinMusgrave_powerful-benchmarker.powerful_benchmarker,launch_multiple,,main,9,2,2
KevinMusgrave_powerful-benchmarker.powerful_benchmarker,launch_one,,get_group_config,11,5,1
KevinMusgrave_powerful-benchmarker.powerful_benchmarker,launch_one,,get_group_config_str,9,3,2
KevinMusgrave_powerful-benchmarker.powerful_benchmarker,launch_one,,already_done,9,3,2
KevinMusgrave_powerful-benchmarker.powerful_benchmarker,launch_one,,base_command,5,1,5
KevinMusgrave_powerful-benchmarker.powerful_benchmarker,launch_one,,exp_launcher,15,1,4
KevinMusgrave_powerful-benchmarker.powerful_benchmarker,launch_one,,main,52,6,2
KevinMusgrave_powerful-benchmarker.powerful_benchmarker,main,,evaluate_best_model,42,3,2
KevinMusgrave_powerful-benchmarker.powerful_benchmarker,main,,get_adapter_datasets_etc,57,3,5
KevinMusgrave_powerful-benchmarker.powerful_benchmarker,main,,objective,67,4,5
KevinMusgrave_powerful-benchmarker.powerful_benchmarker,main,,hyperparam_search,69,9,2
KevinMusgrave_powerful-benchmarker.powerful_benchmarker,main,,main,6,2,1
KevinMusgrave_powerful-benchmarker.powerful_benchmarker,yaml_creator_helper,,main,49,3,1
KevinMusgrave_powerful-benchmarker.powerful_benchmarker.configs,adda_config,ADDAConfig,get_adapter_kwargs,27,1,5
KevinMusgrave_powerful-benchmarker.powerful_benchmarker.configs,adda_config,ADDAConfig,get_new_adapter,2,1,0
KevinMusgrave_powerful-benchmarker.powerful_benchmarker.configs,adda_config,ADDAConfig,save,3,1,1
KevinMusgrave_powerful-benchmarker.powerful_benchmarker.configs,aligner_config,AlignerConfig,get_models,4,1,0
KevinMusgrave_powerful-benchmarker.powerful_benchmarker.configs,aligner_config,AlignerConfig,get_adapter_kwargs,20,1,5
KevinMusgrave_powerful-benchmarker.powerful_benchmarker.configs,aligner_config,AlignerConfig,get_new_adapter,2,1,0
KevinMusgrave_powerful-benchmarker.powerful_benchmarker.configs,aligner_config,AlignerConfig,save,3,1,1
KevinMusgrave_powerful-benchmarker.powerful_benchmarker.configs,aligner_config,CORALConfig,get_adapter_kwargs,4,1,0
KevinMusgrave_powerful-benchmarker.powerful_benchmarker.configs,aligner_config,MMDConfig,get_adapter_kwargs,14,1,0
KevinMusgrave_powerful-benchmarker.powerful_benchmarker.configs,aligner_config,JMMDConfig,get_adapter_kwargs,15,1,0
KevinMusgrave_powerful-benchmarker.powerful_benchmarker.configs,base_config,BaseConfig,__init__,2,1,1
KevinMusgrave_powerful-benchmarker.powerful_benchmarker.configs,base_config,BaseConfig,get_optimizers,16,3,3
KevinMusgrave_powerful-benchmarker.powerful_benchmarker.configs,base_config,BaseConfig,get_before_training_starts_hook,24,2,0
KevinMusgrave_powerful-benchmarker.powerful_benchmarker.configs,base_config,BaseConfig,get_model_kwargs,17,5,3
KevinMusgrave_powerful-benchmarker.powerful_benchmarker.configs,base_config,BaseConfig,get_models,13,1,6
KevinMusgrave_powerful-benchmarker.powerful_benchmarker.configs,base_config,BaseConfig,set_feature_layer,34,7,5
KevinMusgrave_powerful-benchmarker.powerful_benchmarker.configs,base_config,BaseConfig,save,2,1,1
KevinMusgrave_powerful-benchmarker.powerful_benchmarker.configs,cdan_config,CDANConfig,get_models,7,1,1
KevinMusgrave_powerful-benchmarker.powerful_benchmarker.configs,cdan_config,CDANConfig,get_adapter_kwargs,29,1,5
KevinMusgrave_powerful-benchmarker.powerful_benchmarker.configs,cdan_config,CDANConfig,get_new_adapter,2,1,0
KevinMusgrave_powerful-benchmarker.powerful_benchmarker.configs,cdan_config,CDANConfig,save,3,1,1
KevinMusgrave_powerful-benchmarker.powerful_benchmarker.configs,cdan_config,CDANEConfig,get_adapter_kwargs,4,1,0
KevinMusgrave_powerful-benchmarker.powerful_benchmarker.configs,cdan_config,CDANEConfig,get_new_adapter,2,1,0
KevinMusgrave_powerful-benchmarker.powerful_benchmarker.configs,cdan_config,CDANEUConfig,get_adapter_kwargs,4,1,0
KevinMusgrave_powerful-benchmarker.powerful_benchmarker.configs,dann_config,DANNConfig,get_adapter_kwargs,23,1,5
KevinMusgrave_powerful-benchmarker.powerful_benchmarker.configs,dann_config,DANNConfig,get_new_adapter,2,1,0
KevinMusgrave_powerful-benchmarker.powerful_benchmarker.configs,dann_config,DANNConfig,save,3,1,1
KevinMusgrave_powerful-benchmarker.powerful_benchmarker.configs,dann_config,DANNEConfig,get_adapter_kwargs,4,1,0
KevinMusgrave_powerful-benchmarker.powerful_benchmarker.configs,dann_config,DANNEConfig,get_new_adapter,2,1,0
KevinMusgrave_powerful-benchmarker.powerful_benchmarker.configs,dann_config,DANNEUConfig,get_adapter_kwargs,4,1,0
KevinMusgrave_powerful-benchmarker.powerful_benchmarker.configs,dann_config,DANNMinEntConfig,get_adapter_kwargs,6,1,0
KevinMusgrave_powerful-benchmarker.powerful_benchmarker.configs,dann_config,DANNIMConfig,get_adapter_kwargs,6,1,0
KevinMusgrave_powerful-benchmarker.powerful_benchmarker.configs,dann_config,CDANNEUConfig,get_adapter_kwargs,7,1,0
KevinMusgrave_powerful-benchmarker.powerful_benchmarker.configs,dann_config,CDANNEUConfig,get_new_adapter,2,1,0
KevinMusgrave_powerful-benchmarker.powerful_benchmarker.configs,dann_config,BSPDANNConfig,get_adapter_kwargs,6,1,0
KevinMusgrave_powerful-benchmarker.powerful_benchmarker.configs,dann_config,MCCDANNConfig,get_adapter_kwargs,8,1,0
KevinMusgrave_powerful-benchmarker.powerful_benchmarker.configs,dann_config,BNMDANNConfig,get_adapter_kwargs,6,1,0
KevinMusgrave_powerful-benchmarker.powerful_benchmarker.configs,dann_config,AFNDANNConfig,get_models,6,3,1
KevinMusgrave_powerful-benchmarker.powerful_benchmarker.configs,dann_config,AFNDANNConfig,get_adapter_kwargs,8,1,0
KevinMusgrave_powerful-benchmarker.powerful_benchmarker.configs,dann_config,ATDOCDANNConfig,get_adapter_kwargs,10,1,0
KevinMusgrave_powerful-benchmarker.powerful_benchmarker.configs,dann_config,DANNFL8Config,get_adapter_kwargs,8,2,0
KevinMusgrave_powerful-benchmarker.powerful_benchmarker.configs,gan_config,GANConfig,get_adapter_kwargs,24,1,5
KevinMusgrave_powerful-benchmarker.powerful_benchmarker.configs,gan_config,GANConfig,get_new_adapter,2,1,0
KevinMusgrave_powerful-benchmarker.powerful_benchmarker.configs,gan_config,GANConfig,save,3,1,1
KevinMusgrave_powerful-benchmarker.powerful_benchmarker.configs,gan_config,DomainConfusionConfig,get_models,5,1,1
KevinMusgrave_powerful-benchmarker.powerful_benchmarker.configs,gan_config,DomainConfusionConfig,get_new_adapter,2,1,0
KevinMusgrave_powerful-benchmarker.powerful_benchmarker.configs,gan_config,GANEConfig,get_adapter_kwargs,4,1,0
KevinMusgrave_powerful-benchmarker.powerful_benchmarker.configs,gan_config,GANEConfig,get_new_adapter,2,1,0
KevinMusgrave_powerful-benchmarker.powerful_benchmarker.configs,gan_config,GANEUConfig,get_adapter_kwargs,4,1,0
KevinMusgrave_powerful-benchmarker.powerful_benchmarker.configs,gan_config,GANMinEntConfig,get_adapter_kwargs,6,1,0
KevinMusgrave_powerful-benchmarker.powerful_benchmarker.configs,gan_config,GANIMConfig,get_adapter_kwargs,6,1,0
KevinMusgrave_powerful-benchmarker.powerful_benchmarker.configs,gan_config,GANFL8Config,get_adapter_kwargs,8,2,0
KevinMusgrave_powerful-benchmarker.powerful_benchmarker.configs,gvb_config,Bridge,__init__,3,1,2
KevinMusgrave_powerful-benchmarker.powerful_benchmarker.configs,gvb_config,Bridge,forward,2,1,1
KevinMusgrave_powerful-benchmarker.powerful_benchmarker.configs,gvb_config,GVBConfig,get_models,10,1,0
KevinMusgrave_powerful-benchmarker.powerful_benchmarker.configs,gvb_config,GVBConfig,get_adapter_kwargs,33,1,5
KevinMusgrave_powerful-benchmarker.powerful_benchmarker.configs,gvb_config,GVBConfig,get_new_adapter,2,1,0
KevinMusgrave_powerful-benchmarker.powerful_benchmarker.configs,gvb_config,GVBConfig,save,3,1,1
KevinMusgrave_powerful-benchmarker.powerful_benchmarker.configs,gvb_config,GVBEConfig,get_adapter_kwargs,4,1,0
KevinMusgrave_powerful-benchmarker.powerful_benchmarker.configs,gvb_config,GVBEConfig,get_new_adapter,2,1,0
KevinMusgrave_powerful-benchmarker.powerful_benchmarker.configs,gvb_config,GVBEUConfig,get_adapter_kwargs,4,1,0
KevinMusgrave_powerful-benchmarker.powerful_benchmarker.configs,mcd_config,MCDConfig,get_models,6,1,1
KevinMusgrave_powerful-benchmarker.powerful_benchmarker.configs,mcd_config,MCDConfig,get_adapter_kwargs,33,1,5
KevinMusgrave_powerful-benchmarker.powerful_benchmarker.configs,mcd_config,MCDConfig,get_new_adapter,2,1,0
KevinMusgrave_powerful-benchmarker.powerful_benchmarker.configs,mcd_config,MCDConfig,save,3,1,1
KevinMusgrave_powerful-benchmarker.powerful_benchmarker.configs,mcd_config,STARConfig,get_models,11,1,1
KevinMusgrave_powerful-benchmarker.powerful_benchmarker.configs,mcd_config,SWDConfig,get_adapter_kwargs,7,1,0
KevinMusgrave_powerful-benchmarker.powerful_benchmarker.configs,pretrainer_config,PretrainerConfig,get_adapter_kwargs,11,1,5
KevinMusgrave_powerful-benchmarker.powerful_benchmarker.configs,pretrainer_config,PretrainerConfig,get_new_adapter,2,1,0
KevinMusgrave_powerful-benchmarker.powerful_benchmarker.configs,pretrainer_config,PretrainerConfig,save,3,1,1
KevinMusgrave_powerful-benchmarker.powerful_benchmarker.configs,pretrainer_config,PretrainerMultiLabelConfig,get_new_adapter,2,1,0
KevinMusgrave_powerful-benchmarker.powerful_benchmarker.configs,pretrainer_config,FinetunerConfig,get_new_adapter,2,1,0
KevinMusgrave_powerful-benchmarker.powerful_benchmarker.configs,pretrainer_config,FinetunerMultiLabelConfig,get_new_adapter,2,1,0
KevinMusgrave_powerful-benchmarker.powerful_benchmarker.configs,pretrainer_config,ClassifierConfig,get_adapter_kwargs,10,1,0
KevinMusgrave_powerful-benchmarker.powerful_benchmarker.configs,pretrainer_config,BSPConfig,get_adapter_kwargs,6,1,0
KevinMusgrave_powerful-benchmarker.powerful_benchmarker.configs,pretrainer_config,MCCConfig,get_adapter_kwargs,8,1,0
KevinMusgrave_powerful-benchmarker.powerful_benchmarker.configs,pretrainer_config,BNMConfig,get_adapter_kwargs,6,1,0
KevinMusgrave_powerful-benchmarker.powerful_benchmarker.configs,pretrainer_config,AFNConfig,get_models,6,3,1
KevinMusgrave_powerful-benchmarker.powerful_benchmarker.configs,pretrainer_config,AFNConfig,get_adapter_kwargs,8,1,0
KevinMusgrave_powerful-benchmarker.powerful_benchmarker.configs,pretrainer_config,ATDOCConfig,get_adapter_kwargs,10,1,0
KevinMusgrave_powerful-benchmarker.powerful_benchmarker.configs,pretrainer_config,MinEntConfig,get_adapter_kwargs,6,1,0
KevinMusgrave_powerful-benchmarker.powerful_benchmarker.configs,pretrainer_config,IMConfig,get_adapter_kwargs,6,1,0
KevinMusgrave_powerful-benchmarker.powerful_benchmarker.configs,pretrainer_config,ITLConfig,get_adapter_kwargs,6,1,0
KevinMusgrave_powerful-benchmarker.powerful_benchmarker.configs,rtn_config,RTNConfig,get_models,15,1,1
KevinMusgrave_powerful-benchmarker.powerful_benchmarker.configs,rtn_config,RTNConfig,get_adapter_kwargs,35,1,5
KevinMusgrave_powerful-benchmarker.powerful_benchmarker.configs,rtn_config,RTNConfig,get_new_adapter,2,1,0
KevinMusgrave_powerful-benchmarker.powerful_benchmarker.configs,rtn_config,RTNConfig,save,3,1,1
KevinMusgrave_powerful-benchmarker.powerful_benchmarker.configs,symnets_config,SymNetsConfig,get_adapter_kwargs,34,1,5
KevinMusgrave_powerful-benchmarker.powerful_benchmarker.configs,symnets_config,SymNetsConfig,get_new_adapter,2,1,0
KevinMusgrave_powerful-benchmarker.powerful_benchmarker.configs,symnets_config,SymNetsConfig,save,3,1,1
KevinMusgrave_powerful-benchmarker.powerful_benchmarker.configs,vada_config,VADAConfig,get_adapter_kwargs,32,1,5
KevinMusgrave_powerful-benchmarker.powerful_benchmarker.configs,vada_config,VADAConfig,get_new_adapter,2,1,0
KevinMusgrave_powerful-benchmarker.powerful_benchmarker.configs,vada_config,VADAConfig,save,3,1,1
KevinMusgrave_powerful-benchmarker.powerful_benchmarker.utils,constants,,get_user_constants,3,1,1
KevinMusgrave_powerful-benchmarker.powerful_benchmarker.utils,constants,,add_default_args,12,3,3
KevinMusgrave_powerful-benchmarker.powerful_benchmarker.utils,get_validator,,get_validator_cls_and_kwargs,4,1,3
KevinMusgrave_powerful-benchmarker.powerful_benchmarker.utils,get_validator,,src_accuracy,7,1,4
KevinMusgrave_powerful-benchmarker.powerful_benchmarker.utils,get_validator,,target_accuracy,8,1,4
KevinMusgrave_powerful-benchmarker.powerful_benchmarker.utils,get_validator,,get_validator,28,6,3
KevinMusgrave_powerful-benchmarker.powerful_benchmarker.utils,ignite_save_features,SaveFeatures,__init__,10,1,2
KevinMusgrave_powerful-benchmarker.powerful_benchmarker.utils,ignite_save_features,SaveFeatures,__call__,13,2,1
KevinMusgrave_powerful-benchmarker.powerful_benchmarker.utils,ignite_save_features,,write_nested_dict,8,3,4
KevinMusgrave_powerful-benchmarker.powerful_benchmarker.utils,ignite_save_features,,discard_keys,2,1,0
KevinMusgrave_powerful-benchmarker.powerful_benchmarker.utils,logger,Logger,__init__,4,1,2
KevinMusgrave_powerful-benchmarker.powerful_benchmarker.utils,logger,Logger,add_training,8,2,1
KevinMusgrave_powerful-benchmarker.powerful_benchmarker.utils,logger,Logger,add_validation,2,1,0
KevinMusgrave_powerful-benchmarker.powerful_benchmarker.utils,logger,Logger,write,2,1,0
KevinMusgrave_powerful-benchmarker.powerful_benchmarker.utils,logger,Logger,get_losses,2,1,0
KevinMusgrave_powerful-benchmarker.powerful_benchmarker.utils,logger,IgniteValHookWrapperWithPrint,__call__,3,1,0
KevinMusgrave_powerful-benchmarker.powerful_benchmarker.utils,main_utils,,save_this_file,5,2,2
KevinMusgrave_powerful-benchmarker.powerful_benchmarker.utils,main_utils,,save_argparse_and_trial_params,10,2,3
KevinMusgrave_powerful-benchmarker.powerful_benchmarker.utils,main_utils,,update_repro_file,5,1,1
KevinMusgrave_powerful-benchmarker.powerful_benchmarker.utils,main_utils,,num_repro_complete,10,2,2
KevinMusgrave_powerful-benchmarker.powerful_benchmarker.utils,main_utils,,get_dataloader_creator,25,1,2
KevinMusgrave_powerful-benchmarker.powerful_benchmarker.utils,main_utils,,get_stat_getters_from_names,16,5,3
KevinMusgrave_powerful-benchmarker.powerful_benchmarker.utils,main_utils,,get_stat_getter,19,3,3
KevinMusgrave_powerful-benchmarker.powerful_benchmarker.utils,main_utils,,get_val_hooks,8,3,8
KevinMusgrave_powerful-benchmarker.powerful_benchmarker.utils,main_utils,,get_datasets,27,6,7
KevinMusgrave_powerful-benchmarker.powerful_benchmarker.utils,main_utils,,save_study,4,1,1
KevinMusgrave_powerful-benchmarker.powerful_benchmarker.utils,main_utils,,plot_visualizations,12,2,1
KevinMusgrave_powerful-benchmarker.powerful_benchmarker.utils,main_utils,,save_dataframe,4,1,1
KevinMusgrave_powerful-benchmarker.powerful_benchmarker.utils,main_utils,,delete_suboptimal_models,19,6,1
KevinMusgrave_powerful-benchmarker.powerful_benchmarker.utils,main_utils,,delete_failed_features,11,4,1
KevinMusgrave_powerful-benchmarker.powerful_benchmarker.utils,main_utils,,evaluate,9,2,4
KevinMusgrave_powerful-benchmarker.powerful_benchmarker.utils,main_utils,,args_check,12,6,1
KevinMusgrave_powerful-benchmarker.powerful_benchmarker.utils,main_utils,,framework_check,5,3,2
KevinMusgrave_powerful-benchmarker.powerful_benchmarker.utils,utils,,convert_unknown_args,8,3,1
KevinMusgrave_powerful-benchmarker.powerful_benchmarker.utils,utils,,create_slurm_args,8,1,3
KevinMusgrave_powerful-benchmarker.powerful_benchmarker.utils,utils,,rotate,2,1,2
KevinMusgrave_powerful-benchmarker.powerful_benchmarker.utils,utils,,get_yaml_config_folder,2,1,0
KevinMusgrave_powerful-benchmarker.powerful_benchmarker.utils,utils,,get_yaml_config_path,2,1,2
KevinMusgrave_powerful-benchmarker.powerful_benchmarker.utils,utils,,append_jobid_to_file,10,2,3
KevinMusgrave_powerful-benchmarker.powerful_benchmarker.utils,utils,,kill_all_jobs,19,3,2
KevinMusgrave_powerful-benchmarker.powerful_benchmarker.utils,utils,,jobs_that_are_still_running,10,1,2
KevinMusgrave_powerful-benchmarker.powerful_benchmarker.utils,utils,,create_exp_group_name,13,2,7
KevinMusgrave_powerful-benchmarker.validator_tests,0th_epoch_gather,,collect_dfs,46,8,2
KevinMusgrave_powerful-benchmarker.validator_tests,0th_epoch_gather,,main,4,2,1
KevinMusgrave_powerful-benchmarker.validator_tests,assemble_dataset,,assemble_fn,2,1,4
KevinMusgrave_powerful-benchmarker.validator_tests,assemble_dataset,,condition,4,1,1
KevinMusgrave_powerful-benchmarker.validator_tests,assemble_dataset,,assemble,12,3,2
KevinMusgrave_powerful-benchmarker.validator_tests,assemble_dataset,,main,4,2,1
KevinMusgrave_powerful-benchmarker.validator_tests,collect_dfs,,collect_dfs,20,6,2
KevinMusgrave_powerful-benchmarker.validator_tests,collect_dfs,,main,4,2,1
KevinMusgrave_powerful-benchmarker.validator_tests,count_num_checkpoints,,main,9,2,1
KevinMusgrave_powerful-benchmarker.validator_tests,create_plots,,scatter,20,5,3
KevinMusgrave_powerful-benchmarker.validator_tests,create_plots,,score_vs_epoch,10,1,3
KevinMusgrave_powerful-benchmarker.validator_tests,create_plots,,get_fns,14,6,1
KevinMusgrave_powerful-benchmarker.validator_tests,delete_pkls,,delete_fn,4,2,1
KevinMusgrave_powerful-benchmarker.validator_tests,delete_pkls,,main,5,2,1
KevinMusgrave_powerful-benchmarker.validator_tests,eval_validators,,save_df,6,1,4
KevinMusgrave_powerful-benchmarker.validator_tests,eval_validators,,assign_original_df_info,11,1,2
KevinMusgrave_powerful-benchmarker.validator_tests,eval_validators,,group_by_task,5,2,1
KevinMusgrave_powerful-benchmarker.validator_tests,eval_validators,,group_by_task_validator,2,1,1
KevinMusgrave_powerful-benchmarker.validator_tests,eval_validators,,get_score_fn,6,-1,1
KevinMusgrave_powerful-benchmarker.validator_tests,eval_validators,,_get_correlation,19,4,5
KevinMusgrave_powerful-benchmarker.validator_tests,eval_validators,,get_correlation,6,2,5
KevinMusgrave_powerful-benchmarker.validator_tests,eval_validators,,_get_best_accuracy_per_adapter,47,2,4
KevinMusgrave_powerful-benchmarker.validator_tests,eval_validators,,get_best_accuracy_per_adapter,6,1,4
KevinMusgrave_powerful-benchmarker.validator_tests,eval_validators,,eval_validators,8,2,4
KevinMusgrave_powerful-benchmarker.validator_tests,eval_validators,,get_fn,4,1,1
KevinMusgrave_powerful-benchmarker.validator_tests,main,,assert_curr_dict,4,2,1
KevinMusgrave_powerful-benchmarker.validator_tests,main,,save_df,7,1,3
KevinMusgrave_powerful-benchmarker.validator_tests,main,,get_and_save_scores,43,5,5
KevinMusgrave_powerful-benchmarker.validator_tests,main,,get_validator_and_condition_fn,10,1,7
KevinMusgrave_powerful-benchmarker.validator_tests,main,,main,25,1,2
KevinMusgrave_powerful-benchmarker.validator_tests,plot_ranks_vs_acc,,get_folder_name,2,1,2
KevinMusgrave_powerful-benchmarker.validator_tests,plot_ranks_vs_acc,,axis_label_dict,8,1,2
KevinMusgrave_powerful-benchmarker.validator_tests,plot_ranks_vs_acc,,adapter_names,13,1,0
KevinMusgrave_powerful-benchmarker.validator_tests,plot_ranks_vs_acc,,get_global_ranks,8,1,3
KevinMusgrave_powerful-benchmarker.validator_tests,plot_ranks_vs_acc,,plot_corr_vs_acc,34,5,5
KevinMusgrave_powerful-benchmarker.validator_tests,plot_ranks_vs_acc,,plot_corr_vs_true_and_predicted,2,1,5
KevinMusgrave_powerful-benchmarker.validator_tests,plot_ranks_vs_acc,,plot_corr_vs_nlargest,54,4,4
KevinMusgrave_powerful-benchmarker.validator_tests,plot_ranks_vs_acc,,get_corr_df,36,2,2
KevinMusgrave_powerful-benchmarker.validator_tests,plot_ranks_vs_acc,,main_fn,68,4,2
KevinMusgrave_powerful-benchmarker.validator_tests,plot_ranks_vs_acc,,get_fn,7,0,1
KevinMusgrave_powerful-benchmarker.validator_tests,plot_resilience_to_noise,,save_plot,34,1,2
KevinMusgrave_powerful-benchmarker.validator_tests,plot_resilience_to_noise,,main,13,3,0
KevinMusgrave_powerful-benchmarker.validator_tests,plotly_test,,get_best_accuracy_per_adapter,11,1,1
KevinMusgrave_powerful-benchmarker.validator_tests,plotly_test,,add_dummy_validator_column,4,1,1
KevinMusgrave_powerful-benchmarker.validator_tests,plotly_test,,create_plot,47,2,3
KevinMusgrave_powerful-benchmarker.validator_tests,plotly_test,,create_subsets,6,3,2
KevinMusgrave_powerful-benchmarker.validator_tests,process_df,,unused_bnm_args,9,1,0
KevinMusgrave_powerful-benchmarker.validator_tests,process_df,,unused_mmdperclass_args,5,1,0
KevinMusgrave_powerful-benchmarker.validator_tests,process_df,,expected_num_validators,20,1,0
KevinMusgrave_powerful-benchmarker.validator_tests,process_df,,filter_validators,30,1,1
KevinMusgrave_powerful-benchmarker.validator_tests,process_df,,keep_common_experiments,8,2,1
KevinMusgrave_powerful-benchmarker.validator_tests,process_df,,process_acc_validator,5,1,1
KevinMusgrave_powerful-benchmarker.validator_tests,process_df,,assert_all_same_size,9,3,1
KevinMusgrave_powerful-benchmarker.validator_tests,process_df,,copy_epoch_0_rows,41,6,1
KevinMusgrave_powerful-benchmarker.validator_tests,process_df,,process_df,29,2,2
KevinMusgrave_powerful-benchmarker.validator_tests,process_df,,main,4,2,1
KevinMusgrave_powerful-benchmarker.validator_tests,run_validators,,split_into_batches,2,1,2
KevinMusgrave_powerful-benchmarker.validator_tests,run_validators,,get_trial_ranges,4,1,1
KevinMusgrave_powerful-benchmarker.validator_tests,run_validators,,exp_launcher,13,1,2
KevinMusgrave_powerful-benchmarker.validator_tests,run_validators,,get_exp_info_from_commands,4,1,2
KevinMusgrave_powerful-benchmarker.validator_tests,run_validators,,run_slurm_job,18,1,3
KevinMusgrave_powerful-benchmarker.validator_tests,run_validators,,flags_to_strs,8,2,1
KevinMusgrave_powerful-benchmarker.validator_tests,run_validators,,get_count_fn,4,1,1
KevinMusgrave_powerful-benchmarker.validator_tests,run_validators,,remove_completed_flags,27,5,6
KevinMusgrave_powerful-benchmarker.validator_tests,run_validators,,no_duplicates,2,1,1
KevinMusgrave_powerful-benchmarker.validator_tests,run_validators,,launcher,34,9,3
KevinMusgrave_powerful-benchmarker.validator_tests,run_validators,,main,4,2,2
KevinMusgrave_powerful-benchmarker.validator_tests,save_resilience_to_noise_dfs,,add_noise,11,1,2
KevinMusgrave_powerful-benchmarker.validator_tests,save_resilience_to_noise_dfs,,get_correlation,4,1,2
KevinMusgrave_powerful-benchmarker.validator_tests,save_resilience_to_noise_dfs,,get_acc,10,2,3
KevinMusgrave_powerful-benchmarker.validator_tests,save_resilience_to_noise_dfs,,save_df,33,4,2
KevinMusgrave_powerful-benchmarker.validator_tests,subset_exp,,get_intervals,4,1,0
KevinMusgrave_powerful-benchmarker.validator_tests,subset_exp,,get_folder,2,1,3
KevinMusgrave_powerful-benchmarker.validator_tests,subset_exp,,metric_filenames,23,1,0
KevinMusgrave_powerful-benchmarker.validator_tests,subset_exp,,create_subsets,11,3,2
KevinMusgrave_powerful-benchmarker.validator_tests,subset_exp,,eval_subsets,41,7,2
KevinMusgrave_powerful-benchmarker.validator_tests,subset_exp,,plot_diffs,22,3,1
KevinMusgrave_powerful-benchmarker.validator_tests,synthetic_correlation_example,,save_plot,11,1,4
KevinMusgrave_powerful-benchmarker.validator_tests,synthetic_correlation_example,,normalize,2,1,1
KevinMusgrave_powerful-benchmarker.validator_tests,synthetic_correlation_example,,step_example,7,1,0
KevinMusgrave_powerful-benchmarker.validator_tests,synthetic_correlation_example,,outliers_example1,8,1,0
KevinMusgrave_powerful-benchmarker.validator_tests,synthetic_correlation_example,,outliers_example2,8,1,0
KevinMusgrave_powerful-benchmarker.validator_tests,synthetic_correlation_example,,noise_example,8,1,0
KevinMusgrave_powerful-benchmarker.validator_tests,synthetic_correlation_example,,main,49,2,1
KevinMusgrave_powerful-benchmarker.validator_tests,where_nan,,main,18,2,1
KevinMusgrave_powerful-benchmarker.validator_tests,zip_dfs,,main,3,1,1
KevinMusgrave_powerful-benchmarker.validator_tests.configs,accuracy_config,Accuracy,__init__,3,1,1
KevinMusgrave_powerful-benchmarker.validator_tests.configs,accuracy_config,Accuracy,actual_init,8,1,1
KevinMusgrave_powerful-benchmarker.validator_tests.configs,accuracy_config,Accuracy,score,7,2,3
KevinMusgrave_powerful-benchmarker.validator_tests.configs,accuracy_config,Accuracy,expected_keys,2,1,0
KevinMusgrave_powerful-benchmarker.validator_tests.configs,base_config,BaseConfig,__init__,7,2,1
KevinMusgrave_powerful-benchmarker.validator_tests.configs,base_config,,get_from_hdf5,2,1,3
KevinMusgrave_powerful-benchmarker.validator_tests.configs,base_config,,get_split_and_layer,6,2,4
KevinMusgrave_powerful-benchmarker.validator_tests.configs,base_config,,get_full_split_name,2,1,2
KevinMusgrave_powerful-benchmarker.validator_tests.configs,base_config,,get_src_domain,2,1,2
KevinMusgrave_powerful-benchmarker.validator_tests.configs,base_config,,get_target_domain,2,1,2
KevinMusgrave_powerful-benchmarker.validator_tests.configs,base_config,,use_src_and_target,6,1,6
KevinMusgrave_powerful-benchmarker.validator_tests.configs,base_config,,pass_src_and_target_to_validator,13,1,7
KevinMusgrave_powerful-benchmarker.validator_tests.configs,base_config,,use_labels_and_logits,10,1,6
KevinMusgrave_powerful-benchmarker.validator_tests.configs,cluster_config,DomainCluster,create_validator,13,1,1
KevinMusgrave_powerful-benchmarker.validator_tests.configs,cluster_config,DomainCluster,set_k,2,1,0
KevinMusgrave_powerful-benchmarker.validator_tests.configs,cluster_config,DomainCluster,expected_keys,2,1,0
KevinMusgrave_powerful-benchmarker.validator_tests.configs,cluster_config,ClassAMI,__init__,9,1,1
KevinMusgrave_powerful-benchmarker.validator_tests.configs,cluster_config,ClassAMI,create_validator,17,1,0
KevinMusgrave_powerful-benchmarker.validator_tests.configs,cluster_config,ClassAMI,get_score_fn,2,1,0
KevinMusgrave_powerful-benchmarker.validator_tests.configs,cluster_config,ClassAMI,get_centroid_init,2,1,0
KevinMusgrave_powerful-benchmarker.validator_tests.configs,cluster_config,ClassAMI,score,9,1,3
KevinMusgrave_powerful-benchmarker.validator_tests.configs,cluster_config,ClassAMI,expected_keys,2,1,0
KevinMusgrave_powerful-benchmarker.validator_tests.configs,cluster_config,ClassAMICentroidInit,get_centroid_init,2,1,0
KevinMusgrave_powerful-benchmarker.validator_tests.configs,cluster_config,ClassSS,get_score_fn,2,1,0
KevinMusgrave_powerful-benchmarker.validator_tests.configs,cluster_config,ClassSSCentroidInit,get_centroid_init,2,1,0
KevinMusgrave_powerful-benchmarker.validator_tests.configs,cluster_config,ClassSSCentroidInit,score,10,2,0
KevinMusgrave_powerful-benchmarker.validator_tests.configs,cluster_config,,kmeans_func,6,1,2
KevinMusgrave_powerful-benchmarker.validator_tests.configs,cluster_config,,feat_normalizer_fn,6,0,2
KevinMusgrave_powerful-benchmarker.validator_tests.configs,d_logits_accuracy_config,DLogitsAccuracy,score,20,1,3
KevinMusgrave_powerful-benchmarker.validator_tests.configs,d_logits_accuracy_config,DLogitsAccuracy,expected_keys,2,1,0
KevinMusgrave_powerful-benchmarker.validator_tests.configs,dev_config,DEV,__init__,11,2,1
KevinMusgrave_powerful-benchmarker.validator_tests.configs,dev_config,DEV,score,15,1,3
KevinMusgrave_powerful-benchmarker.validator_tests.configs,dev_config,DEV,expected_keys,2,1,0
KevinMusgrave_powerful-benchmarker.validator_tests.configs,dev_config,DEVBinary,__init__,3,1,1
KevinMusgrave_powerful-benchmarker.validator_tests.configs,diversity_config,Diversity,__init__,5,1,1
KevinMusgrave_powerful-benchmarker.validator_tests.configs,diversity_config,Diversity,score,3,1,3
KevinMusgrave_powerful-benchmarker.validator_tests.configs,diversity_config,Diversity,expected_keys,2,1,0
KevinMusgrave_powerful-benchmarker.validator_tests.configs,entropy_config,Entropy,__init__,5,1,1
KevinMusgrave_powerful-benchmarker.validator_tests.configs,entropy_config,Entropy,score,3,1,3
KevinMusgrave_powerful-benchmarker.validator_tests.configs,entropy_config,Entropy,expected_keys,2,1,0
KevinMusgrave_powerful-benchmarker.validator_tests.configs,knn_config,KNN,__init__,16,1,1
KevinMusgrave_powerful-benchmarker.validator_tests.configs,knn_config,KNN,score,9,1,3
KevinMusgrave_powerful-benchmarker.validator_tests.configs,knn_config,KNN,create_validator,13,1,1
KevinMusgrave_powerful-benchmarker.validator_tests.configs,knn_config,KNN,set_k,2,1,0
KevinMusgrave_powerful-benchmarker.validator_tests.configs,knn_config,KNN,set_layer,2,1,0
KevinMusgrave_powerful-benchmarker.validator_tests.configs,knn_config,KNN,expected_keys,2,1,0
KevinMusgrave_powerful-benchmarker.validator_tests.configs,knn_config,TargetKNN,score,9,1,3
KevinMusgrave_powerful-benchmarker.validator_tests.configs,knn_config,TargetKNN,create_validator,15,1,1
KevinMusgrave_powerful-benchmarker.validator_tests.configs,knn_config,TargetKNN,set_layer,2,1,0
KevinMusgrave_powerful-benchmarker.validator_tests.configs,knn_config,TargetKNN,expected_keys,2,1,0
KevinMusgrave_powerful-benchmarker.validator_tests.configs,knn_config,TargetKNNLogits,set_layer,2,1,0
KevinMusgrave_powerful-benchmarker.validator_tests.configs,mcc_config,MCC,__init__,4,1,1
KevinMusgrave_powerful-benchmarker.validator_tests.configs,mcc_config,MCC,score,3,1,3
KevinMusgrave_powerful-benchmarker.validator_tests.configs,mcc_config,MCC,expected_keys,2,1,0
KevinMusgrave_powerful-benchmarker.validator_tests.configs,mmd_config,MMD,__init__,16,1,1
KevinMusgrave_powerful-benchmarker.validator_tests.configs,mmd_config,MMD,score,9,1,3
KevinMusgrave_powerful-benchmarker.validator_tests.configs,mmd_config,MMD,expected_keys,2,1,0
KevinMusgrave_powerful-benchmarker.validator_tests.configs,mmd_config,MMD,get_mmd_kwargs,14,1,0
KevinMusgrave_powerful-benchmarker.validator_tests.configs,mmd_config,MMDPerClass,__init__,3,1,1
KevinMusgrave_powerful-benchmarker.validator_tests.configs,mmd_config,MMDPerClass,score,9,1,3
KevinMusgrave_powerful-benchmarker.validator_tests.configs,mmd_config,MMDFixedB,get_mmd_kwargs,4,1,0
KevinMusgrave_powerful-benchmarker.validator_tests.configs,mmd_config,MMDPerClassFixedB,get_mmd_kwargs,4,1,0
KevinMusgrave_powerful-benchmarker.validator_tests.configs,nearest_source_config,NearestSource,__init__,10,1,1
KevinMusgrave_powerful-benchmarker.validator_tests.configs,nearest_source_config,NearestSource,score,2,1,3
KevinMusgrave_powerful-benchmarker.validator_tests.configs,nearest_source_config,NearestSource,expected_keys,2,1,0
KevinMusgrave_powerful-benchmarker.validator_tests.configs,nearest_source_config,NearestSourceL2,__init__,6,1,1
KevinMusgrave_powerful-benchmarker.validator_tests.configs,nearest_source_config,NearestSourceL2,score,2,1,3
KevinMusgrave_powerful-benchmarker.validator_tests.configs,nearest_source_config,NearestSourceL2,expected_keys,2,1,0
KevinMusgrave_powerful-benchmarker.validator_tests.configs,nearest_source_config,,get_score,13,1,4
KevinMusgrave_powerful-benchmarker.validator_tests.configs,snd_config,SND,__init__,9,1,1
KevinMusgrave_powerful-benchmarker.validator_tests.configs,snd_config,SND,score,3,1,3
KevinMusgrave_powerful-benchmarker.validator_tests.configs,snd_config,SND,expected_keys,2,1,0
KevinMusgrave_powerful-benchmarker.validator_tests.configs,svd_config,BSP,__init__,5,1,1
KevinMusgrave_powerful-benchmarker.validator_tests.configs,svd_config,BSP,score,8,2,3
KevinMusgrave_powerful-benchmarker.validator_tests.configs,svd_config,BSP,expected_keys,2,1,0
KevinMusgrave_powerful-benchmarker.validator_tests.configs,svd_config,BNM,__init__,6,1,1
KevinMusgrave_powerful-benchmarker.validator_tests.configs,svd_config,BNM,score,3,1,3
KevinMusgrave_powerful-benchmarker.validator_tests.configs,svd_config,BNM,expected_keys,2,1,0
KevinMusgrave_powerful-benchmarker.validator_tests.configs,svd_config,FBNM,__init__,3,1,1
KevinMusgrave_powerful-benchmarker.validator_tests.configs,svd_config,FBNM,score,3,1,3
KevinMusgrave_powerful-benchmarker.validator_tests.configs,svd_config,FBNM,expected_keys,2,1,0
KevinMusgrave_powerful-benchmarker.validator_tests.configs,svd_config,,FBNM_loss,7,1,1
KevinMusgrave_powerful-benchmarker.validator_tests.flags,accuracy,,Accuracy,6,3,0
KevinMusgrave_powerful-benchmarker.validator_tests.flags,cluster,,DomainCluster,15,4,0
KevinMusgrave_powerful-benchmarker.validator_tests.flags,cluster,,ClassAMI,17,5,0
KevinMusgrave_powerful-benchmarker.validator_tests.flags,cluster,,ClassAMICentroidInit,5,2,0
KevinMusgrave_powerful-benchmarker.validator_tests.flags,cluster,,ClassSS,5,2,0
KevinMusgrave_powerful-benchmarker.validator_tests.flags,cluster,,ClassSSCentroidInit,5,2,0
KevinMusgrave_powerful-benchmarker.validator_tests.flags,dev,,DEV,8,3,0
KevinMusgrave_powerful-benchmarker.validator_tests.flags,dev,,DEVBinary,5,2,0
KevinMusgrave_powerful-benchmarker.validator_tests.flags,diversity,,Diversity,5,2,0
KevinMusgrave_powerful-benchmarker.validator_tests.flags,dlogits_accuracy,,DLogitsAccuracy,2,1,0
KevinMusgrave_powerful-benchmarker.validator_tests.flags,entropy,,Entropy,5,2,0
KevinMusgrave_powerful-benchmarker.validator_tests.flags,knn,,KNN,17,5,0
KevinMusgrave_powerful-benchmarker.validator_tests.flags,knn,,TargetKNN,17,5,0
KevinMusgrave_powerful-benchmarker.validator_tests.flags,knn,,TargetKNNLogits,5,2,0
KevinMusgrave_powerful-benchmarker.validator_tests.flags,mcc,,MCC,6,3,0
KevinMusgrave_powerful-benchmarker.validator_tests.flags,mmd,,MMD,15,4,0
KevinMusgrave_powerful-benchmarker.validator_tests.flags,mmd,,MMDPerClass,5,2,0
KevinMusgrave_powerful-benchmarker.validator_tests.flags,mmd,,MMDFixedB,5,2,0
KevinMusgrave_powerful-benchmarker.validator_tests.flags,mmd,,MMDPerClassFixedB,5,2,0
KevinMusgrave_powerful-benchmarker.validator_tests.flags,nearest_source,,NearestSource,14,4,0
KevinMusgrave_powerful-benchmarker.validator_tests.flags,nearest_source,,NearestSourceL2,10,2,0
KevinMusgrave_powerful-benchmarker.validator_tests.flags,snd,,SND,13,3,0
KevinMusgrave_powerful-benchmarker.validator_tests.flags,svd,,BNM,5,2,0
KevinMusgrave_powerful-benchmarker.validator_tests.flags,svd,,BSP,9,4,0
KevinMusgrave_powerful-benchmarker.validator_tests.flags,svd,,FBNM,5,2,0
KevinMusgrave_powerful-benchmarker.validator_tests.scripts,delete_DEV_folders,,main,16,7,1
KevinMusgrave_powerful-benchmarker.validator_tests.scripts,run,,main,44,4,1
KevinMusgrave_powerful-benchmarker.validator_tests.utils,constants,,exp_group_args,8,1,0
KevinMusgrave_powerful-benchmarker.validator_tests.utils,constants,,add_exp_group_args,6,2,2
KevinMusgrave_powerful-benchmarker.validator_tests.utils,create_main,,main,25,7,3
KevinMusgrave_powerful-benchmarker.validator_tests.utils,create_main,,add_main_args,3,1,1
KevinMusgrave_powerful-benchmarker.validator_tests.utils,derive,,add_derived_scores,15,2,1
KevinMusgrave_powerful-benchmarker.validator_tests.utils,derive,,add_IM,20,2,1
KevinMusgrave_powerful-benchmarker.validator_tests.utils,derive,,add_NegSND,10,1,1
KevinMusgrave_powerful-benchmarker.validator_tests.utils,derive,,_add_src_and_target,28,3,4
KevinMusgrave_powerful-benchmarker.validator_tests.utils,derive,,add_BNMSummed,2,1,1
KevinMusgrave_powerful-benchmarker.validator_tests.utils,derive,,add_BNMSummedSrcVal,2,1,1
KevinMusgrave_powerful-benchmarker.validator_tests.utils,derive,,add_BSPSummed,2,1,1
KevinMusgrave_powerful-benchmarker.validator_tests.utils,derive,,add_EntropySummed,2,1,1
KevinMusgrave_powerful-benchmarker.validator_tests.utils,derive,,add_EntropySummedSrcVal,4,1,1
KevinMusgrave_powerful-benchmarker.validator_tests.utils,derive,,add_DiversitySummed,2,1,1
KevinMusgrave_powerful-benchmarker.validator_tests.utils,derive,,add_IMSummed,2,1,1
KevinMusgrave_powerful-benchmarker.validator_tests.utils,derive,,add_IMSummedSrcVal,2,1,1
KevinMusgrave_powerful-benchmarker.validator_tests.utils,df_utils,,exp_specific_columns,6,3,3
KevinMusgrave_powerful-benchmarker.validator_tests.utils,df_utils,,acc_score_column_name,2,1,2
KevinMusgrave_powerful-benchmarker.validator_tests.utils,df_utils,,all_acc_score_column_names,2,1,0
KevinMusgrave_powerful-benchmarker.validator_tests.utils,df_utils,,get_acc_rows,3,1,3
KevinMusgrave_powerful-benchmarker.validator_tests.utils,df_utils,,drop_validator_cols,5,2,2
KevinMusgrave_powerful-benchmarker.validator_tests.utils,df_utils,,get_acc_df,4,1,3
KevinMusgrave_powerful-benchmarker.validator_tests.utils,df_utils,,get_all_acc,12,4,1
KevinMusgrave_powerful-benchmarker.validator_tests.utils,df_utils,,convert_list_to_tuple,3,1,1
KevinMusgrave_powerful-benchmarker.validator_tests.utils,df_utils,,assert_acc_rows_are_correct,11,6,1
KevinMusgrave_powerful-benchmarker.validator_tests.utils,df_utils,,drop_irrelevant_columns,15,1,1
KevinMusgrave_powerful-benchmarker.validator_tests.utils,df_utils,,domains_str,2,1,1
KevinMusgrave_powerful-benchmarker.validator_tests.utils,df_utils,,task_str,2,1,3
KevinMusgrave_powerful-benchmarker.validator_tests.utils,df_utils,,add_task_column,5,1,1
KevinMusgrave_powerful-benchmarker.validator_tests.utils,df_utils,,task_name_split,2,1,1
KevinMusgrave_powerful-benchmarker.validator_tests.utils,df_utils,,accuracy_name_split,2,1,1
KevinMusgrave_powerful-benchmarker.validator_tests.utils,df_utils,,unify_validator_columns,9,1,3
KevinMusgrave_powerful-benchmarker.validator_tests.utils,df_utils,,maybe_per_adapter,6,2,2
KevinMusgrave_powerful-benchmarker.validator_tests.utils,df_utils,,print_validators_with_nan,12,5,3
KevinMusgrave_powerful-benchmarker.validator_tests.utils,df_utils,,is_nan_or_inf,2,1,1
KevinMusgrave_powerful-benchmarker.validator_tests.utils,df_utils,,remove_arg,3,1,2
KevinMusgrave_powerful-benchmarker.validator_tests.utils,df_utils,,remove_arg_from_validator_args,3,1,2
KevinMusgrave_powerful-benchmarker.validator_tests.utils,df_utils,,get_sorted_unique,5,3,3
KevinMusgrave_powerful-benchmarker.validator_tests.utils,df_utils,,unique_tuples_to_sorted_list,6,2,2
KevinMusgrave_powerful-benchmarker.validator_tests.utils,df_utils,,get_name_from_df,11,1,2
KevinMusgrave_powerful-benchmarker.validator_tests.utils,df_utils,,get_name_from_exp_groups,3,1,1
KevinMusgrave_powerful-benchmarker.validator_tests.utils,df_utils,,read_df,7,1,2
KevinMusgrave_powerful-benchmarker.validator_tests.utils,df_utils,,get_all_dfs,2,1,1
KevinMusgrave_powerful-benchmarker.validator_tests.utils,df_utils,,get_processed_df,2,1,1
KevinMusgrave_powerful-benchmarker.validator_tests.utils,df_utils,,tasks_match,2,1,2
KevinMusgrave_powerful-benchmarker.validator_tests.utils,df_utils,,get_exp_groups_with_matching_tasks,23,8,2
KevinMusgrave_powerful-benchmarker.validator_tests.utils,plot_score_vs_epoch,,line_plot,16,1,7
KevinMusgrave_powerful-benchmarker.validator_tests.utils,plot_score_vs_epoch,,get_score_vs_epoch_fn,13,1,0
KevinMusgrave_powerful-benchmarker.validator_tests.utils,plot_score_vs_epoch,,plot_score_vs_epoch,12,1,7
KevinMusgrave_powerful-benchmarker.validator_tests.utils,plot_utils,,create_name,15,5,3
KevinMusgrave_powerful-benchmarker.validator_tests.utils,plot_utils,,filter_df,9,2,4
KevinMusgrave_powerful-benchmarker.validator_tests.utils,plot_utils,,plot_loop,49,14,11
KevinMusgrave_powerful-benchmarker.validator_tests.utils,plot_utils,,filter_and_plot,33,4,8
KevinMusgrave_powerful-benchmarker.validator_tests.utils,plot_val_vs_acc,,_scatter_plot,28,8,17
KevinMusgrave_powerful-benchmarker.validator_tests.utils,plot_val_vs_acc,,scatter_plot,8,1,5
KevinMusgrave_powerful-benchmarker.validator_tests.utils,plot_val_vs_acc,,get_score_vs_target_accuracy_fn,15,1,0
KevinMusgrave_powerful-benchmarker.validator_tests.utils,plot_val_vs_acc,,plot_val_vs_acc,12,1,7
KevinMusgrave_powerful-benchmarker.validator_tests.utils,threshold_utils,,filter_by_acc,14,4,4
KevinMusgrave_powerful-benchmarker.validator_tests.utils,threshold_utils,,filter_by_src_threshold,5,1,3
KevinMusgrave_powerful-benchmarker.validator_tests.utils,utils,,get_condition_fn,18,2,3
KevinMusgrave_powerful-benchmarker.validator_tests.utils,utils,,get_df_filepath,5,1,3
KevinMusgrave_powerful-benchmarker.validator_tests.utils,utils,,dict_to_str,2,1,1
KevinMusgrave_powerful-benchmarker.validator_tests.utils,utils,,get_exp_folders,13,1,3
KevinMusgrave_powerful-benchmarker.validator_tests.utils,utils,,read_exp_config_file,6,1,1
KevinMusgrave_powerful-benchmarker.validator_tests.utils,utils,,apply_to_data,13,6,4
KevinMusgrave_powerful-benchmarker.validator_tests.utils,utils,,validator_args_delimited,4,1,2
KevinMusgrave_powerful-benchmarker.validator_tests.utils,utils,,validator_str,5,1,2
KevinMusgrave_powerful-benchmarker.validator_tests.utils,utils,,count_pkls,14,6,3
KevinMusgrave_powerful-benchmarker.validator_tests.utils,utils,,filter_exp_groups,14,12,5
KevinMusgrave_powerful-benchmarker.validator_tests.utils,utils,,get_exp_groups,11,1,3
KevinMusgrave_powerful-benchmarker.validator_tests.utils,weighted_spearman,,set_nan_inf_to_min,5,1,1
KevinMusgrave_powerful-benchmarker.validator_tests.utils,weighted_spearman,,assert_all_finite,5,1,2
KevinMusgrave_powerful-benchmarker.validator_tests.utils,weighted_spearman,,weighted_spearman,14,1,3
KevinMusgrave_powerful-benchmarker.validator_tests.utils,weighted_spearman,,spearman,5,1,2
