Package,Module,Class,Smell,Function/Method,Line no,File,Details
KevinMusgrave_powerful-benchmarker,print_progress,,Long identifier,update_validator_progress_dicts,29,/Volumes/BrokeExt/NICHE/KevinMusgrave_powerful-benchmarker/print_progress.py,Identifier'update_validator_progress_dicts' exceeds the maximum length of 30 characters.
KevinMusgrave_powerful-benchmarker,print_progress,,Magic number,update_validator_progress_dicts,35,/Volumes/BrokeExt/NICHE/KevinMusgrave_powerful-benchmarker/print_progress.py,Magic number 100 used in update_validator_progress_dicts.
KevinMusgrave_powerful-benchmarker,upload_logs,,Long statement,main,14,/Volumes/BrokeExt/NICHE/KevinMusgrave_powerful-benchmarker/upload_logs.py,A line with 147 chars in main exceeds the maximum length of 120 characters.
KevinMusgrave_powerful-benchmarker.latex,best_accuracy_per_adapter,,Long identifier,reshape_into_best_accuracy_table,13,/Volumes/BrokeExt/NICHE/KevinMusgrave_powerful-benchmarker/latex/best_accuracy_per_adapter.py,Identifier'reshape_into_best_accuracy_table' exceeds the maximum length of 30 characters.
KevinMusgrave_powerful-benchmarker.latex,best_accuracy_per_adapter,,Long statement,best_accuracy_per_adapter,38,/Volumes/BrokeExt/NICHE/KevinMusgrave_powerful-benchmarker/latex/best_accuracy_per_adapter.py,A line with 262 chars in best_accuracy_per_adapter exceeds the maximum length of 120 characters.
KevinMusgrave_powerful-benchmarker.latex,best_accuracy_per_adapter,,Long statement,best_accuracy_per_adapter,43,/Volumes/BrokeExt/NICHE/KevinMusgrave_powerful-benchmarker/latex/best_accuracy_per_adapter.py,A line with 251 chars in best_accuracy_per_adapter exceeds the maximum length of 120 characters.
KevinMusgrave_powerful-benchmarker.latex,best_validator_per_adapter_task,,Long identifier,best_validator_per_adapter_task,41,/Volumes/BrokeExt/NICHE/KevinMusgrave_powerful-benchmarker/latex/best_validator_per_adapter_task.py,Identifier'best_validator_per_adapter_task' exceeds the maximum length of 30 characters.
KevinMusgrave_powerful-benchmarker.latex,best_validator_per_adapter_task,,Long statement,get_best_validators,19,/Volumes/BrokeExt/NICHE/KevinMusgrave_powerful-benchmarker/latex/best_validator_per_adapter_task.py,A line with 274 chars in get_best_validators exceeds the maximum length of 120 characters.
KevinMusgrave_powerful-benchmarker.latex,best_validator_per_adapter_task,,Long statement,best_validator_per_adapter_task,51,/Volumes/BrokeExt/NICHE/KevinMusgrave_powerful-benchmarker/latex/best_validator_per_adapter_task.py,A line with 134 chars in best_validator_per_adapter_task exceeds the maximum length of 120 characters.
KevinMusgrave_powerful-benchmarker.latex,color_map_tags,,Complex method,create_color_map_tags,41 - 83,/Volumes/BrokeExt/NICHE/KevinMusgrave_powerful-benchmarker/latex/color_map_tags.py,"Method 'create_color_map_tags' has a cyclomatic complexity of 7, exceeding the max of 6."
KevinMusgrave_powerful-benchmarker.latex,color_map_tags,,Long parameter list,create_color_map_tags,41 - 83,/Volumes/BrokeExt/NICHE/KevinMusgrave_powerful-benchmarker/latex/color_map_tags.py,"create_color_map_tags has 7 parameters, exceeding the max of 5."
KevinMusgrave_powerful-benchmarker.latex,color_map_tags,,Magic number,create_color_map_tags,48,/Volumes/BrokeExt/NICHE/KevinMusgrave_powerful-benchmarker/latex/color_map_tags.py,Magic number 11 used in create_color_map_tags.
KevinMusgrave_powerful-benchmarker.latex,color_map_tags,,Magic number,create_color_map_tags,71,/Volumes/BrokeExt/NICHE/KevinMusgrave_powerful-benchmarker/latex/color_map_tags.py,Magic number 10 used in create_color_map_tags.
KevinMusgrave_powerful-benchmarker.latex,color_map_tags,,Magic number,create_color_map_tags,71,/Volumes/BrokeExt/NICHE/KevinMusgrave_powerful-benchmarker/latex/color_map_tags.py,Magic number 10 used in create_color_map_tags.
KevinMusgrave_powerful-benchmarker.latex,correlation,,Long Lambda Function,filter_and_process_validator_args,15,/Volumes/BrokeExt/NICHE/KevinMusgrave_powerful-benchmarker/latex/correlation.py,A Lambda with 90 chars in filter_and_process_validator_args exceeds the maximum length of 80 characters.
KevinMusgrave_powerful-benchmarker.latex,correlation,,Long identifier,filter_and_process_validator_args,12,/Volumes/BrokeExt/NICHE/KevinMusgrave_powerful-benchmarker/latex/correlation.py,Identifier'filter_and_process_validator_args' exceeds the maximum length of 30 characters.
KevinMusgrave_powerful-benchmarker.latex,correlation,,Long identifier,remove_whitespace_before_punctuation,111,/Volumes/BrokeExt/NICHE/KevinMusgrave_powerful-benchmarker/latex/correlation.py,Identifier'remove_whitespace_before_punctuation' exceeds the maximum length of 30 characters.
KevinMusgrave_powerful-benchmarker.latex,correlation,,Long statement,filter_and_process_validator_args,14,/Volumes/BrokeExt/NICHE/KevinMusgrave_powerful-benchmarker/latex/correlation.py,A line with 131 chars in filter_and_process_validator_args exceeds the maximum length of 120 characters.
KevinMusgrave_powerful-benchmarker.latex,correlation,,Long statement,get_caption,120,/Volumes/BrokeExt/NICHE/KevinMusgrave_powerful-benchmarker/latex/correlation.py,A line with 219 chars in get_caption exceeds the maximum length of 120 characters.
KevinMusgrave_powerful-benchmarker.latex,correlation,,Long statement,correlation,164,/Volumes/BrokeExt/NICHE/KevinMusgrave_powerful-benchmarker/latex/correlation.py,A line with 443 chars in correlation exceeds the maximum length of 120 characters.
KevinMusgrave_powerful-benchmarker.latex,correlation,,Magic number,correlation,154,/Volumes/BrokeExt/NICHE/KevinMusgrave_powerful-benchmarker/latex/correlation.py,Magic number 11 used in correlation.
KevinMusgrave_powerful-benchmarker.latex,correlation_bar_plot,,Long parameter list,reshape_and_plot,16 - 60,/Volumes/BrokeExt/NICHE/KevinMusgrave_powerful-benchmarker/latex/correlation_bar_plot.py,"reshape_and_plot has 7 parameters, exceeding the max of 5."
KevinMusgrave_powerful-benchmarker.latex,correlation_bar_plot,,Long statement,reshape_and_plot,42,/Volumes/BrokeExt/NICHE/KevinMusgrave_powerful-benchmarker/latex/correlation_bar_plot.py,A line with 131 chars in reshape_and_plot exceeds the maximum length of 120 characters.
KevinMusgrave_powerful-benchmarker.latex,correlation_bar_plot,,Long statement,correlation_bar_plot,66,/Volumes/BrokeExt/NICHE/KevinMusgrave_powerful-benchmarker/latex/correlation_bar_plot.py,A line with 234 chars in correlation_bar_plot exceeds the maximum length of 120 characters.
KevinMusgrave_powerful-benchmarker.latex,correlation_bar_plot,,Magic number,reshape_and_plot,22,/Volumes/BrokeExt/NICHE/KevinMusgrave_powerful-benchmarker/latex/correlation_bar_plot.py,Magic number 12 used in reshape_and_plot.
KevinMusgrave_powerful-benchmarker.latex,correlation_bar_plot,,Magic number,reshape_and_plot,22,/Volumes/BrokeExt/NICHE/KevinMusgrave_powerful-benchmarker/latex/correlation_bar_plot.py,Magic number 12 used in reshape_and_plot.
KevinMusgrave_powerful-benchmarker.latex,correlation_bar_plot_adapter_validator_pairs,,Long identifier,correlation_bar_plot_adapter_validator_pairs,25,/Volumes/BrokeExt/NICHE/KevinMusgrave_powerful-benchmarker/latex/correlation_bar_plot_adapter_validator_pairs.py,Identifier'correlation_bar_plot_adapter_validator_pairs' exceeds the maximum length of 30 characters.
KevinMusgrave_powerful-benchmarker.latex,correlation_bar_plot_adapter_validator_pairs,,Long statement,correlation_bar_plot_adapter_validator_pairs,28,/Volumes/BrokeExt/NICHE/KevinMusgrave_powerful-benchmarker/latex/correlation_bar_plot_adapter_validator_pairs.py,A line with 204 chars in correlation_bar_plot_adapter_validator_pairs exceeds the maximum length of 120 characters.
KevinMusgrave_powerful-benchmarker.latex,correlation_bar_plot_single_adapter,,Long identifier,correlation_bar_plot_single_adapter,7,/Volumes/BrokeExt/NICHE/KevinMusgrave_powerful-benchmarker/latex/correlation_bar_plot_single_adapter.py,Identifier'correlation_bar_plot_single_adapter' exceeds the maximum length of 30 characters.
KevinMusgrave_powerful-benchmarker.latex,correlation_bar_plot_single_adapter,,Long statement,correlation_bar_plot_single_adapter,10,/Volumes/BrokeExt/NICHE/KevinMusgrave_powerful-benchmarker/latex/correlation_bar_plot_single_adapter.py,A line with 227 chars in correlation_bar_plot_single_adapter exceeds the maximum length of 120 characters.
KevinMusgrave_powerful-benchmarker.latex,correlation_diffs,,Long statement,correlation_diffs,12,/Volumes/BrokeExt/NICHE/KevinMusgrave_powerful-benchmarker/latex/correlation_diffs.py,A line with 208 chars in correlation_diffs exceeds the maximum length of 120 characters.
KevinMusgrave_powerful-benchmarker.latex,correlation_diffs,,Long statement,correlation_diffs,22,/Volumes/BrokeExt/NICHE/KevinMusgrave_powerful-benchmarker/latex/correlation_diffs.py,A line with 122 chars in correlation_diffs exceeds the maximum length of 120 characters.
KevinMusgrave_powerful-benchmarker.latex,correlation_single_adapter,,Long statement,correlation_single_adapter,62,/Volumes/BrokeExt/NICHE/KevinMusgrave_powerful-benchmarker/latex/correlation_single_adapter.py,A line with 486 chars in correlation_single_adapter exceeds the maximum length of 120 characters.
KevinMusgrave_powerful-benchmarker.latex,correlation_single_adapter,,Magic number,correlation_single_adapter,52,/Volumes/BrokeExt/NICHE/KevinMusgrave_powerful-benchmarker/latex/correlation_single_adapter.py,Magic number 11 used in correlation_single_adapter.
KevinMusgrave_powerful-benchmarker.latex,pred_acc_using_best_adapter_validator_pairs,,Long identifier,pred_acc_using_best_adapter_validator_pairs,76,/Volumes/BrokeExt/NICHE/KevinMusgrave_powerful-benchmarker/latex/pred_acc_using_best_adapter_validator_pairs.py,Identifier'pred_acc_using_best_adapter_validator_pairs' exceeds the maximum length of 30 characters.
KevinMusgrave_powerful-benchmarker.latex,pred_acc_using_best_adapter_validator_pairs,,Long method,pred_acc_using_best_adapter_validator_pairs,76 - 132,/Volumes/BrokeExt/NICHE/KevinMusgrave_powerful-benchmarker/latex/pred_acc_using_best_adapter_validator_pairs.py,Method 'pred_acc_using_best_adapter_validator_pairs' is too long (50 lines).
KevinMusgrave_powerful-benchmarker.latex,pred_acc_using_best_adapter_validator_pairs,,Long statement,get_best_validators,44,/Volumes/BrokeExt/NICHE/KevinMusgrave_powerful-benchmarker/latex/pred_acc_using_best_adapter_validator_pairs.py,A line with 262 chars in get_best_validators exceeds the maximum length of 120 characters.
KevinMusgrave_powerful-benchmarker.latex,pred_acc_using_best_adapter_validator_pairs,,Long statement,pred_acc_using_best_adapter_validator_pairs,85,/Volumes/BrokeExt/NICHE/KevinMusgrave_powerful-benchmarker/latex/pred_acc_using_best_adapter_validator_pairs.py,A line with 312 chars in pred_acc_using_best_adapter_validator_pairs exceeds the maximum length of 120 characters.
KevinMusgrave_powerful-benchmarker.latex,pred_acc_using_best_adapter_validator_pairs,,Long statement,pred_acc_using_best_adapter_validator_pairs,107,/Volumes/BrokeExt/NICHE/KevinMusgrave_powerful-benchmarker/latex/pred_acc_using_best_adapter_validator_pairs.py,A line with 183 chars in pred_acc_using_best_adapter_validator_pairs exceeds the maximum length of 120 characters.
KevinMusgrave_powerful-benchmarker.latex,pred_acc_using_best_adapter_validator_pairs,,Long statement,pred_acc_using_best_adapter_validator_pairs,121,/Volumes/BrokeExt/NICHE/KevinMusgrave_powerful-benchmarker/latex/pred_acc_using_best_adapter_validator_pairs.py,A line with 142 chars in pred_acc_using_best_adapter_validator_pairs exceeds the maximum length of 120 characters.
KevinMusgrave_powerful-benchmarker.latex,pred_acc_using_best_adapter_validator_pairs,,Long statement,pred_acc_using_best_adapter_validator_pairs,129,/Volumes/BrokeExt/NICHE/KevinMusgrave_powerful-benchmarker/latex/pred_acc_using_best_adapter_validator_pairs.py,A line with 147 chars in pred_acc_using_best_adapter_validator_pairs exceeds the maximum length of 120 characters.
KevinMusgrave_powerful-benchmarker.latex,replace_header_acronyms,,Long statement,main,11,/Volumes/BrokeExt/NICHE/KevinMusgrave_powerful-benchmarker/latex/replace_header_acronyms.py,A line with 160 chars in main exceeds the maximum length of 120 characters.
KevinMusgrave_powerful-benchmarker.latex,table_creator,,Complex method,save_to_latex,18 - 67,/Volumes/BrokeExt/NICHE/KevinMusgrave_powerful-benchmarker/latex/table_creator.py,"Method 'save_to_latex' has a cyclomatic complexity of 9, exceeding the max of 6."
KevinMusgrave_powerful-benchmarker.latex,table_creator,,Long parameter list,save_to_latex,18 - 67,/Volumes/BrokeExt/NICHE/KevinMusgrave_powerful-benchmarker/latex/table_creator.py,"save_to_latex has 10 parameters, exceeding the max of 5."
KevinMusgrave_powerful-benchmarker.latex,table_creator,,Long parameter list,table_creator,70 - 123,/Volumes/BrokeExt/NICHE/KevinMusgrave_powerful-benchmarker/latex/table_creator.py,"table_creator has 12 parameters, exceeding the max of 5."
KevinMusgrave_powerful-benchmarker.latex,table_creator,,Long statement,save_to_latex,52,/Volumes/BrokeExt/NICHE/KevinMusgrave_powerful-benchmarker/latex/table_creator.py,A line with 126 chars in save_to_latex exceeds the maximum length of 120 characters.
KevinMusgrave_powerful-benchmarker.latex,table_creator,,Long statement,table_creator,103,/Volumes/BrokeExt/NICHE/KevinMusgrave_powerful-benchmarker/latex/table_creator.py,A line with 150 chars in table_creator exceeds the maximum length of 120 characters.
KevinMusgrave_powerful-benchmarker.latex,table_creator,,Long statement,table_creator,114,/Volumes/BrokeExt/NICHE/KevinMusgrave_powerful-benchmarker/latex/table_creator.py,A line with 124 chars in table_creator exceeds the maximum length of 120 characters.
KevinMusgrave_powerful-benchmarker.latex,table_creator,,Magic number,save_to_latex,31,/Volumes/BrokeExt/NICHE/KevinMusgrave_powerful-benchmarker/latex/table_creator.py,Magic number 3 used in save_to_latex.
KevinMusgrave_powerful-benchmarker.latex,table_creator,,Magic number,save_to_latex,60,/Volumes/BrokeExt/NICHE/KevinMusgrave_powerful-benchmarker/latex/table_creator.py,Magic number 10 used in save_to_latex.
KevinMusgrave_powerful-benchmarker.latex,utils,,Long identifier,validator_per_adapter_final_str_hook,310,/Volumes/BrokeExt/NICHE/KevinMusgrave_powerful-benchmarker/latex/utils.py,Identifier'validator_per_adapter_final_str_hook' exceeds the maximum length of 30 characters.
KevinMusgrave_powerful-benchmarker.latex,utils,,Long method,validators_to_remove,93 - 154,/Volumes/BrokeExt/NICHE/KevinMusgrave_powerful-benchmarker/latex/utils.py,Method 'validators_to_remove' is too long (63 lines).
KevinMusgrave_powerful-benchmarker.latex,utils,,Long method,pretty_validator_args_dict,189 - 233,/Volumes/BrokeExt/NICHE/KevinMusgrave_powerful-benchmarker/latex/utils.py,Method 'pretty_validator_args_dict' is too long (46 lines).
KevinMusgrave_powerful-benchmarker.latex,utils,,Long statement,shortened_task_name_dict,8,/Volumes/BrokeExt/NICHE/KevinMusgrave_powerful-benchmarker/latex/utils.py,A line with 1059 chars in shortened_task_name_dict exceeds the maximum length of 120 characters.
KevinMusgrave_powerful-benchmarker.latex,utils,,Long statement,add_source_only,74,/Volumes/BrokeExt/NICHE/KevinMusgrave_powerful-benchmarker/latex/utils.py,A line with 160 chars in add_source_only exceeds the maximum length of 120 characters.
KevinMusgrave_powerful-benchmarker.latex,utils,,Long statement,validators_to_remove,94,/Volumes/BrokeExt/NICHE/KevinMusgrave_powerful-benchmarker/latex/utils.py,A line with 2971 chars in validators_to_remove exceeds the maximum length of 120 characters.
KevinMusgrave_powerful-benchmarker.latex,utils,,Long statement,pretty_validator_args_dict,190,/Volumes/BrokeExt/NICHE/KevinMusgrave_powerful-benchmarker/latex/utils.py,A line with 2857 chars in pretty_validator_args_dict exceeds the maximum length of 120 characters.
KevinMusgrave_powerful-benchmarker.latex,utils,,Long statement,pretty_validator_dict,238,/Volumes/BrokeExt/NICHE/KevinMusgrave_powerful-benchmarker/latex/utils.py,A line with 247 chars in pretty_validator_dict exceeds the maximum length of 120 characters.
KevinMusgrave_powerful-benchmarker.latex,utils,,Long statement,rename_specific_validator_args,266,/Volumes/BrokeExt/NICHE/KevinMusgrave_powerful-benchmarker/latex/utils.py,A line with 180 chars in rename_specific_validator_args exceeds the maximum length of 120 characters.
KevinMusgrave_powerful-benchmarker.latex,utils,,Long statement,rename_ClassSS_args,277,/Volumes/BrokeExt/NICHE/KevinMusgrave_powerful-benchmarker/latex/utils.py,A line with 148 chars in rename_ClassSS_args exceeds the maximum length of 120 characters.
KevinMusgrave_powerful-benchmarker.latex,utils,,Long statement,adapter_final_str_hook,306,/Volumes/BrokeExt/NICHE/KevinMusgrave_powerful-benchmarker/latex/utils.py,A line with 187 chars in adapter_final_str_hook exceeds the maximum length of 120 characters.
KevinMusgrave_powerful-benchmarker.latex,utils,,Long statement,validator_final_str_hook,318,/Volumes/BrokeExt/NICHE/KevinMusgrave_powerful-benchmarker/latex/utils.py,A line with 198 chars in validator_final_str_hook exceeds the maximum length of 120 characters.
KevinMusgrave_powerful-benchmarker.latex,validator_parameter_explanations,,Long identifier,validator_parameter_explanations,10,/Volumes/BrokeExt/NICHE/KevinMusgrave_powerful-benchmarker/latex/validator_parameter_explanations.py,Identifier'validator_parameter_explanations' exceeds the maximum length of 30 characters.
KevinMusgrave_powerful-benchmarker.latex,validator_parameter_explanations,,Long method,explanations,40 - 96,/Volumes/BrokeExt/NICHE/KevinMusgrave_powerful-benchmarker/latex/validator_parameter_explanations.py,Method 'explanations' is too long (57 lines).
KevinMusgrave_powerful-benchmarker.latex,validator_parameter_explanations,,Long statement,validator_parameter_explanations,13,/Volumes/BrokeExt/NICHE/KevinMusgrave_powerful-benchmarker/latex/validator_parameter_explanations.py,A line with 167 chars in validator_parameter_explanations exceeds the maximum length of 120 characters.
KevinMusgrave_powerful-benchmarker.latex,validator_parameter_explanations,,Long statement,explanations,41,/Volumes/BrokeExt/NICHE/KevinMusgrave_powerful-benchmarker/latex/validator_parameter_explanations.py,A line with 3579 chars in explanations exceeds the maximum length of 120 characters.
KevinMusgrave_powerful-benchmarker.powerful_benchmarker,launch_one,,Long method,main,87 - 145,/Volumes/BrokeExt/NICHE/KevinMusgrave_powerful-benchmarker/powerful_benchmarker/launch_one.py,Method 'main' is too long (52 lines).
KevinMusgrave_powerful-benchmarker.powerful_benchmarker,launch_one,,Long statement,base_command,63,/Volumes/BrokeExt/NICHE/KevinMusgrave_powerful-benchmarker/powerful_benchmarker/launch_one.py,A line with 144 chars in base_command exceeds the maximum length of 120 characters.
KevinMusgrave_powerful-benchmarker.powerful_benchmarker,launch_one,,Long statement,main,88,/Volumes/BrokeExt/NICHE/KevinMusgrave_powerful-benchmarker/powerful_benchmarker/launch_one.py,A line with 271 chars in main exceeds the maximum length of 120 characters.
KevinMusgrave_powerful-benchmarker.powerful_benchmarker,launch_one,,Long statement,main,116,/Volumes/BrokeExt/NICHE/KevinMusgrave_powerful-benchmarker/powerful_benchmarker/launch_one.py,A line with 194 chars in main exceeds the maximum length of 120 characters.
KevinMusgrave_powerful-benchmarker.powerful_benchmarker,main,,Long Lambda Function,hyperparam_search,288,/Volumes/BrokeExt/NICHE/KevinMusgrave_powerful-benchmarker/powerful_benchmarker/main.py,A Lambda with 82 chars in hyperparam_search exceeds the maximum length of 80 characters.
KevinMusgrave_powerful-benchmarker.powerful_benchmarker,main,,Complex method,hyperparam_search,250 - 325,/Volumes/BrokeExt/NICHE/KevinMusgrave_powerful-benchmarker/powerful_benchmarker/main.py,"Method 'hyperparam_search' has a cyclomatic complexity of 9, exceeding the max of 6."
KevinMusgrave_powerful-benchmarker.powerful_benchmarker,main,,Long method,evaluate_best_model,49 - 94,/Volumes/BrokeExt/NICHE/KevinMusgrave_powerful-benchmarker/powerful_benchmarker/main.py,Method 'evaluate_best_model' is too long (42 lines).
KevinMusgrave_powerful-benchmarker.powerful_benchmarker,main,,Long method,get_adapter_datasets_etc,97 - 167,/Volumes/BrokeExt/NICHE/KevinMusgrave_powerful-benchmarker/powerful_benchmarker/main.py,Method 'get_adapter_datasets_etc' is too long (57 lines).
KevinMusgrave_powerful-benchmarker.powerful_benchmarker,main,,Long method,objective,171 - 247,/Volumes/BrokeExt/NICHE/KevinMusgrave_powerful-benchmarker/powerful_benchmarker/main.py,Method 'objective' is too long (67 lines).
KevinMusgrave_powerful-benchmarker.powerful_benchmarker,main,,Long method,hyperparam_search,250 - 325,/Volumes/BrokeExt/NICHE/KevinMusgrave_powerful-benchmarker/powerful_benchmarker/main.py,Method 'hyperparam_search' is too long (69 lines).
KevinMusgrave_powerful-benchmarker.powerful_benchmarker,main,,Long statement,evaluate_best_model,75,/Volumes/BrokeExt/NICHE/KevinMusgrave_powerful-benchmarker/powerful_benchmarker/main.py,A line with 139 chars in evaluate_best_model exceeds the maximum length of 120 characters.
KevinMusgrave_powerful-benchmarker.powerful_benchmarker,main,,Long statement,get_adapter_datasets_etc,114,/Volumes/BrokeExt/NICHE/KevinMusgrave_powerful-benchmarker/powerful_benchmarker/main.py,A line with 158 chars in get_adapter_datasets_etc exceeds the maximum length of 120 characters.
KevinMusgrave_powerful-benchmarker.powerful_benchmarker,main,,Long statement,get_adapter_datasets_etc,129,/Volumes/BrokeExt/NICHE/KevinMusgrave_powerful-benchmarker/powerful_benchmarker/main.py,A line with 215 chars in get_adapter_datasets_etc exceeds the maximum length of 120 characters.
KevinMusgrave_powerful-benchmarker.powerful_benchmarker,main,,Long statement,get_adapter_datasets_etc,145,/Volumes/BrokeExt/NICHE/KevinMusgrave_powerful-benchmarker/powerful_benchmarker/main.py,A line with 142 chars in get_adapter_datasets_etc exceeds the maximum length of 120 characters.
KevinMusgrave_powerful-benchmarker.powerful_benchmarker,main,,Long statement,objective,181,/Volumes/BrokeExt/NICHE/KevinMusgrave_powerful-benchmarker/powerful_benchmarker/main.py,A line with 196 chars in objective exceeds the maximum length of 120 characters.
KevinMusgrave_powerful-benchmarker.powerful_benchmarker,main,,Long statement,objective,201,/Volumes/BrokeExt/NICHE/KevinMusgrave_powerful-benchmarker/powerful_benchmarker/main.py,A line with 264 chars in objective exceeds the maximum length of 120 characters.
KevinMusgrave_powerful-benchmarker.powerful_benchmarker,main,,Long statement,objective,212,/Volumes/BrokeExt/NICHE/KevinMusgrave_powerful-benchmarker/powerful_benchmarker/main.py,A line with 126 chars in objective exceeds the maximum length of 120 characters.
KevinMusgrave_powerful-benchmarker.powerful_benchmarker,main,,Long statement,objective,229,/Volumes/BrokeExt/NICHE/KevinMusgrave_powerful-benchmarker/powerful_benchmarker/main.py,A line with 264 chars in objective exceeds the maximum length of 120 characters.
KevinMusgrave_powerful-benchmarker.powerful_benchmarker,main,,Long statement,hyperparam_search,262,/Volumes/BrokeExt/NICHE/KevinMusgrave_powerful-benchmarker/powerful_benchmarker/main.py,A line with 123 chars in hyperparam_search exceeds the maximum length of 120 characters.
KevinMusgrave_powerful-benchmarker.powerful_benchmarker,main,,Long statement,hyperparam_search,287,/Volumes/BrokeExt/NICHE/KevinMusgrave_powerful-benchmarker/powerful_benchmarker/main.py,A line with 364 chars in hyperparam_search exceeds the maximum length of 120 characters.
KevinMusgrave_powerful-benchmarker.powerful_benchmarker,main,,Long statement,hyperparam_search,309,/Volumes/BrokeExt/NICHE/KevinMusgrave_powerful-benchmarker/powerful_benchmarker/main.py,A line with 121 chars in hyperparam_search exceeds the maximum length of 120 characters.
KevinMusgrave_powerful-benchmarker.powerful_benchmarker,main,,Long statement,,19,/Volumes/BrokeExt/NICHE/KevinMusgrave_powerful-benchmarker/powerful_benchmarker/main.py,A line with 155 chars in main exceeds the maximum length of 120 characters.
KevinMusgrave_powerful-benchmarker.powerful_benchmarker,main,,Magic number,get_adapter_datasets_etc,155,/Volumes/BrokeExt/NICHE/KevinMusgrave_powerful-benchmarker/powerful_benchmarker/main.py,Magic number 5 used in get_adapter_datasets_etc.
KevinMusgrave_powerful-benchmarker.powerful_benchmarker,yaml_creator_helper,,Long method,main,5 - 54,/Volumes/BrokeExt/NICHE/KevinMusgrave_powerful-benchmarker/powerful_benchmarker/yaml_creator_helper.py,Method 'main' is too long (49 lines).
KevinMusgrave_powerful-benchmarker.powerful_benchmarker,yaml_creator_helper,,Long statement,main,6,/Volumes/BrokeExt/NICHE/KevinMusgrave_powerful-benchmarker/powerful_benchmarker/yaml_creator_helper.py,A line with 1380 chars in main exceeds the maximum length of 120 characters.
KevinMusgrave_powerful-benchmarker.powerful_benchmarker.configs,adda_config,ADDAConfig,Long statement,get_adapter_kwargs,39,/Volumes/BrokeExt/NICHE/KevinMusgrave_powerful-benchmarker/powerful_benchmarker/configs/adda_config.py,A line with 173 chars in get_adapter_kwargs exceeds the maximum length of 120 characters.
KevinMusgrave_powerful-benchmarker.powerful_benchmarker.configs,aligner_config,AlignerConfig,Long statement,get_adapter_kwargs,32,/Volumes/BrokeExt/NICHE/KevinMusgrave_powerful-benchmarker/powerful_benchmarker/configs/aligner_config.py,A line with 145 chars in get_adapter_kwargs exceeds the maximum length of 120 characters.
KevinMusgrave_powerful-benchmarker.powerful_benchmarker.configs,aligner_config,AlignerConfig,Long statement,get_adapter_kwargs,40,/Volumes/BrokeExt/NICHE/KevinMusgrave_powerful-benchmarker/powerful_benchmarker/configs/aligner_config.py,A line with 143 chars in get_adapter_kwargs exceeds the maximum length of 120 characters.
KevinMusgrave_powerful-benchmarker.powerful_benchmarker.configs,aligner_config,JMMDConfig,Long statement,get_adapter_kwargs,83,/Volumes/BrokeExt/NICHE/KevinMusgrave_powerful-benchmarker/powerful_benchmarker/configs/aligner_config.py,A line with 155 chars in get_adapter_kwargs exceeds the maximum length of 120 characters.
KevinMusgrave_powerful-benchmarker.powerful_benchmarker.configs,aligner_config,MMDConfig,Magic number,get_adapter_kwargs,67,/Volumes/BrokeExt/NICHE/KevinMusgrave_powerful-benchmarker/powerful_benchmarker/configs/aligner_config.py,Magic number 2 used in get_adapter_kwargs.
KevinMusgrave_powerful-benchmarker.powerful_benchmarker.configs,base_config,BaseConfig,Complex method,set_feature_layer,106 - 141,/Volumes/BrokeExt/NICHE/KevinMusgrave_powerful-benchmarker/powerful_benchmarker/configs/base_config.py,"Method 'set_feature_layer' has a cyclomatic complexity of 7, exceeding the max of 6."
KevinMusgrave_powerful-benchmarker.powerful_benchmarker.configs,base_config,BaseConfig,Long identifier,get_before_training_starts_hook,37,/Volumes/BrokeExt/NICHE/KevinMusgrave_powerful-benchmarker/powerful_benchmarker/configs/base_config.py,Identifier'get_before_training_starts_hook' exceeds the maximum length of 30 characters.
KevinMusgrave_powerful-benchmarker.powerful_benchmarker.configs,base_config,BaseConfig,Long parameter list,get_models,83 - 104,/Volumes/BrokeExt/NICHE/KevinMusgrave_powerful-benchmarker/powerful_benchmarker/configs/base_config.py,"get_models has 6 parameters, exceeding the max of 5."
KevinMusgrave_powerful-benchmarker.powerful_benchmarker.configs,base_config,BaseConfig,Long statement,get_models,100,/Volumes/BrokeExt/NICHE/KevinMusgrave_powerful-benchmarker/powerful_benchmarker/configs/base_config.py,A line with 124 chars in get_models exceeds the maximum length of 120 characters.
KevinMusgrave_powerful-benchmarker.powerful_benchmarker.configs,base_config,BaseConfig,Long statement,set_feature_layer,109,/Volumes/BrokeExt/NICHE/KevinMusgrave_powerful-benchmarker/powerful_benchmarker/configs/base_config.py,A line with 149 chars in set_feature_layer exceeds the maximum length of 120 characters.
KevinMusgrave_powerful-benchmarker.powerful_benchmarker.configs,base_config,BaseConfig,Magic number,get_optimizers,28,/Volumes/BrokeExt/NICHE/KevinMusgrave_powerful-benchmarker/powerful_benchmarker/configs/base_config.py,Magic number 0.9 used in get_optimizers.
KevinMusgrave_powerful-benchmarker.powerful_benchmarker.configs,base_config,BaseConfig,Magic number,get_optimizers,28,/Volumes/BrokeExt/NICHE/KevinMusgrave_powerful-benchmarker/powerful_benchmarker/configs/base_config.py,Magic number 0.0001 used in get_optimizers.
KevinMusgrave_powerful-benchmarker.powerful_benchmarker.configs,base_config,BaseConfig,Magic number,get_optimizers,31,/Volumes/BrokeExt/NICHE/KevinMusgrave_powerful-benchmarker/powerful_benchmarker/configs/base_config.py,Magic number 0.0001 used in get_optimizers.
KevinMusgrave_powerful-benchmarker.powerful_benchmarker.configs,base_config,BaseConfig,Magic number,set_feature_layer,110,/Volumes/BrokeExt/NICHE/KevinMusgrave_powerful-benchmarker/powerful_benchmarker/configs/base_config.py,Magic number 1200 used in set_feature_layer.
KevinMusgrave_powerful-benchmarker.powerful_benchmarker.configs,base_config,BaseConfig,Magic number,set_feature_layer,111,/Volumes/BrokeExt/NICHE/KevinMusgrave_powerful-benchmarker/powerful_benchmarker/configs/base_config.py,Magic number 2048 used in set_feature_layer.
KevinMusgrave_powerful-benchmarker.powerful_benchmarker.configs,base_config,BaseConfig,Magic number,set_feature_layer,112,/Volumes/BrokeExt/NICHE/KevinMusgrave_powerful-benchmarker/powerful_benchmarker/configs/base_config.py,Magic number 2048 used in set_feature_layer.
KevinMusgrave_powerful-benchmarker.powerful_benchmarker.configs,base_config,BaseConfig,Magic number,set_feature_layer,113,/Volumes/BrokeExt/NICHE/KevinMusgrave_powerful-benchmarker/powerful_benchmarker/configs/base_config.py,Magic number 2048 used in set_feature_layer.
KevinMusgrave_powerful-benchmarker.powerful_benchmarker.configs,base_config,BaseConfig,Magic number,set_feature_layer,114,/Volumes/BrokeExt/NICHE/KevinMusgrave_powerful-benchmarker/powerful_benchmarker/configs/base_config.py,Magic number 2048 used in set_feature_layer.
KevinMusgrave_powerful-benchmarker.powerful_benchmarker.configs,base_config,BaseConfig,Magic number,set_feature_layer,115,/Volumes/BrokeExt/NICHE/KevinMusgrave_powerful-benchmarker/powerful_benchmarker/configs/base_config.py,Magic number 2048 used in set_feature_layer.
KevinMusgrave_powerful-benchmarker.powerful_benchmarker.configs,base_config,BaseConfig,Magic number,set_feature_layer,120,/Volumes/BrokeExt/NICHE/KevinMusgrave_powerful-benchmarker/powerful_benchmarker/configs/base_config.py,Magic number 7 used in set_feature_layer.
KevinMusgrave_powerful-benchmarker.powerful_benchmarker.configs,base_config,BaseConfig,Magic number,set_feature_layer,120,/Volumes/BrokeExt/NICHE/KevinMusgrave_powerful-benchmarker/powerful_benchmarker/configs/base_config.py,Magic number 8 used in set_feature_layer.
KevinMusgrave_powerful-benchmarker.powerful_benchmarker.configs,base_config,BaseConfig,Magic number,set_feature_layer,127,/Volumes/BrokeExt/NICHE/KevinMusgrave_powerful-benchmarker/powerful_benchmarker/configs/base_config.py,Magic number 8 used in set_feature_layer.
KevinMusgrave_powerful-benchmarker.powerful_benchmarker.configs,base_config,BaseConfig,Magic number,set_feature_layer,135,/Volumes/BrokeExt/NICHE/KevinMusgrave_powerful-benchmarker/powerful_benchmarker/configs/base_config.py,Magic number 3 used in set_feature_layer.
KevinMusgrave_powerful-benchmarker.powerful_benchmarker.configs,base_config,BaseConfig,Magic number,set_feature_layer,135,/Volumes/BrokeExt/NICHE/KevinMusgrave_powerful-benchmarker/powerful_benchmarker/configs/base_config.py,Magic number 6 used in set_feature_layer.
KevinMusgrave_powerful-benchmarker.powerful_benchmarker.configs,base_config,BaseConfig,Magic number,set_feature_layer,136,/Volumes/BrokeExt/NICHE/KevinMusgrave_powerful-benchmarker/powerful_benchmarker/configs/base_config.py,Magic number 3 used in set_feature_layer.
KevinMusgrave_powerful-benchmarker.powerful_benchmarker.configs,base_config,BaseConfig,Magic number,set_feature_layer,137,/Volumes/BrokeExt/NICHE/KevinMusgrave_powerful-benchmarker/powerful_benchmarker/configs/base_config.py,Magic number 2 used in set_feature_layer.
KevinMusgrave_powerful-benchmarker.powerful_benchmarker.configs,base_config,BaseConfig,Magic number,set_feature_layer,137,/Volumes/BrokeExt/NICHE/KevinMusgrave_powerful-benchmarker/powerful_benchmarker/configs/base_config.py,Magic number 5 used in set_feature_layer.
KevinMusgrave_powerful-benchmarker.powerful_benchmarker.configs,base_config,BaseConfig,Magic number,set_feature_layer,137,/Volumes/BrokeExt/NICHE/KevinMusgrave_powerful-benchmarker/powerful_benchmarker/configs/base_config.py,Magic number 8 used in set_feature_layer.
KevinMusgrave_powerful-benchmarker.powerful_benchmarker.configs,base_config,BaseConfig,Magic number,set_feature_layer,138,/Volumes/BrokeExt/NICHE/KevinMusgrave_powerful-benchmarker/powerful_benchmarker/configs/base_config.py,Magic number 2 used in set_feature_layer.
KevinMusgrave_powerful-benchmarker.powerful_benchmarker.configs,cdan_config,CDANConfig,Long statement,get_adapter_kwargs,40,/Volumes/BrokeExt/NICHE/KevinMusgrave_powerful-benchmarker/powerful_benchmarker/configs/cdan_config.py,A line with 124 chars in get_adapter_kwargs exceeds the maximum length of 120 characters.
KevinMusgrave_powerful-benchmarker.powerful_benchmarker.configs,cdan_config,CDANConfig,Long statement,get_adapter_kwargs,52,/Volumes/BrokeExt/NICHE/KevinMusgrave_powerful-benchmarker/powerful_benchmarker/configs/cdan_config.py,A line with 173 chars in get_adapter_kwargs exceeds the maximum length of 120 characters.
KevinMusgrave_powerful-benchmarker.powerful_benchmarker.configs,dann_config,DANNConfig,Long statement,get_adapter_kwargs,42,/Volumes/BrokeExt/NICHE/KevinMusgrave_powerful-benchmarker/powerful_benchmarker/configs/dann_config.py,A line with 128 chars in get_adapter_kwargs exceeds the maximum length of 120 characters.
KevinMusgrave_powerful-benchmarker.powerful_benchmarker.configs,dann_config,DANNConfig,Long statement,get_adapter_kwargs,53,/Volumes/BrokeExt/NICHE/KevinMusgrave_powerful-benchmarker/powerful_benchmarker/configs/dann_config.py,A line with 173 chars in get_adapter_kwargs exceeds the maximum length of 120 characters.
KevinMusgrave_powerful-benchmarker.powerful_benchmarker.configs,gan_config,GANConfig,Long statement,get_adapter_kwargs,30,/Volumes/BrokeExt/NICHE/KevinMusgrave_powerful-benchmarker/powerful_benchmarker/configs/gan_config.py,A line with 129 chars in get_adapter_kwargs exceeds the maximum length of 120 characters.
KevinMusgrave_powerful-benchmarker.powerful_benchmarker.configs,gan_config,GANConfig,Long statement,get_adapter_kwargs,41,/Volumes/BrokeExt/NICHE/KevinMusgrave_powerful-benchmarker/powerful_benchmarker/configs/gan_config.py,A line with 173 chars in get_adapter_kwargs exceeds the maximum length of 120 characters.
KevinMusgrave_powerful-benchmarker.powerful_benchmarker.configs,gvb_config,GVBConfig,Long statement,get_adapter_kwargs,54,/Volumes/BrokeExt/NICHE/KevinMusgrave_powerful-benchmarker/powerful_benchmarker/configs/gvb_config.py,A line with 262 chars in get_adapter_kwargs exceeds the maximum length of 120 characters.
KevinMusgrave_powerful-benchmarker.powerful_benchmarker.configs,gvb_config,GVBConfig,Long statement,get_adapter_kwargs,69,/Volumes/BrokeExt/NICHE/KevinMusgrave_powerful-benchmarker/powerful_benchmarker/configs/gvb_config.py,A line with 173 chars in get_adapter_kwargs exceeds the maximum length of 120 characters.
KevinMusgrave_powerful-benchmarker.powerful_benchmarker.configs,mcd_config,MCDConfig,Long statement,get_adapter_kwargs,48,/Volumes/BrokeExt/NICHE/KevinMusgrave_powerful-benchmarker/powerful_benchmarker/configs/mcd_config.py,A line with 125 chars in get_adapter_kwargs exceeds the maximum length of 120 characters.
KevinMusgrave_powerful-benchmarker.powerful_benchmarker.configs,mcd_config,MCDConfig,Long statement,get_adapter_kwargs,64,/Volumes/BrokeExt/NICHE/KevinMusgrave_powerful-benchmarker/powerful_benchmarker/configs/mcd_config.py,A line with 173 chars in get_adapter_kwargs exceeds the maximum length of 120 characters.
KevinMusgrave_powerful-benchmarker.powerful_benchmarker.configs,mcd_config,SWDConfig,Magic number,get_adapter_kwargs,98,/Volumes/BrokeExt/NICHE/KevinMusgrave_powerful-benchmarker/powerful_benchmarker/configs/mcd_config.py,Magic number 128 used in get_adapter_kwargs.
KevinMusgrave_powerful-benchmarker.powerful_benchmarker.configs,pretrainer_config,PretrainerConfig,Long statement,get_adapter_kwargs,39,/Volumes/BrokeExt/NICHE/KevinMusgrave_powerful-benchmarker/powerful_benchmarker/configs/pretrainer_config.py,A line with 134 chars in get_adapter_kwargs exceeds the maximum length of 120 characters.
KevinMusgrave_powerful-benchmarker.powerful_benchmarker.configs,rtn_config,RTNConfig,Long statement,get_models,18,/Volumes/BrokeExt/NICHE/KevinMusgrave_powerful-benchmarker/powerful_benchmarker/configs/rtn_config.py,A line with 163 chars in get_models exceeds the maximum length of 120 characters.
KevinMusgrave_powerful-benchmarker.powerful_benchmarker.configs,rtn_config,RTNConfig,Long statement,get_adapter_kwargs,51,/Volumes/BrokeExt/NICHE/KevinMusgrave_powerful-benchmarker/powerful_benchmarker/configs/rtn_config.py,A line with 134 chars in get_adapter_kwargs exceeds the maximum length of 120 characters.
KevinMusgrave_powerful-benchmarker.powerful_benchmarker.configs,rtn_config,RTNConfig,Long statement,get_adapter_kwargs,71,/Volumes/BrokeExt/NICHE/KevinMusgrave_powerful-benchmarker/powerful_benchmarker/configs/rtn_config.py,A line with 173 chars in get_adapter_kwargs exceeds the maximum length of 120 characters.
KevinMusgrave_powerful-benchmarker.powerful_benchmarker.configs,rtn_config,RTNConfig,Magic number,get_adapter_kwargs,60,/Volumes/BrokeExt/NICHE/KevinMusgrave_powerful-benchmarker/powerful_benchmarker/configs/rtn_config.py,Magic number 2 used in get_adapter_kwargs.
KevinMusgrave_powerful-benchmarker.powerful_benchmarker.configs,symnets_config,SymNetsConfig,Long statement,get_adapter_kwargs,31,/Volumes/BrokeExt/NICHE/KevinMusgrave_powerful-benchmarker/powerful_benchmarker/configs/symnets_config.py,A line with 130 chars in get_adapter_kwargs exceeds the maximum length of 120 characters.
KevinMusgrave_powerful-benchmarker.powerful_benchmarker.configs,symnets_config,SymNetsConfig,Long statement,get_adapter_kwargs,37,/Volumes/BrokeExt/NICHE/KevinMusgrave_powerful-benchmarker/powerful_benchmarker/configs/symnets_config.py,A line with 221 chars in get_adapter_kwargs exceeds the maximum length of 120 characters.
KevinMusgrave_powerful-benchmarker.powerful_benchmarker.configs,symnets_config,SymNetsConfig,Long statement,get_adapter_kwargs,50,/Volumes/BrokeExt/NICHE/KevinMusgrave_powerful-benchmarker/powerful_benchmarker/configs/symnets_config.py,A line with 173 chars in get_adapter_kwargs exceeds the maximum length of 120 characters.
KevinMusgrave_powerful-benchmarker.powerful_benchmarker.configs,vada_config,VADAConfig,Long statement,get_adapter_kwargs,28,/Volumes/BrokeExt/NICHE/KevinMusgrave_powerful-benchmarker/powerful_benchmarker/configs/vada_config.py,A line with 198 chars in get_adapter_kwargs exceeds the maximum length of 120 characters.
KevinMusgrave_powerful-benchmarker.powerful_benchmarker.configs,vada_config,VADAConfig,Long statement,get_adapter_kwargs,48,/Volumes/BrokeExt/NICHE/KevinMusgrave_powerful-benchmarker/powerful_benchmarker/configs/vada_config.py,A line with 173 chars in get_adapter_kwargs exceeds the maximum length of 120 characters.
KevinMusgrave_powerful-benchmarker.powerful_benchmarker.utils,logger,Logger,Magic number,__init__,10,/Volumes/BrokeExt/NICHE/KevinMusgrave_powerful-benchmarker/powerful_benchmarker/utils/logger.py,Magic number 50 used in __init__.
KevinMusgrave_powerful-benchmarker.powerful_benchmarker.utils,main_utils,,Empty catch block,plot_visualizations,206,/Volumes/BrokeExt/NICHE/KevinMusgrave_powerful-benchmarker/powerful_benchmarker/utils/main_utils.py,Empty catch block found in plot_visualizations.
KevinMusgrave_powerful-benchmarker.powerful_benchmarker.utils,main_utils,,Long parameter list,get_val_hooks,131 - 147,/Volumes/BrokeExt/NICHE/KevinMusgrave_powerful-benchmarker/powerful_benchmarker/utils/main_utils.py,"get_val_hooks has 8 parameters, exceeding the max of 5."
KevinMusgrave_powerful-benchmarker.powerful_benchmarker.utils,main_utils,,Long parameter list,get_datasets,150 - 187,/Volumes/BrokeExt/NICHE/KevinMusgrave_powerful-benchmarker/powerful_benchmarker/utils/main_utils.py,"get_datasets has 7 parameters, exceeding the max of 5."
KevinMusgrave_powerful-benchmarker.powerful_benchmarker.utils,main_utils,,Long statement,get_dataloader_creator,66,/Volumes/BrokeExt/NICHE/KevinMusgrave_powerful-benchmarker/powerful_benchmarker/utils/main_utils.py,A line with 394 chars in get_dataloader_creator exceeds the maximum length of 120 characters.
KevinMusgrave_powerful-benchmarker.powerful_benchmarker.utils,main_utils,,Long statement,get_datasets,166,/Volumes/BrokeExt/NICHE/KevinMusgrave_powerful-benchmarker/powerful_benchmarker/utils/main_utils.py,A line with 173 chars in get_datasets exceeds the maximum length of 120 characters.
KevinMusgrave_powerful-benchmarker.powerful_benchmarker.utils,main_utils,,Long statement,get_datasets,178,/Volumes/BrokeExt/NICHE/KevinMusgrave_powerful-benchmarker/powerful_benchmarker/utils/main_utils.py,A line with 140 chars in get_datasets exceeds the maximum length of 120 characters.
KevinMusgrave_powerful-benchmarker.powerful_benchmarker.utils,utils,,Long parameter list,create_exp_group_name,94 - 114,/Volumes/BrokeExt/NICHE/KevinMusgrave_powerful-benchmarker/powerful_benchmarker/utils/utils.py,"create_exp_group_name has 7 parameters, exceeding the max of 5."
KevinMusgrave_powerful-benchmarker.validator_tests,0th_epoch_gather,,Complex method,collect_dfs,24 - 70,/Volumes/BrokeExt/NICHE/KevinMusgrave_powerful-benchmarker/validator_tests/0th_epoch_gather.py,"Method 'collect_dfs' has a cyclomatic complexity of 8, exceeding the max of 6."
KevinMusgrave_powerful-benchmarker.validator_tests,0th_epoch_gather,,Long method,collect_dfs,24 - 70,/Volumes/BrokeExt/NICHE/KevinMusgrave_powerful-benchmarker/validator_tests/0th_epoch_gather.py,Method 'collect_dfs' is too long (46 lines).
KevinMusgrave_powerful-benchmarker.validator_tests,assemble_dataset,,Magic number,condition,22,/Volumes/BrokeExt/NICHE/KevinMusgrave_powerful-benchmarker/validator_tests/assemble_dataset.py,Magic number 20 used in condition.
KevinMusgrave_powerful-benchmarker.validator_tests,create_plots,,Long statement,scatter,22,/Volumes/BrokeExt/NICHE/KevinMusgrave_powerful-benchmarker/validator_tests/create_plots.py,A line with 200 chars in scatter exceeds the maximum length of 120 characters.
KevinMusgrave_powerful-benchmarker.validator_tests,create_plots,,Long statement,score_vs_epoch,35,/Volumes/BrokeExt/NICHE/KevinMusgrave_powerful-benchmarker/validator_tests/create_plots.py,A line with 194 chars in score_vs_epoch exceeds the maximum length of 120 characters.
KevinMusgrave_powerful-benchmarker.validator_tests,eval_validators,,Long method,_get_best_accuracy_per_adapter,99 - 156,/Volumes/BrokeExt/NICHE/KevinMusgrave_powerful-benchmarker/validator_tests/eval_validators.py,Method '_get_best_accuracy_per_adapter' is too long (47 lines).
KevinMusgrave_powerful-benchmarker.validator_tests,eval_validators,,Long statement,assign_original_df_info,34,/Volumes/BrokeExt/NICHE/KevinMusgrave_powerful-benchmarker/validator_tests/eval_validators.py,A line with 164 chars in assign_original_df_info exceeds the maximum length of 120 characters.
KevinMusgrave_powerful-benchmarker.validator_tests,eval_validators,,Long statement,_get_best_accuracy_per_adapter,130,/Volumes/BrokeExt/NICHE/KevinMusgrave_powerful-benchmarker/validator_tests/eval_validators.py,A line with 128 chars in _get_best_accuracy_per_adapter exceeds the maximum length of 120 characters.
KevinMusgrave_powerful-benchmarker.validator_tests,eval_validators,,Long statement,_get_best_accuracy_per_adapter,146,/Volumes/BrokeExt/NICHE/KevinMusgrave_powerful-benchmarker/validator_tests/eval_validators.py,A line with 138 chars in _get_best_accuracy_per_adapter exceeds the maximum length of 120 characters.
KevinMusgrave_powerful-benchmarker.validator_tests,main,,Long method,get_and_save_scores,46 - 95,/Volumes/BrokeExt/NICHE/KevinMusgrave_powerful-benchmarker/validator_tests/main.py,Method 'get_and_save_scores' is too long (43 lines).
KevinMusgrave_powerful-benchmarker.validator_tests,main,,Long parameter list,get_validator_and_condition_fn,98 - 115,/Volumes/BrokeExt/NICHE/KevinMusgrave_powerful-benchmarker/validator_tests/main.py,"get_validator_and_condition_fn has 7 parameters, exceeding the max of 5."
KevinMusgrave_powerful-benchmarker.validator_tests,main,,Long statement,get_and_save_scores,57,/Volumes/BrokeExt/NICHE/KevinMusgrave_powerful-benchmarker/validator_tests/main.py,A line with 132 chars in get_and_save_scores exceeds the maximum length of 120 characters.
KevinMusgrave_powerful-benchmarker.validator_tests,main,,Long statement,main,119,/Volumes/BrokeExt/NICHE/KevinMusgrave_powerful-benchmarker/validator_tests/main.py,A line with 204 chars in main exceeds the maximum length of 120 characters.
KevinMusgrave_powerful-benchmarker.validator_tests,plot_ranks_vs_acc,,Long identifier,plot_corr_vs_true_and_predicted,102,/Volumes/BrokeExt/NICHE/KevinMusgrave_powerful-benchmarker/validator_tests/plot_ranks_vs_acc.py,Identifier'plot_corr_vs_true_and_predicted' exceeds the maximum length of 30 characters.
KevinMusgrave_powerful-benchmarker.validator_tests,plot_ranks_vs_acc,,Long identifier,get_corr_df,162,/Volumes/BrokeExt/NICHE/KevinMusgrave_powerful-benchmarker/validator_tests/plot_ranks_vs_acc.py,Identifier'corr_best_validators_across_tasks' exceeds the maximum length of 30 characters.
KevinMusgrave_powerful-benchmarker.validator_tests,plot_ranks_vs_acc,,Long method,plot_corr_vs_nlargest,106 - 159,/Volumes/BrokeExt/NICHE/KevinMusgrave_powerful-benchmarker/validator_tests/plot_ranks_vs_acc.py,Method 'plot_corr_vs_nlargest' is too long (54 lines).
KevinMusgrave_powerful-benchmarker.validator_tests,plot_ranks_vs_acc,,Long method,main_fn,212 - 279,/Volumes/BrokeExt/NICHE/KevinMusgrave_powerful-benchmarker/validator_tests/plot_ranks_vs_acc.py,Method 'main_fn' is too long (68 lines).
KevinMusgrave_powerful-benchmarker.validator_tests,plot_ranks_vs_acc,,Long statement,axis_label_dict,32,/Volumes/BrokeExt/NICHE/KevinMusgrave_powerful-benchmarker/validator_tests/plot_ranks_vs_acc.py,A line with 261 chars in axis_label_dict exceeds the maximum length of 120 characters.
KevinMusgrave_powerful-benchmarker.validator_tests,plot_ranks_vs_acc,,Long statement,adapter_names,42,/Volumes/BrokeExt/NICHE/KevinMusgrave_powerful-benchmarker/validator_tests/plot_ranks_vs_acc.py,A line with 140 chars in adapter_names exceeds the maximum length of 120 characters.
KevinMusgrave_powerful-benchmarker.validator_tests,plot_ranks_vs_acc,,Long statement,plot_corr_vs_nlargest,108,/Volumes/BrokeExt/NICHE/KevinMusgrave_powerful-benchmarker/validator_tests/plot_ranks_vs_acc.py,A line with 182 chars in plot_corr_vs_nlargest exceeds the maximum length of 120 characters.
KevinMusgrave_powerful-benchmarker.validator_tests,plot_ranks_vs_acc,,Long statement,get_corr_df,164,/Volumes/BrokeExt/NICHE/KevinMusgrave_powerful-benchmarker/validator_tests/plot_ranks_vs_acc.py,A line with 139 chars in get_corr_df exceeds the maximum length of 120 characters.
KevinMusgrave_powerful-benchmarker.validator_tests,plot_ranks_vs_acc,,Long statement,get_corr_df,195,/Volumes/BrokeExt/NICHE/KevinMusgrave_powerful-benchmarker/validator_tests/plot_ranks_vs_acc.py,A line with 163 chars in get_corr_df exceeds the maximum length of 120 characters.
KevinMusgrave_powerful-benchmarker.validator_tests,plot_ranks_vs_acc,,Long statement,main_fn,232,/Volumes/BrokeExt/NICHE/KevinMusgrave_powerful-benchmarker/validator_tests/plot_ranks_vs_acc.py,A line with 285 chars in main_fn exceeds the maximum length of 120 characters.
KevinMusgrave_powerful-benchmarker.validator_tests,plot_ranks_vs_acc,,Long statement,main_fn,252,/Volumes/BrokeExt/NICHE/KevinMusgrave_powerful-benchmarker/validator_tests/plot_ranks_vs_acc.py,A line with 121 chars in main_fn exceeds the maximum length of 120 characters.
KevinMusgrave_powerful-benchmarker.validator_tests,plot_ranks_vs_acc,,Long statement,main_fn,261,/Volumes/BrokeExt/NICHE/KevinMusgrave_powerful-benchmarker/validator_tests/plot_ranks_vs_acc.py,A line with 141 chars in main_fn exceeds the maximum length of 120 characters.
KevinMusgrave_powerful-benchmarker.validator_tests,plot_ranks_vs_acc,,Long statement,main_fn,274,/Volumes/BrokeExt/NICHE/KevinMusgrave_powerful-benchmarker/validator_tests/plot_ranks_vs_acc.py,A line with 156 chars in main_fn exceeds the maximum length of 120 characters.
KevinMusgrave_powerful-benchmarker.validator_tests,plot_ranks_vs_acc,,Magic number,main_fn,248,/Volumes/BrokeExt/NICHE/KevinMusgrave_powerful-benchmarker/validator_tests/plot_ranks_vs_acc.py,Magic number 20 used in main_fn.
KevinMusgrave_powerful-benchmarker.validator_tests,plot_resilience_to_noise,,Long statement,save_plot,19,/Volumes/BrokeExt/NICHE/KevinMusgrave_powerful-benchmarker/validator_tests/plot_resilience_to_noise.py,A line with 149 chars in save_plot exceeds the maximum length of 120 characters.
KevinMusgrave_powerful-benchmarker.validator_tests,plot_resilience_to_noise,,Magic number,save_plot,9,/Volumes/BrokeExt/NICHE/KevinMusgrave_powerful-benchmarker/validator_tests/plot_resilience_to_noise.py,Magic number 100 used in save_plot.
KevinMusgrave_powerful-benchmarker.validator_tests,plot_resilience_to_noise,,Magic number,save_plot,9,/Volumes/BrokeExt/NICHE/KevinMusgrave_powerful-benchmarker/validator_tests/plot_resilience_to_noise.py,Magic number 10 used in save_plot.
KevinMusgrave_powerful-benchmarker.validator_tests,plotly_test,,Long method,create_plot,42 - 91,/Volumes/BrokeExt/NICHE/KevinMusgrave_powerful-benchmarker/validator_tests/plotly_test.py,Method 'create_plot' is too long (47 lines).
KevinMusgrave_powerful-benchmarker.validator_tests,plotly_test,,Long statement,create_plot,46,/Volumes/BrokeExt/NICHE/KevinMusgrave_powerful-benchmarker/validator_tests/plotly_test.py,A line with 125 chars in create_plot exceeds the maximum length of 120 characters.
KevinMusgrave_powerful-benchmarker.validator_tests,plotly_test,,Long statement,create_plot,61,/Volumes/BrokeExt/NICHE/KevinMusgrave_powerful-benchmarker/validator_tests/plotly_test.py,A line with 241 chars in create_plot exceeds the maximum length of 120 characters.
KevinMusgrave_powerful-benchmarker.validator_tests,plotly_test,,Long statement,create_plot,74,/Volumes/BrokeExt/NICHE/KevinMusgrave_powerful-benchmarker/validator_tests/plotly_test.py,A line with 241 chars in create_plot exceeds the maximum length of 120 characters.
KevinMusgrave_powerful-benchmarker.validator_tests,process_df,,Long method,copy_epoch_0_rows,129 - 172,/Volumes/BrokeExt/NICHE/KevinMusgrave_powerful-benchmarker/validator_tests/process_df.py,Method 'copy_epoch_0_rows' is too long (41 lines).
KevinMusgrave_powerful-benchmarker.validator_tests,process_df,,Long statement,unused_bnm_args,24,/Volumes/BrokeExt/NICHE/KevinMusgrave_powerful-benchmarker/validator_tests/process_df.py,A line with 282 chars in unused_bnm_args exceeds the maximum length of 120 characters.
KevinMusgrave_powerful-benchmarker.validator_tests,process_df,,Long statement,unused_mmdperclass_args,35,/Volumes/BrokeExt/NICHE/KevinMusgrave_powerful-benchmarker/validator_tests/process_df.py,A line with 156 chars in unused_mmdperclass_args exceeds the maximum length of 120 characters.
KevinMusgrave_powerful-benchmarker.validator_tests,process_df,,Long statement,filter_validators,67,/Volumes/BrokeExt/NICHE/KevinMusgrave_powerful-benchmarker/validator_tests/process_df.py,A line with 128 chars in filter_validators exceeds the maximum length of 120 characters.
KevinMusgrave_powerful-benchmarker.validator_tests,process_df,,Magic number,expected_num_validators,42,/Volumes/BrokeExt/NICHE/KevinMusgrave_powerful-benchmarker/validator_tests/process_df.py,Magic number 8 used in expected_num_validators.
KevinMusgrave_powerful-benchmarker.validator_tests,process_df,,Magic number,expected_num_validators,43,/Volumes/BrokeExt/NICHE/KevinMusgrave_powerful-benchmarker/validator_tests/process_df.py,Magic number 3 used in expected_num_validators.
KevinMusgrave_powerful-benchmarker.validator_tests,process_df,,Magic number,expected_num_validators,45,/Volumes/BrokeExt/NICHE/KevinMusgrave_powerful-benchmarker/validator_tests/process_df.py,Magic number 9 used in expected_num_validators.
KevinMusgrave_powerful-benchmarker.validator_tests,process_df,,Magic number,expected_num_validators,46,/Volumes/BrokeExt/NICHE/KevinMusgrave_powerful-benchmarker/validator_tests/process_df.py,Magic number 12 used in expected_num_validators.
KevinMusgrave_powerful-benchmarker.validator_tests,process_df,,Magic number,expected_num_validators,47,/Volumes/BrokeExt/NICHE/KevinMusgrave_powerful-benchmarker/validator_tests/process_df.py,Magic number 8 used in expected_num_validators.
KevinMusgrave_powerful-benchmarker.validator_tests,process_df,,Magic number,expected_num_validators,48,/Volumes/BrokeExt/NICHE/KevinMusgrave_powerful-benchmarker/validator_tests/process_df.py,Magic number 8 used in expected_num_validators.
KevinMusgrave_powerful-benchmarker.validator_tests,process_df,,Magic number,expected_num_validators,51,/Volumes/BrokeExt/NICHE/KevinMusgrave_powerful-benchmarker/validator_tests/process_df.py,Magic number 3 used in expected_num_validators.
KevinMusgrave_powerful-benchmarker.validator_tests,run_validators,,Complex method,launcher,129 - 164,/Volumes/BrokeExt/NICHE/KevinMusgrave_powerful-benchmarker/validator_tests/run_validators.py,"Method 'launcher' has a cyclomatic complexity of 9, exceeding the max of 6."
KevinMusgrave_powerful-benchmarker.validator_tests,run_validators,,Long parameter list,remove_completed_flags,93 - 122,/Volumes/BrokeExt/NICHE/KevinMusgrave_powerful-benchmarker/validator_tests/run_validators.py,"remove_completed_flags has 6 parameters, exceeding the max of 5."
KevinMusgrave_powerful-benchmarker.validator_tests,run_validators,,Long statement,remove_completed_flags,107,/Volumes/BrokeExt/NICHE/KevinMusgrave_powerful-benchmarker/validator_tests/run_validators.py,A line with 146 chars in remove_completed_flags exceeds the maximum length of 120 characters.
KevinMusgrave_powerful-benchmarker.validator_tests,run_validators,,Long statement,launcher,136,/Volumes/BrokeExt/NICHE/KevinMusgrave_powerful-benchmarker/validator_tests/run_validators.py,A line with 125 chars in launcher exceeds the maximum length of 120 characters.
KevinMusgrave_powerful-benchmarker.validator_tests,run_validators,,Magic number,get_trial_ranges,30,/Volumes/BrokeExt/NICHE/KevinMusgrave_powerful-benchmarker/validator_tests/run_validators.py,Magic number 100 used in get_trial_ranges.
KevinMusgrave_powerful-benchmarker.validator_tests,save_resilience_to_noise_dfs,,Long statement,save_df,64,/Volumes/BrokeExt/NICHE/KevinMusgrave_powerful-benchmarker/validator_tests/save_resilience_to_noise_dfs.py,A line with 143 chars in save_df exceeds the maximum length of 120 characters.
KevinMusgrave_powerful-benchmarker.validator_tests,save_resilience_to_noise_dfs,,Long statement,save_df,72,/Volumes/BrokeExt/NICHE/KevinMusgrave_powerful-benchmarker/validator_tests/save_resilience_to_noise_dfs.py,A line with 123 chars in save_df exceeds the maximum length of 120 characters.
KevinMusgrave_powerful-benchmarker.validator_tests,save_resilience_to_noise_dfs,,Magic number,save_df,55,/Volumes/BrokeExt/NICHE/KevinMusgrave_powerful-benchmarker/validator_tests/save_resilience_to_noise_dfs.py,Magic number 5 used in save_df.
KevinMusgrave_powerful-benchmarker.validator_tests,save_resilience_to_noise_dfs,,Magic number,save_df,55,/Volumes/BrokeExt/NICHE/KevinMusgrave_powerful-benchmarker/validator_tests/save_resilience_to_noise_dfs.py,Magic number 10 used in save_df.
KevinMusgrave_powerful-benchmarker.validator_tests,save_resilience_to_noise_dfs,,Magic number,save_df,55,/Volumes/BrokeExt/NICHE/KevinMusgrave_powerful-benchmarker/validator_tests/save_resilience_to_noise_dfs.py,Magic number 50 used in save_df.
KevinMusgrave_powerful-benchmarker.validator_tests,save_resilience_to_noise_dfs,,Magic number,save_df,55,/Volumes/BrokeExt/NICHE/KevinMusgrave_powerful-benchmarker/validator_tests/save_resilience_to_noise_dfs.py,Magic number 100 used in save_df.
KevinMusgrave_powerful-benchmarker.validator_tests,save_resilience_to_noise_dfs,,Magic number,save_df,55,/Volumes/BrokeExt/NICHE/KevinMusgrave_powerful-benchmarker/validator_tests/save_resilience_to_noise_dfs.py,Magic number 500 used in save_df.
KevinMusgrave_powerful-benchmarker.validator_tests,save_resilience_to_noise_dfs,,Magic number,save_df,55,/Volumes/BrokeExt/NICHE/KevinMusgrave_powerful-benchmarker/validator_tests/save_resilience_to_noise_dfs.py,Magic number 1000 used in save_df.
KevinMusgrave_powerful-benchmarker.validator_tests,save_resilience_to_noise_dfs,,Magic number,save_df,55,/Volumes/BrokeExt/NICHE/KevinMusgrave_powerful-benchmarker/validator_tests/save_resilience_to_noise_dfs.py,Magic number 5000 used in save_df.
KevinMusgrave_powerful-benchmarker.validator_tests,subset_exp,,Complex method,eval_subsets,68 - 108,/Volumes/BrokeExt/NICHE/KevinMusgrave_powerful-benchmarker/validator_tests/subset_exp.py,"Method 'eval_subsets' has a cyclomatic complexity of 7, exceeding the max of 6."
KevinMusgrave_powerful-benchmarker.validator_tests,subset_exp,,Long method,eval_subsets,68 - 108,/Volumes/BrokeExt/NICHE/KevinMusgrave_powerful-benchmarker/validator_tests/subset_exp.py,Method 'eval_subsets' is too long (41 lines).
KevinMusgrave_powerful-benchmarker.validator_tests,subset_exp,,Long statement,metric_filenames,31,/Volumes/BrokeExt/NICHE/KevinMusgrave_powerful-benchmarker/validator_tests/subset_exp.py,A line with 534 chars in metric_filenames exceeds the maximum length of 120 characters.
KevinMusgrave_powerful-benchmarker.validator_tests,synthetic_correlation_example,,Long method,main,73 - 120,/Volumes/BrokeExt/NICHE/KevinMusgrave_powerful-benchmarker/validator_tests/synthetic_correlation_example.py,Method 'main' is too long (49 lines).
KevinMusgrave_powerful-benchmarker.validator_tests,synthetic_correlation_example,,Magic number,step_example,35,/Volumes/BrokeExt/NICHE/KevinMusgrave_powerful-benchmarker/validator_tests/synthetic_correlation_example.py,Magic number 10000 used in step_example.
KevinMusgrave_powerful-benchmarker.validator_tests,synthetic_correlation_example,,Magic number,outliers_example1,44,/Volumes/BrokeExt/NICHE/KevinMusgrave_powerful-benchmarker/validator_tests/synthetic_correlation_example.py,Magic number 10000 used in outliers_example1.
KevinMusgrave_powerful-benchmarker.validator_tests,synthetic_correlation_example,,Magic number,outliers_example1,48,/Volumes/BrokeExt/NICHE/KevinMusgrave_powerful-benchmarker/validator_tests/synthetic_correlation_example.py,Magic number 10 used in outliers_example1.
KevinMusgrave_powerful-benchmarker.validator_tests,synthetic_correlation_example,,Magic number,outliers_example1,48,/Volumes/BrokeExt/NICHE/KevinMusgrave_powerful-benchmarker/validator_tests/synthetic_correlation_example.py,Magic number 1000 used in outliers_example1.
KevinMusgrave_powerful-benchmarker.validator_tests,synthetic_correlation_example,,Magic number,outliers_example2,54,/Volumes/BrokeExt/NICHE/KevinMusgrave_powerful-benchmarker/validator_tests/synthetic_correlation_example.py,Magic number 10000 used in outliers_example2.
KevinMusgrave_powerful-benchmarker.validator_tests,synthetic_correlation_example,,Magic number,outliers_example2,58,/Volumes/BrokeExt/NICHE/KevinMusgrave_powerful-benchmarker/validator_tests/synthetic_correlation_example.py,Magic number 10 used in outliers_example2.
KevinMusgrave_powerful-benchmarker.validator_tests,synthetic_correlation_example,,Magic number,outliers_example2,58,/Volumes/BrokeExt/NICHE/KevinMusgrave_powerful-benchmarker/validator_tests/synthetic_correlation_example.py,Magic number 1000 used in outliers_example2.
KevinMusgrave_powerful-benchmarker.validator_tests,synthetic_correlation_example,,Magic number,noise_example,64,/Volumes/BrokeExt/NICHE/KevinMusgrave_powerful-benchmarker/validator_tests/synthetic_correlation_example.py,Magic number 40000 used in noise_example.
KevinMusgrave_powerful-benchmarker.validator_tests,synthetic_correlation_example,,Magic number,noise_example,66,/Volumes/BrokeExt/NICHE/KevinMusgrave_powerful-benchmarker/validator_tests/synthetic_correlation_example.py,Magic number 2 used in noise_example.
KevinMusgrave_powerful-benchmarker.validator_tests,synthetic_correlation_example,,Magic number,noise_example,68,/Volumes/BrokeExt/NICHE/KevinMusgrave_powerful-benchmarker/validator_tests/synthetic_correlation_example.py,Magic number 0.5 used in noise_example.
KevinMusgrave_powerful-benchmarker.validator_tests,synthetic_correlation_example,,Magic number,noise_example,69,/Volumes/BrokeExt/NICHE/KevinMusgrave_powerful-benchmarker/validator_tests/synthetic_correlation_example.py,Magic number 0.5 used in noise_example.
KevinMusgrave_powerful-benchmarker.validator_tests,synthetic_correlation_example,,Magic number,main,100,/Volumes/BrokeExt/NICHE/KevinMusgrave_powerful-benchmarker/validator_tests/synthetic_correlation_example.py,Magic number 2 used in main.
KevinMusgrave_powerful-benchmarker.validator_tests,synthetic_correlation_example,,Magic number,main,102,/Volumes/BrokeExt/NICHE/KevinMusgrave_powerful-benchmarker/validator_tests/synthetic_correlation_example.py,Magic number 0.2 used in main.
KevinMusgrave_powerful-benchmarker.validator_tests,synthetic_correlation_example,,Magic number,main,101,/Volumes/BrokeExt/NICHE/KevinMusgrave_powerful-benchmarker/validator_tests/synthetic_correlation_example.py,Magic number 10 used in main.
KevinMusgrave_powerful-benchmarker.validator_tests,synthetic_correlation_example,,Magic number,main,101,/Volumes/BrokeExt/NICHE/KevinMusgrave_powerful-benchmarker/validator_tests/synthetic_correlation_example.py,Magic number 10 used in main.
KevinMusgrave_powerful-benchmarker.validator_tests,where_nan,,Magic number,main,20,/Volumes/BrokeExt/NICHE/KevinMusgrave_powerful-benchmarker/validator_tests/where_nan.py,Magic number 100 used in main.
KevinMusgrave_powerful-benchmarker.validator_tests.configs,accuracy_config,Accuracy,Long statement,actual_init,14,/Volumes/BrokeExt/NICHE/KevinMusgrave_powerful-benchmarker/validator_tests/configs/accuracy_config.py,A line with 193 chars in actual_init exceeds the maximum length of 120 characters.
KevinMusgrave_powerful-benchmarker.validator_tests.configs,base_config,,Long identifier,pass_src_and_target_to_validator,39,/Volumes/BrokeExt/NICHE/KevinMusgrave_powerful-benchmarker/validator_tests/configs/base_config.py,Identifier'pass_src_and_target_to_validator' exceeds the maximum length of 30 characters.
KevinMusgrave_powerful-benchmarker.validator_tests.configs,base_config,,Long parameter list,use_src_and_target,31 - 35,/Volumes/BrokeExt/NICHE/KevinMusgrave_powerful-benchmarker/validator_tests/configs/base_config.py,"use_src_and_target has 6 parameters, exceeding the max of 5."
KevinMusgrave_powerful-benchmarker.validator_tests.configs,base_config,,Long parameter list,pass_src_and_target_to_validator,39 - 50,/Volumes/BrokeExt/NICHE/KevinMusgrave_powerful-benchmarker/validator_tests/configs/base_config.py,"pass_src_and_target_to_validator has 7 parameters, exceeding the max of 5."
KevinMusgrave_powerful-benchmarker.validator_tests.configs,base_config,,Long parameter list,use_labels_and_logits,56 - 67,/Volumes/BrokeExt/NICHE/KevinMusgrave_powerful-benchmarker/validator_tests/configs/base_config.py,"use_labels_and_logits has 6 parameters, exceeding the max of 5."
KevinMusgrave_powerful-benchmarker.validator_tests.configs,base_config,,Long statement,pass_src_and_target_to_validator,42,/Volumes/BrokeExt/NICHE/KevinMusgrave_powerful-benchmarker/validator_tests/configs/base_config.py,A line with 180 chars in pass_src_and_target_to_validator exceeds the maximum length of 120 characters.
KevinMusgrave_powerful-benchmarker.validator_tests.configs,cluster_config,DomainCluster,Long statement,create_validator,21,/Volumes/BrokeExt/NICHE/KevinMusgrave_powerful-benchmarker/validator_tests/configs/cluster_config.py,A line with 239 chars in create_validator exceeds the maximum length of 120 characters.
KevinMusgrave_powerful-benchmarker.validator_tests.configs,cluster_config,ClassAMI,Long statement,create_validator,63,/Volumes/BrokeExt/NICHE/KevinMusgrave_powerful-benchmarker/validator_tests/configs/cluster_config.py,A line with 381 chars in create_validator exceeds the maximum length of 120 characters.
KevinMusgrave_powerful-benchmarker.validator_tests.configs,dev_config,DEV,Long statement,__init__,13,/Volumes/BrokeExt/NICHE/KevinMusgrave_powerful-benchmarker/validator_tests/configs/dev_config.py,A line with 142 chars in __init__ exceeds the maximum length of 120 characters.
KevinMusgrave_powerful-benchmarker.validator_tests.configs,dev_config,DEV,Long statement,score,26,/Volumes/BrokeExt/NICHE/KevinMusgrave_powerful-benchmarker/validator_tests/configs/dev_config.py,A line with 180 chars in score exceeds the maximum length of 120 characters.
KevinMusgrave_powerful-benchmarker.validator_tests.configs,knn_config,KNN,Long statement,__init__,23,/Volumes/BrokeExt/NICHE/KevinMusgrave_powerful-benchmarker/validator_tests/configs/knn_config.py,A line with 131 chars in __init__ exceeds the maximum length of 120 characters.
KevinMusgrave_powerful-benchmarker.validator_tests.configs,knn_config,KNN,Long statement,create_validator,45,/Volumes/BrokeExt/NICHE/KevinMusgrave_powerful-benchmarker/validator_tests/configs/knn_config.py,A line with 224 chars in create_validator exceeds the maximum length of 120 characters.
KevinMusgrave_powerful-benchmarker.validator_tests.configs,knn_config,TargetKNN,Long statement,create_validator,81,/Volumes/BrokeExt/NICHE/KevinMusgrave_powerful-benchmarker/validator_tests/configs/knn_config.py,A line with 281 chars in create_validator exceeds the maximum length of 120 characters.
KevinMusgrave_powerful-benchmarker.validator_tests.configs,knn_config,KNN,Magic number,create_validator,44,/Volumes/BrokeExt/NICHE/KevinMusgrave_powerful-benchmarker/validator_tests/configs/knn_config.py,Magic number 256 used in create_validator.
KevinMusgrave_powerful-benchmarker.validator_tests.configs,knn_config,KNN,Magic number,create_validator,44,/Volumes/BrokeExt/NICHE/KevinMusgrave_powerful-benchmarker/validator_tests/configs/knn_config.py,Magic number 1000 used in create_validator.
KevinMusgrave_powerful-benchmarker.validator_tests.configs,knn_config,TargetKNN,Magic number,create_validator,80,/Volumes/BrokeExt/NICHE/KevinMusgrave_powerful-benchmarker/validator_tests/configs/knn_config.py,Magic number 256 used in create_validator.
KevinMusgrave_powerful-benchmarker.validator_tests.configs,knn_config,TargetKNN,Magic number,create_validator,80,/Volumes/BrokeExt/NICHE/KevinMusgrave_powerful-benchmarker/validator_tests/configs/knn_config.py,Magic number 1000 used in create_validator.
KevinMusgrave_powerful-benchmarker.validator_tests.configs,mmd_config,MMD,Long statement,__init__,22,/Volumes/BrokeExt/NICHE/KevinMusgrave_powerful-benchmarker/validator_tests/configs/mmd_config.py,A line with 199 chars in __init__ exceeds the maximum length of 120 characters.
KevinMusgrave_powerful-benchmarker.validator_tests.configs,mmd_config,MMD,Magic number,get_mmd_kwargs,47,/Volumes/BrokeExt/NICHE/KevinMusgrave_powerful-benchmarker/validator_tests/configs/mmd_config.py,Magic number 2 used in get_mmd_kwargs.
KevinMusgrave_powerful-benchmarker.validator_tests.configs,nearest_source_config,,Long statement,get_score,11,/Volumes/BrokeExt/NICHE/KevinMusgrave_powerful-benchmarker/validator_tests/configs/nearest_source_config.py,A line with 128 chars in get_score exceeds the maximum length of 120 characters.
KevinMusgrave_powerful-benchmarker.validator_tests.configs,nearest_source_config,NearestSource,Long statement,__init__,27,/Volumes/BrokeExt/NICHE/KevinMusgrave_powerful-benchmarker/validator_tests/configs/nearest_source_config.py,A line with 143 chars in __init__ exceeds the maximum length of 120 characters.
KevinMusgrave_powerful-benchmarker.validator_tests.flags,cluster,,Long statement,ClassAMI,24,/Volumes/BrokeExt/NICHE/KevinMusgrave_powerful-benchmarker/validator_tests/flags/cluster.py,A line with 142 chars in ClassAMI exceeds the maximum length of 120 characters.
KevinMusgrave_powerful-benchmarker.validator_tests.flags,cluster,,Magic number,DomainCluster,5,/Volumes/BrokeExt/NICHE/KevinMusgrave_powerful-benchmarker/validator_tests/flags/cluster.py,Magic number 2 used in DomainCluster.
KevinMusgrave_powerful-benchmarker.validator_tests.flags,cluster,,Magic number,ClassAMI,22,/Volumes/BrokeExt/NICHE/KevinMusgrave_powerful-benchmarker/validator_tests/flags/cluster.py,Magic number 2 used in ClassAMI.
KevinMusgrave_powerful-benchmarker.validator_tests.flags,knn,,Long statement,KNN,7,/Volumes/BrokeExt/NICHE/KevinMusgrave_powerful-benchmarker/validator_tests/flags/knn.py,A line with 123 chars in KNN exceeds the maximum length of 120 characters.
KevinMusgrave_powerful-benchmarker.validator_tests.flags,knn,,Long statement,TargetKNN,26,/Volumes/BrokeExt/NICHE/KevinMusgrave_powerful-benchmarker/validator_tests/flags/knn.py,A line with 140 chars in TargetKNN exceeds the maximum length of 120 characters.
KevinMusgrave_powerful-benchmarker.validator_tests.flags,knn,,Magic number,KNN,4,/Volumes/BrokeExt/NICHE/KevinMusgrave_powerful-benchmarker/validator_tests/flags/knn.py,Magic number 1000 used in KNN.
KevinMusgrave_powerful-benchmarker.validator_tests.flags,knn,,Magic number,KNN,5,/Volumes/BrokeExt/NICHE/KevinMusgrave_powerful-benchmarker/validator_tests/flags/knn.py,Magic number 2 used in KNN.
KevinMusgrave_powerful-benchmarker.validator_tests.flags,knn,,Magic number,TargetKNN,22,/Volumes/BrokeExt/NICHE/KevinMusgrave_powerful-benchmarker/validator_tests/flags/knn.py,Magic number 1000 used in TargetKNN.
KevinMusgrave_powerful-benchmarker.validator_tests.flags,knn,,Magic number,TargetKNN,23,/Volumes/BrokeExt/NICHE/KevinMusgrave_powerful-benchmarker/validator_tests/flags/knn.py,Magic number 2 used in TargetKNN.
KevinMusgrave_powerful-benchmarker.validator_tests.flags,mcc,,Magic number,MCC,4,/Volumes/BrokeExt/NICHE/KevinMusgrave_powerful-benchmarker/validator_tests/flags/mcc.py,Magic number 0.1 used in MCC.
KevinMusgrave_powerful-benchmarker.validator_tests.flags,mcc,,Magic number,MCC,4,/Volumes/BrokeExt/NICHE/KevinMusgrave_powerful-benchmarker/validator_tests/flags/mcc.py,Magic number 10 used in MCC.
KevinMusgrave_powerful-benchmarker.validator_tests.flags,mmd,,Long statement,MMD,6,/Volumes/BrokeExt/NICHE/KevinMusgrave_powerful-benchmarker/validator_tests/flags/mmd.py,A line with 124 chars in MMD exceeds the maximum length of 120 characters.
KevinMusgrave_powerful-benchmarker.validator_tests.flags,nearest_source,,Magic number,NearestSource,4,/Volumes/BrokeExt/NICHE/KevinMusgrave_powerful-benchmarker/validator_tests/flags/nearest_source.py,Magic number 2 used in NearestSource.
KevinMusgrave_powerful-benchmarker.validator_tests.flags,snd,,Magic number,SND,4,/Volumes/BrokeExt/NICHE/KevinMusgrave_powerful-benchmarker/validator_tests/flags/snd.py,Magic number 0.01 used in SND.
KevinMusgrave_powerful-benchmarker.validator_tests.flags,snd,,Magic number,SND,4,/Volumes/BrokeExt/NICHE/KevinMusgrave_powerful-benchmarker/validator_tests/flags/snd.py,Magic number 0.05 used in SND.
KevinMusgrave_powerful-benchmarker.validator_tests.flags,snd,,Magic number,SND,4,/Volumes/BrokeExt/NICHE/KevinMusgrave_powerful-benchmarker/validator_tests/flags/snd.py,Magic number 0.1 used in SND.
KevinMusgrave_powerful-benchmarker.validator_tests.flags,snd,,Magic number,SND,4,/Volumes/BrokeExt/NICHE/KevinMusgrave_powerful-benchmarker/validator_tests/flags/snd.py,Magic number 0.5 used in SND.
KevinMusgrave_powerful-benchmarker.validator_tests.scripts,delete_DEV_folders,,Complex method,main,13 - 28,/Volumes/BrokeExt/NICHE/KevinMusgrave_powerful-benchmarker/validator_tests/scripts/delete_DEV_folders.py,"Method 'main' has a cyclomatic complexity of 7, exceeding the max of 6."
KevinMusgrave_powerful-benchmarker.validator_tests.scripts,run,,Long method,main,5 - 51,/Volumes/BrokeExt/NICHE/KevinMusgrave_powerful-benchmarker/validator_tests/scripts/run.py,Method 'main' is too long (44 lines).
KevinMusgrave_powerful-benchmarker.validator_tests.scripts,run,,Long statement,main,6,/Volumes/BrokeExt/NICHE/KevinMusgrave_powerful-benchmarker/validator_tests/scripts/run.py,A line with 544 chars in main exceeds the maximum length of 120 characters.
KevinMusgrave_powerful-benchmarker.validator_tests.scripts,run,,Long statement,main,50,/Volumes/BrokeExt/NICHE/KevinMusgrave_powerful-benchmarker/validator_tests/scripts/run.py,A line with 133 chars in main exceeds the maximum length of 120 characters.
KevinMusgrave_powerful-benchmarker.validator_tests.utils,create_main,,Complex method,main,14 - 39,/Volumes/BrokeExt/NICHE/KevinMusgrave_powerful-benchmarker/validator_tests/utils/create_main.py,"Method 'main' has a cyclomatic complexity of 7, exceeding the max of 6."
KevinMusgrave_powerful-benchmarker.validator_tests.utils,df_utils,,Complex method,get_exp_groups_with_matching_tasks,229 - 252,/Volumes/BrokeExt/NICHE/KevinMusgrave_powerful-benchmarker/validator_tests/utils/df_utils.py,"Method 'get_exp_groups_with_matching_tasks' has a cyclomatic complexity of 8, exceeding the max of 6."
KevinMusgrave_powerful-benchmarker.validator_tests.utils,df_utils,,Long identifier,get_exp_groups_with_matching_tasks,229,/Volumes/BrokeExt/NICHE/KevinMusgrave_powerful-benchmarker/validator_tests/utils/df_utils.py,Identifier'get_exp_groups_with_matching_tasks' exceeds the maximum length of 30 characters.
KevinMusgrave_powerful-benchmarker.validator_tests.utils,df_utils,,Long statement,drop_irrelevant_columns,85,/Volumes/BrokeExt/NICHE/KevinMusgrave_powerful-benchmarker/validator_tests/utils/df_utils.py,A line with 202 chars in drop_irrelevant_columns exceeds the maximum length of 120 characters.
KevinMusgrave_powerful-benchmarker.validator_tests.utils,df_utils,,Long statement,get_name_from_df,190,/Volumes/BrokeExt/NICHE/KevinMusgrave_powerful-benchmarker/validator_tests/utils/df_utils.py,A line with 459 chars in get_name_from_df exceeds the maximum length of 120 characters.
KevinMusgrave_powerful-benchmarker.validator_tests.utils,plot_score_vs_epoch,,Long parameter list,line_plot,9 - 34,/Volumes/BrokeExt/NICHE/KevinMusgrave_powerful-benchmarker/validator_tests/utils/plot_score_vs_epoch.py,"line_plot has 7 parameters, exceeding the max of 5."
KevinMusgrave_powerful-benchmarker.validator_tests.utils,plot_score_vs_epoch,,Long parameter list,plot_score_vs_epoch,53 - 73,/Volumes/BrokeExt/NICHE/KevinMusgrave_powerful-benchmarker/validator_tests/utils/plot_score_vs_epoch.py,"plot_score_vs_epoch has 7 parameters, exceeding the max of 5."
KevinMusgrave_powerful-benchmarker.validator_tests.utils,plot_score_vs_epoch,,Long statement,plot_score_vs_epoch,65,/Volumes/BrokeExt/NICHE/KevinMusgrave_powerful-benchmarker/validator_tests/utils/plot_score_vs_epoch.py,A line with 137 chars in plot_score_vs_epoch exceeds the maximum length of 120 characters.
KevinMusgrave_powerful-benchmarker.validator_tests.utils,plot_score_vs_epoch,,Magic number,line_plot,15,/Volumes/BrokeExt/NICHE/KevinMusgrave_powerful-benchmarker/validator_tests/utils/plot_score_vs_epoch.py,Magic number 0.8 used in line_plot.
KevinMusgrave_powerful-benchmarker.validator_tests.utils,plot_score_vs_epoch,,Magic number,line_plot,16,/Volumes/BrokeExt/NICHE/KevinMusgrave_powerful-benchmarker/validator_tests/utils/plot_score_vs_epoch.py,Magic number 4.8 used in line_plot.
KevinMusgrave_powerful-benchmarker.validator_tests.utils,plot_score_vs_epoch,,Magic number,line_plot,16,/Volumes/BrokeExt/NICHE/KevinMusgrave_powerful-benchmarker/validator_tests/utils/plot_score_vs_epoch.py,Magic number 4.8 used in line_plot.
KevinMusgrave_powerful-benchmarker.validator_tests.utils,plot_utils,,Complex method,plot_loop,39 - 99,/Volumes/BrokeExt/NICHE/KevinMusgrave_powerful-benchmarker/validator_tests/utils/plot_utils.py,"Method 'plot_loop' has a cyclomatic complexity of 14, exceeding the max of 6."
KevinMusgrave_powerful-benchmarker.validator_tests.utils,plot_utils,,Long method,plot_loop,39 - 99,/Volumes/BrokeExt/NICHE/KevinMusgrave_powerful-benchmarker/validator_tests/utils/plot_utils.py,Method 'plot_loop' is too long (49 lines).
KevinMusgrave_powerful-benchmarker.validator_tests.utils,plot_utils,,Long parameter list,plot_loop,39 - 99,/Volumes/BrokeExt/NICHE/KevinMusgrave_powerful-benchmarker/validator_tests/utils/plot_utils.py,"plot_loop has 11 parameters, exceeding the max of 5."
KevinMusgrave_powerful-benchmarker.validator_tests.utils,plot_utils,,Long parameter list,filter_and_plot,102 - 146,/Volumes/BrokeExt/NICHE/KevinMusgrave_powerful-benchmarker/validator_tests/utils/plot_utils.py,"filter_and_plot has 8 parameters, exceeding the max of 5."
KevinMusgrave_powerful-benchmarker.validator_tests.utils,plot_utils,,Long statement,filter_and_plot,136,/Volumes/BrokeExt/NICHE/KevinMusgrave_powerful-benchmarker/validator_tests/utils/plot_utils.py,A line with 259 chars in filter_and_plot exceeds the maximum length of 120 characters.
KevinMusgrave_powerful-benchmarker.validator_tests.utils,plot_val_vs_acc,,Complex method,_scatter_plot,11 - 56,/Volumes/BrokeExt/NICHE/KevinMusgrave_powerful-benchmarker/validator_tests/utils/plot_val_vs_acc.py,"Method '_scatter_plot' has a cyclomatic complexity of 8, exceeding the max of 6."
KevinMusgrave_powerful-benchmarker.validator_tests.utils,plot_val_vs_acc,,Long identifier,get_score_vs_target_accuracy_fn,69,/Volumes/BrokeExt/NICHE/KevinMusgrave_powerful-benchmarker/validator_tests/utils/plot_val_vs_acc.py,Identifier'get_score_vs_target_accuracy_fn' exceeds the maximum length of 30 characters.
KevinMusgrave_powerful-benchmarker.validator_tests.utils,plot_val_vs_acc,,Long parameter list,_scatter_plot,11 - 56,/Volumes/BrokeExt/NICHE/KevinMusgrave_powerful-benchmarker/validator_tests/utils/plot_val_vs_acc.py,"_scatter_plot has 17 parameters, exceeding the max of 5."
KevinMusgrave_powerful-benchmarker.validator_tests.utils,plot_val_vs_acc,,Long parameter list,plot_val_vs_acc,87 - 107,/Volumes/BrokeExt/NICHE/KevinMusgrave_powerful-benchmarker/validator_tests/utils/plot_val_vs_acc.py,"plot_val_vs_acc has 7 parameters, exceeding the max of 5."
KevinMusgrave_powerful-benchmarker.validator_tests.utils,plot_val_vs_acc,,Long statement,plot_val_vs_acc,99,/Volumes/BrokeExt/NICHE/KevinMusgrave_powerful-benchmarker/validator_tests/utils/plot_val_vs_acc.py,A line with 147 chars in plot_val_vs_acc exceeds the maximum length of 120 characters.
KevinMusgrave_powerful-benchmarker.validator_tests.utils,plot_val_vs_acc,,Magic number,_scatter_plot,18,/Volumes/BrokeExt/NICHE/KevinMusgrave_powerful-benchmarker/validator_tests/utils/plot_val_vs_acc.py,Magic number 0.1 used in _scatter_plot.
KevinMusgrave_powerful-benchmarker.validator_tests.utils,plot_val_vs_acc,,Magic number,_scatter_plot,19,/Volumes/BrokeExt/NICHE/KevinMusgrave_powerful-benchmarker/validator_tests/utils/plot_val_vs_acc.py,Magic number 0.8 used in _scatter_plot.
KevinMusgrave_powerful-benchmarker.validator_tests.utils,plot_val_vs_acc,,Magic number,_scatter_plot,20,/Volumes/BrokeExt/NICHE/KevinMusgrave_powerful-benchmarker/validator_tests/utils/plot_val_vs_acc.py,Magic number 4.8 used in _scatter_plot.
KevinMusgrave_powerful-benchmarker.validator_tests.utils,plot_val_vs_acc,,Magic number,_scatter_plot,20,/Volumes/BrokeExt/NICHE/KevinMusgrave_powerful-benchmarker/validator_tests/utils/plot_val_vs_acc.py,Magic number 4.8 used in _scatter_plot.
KevinMusgrave_powerful-benchmarker.validator_tests.utils,utils,,Complex method,filter_exp_groups,118 - 131,/Volumes/BrokeExt/NICHE/KevinMusgrave_powerful-benchmarker/validator_tests/utils/utils.py,"Method 'filter_exp_groups' has a cyclomatic complexity of 12, exceeding the max of 6."
KevinMusgrave_powerful-benchmarker.validator_tests.utils,utils,,Empty catch block,get_condition_fn,29,/Volumes/BrokeExt/NICHE/KevinMusgrave_powerful-benchmarker/validator_tests/utils/utils.py,Empty catch block found in get_condition_fn.
KevinMusgrave_powerful-benchmarker.validator_tests.utils,utils,,Long statement,get_exp_groups,138,/Volumes/BrokeExt/NICHE/KevinMusgrave_powerful-benchmarker/validator_tests/utils/utils.py,A line with 316 chars in get_exp_groups exceeds the maximum length of 120 characters.
KevinMusgrave_powerful-benchmarker.validator_tests.utils,weighted_spearman,,Long statement,weighted_spearman,31,/Volumes/BrokeExt/NICHE/KevinMusgrave_powerful-benchmarker/validator_tests/utils/weighted_spearman.py,A line with 124 chars in weighted_spearman exceeds the maximum length of 120 characters.
