Package,Module,Class,Function,LOC,CC,PC
amansrivastava17_embedding-as-service.client.embedding_as_service_client,__init__,EmbeddingClient,__init__,5,1,2
amansrivastava17_embedding-as-service.client.embedding_as_service_client,__init__,EmbeddingClient,encode,23,5,4
amansrivastava17_embedding-as-service.client.embedding_as_service_client,__init__,EmbeddingClient,terminate,3,1,0
amansrivastava17_embedding-as-service.client.embedding_as_service_client,__init__,EmbeddingClient,send,4,1,1
amansrivastava17_embedding-as-service.client.embedding_as_service_client,__init__,EmbeddingClient,receive,4,1,0
amansrivastava17_embedding-as-service.client.embedding_as_service_client,__init__,EmbeddingClient,tokenize,9,1,1
amansrivastava17_embedding-as-service.client.tests,test_client,,test_dummy,2,1,0
amansrivastava17_embedding-as-service.server.embedding_as_service,__init__,Server,__init__,5,1,5
amansrivastava17_embedding-as-service.server.embedding_as_service,__init__,Server,start,12,2,0
amansrivastava17_embedding-as-service.server.embedding_as_service,__init__,Worker,__init__,5,1,3
amansrivastava17_embedding-as-service.server.embedding_as_service,__init__,Worker,run,18,2,0
amansrivastava17_embedding-as-service.server.embedding_as_service,__init__,Worker,compute,8,1,1
amansrivastava17_embedding-as-service.server.embedding_as_service,__init__,Worker,encode,12,1,1
amansrivastava17_embedding-as-service.server.embedding_as_service,__init__,Worker,tokenize,4,1,1
amansrivastava17_embedding-as-service.server.embedding_as_service,__init__,,main,11,1,0
amansrivastava17_embedding-as-service.server.embedding_as_service,utils,ArgSingleton,__init__,3,1,4
amansrivastava17_embedding-as-service.server.embedding_as_service,utils,ArgSingleton,__call__,7,2,1
amansrivastava17_embedding-as-service.server.embedding_as_service,utils,,any2unicode,5,1,3
amansrivastava17_embedding-as-service.server.embedding_as_service,utils,,extract_file,18,8,2
amansrivastava17_embedding-as-service.server.embedding_as_service,utils,,tokenizer,7,1,2
amansrivastava17_embedding-as-service.server.embedding_as_service,utils,,home_directory,4,1,0
amansrivastava17_embedding-as-service.server.embedding_as_service,utils,,get_hashed_name,4,1,1
amansrivastava17_embedding-as-service.server.embedding_as_service,utils,,download_from_url,22,3,2
amansrivastava17_embedding-as-service.server.embedding_as_service,utils,,reduce_mean_max,2,1,2
amansrivastava17_embedding-as-service.server.embedding_as_service,utils,,np_first,2,1,2
amansrivastava17_embedding-as-service.server.embedding_as_service,utils,,np_last,2,1,2
amansrivastava17_embedding-as-service.server.embedding_as_service.text,encode,Encoder,__init__,22,4,3
amansrivastava17_embedding-as-service.server.embedding_as_service.text,encode,Encoder,get_supported_embeddings,12,5,0
amansrivastava17_embedding-as-service.server.embedding_as_service.text,encode,Encoder,_get_or_download_model,22,4,1
amansrivastava17_embedding-as-service.server.embedding_as_service.text,encode,Encoder,_load_model,3,1,0
amansrivastava17_embedding-as-service.server.embedding_as_service.text,encode,Encoder,tokenize,10,4,1
amansrivastava17_embedding-as-service.server.embedding_as_service.text,encode,Encoder,encode,15,5,4
amansrivastava17_embedding-as-service.server.embedding_as_service.text.albert,__init__,Embeddings,__init__,8,1,0
amansrivastava17_embedding-as-service.server.embedding_as_service.text.albert,__init__,Embeddings,create_tokenizer_from_hub_module,7,1,0
amansrivastava17_embedding-as-service.server.embedding_as_service.text.albert,__init__,Embeddings,tokenize,2,1,2
amansrivastava17_embedding-as-service.server.embedding_as_service.text.albert,__init__,Embeddings,_model_single_input,26,5,2
amansrivastava17_embedding-as-service.server.embedding_as_service.text.albert,__init__,Embeddings,load_model,28,1,3
amansrivastava17_embedding-as-service.server.embedding_as_service.text.albert,__init__,Embeddings,encode,22,2,3
amansrivastava17_embedding-as-service.server.embedding_as_service.text.albert,tokenization,FullTokenizer,__init__,16,2,3
amansrivastava17_embedding-as-service.server.embedding_as_service.text.albert,tokenization,FullTokenizer,tokenize,9,4,1
amansrivastava17_embedding-as-service.server.embedding_as_service.text.albert,tokenization,FullTokenizer,convert_tokens_to_ids,6,1,1
amansrivastava17_embedding-as-service.server.embedding_as_service.text.albert,tokenization,FullTokenizer,convert_ids_to_tokens,5,1,1
amansrivastava17_embedding-as-service.server.embedding_as_service.text.albert,tokenization,BasicTokenizer,__init__,3,1,1
amansrivastava17_embedding-as-service.server.embedding_as_service.text.albert,tokenization,BasicTokenizer,tokenize,13,3,1
amansrivastava17_embedding-as-service.server.embedding_as_service.text.albert,tokenization,BasicTokenizer,_run_strip_accents,9,3,1
amansrivastava17_embedding-as-service.server.embedding_as_service.text.albert,tokenization,BasicTokenizer,_run_split_on_punc,17,4,1
amansrivastava17_embedding-as-service.server.embedding_as_service.text.albert,tokenization,BasicTokenizer,_tokenize_chinese_chars,11,3,1
amansrivastava17_embedding-as-service.server.embedding_as_service.text.albert,tokenization,BasicTokenizer,_is_chinese_char,11,10,1
amansrivastava17_embedding-as-service.server.embedding_as_service.text.albert,tokenization,BasicTokenizer,_clean_text,11,5,1
amansrivastava17_embedding-as-service.server.embedding_as_service.text.albert,tokenization,WordpieceTokenizer,__init__,4,1,3
amansrivastava17_embedding-as-service.server.embedding_as_service.text.albert,tokenization,WordpieceTokenizer,tokenize,35,9,1
amansrivastava17_embedding-as-service.server.embedding_as_service.text.albert,tokenization,,validate_case_matches_checkpoint,35,7,2
amansrivastava17_embedding-as-service.server.embedding_as_service.text.albert,tokenization,,preprocess_text,14,6,3
amansrivastava17_embedding-as-service.server.embedding_as_service.text.albert,tokenization,,encode_pieces,30,14,4
amansrivastava17_embedding-as-service.server.embedding_as_service.text.albert,tokenization,,encode_ids,4,1,3
amansrivastava17_embedding-as-service.server.embedding_as_service.text.albert,tokenization,,convert_to_unicode,17,4,1
amansrivastava17_embedding-as-service.server.embedding_as_service.text.albert,tokenization,,printable_text,17,4,1
amansrivastava17_embedding-as-service.server.embedding_as_service.text.albert,tokenization,,load_vocab,11,4,1
amansrivastava17_embedding-as-service.server.embedding_as_service.text.albert,tokenization,,convert_by_vocab,5,2,2
amansrivastava17_embedding-as-service.server.embedding_as_service.text.albert,tokenization,,convert_tokens_to_ids,2,1,2
amansrivastava17_embedding-as-service.server.embedding_as_service.text.albert,tokenization,,convert_ids_to_tokens,2,1,2
amansrivastava17_embedding-as-service.server.embedding_as_service.text.albert,tokenization,,whitespace_tokenize,6,1,1
amansrivastava17_embedding-as-service.server.embedding_as_service.text.albert,tokenization,,_is_whitespace,7,2,1
amansrivastava17_embedding-as-service.server.embedding_as_service.text.albert,tokenization,,_is_control,7,2,1
amansrivastava17_embedding-as-service.server.embedding_as_service.text.albert,tokenization,,_is_punctuation,9,6,1
amansrivastava17_embedding-as-service.server.embedding_as_service.text.bert,__init__,Embeddings,__init__,8,1,0
amansrivastava17_embedding-as-service.server.embedding_as_service.text.bert,__init__,Embeddings,tokenize,2,1,2
amansrivastava17_embedding-as-service.server.embedding_as_service.text.bert,__init__,Embeddings,_model_single_input,26,5,2
amansrivastava17_embedding-as-service.server.embedding_as_service.text.bert,__init__,Embeddings,load_model,30,1,3
amansrivastava17_embedding-as-service.server.embedding_as_service.text.bert,__init__,Embeddings,encode,22,2,3
amansrivastava17_embedding-as-service.server.embedding_as_service.text.elmo,__init__,Embeddings,__init__,7,1,0
amansrivastava17_embedding-as-service.server.embedding_as_service.text.elmo,__init__,Embeddings,tokenize,2,1,2
amansrivastava17_embedding-as-service.server.embedding_as_service.text.elmo,__init__,Embeddings,padded_tokens,8,1,3
amansrivastava17_embedding-as-service.server.embedding_as_service.text.elmo,__init__,Embeddings,load_model,18,1,3
amansrivastava17_embedding-as-service.server.embedding_as_service.text.elmo,__init__,Embeddings,encode,20,2,3
amansrivastava17_embedding-as-service.server.embedding_as_service.text.fasttext,__init__,Embeddings,__init__,4,1,0
amansrivastava17_embedding-as-service.server.embedding_as_service.text.fasttext,__init__,Embeddings,tokenize,2,1,2
amansrivastava17_embedding-as-service.server.embedding_as_service.text.fasttext,__init__,Embeddings,load_model,18,2,3
amansrivastava17_embedding-as-service.server.embedding_as_service.text.fasttext,__init__,Embeddings,_single_encode_text,10,4,3
amansrivastava17_embedding-as-service.server.embedding_as_service.text.fasttext,__init__,Embeddings,encode,15,2,3
amansrivastava17_embedding-as-service.server.embedding_as_service.text.glove,__init__,Embeddings,__init__,4,1,0
amansrivastava17_embedding-as-service.server.embedding_as_service.text.glove,__init__,Embeddings,tokenize,2,1,2
amansrivastava17_embedding-as-service.server.embedding_as_service.text.glove,__init__,Embeddings,load_model,15,2,3
amansrivastava17_embedding-as-service.server.embedding_as_service.text.glove,__init__,Embeddings,_single_encode_text,10,4,3
amansrivastava17_embedding-as-service.server.embedding_as_service.text.glove,__init__,Embeddings,encode,12,2,3
amansrivastava17_embedding-as-service.server.embedding_as_service.text.ulmfit,__init__,Embeddings,__init__,5,1,0
amansrivastava17_embedding-as-service.server.embedding_as_service.text.ulmfit,__init__,Embeddings,tokenize,2,1,2
amansrivastava17_embedding-as-service.server.embedding_as_service.text.ulmfit,__init__,Embeddings,load_model,12,1,2
amansrivastava17_embedding-as-service.server.embedding_as_service.text.ulmfit,__init__,Embeddings,encode,18,4,3
amansrivastava17_embedding-as-service.server.embedding_as_service.text.ulmfit,model,,build_language_model,33,8,12
amansrivastava17_embedding-as-service.server.embedding_as_service.text.ulmfit.custom_layers,qrnn,QRNN,__init__,25,2,19
amansrivastava17_embedding-as-service.server.embedding_as_service.text.ulmfit.custom_layers,qrnn,QRNN,build,23,4,1
amansrivastava17_embedding-as-service.server.embedding_as_service.text.ulmfit.custom_layers,qrnn,QRNN,compute_output_shape,12,3,1
amansrivastava17_embedding-as-service.server.embedding_as_service.text.ulmfit.custom_layers,qrnn,QRNN,compute_mask,5,1,2
amansrivastava17_embedding-as-service.server.embedding_as_service.text.ulmfit.custom_layers,qrnn,QRNN,get_initial_states,7,1,1
amansrivastava17_embedding-as-service.server.embedding_as_service.text.ulmfit.custom_layers,qrnn,QRNN,reset_states,41,11,1
amansrivastava17_embedding-as-service.server.embedding_as_service.text.ulmfit.custom_layers,qrnn,QRNN,__call__,24,4,2
amansrivastava17_embedding-as-service.server.embedding_as_service.text.ulmfit.custom_layers,qrnn,QRNN,call,49,10,4
amansrivastava17_embedding-as-service.server.embedding_as_service.text.ulmfit.custom_layers,qrnn,QRNN,preprocess_input,18,4,2
amansrivastava17_embedding-as-service.server.embedding_as_service.text.ulmfit.custom_layers,qrnn,QRNN,step,11,2,2
amansrivastava17_embedding-as-service.server.embedding_as_service.text.ulmfit.custom_layers,qrnn,QRNN,get_constants,2,1,2
amansrivastava17_embedding-as-service.server.embedding_as_service.text.ulmfit.custom_layers,qrnn,QRNN,get_config,22,1,0
amansrivastava17_embedding-as-service.server.embedding_as_service.text.ulmfit.custom_layers,qrnn,,_dropout,4,1,4
amansrivastava17_embedding-as-service.server.embedding_as_service.text.ulmfit.custom_layers,tied_embeddings,TiedEmbeddingsTransposed,__init__,4,1,2
amansrivastava17_embedding-as-service.server.embedding_as_service.text.ulmfit.custom_layers,tied_embeddings,TiedEmbeddingsTransposed,build,3,1,1
amansrivastava17_embedding-as-service.server.embedding_as_service.text.ulmfit.custom_layers,tied_embeddings,TiedEmbeddingsTransposed,compute_mask,2,1,2
amansrivastava17_embedding-as-service.server.embedding_as_service.text.ulmfit.custom_layers,tied_embeddings,TiedEmbeddingsTransposed,compute_output_shape,2,1,1
amansrivastava17_embedding-as-service.server.embedding_as_service.text.ulmfit.custom_layers,tied_embeddings,TiedEmbeddingsTransposed,call,5,2,2
amansrivastava17_embedding-as-service.server.embedding_as_service.text.ulmfit.custom_layers,tied_embeddings,TiedEmbeddingsTransposed,get_config,5,1,0
amansrivastava17_embedding-as-service.server.embedding_as_service.text.use,__init__,Embeddings,__init__,9,1,0
amansrivastava17_embedding-as-service.server.embedding_as_service.text.use,__init__,Embeddings,process_to_ids_in_sparse_format,7,1,1
amansrivastava17_embedding-as-service.server.embedding_as_service.text.use,__init__,Embeddings,load_model,26,3,3
amansrivastava17_embedding-as-service.server.embedding_as_service.text.use,__init__,Embeddings,encode,11,2,3
amansrivastava17_embedding-as-service.server.embedding_as_service.text.word2vec,__init__,Embeddings,__init__,4,1,0
amansrivastava17_embedding-as-service.server.embedding_as_service.text.word2vec,__init__,Embeddings,tokenize,2,1,2
amansrivastava17_embedding-as-service.server.embedding_as_service.text.word2vec,__init__,Embeddings,load_model,33,7,3
amansrivastava17_embedding-as-service.server.embedding_as_service.text.word2vec,__init__,Embeddings,_single_encode_text,10,4,3
amansrivastava17_embedding-as-service.server.embedding_as_service.text.word2vec,__init__,Embeddings,encode,12,2,3
amansrivastava17_embedding-as-service.server.embedding_as_service.text.xlnet,__init__,Embeddings,__init__,6,1,0
amansrivastava17_embedding-as-service.server.embedding_as_service.text.xlnet,__init__,Embeddings,load_tokenizer,4,1,1
amansrivastava17_embedding-as-service.server.embedding_as_service.text.xlnet,__init__,Embeddings,tokenize,3,1,2
amansrivastava17_embedding-as-service.server.embedding_as_service.text.xlnet,__init__,Embeddings,_model_single_input,28,5,2
amansrivastava17_embedding-as-service.server.embedding_as_service.text.xlnet,__init__,Embeddings,load_model,8,1,3
amansrivastava17_embedding-as-service.server.embedding_as_service.text.xlnet,__init__,Embeddings,encode,25,3,3
amansrivastava17_embedding-as-service.server.embedding_as_service.text.xlnet.models,classifier_utils,InputFeatures,__init__,6,1,5
amansrivastava17_embedding-as-service.server.embedding_as_service.text.xlnet.models,classifier_utils,,_truncate_seq_pair,9,4,3
amansrivastava17_embedding-as-service.server.embedding_as_service.text.xlnet.models,classifier_utils,,convert_single_example,67,12,5
amansrivastava17_embedding-as-service.server.embedding_as_service.text.xlnet.models,data_utils,,_int64_feature,2,1,1
amansrivastava17_embedding-as-service.server.embedding_as_service.text.xlnet.models,data_utils,,_float_feature,2,1,1
amansrivastava17_embedding-as-service.server.embedding_as_service.text.xlnet.models,data_utils,,format_filename,21,5,10
amansrivastava17_embedding-as-service.server.embedding_as_service.text.xlnet.models,data_utils,,_create_data,79,11,2
amansrivastava17_embedding-as-service.server.embedding_as_service.text.xlnet.models,data_utils,,create_data,54,6,1
amansrivastava17_embedding-as-service.server.embedding_as_service.text.xlnet.models,data_utils,,batchify,10,2,3
amansrivastava17_embedding-as-service.server.embedding_as_service.text.xlnet.models,data_utils,,_split_a_and_b,57,15,5
amansrivastava17_embedding-as-service.server.embedding_as_service.text.xlnet.models,data_utils,,_is_start_piece,7,2,1
amansrivastava17_embedding-as-service.server.embedding_as_service.text.xlnet.models,data_utils,,_sample_mask,52,17,5
amansrivastava17_embedding-as-service.server.embedding_as_service.text.xlnet.models,data_utils,,create_tfrecords,119,11,7
amansrivastava17_embedding-as-service.server.embedding_as_service.text.xlnet.models,data_utils,,_convert_example,11,6,2
amansrivastava17_embedding-as-service.server.embedding_as_service.text.xlnet.models,data_utils,,parse_files_to_dataset,18,3,8
amansrivastava17_embedding-as-service.server.embedding_as_service.text.xlnet.models,data_utils,,_local_perm,26,1,5
amansrivastava17_embedding-as-service.server.embedding_as_service.text.xlnet.models,data_utils,,get_dataset,106,4,13
amansrivastava17_embedding-as-service.server.embedding_as_service.text.xlnet.models,data_utils,,get_input_fn,88,7,15
amansrivastava17_embedding-as-service.server.embedding_as_service.text.xlnet.models,function_builder,,construct_scalar_host_call,23,2,4
amansrivastava17_embedding-as-service.server.embedding_as_service.text.xlnet.models,function_builder,,two_stream_loss,51,3,5
amansrivastava17_embedding-as-service.server.embedding_as_service.text.xlnet.models,function_builder,,get_loss,6,1,5
amansrivastava17_embedding-as-service.server.embedding_as_service.text.xlnet.models,function_builder,,get_classification_loss,33,3,4
amansrivastava17_embedding-as-service.server.embedding_as_service.text.xlnet.models,function_builder,,get_regression_loss,26,1,3
amansrivastava17_embedding-as-service.server.embedding_as_service.text.xlnet.models,function_builder,,get_qa_outputs,126,3,3
amansrivastava17_embedding-as-service.server.embedding_as_service.text.xlnet.models,function_builder,,get_race_loss,30,0,3
amansrivastava17_embedding-as-service.server.embedding_as_service.text.xlnet.models,gpu_utils,,assign_to_gpu,8,0,2
amansrivastava17_embedding-as-service.server.embedding_as_service.text.xlnet.models,gpu_utils,,average_grads_and_vars,36,4,1
amansrivastava17_embedding-as-service.server.embedding_as_service.text.xlnet.models,gpu_utils,,load_from_checkpoint,12,3,2
amansrivastava17_embedding-as-service.server.embedding_as_service.text.xlnet.models,model_utils,AdamWeightDecayOptimizer,__init__,9,1,8
amansrivastava17_embedding-as-service.server.embedding_as_service.text.xlnet.models,model_utils,AdamWeightDecayOptimizer,apply_gradients,49,5,3
amansrivastava17_embedding-as-service.server.embedding_as_service.text.xlnet.models,model_utils,AdamWeightDecayOptimizer,_do_use_weight_decay,12,4,1
amansrivastava17_embedding-as-service.server.embedding_as_service.text.xlnet.models,model_utils,AdamWeightDecayOptimizer,_get_variable_name,5,2,1
amansrivastava17_embedding-as-service.server.embedding_as_service.text.xlnet.models,model_utils,,configure_tpu,35,4,1
amansrivastava17_embedding-as-service.server.embedding_as_service.text.xlnet.models,model_utils,,init_from_checkpoint,33,5,2
amansrivastava17_embedding-as-service.server.embedding_as_service.text.xlnet.models,model_utils,,get_train_op,65,16,3
amansrivastava17_embedding-as-service.server.embedding_as_service.text.xlnet.models,model_utils,,clean_ckpt,39,7,1
amansrivastava17_embedding-as-service.server.embedding_as_service.text.xlnet.models,model_utils,,avg_checkpoints,36,7,3
amansrivastava17_embedding-as-service.server.embedding_as_service.text.xlnet.models,model_utils,,get_assignment_map_from_checkpoint,22,5,2
amansrivastava17_embedding-as-service.server.embedding_as_service.text.xlnet.models,modeling,,gelu,5,1,1
amansrivastava17_embedding-as-service.server.embedding_as_service.text.xlnet.models,modeling,,embedding_lookup,12,1,8
amansrivastava17_embedding-as-service.server.embedding_as_service.text.xlnet.models,modeling,,positional_embedding,7,2,3
amansrivastava17_embedding-as-service.server.embedding_as_service.text.xlnet.models,modeling,,positionwise_ffn,22,3,9
amansrivastava17_embedding-as-service.server.embedding_as_service.text.xlnet.models,modeling,,head_projection,6,1,6
amansrivastava17_embedding-as-service.server.embedding_as_service.text.xlnet.models,modeling,,post_attention,12,2,9
amansrivastava17_embedding-as-service.server.embedding_as_service.text.xlnet.models,modeling,,abs_attn_core,9,2,7
amansrivastava17_embedding-as-service.server.embedding_as_service.text.xlnet.models,modeling,,rel_attn_core,17,3,13
amansrivastava17_embedding-as-service.server.embedding_as_service.text.xlnet.models,modeling,,rel_shift,7,1,2
amansrivastava17_embedding-as-service.server.embedding_as_service.text.xlnet.models,modeling,,_create_mask,10,2,4
amansrivastava17_embedding-as-service.server.embedding_as_service.text.xlnet.models,modeling,,_cache_mem,12,5,4
amansrivastava17_embedding-as-service.server.embedding_as_service.text.xlnet.models,modeling,,relative_positional_encoding,43,13,8
amansrivastava17_embedding-as-service.server.embedding_as_service.text.xlnet.models,modeling,,multihead_attn,19,1,14
amansrivastava17_embedding-as-service.server.embedding_as_service.text.xlnet.models,modeling,,rel_multihead_attn,29,3,18
amansrivastava17_embedding-as-service.server.embedding_as_service.text.xlnet.models,modeling,,two_stream_rel_attn,58,4,20
amansrivastava17_embedding-as-service.server.embedding_as_service.text.xlnet.models,modeling,,transformer_xl,206,25,28
amansrivastava17_embedding-as-service.server.embedding_as_service.text.xlnet.models,modeling,,lm_loss,23,3,9
amansrivastava17_embedding-as-service.server.embedding_as_service.text.xlnet.models,modeling,,summarize_sequence,42,7,13
amansrivastava17_embedding-as-service.server.embedding_as_service.text.xlnet.models,modeling,,classification_loss,17,1,7
amansrivastava17_embedding-as-service.server.embedding_as_service.text.xlnet.models,modeling,,regression_loss,15,1,6
amansrivastava17_embedding-as-service.server.embedding_as_service.text.xlnet.models,prepro_utils,,printable_text,7,2,1
amansrivastava17_embedding-as-service.server.embedding_as_service.text.xlnet.models,prepro_utils,,print_,10,3,0
amansrivastava17_embedding-as-service.server.embedding_as_service.text.xlnet.models,prepro_utils,,preprocess_text,12,4,4
amansrivastava17_embedding-as-service.server.embedding_as_service.text.xlnet.models,prepro_utils,,encode_pieces,20,8,4
amansrivastava17_embedding-as-service.server.embedding_as_service.text.xlnet.models,prepro_utils,,encode_ids,4,1,3
amansrivastava17_embedding-as-service.server.embedding_as_service.text.xlnet.models,run_classifier,InputExample,__init__,6,1,4
amansrivastava17_embedding-as-service.server.embedding_as_service.text.xlnet.models,run_classifier,DataProcessor,get_train_examples,2,1,1
amansrivastava17_embedding-as-service.server.embedding_as_service.text.xlnet.models,run_classifier,DataProcessor,get_dev_examples,2,1,1
amansrivastava17_embedding-as-service.server.embedding_as_service.text.xlnet.models,run_classifier,DataProcessor,get_test_examples,2,1,1
amansrivastava17_embedding-as-service.server.embedding_as_service.text.xlnet.models,run_classifier,DataProcessor,get_labels,2,1,0
amansrivastava17_embedding-as-service.server.embedding_as_service.text.xlnet.models,run_classifier,DataProcessor,_read_tsv,8,3,3
amansrivastava17_embedding-as-service.server.embedding_as_service.text.xlnet.models,run_classifier,GLUEProcessor,__init__,11,1,0
amansrivastava17_embedding-as-service.server.embedding_as_service.text.xlnet.models,run_classifier,GLUEProcessor,get_train_examples,3,1,1
amansrivastava17_embedding-as-service.server.embedding_as_service.text.xlnet.models,run_classifier,GLUEProcessor,get_dev_examples,3,1,1
amansrivastava17_embedding-as-service.server.embedding_as_service.text.xlnet.models,run_classifier,GLUEProcessor,get_test_examples,7,3,1
amansrivastava17_embedding-as-service.server.embedding_as_service.text.xlnet.models,run_classifier,GLUEProcessor,get_labels,2,1,0
amansrivastava17_embedding-as-service.server.embedding_as_service.text.xlnet.models,run_classifier,GLUEProcessor,_create_examples,38,11,2
amansrivastava17_embedding-as-service.server.embedding_as_service.text.xlnet.models,run_classifier,Yelp5Processor,get_train_examples,2,1,1
amansrivastava17_embedding-as-service.server.embedding_as_service.text.xlnet.models,run_classifier,Yelp5Processor,get_dev_examples,2,1,1
amansrivastava17_embedding-as-service.server.embedding_as_service.text.xlnet.models,run_classifier,Yelp5Processor,get_labels,2,1,0
amansrivastava17_embedding-as-service.server.embedding_as_service.text.xlnet.models,run_classifier,Yelp5Processor,_create_examples,11,2,1
amansrivastava17_embedding-as-service.server.embedding_as_service.text.xlnet.models,run_classifier,ImdbProcessor,get_labels,2,1,0
amansrivastava17_embedding-as-service.server.embedding_as_service.text.xlnet.models,run_classifier,ImdbProcessor,get_train_examples,2,1,1
amansrivastava17_embedding-as-service.server.embedding_as_service.text.xlnet.models,run_classifier,ImdbProcessor,get_dev_examples,2,1,1
amansrivastava17_embedding-as-service.server.embedding_as_service.text.xlnet.models,run_classifier,ImdbProcessor,_create_examples,13,4,1
amansrivastava17_embedding-as-service.server.embedding_as_service.text.xlnet.models,run_classifier,MnliMatchedProcessor,__init__,7,1,0
amansrivastava17_embedding-as-service.server.embedding_as_service.text.xlnet.models,run_classifier,MnliMatchedProcessor,get_labels,2,1,0
amansrivastava17_embedding-as-service.server.embedding_as_service.text.xlnet.models,run_classifier,MnliMismatchedProcessor,__init__,4,1,0
amansrivastava17_embedding-as-service.server.embedding_as_service.text.xlnet.models,run_classifier,StsbProcessor,__init__,5,1,0
amansrivastava17_embedding-as-service.server.embedding_as_service.text.xlnet.models,run_classifier,StsbProcessor,get_labels,2,1,0
amansrivastava17_embedding-as-service.server.embedding_as_service.text.xlnet.models,run_classifier,StsbProcessor,_create_examples,38,11,2
amansrivastava17_embedding-as-service.server.embedding_as_service.text.xlnet.models,run_classifier,,file_based_convert_examples_to_features,38,5,6
amansrivastava17_embedding-as-service.server.embedding_as_service.text.xlnet.models,run_classifier,,file_based_input_fn_builder,57,7,4
amansrivastava17_embedding-as-service.server.embedding_as_service.text.xlnet.models,run_classifier,,get_model_fn,122,4,1
amansrivastava17_embedding-as-service.server.embedding_as_service.text.xlnet.models,run_classifier,,main,196,28,1
amansrivastava17_embedding-as-service.server.embedding_as_service.text.xlnet.models,run_race,InputFeatures,__init__,6,1,5
amansrivastava17_embedding-as-service.server.embedding_as_service.text.xlnet.models,run_race,InputExample,__init__,5,1,4
amansrivastava17_embedding-as-service.server.embedding_as_service.text.xlnet.models,run_race,,convert_single_example,57,5,2
amansrivastava17_embedding-as-service.server.embedding_as_service.text.xlnet.models,run_race,,get_examples,34,10,2
amansrivastava17_embedding-as-service.server.embedding_as_service.text.xlnet.models,run_race,,file_based_convert_examples_to_features,30,3,3
amansrivastava17_embedding-as-service.server.embedding_as_service.text.xlnet.models,run_race,,file_based_input_fn_builder,47,5,4
amansrivastava17_embedding-as-service.server.embedding_as_service.text.xlnet.models,run_race,,get_model_fn,74,1,0
amansrivastava17_embedding-as-service.server.embedding_as_service.text.xlnet.models,run_race,,main,92,14,1
amansrivastava17_embedding-as-service.server.embedding_as_service.text.xlnet.models,run_squad,SquadExample,__init__,7,1,6
amansrivastava17_embedding-as-service.server.embedding_as_service.text.xlnet.models,run_squad,SquadExample,__str__,2,1,0
amansrivastava17_embedding-as-service.server.embedding_as_service.text.xlnet.models,run_squad,SquadExample,__repr__,11,3,0
amansrivastava17_embedding-as-service.server.embedding_as_service.text.xlnet.models,run_squad,InputFeatures,__init__,16,1,15
amansrivastava17_embedding-as-service.server.embedding_as_service.text.xlnet.models,run_squad,FeatureWriter,__init__,5,1,2
amansrivastava17_embedding-as-service.server.embedding_as_service.text.xlnet.models,run_squad,FeatureWriter,process_feature,25,2,1
amansrivastava17_embedding-as-service.server.embedding_as_service.text.xlnet.models,run_squad,FeatureWriter,close,2,1,0
amansrivastava17_embedding-as-service.server.embedding_as_service.text.xlnet.models,run_squad,,read_squad_examples,37,8,2
amansrivastava17_embedding-as-service.server.embedding_as_service.text.xlnet.models,run_squad,,_convert_index,35,7,4
amansrivastava17_embedding-as-service.server.embedding_as_service.text.xlnet.models,run_squad,,convert_examples_to_features,315,55,7
amansrivastava17_embedding-as-service.server.embedding_as_service.text.xlnet.models,run_squad,,_check_is_max_context,16,6,3
amansrivastava17_embedding-as-service.server.embedding_as_service.text.xlnet.models,run_squad,,write_predictions,140,19,9
amansrivastava17_embedding-as-service.server.embedding_as_service.text.xlnet.models,run_squad,,_get_best_indexes,8,3,2
amansrivastava17_embedding-as-service.server.embedding_as_service.text.xlnet.models,run_squad,,_compute_softmax,17,6,1
amansrivastava17_embedding-as-service.server.embedding_as_service.text.xlnet.models,run_squad,,input_fn_builder,88,9,6
amansrivastava17_embedding-as-service.server.embedding_as_service.text.xlnet.models,run_squad,,get_model_fn,89,2,0
amansrivastava17_embedding-as-service.server.embedding_as_service.text.xlnet.models,run_squad,,_get_spm_basename,3,1,0
amansrivastava17_embedding-as-service.server.embedding_as_service.text.xlnet.models,run_squad,,preprocess,26,1,0
amansrivastava17_embedding-as-service.server.embedding_as_service.text.xlnet.models,run_squad,,main,141,16,1
amansrivastava17_embedding-as-service.server.embedding_as_service.text.xlnet.models,squad_utils,,parse_args,17,2,0
amansrivastava17_embedding-as-service.server.embedding_as_service.text.xlnet.models,squad_utils,,make_qid_to_has_ans,7,4,1
amansrivastava17_embedding-as-service.server.embedding_as_service.text.xlnet.models,squad_utils,,normalize_answer,12,-3,1
amansrivastava17_embedding-as-service.server.embedding_as_service.text.xlnet.models,squad_utils,,get_tokens,3,1,1
amansrivastava17_embedding-as-service.server.embedding_as_service.text.xlnet.models,squad_utils,,compute_exact,2,1,2
amansrivastava17_embedding-as-service.server.embedding_as_service.text.xlnet.models,squad_utils,,compute_f1,14,2,2
amansrivastava17_embedding-as-service.server.embedding_as_service.text.xlnet.models,squad_utils,,get_raw_scores,20,6,2
amansrivastava17_embedding-as-service.server.embedding_as_service.text.xlnet.models,squad_utils,,apply_no_ans_threshold,9,3,4
amansrivastava17_embedding-as-service.server.embedding_as_service.text.xlnet.models,squad_utils,,make_eval_dict,15,1,3
amansrivastava17_embedding-as-service.server.embedding_as_service.text.xlnet.models,squad_utils,,merge_eval,3,2,3
amansrivastava17_embedding-as-service.server.embedding_as_service.text.xlnet.models,squad_utils,,plot_pr_curve,10,1,4
amansrivastava17_embedding-as-service.server.embedding_as_service.text.xlnet.models,squad_utils,,make_precision_recall_eval,21,6,6
amansrivastava17_embedding-as-service.server.embedding_as_service.text.xlnet.models,squad_utils,,run_precision_recall_analysis,22,4,6
amansrivastava17_embedding-as-service.server.embedding_as_service.text.xlnet.models,squad_utils,,histogram_na_prob,11,2,4
amansrivastava17_embedding-as-service.server.embedding_as_service.text.xlnet.models,squad_utils,,find_best_thresh,20,6,4
amansrivastava17_embedding-as-service.server.embedding_as_service.text.xlnet.models,squad_utils,,find_best_thresh_v2,27,9,4
amansrivastava17_embedding-as-service.server.embedding_as_service.text.xlnet.models,squad_utils,,find_all_best_thresh,7,1,6
amansrivastava17_embedding-as-service.server.embedding_as_service.text.xlnet.models,squad_utils,,find_all_best_thresh_v2,9,1,6
amansrivastava17_embedding-as-service.server.embedding_as_service.text.xlnet.models,squad_utils,,main,47,12,0
amansrivastava17_embedding-as-service.server.embedding_as_service.text.xlnet.models,tpu_estimator,TPUEstimatorSpec,__new__,27,8,12
amansrivastava17_embedding-as-service.server.embedding_as_service.text.xlnet.models,tpu_estimator,TPUEstimatorSpec,as_estimator_spec,36,9,0
amansrivastava17_embedding-as-service.server.embedding_as_service.text.xlnet.models,tpu_estimator,_OpQueueContext,__init__,7,1,3
amansrivastava17_embedding-as-service.server.embedding_as_service.text.xlnet.models,tpu_estimator,_OpQueueContext,stop,2,1,0
amansrivastava17_embedding-as-service.server.embedding_as_service.text.xlnet.models,tpu_estimator,_OpQueueContext,send_next_batch_signal,2,1,1
amansrivastava17_embedding-as-service.server.embedding_as_service.text.xlnet.models,tpu_estimator,_OpQueueContext,read_iteration_counts,8,3,0
amansrivastava17_embedding-as-service.server.embedding_as_service.text.xlnet.models,tpu_estimator,_OpQueueContext,join,4,1,0
amansrivastava17_embedding-as-service.server.embedding_as_service.text.xlnet.models,tpu_estimator,_OpSignalOnceQueueContext,__init__,3,1,3
amansrivastava17_embedding-as-service.server.embedding_as_service.text.xlnet.models,tpu_estimator,_OpSignalOnceQueueContext,send_next_batch_signal,4,2,1
amansrivastava17_embedding-as-service.server.embedding_as_service.text.xlnet.models,tpu_estimator,TPUInfeedOutfeedSessionHook,__init__,14,1,8
amansrivastava17_embedding-as-service.server.embedding_as_service.text.xlnet.models,tpu_estimator,TPUInfeedOutfeedSessionHook,begin,12,3,0
amansrivastava17_embedding-as-service.server.embedding_as_service.text.xlnet.models,tpu_estimator,TPUInfeedOutfeedSessionHook,_run_infeed,17,6,2
amansrivastava17_embedding-as-service.server.embedding_as_service.text.xlnet.models,tpu_estimator,TPUInfeedOutfeedSessionHook,_run_outfeed,8,3,2
amansrivastava17_embedding-as-service.server.embedding_as_service.text.xlnet.models,tpu_estimator,TPUInfeedOutfeedSessionHook,_create_infeed_controller,2,1,3
amansrivastava17_embedding-as-service.server.embedding_as_service.text.xlnet.models,tpu_estimator,TPUInfeedOutfeedSessionHook,_assertCompilationSucceeded,8,2,2
amansrivastava17_embedding-as-service.server.embedding_as_service.text.xlnet.models,tpu_estimator,TPUInfeedOutfeedSessionHook,after_create_session,22,4,2
amansrivastava17_embedding-as-service.server.embedding_as_service.text.xlnet.models,tpu_estimator,TPUInfeedOutfeedSessionHook,before_run,8,1,1
amansrivastava17_embedding-as-service.server.embedding_as_service.text.xlnet.models,tpu_estimator,TPUInfeedOutfeedSessionHook,end,10,1,1
amansrivastava17_embedding-as-service.server.embedding_as_service.text.xlnet.models,tpu_estimator,TPUInfeedOutfeedSessionHookForPrediction,__init__,10,1,7
amansrivastava17_embedding-as-service.server.embedding_as_service.text.xlnet.models,tpu_estimator,TPUInfeedOutfeedSessionHookForPrediction,_create_infeed_controller,2,1,3
amansrivastava17_embedding-as-service.server.embedding_as_service.text.xlnet.models,tpu_estimator,_TPUStopAtStepHook,__init__,9,5,3
amansrivastava17_embedding-as-service.server.embedding_as_service.text.xlnet.models,tpu_estimator,_TPUStopAtStepHook,_next_iterations,3,1,2
amansrivastava17_embedding-as-service.server.embedding_as_service.text.xlnet.models,tpu_estimator,_TPUStopAtStepHook,begin,5,2,0
amansrivastava17_embedding-as-service.server.embedding_as_service.text.xlnet.models,tpu_estimator,_TPUStopAtStepHook,after_create_session,6,2,2
amansrivastava17_embedding-as-service.server.embedding_as_service.text.xlnet.models,tpu_estimator,_TPUStopAtStepHook,after_run,8,2,2
amansrivastava17_embedding-as-service.server.embedding_as_service.text.xlnet.models,tpu_estimator,_SetEvalIterationsHook,__init__,3,1,1
amansrivastava17_embedding-as-service.server.embedding_as_service.text.xlnet.models,tpu_estimator,_SetEvalIterationsHook,begin,2,1,0
amansrivastava17_embedding-as-service.server.embedding_as_service.text.xlnet.models,tpu_estimator,_SetEvalIterationsHook,after_create_session,2,1,2
amansrivastava17_embedding-as-service.server.embedding_as_service.text.xlnet.models,tpu_estimator,_StoppingPredictHook,__init__,2,1,1
amansrivastava17_embedding-as-service.server.embedding_as_service.text.xlnet.models,tpu_estimator,_StoppingPredictHook,begin,2,1,0
amansrivastava17_embedding-as-service.server.embedding_as_service.text.xlnet.models,tpu_estimator,_StoppingPredictHook,after_create_session,2,1,2
amansrivastava17_embedding-as-service.server.embedding_as_service.text.xlnet.models,tpu_estimator,_StoppingPredictHook,before_run,2,1,1
amansrivastava17_embedding-as-service.server.embedding_as_service.text.xlnet.models,tpu_estimator,_StoppingPredictHook,after_run,21,2,2
amansrivastava17_embedding-as-service.server.embedding_as_service.text.xlnet.models,tpu_estimator,_InputPipeline,__init__,9,1,3
amansrivastava17_embedding-as-service.server.embedding_as_service.text.xlnet.models,tpu_estimator,_InputPipeline,generate_infeed_enqueue_ops_and_dequeue_fn,14,0,0
amansrivastava17_embedding-as-service.server.embedding_as_service.text.xlnet.models,tpu_estimator,_InputPipeline,_invoke_input_fn_and_record_structure,93,9,0
amansrivastava17_embedding-as-service.server.embedding_as_service.text.xlnet.models,tpu_estimator,_InputPipeline,_validate_input_pipeline,12,3,0
amansrivastava17_embedding-as-service.server.embedding_as_service.text.xlnet.models,tpu_estimator,_ModelFnWrapper,__init__,7,1,6
amansrivastava17_embedding-as-service.server.embedding_as_service.text.xlnet.models,tpu_estimator,_ModelFnWrapper,call_without_tpu,2,1,3
amansrivastava17_embedding-as-service.server.embedding_as_service.text.xlnet.models,tpu_estimator,_ModelFnWrapper,convert_to_single_tpu_train_step,47,4,1
amansrivastava17_embedding-as-service.server.embedding_as_service.text.xlnet.models,tpu_estimator,_ModelFnWrapper,convert_to_single_tpu_eval_step,36,3,1
amansrivastava17_embedding-as-service.server.embedding_as_service.text.xlnet.models,tpu_estimator,_ModelFnWrapper,convert_to_single_tpu_predict_step,37,2,1
amansrivastava17_embedding-as-service.server.embedding_as_service.text.xlnet.models,tpu_estimator,_ModelFnWrapper,_verify_tpu_spec_predictions,9,4,1
amansrivastava17_embedding-as-service.server.embedding_as_service.text.xlnet.models,tpu_estimator,_ModelFnWrapper,_validate_model_features_and_labels,20,8,3
amansrivastava17_embedding-as-service.server.embedding_as_service.text.xlnet.models,tpu_estimator,_ModelFnWrapper,_call_model_fn,43,12,4
amansrivastava17_embedding-as-service.server.embedding_as_service.text.xlnet.models,tpu_estimator,_ModelFnWrapper,_verify_estimator_spec,12,3,1
amansrivastava17_embedding-as-service.server.embedding_as_service.text.xlnet.models,tpu_estimator,_OutfeedHostCall,__init__,8,1,1
amansrivastava17_embedding-as-service.server.embedding_as_service.text.xlnet.models,tpu_estimator,_OutfeedHostCall,validate,20,9,1
amansrivastava17_embedding-as-service.server.embedding_as_service.text.xlnet.models,tpu_estimator,_OutfeedHostCall,create_cpu_hostcall,18,4,1
amansrivastava17_embedding-as-service.server.embedding_as_service.text.xlnet.models,tpu_estimator,_OutfeedHostCall,record,19,5,1
amansrivastava17_embedding-as-service.server.embedding_as_service.text.xlnet.models,tpu_estimator,_OutfeedHostCall,create_enqueue_op,9,2,0
amansrivastava17_embedding-as-service.server.embedding_as_service.text.xlnet.models,tpu_estimator,_OutfeedHostCall,create_tpu_hostcall,56,13,0
amansrivastava17_embedding-as-service.server.embedding_as_service.text.xlnet.models,tpu_estimator,_OutfeedHostCallHook,__init__,2,1,1
amansrivastava17_embedding-as-service.server.embedding_as_service.text.xlnet.models,tpu_estimator,_OutfeedHostCallHook,begin,5,2,0
amansrivastava17_embedding-as-service.server.embedding_as_service.text.xlnet.models,tpu_estimator,_OutfeedHostCallHook,after_create_session,2,1,2
amansrivastava17_embedding-as-service.server.embedding_as_service.text.xlnet.models,tpu_estimator,_OutfeedHostCallHook,before_run,2,1,1
amansrivastava17_embedding-as-service.server.embedding_as_service.text.xlnet.models,tpu_estimator,_OutfeedHostCallHook,end,2,1,1
amansrivastava17_embedding-as-service.server.embedding_as_service.text.xlnet.models,tpu_estimator,ExamplesPerSecondHook,__init__,7,1,5
amansrivastava17_embedding-as-service.server.embedding_as_service.text.xlnet.models,tpu_estimator,ExamplesPerSecondHook,_log_and_record,14,2,3
amansrivastava17_embedding-as-service.server.embedding_as_service.text.xlnet.models,tpu_estimator,InstallSignalHandlerHook,__init__,2,1,0
amansrivastava17_embedding-as-service.server.embedding_as_service.text.xlnet.models,tpu_estimator,InstallSignalHandlerHook,before_run,2,1,1
amansrivastava17_embedding-as-service.server.embedding_as_service.text.xlnet.models,tpu_estimator,InstallSignalHandlerHook,end,2,1,1
amansrivastava17_embedding-as-service.server.embedding_as_service.text.xlnet.models,tpu_estimator,TPUEstimator,__init__,51,12,14
amansrivastava17_embedding-as-service.server.embedding_as_service.text.xlnet.models,tpu_estimator,TPUEstimator,_add_meta_graph_for_mode,29,4,7
amansrivastava17_embedding-as-service.server.embedding_as_service.text.xlnet.models,tpu_estimator,TPUEstimator,_call_model_fn,6,1,4
amansrivastava17_embedding-as-service.server.embedding_as_service.text.xlnet.models,tpu_estimator,TPUEstimator,_call_model_fn_for_inference,47,3,4
amansrivastava17_embedding-as-service.server.embedding_as_service.text.xlnet.models,tpu_estimator,TPUEstimator,_create_global_step,3,1,1
amansrivastava17_embedding-as-service.server.embedding_as_service.text.xlnet.models,tpu_estimator,TPUEstimator,_convert_train_steps_to_hooks,16,5,2
amansrivastava17_embedding-as-service.server.embedding_as_service.text.xlnet.models,tpu_estimator,TPUEstimator,_convert_eval_steps_to_hooks,12,2,1
amansrivastava17_embedding-as-service.server.embedding_as_service.text.xlnet.models,tpu_estimator,TPUEstimator,_call_input_fn,45,4,2
amansrivastava17_embedding-as-service.server.embedding_as_service.text.xlnet.models,tpu_estimator,TPUEstimator,_validate_features_in_predict_input,3,1,1
amansrivastava17_embedding-as-service.server.embedding_as_service.text.xlnet.models,tpu_estimator,TPUEstimator,train,15,2,5
amansrivastava17_embedding-as-service.server.embedding_as_service.text.xlnet.models,tpu_estimator,TPUEstimator,evaluate,15,2,5
amansrivastava17_embedding-as-service.server.embedding_as_service.text.xlnet.models,tpu_estimator,TPUEstimator,predict,18,3,5
amansrivastava17_embedding-as-service.server.embedding_as_service.text.xlnet.models,tpu_estimator,TPUEstimator,_augment_model_fn,284,19,4
amansrivastava17_embedding-as-service.server.embedding_as_service.text.xlnet.models,tpu_estimator,_CapturedObject,__init__,3,1,0
amansrivastava17_embedding-as-service.server.embedding_as_service.text.xlnet.models,tpu_estimator,_CapturedObject,capture,6,2,1
amansrivastava17_embedding-as-service.server.embedding_as_service.text.xlnet.models,tpu_estimator,_CapturedObject,get,6,2,0
amansrivastava17_embedding-as-service.server.embedding_as_service.text.xlnet.models,tpu_estimator,_CapturingContext,__init__,3,1,1
amansrivastava17_embedding-as-service.server.embedding_as_service.text.xlnet.models,tpu_estimator,_CapturingContext,to_control_flow_context_def,3,1,2
amansrivastava17_embedding-as-service.server.embedding_as_service.text.xlnet.models,tpu_estimator,_CapturingContext,AddOp,5,3,1
amansrivastava17_embedding-as-service.server.embedding_as_service.text.xlnet.models,tpu_estimator,_CapturingContext,__enter__,4,1,0
amansrivastava17_embedding-as-service.server.embedding_as_service.text.xlnet.models,tpu_estimator,_CapturingContext,__exit__,2,1,3
amansrivastava17_embedding-as-service.server.embedding_as_service.text.xlnet.models,tpu_estimator,_Inputs,__init__,11,4,4
amansrivastava17_embedding-as-service.server.embedding_as_service.text.xlnet.models,tpu_estimator,_Inputs,from_input_fn,6,1,1
amansrivastava17_embedding-as-service.server.embedding_as_service.text.xlnet.models,tpu_estimator,_Inputs,_parse_inputs,6,2,1
amansrivastava17_embedding-as-service.server.embedding_as_service.text.xlnet.models,tpu_estimator,_Inputs,is_dataset,2,1,0
amansrivastava17_embedding-as-service.server.embedding_as_service.text.xlnet.models,tpu_estimator,_Inputs,dataset_initializer,4,1,0
amansrivastava17_embedding-as-service.server.embedding_as_service.text.xlnet.models,tpu_estimator,_Inputs,features_and_labels,8,2,0
amansrivastava17_embedding-as-service.server.embedding_as_service.text.xlnet.models,tpu_estimator,_Inputs,signals,2,1,0
amansrivastava17_embedding-as-service.server.embedding_as_service.text.xlnet.models,tpu_estimator,_Inputs,dataset,2,1,0
amansrivastava17_embedding-as-service.server.embedding_as_service.text.xlnet.models,tpu_estimator,_InputsWithStoppingSignals,__init__,39,2,4
amansrivastava17_embedding-as-service.server.embedding_as_service.text.xlnet.models,tpu_estimator,_InputsWithStoppingSignals,features_and_labels,10,2,0
amansrivastava17_embedding-as-service.server.embedding_as_service.text.xlnet.models,tpu_estimator,_InputsWithStoppingSignals,signals,8,2,0
amansrivastava17_embedding-as-service.server.embedding_as_service.text.xlnet.models,tpu_estimator,_InputsWithStoppingSignals,insert_stopping_signal,32,4,3
amansrivastava17_embedding-as-service.server.embedding_as_service.text.xlnet.models,tpu_estimator,_StopSignals,__init__,4,1,3
amansrivastava17_embedding-as-service.server.embedding_as_service.text.xlnet.models,tpu_estimator,_StopSignals,as_dict,11,3,0
amansrivastava17_embedding-as-service.server.embedding_as_service.text.xlnet.models,tpu_estimator,_StopSignals,as_scalar_stopping_signal,2,1,1
amansrivastava17_embedding-as-service.server.embedding_as_service.text.xlnet.models,tpu_estimator,_StopSignals,should_stop,10,1,1
amansrivastava17_embedding-as-service.server.embedding_as_service.text.xlnet.models,tpu_estimator,_PaddingSignals,pad_features_and_labels,28,0,3
amansrivastava17_embedding-as-service.server.embedding_as_service.text.xlnet.models,tpu_estimator,_PaddingSignals,slice_tensor_or_dict,27,-2,2
amansrivastava17_embedding-as-service.server.embedding_as_service.text.xlnet.models,tpu_estimator,_PaddingSignals,_find_any_tensor,7,2,1
amansrivastava17_embedding-as-service.server.embedding_as_service.text.xlnet.models,tpu_estimator,_PaddingSignals,_padding_mask,8,1,3
amansrivastava17_embedding-as-service.server.embedding_as_service.text.xlnet.models,tpu_estimator,,_is_iterable,6,1,1
amansrivastava17_embedding-as-service.server.embedding_as_service.text.xlnet.models,tpu_estimator,,_create_global_step,13,3,1
amansrivastava17_embedding-as-service.server.embedding_as_service.text.xlnet.models,tpu_estimator,,_create_or_get_iterations_per_loop,20,2,0
amansrivastava17_embedding-as-service.server.embedding_as_service.text.xlnet.models,tpu_estimator,,_sync_variables_ops,10,1,1
amansrivastava17_embedding-as-service.server.embedding_as_service.text.xlnet.models,tpu_estimator,,_increase_eval_step_op,7,1,1
amansrivastava17_embedding-as-service.server.embedding_as_service.text.xlnet.models,tpu_estimator,,_extract_key_names,4,1,1
amansrivastava17_embedding-as-service.server.embedding_as_service.text.xlnet.models,tpu_estimator,,generate_per_core_enqueue_ops_fn_for_host,37,2,5
amansrivastava17_embedding-as-service.server.embedding_as_service.text.xlnet.models,tpu_estimator,,generate_per_host_enqueue_ops_fn_for_host,67,4,6
amansrivastava17_embedding-as-service.server.embedding_as_service.text.xlnet.models,tpu_estimator,,generate_per_host_v2_enqueue_ops_fn_for_host,80,7,5
amansrivastava17_embedding-as-service.server.embedding_as_service.text.xlnet.models,tpu_estimator,,generate_broadcast_enqueue_ops_fn,70,4,4
amansrivastava17_embedding-as-service.server.embedding_as_service.text.xlnet.models,tpu_estimator,,_export_output_to_tensors,12,2,1
amansrivastava17_embedding-as-service.server.embedding_as_service.text.xlnet.models,tpu_estimator,,_clone_export_output_with_tensors,19,4,2
amansrivastava17_embedding-as-service.server.embedding_as_service.text.xlnet.models,tpu_estimator,,_eval_on_tpu_system,24,1,3
amansrivastava17_embedding-as-service.server.embedding_as_service.text.xlnet.models,tpu_estimator,,_train_on_tpu_system,25,1,3
amansrivastava17_embedding-as-service.server.embedding_as_service.text.xlnet.models,tpu_estimator,,_predict_on_tpu_system,24,-1,3
amansrivastava17_embedding-as-service.server.embedding_as_service.text.xlnet.models,tpu_estimator,,_wrap_computation_in_while_loop,11,0,2
amansrivastava17_embedding-as-service.server.embedding_as_service.text.xlnet.models,tpu_estimator,,_wrap_computation_in_while_loop_with_stopping_signals,15,-1,2
amansrivastava17_embedding-as-service.server.embedding_as_service.text.xlnet.models,tpu_estimator,,_validate_tpu_training_graph,9,2,0
amansrivastava17_embedding-as-service.server.embedding_as_service.text.xlnet.models,tpu_estimator,,_get_scaffold,19,4,1
amansrivastava17_embedding-as-service.server.embedding_as_service.text.xlnet.models,tpu_estimator,,_verify_cross_hosts_transfer_size,18,3,2
amansrivastava17_embedding-as-service.server.embedding_as_service.text.xlnet.models,tpu_estimator,,_add_item_to_params,10,3,3
amansrivastava17_embedding-as-service.server.embedding_as_service.text.xlnet.models,tpu_estimator,,export_estimator_savedmodel,14,1,7
amansrivastava17_embedding-as-service.server.embedding_as_service.text.xlnet.models,train,,get_model_fn,51,2,0
amansrivastava17_embedding-as-service.server.embedding_as_service.text.xlnet.models,train,,get_cache_fn,16,2,1
amansrivastava17_embedding-as-service.server.embedding_as_service.text.xlnet.models,train,,get_input_fn,20,1,1
amansrivastava17_embedding-as-service.server.embedding_as_service.text.xlnet.models,train,,main,24,2,1
amansrivastava17_embedding-as-service.server.embedding_as_service.text.xlnet.models,train_gpu,,get_model_fn,18,0,0
amansrivastava17_embedding-as-service.server.embedding_as_service.text.xlnet.models,train_gpu,,single_core_graph,8,1,3
amansrivastava17_embedding-as-service.server.embedding_as_service.text.xlnet.models,train_gpu,,create_mems_tf,5,1,1
amansrivastava17_embedding-as-service.server.embedding_as_service.text.xlnet.models,train_gpu,,initialize_mems_np,5,1,1
amansrivastava17_embedding-as-service.server.embedding_as_service.text.xlnet.models,train_gpu,,train,104,18,1
amansrivastava17_embedding-as-service.server.embedding_as_service.text.xlnet.models,train_gpu,,main,8,2,1
amansrivastava17_embedding-as-service.server.embedding_as_service.text.xlnet.models,xlnet,XLNetConfig,__init__,8,4,2
amansrivastava17_embedding-as-service.server.embedding_as_service.text.xlnet.models,xlnet,XLNetConfig,init_from_flags,3,2,1
amansrivastava17_embedding-as-service.server.embedding_as_service.text.xlnet.models,xlnet,XLNetConfig,init_from_json,5,2,1
amansrivastava17_embedding-as-service.server.embedding_as_service.text.xlnet.models,xlnet,XLNetConfig,to_json,9,3,1
amansrivastava17_embedding-as-service.server.embedding_as_service.text.xlnet.models,xlnet,RunConfig,__init__,16,1,13
amansrivastava17_embedding-as-service.server.embedding_as_service.text.xlnet.models,xlnet,XLNetModel,__init__,44,1,9
amansrivastava17_embedding-as-service.server.embedding_as_service.text.xlnet.models,xlnet,XLNetModel,get_pooled_out,19,1,2
amansrivastava17_embedding-as-service.server.embedding_as_service.text.xlnet.models,xlnet,XLNetModel,get_sequence_output,4,1,0
amansrivastava17_embedding-as-service.server.embedding_as_service.text.xlnet.models,xlnet,XLNetModel,get_new_memory,4,1,0
amansrivastava17_embedding-as-service.server.embedding_as_service.text.xlnet.models,xlnet,XLNetModel,get_embedding_table,4,1,0
amansrivastava17_embedding-as-service.server.embedding_as_service.text.xlnet.models,xlnet,XLNetModel,get_initializer,4,1,0
amansrivastava17_embedding-as-service.server.embedding_as_service.text.xlnet.models,xlnet,,_get_initializer,13,3,1
amansrivastava17_embedding-as-service.server.embedding_as_service.text.xlnet.models,xlnet,,create_run_config,19,2,3
amansrivastava17_embedding-as-service.server.tests,test_utils,,test_any2unicode,3,1,0
