Package,Module,Class,Function,LOC,CC,PC
colearninglounge_co-learning-lounge.Technology.Artificial Intelligence.Natural Language Processing.Concepts.Chatbot.Alexa.restaurant_bot,Services,BingLocationExtractor,__init__,3,1,0
colearninglounge_co-learning-lounge.Technology.Artificial Intelligence.Natural Language Processing.Concepts.Chatbot.Alexa.restaurant_bot,Services,BingLocationExtractor,getLocationInfo,17,2,1
colearninglounge_co-learning-lounge.Technology.Artificial Intelligence.Natural Language Processing.Concepts.Chatbot.Alexa.restaurant_bot,Services,Zomato,__init__,3,1,0
colearninglounge_co-learning-lounge.Technology.Artificial Intelligence.Natural Language Processing.Concepts.Chatbot.Alexa.restaurant_bot,Services,Zomato,getZomatoLocationInfo,18,2,1
colearninglounge_co-learning-lounge.Technology.Artificial Intelligence.Natural Language Processing.Concepts.Chatbot.Alexa.restaurant_bot,Services,Zomato,get_cuisines,17,2,1
colearninglounge_co-learning-lounge.Technology.Artificial Intelligence.Natural Language Processing.Concepts.Chatbot.Alexa.restaurant_bot,Services,Zomato,get_cuisine_id,5,1,2
colearninglounge_co-learning-lounge.Technology.Artificial Intelligence.Natural Language Processing.Concepts.Chatbot.Alexa.restaurant_bot,Services,Zomato,get_all_restraunts,19,2,2
colearninglounge_co-learning-lounge.Technology.Artificial Intelligence.Natural Language Processing.Concepts.Chatbot.Alexa.restaurant_bot,Services,Zomato,get_all_restraunts_without_cuisne,20,2,1
colearninglounge_co-learning-lounge.Technology.Artificial Intelligence.Natural Language Processing.Concepts.Chatbot.Alexa.restaurant_bot,lambda_function,LaunchRequestHandler,can_handle,2,1,1
colearninglounge_co-learning-lounge.Technology.Artificial Intelligence.Natural Language Processing.Concepts.Chatbot.Alexa.restaurant_bot,lambda_function,LaunchRequestHandler,handle,9,1,1
colearninglounge_co-learning-lounge.Technology.Artificial Intelligence.Natural Language Processing.Concepts.Chatbot.Alexa.restaurant_bot,lambda_function,InProgressRestaurnatSearchIntent,can_handle,3,2,1
colearninglounge_co-learning-lounge.Technology.Artificial Intelligence.Natural Language Processing.Concepts.Chatbot.Alexa.restaurant_bot,lambda_function,InProgressRestaurnatSearchIntent,handle,34,7,1
colearninglounge_co-learning-lounge.Technology.Artificial Intelligence.Natural Language Processing.Concepts.Chatbot.Alexa.restaurant_bot,lambda_function,RestaurnatSearchIntent,can_handle,3,2,1
colearninglounge_co-learning-lounge.Technology.Artificial Intelligence.Natural Language Processing.Concepts.Chatbot.Alexa.restaurant_bot,lambda_function,RestaurnatSearchIntent,handle,48,9,1
colearninglounge_co-learning-lounge.Technology.Artificial Intelligence.Natural Language Processing.Concepts.Chatbot.Alexa.restaurant_bot,lambda_function,FallbackIntentHandler,can_handle,2,1,1
colearninglounge_co-learning-lounge.Technology.Artificial Intelligence.Natural Language Processing.Concepts.Chatbot.Alexa.restaurant_bot,lambda_function,FallbackIntentHandler,handle,7,1,1
colearninglounge_co-learning-lounge.Technology.Artificial Intelligence.Natural Language Processing.Concepts.Chatbot.Alexa.restaurant_bot,lambda_function,HelpIntentHandler,can_handle,2,1,1
colearninglounge_co-learning-lounge.Technology.Artificial Intelligence.Natural Language Processing.Concepts.Chatbot.Alexa.restaurant_bot,lambda_function,HelpIntentHandler,handle,6,1,1
colearninglounge_co-learning-lounge.Technology.Artificial Intelligence.Natural Language Processing.Concepts.Chatbot.Alexa.restaurant_bot,lambda_function,ExitIntentHandler,can_handle,3,2,1
colearninglounge_co-learning-lounge.Technology.Artificial Intelligence.Natural Language Processing.Concepts.Chatbot.Alexa.restaurant_bot,lambda_function,ExitIntentHandler,handle,5,1,1
colearninglounge_co-learning-lounge.Technology.Artificial Intelligence.Natural Language Processing.Concepts.Chatbot.Alexa.restaurant_bot,lambda_function,SessionEndedRequestHandler,can_handle,2,1,1
colearninglounge_co-learning-lounge.Technology.Artificial Intelligence.Natural Language Processing.Concepts.Chatbot.Alexa.restaurant_bot,lambda_function,SessionEndedRequestHandler,handle,5,1,1
colearninglounge_co-learning-lounge.Technology.Artificial Intelligence.Natural Language Processing.Concepts.Chatbot.Alexa.restaurant_bot,lambda_function,CatchAllExceptionHandler,can_handle,2,1,2
colearninglounge_co-learning-lounge.Technology.Artificial Intelligence.Natural Language Processing.Concepts.Chatbot.Alexa.restaurant_bot,lambda_function,CatchAllExceptionHandler,handle,5,1,2
colearninglounge_co-learning-lounge.Technology.Artificial Intelligence.Natural Language Processing.Concepts.Chatbot.Alexa.restaurant_bot,lambda_function,RequestLogger,process,3,1,1
colearninglounge_co-learning-lounge.Technology.Artificial Intelligence.Natural Language Processing.Concepts.Chatbot.Alexa.restaurant_bot,lambda_function,ResponseLogger,process,2,1,2
colearninglounge_co-learning-lounge.Technology.Artificial Intelligence.Natural Language Processing.Concepts.Chatbot.Alexa.restaurant_bot,lambda_function,,get_resolved_value,8,1,2
colearninglounge_co-learning-lounge.Technology.Artificial Intelligence.Natural Language Processing.Concepts.Chatbot.Alexa.restaurant_bot,lambda_function,,get_slot_values,31,5,1
colearninglounge_co-learning-lounge.Technology.Artificial Intelligence.Natural Language Processing.Concepts.Chatbot.RASA.restaurant_bot_1_x,actions,RestaurantForm,name,2,1,0
colearninglounge_co-learning-lounge.Technology.Artificial Intelligence.Natural Language Processing.Concepts.Chatbot.RASA.restaurant_bot_1_x,actions,RestaurantForm,required_slots,2,1,1
colearninglounge_co-learning-lounge.Technology.Artificial Intelligence.Natural Language Processing.Concepts.Chatbot.RASA.restaurant_bot_1_x,actions,RestaurantForm,slot_mappings,15,1,0
colearninglounge_co-learning-lounge.Technology.Artificial Intelligence.Natural Language Processing.Concepts.Chatbot.RASA.restaurant_bot_1_x,actions,RestaurantForm,validate_phone_num,9,1,4
colearninglounge_co-learning-lounge.Technology.Artificial Intelligence.Natural Language Processing.Concepts.Chatbot.RASA.restaurant_bot_1_x,actions,RestaurantForm,submit,3,1,3
colearninglounge_co-learning-lounge.Technology.Artificial Intelligence.Natural Language Processing.Concepts.Chatbot.RASA.restaurant_bot_1_x,actions,ActionGetDateTime,name,2,1,0
colearninglounge_co-learning-lounge.Technology.Artificial Intelligence.Natural Language Processing.Concepts.Chatbot.RASA.restaurant_bot_1_x,actions,ActionGetDateTime,run,10,1,3
colearninglounge_co-learning-lounge.Technology.Artificial Intelligence.Natural Language Processing.Concepts.Chatbot.RASA.restaurant_bot_1_x,actions,BingLocationExtractor,__init__,3,1,0
colearninglounge_co-learning-lounge.Technology.Artificial Intelligence.Natural Language Processing.Concepts.Chatbot.RASA.restaurant_bot_1_x,actions,BingLocationExtractor,getLocationInfo,16,2,2
colearninglounge_co-learning-lounge.Technology.Artificial Intelligence.Natural Language Processing.Concepts.Chatbot.RASA.restaurant_bot_1_x,actions,ActionSetLocation,name,2,1,0
colearninglounge_co-learning-lounge.Technology.Artificial Intelligence.Natural Language Processing.Concepts.Chatbot.RASA.restaurant_bot_1_x,actions,ActionSetLocation,run,6,1,3
colearninglounge_co-learning-lounge.Technology.Artificial Intelligence.Natural Language Processing.Concepts.Chatbot.RASA.restaurant_bot_1_x,actions,BotGreet,name,2,1,0
colearninglounge_co-learning-lounge.Technology.Artificial Intelligence.Natural Language Processing.Concepts.Chatbot.RASA.restaurant_bot_1_x,actions,BotGreet,run,18,1,3
colearninglounge_co-learning-lounge.Technology.Artificial Intelligence.Natural Language Processing.Concepts.Chatbot.RASA.restaurant_bot_1_x,actions,Zomato,__init__,3,1,0
colearninglounge_co-learning-lounge.Technology.Artificial Intelligence.Natural Language Processing.Concepts.Chatbot.RASA.restaurant_bot_1_x,actions,Zomato,getZomatoLocationInfo,17,2,1
colearninglounge_co-learning-lounge.Technology.Artificial Intelligence.Natural Language Processing.Concepts.Chatbot.RASA.restaurant_bot_1_x,actions,Zomato,get_cuisines,16,2,1
colearninglounge_co-learning-lounge.Technology.Artificial Intelligence.Natural Language Processing.Concepts.Chatbot.RASA.restaurant_bot_1_x,actions,Zomato,get_cuisine_id,5,1,2
colearninglounge_co-learning-lounge.Technology.Artificial Intelligence.Natural Language Processing.Concepts.Chatbot.RASA.restaurant_bot_1_x,actions,Zomato,get_all_restraunts,23,2,2
colearninglounge_co-learning-lounge.Technology.Artificial Intelligence.Natural Language Processing.Concepts.Chatbot.RASA.restaurant_bot_1_x,actions,Zomato,get_all_restraunts_without_cuisne,21,2,1
colearninglounge_co-learning-lounge.Technology.Artificial Intelligence.Natural Language Processing.Concepts.Chatbot.RASA.restaurant_bot_1_x,actions,GetRestaurantsWithoutCuisine,name,2,1,0
colearninglounge_co-learning-lounge.Technology.Artificial Intelligence.Natural Language Processing.Concepts.Chatbot.RASA.restaurant_bot_1_x,actions,GetRestaurantsWithoutCuisine,run,46,4,3
colearninglounge_co-learning-lounge.Technology.Artificial Intelligence.Natural Language Processing.Concepts.Chatbot.RASA.restaurant_bot_1_x,actions,ActionShowRestaurants,name,2,1,0
colearninglounge_co-learning-lounge.Technology.Artificial Intelligence.Natural Language Processing.Concepts.Chatbot.RASA.restaurant_bot_1_x,actions,ActionShowRestaurants,run,59,6,3
colearninglounge_co-learning-lounge.Technology.Artificial Intelligence.Natural Language Processing.Concepts.Chatbot.RASA.restaurant_bot_1_x,location,LocationExtractor,__init__,5,1,1
colearninglounge_co-learning-lounge.Technology.Artificial Intelligence.Natural Language Processing.Concepts.Chatbot.RASA.restaurant_bot_1_x,location,LocationExtractor,train,2,1,2
colearninglounge_co-learning-lounge.Technology.Artificial Intelligence.Natural Language Processing.Concepts.Chatbot.RASA.restaurant_bot_1_x,location,LocationExtractor,convert_to_rasa,5,1,1
colearninglounge_co-learning-lounge.Technology.Artificial Intelligence.Natural Language Processing.Concepts.Chatbot.RASA.restaurant_bot_1_x,location,LocationExtractor,process,10,2,1
colearninglounge_co-learning-lounge.Technology.Artificial Intelligence.Natural Language Processing.Concepts.Chatbot.RASA.restaurant_bot_1_x,location,LocationExtractor,persist,2,1,2
colearninglounge_co-learning-lounge.Technology.Artificial Intelligence.Natural Language Processing.Concepts.Chatbot.RASA.restaurant_bot_2_0,actions,ValidateRestaurantForm,name,2,1,0
colearninglounge_co-learning-lounge.Technology.Artificial Intelligence.Natural Language Processing.Concepts.Chatbot.RASA.restaurant_bot_2_0,actions,ValidateRestaurantForm,validate_phone_num,9,1,4
colearninglounge_co-learning-lounge.Technology.Artificial Intelligence.Natural Language Processing.Concepts.Chatbot.RASA.restaurant_bot_2_0,actions,ActionGetDateTime,name,2,1,0
colearninglounge_co-learning-lounge.Technology.Artificial Intelligence.Natural Language Processing.Concepts.Chatbot.RASA.restaurant_bot_2_0,actions,ActionGetDateTime,run,10,1,3
colearninglounge_co-learning-lounge.Technology.Artificial Intelligence.Natural Language Processing.Concepts.Chatbot.RASA.restaurant_bot_2_0,actions,BingLocationExtractor,__init__,3,1,0
colearninglounge_co-learning-lounge.Technology.Artificial Intelligence.Natural Language Processing.Concepts.Chatbot.RASA.restaurant_bot_2_0,actions,BingLocationExtractor,getLocationInfo,16,2,2
colearninglounge_co-learning-lounge.Technology.Artificial Intelligence.Natural Language Processing.Concepts.Chatbot.RASA.restaurant_bot_2_0,actions,ActionSetLocation,name,2,1,0
colearninglounge_co-learning-lounge.Technology.Artificial Intelligence.Natural Language Processing.Concepts.Chatbot.RASA.restaurant_bot_2_0,actions,ActionSetLocation,run,6,1,3
colearninglounge_co-learning-lounge.Technology.Artificial Intelligence.Natural Language Processing.Concepts.Chatbot.RASA.restaurant_bot_2_0,actions,BotGreet,name,2,1,0
colearninglounge_co-learning-lounge.Technology.Artificial Intelligence.Natural Language Processing.Concepts.Chatbot.RASA.restaurant_bot_2_0,actions,BotGreet,run,18,1,3
colearninglounge_co-learning-lounge.Technology.Artificial Intelligence.Natural Language Processing.Concepts.Chatbot.RASA.restaurant_bot_2_0,actions,Zomato,__init__,3,1,0
colearninglounge_co-learning-lounge.Technology.Artificial Intelligence.Natural Language Processing.Concepts.Chatbot.RASA.restaurant_bot_2_0,actions,Zomato,getZomatoLocationInfo,17,2,1
colearninglounge_co-learning-lounge.Technology.Artificial Intelligence.Natural Language Processing.Concepts.Chatbot.RASA.restaurant_bot_2_0,actions,Zomato,get_cuisines,16,2,1
colearninglounge_co-learning-lounge.Technology.Artificial Intelligence.Natural Language Processing.Concepts.Chatbot.RASA.restaurant_bot_2_0,actions,Zomato,get_cuisine_id,5,1,2
colearninglounge_co-learning-lounge.Technology.Artificial Intelligence.Natural Language Processing.Concepts.Chatbot.RASA.restaurant_bot_2_0,actions,Zomato,get_all_restraunts,23,2,2
colearninglounge_co-learning-lounge.Technology.Artificial Intelligence.Natural Language Processing.Concepts.Chatbot.RASA.restaurant_bot_2_0,actions,Zomato,get_all_restraunts_without_cuisne,21,2,1
colearninglounge_co-learning-lounge.Technology.Artificial Intelligence.Natural Language Processing.Concepts.Chatbot.RASA.restaurant_bot_2_0,actions,GetRestaurantsWithoutCuisine,name,2,1,0
colearninglounge_co-learning-lounge.Technology.Artificial Intelligence.Natural Language Processing.Concepts.Chatbot.RASA.restaurant_bot_2_0,actions,GetRestaurantsWithoutCuisine,run,46,4,3
colearninglounge_co-learning-lounge.Technology.Artificial Intelligence.Natural Language Processing.Concepts.Chatbot.RASA.restaurant_bot_2_0,actions,ActionShowRestaurants,name,2,1,0
colearninglounge_co-learning-lounge.Technology.Artificial Intelligence.Natural Language Processing.Concepts.Chatbot.RASA.restaurant_bot_2_0,actions,ActionShowRestaurants,run,59,6,3
colearninglounge_co-learning-lounge.Technology.Artificial Intelligence.Natural Language Processing.Concepts.Chatbot.RASA.restaurant_bot_2_0,location,LocationExtractor,__init__,5,1,1
colearninglounge_co-learning-lounge.Technology.Artificial Intelligence.Natural Language Processing.Concepts.Chatbot.RASA.restaurant_bot_2_0,location,LocationExtractor,train,2,1,2
colearninglounge_co-learning-lounge.Technology.Artificial Intelligence.Natural Language Processing.Concepts.Chatbot.RASA.restaurant_bot_2_0,location,LocationExtractor,convert_to_rasa,5,1,1
colearninglounge_co-learning-lounge.Technology.Artificial Intelligence.Natural Language Processing.Concepts.Chatbot.RASA.restaurant_bot_2_0,location,LocationExtractor,process,10,2,1
colearninglounge_co-learning-lounge.Technology.Artificial Intelligence.Natural Language Processing.Concepts.Chatbot.RASA.restaurant_bot_2_0,location,LocationExtractor,persist,2,1,2
colearninglounge_co-learning-lounge.Technology.Artificial Intelligence.Natural Language Processing.Concepts.Machine Translation,bahdanau_attention,ToyDataset,__init__,5,1,2
colearninglounge_co-learning-lounge.Technology.Artificial Intelligence.Natural Language Processing.Concepts.Machine Translation,bahdanau_attention,ToyDataset,__getitem__,3,1,1
colearninglounge_co-learning-lounge.Technology.Artificial Intelligence.Natural Language Processing.Concepts.Machine Translation,bahdanau_attention,ToyDataset,__len__,2,1,0
colearninglounge_co-learning-lounge.Technology.Artificial Intelligence.Natural Language Processing.Concepts.Machine Translation,bahdanau_attention,ToyDataset,preprocess,4,1,2
colearninglounge_co-learning-lounge.Technology.Artificial Intelligence.Natural Language Processing.Concepts.Machine Translation,bahdanau_attention,Encoder,__init__,5,1,5
colearninglounge_co-learning-lounge.Technology.Artificial Intelligence.Natural Language Processing.Concepts.Machine Translation,bahdanau_attention,Encoder,forward,5,1,1
colearninglounge_co-learning-lounge.Technology.Artificial Intelligence.Natural Language Processing.Concepts.Machine Translation,bahdanau_attention,BahdanauAttention,__init__,8,1,1
colearninglounge_co-learning-lounge.Technology.Artificial Intelligence.Natural Language Processing.Concepts.Machine Translation,bahdanau_attention,BahdanauAttention,forward,10,1,2
colearninglounge_co-learning-lounge.Technology.Artificial Intelligence.Natural Language Processing.Concepts.Machine Translation,bahdanau_attention,Decoder,__init__,8,1,6
colearninglounge_co-learning-lounge.Technology.Artificial Intelligence.Natural Language Processing.Concepts.Machine Translation,bahdanau_attention,Decoder,forward,14,1,3
colearninglounge_co-learning-lounge.Technology.Artificial Intelligence.Natural Language Processing.Concepts.Machine Translation,bahdanau_attention,Seq2Seq,__init__,4,1,2
colearninglounge_co-learning-lounge.Technology.Artificial Intelligence.Natural Language Processing.Concepts.Machine Translation,bahdanau_attention,Seq2Seq,forward,14,2,3
colearninglounge_co-learning-lounge.Technology.Artificial Intelligence.Natural Language Processing.Concepts.Machine Translation,bahdanau_attention,,generate_sample,8,2,1
colearninglounge_co-learning-lounge.Technology.Artificial Intelligence.Natural Language Processing.Concepts.Machine Translation,bahdanau_attention,,generate_data,10,2,1
colearninglounge_co-learning-lounge.Technology.Artificial Intelligence.Natural Language Processing.Concepts.Machine Translation,bahdanau_attention,,collate_fn,13,1,1
colearninglounge_co-learning-lounge.Technology.Artificial Intelligence.Natural Language Processing.Concepts.Machine Translation,bahdanau_attention,,get_loader,12,2,4
colearninglounge_co-learning-lounge.Technology.Artificial Intelligence.Natural Language Processing.Concepts.Machine Translation,bahdanau_attention,,init_weights,3,2,1
colearninglounge_co-learning-lounge.Technology.Artificial Intelligence.Natural Language Processing.Concepts.Machine Translation,bahdanau_attention,,count_parameters,2,1,1
colearninglounge_co-learning-lounge.Technology.Artificial Intelligence.Natural Language Processing.Concepts.Machine Translation,bahdanau_attention,,train,19,2,5
colearninglounge_co-learning-lounge.Technology.Artificial Intelligence.Natural Language Processing.Concepts.Machine Translation,bahdanau_attention,,evaluate,18,2,3
colearninglounge_co-learning-lounge.Technology.Artificial Intelligence.Natural Language Processing.Concepts.Machine Translation,bahdanau_attention,,epoch_time,5,1,2
colearninglounge_co-learning-lounge.Technology.Artificial Intelligence.Natural Language Processing.Concepts.Machine Translation,bahdanau_attention,,inference,23,3,3
