Package,Module,Class,Function,LOC,CC,PC
dwadden_dygiepp.dygie.data.dataset_readers,document,Dataset,__init__,2,1,1
dwadden_dygiepp.dygie.data.dataset_readers,document,Dataset,__getitem__,2,1,1
dwadden_dygiepp.dygie.data.dataset_readers,document,Dataset,__len__,2,1,0
dwadden_dygiepp.dygie.data.dataset_readers,document,Dataset,__repr__,2,1,0
dwadden_dygiepp.dygie.data.dataset_readers,document,Dataset,from_jsonl,7,2,2
dwadden_dygiepp.dygie.data.dataset_readers,document,Dataset,to_jsonl,5,2,1
dwadden_dygiepp.dygie.data.dataset_readers,document,Document,__init__,9,1,8
dwadden_dygiepp.dygie.data.dataset_readers,document,Document,from_json,39,5,2
dwadden_dygiepp.dygie.data.dataset_readers,document,Document,_check_fields,11,4,1
dwadden_dygiepp.dygie.data.dataset_readers,document,Document,to_json,17,6,0
dwadden_dygiepp.dygie.data.dataset_readers,document,Document,split,42,8,1
dwadden_dygiepp.dygie.data.dataset_readers,document,Document,__repr__,2,1,0
dwadden_dygiepp.dygie.data.dataset_readers,document,Document,__getitem__,2,1,1
dwadden_dygiepp.dygie.data.dataset_readers,document,Document,__len__,2,1,0
dwadden_dygiepp.dygie.data.dataset_readers,document,Document,print_plaintext,3,2,0
dwadden_dygiepp.dygie.data.dataset_readers,document,Document,n_tokens,2,1,0
dwadden_dygiepp.dygie.data.dataset_readers,document,Document,find_cluster,8,3,1
dwadden_dygiepp.dygie.data.dataset_readers,document,Document,n_tokens,2,1,0
dwadden_dygiepp.dygie.data.dataset_readers,document,Sentence,__init__,41,8,3
dwadden_dygiepp.dygie.data.dataset_readers,document,Sentence,to_json,17,8,0
dwadden_dygiepp.dygie.data.dataset_readers,document,Sentence,__repr__,9,2,0
dwadden_dygiepp.dygie.data.dataset_readers,document,Sentence,__len__,2,1,0
dwadden_dygiepp.dygie.data.dataset_readers,document,Span,__init__,5,1,4
dwadden_dygiepp.dygie.data.dataset_readers,document,Span,start_doc,2,1,0
dwadden_dygiepp.dygie.data.dataset_readers,document,Span,end_doc,2,1,0
dwadden_dygiepp.dygie.data.dataset_readers,document,Span,span_doc,2,1,0
dwadden_dygiepp.dygie.data.dataset_readers,document,Span,span_sent,2,1,0
dwadden_dygiepp.dygie.data.dataset_readers,document,Span,text,2,1,0
dwadden_dygiepp.dygie.data.dataset_readers,document,Span,__repr__,2,1,0
dwadden_dygiepp.dygie.data.dataset_readers,document,Span,__eq__,4,2,1
dwadden_dygiepp.dygie.data.dataset_readers,document,Span,__hash__,3,1,0
dwadden_dygiepp.dygie.data.dataset_readers,document,Token,__init__,3,1,3
dwadden_dygiepp.dygie.data.dataset_readers,document,Token,ix_doc,2,1,0
dwadden_dygiepp.dygie.data.dataset_readers,document,Token,text,2,1,0
dwadden_dygiepp.dygie.data.dataset_readers,document,Token,__repr__,2,1,0
dwadden_dygiepp.dygie.data.dataset_readers,document,Trigger,__init__,5,1,3
dwadden_dygiepp.dygie.data.dataset_readers,document,Trigger,__repr__,2,1,0
dwadden_dygiepp.dygie.data.dataset_readers,document,Trigger,to_json,2,1,0
dwadden_dygiepp.dygie.data.dataset_readers,document,PredictedTrigger,__init__,4,1,3
dwadden_dygiepp.dygie.data.dataset_readers,document,PredictedTrigger,__repr__,2,1,0
dwadden_dygiepp.dygie.data.dataset_readers,document,PredictedTrigger,to_json,2,1,0
dwadden_dygiepp.dygie.data.dataset_readers,document,Argument,__init__,4,1,4
dwadden_dygiepp.dygie.data.dataset_readers,document,Argument,__repr__,2,1,0
dwadden_dygiepp.dygie.data.dataset_readers,document,Argument,__eq__,4,2,1
dwadden_dygiepp.dygie.data.dataset_readers,document,Argument,__hash__,2,1,0
dwadden_dygiepp.dygie.data.dataset_readers,document,Argument,to_json,2,1,0
dwadden_dygiepp.dygie.data.dataset_readers,document,PredictedArgument,__init__,4,1,4
dwadden_dygiepp.dygie.data.dataset_readers,document,PredictedArgument,__repr__,2,1,0
dwadden_dygiepp.dygie.data.dataset_readers,document,PredictedArgument,to_json,2,1,0
dwadden_dygiepp.dygie.data.dataset_readers,document,NER,__init__,3,1,3
dwadden_dygiepp.dygie.data.dataset_readers,document,NER,__repr__,2,1,0
dwadden_dygiepp.dygie.data.dataset_readers,document,NER,__eq__,3,2,1
dwadden_dygiepp.dygie.data.dataset_readers,document,NER,to_json,2,1,0
dwadden_dygiepp.dygie.data.dataset_readers,document,PredictedNER,__init__,4,1,3
dwadden_dygiepp.dygie.data.dataset_readers,document,PredictedNER,__repr__,2,1,0
dwadden_dygiepp.dygie.data.dataset_readers,document,PredictedNER,to_json,2,1,0
dwadden_dygiepp.dygie.data.dataset_readers,document,Relation,__init__,8,1,3
dwadden_dygiepp.dygie.data.dataset_readers,document,Relation,__repr__,2,1,0
dwadden_dygiepp.dygie.data.dataset_readers,document,Relation,__eq__,2,2,1
dwadden_dygiepp.dygie.data.dataset_readers,document,Relation,to_json,2,1,0
dwadden_dygiepp.dygie.data.dataset_readers,document,PredictedRelation,__init__,4,1,3
dwadden_dygiepp.dygie.data.dataset_readers,document,PredictedRelation,__repr__,2,1,0
dwadden_dygiepp.dygie.data.dataset_readers,document,PredictedRelation,to_json,2,1,0
dwadden_dygiepp.dygie.data.dataset_readers,document,EventBase,__init__,8,2,3
dwadden_dygiepp.dygie.data.dataset_readers,document,EventBase,to_json,5,1,0
dwadden_dygiepp.dygie.data.dataset_readers,document,EventBase,__repr__,7,2,0
dwadden_dygiepp.dygie.data.dataset_readers,document,EventsBase,__init__,17,3,3
dwadden_dygiepp.dygie.data.dataset_readers,document,EventsBase,to_json,2,1,0
dwadden_dygiepp.dygie.data.dataset_readers,document,EventsBase,__len__,2,1,0
dwadden_dygiepp.dygie.data.dataset_readers,document,EventsBase,__getitem__,2,1,1
dwadden_dygiepp.dygie.data.dataset_readers,document,EventsBase,__repr__,2,1,0
dwadden_dygiepp.dygie.data.dataset_readers,document,EventsBase,span_matches,3,1,1
dwadden_dygiepp.dygie.data.dataset_readers,document,EventsBase,event_type_matches,3,1,1
dwadden_dygiepp.dygie.data.dataset_readers,document,EventsBase,matches_except_event_type,5,2,1
dwadden_dygiepp.dygie.data.dataset_readers,document,EventsBase,exact_match,5,2,1
dwadden_dygiepp.dygie.data.dataset_readers,document,Cluster,__init__,19,5,4
dwadden_dygiepp.dygie.data.dataset_readers,document,Cluster,to_json,2,1,0
dwadden_dygiepp.dygie.data.dataset_readers,document,Cluster,__repr__,2,1,0
dwadden_dygiepp.dygie.data.dataset_readers,document,Cluster,__getitem__,2,1,1
dwadden_dygiepp.dygie.data.dataset_readers,document,Cluster,__len__,2,1,0
dwadden_dygiepp.dygie.data.dataset_readers,document,ClusterMember,__init__,4,1,3
dwadden_dygiepp.dygie.data.dataset_readers,document,ClusterMember,__repr__,2,1,0
dwadden_dygiepp.dygie.data.dataset_readers,document,,format_float,2,1,1
dwadden_dygiepp.dygie.data.dataset_readers,document,,get_sentence_of_span,10,3,3
dwadden_dygiepp.dygie.data.dataset_readers,document,,update_sentences_with_clusters,10,4,2
dwadden_dygiepp.dygie.data.dataset_readers,document,,update_sentences_with_event_clusters,10,4,2
dwadden_dygiepp.dygie.data.dataset_readers,dygie,DyGIEReader,__init__,4,2,2
dwadden_dygiepp.dygie.data.dataset_readers,dygie,DyGIEReader,_read,9,2,1
dwadden_dygiepp.dygie.data.dataset_readers,dygie,DyGIEReader,_too_long,2,1,1
dwadden_dygiepp.dygie.data.dataset_readers,dygie,DyGIEReader,_process_ner,8,3,2
dwadden_dygiepp.dygie.data.dataset_readers,dygie,DyGIEReader,_process_coref,8,3,2
dwadden_dygiepp.dygie.data.dataset_readers,dygie,DyGIEReader,_process_relations,12,4,2
dwadden_dygiepp.dygie.data.dataset_readers,dygie,DyGIEReader,_process_events,14,4,2
dwadden_dygiepp.dygie.data.dataset_readers,dygie,DyGIEReader,_process_sentence,35,6,2
dwadden_dygiepp.dygie.data.dataset_readers,dygie,DyGIEReader,_process_sentence_fields,13,4,1
dwadden_dygiepp.dygie.data.dataset_readers,dygie,DyGIEReader,text_to_instance,12,2,1
dwadden_dygiepp.dygie.data.dataset_readers,dygie,DyGIEReader,_instances_from_cache_file,4,2,1
dwadden_dygiepp.dygie.data.dataset_readers,dygie,DyGIEReader,_instances_to_cache_file,3,1,2
dwadden_dygiepp.dygie.data.dataset_readers,dygie,DyGIEReader,_normalize_word,5,2,1
dwadden_dygiepp.dygie.data.fields,adjacency_field_assym,AdjacencyFieldAssym,__init__,19,6,6
dwadden_dygiepp.dygie.data.fields,adjacency_field_assym,AdjacencyFieldAssym,_maybe_warn_for_namespace,9,4,1
dwadden_dygiepp.dygie.data.fields,adjacency_field_assym,AdjacencyFieldAssym,count_vocab_items,4,4,1
dwadden_dygiepp.dygie.data.fields,adjacency_field_assym,AdjacencyFieldAssym,index,4,3,1
dwadden_dygiepp.dygie.data.fields,adjacency_field_assym,AdjacencyFieldAssym,get_padding_lengths,3,1,0
dwadden_dygiepp.dygie.data.fields,adjacency_field_assym,AdjacencyFieldAssym,as_tensor,8,3,1
dwadden_dygiepp.dygie.data.fields,adjacency_field_assym,AdjacencyFieldAssym,empty_field,7,1,0
dwadden_dygiepp.dygie.data.fields,adjacency_field_assym,AdjacencyFieldAssym,__str__,10,1,0
dwadden_dygiepp.dygie.models,coref,CorefResolver,__init__,26,1,9
dwadden_dygiepp.dygie.models,coref,CorefResolver,update_spans,20,5,3
dwadden_dygiepp.dygie.models,coref,CorefResolver,coref_propagation,4,2,1
dwadden_dygiepp.dygie.models,coref,CorefResolver,coref_propagation_doc,38,3,1
dwadden_dygiepp.dygie.models,coref,CorefResolver,compute_representations,24,5,6
dwadden_dygiepp.dygie.models,coref,CorefResolver,predict_labels,4,2,2
dwadden_dygiepp.dygie.models,coref,CorefResolver,collect_losses,23,6,1
dwadden_dygiepp.dygie.models,coref,CorefResolver,_compute_representations_doc,39,1,7
dwadden_dygiepp.dygie.models,coref,CorefResolver,get_coref_scores,13,1,5
dwadden_dygiepp.dygie.models,coref,CorefResolver,predict_labels_doc,46,2,1
dwadden_dygiepp.dygie.models,coref,CorefResolver,make_output_human_readable,41,5,1
dwadden_dygiepp.dygie.models,coref,CorefResolver,get_metrics,7,1,1
dwadden_dygiepp.dygie.models,coref,CorefResolver,_generate_valid_antecedents,9,1,3
dwadden_dygiepp.dygie.models,coref,CorefResolver,_compute_span_pair_embeddings,18,1,3
dwadden_dygiepp.dygie.models,coref,CorefResolver,_compute_antecedent_gold_labels,11,1,2
dwadden_dygiepp.dygie.models,coref,CorefResolver,_compute_coreference_scores,12,1,4
dwadden_dygiepp.dygie.models,coref,CorefResolver,_flatten_spans,11,1,4
dwadden_dygiepp.dygie.models,coref,CorefResolver,_flatten_coref_labels,6,1,2
dwadden_dygiepp.dygie.models,coref,CorefResolver,_make_evaluation_metadata,14,4,2
dwadden_dygiepp.dygie.models,dygie,DyGIE,__init__,45,2,12
dwadden_dygiepp.dygie.models,dygie,DyGIE,_get_display_metrics,14,2,1
dwadden_dygiepp.dygie.models,dygie,DyGIE,_debatch,2,1,1
dwadden_dygiepp.dygie.models,dygie,DyGIE,forward,61,11,8
dwadden_dygiepp.dygie.models,dygie,DyGIE,update_span_embeddings,9,5,5
dwadden_dygiepp.dygie.models,dygie,DyGIE,make_output_human_readable,22,8,1
dwadden_dygiepp.dygie.models,dygie,DyGIE,get_metrics,24,3,1
dwadden_dygiepp.dygie.models,entity_beam_pruner,Pruner,__init__,7,3,4
dwadden_dygiepp.dygie.models,entity_beam_pruner,Pruner,forward,48,8,5
dwadden_dygiepp.dygie.models,entity_beam_pruner,,make_pruner,8,1,3
dwadden_dygiepp.dygie.models,events,EventExtractor,__init__,54,4,9
dwadden_dygiepp.dygie.models,events,EventExtractor,forward,69,3,10
dwadden_dygiepp.dygie.models,events,EventExtractor,_compute_trig_arg_embeddings,13,1,4
dwadden_dygiepp.dygie.models,events,EventExtractor,_compute_distance_embeddings,15,1,2
dwadden_dygiepp.dygie.models,events,EventExtractor,_compute_trigger_scores,11,1,2
dwadden_dygiepp.dygie.models,events,EventExtractor,_compute_argument_scores,18,2,5
dwadden_dygiepp.dygie.models,events,EventExtractor,predict,13,2,2
dwadden_dygiepp.dygie.models,events,EventExtractor,_decode_trigger,15,3,1
dwadden_dygiepp.dygie.models,events,EventExtractor,_decode_arguments,20,4,2
dwadden_dygiepp.dygie.models,events,EventExtractor,_assemble_predictions,15,3,3
dwadden_dygiepp.dygie.models,events,EventExtractor,_get_pruned_gold_arguments,13,2,5
dwadden_dygiepp.dygie.models,events,EventExtractor,_get_trigger_loss,7,1,3
dwadden_dygiepp.dygie.models,events,EventExtractor,_get_argument_loss,8,1,2
dwadden_dygiepp.dygie.models,events,EventExtractor,get_metrics,15,3,1
dwadden_dygiepp.dygie.models,ner,NERTagger,__init__,20,3,4
dwadden_dygiepp.dygie.models,ner,NERTagger,forward,30,2,6
dwadden_dygiepp.dygie.models,ner,NERTagger,predict,22,3,4
dwadden_dygiepp.dygie.models,ner,NERTagger,get_metrics,15,3,1
dwadden_dygiepp.dygie.models,relation,RelationExtractor,__init__,26,2,7
dwadden_dygiepp.dygie.models,relation,RelationExtractor,forward,31,2,6
dwadden_dygiepp.dygie.models,relation,RelationExtractor,_prune_spans,13,1,4
dwadden_dygiepp.dygie.models,relation,RelationExtractor,predict,10,2,4
dwadden_dygiepp.dygie.models,relation,RelationExtractor,_predict_sentence,25,2,4
dwadden_dygiepp.dygie.models,relation,RelationExtractor,get_metrics,15,3,1
dwadden_dygiepp.dygie.models,relation,RelationExtractor,_compute_span_pair_embeddings,12,1,1
dwadden_dygiepp.dygie.models,relation,RelationExtractor,_compute_relation_scores,16,1,2
dwadden_dygiepp.dygie.models,relation,RelationExtractor,_get_pruned_gold_relations,12,2,3
dwadden_dygiepp.dygie.models,relation,RelationExtractor,_get_cross_entropy_loss,8,1,2
dwadden_dygiepp.dygie.models,shared,,cumsum_shifted,6,1,1
dwadden_dygiepp.dygie.models,shared,,batch_identity,6,1,2
dwadden_dygiepp.dygie.models,shared,,fields_to_batches,14,3,2
dwadden_dygiepp.dygie.models,shared,,batches_to_fields,12,5,1
dwadden_dygiepp.dygie.predictors,dygie,DyGIEPredictor,__init__,2,1,2
dwadden_dygiepp.dygie.predictors,dygie,DyGIEPredictor,predict,2,1,1
dwadden_dygiepp.dygie.predictors,dygie,DyGIEPredictor,predict_tokenized,3,1,1
dwadden_dygiepp.dygie.predictors,dygie,DyGIEPredictor,dump_line,2,1,1
dwadden_dygiepp.dygie.predictors,dygie,DyGIEPredictor,predict_instance,22,2,1
dwadden_dygiepp.dygie.spacy_interface,spacy_interface,DygieppPipe,__init__,8,1,3
dwadden_dygiepp.dygie.spacy_interface,spacy_interface,DygieppPipe,__call__,13,1,1
dwadden_dygiepp.dygie.spacy_interface,spacy_interface,,prepare_spacy_doc,80,23,2
dwadden_dygiepp.dygie.tests.data,annotated_doc_test,TestEnt,setUp,33,1,0
dwadden_dygiepp.dygie.tests.data,annotated_doc_test,TestEnt,tearDown,2,1,0
dwadden_dygiepp.dygie.tests.data,annotated_doc_test,TestEnt,test_format_ner_dygiepp,4,1,0
dwadden_dygiepp.dygie.tests.data,annotated_doc_test,TestBinRel,setUp,50,1,0
dwadden_dygiepp.dygie.tests.data,annotated_doc_test,TestBinRel,tearDown,2,1,0
dwadden_dygiepp.dygie.tests.data,annotated_doc_test,TestBinRel,test_set_arg_objects,4,1,0
dwadden_dygiepp.dygie.tests.data,annotated_doc_test,TestBinRel,test_set_arg_objects_disjoint,4,1,0
dwadden_dygiepp.dygie.tests.data,annotated_doc_test,TestBinRel,test_set_arg_objects_missing_arg,4,1,0
dwadden_dygiepp.dygie.tests.data,annotated_doc_test,TestBinRel,test_format_bin_rels_dygiepp,7,1,0
dwadden_dygiepp.dygie.tests.data,annotated_doc_test,TestBinRel,test_format_bin_rels_dygiepp_missing_arg,6,1,0
dwadden_dygiepp.dygie.tests.data,annotated_doc_test,TestEvent,setUp,50,1,0
dwadden_dygiepp.dygie.tests.data,annotated_doc_test,TestEvent,tearDown,2,1,0
dwadden_dygiepp.dygie.tests.data,annotated_doc_test,TestEvent,test_set_arg_objects,6,1,0
dwadden_dygiepp.dygie.tests.data,annotated_doc_test,TestEvent,test_format_events_dygiepp,6,1,0
dwadden_dygiepp.dygie.tests.data,annotated_doc_test,TestEvent,test_set_arg_objects_missing_ann,8,1,0
dwadden_dygiepp.dygie.tests.data,annotated_doc_test,TestEvent,test_format_events_dygiepp_missing_ann,6,1,0
dwadden_dygiepp.dygie.tests.data,annotated_doc_test,TestEquivRel,setUp,47,1,0
dwadden_dygiepp.dygie.tests.data,annotated_doc_test,TestEquivRel,tearDown,2,1,0
dwadden_dygiepp.dygie.tests.data,annotated_doc_test,TestEquivRel,test_set_arg_objects,9,1,0
dwadden_dygiepp.dygie.tests.data,annotated_doc_test,TestEquivRel,test_format_corefs_dygiepp,7,1,0
dwadden_dygiepp.dygie.tests.data,annotated_doc_test,TestEquivRel,test_set_arg_objects_missing_ann,11,1,0
dwadden_dygiepp.dygie.tests.data,annotated_doc_test,TestEquivRel,test_format_corefs_dygiepp_missing_ann,7,1,0
dwadden_dygiepp.dygie.tests.data,annotated_doc_test,TestAnnotatedDoc,setUp,39,1,0
dwadden_dygiepp.dygie.tests.data,annotated_doc_test,TestAnnotatedDoc,tearDown,2,1,0
dwadden_dygiepp.dygie.tests.data,annotated_doc_test,TestAnnotatedDoc,test_char_to_token,13,1,0
dwadden_dygiepp.dygie.tests.data,annotated_doc_test,TestAnnotatedDoc,test_format_dygiepp,9,1,0
dwadden_dygiepp.dygie.tests.data,annotated_doc_test,TestQualityCheck,setUp,763,1,0
dwadden_dygiepp.dygie.tests.data,annotated_doc_test,TestQualityCheck,test_merge_mult_splits_no_merge_no_multi,3,1,0
dwadden_dygiepp.dygie.tests.data,annotated_doc_test,TestQualityCheck,test_merge_mult_splits_no_merge_yes_multi,3,1,0
dwadden_dygiepp.dygie.tests.data,annotated_doc_test,TestQualityCheck,test_merge_mult_splits_yes_merge_no_multi,3,1,0
dwadden_dygiepp.dygie.tests.data,annotated_doc_test,TestQualityCheck,test_merge_mult_splits_yes_merge_yes_multi_no_overlap,4,1,0
dwadden_dygiepp.dygie.tests.data,annotated_doc_test,TestQualityCheck,test_merge_mult_splits_yes_merge_yes_multi_yes_overlap,3,1,0
dwadden_dygiepp.dygie.tests.data,annotated_doc_test,TestQualityCheck,test_merge_mult_splits_only_one_merge_pair,3,1,0
dwadden_dygiepp.dygie.tests.data,annotated_doc_test,TestQualityCheck,test_quality_check_bioinfer_single,4,1,0
dwadden_dygiepp.dygie.tests.data,annotated_doc_test,TestQualityCheck,test_quality_check_pickle_mult_no_overlaps_or_merges,4,1,0
dwadden_dygiepp.dygie.tests.data,annotated_doc_test,TestQualityCheck,test_quality_check_pickle_mult_subsequent_merges,4,1,0
dwadden_dygiepp.dygie.tests.data,annotated_doc_test,TestQualityCheck,test_quality_check_seedev_true_cross_sent_rel,3,1,0
dwadden_dygiepp.dygie.tests.data,annotated_doc_test,TestDropCounters,setUp,104,1,0
dwadden_dygiepp.dygie.tests.data,annotated_doc_test,TestDropCounters,test_entity_counters_simple,10,1,0
dwadden_dygiepp.dygie.tests.data,annotated_doc_test,TestDropCounters,test_relation_counters_simple,10,1,0
dwadden_dygiepp.dygie.tests.data,annotated_doc_test,TestDropCounters,test_entity_counters_complex,10,1,0
dwadden_dygiepp.dygie.tests.data,annotated_doc_test,TestDropCounters,test_relation_counters_complex,10,1,0
dwadden_dygiepp.dygie.tests.data,collate_test,TestCollate,setUp,5,1,0
dwadden_dygiepp.dygie.tests.data,collate_test,TestCollate,tearDown,2,1,0
dwadden_dygiepp.dygie.tests.data,collate_test,TestCollate,is_same,7,2,2
dwadden_dygiepp.dygie.tests.data,collate_test,TestCollate,files_same,17,6,2
dwadden_dygiepp.dygie.tests.data,collate_test,TestCollate,check_collate,13,2,1
dwadden_dygiepp.dygie.tests.data,collate_test,TestCollate,test_collate,3,2,0
dwadden_dygiepp.dygie.tests.data,collate_test,,load_jsonl,3,1,1
dwadden_dygiepp.dygie.tests.data,document_test,TestDocument,setUp,3,1,0
dwadden_dygiepp.dygie.tests.data,document_test,TestDocument,tearDown,2,1,0
dwadden_dygiepp.dygie.tests.data,document_test,TestDocument,is_same,7,2,2
dwadden_dygiepp.dygie.tests.data,document_test,TestDocument,check_document,11,1,1
dwadden_dygiepp.dygie.tests.data,document_test,TestDocument,test_document,3,2,0
dwadden_dygiepp.dygie.tests.data,dygie_test,TestDygieReader,setUp,3,1,0
dwadden_dygiepp.dygie.tests.data,dygie_test,TestDygieReader,tearDown,2,1,0
dwadden_dygiepp.dygie.tests.data,dygie_test,TestDygieReader,test_tokens_correct_scierc,6,1,0
dwadden_dygiepp.dygie.tests.data,dygie_test,TestDygieReader,test_ner_correct_scierc,12,6,0
dwadden_dygiepp.dygie.tests.data,dygie_test,TestDygieReader,test_relation_correct_scierc,14,2,0
dwadden_dygiepp.dygie.tests.data,dygie_test,TestDygieReader,test_coref_correct_scierc,23,4,0
dwadden_dygiepp.dygie.tests.data,dygie_test,TestDygieReader,test_vocab_size_correct_scierc,5,1,0
dwadden_dygiepp.dygie.tests.data,spacy_interface_test,TestSpacyInterface,setUp,18,1,0
dwadden_dygiepp.dygie.tests.data,spacy_interface_test,TestSpacyInterface,test_relation,6,1,0
dwadden_dygiepp.dygie.tests.data,spacy_interface_test,TestSpacyInterface,test_span_based_entity,4,1,0
dwadden_dygiepp.dygie.tests.data,spacy_interface_test,TestSpacyInterface,test_spacy_entity,3,1,0
dwadden_dygiepp.dygie.tests.models,coref_test,TestCoref,setUp,5,1,0
dwadden_dygiepp.dygie.tests.models,coref_test,TestCoref,get_raw_data,6,2,0
dwadden_dygiepp.dygie.tests.models,coref_test,TestCoref,test_coref_make_evaluation_metadata,14,1,0
dwadden_dygiepp.dygie.tests.models,dygie_test,TestDyGIE,setUp,5,1,0
dwadden_dygiepp.dygie.tests.models,dygie_test,TestDyGIE,test_dygie_model_can_train_save_and_load,2,1,0
dwadden_dygiepp.dygie.tests.models,relation_test,TestRelation,setUp,5,1,0
dwadden_dygiepp.dygie.tests.models,relation_test,TestRelation,test_decode,26,1,0
dwadden_dygiepp.dygie.tests.models,relation_test,TestRelation,test_compute_span_pair_embeddings,11,1,0
dwadden_dygiepp.dygie.tests.models,relation_test,TestRelation,test_compute_relation_scores,14,1,0
dwadden_dygiepp.dygie.tests.models,relation_test,TestRelation,test_get_pruned_gold_relations,22,1,0
dwadden_dygiepp.dygie.tests.models,relation_test,TestRelation,test_cross_entropy_ignore_index,19,5,0
dwadden_dygiepp.dygie.training,event_metrics,EventMetrics,__init__,2,1,0
dwadden_dygiepp.dygie.training,event_metrics,EventMetrics,__call__,12,2,2
dwadden_dygiepp.dygie.training,event_metrics,EventMetrics,_score_triggers,10,4,2
dwadden_dygiepp.dygie.training,event_metrics,EventMetrics,_score_arguments,26,5,4
dwadden_dygiepp.dygie.training,event_metrics,EventMetrics,get_metric,13,2,1
dwadden_dygiepp.dygie.training,event_metrics,EventMetrics,reset,9,1,0
dwadden_dygiepp.dygie.training,event_metrics,ArgumentStats,__init__,2,1,0
dwadden_dygiepp.dygie.training,event_metrics,ArgumentStats,__call__,12,3,1
dwadden_dygiepp.dygie.training,event_metrics,ArgumentStats,get_metric,8,2,1
dwadden_dygiepp.dygie.training,event_metrics,ArgumentStats,reset,3,1,0
dwadden_dygiepp.dygie.training,event_metrics,,_invert_arguments,10,3,2
dwadden_dygiepp.dygie.training,f1,,safe_div,5,1,2
dwadden_dygiepp.dygie.training,f1,,compute_f1,5,1,3
dwadden_dygiepp.dygie.training,ner_metrics,NERMetrics,__init__,4,1,2
dwadden_dygiepp.dygie.training,ner_metrics,NERMetrics,__call__,11,3,3
dwadden_dygiepp.dygie.training,ner_metrics,NERMetrics,get_metric,10,2,1
dwadden_dygiepp.dygie.training,ner_metrics,NERMetrics,reset,5,1,0
dwadden_dygiepp.dygie.training,relation_metrics,RelationMetrics,__init__,2,1,0
dwadden_dygiepp.dygie.training,relation_metrics,RelationMetrics,__call__,9,5,2
dwadden_dygiepp.dygie.training,relation_metrics,RelationMetrics,get_metric,5,2,1
dwadden_dygiepp.dygie.training,relation_metrics,RelationMetrics,reset,4,1,0
dwadden_dygiepp.scripts.data.ace-event,parse_ace_event,TokSpan,align,5,1,1
dwadden_dygiepp.scripts.data.ace-event,parse_ace_event,TokSpan,adjust,8,4,1
dwadden_dygiepp.scripts.data.ace-event,parse_ace_event,TokSpan,adjust_spans_doc,2,1,1
dwadden_dygiepp.scripts.data.ace-event,parse_ace_event,Entity,to_json,2,1,0
dwadden_dygiepp.scripts.data.ace-event,parse_ace_event,Relation,align,3,1,1
dwadden_dygiepp.scripts.data.ace-event,parse_ace_event,Relation,adjust,3,1,1
dwadden_dygiepp.scripts.data.ace-event,parse_ace_event,Relation,adjust_spans_doc,3,1,1
dwadden_dygiepp.scripts.data.ace-event,parse_ace_event,Relation,to_json,2,1,0
dwadden_dygiepp.scripts.data.ace-event,parse_ace_event,Event,align,4,2,1
dwadden_dygiepp.scripts.data.ace-event,parse_ace_event,Event,adjust,4,2,1
dwadden_dygiepp.scripts.data.ace-event,parse_ace_event,Event,adjust_spans_doc,4,2,1
dwadden_dygiepp.scripts.data.ace-event,parse_ace_event,Event,to_json,11,2,0
dwadden_dygiepp.scripts.data.ace-event,parse_ace_event,Entry,align,7,4,0
dwadden_dygiepp.scripts.data.ace-event,parse_ace_event,Entry,remove_whitespace,9,3,0
dwadden_dygiepp.scripts.data.ace-event,parse_ace_event,Entry,adjust,7,4,1
dwadden_dygiepp.scripts.data.ace-event,parse_ace_event,Entry,adjust_spans_doc,8,4,1
dwadden_dygiepp.scripts.data.ace-event,parse_ace_event,Entry,to_json,9,1,0
dwadden_dygiepp.scripts.data.ace-event,parse_ace_event,Entry,is_real,10,1,0
dwadden_dygiepp.scripts.data.ace-event,parse_ace_event,Doc,__init__,3,1,2
dwadden_dygiepp.scripts.data.ace-event,parse_ace_event,Doc,remove_whitespace,4,2,0
dwadden_dygiepp.scripts.data.ace-event,parse_ace_event,Doc,adjust_spans_doc,7,2,0
dwadden_dygiepp.scripts.data.ace-event,parse_ace_event,Doc,to_json,10,2,0
dwadden_dygiepp.scripts.data.ace-event,parse_ace_event,Document,__init__,26,2,9
dwadden_dygiepp.scripts.data.ace-event,parse_ace_event,Document,_make_nlp,77,23,1
dwadden_dygiepp.scripts.data.ace-event,parse_ace_event,Document,_load_text,13,2,1
dwadden_dygiepp.scripts.data.ace-event,parse_ace_event,Document,_get_chars,17,4,3
dwadden_dygiepp.scripts.data.ace-event,parse_ace_event,Document,_populate_entity_list,74,15,0
dwadden_dygiepp.scripts.data.ace-event,parse_ace_event,Document,_populate_entity_lookup,2,1,0
dwadden_dygiepp.scripts.data.ace-event,parse_ace_event,Document,_populate_event_list,57,13,0
dwadden_dygiepp.scripts.data.ace-event,parse_ace_event,Document,_populate_relation_list,68,20,0
dwadden_dygiepp.scripts.data.ace-event,parse_ace_event,Document,_check_in_range,9,3,2
dwadden_dygiepp.scripts.data.ace-event,parse_ace_event,Document,_sentence_get_ner,25,6,1
dwadden_dygiepp.scripts.data.ace-event,parse_ace_event,Document,_sentence_get_relations,17,3,1
dwadden_dygiepp.scripts.data.ace-event,parse_ace_event,Document,_sentence_get_events,20,3,1
dwadden_dygiepp.scripts.data.ace-event,parse_ace_event,Document,_get_entry,6,1,1
dwadden_dygiepp.scripts.data.ace-event,parse_ace_event,Document,_check_all_seen,4,1,0
dwadden_dygiepp.scripts.data.ace-event,parse_ace_event,Document,to_json,45,11,0
dwadden_dygiepp.scripts.data.ace-event,parse_ace_event,,in_between,3,3,2
dwadden_dygiepp.scripts.data.ace-event,parse_ace_event,,debug_if,3,2,1
dwadden_dygiepp.scripts.data.ace-event,parse_ace_event,,get_token_indices,10,1,2
dwadden_dygiepp.scripts.data.ace-event,parse_ace_event,,get_token_of,5,4,2
dwadden_dygiepp.scripts.data.ace-event,parse_ace_event,,one_fold,16,3,7
dwadden_dygiepp.scripts.data.ace-event,parse_ace_event,,main,32,2,0
dwadden_dygiepp.scripts.data.ace05.preprocess,ace2json,,parseAce,27,3,3
dwadden_dygiepp.scripts.data.ace05.preprocess,ace2json,,parseStanfordOld,24,5,1
dwadden_dygiepp.scripts.data.ace05.preprocess,ace2json,,parseStanford,27,5,1
dwadden_dygiepp.scripts.data.ace05.preprocess,ace2json,,Ace2json,44,7,9
dwadden_dygiepp.scripts.data.ace05.preprocess,ace2json,,WriteDocs,5,2,2
dwadden_dygiepp.scripts.data.chemprot,02_chemprot_to_input,,get_entities_in_sent,7,1,2
dwadden_dygiepp.scripts.data.chemprot,02_chemprot_to_input,,align_one,19,6,2
dwadden_dygiepp.scripts.data.chemprot,02_chemprot_to_input,,align_entities,10,3,2
dwadden_dygiepp.scripts.data.chemprot,02_chemprot_to_input,,format_relations,8,2,1
dwadden_dygiepp.scripts.data.chemprot,02_chemprot_to_input,,get_relations_in_sent,11,4,2
dwadden_dygiepp.scripts.data.chemprot,02_chemprot_to_input,,one_abstract,44,2,3
dwadden_dygiepp.scripts.data.chemprot,02_chemprot_to_input,,one_fold,21,3,1
dwadden_dygiepp.scripts.data.chemprot,03_spot_check,,spot_check_fold,29,3,1
dwadden_dygiepp.scripts.data.chemprot,03_spot_check,,main,3,2,0
dwadden_dygiepp.scripts.data.chemprot,_old_02_chemprot_to_input,,read_abstract,12,2,1
dwadden_dygiepp.scripts.data.chemprot,_old_02_chemprot_to_input,,save_abstract_info,36,4,1
dwadden_dygiepp.scripts.data.chemprot,_old_02_chemprot_to_input,,read_entities,15,3,1
dwadden_dygiepp.scripts.data.chemprot,_old_02_chemprot_to_input,,save_entities_info,43,8,2
dwadden_dygiepp.scripts.data.chemprot,_old_02_chemprot_to_input,,read_relations,13,3,1
dwadden_dygiepp.scripts.data.chemprot,_old_02_chemprot_to_input,,save_relations,25,7,2
dwadden_dygiepp.scripts.data.chemprot,_old_02_chemprot_to_input,,process_fold,17,2,1
dwadden_dygiepp.scripts.data.chemprot,_old_02_chemprot_to_input,,main,3,2,0
dwadden_dygiepp.scripts.data.genia,align_articles,,make_lookups,25,0,0
dwadden_dygiepp.scripts.data.genia,align_articles,,create_matches,36,3,0
dwadden_dygiepp.scripts.data.genia,align_articles,,main,3,1,0
dwadden_dygiepp.scripts.data.genia,check_genia_xml_sutd,,check_against_xml_source,28,6,0
dwadden_dygiepp.scripts.data.genia,check_genia_xml_sutd,,check_against_sutd_processed,16,1,0
dwadden_dygiepp.scripts.data.genia,convert_to_json,,save_list,4,2,2
dwadden_dygiepp.scripts.data.genia,convert_to_json,,make_sentences,10,4,1
dwadden_dygiepp.scripts.data.genia,convert_to_json,,format_tag,9,1,2
dwadden_dygiepp.scripts.data.genia,convert_to_json,,no_tags,2,2,1
dwadden_dygiepp.scripts.data.genia,convert_to_json,,process_ner,8,1,2
dwadden_dygiepp.scripts.data.genia,convert_to_json,,sentence_to_json,5,1,2
dwadden_dygiepp.scripts.data.genia,convert_to_json,,doc_to_json,16,2,3
dwadden_dygiepp.scripts.data.genia,convert_to_json,,get_unique_ner_labels,6,3,1
dwadden_dygiepp.scripts.data.genia,convert_to_json,,format_fold,21,3,3
dwadden_dygiepp.scripts.data.genia,convert_to_json,,main,13,2,0
dwadden_dygiepp.scripts.data.genia,genia_xml_to_inline_sutd,Token,__init__,10,1,8
dwadden_dygiepp.scripts.data.genia,genia_xml_to_inline_sutd,Span,__init__,3,1,2
dwadden_dygiepp.scripts.data.genia,genia_xml_to_inline_sutd,Span,get_text,2,1,1
dwadden_dygiepp.scripts.data.genia,genia_xml_to_inline_sutd,Span,contains,2,2,1
dwadden_dygiepp.scripts.data.genia,genia_xml_to_inline_sutd,Span,overlaps,5,4,1
dwadden_dygiepp.scripts.data.genia,genia_xml_to_inline_sutd,Span,equals,2,2,1
dwadden_dygiepp.scripts.data.genia,genia_xml_to_inline_sutd,Span,__str__,2,1,0
dwadden_dygiepp.scripts.data.genia,genia_xml_to_inline_sutd,Span,__repr__,2,1,0
dwadden_dygiepp.scripts.data.genia,genia_xml_to_inline_sutd,Annotation,__init__,6,1,4
dwadden_dygiepp.scripts.data.genia,genia_xml_to_inline_sutd,Annotation,get_text,2,1,0
dwadden_dygiepp.scripts.data.genia,genia_xml_to_inline_sutd,Annotation,overlaps,6,3,1
dwadden_dygiepp.scripts.data.genia,genia_xml_to_inline_sutd,Annotation,contains,10,4,1
dwadden_dygiepp.scripts.data.genia,genia_xml_to_inline_sutd,Annotation,equals,9,2,1
dwadden_dygiepp.scripts.data.genia,genia_xml_to_inline_sutd,Annotation,__str__,2,1,0
dwadden_dygiepp.scripts.data.genia,genia_xml_to_inline_sutd,Annotation,__repr__,2,1,0
dwadden_dygiepp.scripts.data.genia,genia_xml_to_inline_sutd,Sentence,__init__,4,1,1
dwadden_dygiepp.scripts.data.genia,genia_xml_to_inline_sutd,Sentence,get_tokens,40,11,1
dwadden_dygiepp.scripts.data.genia,genia_xml_to_inline_sutd,Sentence,get_annotations,13,3,1
dwadden_dygiepp.scripts.data.genia,genia_xml_to_inline_sutd,Sentence,span_to_token,9,5,2
dwadden_dygiepp.scripts.data.genia,genia_xml_to_inline_sutd,Sentence,normalize_lex,2,1,1
dwadden_dygiepp.scripts.data.genia,genia_xml_to_inline_sutd,Sentence,process_annotation,48,14,4
dwadden_dygiepp.scripts.data.genia,genia_xml_to_inline_sutd,Sentence,parse_lex,11,4,2
dwadden_dygiepp.scripts.data.genia,genia_xml_to_inline_sutd,Sentence,split_lex,31,12,2
dwadden_dygiepp.scripts.data.genia,genia_xml_to_inline_sutd,Sentence,find_spans,54,15,3
dwadden_dygiepp.scripts.data.genia,genia_xml_to_inline_sutd,Article,__init__,4,1,1
dwadden_dygiepp.scripts.data.genia,genia_xml_to_inline_sutd,Article,get_sentences,6,2,1
dwadden_dygiepp.scripts.data.genia,genia_xml_to_inline_sutd,Article,get_doc_key,5,2,1
dwadden_dygiepp.scripts.data.genia,genia_xml_to_inline_sutd,,split_train_dev_test,8,1,4
dwadden_dygiepp.scripts.data.genia,genia_xml_to_inline_sutd,,filter_annotations,29,17,4
dwadden_dygiepp.scripts.data.genia,genia_xml_to_inline_sutd,,main,60,16,0
dwadden_dygiepp.scripts.data.genia,merge_coref,Coref,__init__,9,1,3
dwadden_dygiepp.scripts.data.genia,merge_coref,Coref,_get_span,32,4,2
dwadden_dygiepp.scripts.data.genia,merge_coref,Corefs,__init__,13,1,3
dwadden_dygiepp.scripts.data.genia,merge_coref,Corefs,_assign_parent_indices,7,3,2
dwadden_dygiepp.scripts.data.genia,merge_coref,Corefs,_get_coref_clusters,23,4,1
dwadden_dygiepp.scripts.data.genia,merge_coref,Corefs,_cleanup_coref_clusters,19,9,2
dwadden_dygiepp.scripts.data.genia,merge_coref,Corefs,_make_cluster_spans,8,3,1
dwadden_dygiepp.scripts.data.genia,merge_coref,,get_coref_types,17,3,0
dwadden_dygiepp.scripts.data.genia,merge_coref,,get_excluded,4,1,0
dwadden_dygiepp.scripts.data.genia,merge_coref,,one_fold,18,4,4
dwadden_dygiepp.scripts.data.genia,merge_coref,,get_clusters,6,2,3
dwadden_dygiepp.scripts.data.genia,merge_coref,,main,25,3,0
dwadden_dygiepp.scripts.data.genia,resolve_differences,,make_comparator,6,0,0
dwadden_dygiepp.scripts.data.genia,resolve_differences,,make_sentences,10,4,1
dwadden_dygiepp.scripts.data.genia,resolve_differences,,get_matching_sentences,6,2,2
dwadden_dygiepp.scripts.data.genia,resolve_differences,,fix_fold,23,7,1
dwadden_dygiepp.scripts.data.genia,resolve_differences,,main,5,3,0
dwadden_dygiepp.scripts.data.genia,shared,,save_list,4,2,2
dwadden_dygiepp.scripts.data.genia,shared,,load_list,8,2,2
dwadden_dygiepp.scripts.data.genia,shared,,flatten,4,1,1
dwadden_dygiepp.scripts.data.genia,shared,,find_sub_list,6,2,2
dwadden_dygiepp.scripts.data.genia,shared,,find_sub_lists,7,3,2
dwadden_dygiepp.scripts.data.genia,shared,,fields_to_batches,9,1,1
dwadden_dygiepp.scripts.data.shared,check_sentence_length,,get_args,9,1,0
dwadden_dygiepp.scripts.data.shared,check_sentence_length,,main,23,3,0
dwadden_dygiepp.scripts.data.shared,collate,Collator,__init__,8,1,4
dwadden_dygiepp.scripts.data.shared,collate,Collator,_reset_batch,4,1,0
dwadden_dygiepp.scripts.data.shared,collate,Collator,collate,37,4,0
dwadden_dygiepp.scripts.data.shared,collate,Collator,_get_dataset,7,2,1
dwadden_dygiepp.scripts.data.shared,collate,Collator,_get_weight,7,2,1
dwadden_dygiepp.scripts.data.shared,collate,Collator,_remove_clusters,6,3,0
dwadden_dygiepp.scripts.data.shared,collate,Collator,_sort_sentences,8,3,0
dwadden_dygiepp.scripts.data.shared,collate,CollateRunner,__init__,3,2,0
dwadden_dygiepp.scripts.data.shared,collate,CollateRunner,run,8,3,0
dwadden_dygiepp.scripts.data.shared,collate,CollateRunner,process_fold,8,1,1
dwadden_dygiepp.scripts.data.shared,collate,,get_args,24,1,1
dwadden_dygiepp.scripts.data.shared,collate,,main,4,1,0
dwadden_dygiepp.scripts.data.shared,normalize,Normalizer,__init__,3,2,0
dwadden_dygiepp.scripts.data.shared,normalize,Normalizer,normalize,5,2,0
dwadden_dygiepp.scripts.data.shared,normalize,Normalizer,process_fold,8,2,1
dwadden_dygiepp.scripts.data.shared,normalize,Normalizer,process_entry,7,2,1
dwadden_dygiepp.scripts.data.shared,normalize,,load_jsonl,2,1,1
dwadden_dygiepp.scripts.data.shared,normalize,,save_jsonl,4,2,2
dwadden_dygiepp.scripts.data.shared,normalize,,get_args,19,1,0
dwadden_dygiepp.scripts.data.shared,normalize,,main,4,1,0
dwadden_dygiepp.scripts.data.shared,uncollate,UnCollator,__init__,5,1,2
dwadden_dygiepp.scripts.data.shared,uncollate,UnCollator,_get_order,15,4,1
dwadden_dygiepp.scripts.data.shared,uncollate,UnCollator,_get_weight,7,2,1
dwadden_dygiepp.scripts.data.shared,uncollate,UnCollator,_get_dataset,5,2,1
dwadden_dygiepp.scripts.data.shared,uncollate,UnCollator,uncollate,12,4,0
dwadden_dygiepp.scripts.data.shared,uncollate,UnCollator,_uncollate_doc,21,4,2
dwadden_dygiepp.scripts.data.shared,uncollate,UnCollateRunner,__init__,3,2,0
dwadden_dygiepp.scripts.data.shared,uncollate,UnCollateRunner,run,8,3,0
dwadden_dygiepp.scripts.data.shared,uncollate,UnCollateRunner,process_fold,13,2,1
dwadden_dygiepp.scripts.data.shared,uncollate,,get_args,21,1,1
dwadden_dygiepp.scripts.data.shared,uncollate,,main,4,1,0
dwadden_dygiepp.scripts.debug,debug_forward_pass,,get_args,11,1,0
dwadden_dygiepp.scripts.debug,debug_forward_pass,,main,36,7,0
dwadden_dygiepp.scripts.debug,print_label_namespaces,,get_args,11,1,0
dwadden_dygiepp.scripts.debug,print_label_namespaces,,main,10,4,0
dwadden_dygiepp.scripts.new-dataset,annotated_doc,AnnotatedDoc,__init__,21,1,15
dwadden_dygiepp.scripts.new-dataset,annotated_doc,AnnotatedDoc,parse_ann,60,10,6
dwadden_dygiepp.scripts.new-dataset,annotated_doc,AnnotatedDoc,set_annotation_objects,6,1,0
dwadden_dygiepp.scripts.new-dataset,annotated_doc,AnnotatedDoc,format_dygiepp,48,8,0
dwadden_dygiepp.scripts.new-dataset,annotated_doc,AnnotatedDoc,char_to_token,57,6,0
dwadden_dygiepp.scripts.new-dataset,annotated_doc,AnnotatedDoc,quality_check_sent_splits,89,25,1
dwadden_dygiepp.scripts.new-dataset,annotated_doc,AnnotatedDoc,merge_mult_splits,28,6,1
dwadden_dygiepp.scripts.new-dataset,annotated_doc,Ent,__init__,10,1,1
dwadden_dygiepp.scripts.new-dataset,annotated_doc,Ent,set_tok_start_end,5,1,2
dwadden_dygiepp.scripts.new-dataset,annotated_doc,Ent,format_ner_dygiepp,15,4,2
dwadden_dygiepp.scripts.new-dataset,annotated_doc,BinRel,__init__,6,1,1
dwadden_dygiepp.scripts.new-dataset,annotated_doc,BinRel,set_arg_objects,18,6,1
dwadden_dygiepp.scripts.new-dataset,annotated_doc,BinRel,format_bin_rels_dygiepp,44,9,2
dwadden_dygiepp.scripts.new-dataset,annotated_doc,Event,__init__,9,2,1
dwadden_dygiepp.scripts.new-dataset,annotated_doc,Event,set_arg_objects,14,2,1
dwadden_dygiepp.scripts.new-dataset,annotated_doc,Event,format_events_dygiepp,76,13,2
dwadden_dygiepp.scripts.new-dataset,annotated_doc,EquivRel,__init__,3,1,1
dwadden_dygiepp.scripts.new-dataset,annotated_doc,EquivRel,set_arg_objects,8,3,1
dwadden_dygiepp.scripts.new-dataset,annotated_doc,EquivRel,format_corefs_dygiepp,25,6,1
dwadden_dygiepp.scripts.new-dataset,brat_to_input,,format_annotated_document,18,1,4
dwadden_dygiepp.scripts.new-dataset,brat_to_input,,get_paired_files,24,8,1
dwadden_dygiepp.scripts.new-dataset,brat_to_input,,format_labeled_dataset,41,3,5
dwadden_dygiepp.scripts.new-dataset,brat_to_input,,get_args,26,1,0
dwadden_dygiepp.scripts.new-dataset,brat_to_input,,main,3,1,0
dwadden_dygiepp.scripts.new-dataset,format_new_dataset,,format_document,9,1,3
dwadden_dygiepp.scripts.new-dataset,format_new_dataset,,format_dataset,8,2,4
dwadden_dygiepp.scripts.new-dataset,format_new_dataset,,get_args,12,1,0
dwadden_dygiepp.scripts.new-dataset,format_new_dataset,,main,3,1,0
dwadden_dygiepp.scripts.tuning,optuna_train,,objective,22,1,1
