Package,Module,Class,Smell,Function/Method,Line no,File,Details
wjmaddox_swa_gaussian,setup,,Long statement,,14,/Volumes/BrokeExt/NICHE/wjmaddox_swa_gaussian/setup.py,A line with 694 chars in setup exceeds the maximum length of 120 characters.
wjmaddox_swa_gaussian.experiments.ensembling,bn_updates_fraction,,Long statement,,17,/Volumes/BrokeExt/NICHE/wjmaddox_swa_gaussian/experiments/ensembling/bn_updates_fraction.py,A line with 140 chars in bn_updates_fraction exceeds the maximum length of 120 characters.
wjmaddox_swa_gaussian.experiments.ensembling,bn_updates_fraction,,Long statement,,24,/Volumes/BrokeExt/NICHE/wjmaddox_swa_gaussian/experiments/ensembling/bn_updates_fraction.py,A line with 135 chars in bn_updates_fraction exceeds the maximum length of 120 characters.
wjmaddox_swa_gaussian.experiments.ensembling,bn_updates_fraction,,Long statement,,100,/Volumes/BrokeExt/NICHE/wjmaddox_swa_gaussian/experiments/ensembling/bn_updates_fraction.py,A line with 191 chars in bn_updates_fraction exceeds the maximum length of 120 characters.
wjmaddox_swa_gaussian.experiments.ensembling,bn_updates_fraction,,Long statement,,111,/Volumes/BrokeExt/NICHE/wjmaddox_swa_gaussian/experiments/ensembling/bn_updates_fraction.py,A line with 157 chars in bn_updates_fraction exceeds the maximum length of 120 characters.
wjmaddox_swa_gaussian.experiments.ensembling,bn_updates_fraction,,Long statement,,177,/Volumes/BrokeExt/NICHE/wjmaddox_swa_gaussian/experiments/ensembling/bn_updates_fraction.py,A line with 149 chars in bn_updates_fraction exceeds the maximum length of 120 characters.
wjmaddox_swa_gaussian.experiments.ensembling,ensembling,,Long statement,,18,/Volumes/BrokeExt/NICHE/wjmaddox_swa_gaussian/experiments/ensembling/ensembling.py,A line with 140 chars in ensembling exceeds the maximum length of 120 characters.
wjmaddox_swa_gaussian.experiments.ensembling,ensembling,,Long statement,,25,/Volumes/BrokeExt/NICHE/wjmaddox_swa_gaussian/experiments/ensembling/ensembling.py,A line with 135 chars in ensembling exceeds the maximum length of 120 characters.
wjmaddox_swa_gaussian.experiments.ensembling,ensembling,,Long statement,,53,/Volumes/BrokeExt/NICHE/wjmaddox_swa_gaussian/experiments/ensembling/ensembling.py,A line with 148 chars in ensembling exceeds the maximum length of 120 characters.
wjmaddox_swa_gaussian.experiments.ensembling,ensembling,,Long statement,,80,/Volumes/BrokeExt/NICHE/wjmaddox_swa_gaussian/experiments/ensembling/ensembling.py,A line with 137 chars in ensembling exceeds the maximum length of 120 characters.
wjmaddox_swa_gaussian.experiments.ensembling,ensembling,,Long statement,,104,/Volumes/BrokeExt/NICHE/wjmaddox_swa_gaussian/experiments/ensembling/ensembling.py,A line with 246 chars in ensembling exceeds the maximum length of 120 characters.
wjmaddox_swa_gaussian.experiments.ensembling,ensembling,,Long statement,,119,/Volumes/BrokeExt/NICHE/wjmaddox_swa_gaussian/experiments/ensembling/ensembling.py,A line with 171 chars in ensembling exceeds the maximum length of 120 characters.
wjmaddox_swa_gaussian.experiments.ensembling,swa_ecdf_ensembles,,Long statement,,15,/Volumes/BrokeExt/NICHE/wjmaddox_swa_gaussian/experiments/ensembling/swa_ecdf_ensembles.py,A line with 122 chars in swa_ecdf_ensembles exceeds the maximum length of 120 characters.
wjmaddox_swa_gaussian.experiments.ensembling,swa_ecdf_ensembles,,Long statement,,27,/Volumes/BrokeExt/NICHE/wjmaddox_swa_gaussian/experiments/ensembling/swa_ecdf_ensembles.py,A line with 140 chars in swa_ecdf_ensembles exceeds the maximum length of 120 characters.
wjmaddox_swa_gaussian.experiments.ensembling,swa_ecdf_ensembles,,Long statement,,34,/Volumes/BrokeExt/NICHE/wjmaddox_swa_gaussian/experiments/ensembling/swa_ecdf_ensembles.py,A line with 135 chars in swa_ecdf_ensembles exceeds the maximum length of 120 characters.
wjmaddox_swa_gaussian.experiments.ensembling,swa_ecdf_ensembles,,Long statement,,62,/Volumes/BrokeExt/NICHE/wjmaddox_swa_gaussian/experiments/ensembling/swa_ecdf_ensembles.py,A line with 122 chars in swa_ecdf_ensembles exceeds the maximum length of 120 characters.
wjmaddox_swa_gaussian.experiments.ensembling,swa_ecdf_ensembles,,Long statement,,119,/Volumes/BrokeExt/NICHE/wjmaddox_swa_gaussian/experiments/ensembling/swa_ecdf_ensembles.py,A line with 211 chars in swa_ecdf_ensembles exceeds the maximum length of 120 characters.
wjmaddox_swa_gaussian.experiments.ensembling,swa_ecdf_ensembles,,Magic number,find_models,93,/Volumes/BrokeExt/NICHE/wjmaddox_swa_gaussian/experiments/ensembling/swa_ecdf_ensembles.py,Magic number 161 used in find_models.
wjmaddox_swa_gaussian.experiments.ensembling,swa_ecdf_ensembles,,Magic number,find_models,93,/Volumes/BrokeExt/NICHE/wjmaddox_swa_gaussian/experiments/ensembling/swa_ecdf_ensembles.py,Magic number 325 used in find_models.
wjmaddox_swa_gaussian.experiments.grad_cov,grad_cov_utils,,Complex method,train_epoch,60 - 136,/Volumes/BrokeExt/NICHE/wjmaddox_swa_gaussian/experiments/grad_cov/grad_cov_utils.py,"Method 'train_epoch' has a cyclomatic complexity of 10, exceeding the max of 6."
wjmaddox_swa_gaussian.experiments.grad_cov,grad_cov_utils,,Long method,train_epoch,60 - 136,/Volumes/BrokeExt/NICHE/wjmaddox_swa_gaussian/experiments/grad_cov/grad_cov_utils.py,Method 'train_epoch' is too long (61 lines).
wjmaddox_swa_gaussian.experiments.grad_cov,grad_cov_utils,,Long parameter list,train_epoch,60 - 136,/Volumes/BrokeExt/NICHE/wjmaddox_swa_gaussian/experiments/grad_cov/grad_cov_utils.py,"train_epoch has 9 parameters, exceeding the max of 5."
wjmaddox_swa_gaussian.experiments.grad_cov,grad_cov_utils,,Long statement,train_epoch,122,/Volumes/BrokeExt/NICHE/wjmaddox_swa_gaussian/experiments/grad_cov/grad_cov_utils.py,A line with 146 chars in train_epoch exceeds the maximum length of 120 characters.
wjmaddox_swa_gaussian.experiments.grad_cov,grad_cov_utils,,Long statement,train_epoch,134,/Volumes/BrokeExt/NICHE/wjmaddox_swa_gaussian/experiments/grad_cov/grad_cov_utils.py,A line with 130 chars in train_epoch exceeds the maximum length of 120 characters.
wjmaddox_swa_gaussian.experiments.grad_cov,grad_cov_utils,,Magic number,collect_grads,26,/Volumes/BrokeExt/NICHE/wjmaddox_swa_gaussian/experiments/grad_cov/grad_cov_utils.py,Magic number 2.0 used in collect_grads.
wjmaddox_swa_gaussian.experiments.grad_cov,grad_cov_utils,,Magic number,compute_opt_lr,35,/Volumes/BrokeExt/NICHE/wjmaddox_swa_gaussian/experiments/grad_cov/grad_cov_utils.py,Magic number 2 used in compute_opt_lr.
wjmaddox_swa_gaussian.experiments.grad_cov,grad_cov_utils,,Magic number,compute_opt_lr,41,/Volumes/BrokeExt/NICHE/wjmaddox_swa_gaussian/experiments/grad_cov/grad_cov_utils.py,Magic number 2 used in compute_opt_lr.
wjmaddox_swa_gaussian.experiments.grad_cov,grad_cov_utils,,Magic number,compute_opt_lr,57,/Volumes/BrokeExt/NICHE/wjmaddox_swa_gaussian/experiments/grad_cov/grad_cov_utils.py,Magic number 2 used in compute_opt_lr.
wjmaddox_swa_gaussian.experiments.grad_cov,grad_cov_utils,,Magic number,train_epoch,136,/Volumes/BrokeExt/NICHE/wjmaddox_swa_gaussian/experiments/grad_cov/grad_cov_utils.py,Magic number 100.0 used in train_epoch.
wjmaddox_swa_gaussian.experiments.grad_cov,grad_cov_utils,,Magic number,train_epoch,121,/Volumes/BrokeExt/NICHE/wjmaddox_swa_gaussian/experiments/grad_cov/grad_cov_utils.py,Magic number 10 used in train_epoch.
wjmaddox_swa_gaussian.experiments.grad_cov,run_grad_cov,,Long statement,,27,/Volumes/BrokeExt/NICHE/wjmaddox_swa_gaussian/experiments/grad_cov/run_grad_cov.py,A line with 139 chars in run_grad_cov exceeds the maximum length of 120 characters.
wjmaddox_swa_gaussian.experiments.grad_cov,run_grad_cov,,Long statement,,35,/Volumes/BrokeExt/NICHE/wjmaddox_swa_gaussian/experiments/grad_cov/run_grad_cov.py,A line with 135 chars in run_grad_cov exceeds the maximum length of 120 characters.
wjmaddox_swa_gaussian.experiments.grad_cov,run_grad_cov,,Long statement,,56,/Volumes/BrokeExt/NICHE/wjmaddox_swa_gaussian/experiments/grad_cov/run_grad_cov.py,A line with 121 chars in run_grad_cov exceeds the maximum length of 120 characters.
wjmaddox_swa_gaussian.experiments.grad_cov,run_grad_cov,,Long statement,,65,/Volumes/BrokeExt/NICHE/wjmaddox_swa_gaussian/experiments/grad_cov/run_grad_cov.py,A line with 130 chars in run_grad_cov exceeds the maximum length of 120 characters.
wjmaddox_swa_gaussian.experiments.grad_cov,run_grad_cov,,Long statement,,123,/Volumes/BrokeExt/NICHE/wjmaddox_swa_gaussian/experiments/grad_cov/run_grad_cov.py,A line with 146 chars in run_grad_cov exceeds the maximum length of 120 characters.
wjmaddox_swa_gaussian.experiments.grad_cov,run_grad_cov,,Long statement,,132,/Volumes/BrokeExt/NICHE/wjmaddox_swa_gaussian/experiments/grad_cov/run_grad_cov.py,A line with 129 chars in run_grad_cov exceeds the maximum length of 120 characters.
wjmaddox_swa_gaussian.experiments.grad_cov,run_grad_cov,,Long statement,,180,/Volumes/BrokeExt/NICHE/wjmaddox_swa_gaussian/experiments/grad_cov/run_grad_cov.py,A line with 225 chars in run_grad_cov exceeds the maximum length of 120 characters.
wjmaddox_swa_gaussian.experiments.grad_cov,run_grad_cov,,Long statement,,203,/Volumes/BrokeExt/NICHE/wjmaddox_swa_gaussian/experiments/grad_cov/run_grad_cov.py,A line with 142 chars in run_grad_cov exceeds the maximum length of 120 characters.
wjmaddox_swa_gaussian.experiments.grad_cov,run_grad_cov,,Long statement,,249,/Volumes/BrokeExt/NICHE/wjmaddox_swa_gaussian/experiments/grad_cov/run_grad_cov.py,A line with 156 chars in run_grad_cov exceeds the maximum length of 120 characters.
wjmaddox_swa_gaussian.experiments.grad_cov,run_grad_cov,,Long statement,,346,/Volumes/BrokeExt/NICHE/wjmaddox_swa_gaussian/experiments/grad_cov/run_grad_cov.py,A line with 131 chars in run_grad_cov exceeds the maximum length of 120 characters.
wjmaddox_swa_gaussian.experiments.grad_cov,run_grad_cov,,Magic number,schedule,218,/Volumes/BrokeExt/NICHE/wjmaddox_swa_gaussian/experiments/grad_cov/run_grad_cov.py,Magic number 0.01 used in schedule.
wjmaddox_swa_gaussian.experiments.grad_cov,run_grad_cov,,Magic number,schedule,219,/Volumes/BrokeExt/NICHE/wjmaddox_swa_gaussian/experiments/grad_cov/run_grad_cov.py,Magic number 0.5 used in schedule.
wjmaddox_swa_gaussian.experiments.grad_cov,run_grad_cov,,Magic number,schedule,221,/Volumes/BrokeExt/NICHE/wjmaddox_swa_gaussian/experiments/grad_cov/run_grad_cov.py,Magic number 0.9 used in schedule.
wjmaddox_swa_gaussian.experiments.grad_cov,run_grad_cov,,Magic number,schedule,222,/Volumes/BrokeExt/NICHE/wjmaddox_swa_gaussian/experiments/grad_cov/run_grad_cov.py,Magic number 0.4 used in schedule.
wjmaddox_swa_gaussian.experiments.grad_cov,run_grad_cov,,Magic number,schedule,222,/Volumes/BrokeExt/NICHE/wjmaddox_swa_gaussian/experiments/grad_cov/run_grad_cov.py,Magic number 0.5 used in schedule.
wjmaddox_swa_gaussian.experiments.hessian_eigs,hess_vec_prod,,Complex method,min_max_hessian_eigs,75 - 163,/Volumes/BrokeExt/NICHE/wjmaddox_swa_gaussian/experiments/hessian_eigs/hess_vec_prod.py,"Method 'min_max_hessian_eigs' has a cyclomatic complexity of 11, exceeding the max of 6."
wjmaddox_swa_gaussian.experiments.hessian_eigs,hess_vec_prod,,Long method,min_max_hessian_eigs,75 - 163,/Volumes/BrokeExt/NICHE/wjmaddox_swa_gaussian/experiments/hessian_eigs/hess_vec_prod.py,Method 'min_max_hessian_eigs' is too long (55 lines).
wjmaddox_swa_gaussian.experiments.hessian_eigs,hess_vec_prod,,Long parameter list,eval_hess_vec_prod,31 - 69,/Volumes/BrokeExt/NICHE/wjmaddox_swa_gaussian/experiments/hessian_eigs/hess_vec_prod.py,"eval_hess_vec_prod has 6 parameters, exceeding the max of 5."
wjmaddox_swa_gaussian.experiments.hessian_eigs,hess_vec_prod,,Long parameter list,min_max_hessian_eigs,75 - 163,/Volumes/BrokeExt/NICHE/wjmaddox_swa_gaussian/experiments/hessian_eigs/hess_vec_prod.py,"min_max_hessian_eigs has 6 parameters, exceeding the max of 5."
wjmaddox_swa_gaussian.experiments.hessian_eigs,hess_vec_prod,,Long statement,eval_hess_vec_prod,32,/Volumes/BrokeExt/NICHE/wjmaddox_swa_gaussian/experiments/hessian_eigs/hess_vec_prod.py,A line with 471 chars in eval_hess_vec_prod exceeds the maximum length of 120 characters.
wjmaddox_swa_gaussian.experiments.hessian_eigs,hess_vec_prod,,Long statement,min_max_hessian_eigs,78,/Volumes/BrokeExt/NICHE/wjmaddox_swa_gaussian/experiments/hessian_eigs/hess_vec_prod.py,A line with 562 chars in min_max_hessian_eigs exceeds the maximum length of 120 characters.
wjmaddox_swa_gaussian.experiments.hessian_eigs,hess_vec_prod,,Long statement,min_max_hessian_eigs,113,/Volumes/BrokeExt/NICHE/wjmaddox_swa_gaussian/experiments/hessian_eigs/hess_vec_prod.py,A line with 121 chars in min_max_hessian_eigs exceeds the maximum length of 120 characters.
wjmaddox_swa_gaussian.experiments.hessian_eigs,hess_vec_prod,,Long statement,min_max_hessian_eigs,144,/Volumes/BrokeExt/NICHE/wjmaddox_swa_gaussian/experiments/hessian_eigs/hess_vec_prod.py,A line with 129 chars in min_max_hessian_eigs exceeds the maximum length of 120 characters.
wjmaddox_swa_gaussian.experiments.hessian_eigs,hess_vec_prod,,Long statement,,1,/Volumes/BrokeExt/NICHE/wjmaddox_swa_gaussian/experiments/hessian_eigs/hess_vec_prod.py,A line with 244 chars in hess_vec_prod exceeds the maximum length of 120 characters.
wjmaddox_swa_gaussian.experiments.hessian_eigs,hess_vec_prod,,Magic number,min_max_hessian_eigs,133,/Volumes/BrokeExt/NICHE/wjmaddox_swa_gaussian/experiments/hessian_eigs/hess_vec_prod.py,Magic number 0.51 used in min_max_hessian_eigs.
wjmaddox_swa_gaussian.experiments.hessian_eigs,run_hess_eigs,,Long statement,,20,/Volumes/BrokeExt/NICHE/wjmaddox_swa_gaussian/experiments/hessian_eigs/run_hess_eigs.py,A line with 140 chars in run_hess_eigs exceeds the maximum length of 120 characters.
wjmaddox_swa_gaussian.experiments.hessian_eigs,run_hess_eigs,,Long statement,,27,/Volumes/BrokeExt/NICHE/wjmaddox_swa_gaussian/experiments/hessian_eigs/run_hess_eigs.py,A line with 135 chars in run_hess_eigs exceeds the maximum length of 120 characters.
wjmaddox_swa_gaussian.experiments.hessian_eigs,run_hess_eigs,,Long statement,,77,/Volumes/BrokeExt/NICHE/wjmaddox_swa_gaussian/experiments/hessian_eigs/run_hess_eigs.py,A line with 232 chars in run_hess_eigs exceeds the maximum length of 120 characters.
wjmaddox_swa_gaussian.experiments.hessian_eigs,run_hess_eigs,,Long statement,,103,/Volumes/BrokeExt/NICHE/wjmaddox_swa_gaussian/experiments/hessian_eigs/run_hess_eigs.py,A line with 126 chars in run_hess_eigs exceeds the maximum length of 120 characters.
wjmaddox_swa_gaussian.experiments.imagenet,data,,Long method,loaders,15 - 67,/Volumes/BrokeExt/NICHE/wjmaddox_swa_gaussian/experiments/imagenet/data.py,Method 'loaders' is too long (46 lines).
wjmaddox_swa_gaussian.experiments.imagenet,data,,Long statement,loaders,25,/Volumes/BrokeExt/NICHE/wjmaddox_swa_gaussian/experiments/imagenet/data.py,A line with 140 chars in loaders exceeds the maximum length of 120 characters.
wjmaddox_swa_gaussian.experiments.imagenet,data,,Long statement,loaders,34,/Volumes/BrokeExt/NICHE/wjmaddox_swa_gaussian/experiments/imagenet/data.py,A line with 123 chars in loaders exceeds the maximum length of 120 characters.
wjmaddox_swa_gaussian.experiments.imagenet,data,,Long statement,loaders,50,/Volumes/BrokeExt/NICHE/wjmaddox_swa_gaussian/experiments/imagenet/data.py,A line with 286 chars in loaders exceeds the maximum length of 120 characters.
wjmaddox_swa_gaussian.experiments.imagenet,data,,Magic number,loaders,48,/Volumes/BrokeExt/NICHE/wjmaddox_swa_gaussian/experiments/imagenet/data.py,Magic number 1000 used in loaders.
wjmaddox_swa_gaussian.experiments.imagenet,eval_net_imagenet,,Long statement,,19,/Volumes/BrokeExt/NICHE/wjmaddox_swa_gaussian/experiments/imagenet/eval_net_imagenet.py,A line with 139 chars in eval_net_imagenet exceeds the maximum length of 120 characters.
wjmaddox_swa_gaussian.experiments.imagenet,eval_net_imagenet,,Long statement,,41,/Volumes/BrokeExt/NICHE/wjmaddox_swa_gaussian/experiments/imagenet/eval_net_imagenet.py,A line with 121 chars in eval_net_imagenet exceeds the maximum length of 120 characters.
wjmaddox_swa_gaussian.experiments.imagenet,eval_net_imagenet,,Long statement,,53,/Volumes/BrokeExt/NICHE/wjmaddox_swa_gaussian/experiments/imagenet/eval_net_imagenet.py,A line with 127 chars in eval_net_imagenet exceeds the maximum length of 120 characters.
wjmaddox_swa_gaussian.experiments.imagenet,eval_net_imagenet,,Long statement,,61,/Volumes/BrokeExt/NICHE/wjmaddox_swa_gaussian/experiments/imagenet/eval_net_imagenet.py,A line with 121 chars in eval_net_imagenet exceeds the maximum length of 120 characters.
wjmaddox_swa_gaussian.experiments.imagenet,eval_swag_imagenet,,Long statement,,20,/Volumes/BrokeExt/NICHE/wjmaddox_swa_gaussian/experiments/imagenet/eval_swag_imagenet.py,A line with 139 chars in eval_swag_imagenet exceeds the maximum length of 120 characters.
wjmaddox_swa_gaussian.experiments.imagenet,eval_swag_imagenet,,Long statement,,42,/Volumes/BrokeExt/NICHE/wjmaddox_swa_gaussian/experiments/imagenet/eval_swag_imagenet.py,A line with 121 chars in eval_swag_imagenet exceeds the maximum length of 120 characters.
wjmaddox_swa_gaussian.experiments.imagenet,eval_swag_imagenet,,Long statement,,51,/Volumes/BrokeExt/NICHE/wjmaddox_swa_gaussian/experiments/imagenet/eval_swag_imagenet.py,A line with 127 chars in eval_swag_imagenet exceeds the maximum length of 120 characters.
wjmaddox_swa_gaussian.experiments.imagenet,eval_swag_imagenet,,Long statement,,148,/Volumes/BrokeExt/NICHE/wjmaddox_swa_gaussian/experiments/imagenet/eval_swag_imagenet.py,A line with 135 chars in eval_swag_imagenet exceeds the maximum length of 120 characters.
wjmaddox_swa_gaussian.experiments.imagenet,eval_swag_imagenet,,Long statement,,199,/Volumes/BrokeExt/NICHE/wjmaddox_swa_gaussian/experiments/imagenet/eval_swag_imagenet.py,A line with 140 chars in eval_swag_imagenet exceeds the maximum length of 120 characters.
wjmaddox_swa_gaussian.experiments.imagenet,run_swag_imagenet,,Long statement,,25,/Volumes/BrokeExt/NICHE/wjmaddox_swa_gaussian/experiments/imagenet/run_swag_imagenet.py,A line with 139 chars in run_swag_imagenet exceeds the maximum length of 120 characters.
wjmaddox_swa_gaussian.experiments.imagenet,run_swag_imagenet,,Long statement,,47,/Volumes/BrokeExt/NICHE/wjmaddox_swa_gaussian/experiments/imagenet/run_swag_imagenet.py,A line with 121 chars in run_swag_imagenet exceeds the maximum length of 120 characters.
wjmaddox_swa_gaussian.experiments.imagenet,run_swag_imagenet,,Long statement,,64,/Volumes/BrokeExt/NICHE/wjmaddox_swa_gaussian/experiments/imagenet/run_swag_imagenet.py,A line with 130 chars in run_swag_imagenet exceeds the maximum length of 120 characters.
wjmaddox_swa_gaussian.experiments.imagenet,run_swag_imagenet,,Long statement,,121,/Volumes/BrokeExt/NICHE/wjmaddox_swa_gaussian/experiments/imagenet/run_swag_imagenet.py,A line with 142 chars in run_swag_imagenet exceeds the maximum length of 120 characters.
wjmaddox_swa_gaussian.experiments.imagenet,run_swag_imagenet,,Long statement,,130,/Volumes/BrokeExt/NICHE/wjmaddox_swa_gaussian/experiments/imagenet/run_swag_imagenet.py,A line with 129 chars in run_swag_imagenet exceeds the maximum length of 120 characters.
wjmaddox_swa_gaussian.experiments.imagenet,run_swag_imagenet,,Long statement,,328,/Volumes/BrokeExt/NICHE/wjmaddox_swa_gaussian/experiments/imagenet/run_swag_imagenet.py,A line with 131 chars in run_swag_imagenet exceeds the maximum length of 120 characters.
wjmaddox_swa_gaussian.experiments.imagenet,run_swag_imagenet,,Magic number,schedule,206,/Volumes/BrokeExt/NICHE/wjmaddox_swa_gaussian/experiments/imagenet/run_swag_imagenet.py,Magic number 0.1 used in schedule.
wjmaddox_swa_gaussian.experiments.imagenet,run_swag_imagenet,,Magic number,schedule,206,/Volumes/BrokeExt/NICHE/wjmaddox_swa_gaussian/experiments/imagenet/run_swag_imagenet.py,Magic number 30 used in schedule.
wjmaddox_swa_gaussian.experiments.imagenet,test_swag_gpu,,Long statement,,18,/Volumes/BrokeExt/NICHE/wjmaddox_swa_gaussian/experiments/imagenet/test_swag_gpu.py,A line with 121 chars in test_swag_gpu exceeds the maximum length of 120 characters.
wjmaddox_swa_gaussian.experiments.segmentation,eval_ensemble,,Long statement,,32,/Volumes/BrokeExt/NICHE/wjmaddox_swa_gaussian/experiments/segmentation/eval_ensemble.py,A line with 173 chars in eval_ensemble exceeds the maximum length of 120 characters.
wjmaddox_swa_gaussian.experiments.segmentation,eval_ensemble,,Long statement,,39,/Volumes/BrokeExt/NICHE/wjmaddox_swa_gaussian/experiments/segmentation/eval_ensemble.py,A line with 135 chars in eval_ensemble exceeds the maximum length of 120 characters.
wjmaddox_swa_gaussian.experiments.segmentation,eval_ensemble,,Long statement,,59,/Volumes/BrokeExt/NICHE/wjmaddox_swa_gaussian/experiments/segmentation/eval_ensemble.py,A line with 133 chars in eval_ensemble exceeds the maximum length of 120 characters.
wjmaddox_swa_gaussian.experiments.segmentation,eval_ensemble,,Long statement,,100,/Volumes/BrokeExt/NICHE/wjmaddox_swa_gaussian/experiments/segmentation/eval_ensemble.py,A line with 336 chars in eval_ensemble exceeds the maximum length of 120 characters.
wjmaddox_swa_gaussian.experiments.segmentation,eval_ensemble,,Long statement,,120,/Volumes/BrokeExt/NICHE/wjmaddox_swa_gaussian/experiments/segmentation/eval_ensemble.py,A line with 132 chars in eval_ensemble exceeds the maximum length of 120 characters.
wjmaddox_swa_gaussian.experiments.segmentation,evaluate,,Long statement,,27,/Volumes/BrokeExt/NICHE/wjmaddox_swa_gaussian/experiments/segmentation/evaluate.py,A line with 173 chars in evaluate exceeds the maximum length of 120 characters.
wjmaddox_swa_gaussian.experiments.segmentation,evaluate,,Long statement,,43,/Volumes/BrokeExt/NICHE/wjmaddox_swa_gaussian/experiments/segmentation/evaluate.py,A line with 130 chars in evaluate exceeds the maximum length of 120 characters.
wjmaddox_swa_gaussian.experiments.segmentation,evaluate,,Long statement,,50,/Volumes/BrokeExt/NICHE/wjmaddox_swa_gaussian/experiments/segmentation/evaluate.py,A line with 129 chars in evaluate exceeds the maximum length of 120 characters.
wjmaddox_swa_gaussian.experiments.segmentation,evaluate,,Long statement,,83,/Volumes/BrokeExt/NICHE/wjmaddox_swa_gaussian/experiments/segmentation/evaluate.py,A line with 321 chars in evaluate exceeds the maximum length of 120 characters.
wjmaddox_swa_gaussian.experiments.segmentation,evaluate,,Long statement,,105,/Volumes/BrokeExt/NICHE/wjmaddox_swa_gaussian/experiments/segmentation/evaluate.py,A line with 132 chars in evaluate exceeds the maximum length of 120 characters.
wjmaddox_swa_gaussian.experiments.segmentation,evaluate,,Long statement,,132,/Volumes/BrokeExt/NICHE/wjmaddox_swa_gaussian/experiments/segmentation/evaluate.py,A line with 148 chars in evaluate exceeds the maximum length of 120 characters.
wjmaddox_swa_gaussian.experiments.segmentation,train,,Long statement,,1,/Volumes/BrokeExt/NICHE/wjmaddox_swa_gaussian/experiments/segmentation/train.py,A line with 142 chars in train exceeds the maximum length of 120 characters.
wjmaddox_swa_gaussian.experiments.segmentation,train,,Long statement,,30,/Volumes/BrokeExt/NICHE/wjmaddox_swa_gaussian/experiments/segmentation/train.py,A line with 173 chars in train exceeds the maximum length of 120 characters.
wjmaddox_swa_gaussian.experiments.segmentation,train,,Long statement,,67,/Volumes/BrokeExt/NICHE/wjmaddox_swa_gaussian/experiments/segmentation/train.py,A line with 121 chars in train exceeds the maximum length of 120 characters.
wjmaddox_swa_gaussian.experiments.segmentation,train,,Long statement,,90,/Volumes/BrokeExt/NICHE/wjmaddox_swa_gaussian/experiments/segmentation/train.py,A line with 125 chars in train exceeds the maximum length of 120 characters.
wjmaddox_swa_gaussian.experiments.segmentation,train,,Long statement,,131,/Volumes/BrokeExt/NICHE/wjmaddox_swa_gaussian/experiments/segmentation/train.py,A line with 146 chars in train exceeds the maximum length of 120 characters.
wjmaddox_swa_gaussian.experiments.segmentation,train,,Long statement,,139,/Volumes/BrokeExt/NICHE/wjmaddox_swa_gaussian/experiments/segmentation/train.py,A line with 130 chars in train exceeds the maximum length of 120 characters.
wjmaddox_swa_gaussian.experiments.segmentation,train,,Long statement,,146,/Volumes/BrokeExt/NICHE/wjmaddox_swa_gaussian/experiments/segmentation/train.py,A line with 129 chars in train exceeds the maximum length of 120 characters.
wjmaddox_swa_gaussian.experiments.segmentation,train,,Long statement,,183,/Volumes/BrokeExt/NICHE/wjmaddox_swa_gaussian/experiments/segmentation/train.py,A line with 357 chars in train exceeds the maximum length of 120 characters.
wjmaddox_swa_gaussian.experiments.segmentation,train,,Long statement,,199,/Volumes/BrokeExt/NICHE/wjmaddox_swa_gaussian/experiments/segmentation/train.py,A line with 126 chars in train exceeds the maximum length of 120 characters.
wjmaddox_swa_gaussian.experiments.segmentation,train,,Long statement,,226,/Volumes/BrokeExt/NICHE/wjmaddox_swa_gaussian/experiments/segmentation/train.py,A line with 233 chars in train exceeds the maximum length of 120 characters.
wjmaddox_swa_gaussian.experiments.segmentation,train,,Long statement,,255,/Volumes/BrokeExt/NICHE/wjmaddox_swa_gaussian/experiments/segmentation/train.py,A line with 174 chars in train exceeds the maximum length of 120 characters.
wjmaddox_swa_gaussian.experiments.segmentation,train,,Long statement,,270,/Volumes/BrokeExt/NICHE/wjmaddox_swa_gaussian/experiments/segmentation/train.py,A line with 174 chars in train exceeds the maximum length of 120 characters.
wjmaddox_swa_gaussian.experiments.segmentation.utils,imgs,,Long statement,,24,/Volumes/BrokeExt/NICHE/wjmaddox_swa_gaussian/experiments/segmentation/utils/imgs.py,A line with 128 chars in imgs exceeds the maximum length of 120 characters.
wjmaddox_swa_gaussian.experiments.segmentation.utils,imgs,,Magic number,view_annotated,53,/Volumes/BrokeExt/NICHE/wjmaddox_swa_gaussian/experiments/segmentation/utils/imgs.py,Magic number 255.0 used in view_annotated.
wjmaddox_swa_gaussian.experiments.segmentation.utils,imgs,,Magic number,view_annotated,54,/Volumes/BrokeExt/NICHE/wjmaddox_swa_gaussian/experiments/segmentation/utils/imgs.py,Magic number 255.0 used in view_annotated.
wjmaddox_swa_gaussian.experiments.segmentation.utils,imgs,,Magic number,view_annotated,55,/Volumes/BrokeExt/NICHE/wjmaddox_swa_gaussian/experiments/segmentation/utils/imgs.py,Magic number 255.0 used in view_annotated.
wjmaddox_swa_gaussian.experiments.segmentation.utils,imgs,,Magic number,view_annotated,55,/Volumes/BrokeExt/NICHE/wjmaddox_swa_gaussian/experiments/segmentation/utils/imgs.py,Magic number 2 used in view_annotated.
wjmaddox_swa_gaussian.experiments.segmentation.utils,imgs,,Magic number,view_annotated,50,/Volumes/BrokeExt/NICHE/wjmaddox_swa_gaussian/experiments/segmentation/utils/imgs.py,Magic number 2 used in view_annotated.
wjmaddox_swa_gaussian.experiments.segmentation.utils,training,,Long method,test,92 - 151,/Volumes/BrokeExt/NICHE/wjmaddox_swa_gaussian/experiments/segmentation/utils/training.py,Method 'test' is too long (54 lines).
wjmaddox_swa_gaussian.experiments.segmentation.utils,training,,Long parameter list,test,92 - 151,/Volumes/BrokeExt/NICHE/wjmaddox_swa_gaussian/experiments/segmentation/utils/training.py,"test has 6 parameters, exceeding the max of 5."
wjmaddox_swa_gaussian.experiments.segmentation.utils,training,,Long statement,numpy_metrics,156,/Volumes/BrokeExt/NICHE/wjmaddox_swa_gaussian/experiments/segmentation/utils/training.py,A line with 206 chars in numpy_metrics exceeds the maximum length of 120 characters.
wjmaddox_swa_gaussian.experiments.segmentation.utils,training,,Magic number,test,96,/Volumes/BrokeExt/NICHE/wjmaddox_swa_gaussian/experiments/segmentation/utils/training.py,Magic number 11 used in test.
wjmaddox_swa_gaussian.experiments.segmentation.utils,training,,Magic number,numpy_metrics,155,/Volumes/BrokeExt/NICHE/wjmaddox_swa_gaussian/experiments/segmentation/utils/training.py,Magic number 11 used in numpy_metrics.
wjmaddox_swa_gaussian.experiments.segmentation.utils,training,,Magic number,numpy_metrics,155,/Volumes/BrokeExt/NICHE/wjmaddox_swa_gaussian/experiments/segmentation/utils/training.py,Magic number 11 used in numpy_metrics.
wjmaddox_swa_gaussian.experiments.train,run_swag,,Long statement,,26,/Volumes/BrokeExt/NICHE/wjmaddox_swa_gaussian/experiments/train/run_swag.py,A line with 139 chars in run_swag exceeds the maximum length of 120 characters.
wjmaddox_swa_gaussian.experiments.train,run_swag,,Long statement,,34,/Volumes/BrokeExt/NICHE/wjmaddox_swa_gaussian/experiments/train/run_swag.py,A line with 135 chars in run_swag exceeds the maximum length of 120 characters.
wjmaddox_swa_gaussian.experiments.train,run_swag,,Long statement,,55,/Volumes/BrokeExt/NICHE/wjmaddox_swa_gaussian/experiments/train/run_swag.py,A line with 121 chars in run_swag exceeds the maximum length of 120 characters.
wjmaddox_swa_gaussian.experiments.train,run_swag,,Long statement,,64,/Volumes/BrokeExt/NICHE/wjmaddox_swa_gaussian/experiments/train/run_swag.py,A line with 130 chars in run_swag exceeds the maximum length of 120 characters.
wjmaddox_swa_gaussian.experiments.train,run_swag,,Long statement,,122,/Volumes/BrokeExt/NICHE/wjmaddox_swa_gaussian/experiments/train/run_swag.py,A line with 146 chars in run_swag exceeds the maximum length of 120 characters.
wjmaddox_swa_gaussian.experiments.train,run_swag,,Long statement,,137,/Volumes/BrokeExt/NICHE/wjmaddox_swa_gaussian/experiments/train/run_swag.py,A line with 129 chars in run_swag exceeds the maximum length of 120 characters.
wjmaddox_swa_gaussian.experiments.train,run_swag,,Long statement,,183,/Volumes/BrokeExt/NICHE/wjmaddox_swa_gaussian/experiments/train/run_swag.py,A line with 225 chars in run_swag exceeds the maximum length of 120 characters.
wjmaddox_swa_gaussian.experiments.train,run_swag,,Long statement,,206,/Volumes/BrokeExt/NICHE/wjmaddox_swa_gaussian/experiments/train/run_swag.py,A line with 159 chars in run_swag exceeds the maximum length of 120 characters.
wjmaddox_swa_gaussian.experiments.train,run_swag,,Long statement,,252,/Volumes/BrokeExt/NICHE/wjmaddox_swa_gaussian/experiments/train/run_swag.py,A line with 173 chars in run_swag exceeds the maximum length of 120 characters.
wjmaddox_swa_gaussian.experiments.train,run_swag,,Long statement,,350,/Volumes/BrokeExt/NICHE/wjmaddox_swa_gaussian/experiments/train/run_swag.py,A line with 131 chars in run_swag exceeds the maximum length of 120 characters.
wjmaddox_swa_gaussian.experiments.train,run_swag,,Magic number,schedule,221,/Volumes/BrokeExt/NICHE/wjmaddox_swa_gaussian/experiments/train/run_swag.py,Magic number 0.01 used in schedule.
wjmaddox_swa_gaussian.experiments.train,run_swag,,Magic number,schedule,222,/Volumes/BrokeExt/NICHE/wjmaddox_swa_gaussian/experiments/train/run_swag.py,Magic number 0.5 used in schedule.
wjmaddox_swa_gaussian.experiments.train,run_swag,,Magic number,schedule,224,/Volumes/BrokeExt/NICHE/wjmaddox_swa_gaussian/experiments/train/run_swag.py,Magic number 0.9 used in schedule.
wjmaddox_swa_gaussian.experiments.train,run_swag,,Magic number,schedule,225,/Volumes/BrokeExt/NICHE/wjmaddox_swa_gaussian/experiments/train/run_swag.py,Magic number 0.4 used in schedule.
wjmaddox_swa_gaussian.experiments.train,run_swag,,Magic number,schedule,225,/Volumes/BrokeExt/NICHE/wjmaddox_swa_gaussian/experiments/train/run_swag.py,Magic number 0.5 used in schedule.
wjmaddox_swa_gaussian.experiments.train,train,,Long statement,,28,/Volumes/BrokeExt/NICHE/wjmaddox_swa_gaussian/experiments/train/train.py,A line with 139 chars in train exceeds the maximum length of 120 characters.
wjmaddox_swa_gaussian.experiments.train,train,,Long statement,,50,/Volumes/BrokeExt/NICHE/wjmaddox_swa_gaussian/experiments/train/train.py,A line with 121 chars in train exceeds the maximum length of 120 characters.
wjmaddox_swa_gaussian.experiments.train,train,,Long statement,,59,/Volumes/BrokeExt/NICHE/wjmaddox_swa_gaussian/experiments/train/train.py,A line with 130 chars in train exceeds the maximum length of 120 characters.
wjmaddox_swa_gaussian.experiments.train,train,,Long statement,,117,/Volumes/BrokeExt/NICHE/wjmaddox_swa_gaussian/experiments/train/train.py,A line with 146 chars in train exceeds the maximum length of 120 characters.
wjmaddox_swa_gaussian.experiments.train,train,,Long statement,,221,/Volumes/BrokeExt/NICHE/wjmaddox_swa_gaussian/experiments/train/train.py,A line with 209 chars in train exceeds the maximum length of 120 characters.
wjmaddox_swa_gaussian.experiments.train,train,,Long statement,,263,/Volumes/BrokeExt/NICHE/wjmaddox_swa_gaussian/experiments/train/train.py,A line with 209 chars in train exceeds the maximum length of 120 characters.
wjmaddox_swa_gaussian.experiments.train,train,,Long statement,,293,/Volumes/BrokeExt/NICHE/wjmaddox_swa_gaussian/experiments/train/train.py,A line with 209 chars in train exceeds the maximum length of 120 characters.
wjmaddox_swa_gaussian.experiments.train,train,,Magic number,schedule,185,/Volumes/BrokeExt/NICHE/wjmaddox_swa_gaussian/experiments/train/train.py,Magic number 0.01 used in schedule.
wjmaddox_swa_gaussian.experiments.train,train,,Magic number,schedule,186,/Volumes/BrokeExt/NICHE/wjmaddox_swa_gaussian/experiments/train/train.py,Magic number 0.5 used in schedule.
wjmaddox_swa_gaussian.experiments.train,train,,Magic number,schedule,188,/Volumes/BrokeExt/NICHE/wjmaddox_swa_gaussian/experiments/train/train.py,Magic number 0.9 used in schedule.
wjmaddox_swa_gaussian.experiments.train,train,,Magic number,schedule,189,/Volumes/BrokeExt/NICHE/wjmaddox_swa_gaussian/experiments/train/train.py,Magic number 0.4 used in schedule.
wjmaddox_swa_gaussian.experiments.train,train,,Magic number,schedule,189,/Volumes/BrokeExt/NICHE/wjmaddox_swa_gaussian/experiments/train/train.py,Magic number 0.5 used in schedule.
wjmaddox_swa_gaussian.experiments.uncertainty,save_calibration_curves,,Long statement,,157,/Volumes/BrokeExt/NICHE/wjmaddox_swa_gaussian/experiments/uncertainty/save_calibration_curves.py,A line with 265 chars in save_calibration_curves exceeds the maximum length of 120 characters.
wjmaddox_swa_gaussian.experiments.uncertainty,temp_scaling,,Magic number,optimal_temp_scale,15,/Volumes/BrokeExt/NICHE/wjmaddox_swa_gaussian/experiments/uncertainty/temp_scaling.py,Magic number 0.01 used in optimal_temp_scale.
wjmaddox_swa_gaussian.experiments.uncertainty,temp_scaling,,Magic number,optimal_temp_scale,15,/Volumes/BrokeExt/NICHE/wjmaddox_swa_gaussian/experiments/uncertainty/temp_scaling.py,Magic number 50 used in optimal_temp_scale.
wjmaddox_swa_gaussian.experiments.uncertainty,uncertainty,,Long statement,,17,/Volumes/BrokeExt/NICHE/wjmaddox_swa_gaussian/experiments/uncertainty/uncertainty.py,A line with 140 chars in uncertainty exceeds the maximum length of 120 characters.
wjmaddox_swa_gaussian.experiments.uncertainty,uncertainty,,Long statement,,24,/Volumes/BrokeExt/NICHE/wjmaddox_swa_gaussian/experiments/uncertainty/uncertainty.py,A line with 135 chars in uncertainty exceeds the maximum length of 120 characters.
wjmaddox_swa_gaussian.experiments.uncertainty,uncertainty,,Long statement,,52,/Volumes/BrokeExt/NICHE/wjmaddox_swa_gaussian/experiments/uncertainty/uncertainty.py,A line with 148 chars in uncertainty exceeds the maximum length of 120 characters.
wjmaddox_swa_gaussian.experiments.uncertainty,uncertainty,,Long statement,,102,/Volumes/BrokeExt/NICHE/wjmaddox_swa_gaussian/experiments/uncertainty/uncertainty.py,A line with 246 chars in uncertainty exceeds the maximum length of 120 characters.
wjmaddox_swa_gaussian.experiments.uncertainty,uncertainty,,Long statement,,119,/Volumes/BrokeExt/NICHE/wjmaddox_swa_gaussian/experiments/uncertainty/uncertainty.py,A line with 140 chars in uncertainty exceeds the maximum length of 120 characters.
wjmaddox_swa_gaussian.experiments.width,pca_2d_plane,,Long statement,,15,/Volumes/BrokeExt/NICHE/wjmaddox_swa_gaussian/experiments/width/pca_2d_plane.py,A line with 140 chars in pca_2d_plane exceeds the maximum length of 120 characters.
wjmaddox_swa_gaussian.experiments.width,pca_2d_plane,,Long statement,,22,/Volumes/BrokeExt/NICHE/wjmaddox_swa_gaussian/experiments/width/pca_2d_plane.py,A line with 135 chars in pca_2d_plane exceeds the maximum length of 120 characters.
wjmaddox_swa_gaussian.experiments.width,pca_2d_plane,,Long statement,,59,/Volumes/BrokeExt/NICHE/wjmaddox_swa_gaussian/experiments/width/pca_2d_plane.py,A line with 125 chars in pca_2d_plane exceeds the maximum length of 120 characters.
wjmaddox_swa_gaussian.experiments.width,pca_2d_plane,,Long statement,,110,/Volumes/BrokeExt/NICHE/wjmaddox_swa_gaussian/experiments/width/pca_2d_plane.py,A line with 191 chars in pca_2d_plane exceeds the maximum length of 120 characters.
wjmaddox_swa_gaussian.experiments.width,pca_2d_plane,,Long statement,,199,/Volumes/BrokeExt/NICHE/wjmaddox_swa_gaussian/experiments/width/pca_2d_plane.py,A line with 396 chars in pca_2d_plane exceeds the maximum length of 120 characters.
wjmaddox_swa_gaussian.experiments.width,pca_orth_width,,Long statement,,15,/Volumes/BrokeExt/NICHE/wjmaddox_swa_gaussian/experiments/width/pca_orth_width.py,A line with 140 chars in pca_orth_width exceeds the maximum length of 120 characters.
wjmaddox_swa_gaussian.experiments.width,pca_orth_width,,Long statement,,22,/Volumes/BrokeExt/NICHE/wjmaddox_swa_gaussian/experiments/width/pca_orth_width.py,A line with 135 chars in pca_orth_width exceeds the maximum length of 120 characters.
wjmaddox_swa_gaussian.experiments.width,pca_orth_width,,Long statement,,62,/Volumes/BrokeExt/NICHE/wjmaddox_swa_gaussian/experiments/width/pca_orth_width.py,A line with 125 chars in pca_orth_width exceeds the maximum length of 120 characters.
wjmaddox_swa_gaussian.experiments.width,pca_orth_width,,Long statement,,99,/Volumes/BrokeExt/NICHE/wjmaddox_swa_gaussian/experiments/width/pca_orth_width.py,A line with 191 chars in pca_orth_width exceeds the maximum length of 120 characters.
wjmaddox_swa_gaussian.experiments.width,pca_orth_width,,Long statement,,189,/Volumes/BrokeExt/NICHE/wjmaddox_swa_gaussian/experiments/width/pca_orth_width.py,A line with 320 chars in pca_orth_width exceeds the maximum length of 120 characters.
wjmaddox_swa_gaussian.experiments.width,pca_width,,Long statement,,15,/Volumes/BrokeExt/NICHE/wjmaddox_swa_gaussian/experiments/width/pca_width.py,A line with 140 chars in pca_width exceeds the maximum length of 120 characters.
wjmaddox_swa_gaussian.experiments.width,pca_width,,Long statement,,22,/Volumes/BrokeExt/NICHE/wjmaddox_swa_gaussian/experiments/width/pca_width.py,A line with 135 chars in pca_width exceeds the maximum length of 120 characters.
wjmaddox_swa_gaussian.experiments.width,pca_width,,Long statement,,59,/Volumes/BrokeExt/NICHE/wjmaddox_swa_gaussian/experiments/width/pca_width.py,A line with 125 chars in pca_width exceeds the maximum length of 120 characters.
wjmaddox_swa_gaussian.experiments.width,pca_width,,Long statement,,95,/Volumes/BrokeExt/NICHE/wjmaddox_swa_gaussian/experiments/width/pca_width.py,A line with 191 chars in pca_width exceeds the maximum length of 120 characters.
wjmaddox_swa_gaussian.experiments.width,pca_width,,Long statement,,125,/Volumes/BrokeExt/NICHE/wjmaddox_swa_gaussian/experiments/width/pca_width.py,A line with 146 chars in pca_width exceeds the maximum length of 120 characters.
wjmaddox_swa_gaussian.experiments.width,pca_width,,Long statement,,184,/Volumes/BrokeExt/NICHE/wjmaddox_swa_gaussian/experiments/width/pca_width.py,A line with 325 chars in pca_width exceeds the maximum length of 120 characters.
wjmaddox_swa_gaussian.experiments.width,swag_2d_plane,,Long statement,,16,/Volumes/BrokeExt/NICHE/wjmaddox_swa_gaussian/experiments/width/swag_2d_plane.py,A line with 140 chars in swag_2d_plane exceeds the maximum length of 120 characters.
wjmaddox_swa_gaussian.experiments.width,swag_2d_plane,,Long statement,,23,/Volumes/BrokeExt/NICHE/wjmaddox_swa_gaussian/experiments/width/swag_2d_plane.py,A line with 135 chars in swag_2d_plane exceeds the maximum length of 120 characters.
wjmaddox_swa_gaussian.experiments.width,swag_2d_plane,,Long statement,,64,/Volumes/BrokeExt/NICHE/wjmaddox_swa_gaussian/experiments/width/swag_2d_plane.py,A line with 125 chars in swag_2d_plane exceeds the maximum length of 120 characters.
wjmaddox_swa_gaussian.experiments.width,swag_2d_plane,,Long statement,,115,/Volumes/BrokeExt/NICHE/wjmaddox_swa_gaussian/experiments/width/swag_2d_plane.py,A line with 191 chars in swag_2d_plane exceeds the maximum length of 120 characters.
wjmaddox_swa_gaussian.experiments.width,swag_2d_plane,,Long statement,,129,/Volumes/BrokeExt/NICHE/wjmaddox_swa_gaussian/experiments/width/swag_2d_plane.py,A line with 144 chars in swag_2d_plane exceeds the maximum length of 120 characters.
wjmaddox_swa_gaussian.experiments.width,swag_2d_plane,,Long statement,,186,/Volumes/BrokeExt/NICHE/wjmaddox_swa_gaussian/experiments/width/swag_2d_plane.py,A line with 129 chars in swag_2d_plane exceeds the maximum length of 120 characters.
wjmaddox_swa_gaussian.experiments.width,swag_2d_plane,,Long statement,,195,/Volumes/BrokeExt/NICHE/wjmaddox_swa_gaussian/experiments/width/swag_2d_plane.py,A line with 123 chars in swag_2d_plane exceeds the maximum length of 120 characters.
wjmaddox_swa_gaussian.experiments.width,swag_2d_plane,,Long statement,,244,/Volumes/BrokeExt/NICHE/wjmaddox_swa_gaussian/experiments/width/swag_2d_plane.py,A line with 567 chars in swag_2d_plane exceeds the maximum length of 120 characters.
wjmaddox_swa_gaussian.experiments.width,swag_width,,Long statement,,16,/Volumes/BrokeExt/NICHE/wjmaddox_swa_gaussian/experiments/width/swag_width.py,A line with 140 chars in swag_width exceeds the maximum length of 120 characters.
wjmaddox_swa_gaussian.experiments.width,swag_width,,Long statement,,23,/Volumes/BrokeExt/NICHE/wjmaddox_swa_gaussian/experiments/width/swag_width.py,A line with 135 chars in swag_width exceeds the maximum length of 120 characters.
wjmaddox_swa_gaussian.experiments.width,swag_width,,Long statement,,64,/Volumes/BrokeExt/NICHE/wjmaddox_swa_gaussian/experiments/width/swag_width.py,A line with 125 chars in swag_width exceeds the maximum length of 120 characters.
wjmaddox_swa_gaussian.experiments.width,swag_width,,Long statement,,101,/Volumes/BrokeExt/NICHE/wjmaddox_swa_gaussian/experiments/width/swag_width.py,A line with 191 chars in swag_width exceeds the maximum length of 120 characters.
wjmaddox_swa_gaussian.experiments.width,swag_width,,Long statement,,115,/Volumes/BrokeExt/NICHE/wjmaddox_swa_gaussian/experiments/width/swag_width.py,A line with 144 chars in swag_width exceeds the maximum length of 120 characters.
wjmaddox_swa_gaussian.experiments.width,swag_width,,Long statement,,146,/Volumes/BrokeExt/NICHE/wjmaddox_swa_gaussian/experiments/width/swag_width.py,A line with 129 chars in swag_width exceeds the maximum length of 120 characters.
wjmaddox_swa_gaussian.experiments.width,swag_width,,Long statement,,150,/Volumes/BrokeExt/NICHE/wjmaddox_swa_gaussian/experiments/width/swag_width.py,A line with 149 chars in swag_width exceeds the maximum length of 120 characters.
wjmaddox_swa_gaussian.experiments.width,swag_width,,Long statement,,216,/Volumes/BrokeExt/NICHE/wjmaddox_swa_gaussian/experiments/width/swag_width.py,A line with 368 chars in swag_width exceeds the maximum length of 120 characters.
wjmaddox_swa_gaussian.swag,camvid,CamVid,Long parameter list,__init__,107 - 135,/Volumes/BrokeExt/NICHE/wjmaddox_swa_gaussian/swag/camvid.py,"__init__ has 7 parameters, exceeding the max of 5."
wjmaddox_swa_gaussian.swag,camvid,,Long statement,has_file_allowed_extension,12,/Volumes/BrokeExt/NICHE/wjmaddox_swa_gaussian/swag/camvid.py,A line with 265 chars in has_file_allowed_extension exceeds the maximum length of 120 characters.
wjmaddox_swa_gaussian.swag,camvid,,Long statement,is_image_file,24,/Volumes/BrokeExt/NICHE/wjmaddox_swa_gaussian/swag/camvid.py,A line with 193 chars in is_image_file exceeds the maximum length of 120 characters.
wjmaddox_swa_gaussian.swag,camvid,,Long statement,,33,/Volumes/BrokeExt/NICHE/wjmaddox_swa_gaussian/swag/camvid.py,A line with 138 chars in camvid exceeds the maximum length of 120 characters.
wjmaddox_swa_gaussian.swag,camvid,,Long statement,,50,/Volumes/BrokeExt/NICHE/wjmaddox_swa_gaussian/swag/camvid.py,A line with 248 chars in camvid exceeds the maximum length of 120 characters.
wjmaddox_swa_gaussian.swag,camvid,,Long statement,,61,/Volumes/BrokeExt/NICHE/wjmaddox_swa_gaussian/swag/camvid.py,A line with 190 chars in camvid exceeds the maximum length of 120 characters.
wjmaddox_swa_gaussian.swag,camvid,LabelTensorToPILImage,Magic number,__call__,99,/Volumes/BrokeExt/NICHE/wjmaddox_swa_gaussian/swag/camvid.py,Magic number 2 used in __call__.
wjmaddox_swa_gaussian.swag,data,,Long method,camvid_loaders,11 - 87,/Volumes/BrokeExt/NICHE/wjmaddox_swa_gaussian/swag/data.py,Method 'camvid_loaders' is too long (60 lines).
wjmaddox_swa_gaussian.swag,data,,Long method,loaders,144 - 267,/Volumes/BrokeExt/NICHE/wjmaddox_swa_gaussian/swag/data.py,Method 'loaders' is too long (105 lines).
wjmaddox_swa_gaussian.swag,data,,Long parameter list,camvid_loaders,11 - 87,/Volumes/BrokeExt/NICHE/wjmaddox_swa_gaussian/swag/data.py,"camvid_loaders has 11 parameters, exceeding the max of 5."
wjmaddox_swa_gaussian.swag,data,,Long parameter list,svhn_loaders,91 - 140,/Volumes/BrokeExt/NICHE/wjmaddox_swa_gaussian/swag/data.py,"svhn_loaders has 8 parameters, exceeding the max of 5."
wjmaddox_swa_gaussian.swag,data,,Long parameter list,loaders,144 - 267,/Volumes/BrokeExt/NICHE/wjmaddox_swa_gaussian/swag/data.py,"loaders has 10 parameters, exceeding the max of 5."
wjmaddox_swa_gaussian.swag,data,,Long statement,camvid_loaders,56,/Volumes/BrokeExt/NICHE/wjmaddox_swa_gaussian/swag/data.py,A line with 558 chars in camvid_loaders exceeds the maximum length of 120 characters.
wjmaddox_swa_gaussian.swag,data,,Long statement,svhn_loaders,123,/Volumes/BrokeExt/NICHE/wjmaddox_swa_gaussian/swag/data.py,A line with 297 chars in svhn_loaders exceeds the maximum length of 120 characters.
wjmaddox_swa_gaussian.swag,data,,Long statement,loaders,159,/Volumes/BrokeExt/NICHE/wjmaddox_swa_gaussian/swag/data.py,A line with 199 chars in loaders exceeds the maximum length of 120 characters.
wjmaddox_swa_gaussian.swag,data,,Long statement,loaders,250,/Volumes/BrokeExt/NICHE/wjmaddox_swa_gaussian/swag/data.py,A line with 297 chars in loaders exceeds the maximum length of 120 characters.
wjmaddox_swa_gaussian.swag,data,,Magic number,camvid_loaders,54,/Volumes/BrokeExt/NICHE/wjmaddox_swa_gaussian/swag/data.py,Magic number 11 used in camvid_loaders.
wjmaddox_swa_gaussian.swag,data,,Magic number,svhn_loaders,121,/Volumes/BrokeExt/NICHE/wjmaddox_swa_gaussian/swag/data.py,Magic number 10 used in svhn_loaders.
wjmaddox_swa_gaussian.swag,data,,Magic number,loaders,152,/Volumes/BrokeExt/NICHE/wjmaddox_swa_gaussian/swag/data.py,Magic number 5000 used in loaders.
wjmaddox_swa_gaussian.swag,data,,Magic number,loaders,191,/Volumes/BrokeExt/NICHE/wjmaddox_swa_gaussian/swag/data.py,Magic number 10 used in loaders.
wjmaddox_swa_gaussian.swag,losses,,Magic number,adversarial_cross_entropy,16,/Volumes/BrokeExt/NICHE/wjmaddox_swa_gaussian/swag/losses.py,Magic number 0.01 used in adversarial_cross_entropy.
wjmaddox_swa_gaussian.swag,losses,,Magic number,adversarial_cross_entropy,57,/Volumes/BrokeExt/NICHE/wjmaddox_swa_gaussian/swag/losses.py,Magic number 2.0 used in adversarial_cross_entropy.
wjmaddox_swa_gaussian.swag,losses,,Magic number,masked_loss,60,/Volumes/BrokeExt/NICHE/wjmaddox_swa_gaussian/swag/losses.py,Magic number 11.0 used in masked_loss.
wjmaddox_swa_gaussian.swag,losses,,Magic number,seg_ale_cross_entropy,86,/Volumes/BrokeExt/NICHE/wjmaddox_swa_gaussian/swag/losses.py,Magic number 50 used in seg_ale_cross_entropy.
wjmaddox_swa_gaussian.swag,utils,,Complex method,train_epoch,49 - 107,/Volumes/BrokeExt/NICHE/wjmaddox_swa_gaussian/swag/utils.py,"Method 'train_epoch' has a cyclomatic complexity of 8, exceeding the max of 6."
wjmaddox_swa_gaussian.swag,utils,,Long method,train_epoch,49 - 107,/Volumes/BrokeExt/NICHE/wjmaddox_swa_gaussian/swag/utils.py,Method 'train_epoch' is too long (45 lines).
wjmaddox_swa_gaussian.swag,utils,,Long parameter list,train_epoch,49 - 107,/Volumes/BrokeExt/NICHE/wjmaddox_swa_gaussian/swag/utils.py,"train_epoch has 8 parameters, exceeding the max of 5."
wjmaddox_swa_gaussian.swag,utils,,Long parameter list,eval,111 - 136,/Volumes/BrokeExt/NICHE/wjmaddox_swa_gaussian/swag/utils.py,"eval has 6 parameters, exceeding the max of 5."
wjmaddox_swa_gaussian.swag,utils,,Long parameter list,schedule,260 - 269,/Volumes/BrokeExt/NICHE/wjmaddox_swa_gaussian/swag/utils.py,"schedule has 6 parameters, exceeding the max of 5."
wjmaddox_swa_gaussian.swag,utils,,Long statement,train_epoch,95,/Volumes/BrokeExt/NICHE/wjmaddox_swa_gaussian/swag/utils.py,A line with 146 chars in train_epoch exceeds the maximum length of 120 characters.
wjmaddox_swa_gaussian.swag,utils,,Long statement,train_epoch,105,/Volumes/BrokeExt/NICHE/wjmaddox_swa_gaussian/swag/utils.py,A line with 130 chars in train_epoch exceeds the maximum length of 120 characters.
wjmaddox_swa_gaussian.swag,utils,,Long statement,eval,134,/Volumes/BrokeExt/NICHE/wjmaddox_swa_gaussian/swag/utils.py,A line with 126 chars in eval exceeds the maximum length of 120 characters.
wjmaddox_swa_gaussian.swag,utils,,Long statement,bn_update,197,/Volumes/BrokeExt/NICHE/wjmaddox_swa_gaussian/swag/utils.py,A line with 272 chars in bn_update exceeds the maximum length of 120 characters.
wjmaddox_swa_gaussian.swag,utils,,Magic number,train_epoch,107,/Volumes/BrokeExt/NICHE/wjmaddox_swa_gaussian/swag/utils.py,Magic number 100.0 used in train_epoch.
wjmaddox_swa_gaussian.swag,utils,,Magic number,train_epoch,94,/Volumes/BrokeExt/NICHE/wjmaddox_swa_gaussian/swag/utils.py,Magic number 10 used in train_epoch.
wjmaddox_swa_gaussian.swag,utils,,Magic number,eval,136,/Volumes/BrokeExt/NICHE/wjmaddox_swa_gaussian/swag/utils.py,Magic number 100.0 used in eval.
wjmaddox_swa_gaussian.swag,utils,,Magic number,inv_softmax,236,/Volumes/BrokeExt/NICHE/wjmaddox_swa_gaussian/swag/utils.py,Magic number 1e-10 used in inv_softmax.
wjmaddox_swa_gaussian.swag,utils,,Magic number,schedule,262,/Volumes/BrokeExt/NICHE/wjmaddox_swa_gaussian/swag/utils.py,Magic number 0.01 used in schedule.
wjmaddox_swa_gaussian.swag,utils,,Magic number,schedule,263,/Volumes/BrokeExt/NICHE/wjmaddox_swa_gaussian/swag/utils.py,Magic number 0.5 used in schedule.
wjmaddox_swa_gaussian.swag,utils,,Magic number,schedule,265,/Volumes/BrokeExt/NICHE/wjmaddox_swa_gaussian/swag/utils.py,Magic number 0.9 used in schedule.
wjmaddox_swa_gaussian.swag,utils,,Magic number,schedule,266,/Volumes/BrokeExt/NICHE/wjmaddox_swa_gaussian/swag/utils.py,Magic number 0.4 used in schedule.
wjmaddox_swa_gaussian.swag,utils,,Magic number,schedule,266,/Volumes/BrokeExt/NICHE/wjmaddox_swa_gaussian/swag/utils.py,Magic number 0.5 used in schedule.
wjmaddox_swa_gaussian.swag.models,joint_transforms,JointRandomResizedCrop,Long statement,get_params,85,/Volumes/BrokeExt/NICHE/wjmaddox_swa_gaussian/swag/models/joint_transforms.py,A line with 413 chars in get_params exceeds the maximum length of 120 characters.
wjmaddox_swa_gaussian.swag.models,joint_transforms,JointRandomResizedCrop,Long statement,__call__,119,/Volumes/BrokeExt/NICHE/wjmaddox_swa_gaussian/swag/models/joint_transforms.py,A line with 325 chars in __call__ exceeds the maximum length of 120 characters.
wjmaddox_swa_gaussian.swag.models,joint_transforms,JointRandomResizedCrop,Magic number,__init__,74,/Volumes/BrokeExt/NICHE/wjmaddox_swa_gaussian/swag/models/joint_transforms.py,Magic number 0.08 used in __init__.
wjmaddox_swa_gaussian.swag.models,joint_transforms,JointRandomResizedCrop,Magic number,__init__,75,/Volumes/BrokeExt/NICHE/wjmaddox_swa_gaussian/swag/models/joint_transforms.py,Magic number 3.0 used in __init__.
wjmaddox_swa_gaussian.swag.models,joint_transforms,JointRandomResizedCrop,Magic number,__init__,75,/Volumes/BrokeExt/NICHE/wjmaddox_swa_gaussian/swag/models/joint_transforms.py,Magic number 4.0 used in __init__.
wjmaddox_swa_gaussian.swag.models,joint_transforms,JointRandomResizedCrop,Magic number,__init__,75,/Volumes/BrokeExt/NICHE/wjmaddox_swa_gaussian/swag/models/joint_transforms.py,Magic number 4.0 used in __init__.
wjmaddox_swa_gaussian.swag.models,joint_transforms,JointRandomResizedCrop,Magic number,__init__,75,/Volumes/BrokeExt/NICHE/wjmaddox_swa_gaussian/swag/models/joint_transforms.py,Magic number 3.0 used in __init__.
wjmaddox_swa_gaussian.swag.models,joint_transforms,JointRandomResizedCrop,Magic number,get_params,114,/Volumes/BrokeExt/NICHE/wjmaddox_swa_gaussian/swag/models/joint_transforms.py,Magic number 2 used in get_params.
wjmaddox_swa_gaussian.swag.models,joint_transforms,JointRandomResizedCrop,Magic number,get_params,115,/Volumes/BrokeExt/NICHE/wjmaddox_swa_gaussian/swag/models/joint_transforms.py,Magic number 2 used in get_params.
wjmaddox_swa_gaussian.swag.models,joint_transforms,JointRandomResizedCrop,Magic number,get_params,104,/Volumes/BrokeExt/NICHE/wjmaddox_swa_gaussian/swag/models/joint_transforms.py,Magic number 0.5 used in get_params.
wjmaddox_swa_gaussian.swag.models,joint_transforms,JointRandomHorizontalFlip,Magic number,__call__,149,/Volumes/BrokeExt/NICHE/wjmaddox_swa_gaussian/swag/models/joint_transforms.py,Magic number 0.5 used in __call__.
wjmaddox_swa_gaussian.swag.models,layers,TransitionUp,Long statement,__init__,75,/Volumes/BrokeExt/NICHE/wjmaddox_swa_gaussian/swag/models/layers.py,A line with 134 chars in __init__ exceeds the maximum length of 120 characters.
wjmaddox_swa_gaussian.swag.models,layers,,Magic number,center_crop,104,/Volumes/BrokeExt/NICHE/wjmaddox_swa_gaussian/swag/models/layers.py,Magic number 2 used in center_crop.
wjmaddox_swa_gaussian.swag.models,layers,,Magic number,center_crop,105,/Volumes/BrokeExt/NICHE/wjmaddox_swa_gaussian/swag/models/layers.py,Magic number 2 used in center_crop.
wjmaddox_swa_gaussian.swag.models,lenet5,LeNet5Base,Long statement,__init__,14,/Volumes/BrokeExt/NICHE/wjmaddox_swa_gaussian/swag/models/lenet5.py,A line with 185 chars in __init__ exceeds the maximum length of 120 characters.
wjmaddox_swa_gaussian.swag.models,lenet5,,Long statement,,40,/Volumes/BrokeExt/NICHE/wjmaddox_swa_gaussian/swag/models/lenet5.py,A line with 995 chars in lenet5 exceeds the maximum length of 120 characters.
wjmaddox_swa_gaussian.swag.models,preresnet,PreResNet,Long statement,_make_layer,124,/Volumes/BrokeExt/NICHE/wjmaddox_swa_gaussian/swag/models/preresnet.py,A line with 122 chars in _make_layer exceeds the maximum length of 120 characters.
wjmaddox_swa_gaussian.swag.models,preresnet,,Long statement,,1,/Volumes/BrokeExt/NICHE/wjmaddox_swa_gaussian/swag/models/preresnet.py,A line with 141 chars in preresnet exceeds the maximum length of 120 characters.
wjmaddox_swa_gaussian.swag.models,preresnet,PreResNet,Magic number,__init__,92,/Volumes/BrokeExt/NICHE/wjmaddox_swa_gaussian/swag/models/preresnet.py,Magic number 10 used in __init__.
wjmaddox_swa_gaussian.swag.models,preresnet,PreResNet,Magic number,__init__,92,/Volumes/BrokeExt/NICHE/wjmaddox_swa_gaussian/swag/models/preresnet.py,Magic number 110 used in __init__.
wjmaddox_swa_gaussian.swag.models,preresnet,PreResNet,Magic number,__init__,103,/Volumes/BrokeExt/NICHE/wjmaddox_swa_gaussian/swag/models/preresnet.py,Magic number 16 used in __init__.
wjmaddox_swa_gaussian.swag.models,preresnet,PreResNet,Magic number,__init__,94,/Volumes/BrokeExt/NICHE/wjmaddox_swa_gaussian/swag/models/preresnet.py,Magic number 44 used in __init__.
wjmaddox_swa_gaussian.swag.models,preresnet,PreResNet,Magic number,__init__,96,/Volumes/BrokeExt/NICHE/wjmaddox_swa_gaussian/swag/models/preresnet.py,Magic number 9 used in __init__.
wjmaddox_swa_gaussian.swag.models,preresnet,PreResNet,Magic number,__init__,100,/Volumes/BrokeExt/NICHE/wjmaddox_swa_gaussian/swag/models/preresnet.py,Magic number 6 used in __init__.
wjmaddox_swa_gaussian.swag.models,preresnet,PreResNet,Magic number,__init__,95,/Volumes/BrokeExt/NICHE/wjmaddox_swa_gaussian/swag/models/preresnet.py,Magic number 9 used in __init__.
wjmaddox_swa_gaussian.swag.models,preresnet,PreResNet,Magic number,__init__,96,/Volumes/BrokeExt/NICHE/wjmaddox_swa_gaussian/swag/models/preresnet.py,Magic number 2 used in __init__.
wjmaddox_swa_gaussian.swag.models,preresnet,PreResNet,Magic number,__init__,99,/Volumes/BrokeExt/NICHE/wjmaddox_swa_gaussian/swag/models/preresnet.py,Magic number 6 used in __init__.
wjmaddox_swa_gaussian.swag.models,preresnet,PreResNet,Magic number,__init__,100,/Volumes/BrokeExt/NICHE/wjmaddox_swa_gaussian/swag/models/preresnet.py,Magic number 2 used in __init__.
wjmaddox_swa_gaussian.swag.models,preresnet,PreResNet,Magic number,__init__,95,/Volumes/BrokeExt/NICHE/wjmaddox_swa_gaussian/swag/models/preresnet.py,Magic number 2 used in __init__.
wjmaddox_swa_gaussian.swag.models,preresnet,PreResNet,Magic number,__init__,99,/Volumes/BrokeExt/NICHE/wjmaddox_swa_gaussian/swag/models/preresnet.py,Magic number 2 used in __init__.
wjmaddox_swa_gaussian.swag.models,preresnet_dropout,PreResNetDrop,Long statement,_make_layer,130,/Volumes/BrokeExt/NICHE/wjmaddox_swa_gaussian/swag/models/preresnet_dropout.py,A line with 137 chars in _make_layer exceeds the maximum length of 120 characters.
wjmaddox_swa_gaussian.swag.models,preresnet_dropout,,Long statement,,1,/Volumes/BrokeExt/NICHE/wjmaddox_swa_gaussian/swag/models/preresnet_dropout.py,A line with 141 chars in preresnet_dropout exceeds the maximum length of 120 characters.
wjmaddox_swa_gaussian.swag.models,preresnet_dropout,PreResNetDrop,Magic number,__init__,101,/Volumes/BrokeExt/NICHE/wjmaddox_swa_gaussian/swag/models/preresnet_dropout.py,Magic number 10 used in __init__.
wjmaddox_swa_gaussian.swag.models,preresnet_dropout,PreResNetDrop,Magic number,__init__,101,/Volumes/BrokeExt/NICHE/wjmaddox_swa_gaussian/swag/models/preresnet_dropout.py,Magic number 110 used in __init__.
wjmaddox_swa_gaussian.swag.models,preresnet_dropout,PreResNetDrop,Magic number,__init__,108,/Volumes/BrokeExt/NICHE/wjmaddox_swa_gaussian/swag/models/preresnet_dropout.py,Magic number 16 used in __init__.
wjmaddox_swa_gaussian.swag.models,preresnet_dropout,PreResNetDrop,Magic number,__init__,104,/Volumes/BrokeExt/NICHE/wjmaddox_swa_gaussian/swag/models/preresnet_dropout.py,Magic number 6 used in __init__.
wjmaddox_swa_gaussian.swag.models,preresnet_dropout,PreResNetDrop,Magic number,__init__,103,/Volumes/BrokeExt/NICHE/wjmaddox_swa_gaussian/swag/models/preresnet_dropout.py,Magic number 6 used in __init__.
wjmaddox_swa_gaussian.swag.models,preresnet_dropout,PreResNetDrop,Magic number,__init__,104,/Volumes/BrokeExt/NICHE/wjmaddox_swa_gaussian/swag/models/preresnet_dropout.py,Magic number 2 used in __init__.
wjmaddox_swa_gaussian.swag.models,preresnet_dropout,PreResNetDrop,Magic number,__init__,106,/Volumes/BrokeExt/NICHE/wjmaddox_swa_gaussian/swag/models/preresnet_dropout.py,Magic number 44 used in __init__.
wjmaddox_swa_gaussian.swag.models,preresnet_dropout,PreResNetDrop,Magic number,__init__,103,/Volumes/BrokeExt/NICHE/wjmaddox_swa_gaussian/swag/models/preresnet_dropout.py,Magic number 2 used in __init__.
wjmaddox_swa_gaussian.swag.models,tiramisu,FCDenseNet,Long method,__init__,24 - 127,/Volumes/BrokeExt/NICHE/wjmaddox_swa_gaussian/swag/models/tiramisu.py,Method '__init__' is too long (67 lines).
wjmaddox_swa_gaussian.swag.models,tiramisu,FCDenseNet,Long parameter list,__init__,24 - 127,/Volumes/BrokeExt/NICHE/wjmaddox_swa_gaussian/swag/models/tiramisu.py,"__init__ has 8 parameters, exceeding the max of 5."
wjmaddox_swa_gaussian.swag.models,tiramisu,FCDenseNet,Long statement,__init__,47,/Volumes/BrokeExt/NICHE/wjmaddox_swa_gaussian/swag/models/tiramisu.py,A line with 146 chars in __init__ exceeds the maximum length of 120 characters.
wjmaddox_swa_gaussian.swag.models,tiramisu,FCDenseNet,Long statement,__init__,121,/Volumes/BrokeExt/NICHE/wjmaddox_swa_gaussian/swag/models/tiramisu.py,A line with 138 chars in __init__ exceeds the maximum length of 120 characters.
wjmaddox_swa_gaussian.swag.models,tiramisu,,Long statement,,1,/Volumes/BrokeExt/NICHE/wjmaddox_swa_gaussian/swag/models/tiramisu.py,A line with 130 chars in tiramisu exceeds the maximum length of 120 characters.
wjmaddox_swa_gaussian.swag.models,tiramisu,FCDenseNet,Magic number,__init__,26,/Volumes/BrokeExt/NICHE/wjmaddox_swa_gaussian/swag/models/tiramisu.py,Magic number 3 used in __init__.
wjmaddox_swa_gaussian.swag.models,tiramisu,FCDenseNet,Magic number,__init__,29,/Volumes/BrokeExt/NICHE/wjmaddox_swa_gaussian/swag/models/tiramisu.py,Magic number 5 used in __init__.
wjmaddox_swa_gaussian.swag.models,tiramisu,FCDenseNet,Magic number,__init__,30,/Volumes/BrokeExt/NICHE/wjmaddox_swa_gaussian/swag/models/tiramisu.py,Magic number 16 used in __init__.
wjmaddox_swa_gaussian.swag.models,tiramisu,FCDenseNet,Magic number,__init__,31,/Volumes/BrokeExt/NICHE/wjmaddox_swa_gaussian/swag/models/tiramisu.py,Magic number 48 used in __init__.
wjmaddox_swa_gaussian.swag.models,tiramisu,FCDenseNet,Magic number,__init__,32,/Volumes/BrokeExt/NICHE/wjmaddox_swa_gaussian/swag/models/tiramisu.py,Magic number 11 used in __init__.
wjmaddox_swa_gaussian.swag.models,tiramisu,FCDenseNet,Magic number,__init__,27,/Volumes/BrokeExt/NICHE/wjmaddox_swa_gaussian/swag/models/tiramisu.py,Magic number 5 used in __init__.
wjmaddox_swa_gaussian.swag.models,tiramisu,FCDenseNet,Magic number,__init__,27,/Volumes/BrokeExt/NICHE/wjmaddox_swa_gaussian/swag/models/tiramisu.py,Magic number 5 used in __init__.
wjmaddox_swa_gaussian.swag.models,tiramisu,FCDenseNet,Magic number,__init__,27,/Volumes/BrokeExt/NICHE/wjmaddox_swa_gaussian/swag/models/tiramisu.py,Magic number 5 used in __init__.
wjmaddox_swa_gaussian.swag.models,tiramisu,FCDenseNet,Magic number,__init__,27,/Volumes/BrokeExt/NICHE/wjmaddox_swa_gaussian/swag/models/tiramisu.py,Magic number 5 used in __init__.
wjmaddox_swa_gaussian.swag.models,tiramisu,FCDenseNet,Magic number,__init__,27,/Volumes/BrokeExt/NICHE/wjmaddox_swa_gaussian/swag/models/tiramisu.py,Magic number 5 used in __init__.
wjmaddox_swa_gaussian.swag.models,tiramisu,FCDenseNet,Magic number,__init__,28,/Volumes/BrokeExt/NICHE/wjmaddox_swa_gaussian/swag/models/tiramisu.py,Magic number 5 used in __init__.
wjmaddox_swa_gaussian.swag.models,tiramisu,FCDenseNet,Magic number,__init__,28,/Volumes/BrokeExt/NICHE/wjmaddox_swa_gaussian/swag/models/tiramisu.py,Magic number 5 used in __init__.
wjmaddox_swa_gaussian.swag.models,tiramisu,FCDenseNet,Magic number,__init__,28,/Volumes/BrokeExt/NICHE/wjmaddox_swa_gaussian/swag/models/tiramisu.py,Magic number 5 used in __init__.
wjmaddox_swa_gaussian.swag.models,tiramisu,FCDenseNet,Magic number,__init__,28,/Volumes/BrokeExt/NICHE/wjmaddox_swa_gaussian/swag/models/tiramisu.py,Magic number 5 used in __init__.
wjmaddox_swa_gaussian.swag.models,tiramisu,FCDenseNet,Magic number,__init__,28,/Volumes/BrokeExt/NICHE/wjmaddox_swa_gaussian/swag/models/tiramisu.py,Magic number 5 used in __init__.
wjmaddox_swa_gaussian.swag.models,tiramisu,FCDenseNet,Magic number,__init__,117,/Volumes/BrokeExt/NICHE/wjmaddox_swa_gaussian/swag/models/tiramisu.py,Magic number 2 used in __init__.
wjmaddox_swa_gaussian.swag.models,vgg,VGG,Long statement,__init__,80,/Volumes/BrokeExt/NICHE/wjmaddox_swa_gaussian/swag/models/vgg.py,A line with 160 chars in __init__ exceeds the maximum length of 120 characters.
wjmaddox_swa_gaussian.swag.models,vgg,,Magic number,make_layers,15,/Volumes/BrokeExt/NICHE/wjmaddox_swa_gaussian/swag/models/vgg.py,Magic number 3 used in make_layers.
wjmaddox_swa_gaussian.swag.models,vgg,VGG,Magic number,__init__,77,/Volumes/BrokeExt/NICHE/wjmaddox_swa_gaussian/swag/models/vgg.py,Magic number 10 used in __init__.
wjmaddox_swa_gaussian.swag.models,vgg,VGG,Magic number,__init__,77,/Volumes/BrokeExt/NICHE/wjmaddox_swa_gaussian/swag/models/vgg.py,Magic number 16 used in __init__.
wjmaddox_swa_gaussian.swag.models,vgg_dropout,VGGDrop,Long statement,__init__,87,/Volumes/BrokeExt/NICHE/wjmaddox_swa_gaussian/swag/models/vgg_dropout.py,A line with 162 chars in __init__ exceeds the maximum length of 120 characters.
wjmaddox_swa_gaussian.swag.models,vgg_dropout,,Magic number,make_layers,17,/Volumes/BrokeExt/NICHE/wjmaddox_swa_gaussian/swag/models/vgg_dropout.py,Magic number 3 used in make_layers.
wjmaddox_swa_gaussian.swag.models,vgg_dropout,VGGDrop,Magic number,__init__,84,/Volumes/BrokeExt/NICHE/wjmaddox_swa_gaussian/swag/models/vgg_dropout.py,Magic number 10 used in __init__.
wjmaddox_swa_gaussian.swag.models,vgg_dropout,VGGDrop,Magic number,__init__,84,/Volumes/BrokeExt/NICHE/wjmaddox_swa_gaussian/swag/models/vgg_dropout.py,Magic number 16 used in __init__.
wjmaddox_swa_gaussian.swag.models,wide_resnet,,Long statement,,1,/Volumes/BrokeExt/NICHE/wjmaddox_swa_gaussian/swag/models/wide_resnet.py,A line with 139 chars in wide_resnet exceeds the maximum length of 120 characters.
wjmaddox_swa_gaussian.swag.models,wide_resnet,WideResNet,Magic number,__init__,57,/Volumes/BrokeExt/NICHE/wjmaddox_swa_gaussian/swag/models/wide_resnet.py,Magic number 10 used in __init__.
wjmaddox_swa_gaussian.swag.models,wide_resnet,WideResNet,Magic number,__init__,57,/Volumes/BrokeExt/NICHE/wjmaddox_swa_gaussian/swag/models/wide_resnet.py,Magic number 28 used in __init__.
wjmaddox_swa_gaussian.swag.models,wide_resnet,WideResNet,Magic number,__init__,57,/Volumes/BrokeExt/NICHE/wjmaddox_swa_gaussian/swag/models/wide_resnet.py,Magic number 10 used in __init__.
wjmaddox_swa_gaussian.swag.models,wide_resnet,WideResNet,Magic number,__init__,59,/Volumes/BrokeExt/NICHE/wjmaddox_swa_gaussian/swag/models/wide_resnet.py,Magic number 16 used in __init__.
wjmaddox_swa_gaussian.swag.models,wide_resnet,WideResNet,Magic number,__init__,62,/Volumes/BrokeExt/NICHE/wjmaddox_swa_gaussian/swag/models/wide_resnet.py,Magic number 6 used in __init__.
wjmaddox_swa_gaussian.swag.models,wide_resnet,WideResNet,Magic number,__init__,65,/Volumes/BrokeExt/NICHE/wjmaddox_swa_gaussian/swag/models/wide_resnet.py,Magic number 16 used in __init__.
wjmaddox_swa_gaussian.swag.models,wide_resnet,WideResNet,Magic number,__init__,61,/Volumes/BrokeExt/NICHE/wjmaddox_swa_gaussian/swag/models/wide_resnet.py,Magic number 6 used in __init__.
wjmaddox_swa_gaussian.swag.models,wide_resnet,WideResNet,Magic number,__init__,62,/Volumes/BrokeExt/NICHE/wjmaddox_swa_gaussian/swag/models/wide_resnet.py,Magic number 4 used in __init__.
wjmaddox_swa_gaussian.swag.models,wide_resnet,WideResNet,Magic number,__init__,65,/Volumes/BrokeExt/NICHE/wjmaddox_swa_gaussian/swag/models/wide_resnet.py,Magic number 16 used in __init__.
wjmaddox_swa_gaussian.swag.models,wide_resnet,WideResNet,Magic number,__init__,65,/Volumes/BrokeExt/NICHE/wjmaddox_swa_gaussian/swag/models/wide_resnet.py,Magic number 32 used in __init__.
wjmaddox_swa_gaussian.swag.models,wide_resnet,WideResNet,Magic number,__init__,65,/Volumes/BrokeExt/NICHE/wjmaddox_swa_gaussian/swag/models/wide_resnet.py,Magic number 64 used in __init__.
wjmaddox_swa_gaussian.swag.models,wide_resnet,WideResNet,Magic number,__init__,61,/Volumes/BrokeExt/NICHE/wjmaddox_swa_gaussian/swag/models/wide_resnet.py,Magic number 4 used in __init__.
wjmaddox_swa_gaussian.swag.models,wide_resnet_dropout,,Long statement,,1,/Volumes/BrokeExt/NICHE/wjmaddox_swa_gaussian/swag/models/wide_resnet_dropout.py,A line with 139 chars in wide_resnet_dropout exceeds the maximum length of 120 characters.
wjmaddox_swa_gaussian.swag.models,wide_resnet_dropout,WideResNetDrop,Magic number,__init__,59,/Volumes/BrokeExt/NICHE/wjmaddox_swa_gaussian/swag/models/wide_resnet_dropout.py,Magic number 10 used in __init__.
wjmaddox_swa_gaussian.swag.models,wide_resnet_dropout,WideResNetDrop,Magic number,__init__,59,/Volumes/BrokeExt/NICHE/wjmaddox_swa_gaussian/swag/models/wide_resnet_dropout.py,Magic number 28 used in __init__.
wjmaddox_swa_gaussian.swag.models,wide_resnet_dropout,WideResNetDrop,Magic number,__init__,59,/Volumes/BrokeExt/NICHE/wjmaddox_swa_gaussian/swag/models/wide_resnet_dropout.py,Magic number 10 used in __init__.
wjmaddox_swa_gaussian.swag.models,wide_resnet_dropout,WideResNetDrop,Magic number,__init__,61,/Volumes/BrokeExt/NICHE/wjmaddox_swa_gaussian/swag/models/wide_resnet_dropout.py,Magic number 16 used in __init__.
wjmaddox_swa_gaussian.swag.models,wide_resnet_dropout,WideResNetDrop,Magic number,__init__,64,/Volumes/BrokeExt/NICHE/wjmaddox_swa_gaussian/swag/models/wide_resnet_dropout.py,Magic number 6 used in __init__.
wjmaddox_swa_gaussian.swag.models,wide_resnet_dropout,WideResNetDrop,Magic number,__init__,67,/Volumes/BrokeExt/NICHE/wjmaddox_swa_gaussian/swag/models/wide_resnet_dropout.py,Magic number 16 used in __init__.
wjmaddox_swa_gaussian.swag.models,wide_resnet_dropout,WideResNetDrop,Magic number,__init__,63,/Volumes/BrokeExt/NICHE/wjmaddox_swa_gaussian/swag/models/wide_resnet_dropout.py,Magic number 6 used in __init__.
wjmaddox_swa_gaussian.swag.models,wide_resnet_dropout,WideResNetDrop,Magic number,__init__,64,/Volumes/BrokeExt/NICHE/wjmaddox_swa_gaussian/swag/models/wide_resnet_dropout.py,Magic number 4 used in __init__.
wjmaddox_swa_gaussian.swag.models,wide_resnet_dropout,WideResNetDrop,Magic number,__init__,67,/Volumes/BrokeExt/NICHE/wjmaddox_swa_gaussian/swag/models/wide_resnet_dropout.py,Magic number 16 used in __init__.
wjmaddox_swa_gaussian.swag.models,wide_resnet_dropout,WideResNetDrop,Magic number,__init__,67,/Volumes/BrokeExt/NICHE/wjmaddox_swa_gaussian/swag/models/wide_resnet_dropout.py,Magic number 32 used in __init__.
wjmaddox_swa_gaussian.swag.models,wide_resnet_dropout,WideResNetDrop,Magic number,__init__,67,/Volumes/BrokeExt/NICHE/wjmaddox_swa_gaussian/swag/models/wide_resnet_dropout.py,Magic number 64 used in __init__.
wjmaddox_swa_gaussian.swag.models,wide_resnet_dropout,WideResNetDrop,Magic number,__init__,63,/Volumes/BrokeExt/NICHE/wjmaddox_swa_gaussian/swag/models/wide_resnet_dropout.py,Magic number 4 used in __init__.
wjmaddox_swa_gaussian.swag.posteriors,diag_laplace,Laplace,Long Lambda Function,__init__,46,/Volumes/BrokeExt/NICHE/wjmaddox_swa_gaussian/swag/posteriors/diag_laplace.py,A Lambda with 124 chars in __init__ exceeds the maximum length of 80 characters.
wjmaddox_swa_gaussian.swag.posteriors,diag_laplace,,Long statement,laplace_parameters,27,/Volumes/BrokeExt/NICHE/wjmaddox_swa_gaussian/swag/posteriors/diag_laplace.py,A line with 125 chars in laplace_parameters exceeds the maximum length of 120 characters.
wjmaddox_swa_gaussian.swag.posteriors,diag_laplace,Laplace,Long statement,__init__,45,/Volumes/BrokeExt/NICHE/wjmaddox_swa_gaussian/swag/posteriors/diag_laplace.py,A line with 141 chars in __init__ exceeds the maximum length of 120 characters.
wjmaddox_swa_gaussian.swag.posteriors,diag_laplace,,Magic number,laplace_parameters,21,/Volumes/BrokeExt/NICHE/wjmaddox_swa_gaussian/swag/posteriors/diag_laplace.py,Magic number 4 used in laplace_parameters.
wjmaddox_swa_gaussian.swag.posteriors,diag_laplace,Laplace,Magic number,__init__,38,/Volumes/BrokeExt/NICHE/wjmaddox_swa_gaussian/swag/posteriors/diag_laplace.py,Magic number 20 used in __init__.
wjmaddox_swa_gaussian.swag.posteriors,diag_laplace,Laplace,Magic number,sample,72,/Volumes/BrokeExt/NICHE/wjmaddox_swa_gaussian/swag/posteriors/diag_laplace.py,Magic number 0.5 used in sample.
wjmaddox_swa_gaussian.swag.posteriors,diag_laplace,Laplace,Magic number,estimate_variance,108,/Volumes/BrokeExt/NICHE/wjmaddox_swa_gaussian/swag/posteriors/diag_laplace.py,Magic number 0.0005 used in estimate_variance.
wjmaddox_swa_gaussian.swag.posteriors,laplace,KFACLaplace,Complex method,sample,116 - 172,/Volumes/BrokeExt/NICHE/wjmaddox_swa_gaussian/swag/posteriors/laplace.py,"Method 'sample' has a cyclomatic complexity of 8, exceeding the max of 6."
wjmaddox_swa_gaussian.swag.posteriors,laplace,KFACLaplace,Complex method,step,174 - 252,/Volumes/BrokeExt/NICHE/wjmaddox_swa_gaussian/swag/posteriors/laplace.py,"Method 'step' has a cyclomatic complexity of 21, exceeding the max of 6."
wjmaddox_swa_gaussian.swag.posteriors,laplace,KFACLaplace,Complex method,_compute_covs,310 - 351,/Volumes/BrokeExt/NICHE/wjmaddox_swa_gaussian/swag/posteriors/laplace.py,"Method '_compute_covs' has a cyclomatic complexity of 7, exceeding the max of 6."
wjmaddox_swa_gaussian.swag.posteriors,laplace,KFACLaplace,Long method,sample,116 - 172,/Volumes/BrokeExt/NICHE/wjmaddox_swa_gaussian/swag/posteriors/laplace.py,Method 'sample' is too long (56 lines).
wjmaddox_swa_gaussian.swag.posteriors,laplace,KFACLaplace,Long method,step,174 - 252,/Volumes/BrokeExt/NICHE/wjmaddox_swa_gaussian/swag/posteriors/laplace.py,Method 'step' is too long (77 lines).
wjmaddox_swa_gaussian.swag.posteriors,laplace,KFACLaplace,Long parameter list,__init__,36 - 96,/Volumes/BrokeExt/NICHE/wjmaddox_swa_gaussian/swag/posteriors/laplace.py,"__init__ has 9 parameters, exceeding the max of 5."
wjmaddox_swa_gaussian.swag.posteriors,laplace,KFACLaplace,Long statement,__init__,48,/Volumes/BrokeExt/NICHE/wjmaddox_swa_gaussian/swag/posteriors/laplace.py,A line with 828 chars in __init__ exceeds the maximum length of 120 characters.
wjmaddox_swa_gaussian.swag.posteriors,laplace,,Long statement,,1,/Volumes/BrokeExt/NICHE/wjmaddox_swa_gaussian/swag/posteriors/laplace.py,A line with 134 chars in laplace exceeds the maximum length of 120 characters.
wjmaddox_swa_gaussian.swag.posteriors,laplace,KFACLaplace,Magic number,__init__,45,/Volumes/BrokeExt/NICHE/wjmaddox_swa_gaussian/swag/posteriors/laplace.py,Magic number 50000 used in __init__.
wjmaddox_swa_gaussian.swag.posteriors,laplace,KFACLaplace,Magic number,sample,120,/Volumes/BrokeExt/NICHE/wjmaddox_swa_gaussian/swag/posteriors/laplace.py,Magic number 2 used in sample.
wjmaddox_swa_gaussian.swag.posteriors,laplace,KFACLaplace,Magic number,step,180,/Volumes/BrokeExt/NICHE/wjmaddox_swa_gaussian/swag/posteriors/laplace.py,Magic number 2 used in step.
wjmaddox_swa_gaussian.swag.posteriors,laplace,KFACLaplace,Magic number,step,247,/Volumes/BrokeExt/NICHE/wjmaddox_swa_gaussian/swag/posteriors/laplace.py,Magic number 0.5 used in step.
wjmaddox_swa_gaussian.swag.posteriors,laplace,KFACLaplace,Magic number,step,191,/Volumes/BrokeExt/NICHE/wjmaddox_swa_gaussian/swag/posteriors/laplace.py,Magic number 100 used in step.
wjmaddox_swa_gaussian.swag.posteriors,laplace,KFACLaplace,Magic number,step,207,/Volumes/BrokeExt/NICHE/wjmaddox_swa_gaussian/swag/posteriors/laplace.py,Magic number 100 used in step.
wjmaddox_swa_gaussian.swag.posteriors,laplace,KFACLaplace,Magic number,_precond_sua,304,/Volumes/BrokeExt/NICHE/wjmaddox_swa_gaussian/swag/posteriors/laplace.py,Magic number 2 used in _precond_sua.
wjmaddox_swa_gaussian.swag.posteriors,laplace,KFACLaplace,Magic number,_precond_sua,304,/Volumes/BrokeExt/NICHE/wjmaddox_swa_gaussian/swag/posteriors/laplace.py,Magic number 2 used in _precond_sua.
wjmaddox_swa_gaussian.swag.posteriors,laplace,KFACLaplace,Magic number,_precond_sua,304,/Volumes/BrokeExt/NICHE/wjmaddox_swa_gaussian/swag/posteriors/laplace.py,Magic number 2 used in _precond_sua.
wjmaddox_swa_gaussian.swag.posteriors,laplace,KFACLaplace,Magic number,_precond_sua,304,/Volumes/BrokeExt/NICHE/wjmaddox_swa_gaussian/swag/posteriors/laplace.py,Magic number 3 used in _precond_sua.
wjmaddox_swa_gaussian.swag.posteriors,laplace,KFACLaplace,Magic number,_compute_covs,339,/Volumes/BrokeExt/NICHE/wjmaddox_swa_gaussian/swag/posteriors/laplace.py,Magic number 2 used in _compute_covs.
wjmaddox_swa_gaussian.swag.posteriors,laplace,KFACLaplace,Magic number,_compute_covs,339,/Volumes/BrokeExt/NICHE/wjmaddox_swa_gaussian/swag/posteriors/laplace.py,Magic number 3 used in _compute_covs.
wjmaddox_swa_gaussian.swag.posteriors,swag,SWAG,Long Lambda Function,__init__,51,/Volumes/BrokeExt/NICHE/wjmaddox_swa_gaussian/swag/posteriors/swag.py,A Lambda with 95 chars in __init__ exceeds the maximum length of 80 characters.
wjmaddox_swa_gaussian.swag.posteriors,swag,SWAG,Long statement,collect_model,154,/Volumes/BrokeExt/NICHE/wjmaddox_swa_gaussian/swag/posteriors/swag.py,A line with 122 chars in collect_model exceeds the maximum length of 120 characters.
wjmaddox_swa_gaussian.swag.posteriors,swag,SWAG,Long statement,collect_model,159,/Volumes/BrokeExt/NICHE/wjmaddox_swa_gaussian/swag/posteriors/swag.py,A line with 135 chars in collect_model exceeds the maximum length of 120 characters.
wjmaddox_swa_gaussian.swag.posteriors,swag,SWAG,Magic number,__init__,37,/Volumes/BrokeExt/NICHE/wjmaddox_swa_gaussian/swag/posteriors/swag.py,Magic number 1e-30 used in __init__.
wjmaddox_swa_gaussian.swag.posteriors,swag,SWAG,Magic number,sample_blockwise,83,/Volumes/BrokeExt/NICHE/wjmaddox_swa_gaussian/swag/posteriors/swag.py,Magic number 0.5 used in sample_blockwise.
wjmaddox_swa_gaussian.swag.posteriors,swag,SWAG,Magic number,sample_fullrank,97,/Volumes/BrokeExt/NICHE/wjmaddox_swa_gaussian/swag/posteriors/swag.py,Magic number 0.5 used in sample_fullrank.
wjmaddox_swa_gaussian.swag.posteriors,swag,SWAG,Magic number,sample_fullrank,132,/Volumes/BrokeExt/NICHE/wjmaddox_swa_gaussian/swag/posteriors/swag.py,Magic number 0.5 used in sample_fullrank.
wjmaddox_swa_gaussian.swag.posteriors,swag,SWAG,Magic number,collect_model,161,/Volumes/BrokeExt/NICHE/wjmaddox_swa_gaussian/swag/posteriors/swag.py,Magic number 2 used in collect_model.
wjmaddox_swa_gaussian.tests,test_lowrank_p_diag,Test_LowRank_P_Diag,Long method,test_added_diag_lt,12 - 129,/Volumes/BrokeExt/NICHE/wjmaddox_swa_gaussian/tests/test_lowrank_p_diag.py,Method 'test_added_diag_lt' is too long (89 lines).
wjmaddox_swa_gaussian.tests,test_lowrank_p_diag,Test_LowRank_P_Diag,Long statement,test_added_diag_lt,46,/Volumes/BrokeExt/NICHE/wjmaddox_swa_gaussian/tests/test_lowrank_p_diag.py,A line with 137 chars in test_added_diag_lt exceeds the maximum length of 120 characters.
wjmaddox_swa_gaussian.tests,test_lowrank_p_diag,Test_LowRank_P_Diag,Long statement,test_added_diag_lt,50,/Volumes/BrokeExt/NICHE/wjmaddox_swa_gaussian/tests/test_lowrank_p_diag.py,A line with 725 chars in test_added_diag_lt exceeds the maximum length of 120 characters.
wjmaddox_swa_gaussian.tests,test_lowrank_p_diag,Test_LowRank_P_Diag,Long statement,test_added_diag_lt,61,/Volumes/BrokeExt/NICHE/wjmaddox_swa_gaussian/tests/test_lowrank_p_diag.py,A line with 146 chars in test_added_diag_lt exceeds the maximum length of 120 characters.
wjmaddox_swa_gaussian.tests,test_lowrank_p_diag,Test_LowRank_P_Diag,Long statement,test_added_diag_lt,75,/Volumes/BrokeExt/NICHE/wjmaddox_swa_gaussian/tests/test_lowrank_p_diag.py,A line with 287 chars in test_added_diag_lt exceeds the maximum length of 120 characters.
wjmaddox_swa_gaussian.tests,test_lowrank_p_diag,Test_LowRank_P_Diag,Long statement,test_added_diag_lt,86,/Volumes/BrokeExt/NICHE/wjmaddox_swa_gaussian/tests/test_lowrank_p_diag.py,A line with 189 chars in test_added_diag_lt exceeds the maximum length of 120 characters.
wjmaddox_swa_gaussian.tests,test_lowrank_p_diag,Test_LowRank_P_Diag,Magic number,test_added_diag_lt,12,/Volumes/BrokeExt/NICHE/wjmaddox_swa_gaussian/tests/test_lowrank_p_diag.py,Magic number 10000 used in test_added_diag_lt.
wjmaddox_swa_gaussian.tests,test_lowrank_p_diag,Test_LowRank_P_Diag,Magic number,test_added_diag_lt,12,/Volumes/BrokeExt/NICHE/wjmaddox_swa_gaussian/tests/test_lowrank_p_diag.py,Magic number 20 used in test_added_diag_lt.
wjmaddox_swa_gaussian.tests,test_lowrank_p_diag,Test_LowRank_P_Diag,Magic number,test_added_diag_lt,24,/Volumes/BrokeExt/NICHE/wjmaddox_swa_gaussian/tests/test_lowrank_p_diag.py,Magic number 0.1 used in test_added_diag_lt.
wjmaddox_swa_gaussian.tests,test_lowrank_p_diag,Test_LowRank_P_Diag,Magic number,test_added_diag_lt,24,/Volumes/BrokeExt/NICHE/wjmaddox_swa_gaussian/tests/test_lowrank_p_diag.py,Magic number 0.001 used in test_added_diag_lt.
wjmaddox_swa_gaussian.tests,test_swag_sampling,Test_SWAG_Sampling,Long method,test_swag_cov,15 - 97,/Volumes/BrokeExt/NICHE/wjmaddox_swa_gaussian/tests/test_swag_sampling.py,Method 'test_swag_cov' is too long (73 lines).
wjmaddox_swa_gaussian.tests,test_swag_sampling,Test_SWAG_Sampling,Long method,test_swag_diag,99 - 170,/Volumes/BrokeExt/NICHE/wjmaddox_swa_gaussian/tests/test_swag_sampling.py,Method 'test_swag_diag' is too long (64 lines).
wjmaddox_swa_gaussian.tests,test_swag_sampling,Test_SWAG_Sampling,Long statement,test_swag_cov,18,/Volumes/BrokeExt/NICHE/wjmaddox_swa_gaussian/tests/test_swag_sampling.py,A line with 131 chars in test_swag_cov exceeds the maximum length of 120 characters.
wjmaddox_swa_gaussian.tests,test_swag_sampling,Test_SWAG_Sampling,Long statement,test_swag_cov,67,/Volumes/BrokeExt/NICHE/wjmaddox_swa_gaussian/tests/test_swag_sampling.py,A line with 136 chars in test_swag_cov exceeds the maximum length of 120 characters.
wjmaddox_swa_gaussian.tests,test_swag_sampling,Test_SWAG_Sampling,Long statement,test_swag_diag,102,/Volumes/BrokeExt/NICHE/wjmaddox_swa_gaussian/tests/test_swag_sampling.py,A line with 130 chars in test_swag_diag exceeds the maximum length of 120 characters.
wjmaddox_swa_gaussian.tests,test_swag_sampling,Test_SWAG_Sampling,Magic number,test_swag_cov,75,/Volumes/BrokeExt/NICHE/wjmaddox_swa_gaussian/tests/test_swag_sampling.py,Magic number 0.01 used in test_swag_cov.
wjmaddox_swa_gaussian.tests,test_swag_sampling,Test_SWAG_Sampling,Magic number,test_swag_cov,75,/Volumes/BrokeExt/NICHE/wjmaddox_swa_gaussian/tests/test_swag_sampling.py,Magic number 0.1 used in test_swag_cov.
wjmaddox_swa_gaussian.tests,test_swag_sampling,Test_SWAG_Sampling,Magic number,test_swag_cov,75,/Volumes/BrokeExt/NICHE/wjmaddox_swa_gaussian/tests/test_swag_sampling.py,Magic number 0.5 used in test_swag_cov.
wjmaddox_swa_gaussian.tests,test_swag_sampling,Test_SWAG_Sampling,Magic number,test_swag_cov,75,/Volumes/BrokeExt/NICHE/wjmaddox_swa_gaussian/tests/test_swag_sampling.py,Magic number 2.0 used in test_swag_cov.
wjmaddox_swa_gaussian.tests,test_swag_sampling,Test_SWAG_Sampling,Magic number,test_swag_cov,75,/Volumes/BrokeExt/NICHE/wjmaddox_swa_gaussian/tests/test_swag_sampling.py,Magic number 5.0 used in test_swag_cov.
wjmaddox_swa_gaussian.tests,test_swag_sampling,Test_SWAG_Sampling,Magic number,test_swag_diag,144,/Volumes/BrokeExt/NICHE/wjmaddox_swa_gaussian/tests/test_swag_sampling.py,Magic number 0.01 used in test_swag_diag.
wjmaddox_swa_gaussian.tests,test_swag_sampling,Test_SWAG_Sampling,Magic number,test_swag_diag,144,/Volumes/BrokeExt/NICHE/wjmaddox_swa_gaussian/tests/test_swag_sampling.py,Magic number 0.1 used in test_swag_diag.
wjmaddox_swa_gaussian.tests,test_swag_sampling,Test_SWAG_Sampling,Magic number,test_swag_diag,144,/Volumes/BrokeExt/NICHE/wjmaddox_swa_gaussian/tests/test_swag_sampling.py,Magic number 0.5 used in test_swag_diag.
wjmaddox_swa_gaussian.tests,test_swag_sampling,Test_SWAG_Sampling,Magic number,test_swag_diag,144,/Volumes/BrokeExt/NICHE/wjmaddox_swa_gaussian/tests/test_swag_sampling.py,Magic number 2.0 used in test_swag_diag.
wjmaddox_swa_gaussian.tests,test_swag_sampling,Test_SWAG_Sampling,Magic number,test_swag_diag,144,/Volumes/BrokeExt/NICHE/wjmaddox_swa_gaussian/tests/test_swag_sampling.py,Magic number 5.0 used in test_swag_diag.
wjmaddox_swa_gaussian.tests,test_swag_sampling,Test_SWAG_Sampling,Magic number,test_swag_diag,167,/Volumes/BrokeExt/NICHE/wjmaddox_swa_gaussian/tests/test_swag_sampling.py,Magic number 20 used in test_swag_diag.
wjmaddox_swa_gaussian.tests,test_swag_sampling,Test_SWAG_Sampling,Magic number,test_swag_diag,145,/Volumes/BrokeExt/NICHE/wjmaddox_swa_gaussian/tests/test_swag_sampling.py,Magic number 2 used in test_swag_diag.
