Package,Module,Class,Smell,Function/Method,Line no,File,Details
dsgiitr_d2l-pytorch.d2l,figure,Animator,Long Lambda Function,__init__,124,/Volumes/BrokeExt/NICHE/dsgiitr_d2l-pytorch/d2l/figure.py,A Lambda with 85 chars in __init__ exceeds the maximum length of 80 characters.
dsgiitr_d2l-pytorch.d2l,figure,,Complex method,plot,81 - 102,/Volumes/BrokeExt/NICHE/dsgiitr_d2l-pytorch/d2l/figure.py,"Method 'plot' has a cyclomatic complexity of 8, exceeding the max of 6."
dsgiitr_d2l-pytorch.d2l,figure,Animator,Complex method,add,128 - 145,/Volumes/BrokeExt/NICHE/dsgiitr_d2l-pytorch/d2l/figure.py,"Method 'add' has a cyclomatic complexity of 10, exceeding the max of 6."
dsgiitr_d2l-pytorch.d2l,figure,,Long parameter list,semilogy,15 - 25,/Volumes/BrokeExt/NICHE/dsgiitr_d2l-pytorch/d2l/figure.py,"semilogy has 8 parameters, exceeding the max of 5."
dsgiitr_d2l-pytorch.d2l,figure,,Long parameter list,plot,81 - 102,/Volumes/BrokeExt/NICHE/dsgiitr_d2l-pytorch/d2l/figure.py,"plot has 12 parameters, exceeding the max of 5."
dsgiitr_d2l-pytorch.d2l,figure,,Long parameter list,set_axes,104 - 113,/Volumes/BrokeExt/NICHE/dsgiitr_d2l-pytorch/d2l/figure.py,"set_axes has 8 parameters, exceeding the max of 5."
dsgiitr_d2l-pytorch.d2l,figure,Animator,Long parameter list,__init__,116 - 126,/Volumes/BrokeExt/NICHE/dsgiitr_d2l-pytorch/d2l/figure.py,"__init__ has 11 parameters, exceeding the max of 5."
dsgiitr_d2l-pytorch.d2l,figure,,Long statement,bbox_to_rect,11,/Volumes/BrokeExt/NICHE/dsgiitr_d2l-pytorch/d2l/figure.py,A line with 140 chars in bbox_to_rect exceeds the maximum length of 120 characters.
dsgiitr_d2l-pytorch.d2l,figure,,Long statement,show_bboxes,50,/Volumes/BrokeExt/NICHE/dsgiitr_d2l-pytorch/d2l/figure.py,A line with 134 chars in show_bboxes exceeds the maximum length of 120 characters.
dsgiitr_d2l-pytorch.d2l,figure,,Long statement,,6,/Volumes/BrokeExt/NICHE/dsgiitr_d2l-pytorch/d2l/figure.py,A line with 158 chars in figure exceeds the maximum length of 120 characters.
dsgiitr_d2l-pytorch.d2l,figure,,Magic number,semilogy,16,/Volumes/BrokeExt/NICHE/dsgiitr_d2l-pytorch/d2l/figure.py,Magic number 3.5 used in semilogy.
dsgiitr_d2l-pytorch.d2l,figure,,Magic number,semilogy,16,/Volumes/BrokeExt/NICHE/dsgiitr_d2l-pytorch/d2l/figure.py,Magic number 2.5 used in semilogy.
dsgiitr_d2l-pytorch.d2l,figure,,Magic number,set_figsize,28,/Volumes/BrokeExt/NICHE/dsgiitr_d2l-pytorch/d2l/figure.py,Magic number 3.5 used in set_figsize.
dsgiitr_d2l-pytorch.d2l,figure,,Magic number,set_figsize,28,/Volumes/BrokeExt/NICHE/dsgiitr_d2l-pytorch/d2l/figure.py,Magic number 2.5 used in set_figsize.
dsgiitr_d2l-pytorch.d2l,figure,,Magic number,show_images,54,/Volumes/BrokeExt/NICHE/dsgiitr_d2l-pytorch/d2l/figure.py,Magic number 2 used in show_images.
dsgiitr_d2l-pytorch.d2l,figure,,Magic number,plot,83,/Volumes/BrokeExt/NICHE/dsgiitr_d2l-pytorch/d2l/figure.py,Magic number 3.5 used in plot.
dsgiitr_d2l-pytorch.d2l,figure,,Magic number,plot,83,/Volumes/BrokeExt/NICHE/dsgiitr_d2l-pytorch/d2l/figure.py,Magic number 2.5 used in plot.
dsgiitr_d2l-pytorch.d2l,figure,Animator,Magic number,__init__,118,/Volumes/BrokeExt/NICHE/dsgiitr_d2l-pytorch/d2l/figure.py,Magic number 3.5 used in __init__.
dsgiitr_d2l-pytorch.d2l,figure,Animator,Magic number,__init__,118,/Volumes/BrokeExt/NICHE/dsgiitr_d2l-pytorch/d2l/figure.py,Magic number 2.5 used in __init__.
dsgiitr_d2l-pytorch.d2l,model,RNNModel,Long statement,begin_state,43,/Volumes/BrokeExt/NICHE/dsgiitr_d2l-pytorch/d2l/model.py,A line with 175 chars in begin_state exceeds the maximum length of 120 characters.
dsgiitr_d2l-pytorch.d2l,ssd_utils,Animator,Long Lambda Function,__init__,444,/Volumes/BrokeExt/NICHE/dsgiitr_d2l-pytorch/d2l/ssd_utils.py,A Lambda with 89 chars in __init__ exceeds the maximum length of 80 characters.
dsgiitr_d2l-pytorch.d2l,ssd_utils,Animator,Complex method,add,448 - 465,/Volumes/BrokeExt/NICHE/dsgiitr_d2l-pytorch/d2l/ssd_utils.py,"Method 'add' has a cyclomatic complexity of 10, exceeding the max of 6."
dsgiitr_d2l-pytorch.d2l,ssd_utils,,Empty catch block,save,528,/Volumes/BrokeExt/NICHE/dsgiitr_d2l-pytorch/d2l/ssd_utils.py,Empty catch block found in save.
dsgiitr_d2l-pytorch.d2l,ssd_utils,,Long method,download_and_preprocess_data,310 - 377,/Volumes/BrokeExt/NICHE/dsgiitr_d2l-pytorch/d2l/ssd_utils.py,Method 'download_and_preprocess_data' is too long (60 lines).
dsgiitr_d2l-pytorch.d2l,ssd_utils,,Long parameter list,set_axes,424 - 433,/Volumes/BrokeExt/NICHE/dsgiitr_d2l-pytorch/d2l/ssd_utils.py,"set_axes has 8 parameters, exceeding the max of 5."
dsgiitr_d2l-pytorch.d2l,ssd_utils,Animator,Long parameter list,__init__,436 - 446,/Volumes/BrokeExt/NICHE/dsgiitr_d2l-pytorch/d2l/ssd_utils.py,"__init__ has 11 parameters, exceeding the max of 5."
dsgiitr_d2l-pytorch.d2l,ssd_utils,,Long statement,draw_boxes,63,/Volumes/BrokeExt/NICHE/dsgiitr_d2l-pytorch/d2l/ssd_utils.py,A line with 158 chars in draw_boxes exceeds the maximum length of 120 characters.
dsgiitr_d2l-pytorch.d2l,ssd_utils,,Long statement,draw_text,85,/Volumes/BrokeExt/NICHE/dsgiitr_d2l-pytorch/d2l/ssd_utils.py,A line with 143 chars in draw_text exceeds the maximum length of 120 characters.
dsgiitr_d2l-pytorch.d2l,ssd_utils,,Long statement,invert_transformation,101,/Volumes/BrokeExt/NICHE/dsgiitr_d2l-pytorch/d2l/ssd_utils.py,A line with 233 chars in invert_transformation exceeds the maximum length of 120 characters.
dsgiitr_d2l-pytorch.d2l,ssd_utils,,Long statement,infer,164,/Volumes/BrokeExt/NICHE/dsgiitr_d2l-pytorch/d2l/ssd_utils.py,A line with 219 chars in infer exceeds the maximum length of 120 characters.
dsgiitr_d2l-pytorch.d2l,ssd_utils,,Long statement,download_url,233,/Volumes/BrokeExt/NICHE/dsgiitr_d2l-pytorch/d2l/ssd_utils.py,A line with 355 chars in download_url exceeds the maximum length of 120 characters.
dsgiitr_d2l-pytorch.d2l,ssd_utils,,Long statement,load_data_pikachu_rec_mxnet,294,/Volumes/BrokeExt/NICHE/dsgiitr_d2l-pytorch/d2l/ssd_utils.py,A line with 233 chars in load_data_pikachu_rec_mxnet exceeds the maximum length of 120 characters.
dsgiitr_d2l-pytorch.d2l,ssd_utils,,Long statement,load_data_pikachu_rec_mxnet,302,/Volumes/BrokeExt/NICHE/dsgiitr_d2l-pytorch/d2l/ssd_utils.py,A line with 152 chars in load_data_pikachu_rec_mxnet exceeds the maximum length of 120 characters.
dsgiitr_d2l-pytorch.d2l,ssd_utils,,Long statement,center_2_hw,475,/Volumes/BrokeExt/NICHE/dsgiitr_d2l-pytorch/d2l/ssd_utils.py,A line with 213 chars in center_2_hw exceeds the maximum length of 120 characters.
dsgiitr_d2l-pytorch.d2l,ssd_utils,,Long statement,MultiboxDetection,626,/Volumes/BrokeExt/NICHE/dsgiitr_d2l-pytorch/d2l/ssd_utils.py,A line with 219 chars in MultiboxDetection exceeds the maximum length of 120 characters.
dsgiitr_d2l-pytorch.d2l,ssd_utils,,Magic number,set_figsize,35,/Volumes/BrokeExt/NICHE/dsgiitr_d2l-pytorch/d2l/ssd_utils.py,Magic number 3.5 used in set_figsize.
dsgiitr_d2l-pytorch.d2l,ssd_utils,,Magic number,set_figsize,35,/Volumes/BrokeExt/NICHE/dsgiitr_d2l-pytorch/d2l/ssd_utils.py,Magic number 2.5 used in set_figsize.
dsgiitr_d2l-pytorch.d2l,ssd_utils,,Magic number,show_images,41,/Volumes/BrokeExt/NICHE/dsgiitr_d2l-pytorch/d2l/ssd_utils.py,Magic number 1.5 used in show_images.
dsgiitr_d2l-pytorch.d2l,ssd_utils,,Magic number,non_max_suppression,107,/Volumes/BrokeExt/NICHE/dsgiitr_d2l-pytorch/d2l/ssd_utils.py,Magic number 0.1 used in non_max_suppression.
dsgiitr_d2l-pytorch.d2l,ssd_utils,,Magic number,infer,125,/Volumes/BrokeExt/NICHE/dsgiitr_d2l-pytorch/d2l/ssd_utils.py,Magic number 0.9 used in infer.
dsgiitr_d2l-pytorch.d2l,ssd_utils,,Magic number,infer,143,/Volumes/BrokeExt/NICHE/dsgiitr_d2l-pytorch/d2l/ssd_utils.py,Magic number 256.0 used in infer.
dsgiitr_d2l-pytorch.d2l,ssd_utils,,Magic number,calculate_md5,202,/Volumes/BrokeExt/NICHE/dsgiitr_d2l-pytorch/d2l/ssd_utils.py,Magic number 1024 used in calculate_md5.
dsgiitr_d2l-pytorch.d2l,ssd_utils,,Magic number,calculate_md5,202,/Volumes/BrokeExt/NICHE/dsgiitr_d2l-pytorch/d2l/ssd_utils.py,Magic number 1024 used in calculate_md5.
dsgiitr_d2l-pytorch.d2l,ssd_utils,,Magic number,download_url,260,/Volumes/BrokeExt/NICHE/dsgiitr_d2l-pytorch/d2l/ssd_utils.py,Magic number 5 used in download_url.
dsgiitr_d2l-pytorch.d2l,ssd_utils,,Magic number,load_data_pikachu_rec_mxnet,289,/Volumes/BrokeExt/NICHE/dsgiitr_d2l-pytorch/d2l/ssd_utils.py,Magic number 256 used in load_data_pikachu_rec_mxnet.
dsgiitr_d2l-pytorch.d2l,ssd_utils,,Magic number,box_area,495,/Volumes/BrokeExt/NICHE/dsgiitr_d2l-pytorch/d2l/ssd_utils.py,Magic number 2 used in box_area.
dsgiitr_d2l-pytorch.d2l,ssd_utils,,Magic number,box_area,495,/Volumes/BrokeExt/NICHE/dsgiitr_d2l-pytorch/d2l/ssd_utils.py,Magic number 3 used in box_area.
dsgiitr_d2l-pytorch.d2l,ssd_utils,,Magic number,MultiBoxPrior,559,/Volumes/BrokeExt/NICHE/dsgiitr_d2l-pytorch/d2l/ssd_utils.py,Magic number 728 used in MultiBoxPrior.
dsgiitr_d2l-pytorch.d2l,ssd_utils,,Magic number,MultiBoxPrior,572,/Volumes/BrokeExt/NICHE/dsgiitr_d2l-pytorch/d2l/ssd_utils.py,Magic number 0.5 used in MultiBoxPrior.
dsgiitr_d2l-pytorch.d2l,ssd_utils,,Magic number,MultiBoxPrior,573,/Volumes/BrokeExt/NICHE/dsgiitr_d2l-pytorch/d2l/ssd_utils.py,Magic number 0.5 used in MultiBoxPrior.
dsgiitr_d2l-pytorch.d2l,ssd_utils,PIKACHU,Magic number,__init__,385,/Volumes/BrokeExt/NICHE/dsgiitr_d2l-pytorch/d2l/ssd_utils.py,Magic number 3 used in __init__.
dsgiitr_d2l-pytorch.d2l,ssd_utils,PIKACHU,Magic number,__init__,385,/Volumes/BrokeExt/NICHE/dsgiitr_d2l-pytorch/d2l/ssd_utils.py,Magic number 256 used in __init__.
dsgiitr_d2l-pytorch.d2l,ssd_utils,PIKACHU,Magic number,__init__,385,/Volumes/BrokeExt/NICHE/dsgiitr_d2l-pytorch/d2l/ssd_utils.py,Magic number 256 used in __init__.
dsgiitr_d2l-pytorch.d2l,ssd_utils,PIKACHU,Magic number,__getitem__,407,/Volumes/BrokeExt/NICHE/dsgiitr_d2l-pytorch/d2l/ssd_utils.py,Magic number 2 used in __getitem__.
dsgiitr_d2l-pytorch.d2l,ssd_utils,PIKACHU,Magic number,__getitem__,408,/Volumes/BrokeExt/NICHE/dsgiitr_d2l-pytorch/d2l/ssd_utils.py,Magic number 2 used in __getitem__.
dsgiitr_d2l-pytorch.d2l,ssd_utils,PIKACHU,Magic number,__getitem__,409,/Volumes/BrokeExt/NICHE/dsgiitr_d2l-pytorch/d2l/ssd_utils.py,Magic number 2 used in __getitem__.
dsgiitr_d2l-pytorch.d2l,ssd_utils,PIKACHU,Magic number,__getitem__,410,/Volumes/BrokeExt/NICHE/dsgiitr_d2l-pytorch/d2l/ssd_utils.py,Magic number 3 used in __getitem__.
dsgiitr_d2l-pytorch.d2l,ssd_utils,PIKACHU,Magic number,__getitem__,409,/Volumes/BrokeExt/NICHE/dsgiitr_d2l-pytorch/d2l/ssd_utils.py,Magic number 2 used in __getitem__.
dsgiitr_d2l-pytorch.d2l,ssd_utils,PIKACHU,Magic number,__getitem__,410,/Volumes/BrokeExt/NICHE/dsgiitr_d2l-pytorch/d2l/ssd_utils.py,Magic number 3 used in __getitem__.
dsgiitr_d2l-pytorch.d2l,ssd_utils,PIKACHU,Magic number,__getitem__,407,/Volumes/BrokeExt/NICHE/dsgiitr_d2l-pytorch/d2l/ssd_utils.py,Magic number 2 used in __getitem__.
dsgiitr_d2l-pytorch.d2l,ssd_utils,PIKACHU,Magic number,__getitem__,408,/Volumes/BrokeExt/NICHE/dsgiitr_d2l-pytorch/d2l/ssd_utils.py,Magic number 3 used in __getitem__.
dsgiitr_d2l-pytorch.d2l,ssd_utils,Animator,Magic number,__init__,438,/Volumes/BrokeExt/NICHE/dsgiitr_d2l-pytorch/d2l/ssd_utils.py,Magic number 3.5 used in __init__.
dsgiitr_d2l-pytorch.d2l,ssd_utils,Animator,Magic number,__init__,438,/Volumes/BrokeExt/NICHE/dsgiitr_d2l-pytorch/d2l/ssd_utils.py,Magic number 2.5 used in __init__.
dsgiitr_d2l-pytorch.d2l,train,,Complex method,train_and_predict_rnn,62 - 119,/Volumes/BrokeExt/NICHE/dsgiitr_d2l-pytorch/d2l/train.py,"Method 'train_and_predict_rnn' has a cyclomatic complexity of 10, exceeding the max of 6."
dsgiitr_d2l-pytorch.d2l,train,,Complex method,train_and_predict_rnn_nn,269 - 305,/Volumes/BrokeExt/NICHE/dsgiitr_d2l-pytorch/d2l/train.py,"Method 'train_and_predict_rnn_nn' has a cyclomatic complexity of 7, exceeding the max of 6."
dsgiitr_d2l-pytorch.d2l,train,,Long method,train_and_predict_rnn,62 - 119,/Volumes/BrokeExt/NICHE/dsgiitr_d2l-pytorch/d2l/train.py,Method 'train_and_predict_rnn' is too long (54 lines).
dsgiitr_d2l-pytorch.d2l,train,,Long parameter list,train_and_predict_rnn,62 - 119,/Volumes/BrokeExt/NICHE/dsgiitr_d2l-pytorch/d2l/train.py,"train_and_predict_rnn has 14 parameters, exceeding the max of 5."
dsgiitr_d2l-pytorch.d2l,train,,Long parameter list,train_ch3,121 - 140,/Volumes/BrokeExt/NICHE/dsgiitr_d2l-pytorch/d2l/train.py,"train_ch3 has 7 parameters, exceeding the max of 5."
dsgiitr_d2l-pytorch.d2l,train,,Long parameter list,train_ch5,143 - 168,/Volumes/BrokeExt/NICHE/dsgiitr_d2l-pytorch/d2l/train.py,"train_ch5 has 8 parameters, exceeding the max of 5."
dsgiitr_d2l-pytorch.d2l,train,,Long parameter list,translate_ch7,205 - 226,/Volumes/BrokeExt/NICHE/dsgiitr_d2l-pytorch/d2l/train.py,"translate_ch7 has 6 parameters, exceeding the max of 5."
dsgiitr_d2l-pytorch.d2l,train,,Long parameter list,predict_rnn,232 - 252,/Volumes/BrokeExt/NICHE/dsgiitr_d2l-pytorch/d2l/train.py,"predict_rnn has 8 parameters, exceeding the max of 5."
dsgiitr_d2l-pytorch.d2l,train,,Long parameter list,predict_rnn_nn,254 - 267,/Volumes/BrokeExt/NICHE/dsgiitr_d2l-pytorch/d2l/train.py,"predict_rnn_nn has 8 parameters, exceeding the max of 5."
dsgiitr_d2l-pytorch.d2l,train,,Long parameter list,train_and_predict_rnn_nn,269 - 305,/Volumes/BrokeExt/NICHE/dsgiitr_d2l-pytorch/d2l/train.py,"train_and_predict_rnn_nn has 13 parameters, exceeding the max of 5."
dsgiitr_d2l-pytorch.d2l,train,,Long statement,train_ch3,139,/Volumes/BrokeExt/NICHE/dsgiitr_d2l-pytorch/d2l/train.py,A line with 127 chars in train_ch3 exceeds the maximum length of 120 characters.
dsgiitr_d2l-pytorch.d2l,train,,Long statement,train_ch5,167,/Volumes/BrokeExt/NICHE/dsgiitr_d2l-pytorch/d2l/train.py,A line with 165 chars in train_ch5 exceeds the maximum length of 120 characters.
dsgiitr_d2l-pytorch.d2l,train,,Long statement,,16,/Volumes/BrokeExt/NICHE/dsgiitr_d2l-pytorch/d2l/train.py,A line with 312 chars in train exceeds the maximum length of 120 characters.
dsgiitr_d2l-pytorch.d2l,train,,Magic number,squared_loss,40,/Volumes/BrokeExt/NICHE/dsgiitr_d2l-pytorch/d2l/train.py,Magic number 2 used in squared_loss.
dsgiitr_d2l-pytorch.d2l,train,,Magic number,train_and_predict_rnn,111,/Volumes/BrokeExt/NICHE/dsgiitr_d2l-pytorch/d2l/train.py,Magic number 50 used in train_and_predict_rnn.
dsgiitr_d2l-pytorch.d2l,train,,Magic number,train_and_predict_rnn,115,/Volumes/BrokeExt/NICHE/dsgiitr_d2l-pytorch/d2l/train.py,Magic number 100 used in train_and_predict_rnn.
dsgiitr_d2l-pytorch.d2l,train,,Magic number,train_ch7,200,/Volumes/BrokeExt/NICHE/dsgiitr_d2l-pytorch/d2l/train.py,Magic number 50 used in train_ch7.
dsgiitr_d2l-pytorch.d2l,train,,Magic number,train_and_predict_rnn_nn,299,/Volumes/BrokeExt/NICHE/dsgiitr_d2l-pytorch/d2l/train.py,Magic number 4 used in train_and_predict_rnn_nn.
dsgiitr_d2l-pytorch.d2l,train,,Magic number,train_and_predict_rnn_nn,303,/Volumes/BrokeExt/NICHE/dsgiitr_d2l-pytorch/d2l/train.py,Magic number 2 used in train_and_predict_rnn_nn.
dsgiitr_d2l-pytorch.d2l,train,,Magic number,train_2d,311,/Volumes/BrokeExt/NICHE/dsgiitr_d2l-pytorch/d2l/train.py,Magic number 5 used in train_2d.
dsgiitr_d2l-pytorch.d2l,train,,Magic number,train_2d,311,/Volumes/BrokeExt/NICHE/dsgiitr_d2l-pytorch/d2l/train.py,Magic number 2 used in train_2d.
dsgiitr_d2l-pytorch.d2l,train,,Magic number,train_ch10,319,/Volumes/BrokeExt/NICHE/dsgiitr_d2l-pytorch/d2l/train.py,Magic number 2 used in train_ch10.
dsgiitr_d2l-pytorch.d2l,train,,Magic number,train_ch10,346,/Volumes/BrokeExt/NICHE/dsgiitr_d2l-pytorch/d2l/train.py,Magic number 200 used in train_ch10.
dsgiitr_d2l-pytorch.d2l.data,base,,Magic number,load_data_time_machine,82,/Volumes/BrokeExt/NICHE/dsgiitr_d2l-pytorch/d2l/data/base.py,Magic number 10000 used in load_data_time_machine.
dsgiitr_d2l-pytorch.d2l.data,base,,Magic number,get_data_ch10,97,/Volumes/BrokeExt/NICHE/dsgiitr_d2l-pytorch/d2l/data/base.py,Magic number 10 used in get_data_ch10.
dsgiitr_d2l-pytorch.d2l.data,base,,Magic number,get_data_ch10,97,/Volumes/BrokeExt/NICHE/dsgiitr_d2l-pytorch/d2l/data/base.py,Magic number 1500 used in get_data_ch10.
dsgiitr_d2l-pytorch.d2l.data,base,Vocab,Magic number,__init__,16,/Volumes/BrokeExt/NICHE/dsgiitr_d2l-pytorch/d2l/data/base.py,Magic number 2 used in __init__.
dsgiitr_d2l-pytorch.d2l.data,base,Vocab,Magic number,__init__,16,/Volumes/BrokeExt/NICHE/dsgiitr_d2l-pytorch/d2l/data/base.py,Magic number 3 used in __init__.
dsgiitr_d2l-pytorch.d2l.data,fashion_mnist,,Magic number,load_data_fashion_mnist,21,/Volumes/BrokeExt/NICHE/dsgiitr_d2l-pytorch/d2l/data/fashion_mnist.py,Magic number 4 used in load_data_fashion_mnist.
dsgiitr_d2l-pytorch.d2l.data,nmt,,Long method,load_data_nmt,11 - 78,/Volumes/BrokeExt/NICHE/dsgiitr_d2l-pytorch/d2l/data/nmt.py,Method 'load_data_nmt' is too long (50 lines).
dsgiitr_d2l-pytorch.d2l.data,nmt,,Magic number,load_data_nmt,11,/Volumes/BrokeExt/NICHE/dsgiitr_d2l-pytorch/d2l/data/nmt.py,Magic number 1000 used in load_data_nmt.
dsgiitr_d2l-pytorch.d2l.data,nmt,,Magic number,load_data_nmt,49,/Volumes/BrokeExt/NICHE/dsgiitr_d2l-pytorch/d2l/data/nmt.py,Magic number 2 used in load_data_nmt.
