Package,Module,Class,Smell,Function/Method,Line no,File,Details
hunkim_DeepLearningZeroToAll,lab-02-1-linear_regression,,Long statement,,37,/Volumes/BrokeExt/NICHE/hunkim_DeepLearningZeroToAll/lab-02-1-linear_regression.py,A line with 266 chars in lab-02-1-linear_regression exceeds the maximum length of 120 characters.
hunkim_DeepLearningZeroToAll,lab-02-2-linear_regression_feed,,Long statement,,42,/Volumes/BrokeExt/NICHE/hunkim_DeepLearningZeroToAll/lab-02-2-linear_regression_feed.py,A line with 264 chars in lab-02-2-linear_regression_feed exceeds the maximum length of 120 characters.
hunkim_DeepLearningZeroToAll,lab-02-2-linear_regression_feed,,Long statement,,55,/Volumes/BrokeExt/NICHE/hunkim_DeepLearningZeroToAll/lab-02-2-linear_regression_feed.py,A line with 121 chars in lab-02-2-linear_regression_feed exceeds the maximum length of 120 characters.
hunkim_DeepLearningZeroToAll,lab-02-2-linear_regression_feed,,Long statement,,68,/Volumes/BrokeExt/NICHE/hunkim_DeepLearningZeroToAll/lab-02-2-linear_regression_feed.py,A line with 259 chars in lab-02-2-linear_regression_feed exceeds the maximum length of 120 characters.
hunkim_DeepLearningZeroToAll,lab-03-2-minimizing_cost_gradient_update,,Long statement,,40,/Volumes/BrokeExt/NICHE/hunkim_DeepLearningZeroToAll/lab-03-2-minimizing_cost_gradient_update.py,A line with 606 chars in lab-03-2-minimizing_cost_gradient_update exceeds the maximum length of 120 characters.
hunkim_DeepLearningZeroToAll,lab-03-X-minimizing_cost_tf_gradient,,Long statement,,42,/Volumes/BrokeExt/NICHE/hunkim_DeepLearningZeroToAll/lab-03-X-minimizing_cost_tf_gradient.py,A line with 333 chars in lab-03-X-minimizing_cost_tf_gradient exceeds the maximum length of 120 characters.
hunkim_DeepLearningZeroToAll,lab-04-1-multi_variable_linear_regression,,Long statement,,38,/Volumes/BrokeExt/NICHE/hunkim_DeepLearningZeroToAll/lab-04-1-multi_variable_linear_regression.py,A line with 121 chars in lab-04-1-multi_variable_linear_regression exceeds the maximum length of 120 characters.
hunkim_DeepLearningZeroToAll,lab-04-1-multi_variable_linear_regression,,Long statement,,43,/Volumes/BrokeExt/NICHE/hunkim_DeepLearningZeroToAll/lab-04-1-multi_variable_linear_regression.py,A line with 435 chars in lab-04-1-multi_variable_linear_regression exceeds the maximum length of 120 characters.
hunkim_DeepLearningZeroToAll,lab-04-2-multi_variable_matmul_linear_regression,,Long statement,,45,/Volumes/BrokeExt/NICHE/hunkim_DeepLearningZeroToAll/lab-04-2-multi_variable_matmul_linear_regression.py,A line with 508 chars in lab-04-2-multi_variable_matmul_linear_regression exceeds the maximum length of 120 characters.
hunkim_DeepLearningZeroToAll,lab-04-3-file_input_linear_regression,,Long statement,,15,/Volumes/BrokeExt/NICHE/hunkim_DeepLearningZeroToAll/lab-04-3-file_input_linear_regression.py,A line with 178 chars in lab-04-3-file_input_linear_regression exceeds the maximum length of 120 characters.
hunkim_DeepLearningZeroToAll,lab-04-3-file_input_linear_regression,,Long statement,,59,/Volumes/BrokeExt/NICHE/hunkim_DeepLearningZeroToAll/lab-04-3-file_input_linear_regression.py,A line with 414 chars in lab-04-3-file_input_linear_regression exceeds the maximum length of 120 characters.
hunkim_DeepLearningZeroToAll,lab-05-1-logistic_regression,,Long statement,,54,/Volumes/BrokeExt/NICHE/hunkim_DeepLearningZeroToAll/lab-05-1-logistic_regression.py,A line with 342 chars in lab-05-1-logistic_regression exceeds the maximum length of 120 characters.
hunkim_DeepLearningZeroToAll,lab-05-2-logistic_regression_diabetes,,Long statement,,48,/Volumes/BrokeExt/NICHE/hunkim_DeepLearningZeroToAll/lab-05-2-logistic_regression_diabetes.py,A line with 177 chars in lab-05-2-logistic_regression_diabetes exceeds the maximum length of 120 characters.
hunkim_DeepLearningZeroToAll,lab-06-1-softmax_classifier,,Long statement,,5,/Volumes/BrokeExt/NICHE/hunkim_DeepLearningZeroToAll/lab-06-1-softmax_classifier.py,A line with 121 chars in lab-06-1-softmax_classifier exceeds the maximum length of 120 characters.
hunkim_DeepLearningZeroToAll,lab-06-1-softmax_classifier,,Long statement,,65,/Volumes/BrokeExt/NICHE/hunkim_DeepLearningZeroToAll/lab-06-1-softmax_classifier.py,A line with 532 chars in lab-06-1-softmax_classifier exceeds the maximum length of 120 characters.
hunkim_DeepLearningZeroToAll,lab-06-2-softmax_zoo_classifier,,Long statement,,27,/Volumes/BrokeExt/NICHE/hunkim_DeepLearningZeroToAll/lab-06-2-softmax_zoo_classifier.py,A line with 133 chars in lab-06-2-softmax_zoo_classifier exceeds the maximum length of 120 characters.
hunkim_DeepLearningZeroToAll,lab-06-2-softmax_zoo_classifier,,Long statement,,65,/Volumes/BrokeExt/NICHE/hunkim_DeepLearningZeroToAll/lab-06-2-softmax_zoo_classifier.py,A line with 437 chars in lab-06-2-softmax_zoo_classifier exceeds the maximum length of 120 characters.
hunkim_DeepLearningZeroToAll,lab-07-1-learning_rate_and_evaluation,,Long statement,,64,/Volumes/BrokeExt/NICHE/hunkim_DeepLearningZeroToAll/lab-07-1-learning_rate_and_evaluation.py,A line with 2123 chars in lab-07-1-learning_rate_and_evaluation exceeds the maximum length of 120 characters.
hunkim_DeepLearningZeroToAll,lab-07-2-linear_regression_without_min_max,,Long statement,,6,/Volumes/BrokeExt/NICHE/hunkim_DeepLearningZeroToAll/lab-07-2-linear_regression_without_min_max.py,A line with 441 chars in lab-07-2-linear_regression_without_min_max exceeds the maximum length of 120 characters.
hunkim_DeepLearningZeroToAll,lab-07-2-linear_regression_without_min_max,,Long statement,,46,/Volumes/BrokeExt/NICHE/hunkim_DeepLearningZeroToAll/lab-07-2-linear_regression_without_min_max.py,A line with 1175 chars in lab-07-2-linear_regression_without_min_max exceeds the maximum length of 120 characters.
hunkim_DeepLearningZeroToAll,lab-07-3-linear_regression_min_max,,Long statement,,13,/Volumes/BrokeExt/NICHE/hunkim_DeepLearningZeroToAll/lab-07-3-linear_regression_min_max.py,A line with 441 chars in lab-07-3-linear_regression_min_max exceeds the maximum length of 120 characters.
hunkim_DeepLearningZeroToAll,lab-07-3-linear_regression_min_max,,Long statement,,30,/Volumes/BrokeExt/NICHE/hunkim_DeepLearningZeroToAll/lab-07-3-linear_regression_min_max.py,A line with 477 chars in lab-07-3-linear_regression_min_max exceeds the maximum length of 120 characters.
hunkim_DeepLearningZeroToAll,lab-07-3-linear_regression_min_max,,Long statement,,71,/Volumes/BrokeExt/NICHE/hunkim_DeepLearningZeroToAll/lab-07-3-linear_regression_min_max.py,A line with 667 chars in lab-07-3-linear_regression_min_max exceeds the maximum length of 120 characters.
hunkim_DeepLearningZeroToAll,lab-07-3-linear_regression_min_max,,Magic number,min_max_scaler,10,/Volumes/BrokeExt/NICHE/hunkim_DeepLearningZeroToAll/lab-07-3-linear_regression_min_max.py,Magic number 1e-07 used in min_max_scaler.
hunkim_DeepLearningZeroToAll,lab-07-4-mnist_introduction,,Long statement,,80,/Volumes/BrokeExt/NICHE/hunkim_DeepLearningZeroToAll/lab-07-4-mnist_introduction.py,A line with 522 chars in lab-07-4-mnist_introduction exceeds the maximum length of 120 characters.
hunkim_DeepLearningZeroToAll,lab-09-2-xor-nn,,Long statement,,48,/Volumes/BrokeExt/NICHE/hunkim_DeepLearningZeroToAll/lab-09-2-xor-nn.py,A line with 137 chars in lab-09-2-xor-nn exceeds the maximum length of 120 characters.
hunkim_DeepLearningZeroToAll,lab-09-3-xor-nn-wide-deep,,Long statement,,55,/Volumes/BrokeExt/NICHE/hunkim_DeepLearningZeroToAll/lab-09-3-xor-nn-wide-deep.py,A line with 161 chars in lab-09-3-xor-nn-wide-deep exceeds the maximum length of 120 characters.
hunkim_DeepLearningZeroToAll,lab-09-4-xor_tensorboard,,Long statement,,72,/Volumes/BrokeExt/NICHE/hunkim_DeepLearningZeroToAll/lab-09-4-xor_tensorboard.py,A line with 149 chars in lab-09-4-xor_tensorboard exceeds the maximum length of 120 characters.
hunkim_DeepLearningZeroToAll,lab-09-7-sigmoid_back_prop,,Long statement,,1,/Volumes/BrokeExt/NICHE/hunkim_DeepLearningZeroToAll/lab-09-7-sigmoid_back_prop.py,A line with 1110 chars in lab-09-7-sigmoid_back_prop exceeds the maximum length of 120 characters.
hunkim_DeepLearningZeroToAll,lab-09-7-sigmoid_back_prop,,Long statement,,135,/Volumes/BrokeExt/NICHE/hunkim_DeepLearningZeroToAll/lab-09-7-sigmoid_back_prop.py,A line with 562 chars in lab-09-7-sigmoid_back_prop exceeds the maximum length of 120 characters.
hunkim_DeepLearningZeroToAll,lab-09-x-xor-nn-back_prop,,Long statement,,69,/Volumes/BrokeExt/NICHE/hunkim_DeepLearningZeroToAll/lab-09-x-xor-nn-back_prop.py,A line with 211 chars in lab-09-x-xor-nn-back_prop exceeds the maximum length of 120 characters.
hunkim_DeepLearningZeroToAll,lab-09-x-xor-nn-back_prop,,Long statement,,101,/Volumes/BrokeExt/NICHE/hunkim_DeepLearningZeroToAll/lab-09-x-xor-nn-back_prop.py,A line with 141 chars in lab-09-x-xor-nn-back_prop exceeds the maximum length of 120 characters.
hunkim_DeepLearningZeroToAll,lab-10-1-mnist_softmax,,Long statement,,82,/Volumes/BrokeExt/NICHE/hunkim_DeepLearningZeroToAll/lab-10-1-mnist_softmax.py,A line with 233 chars in lab-10-1-mnist_softmax exceeds the maximum length of 120 characters.
hunkim_DeepLearningZeroToAll,lab-10-2-mnist_nn,,Long statement,,76,/Volumes/BrokeExt/NICHE/hunkim_DeepLearningZeroToAll/lab-10-2-mnist_nn.py,A line with 528 chars in lab-10-2-mnist_nn exceeds the maximum length of 120 characters.
hunkim_DeepLearningZeroToAll,lab-10-3-mnist_nn_xavier,,Long statement,,80,/Volumes/BrokeExt/NICHE/hunkim_DeepLearningZeroToAll/lab-10-3-mnist_nn_xavier.py,A line with 522 chars in lab-10-3-mnist_nn_xavier exceeds the maximum length of 120 characters.
hunkim_DeepLearningZeroToAll,lab-10-4-mnist_nn_deep,,Long statement,,90,/Volumes/BrokeExt/NICHE/hunkim_DeepLearningZeroToAll/lab-10-4-mnist_nn_deep.py,A line with 522 chars in lab-10-4-mnist_nn_deep exceeds the maximum length of 120 characters.
hunkim_DeepLearningZeroToAll,lab-10-5-mnist_nn_dropout,,Long statement,,97,/Volumes/BrokeExt/NICHE/hunkim_DeepLearningZeroToAll/lab-10-5-mnist_nn_dropout.py,A line with 522 chars in lab-10-5-mnist_nn_dropout exceeds the maximum length of 120 characters.
hunkim_DeepLearningZeroToAll,lab-10-7-mnist_nn_higher_level_API,,Long statement,,94,/Volumes/BrokeExt/NICHE/hunkim_DeepLearningZeroToAll/lab-10-7-mnist_nn_higher_level_API.py,A line with 121 chars in lab-10-7-mnist_nn_higher_level_API exceeds the maximum length of 120 characters.
hunkim_DeepLearningZeroToAll,lab-10-7-mnist_nn_higher_level_API,,Long statement,,101,/Volumes/BrokeExt/NICHE/hunkim_DeepLearningZeroToAll/lab-10-7-mnist_nn_higher_level_API.py,A line with 551 chars in lab-10-7-mnist_nn_higher_level_API exceeds the maximum length of 120 characters.
hunkim_DeepLearningZeroToAll,lab-10-8-mnist_nn_selu(wip),,Long parameter list,dropout_selu,32 - 67,/Volumes/BrokeExt/NICHE/hunkim_DeepLearningZeroToAll/lab-10-8-mnist_nn_selu(wip).py,"dropout_selu has 9 parameters, exceeding the max of 5."
hunkim_DeepLearningZeroToAll,lab-10-8-mnist_nn_selu(wip),,Long statement,dropout_selu,65,/Volumes/BrokeExt/NICHE/hunkim_DeepLearningZeroToAll/lab-10-8-mnist_nn_selu(wip).py,A line with 143 chars in dropout_selu exceeds the maximum length of 120 characters.
hunkim_DeepLearningZeroToAll,lab-10-8-mnist_nn_selu(wip),,Long statement,,156,/Volumes/BrokeExt/NICHE/hunkim_DeepLearningZeroToAll/lab-10-8-mnist_nn_selu(wip).py,A line with 522 chars in lab-10-8-mnist_nn_selu(wip) exceeds the maximum length of 120 characters.
hunkim_DeepLearningZeroToAll,lab-10-8-mnist_nn_selu(wip),,Magic number,selu,27,/Volumes/BrokeExt/NICHE/hunkim_DeepLearningZeroToAll/lab-10-8-mnist_nn_selu(wip).py,Magic number 1.6732632423543772 used in selu.
hunkim_DeepLearningZeroToAll,lab-10-8-mnist_nn_selu(wip),,Magic number,selu,28,/Volumes/BrokeExt/NICHE/hunkim_DeepLearningZeroToAll/lab-10-8-mnist_nn_selu(wip).py,Magic number 1.0507009873554805 used in selu.
hunkim_DeepLearningZeroToAll,lab-10-8-mnist_nn_selu(wip),,Magic number,dropout_selu,32,/Volumes/BrokeExt/NICHE/hunkim_DeepLearningZeroToAll/lab-10-8-mnist_nn_selu(wip).py,Magic number 1.7580993408473766 used in dropout_selu.
hunkim_DeepLearningZeroToAll,lab-10-X1-mnist_back_prop,,Long statement,,55,/Volumes/BrokeExt/NICHE/hunkim_DeepLearningZeroToAll/lab-10-X1-mnist_back_prop.py,A line with 269 chars in lab-10-X1-mnist_back_prop exceeds the maximum length of 120 characters.
hunkim_DeepLearningZeroToAll,lab-11-1-mnist_cnn,,Long statement,,32,/Volumes/BrokeExt/NICHE/hunkim_DeepLearningZeroToAll/lab-11-1-mnist_cnn.py,A line with 177 chars in lab-11-1-mnist_cnn exceeds the maximum length of 120 characters.
hunkim_DeepLearningZeroToAll,lab-11-1-mnist_cnn,,Long statement,,47,/Volumes/BrokeExt/NICHE/hunkim_DeepLearningZeroToAll/lab-11-1-mnist_cnn.py,A line with 236 chars in lab-11-1-mnist_cnn exceeds the maximum length of 120 characters.
hunkim_DeepLearningZeroToAll,lab-11-1-mnist_cnn,,Long statement,,101,/Volumes/BrokeExt/NICHE/hunkim_DeepLearningZeroToAll/lab-11-1-mnist_cnn.py,A line with 522 chars in lab-11-1-mnist_cnn exceeds the maximum length of 120 characters.
hunkim_DeepLearningZeroToAll,lab-11-2-mnist_deep_cnn,,Long statement,,36,/Volumes/BrokeExt/NICHE/hunkim_DeepLearningZeroToAll/lab-11-2-mnist_deep_cnn.py,A line with 240 chars in lab-11-2-mnist_deep_cnn exceeds the maximum length of 120 characters.
hunkim_DeepLearningZeroToAll,lab-11-2-mnist_deep_cnn,,Long statement,,52,/Volumes/BrokeExt/NICHE/hunkim_DeepLearningZeroToAll/lab-11-2-mnist_deep_cnn.py,A line with 244 chars in lab-11-2-mnist_deep_cnn exceeds the maximum length of 120 characters.
hunkim_DeepLearningZeroToAll,lab-11-2-mnist_deep_cnn,,Long statement,,70,/Volumes/BrokeExt/NICHE/hunkim_DeepLearningZeroToAll/lab-11-2-mnist_deep_cnn.py,A line with 299 chars in lab-11-2-mnist_deep_cnn exceeds the maximum length of 120 characters.
hunkim_DeepLearningZeroToAll,lab-11-2-mnist_deep_cnn,,Long statement,,142,/Volumes/BrokeExt/NICHE/hunkim_DeepLearningZeroToAll/lab-11-2-mnist_deep_cnn.py,A line with 559 chars in lab-11-2-mnist_deep_cnn exceeds the maximum length of 120 characters.
hunkim_DeepLearningZeroToAll,lab-11-3-mnist_cnn_class,Model,Long method,_build_net,26 - 118,/Volumes/BrokeExt/NICHE/hunkim_DeepLearningZeroToAll/lab-11-3-mnist_cnn_class.py,Method '_build_net' is too long (90 lines).
hunkim_DeepLearningZeroToAll,lab-11-3-mnist_cnn_class,Model,Long statement,_build_net,47,/Volumes/BrokeExt/NICHE/hunkim_DeepLearningZeroToAll/lab-11-3-mnist_cnn_class.py,A line with 300 chars in _build_net exceeds the maximum length of 120 characters.
hunkim_DeepLearningZeroToAll,lab-11-3-mnist_cnn_class,Model,Long statement,_build_net,63,/Volumes/BrokeExt/NICHE/hunkim_DeepLearningZeroToAll/lab-11-3-mnist_cnn_class.py,A line with 304 chars in _build_net exceeds the maximum length of 120 characters.
hunkim_DeepLearningZeroToAll,lab-11-3-mnist_cnn_class,Model,Long statement,_build_net,82,/Volumes/BrokeExt/NICHE/hunkim_DeepLearningZeroToAll/lab-11-3-mnist_cnn_class.py,A line with 371 chars in _build_net exceeds the maximum length of 120 characters.
hunkim_DeepLearningZeroToAll,lab-11-3-mnist_cnn_class,Model,Long statement,_build_net,96,/Volumes/BrokeExt/NICHE/hunkim_DeepLearningZeroToAll/lab-11-3-mnist_cnn_class.py,A line with 149 chars in _build_net exceeds the maximum length of 120 characters.
hunkim_DeepLearningZeroToAll,lab-11-3-mnist_cnn_class,Model,Magic number,train,126,/Volumes/BrokeExt/NICHE/hunkim_DeepLearningZeroToAll/lab-11-3-mnist_cnn_class.py,Magic number 0.7 used in train.
hunkim_DeepLearningZeroToAll,lab-11-4-mnist_cnn_layers,Model,Long method,_build_net,26 - 82,/Volumes/BrokeExt/NICHE/hunkim_DeepLearningZeroToAll/lab-11-4-mnist_cnn_layers.py,Method '_build_net' is too long (54 lines).
hunkim_DeepLearningZeroToAll,lab-11-5-mnist_cnn_ensemble_layers,Model,Long method,_build_net,27 - 83,/Volumes/BrokeExt/NICHE/hunkim_DeepLearningZeroToAll/lab-11-5-mnist_cnn_ensemble_layers.py,Method '_build_net' is too long (54 lines).
hunkim_DeepLearningZeroToAll,lab-11-5-mnist_cnn_ensemble_layers,,Long statement,,141,/Volumes/BrokeExt/NICHE/hunkim_DeepLearningZeroToAll/lab-11-5-mnist_cnn_ensemble_layers.py,A line with 173 chars in lab-11-5-mnist_cnn_ensemble_layers exceeds the maximum length of 120 characters.
hunkim_DeepLearningZeroToAll,lab-11-X-mnist_cnn_low_memory,,Long statement,,36,/Volumes/BrokeExt/NICHE/hunkim_DeepLearningZeroToAll/lab-11-X-mnist_cnn_low_memory.py,A line with 240 chars in lab-11-X-mnist_cnn_low_memory exceeds the maximum length of 120 characters.
hunkim_DeepLearningZeroToAll,lab-11-X-mnist_cnn_low_memory,,Long statement,,52,/Volumes/BrokeExt/NICHE/hunkim_DeepLearningZeroToAll/lab-11-X-mnist_cnn_low_memory.py,A line with 244 chars in lab-11-X-mnist_cnn_low_memory exceeds the maximum length of 120 characters.
hunkim_DeepLearningZeroToAll,lab-11-X-mnist_cnn_low_memory,,Long statement,,70,/Volumes/BrokeExt/NICHE/hunkim_DeepLearningZeroToAll/lab-11-X-mnist_cnn_low_memory.py,A line with 299 chars in lab-11-X-mnist_cnn_low_memory exceeds the maximum length of 120 characters.
hunkim_DeepLearningZeroToAll,lab-11-X-mnist_cnn_low_memory,,Long statement,,167,/Volumes/BrokeExt/NICHE/hunkim_DeepLearningZeroToAll/lab-11-X-mnist_cnn_low_memory.py,A line with 559 chars in lab-11-X-mnist_cnn_low_memory exceeds the maximum length of 120 characters.
hunkim_DeepLearningZeroToAll,lab-11-X-mnist_cnn_low_memory,,Magic number,evaluate,128,/Volumes/BrokeExt/NICHE/hunkim_DeepLearningZeroToAll/lab-11-X-mnist_cnn_low_memory.py,Magic number 512 used in evaluate.
hunkim_DeepLearningZeroToAll,lab-12-1-hello-rnn,,Long statement,,64,/Volumes/BrokeExt/NICHE/hunkim_DeepLearningZeroToAll/lab-12-1-hello-rnn.py,A line with 1150 chars in lab-12-1-hello-rnn exceeds the maximum length of 120 characters.
hunkim_DeepLearningZeroToAll,lab-12-2-char-seq-rnn,,Long statement,,59,/Volumes/BrokeExt/NICHE/hunkim_DeepLearningZeroToAll/lab-12-2-char-seq-rnn.py,A line with 607 chars in lab-12-2-char-seq-rnn exceeds the maximum length of 120 characters.
hunkim_DeepLearningZeroToAll,lab-12-3-char-seq-softmax-only,,Long statement,,56,/Volumes/BrokeExt/NICHE/hunkim_DeepLearningZeroToAll/lab-12-3-char-seq-softmax-only.py,A line with 294 chars in lab-12-3-char-seq-softmax-only exceeds the maximum length of 120 characters.
hunkim_DeepLearningZeroToAll,lab-12-4-rnn_long_char,,Long statement,,9,/Volumes/BrokeExt/NICHE/hunkim_DeepLearningZeroToAll/lab-12-4-rnn_long_char.py,A line with 193 chars in lab-12-4-rnn_long_char exceeds the maximum length of 120 characters.
hunkim_DeepLearningZeroToAll,lab-12-4-rnn_long_char,,Long statement,,89,/Volumes/BrokeExt/NICHE/hunkim_DeepLearningZeroToAll/lab-12-4-rnn_long_char.py,A line with 357 chars in lab-12-4-rnn_long_char exceeds the maximum length of 120 characters.
hunkim_DeepLearningZeroToAll,lab-12-5-rnn_stock_prediction,,Long statement,MinMaxScaler,19,/Volumes/BrokeExt/NICHE/hunkim_DeepLearningZeroToAll/lab-12-5-rnn_stock_prediction.py,A line with 405 chars in MinMaxScaler exceeds the maximum length of 120 characters.
hunkim_DeepLearningZeroToAll,lab-12-5-rnn_stock_prediction,,Magic number,MinMaxScaler,41,/Volumes/BrokeExt/NICHE/hunkim_DeepLearningZeroToAll/lab-12-5-rnn_stock_prediction.py,Magic number 1e-07 used in MinMaxScaler.
hunkim_DeepLearningZeroToAll,lab-13-1-mnist_using_scope,,Long statement,,103,/Volumes/BrokeExt/NICHE/hunkim_DeepLearningZeroToAll/lab-13-1-mnist_using_scope.py,A line with 522 chars in lab-13-1-mnist_using_scope exceeds the maximum length of 120 characters.
hunkim_DeepLearningZeroToAll,lab-13-2-mnist_tensorboard,,Long statement,,150,/Volumes/BrokeExt/NICHE/hunkim_DeepLearningZeroToAll/lab-13-2-mnist_tensorboard.py,A line with 522 chars in lab-13-2-mnist_tensorboard exceeds the maximum length of 120 characters.
hunkim_DeepLearningZeroToAll,lab-13-3-mnist_save_restore,,Long statement,,172,/Volumes/BrokeExt/NICHE/hunkim_DeepLearningZeroToAll/lab-13-3-mnist_save_restore.py,A line with 210 chars in lab-13-3-mnist_save_restore exceeds the maximum length of 120 characters.
hunkim_DeepLearningZeroToAll.chainer,chlab-02-1-linear_regression,,Long statement,,82,/Volumes/BrokeExt/NICHE/hunkim_DeepLearningZeroToAll/chainer/chlab-02-1-linear_regression.py,A line with 316 chars in chlab-02-1-linear_regression exceeds the maximum length of 120 characters.
hunkim_DeepLearningZeroToAll.chainer,chlab-02-1-linear_regression,,Magic number,main,40,/Volumes/BrokeExt/NICHE/hunkim_DeepLearningZeroToAll/chainer/chlab-02-1-linear_regression.py,Magic number 100 used in main.
hunkim_DeepLearningZeroToAll.chainer,chlab-05-2-logistic_regression_mnist,,Long statement,main,57,/Volumes/BrokeExt/NICHE/hunkim_DeepLearningZeroToAll/chainer/chlab-05-2-logistic_regression_mnist.py,A line with 123 chars in main exceeds the maximum length of 120 characters.
hunkim_DeepLearningZeroToAll.chainer,chlab-05-2-logistic_regression_mnist,,Long statement,,77,/Volumes/BrokeExt/NICHE/hunkim_DeepLearningZeroToAll/chainer/chlab-05-2-logistic_regression_mnist.py,A line with 1184 chars in chlab-05-2-logistic_regression_mnist exceeds the maximum length of 120 characters.
hunkim_DeepLearningZeroToAll.chainer,chlab-05-2-logistic_regression_mnist,,Magic number,main,28,/Volumes/BrokeExt/NICHE/hunkim_DeepLearningZeroToAll/chainer/chlab-05-2-logistic_regression_mnist.py,Magic number 100 used in main.
hunkim_DeepLearningZeroToAll.chainer,chlab-05-2-logistic_regression_mnist,,Magic number,main,29,/Volumes/BrokeExt/NICHE/hunkim_DeepLearningZeroToAll/chainer/chlab-05-2-logistic_regression_mnist.py,Magic number 128 used in main.
hunkim_DeepLearningZeroToAll.chainer,chlab-10-2-mnist_nn,,Long statement,main,76,/Volumes/BrokeExt/NICHE/hunkim_DeepLearningZeroToAll/chainer/chlab-10-2-mnist_nn.py,A line with 123 chars in main exceeds the maximum length of 120 characters.
hunkim_DeepLearningZeroToAll.chainer,chlab-10-2-mnist_nn,,Long statement,,96,/Volumes/BrokeExt/NICHE/hunkim_DeepLearningZeroToAll/chainer/chlab-10-2-mnist_nn.py,A line with 1197 chars in chlab-10-2-mnist_nn exceeds the maximum length of 120 characters.
hunkim_DeepLearningZeroToAll.chainer,chlab-10-3-mnist_modern,,Long method,main,40 - 137,/Volumes/BrokeExt/NICHE/hunkim_DeepLearningZeroToAll/chainer/chlab-10-3-mnist_modern.py,Method 'main' is too long (55 lines).
hunkim_DeepLearningZeroToAll.chainer,chlab-10-3-mnist_modern,,Long statement,main,95,/Volumes/BrokeExt/NICHE/hunkim_DeepLearningZeroToAll/chainer/chlab-10-3-mnist_modern.py,A line with 123 chars in main exceeds the maximum length of 120 characters.
hunkim_DeepLearningZeroToAll.chainer,chlab-10-3-mnist_modern,,Long statement,,144,/Volumes/BrokeExt/NICHE/hunkim_DeepLearningZeroToAll/chainer/chlab-10-3-mnist_modern.py,A line with 1184 chars in chlab-10-3-mnist_modern exceeds the maximum length of 120 characters.
hunkim_DeepLearningZeroToAll.keras,klab-06-1-softmax,,Long statement,,5,/Volumes/BrokeExt/NICHE/hunkim_DeepLearningZeroToAll/keras/klab-06-1-softmax.py,A line with 149 chars in klab-06-1-softmax exceeds the maximum length of 120 characters.
hunkim_DeepLearningZeroToAll.keras,klab-06-1-softmax,,Long statement,,14,/Volumes/BrokeExt/NICHE/hunkim_DeepLearningZeroToAll/keras/klab-06-1-softmax.py,A line with 125 chars in klab-06-1-softmax exceeds the maximum length of 120 characters.
hunkim_DeepLearningZeroToAll.keras,klab-07-2-linear_regression_without_min_max,,Long statement,,8,/Volumes/BrokeExt/NICHE/hunkim_DeepLearningZeroToAll/keras/klab-07-2-linear_regression_without_min_max.py,A line with 441 chars in klab-07-2-linear_regression_without_min_max exceeds the maximum length of 120 characters.
hunkim_DeepLearningZeroToAll.keras,klab-07-3-linear_regression_min_max,,Long statement,,8,/Volumes/BrokeExt/NICHE/hunkim_DeepLearningZeroToAll/keras/klab-07-3-linear_regression_min_max.py,A line with 441 chars in klab-07-3-linear_regression_min_max exceeds the maximum length of 120 characters.
hunkim_DeepLearningZeroToAll.keras,klab-10-1-mnist_softmax,,Long statement,,45,/Volumes/BrokeExt/NICHE/hunkim_DeepLearningZeroToAll/keras/klab-10-1-mnist_softmax.py,A line with 142 chars in klab-10-1-mnist_softmax exceeds the maximum length of 120 characters.
hunkim_DeepLearningZeroToAll.keras,klab-11-1-cnn_mnist,,Long statement,,2,/Volumes/BrokeExt/NICHE/hunkim_DeepLearningZeroToAll/keras/klab-11-1-cnn_mnist.py,A line with 193 chars in klab-11-1-cnn_mnist exceeds the maximum length of 120 characters.
hunkim_DeepLearningZeroToAll.keras,klab-11-X-cnn_cifar100_with_img_preprocess_and augumentation,,Magic number,lr_schedule,15,/Volumes/BrokeExt/NICHE/hunkim_DeepLearningZeroToAll/keras/klab-11-X-cnn_cifar100_with_img_preprocess_and augumentation.py,Magic number 0.001 used in lr_schedule.
hunkim_DeepLearningZeroToAll.keras,klab-11-X-cnn_cifar100_with_img_preprocess_and augumentation,,Magic number,lr_schedule,16,/Volumes/BrokeExt/NICHE/hunkim_DeepLearningZeroToAll/keras/klab-11-X-cnn_cifar100_with_img_preprocess_and augumentation.py,Magic number 2 used in lr_schedule.
hunkim_DeepLearningZeroToAll.keras,klab-11-X-cnn_cifar100_with_img_preprocess_and augumentation,,Magic number,lr_schedule,17,/Volumes/BrokeExt/NICHE/hunkim_DeepLearningZeroToAll/keras/klab-11-X-cnn_cifar100_with_img_preprocess_and augumentation.py,Magic number 0.005 used in lr_schedule.
hunkim_DeepLearningZeroToAll.keras,klab-11-X-cnn_cifar100_with_img_preprocess_and augumentation,,Magic number,lr_schedule,18,/Volumes/BrokeExt/NICHE/hunkim_DeepLearningZeroToAll/keras/klab-11-X-cnn_cifar100_with_img_preprocess_and augumentation.py,Magic number 5 used in lr_schedule.
hunkim_DeepLearningZeroToAll.keras,klab-11-X-cnn_cifar100_with_img_preprocess_and augumentation,,Magic number,lr_schedule,19,/Volumes/BrokeExt/NICHE/hunkim_DeepLearningZeroToAll/keras/klab-11-X-cnn_cifar100_with_img_preprocess_and augumentation.py,Magic number 0.0001 used in lr_schedule.
hunkim_DeepLearningZeroToAll.keras,klab-12-1-rnn_hello_char_acc1.0,,Long statement,,2,/Volumes/BrokeExt/NICHE/hunkim_DeepLearningZeroToAll/keras/klab-12-1-rnn_hello_char_acc1.0.py,A line with 186 chars in klab-12-1-rnn_hello_char_acc1.0 exceeds the maximum length of 120 characters.
hunkim_DeepLearningZeroToAll.keras,klab-12-2-rnn_long_char,,Long statement,,14,/Volumes/BrokeExt/NICHE/hunkim_DeepLearningZeroToAll/keras/klab-12-2-rnn_long_char.py,A line with 193 chars in klab-12-2-rnn_long_char exceeds the maximum length of 120 characters.
hunkim_DeepLearningZeroToAll.keras,klab-13-2-mnist_tensorboard,,Long statement,,2,/Volumes/BrokeExt/NICHE/hunkim_DeepLearningZeroToAll/keras/klab-13-2-mnist_tensorboard.py,A line with 193 chars in klab-13-2-mnist_tensorboard exceeds the maximum length of 120 characters.
hunkim_DeepLearningZeroToAll.keras,klab-13-2-mnist_tensorboard,,Long statement,,86,/Volumes/BrokeExt/NICHE/hunkim_DeepLearningZeroToAll/keras/klab-13-2-mnist_tensorboard.py,A line with 137 chars in klab-13-2-mnist_tensorboard exceeds the maximum length of 120 characters.
hunkim_DeepLearningZeroToAll.mxnet,mxlab-04-3-file_input_linear_regression,,Long statement,,35,/Volumes/BrokeExt/NICHE/hunkim_DeepLearningZeroToAll/mxnet/mxlab-04-3-file_input_linear_regression.py,A line with 177 chars in mxlab-04-3-file_input_linear_regression exceeds the maximum length of 120 characters.
hunkim_DeepLearningZeroToAll.mxnet,mxlab-04-3-file_input_linear_regression,,Long statement,,50,/Volumes/BrokeExt/NICHE/hunkim_DeepLearningZeroToAll/mxnet/mxlab-04-3-file_input_linear_regression.py,A line with 149 chars in mxlab-04-3-file_input_linear_regression exceeds the maximum length of 120 characters.
hunkim_DeepLearningZeroToAll.mxnet,mxlab-05-2-logistic_regression_diabetes,,Long statement,,32,/Volumes/BrokeExt/NICHE/hunkim_DeepLearningZeroToAll/mxnet/mxlab-05-2-logistic_regression_diabetes.py,A line with 177 chars in mxlab-05-2-logistic_regression_diabetes exceeds the maximum length of 120 characters.
hunkim_DeepLearningZeroToAll.mxnet,mxlab-05-2-logistic_regression_diabetes,,Long statement,,44,/Volumes/BrokeExt/NICHE/hunkim_DeepLearningZeroToAll/mxnet/mxlab-05-2-logistic_regression_diabetes.py,A line with 404 chars in mxlab-05-2-logistic_regression_diabetes exceeds the maximum length of 120 characters.
hunkim_DeepLearningZeroToAll.mxnet,mxlab-05-2-logistic_regression_diabetes,,Long statement,,66,/Volumes/BrokeExt/NICHE/hunkim_DeepLearningZeroToAll/mxnet/mxlab-05-2-logistic_regression_diabetes.py,A line with 158 chars in mxlab-05-2-logistic_regression_diabetes exceeds the maximum length of 120 characters.
hunkim_DeepLearningZeroToAll.mxnet,mxlab-06-2-softmax_zoo_classifier,,Long statement,,34,/Volumes/BrokeExt/NICHE/hunkim_DeepLearningZeroToAll/mxnet/mxlab-06-2-softmax_zoo_classifier.py,A line with 175 chars in mxlab-06-2-softmax_zoo_classifier exceeds the maximum length of 120 characters.
hunkim_DeepLearningZeroToAll.mxnet,mxlab-06-2-softmax_zoo_classifier,,Long statement,,44,/Volumes/BrokeExt/NICHE/hunkim_DeepLearningZeroToAll/mxnet/mxlab-06-2-softmax_zoo_classifier.py,A line with 1070 chars in mxlab-06-2-softmax_zoo_classifier exceeds the maximum length of 120 characters.
hunkim_DeepLearningZeroToAll.mxnet,mxlab-06-2-softmax_zoo_classifier,,Long statement,,80,/Volumes/BrokeExt/NICHE/hunkim_DeepLearningZeroToAll/mxnet/mxlab-06-2-softmax_zoo_classifier.py,A line with 158 chars in mxlab-06-2-softmax_zoo_classifier exceeds the maximum length of 120 characters.
hunkim_DeepLearningZeroToAll.mxnet,mxlab-06-2-softmax_zoo_classifier,,Long statement,,86,/Volumes/BrokeExt/NICHE/hunkim_DeepLearningZeroToAll/mxnet/mxlab-06-2-softmax_zoo_classifier.py,A line with 421 chars in mxlab-06-2-softmax_zoo_classifier exceeds the maximum length of 120 characters.
hunkim_DeepLearningZeroToAll.mxnet,mxlab-11-2-mnist_deep_cnn,,Long statement,,18,/Volumes/BrokeExt/NICHE/hunkim_DeepLearningZeroToAll/mxnet/mxlab-11-2-mnist_deep_cnn.py,A line with 151 chars in mxlab-11-2-mnist_deep_cnn exceeds the maximum length of 120 characters.
hunkim_DeepLearningZeroToAll.mxnet,mxlab-11-2-mnist_deep_cnn,,Long statement,,66,/Volumes/BrokeExt/NICHE/hunkim_DeepLearningZeroToAll/mxnet/mxlab-11-2-mnist_deep_cnn.py,A line with 122 chars in mxlab-11-2-mnist_deep_cnn exceeds the maximum length of 120 characters.
hunkim_DeepLearningZeroToAll.mxnet,mxlab-11-2-mnist_deep_cnn,,Long statement,,145,/Volumes/BrokeExt/NICHE/hunkim_DeepLearningZeroToAll/mxnet/mxlab-11-2-mnist_deep_cnn.py,A line with 548 chars in mxlab-11-2-mnist_deep_cnn exceeds the maximum length of 120 characters.
hunkim_DeepLearningZeroToAll.mxnet,mxlab-11-5-mnist_cnn_ensemble_layers,,Long statement,,18,/Volumes/BrokeExt/NICHE/hunkim_DeepLearningZeroToAll/mxnet/mxlab-11-5-mnist_cnn_ensemble_layers.py,A line with 151 chars in mxlab-11-5-mnist_cnn_ensemble_layers exceeds the maximum length of 120 characters.
hunkim_DeepLearningZeroToAll.mxnet,mxlab-11-5-mnist_cnn_ensemble_layers,,Long statement,,88,/Volumes/BrokeExt/NICHE/hunkim_DeepLearningZeroToAll/mxnet/mxlab-11-5-mnist_cnn_ensemble_layers.py,A line with 122 chars in mxlab-11-5-mnist_cnn_ensemble_layers exceeds the maximum length of 120 characters.
hunkim_DeepLearningZeroToAll.mxnet,mxlab-11-5-mnist_cnn_ensemble_layers,,Long statement,,156,/Volumes/BrokeExt/NICHE/hunkim_DeepLearningZeroToAll/mxnet/mxlab-11-5-mnist_cnn_ensemble_layers.py,A line with 1030 chars in mxlab-11-5-mnist_cnn_ensemble_layers exceeds the maximum length of 120 characters.
hunkim_DeepLearningZeroToAll.mxnet,mxlab-12-4-rnn_deep_prediction,,Long statement,build_sym,24,/Volumes/BrokeExt/NICHE/hunkim_DeepLearningZeroToAll/mxnet/mxlab-12-4-rnn_deep_prediction.py,A line with 317 chars in build_sym exceeds the maximum length of 120 characters.
hunkim_DeepLearningZeroToAll.mxnet,mxlab-12-4-rnn_deep_prediction,,Long statement,train_eval_net,90,/Volumes/BrokeExt/NICHE/hunkim_DeepLearningZeroToAll/mxnet/mxlab-12-4-rnn_deep_prediction.py,A line with 133 chars in train_eval_net exceeds the maximum length of 120 characters.
hunkim_DeepLearningZeroToAll.mxnet,mxlab-12-4-rnn_deep_prediction,,Long statement,train_eval_net,97,/Volumes/BrokeExt/NICHE/hunkim_DeepLearningZeroToAll/mxnet/mxlab-12-4-rnn_deep_prediction.py,A line with 208 chars in train_eval_net exceeds the maximum length of 120 characters.
hunkim_DeepLearningZeroToAll.mxnet,mxlab-12-5-seq2seq,,Long statement,,130,/Volumes/BrokeExt/NICHE/hunkim_DeepLearningZeroToAll/mxnet/mxlab-12-5-seq2seq.py,A line with 522 chars in mxlab-12-5-seq2seq exceeds the maximum length of 120 characters.
hunkim_DeepLearningZeroToAll.numpy,lab-05-1-logistic_regression,,Long statement,sigmoid_cross_entropy,44,/Volumes/BrokeExt/NICHE/hunkim_DeepLearningZeroToAll/numpy/lab-05-1-logistic_regression.py,A line with 322 chars in sigmoid_cross_entropy exceeds the maximum length of 120 characters.
hunkim_DeepLearningZeroToAll.numpy,lab-05-1-logistic_regression,,Long statement,grad_sigmoid_cross_entropy,70,/Volumes/BrokeExt/NICHE/hunkim_DeepLearningZeroToAll/numpy/lab-05-1-logistic_regression.py,A line with 339 chars in grad_sigmoid_cross_entropy exceeds the maximum length of 120 characters.
hunkim_DeepLearningZeroToAll.numpy,lab-05-1-logistic_regression,,Long statement,affine_forward,89,/Volumes/BrokeExt/NICHE/hunkim_DeepLearningZeroToAll/numpy/lab-05-1-logistic_regression.py,A line with 287 chars in affine_forward exceeds the maximum length of 120 characters.
hunkim_DeepLearningZeroToAll.numpy,lab-05-1-logistic_regression,,Long statement,,124,/Volumes/BrokeExt/NICHE/hunkim_DeepLearningZeroToAll/numpy/lab-05-1-logistic_regression.py,A line with 448 chars in lab-05-1-logistic_regression exceeds the maximum length of 120 characters.
hunkim_DeepLearningZeroToAll.numpy,lab-06-2-softmax_zoo_classifier,,Long identifier,grad_softmax_cross_entropy_loss,75,/Volumes/BrokeExt/NICHE/hunkim_DeepLearningZeroToAll/numpy/lab-06-2-softmax_zoo_classifier.py,Identifier'grad_softmax_cross_entropy_loss' exceeds the maximum length of 30 characters.
hunkim_DeepLearningZeroToAll.numpy,lab-06-2-softmax_zoo_classifier,,Long statement,affine_forward,25,/Volumes/BrokeExt/NICHE/hunkim_DeepLearningZeroToAll/numpy/lab-06-2-softmax_zoo_classifier.py,A line with 287 chars in affine_forward exceeds the maximum length of 120 characters.
hunkim_DeepLearningZeroToAll.numpy,lab-06-2-softmax_zoo_classifier,,Long statement,softmax,41,/Volumes/BrokeExt/NICHE/hunkim_DeepLearningZeroToAll/numpy/lab-06-2-softmax_zoo_classifier.py,A line with 188 chars in softmax exceeds the maximum length of 120 characters.
hunkim_DeepLearningZeroToAll.numpy,lab-06-2-softmax_zoo_classifier,,Long statement,softmax_cross_entropy_loss,59,/Volumes/BrokeExt/NICHE/hunkim_DeepLearningZeroToAll/numpy/lab-06-2-softmax_zoo_classifier.py,A line with 258 chars in softmax_cross_entropy_loss exceeds the maximum length of 120 characters.
hunkim_DeepLearningZeroToAll.numpy,lab-06-2-softmax_zoo_classifier,,Long statement,grad_softmax_cross_entropy_loss,76,/Volumes/BrokeExt/NICHE/hunkim_DeepLearningZeroToAll/numpy/lab-06-2-softmax_zoo_classifier.py,A line with 538 chars in grad_softmax_cross_entropy_loss exceeds the maximum length of 120 characters.
hunkim_DeepLearningZeroToAll.numpy,lab-06-2-softmax_zoo_classifier,,Long statement,get_accuracy,100,/Volumes/BrokeExt/NICHE/hunkim_DeepLearningZeroToAll/numpy/lab-06-2-softmax_zoo_classifier.py,A line with 200 chars in get_accuracy exceeds the maximum length of 120 characters.
hunkim_DeepLearningZeroToAll.numpy,lab-06-2-softmax_zoo_classifier,,Long statement,,137,/Volumes/BrokeExt/NICHE/hunkim_DeepLearningZeroToAll/numpy/lab-06-2-softmax_zoo_classifier.py,A line with 448 chars in lab-06-2-softmax_zoo_classifier exceeds the maximum length of 120 characters.
hunkim_DeepLearningZeroToAll.numpy,lab-06-2-softmax_zoo_classifier,,Magic number,softmax,53,/Volumes/BrokeExt/NICHE/hunkim_DeepLearningZeroToAll/numpy/lab-06-2-softmax_zoo_classifier.py,Magic number 1e-07 used in softmax.
hunkim_DeepLearningZeroToAll.pytorch,lab-06-1-softmax_classifier,,Long statement,,7,/Volumes/BrokeExt/NICHE/hunkim_DeepLearningZeroToAll/pytorch/lab-06-1-softmax_classifier.py,A line with 121 chars in lab-06-1-softmax_classifier exceeds the maximum length of 120 characters.
hunkim_DeepLearningZeroToAll.pytorch,lab-10-5-mnist_nn_dropout,,Long statement,,51,/Volumes/BrokeExt/NICHE/hunkim_DeepLearningZeroToAll/pytorch/lab-10-5-mnist_nn_dropout.py,A line with 132 chars in lab-10-5-mnist_nn_dropout exceeds the maximum length of 120 characters.
hunkim_DeepLearningZeroToAll.pytorch,lab-11-1-mnist_cnn,CNN,Long statement,__init__,41,/Volumes/BrokeExt/NICHE/hunkim_DeepLearningZeroToAll/pytorch/lab-11-1-mnist_cnn.py,A line with 155 chars in __init__ exceeds the maximum length of 120 characters.
hunkim_DeepLearningZeroToAll.pytorch,lab-11-1-mnist_cnn,CNN,Long statement,__init__,48,/Volumes/BrokeExt/NICHE/hunkim_DeepLearningZeroToAll/pytorch/lab-11-1-mnist_cnn.py,A line with 156 chars in __init__ exceeds the maximum length of 120 characters.
hunkim_DeepLearningZeroToAll.pytorch,lab-11-2-mnist_deep_cnn,CNN,Long statement,__init__,42,/Volumes/BrokeExt/NICHE/hunkim_DeepLearningZeroToAll/pytorch/lab-11-2-mnist_deep_cnn.py,A line with 192 chars in __init__ exceeds the maximum length of 120 characters.
hunkim_DeepLearningZeroToAll.pytorch,lab-11-2-mnist_deep_cnn,CNN,Long statement,__init__,50,/Volumes/BrokeExt/NICHE/hunkim_DeepLearningZeroToAll/pytorch/lab-11-2-mnist_deep_cnn.py,A line with 193 chars in __init__ exceeds the maximum length of 120 characters.
hunkim_DeepLearningZeroToAll.pytorch,lab-11-2-mnist_deep_cnn,CNN,Long statement,__init__,58,/Volumes/BrokeExt/NICHE/hunkim_DeepLearningZeroToAll/pytorch/lab-11-2-mnist_deep_cnn.py,A line with 205 chars in __init__ exceeds the maximum length of 120 characters.
hunkim_DeepLearningZeroToAll.pytorch,lab-11-3-mnist_cnn_class,CNN,Long statement,_build_net,46,/Volumes/BrokeExt/NICHE/hunkim_DeepLearningZeroToAll/pytorch/lab-11-3-mnist_cnn_class.py,A line with 197 chars in _build_net exceeds the maximum length of 120 characters.
hunkim_DeepLearningZeroToAll.pytorch,lab-11-3-mnist_cnn_class,CNN,Long statement,_build_net,54,/Volumes/BrokeExt/NICHE/hunkim_DeepLearningZeroToAll/pytorch/lab-11-3-mnist_cnn_class.py,A line with 198 chars in _build_net exceeds the maximum length of 120 characters.
hunkim_DeepLearningZeroToAll.pytorch,lab-11-3-mnist_cnn_class,CNN,Long statement,_build_net,62,/Volumes/BrokeExt/NICHE/hunkim_DeepLearningZeroToAll/pytorch/lab-11-3-mnist_cnn_class.py,A line with 210 chars in _build_net exceeds the maximum length of 120 characters.
hunkim_DeepLearningZeroToAll.pytorch,lab-11-3-mnist_cnn_class,CNN,Magic number,_build_net,42,/Volumes/BrokeExt/NICHE/hunkim_DeepLearningZeroToAll/pytorch/lab-11-3-mnist_cnn_class.py,Magic number 0.7 used in _build_net.
hunkim_DeepLearningZeroToAll.pytorch,lab-11-3-mnist_cnn_class,CNN,Magic number,_build_net,68,/Volumes/BrokeExt/NICHE/hunkim_DeepLearningZeroToAll/pytorch/lab-11-3-mnist_cnn_class.py,Magic number 0.5 used in _build_net.
hunkim_DeepLearningZeroToAll.pytorch,lab-12-4-rnn-long_char,,Long statement,,8,/Volumes/BrokeExt/NICHE/hunkim_DeepLearningZeroToAll/pytorch/lab-12-4-rnn-long_char.py,A line with 193 chars in lab-12-4-rnn-long_char exceeds the maximum length of 120 characters.
hunkim_DeepLearningZeroToAll.pytorch,lab-12-5-stock_prediction,,Long statement,MinMaxScaler,21,/Volumes/BrokeExt/NICHE/hunkim_DeepLearningZeroToAll/pytorch/lab-12-5-stock_prediction.py,A line with 405 chars in MinMaxScaler exceeds the maximum length of 120 characters.
hunkim_DeepLearningZeroToAll.pytorch,lab-12-5-stock_prediction,,Magic number,MinMaxScaler,43,/Volumes/BrokeExt/NICHE/hunkim_DeepLearningZeroToAll/pytorch/lab-12-5-stock_prediction.py,Magic number 1e-07 used in MinMaxScaler.
hunkim_DeepLearningZeroToAll.tf2,tf2-04-3-file_input_linear_regression,,Long statement,,14,/Volumes/BrokeExt/NICHE/hunkim_DeepLearningZeroToAll/tf2/tf2-04-3-file_input_linear_regression.py,A line with 178 chars in tf2-04-3-file_input_linear_regression exceeds the maximum length of 120 characters.
hunkim_DeepLearningZeroToAll.tf2,tf2-05-1-logistic_regression,,Long statement,,22,/Volumes/BrokeExt/NICHE/hunkim_DeepLearningZeroToAll/tf2/tf2-05-1-logistic_regression.py,A line with 151 chars in tf2-05-1-logistic_regression exceeds the maximum length of 120 characters.
hunkim_DeepLearningZeroToAll.tf2,tf2-07-1-learning_rate_and_evaluation,,Long statement,,36,/Volumes/BrokeExt/NICHE/hunkim_DeepLearningZeroToAll/tf2/tf2-07-1-learning_rate_and_evaluation.py,A line with 124 chars in tf2-07-1-learning_rate_and_evaluation exceeds the maximum length of 120 characters.
hunkim_DeepLearningZeroToAll.tf2,tf2-07-2-linear_regression_without_min_max,,Long statement,,4,/Volumes/BrokeExt/NICHE/hunkim_DeepLearningZeroToAll/tf2/tf2-07-2-linear_regression_without_min_max.py,A line with 441 chars in tf2-07-2-linear_regression_without_min_max exceeds the maximum length of 120 characters.
hunkim_DeepLearningZeroToAll.tf2,tf2-07-3-linear_regression_min_max,,Long statement,,12,/Volumes/BrokeExt/NICHE/hunkim_DeepLearningZeroToAll/tf2/tf2-07-3-linear_regression_min_max.py,A line with 441 chars in tf2-07-3-linear_regression_min_max exceeds the maximum length of 120 characters.
hunkim_DeepLearningZeroToAll.tf2,tf2-07-3-linear_regression_min_max,,Long statement,,29,/Volumes/BrokeExt/NICHE/hunkim_DeepLearningZeroToAll/tf2/tf2-07-3-linear_regression_min_max.py,A line with 477 chars in tf2-07-3-linear_regression_min_max exceeds the maximum length of 120 characters.
hunkim_DeepLearningZeroToAll.tf2,tf2-07-3-linear_regression_min_max,,Magic number,min_max_scaler,9,/Volumes/BrokeExt/NICHE/hunkim_DeepLearningZeroToAll/tf2/tf2-07-3-linear_regression_min_max.py,Magic number 1e-07 used in min_max_scaler.
hunkim_DeepLearningZeroToAll.tf2,tf2-09-4-xor_tensorboard,,Long statement,,31,/Volumes/BrokeExt/NICHE/hunkim_DeepLearningZeroToAll/tf2/tf2-09-4-xor_tensorboard.py,A line with 198 chars in tf2-09-4-xor_tensorboard exceeds the maximum length of 120 characters.
hunkim_DeepLearningZeroToAll.tf2,tf2-10-2-mnist_nn,,Long statement,,25,/Volumes/BrokeExt/NICHE/hunkim_DeepLearningZeroToAll/tf2/tf2-10-2-mnist_nn.py,A line with 125 chars in tf2-10-2-mnist_nn exceeds the maximum length of 120 characters.
hunkim_DeepLearningZeroToAll.tf2,tf2-10-2-mnist_nn,,Long statement,,35,/Volumes/BrokeExt/NICHE/hunkim_DeepLearningZeroToAll/tf2/tf2-10-2-mnist_nn.py,A line with 132 chars in tf2-10-2-mnist_nn exceeds the maximum length of 120 characters.
hunkim_DeepLearningZeroToAll.tf2,tf2-10-3-mnist_nn_xavier,,Long statement,,28,/Volumes/BrokeExt/NICHE/hunkim_DeepLearningZeroToAll/tf2/tf2-10-3-mnist_nn_xavier.py,A line with 125 chars in tf2-10-3-mnist_nn_xavier exceeds the maximum length of 120 characters.
hunkim_DeepLearningZeroToAll.tf2,tf2-10-3-mnist_nn_xavier,,Long statement,,38,/Volumes/BrokeExt/NICHE/hunkim_DeepLearningZeroToAll/tf2/tf2-10-3-mnist_nn_xavier.py,A line with 132 chars in tf2-10-3-mnist_nn_xavier exceeds the maximum length of 120 characters.
hunkim_DeepLearningZeroToAll.tf2,tf2-10-4-mnist_nn_deep,,Long statement,,30,/Volumes/BrokeExt/NICHE/hunkim_DeepLearningZeroToAll/tf2/tf2-10-4-mnist_nn_deep.py,A line with 125 chars in tf2-10-4-mnist_nn_deep exceeds the maximum length of 120 characters.
hunkim_DeepLearningZeroToAll.tf2,tf2-10-4-mnist_nn_deep,,Long statement,,40,/Volumes/BrokeExt/NICHE/hunkim_DeepLearningZeroToAll/tf2/tf2-10-4-mnist_nn_deep.py,A line with 132 chars in tf2-10-4-mnist_nn_deep exceeds the maximum length of 120 characters.
hunkim_DeepLearningZeroToAll.tf2,tf2-10-5-mnist_nn_dropout,,Long statement,,34,/Volumes/BrokeExt/NICHE/hunkim_DeepLearningZeroToAll/tf2/tf2-10-5-mnist_nn_dropout.py,A line with 125 chars in tf2-10-5-mnist_nn_dropout exceeds the maximum length of 120 characters.
hunkim_DeepLearningZeroToAll.tf2,tf2-10-5-mnist_nn_dropout,,Long statement,,44,/Volumes/BrokeExt/NICHE/hunkim_DeepLearningZeroToAll/tf2/tf2-10-5-mnist_nn_dropout.py,A line with 132 chars in tf2-10-5-mnist_nn_dropout exceeds the maximum length of 120 characters.
hunkim_DeepLearningZeroToAll.tf2,tf2-11-1-mnist_cnn,,Long statement,,36,/Volumes/BrokeExt/NICHE/hunkim_DeepLearningZeroToAll/tf2/tf2-11-1-mnist_cnn.py,A line with 125 chars in tf2-11-1-mnist_cnn exceeds the maximum length of 120 characters.
hunkim_DeepLearningZeroToAll.tf2,tf2-11-1-mnist_cnn,,Long statement,,45,/Volumes/BrokeExt/NICHE/hunkim_DeepLearningZeroToAll/tf2/tf2-11-1-mnist_cnn.py,A line with 132 chars in tf2-11-1-mnist_cnn exceeds the maximum length of 120 characters.
hunkim_DeepLearningZeroToAll.tf2,tf2-12-1-hello-rnn,,Long statement,,15,/Volumes/BrokeExt/NICHE/hunkim_DeepLearningZeroToAll/tf2/tf2-12-1-hello-rnn.py,A line with 144 chars in tf2-12-1-hello-rnn exceeds the maximum length of 120 characters.
hunkim_DeepLearningZeroToAll.tf2,tf2-12-1-hello-rnn,,Long statement,,40,/Volumes/BrokeExt/NICHE/hunkim_DeepLearningZeroToAll/tf2/tf2-12-1-hello-rnn.py,A line with 125 chars in tf2-12-1-hello-rnn exceeds the maximum length of 120 characters.
hunkim_DeepLearningZeroToAll.tf2,tf2-12-2-char-seq-rnn,,Long statement,,26,/Volumes/BrokeExt/NICHE/hunkim_DeepLearningZeroToAll/tf2/tf2-12-2-char-seq-rnn.py,A line with 133 chars in tf2-12-2-char-seq-rnn exceeds the maximum length of 120 characters.
hunkim_DeepLearningZeroToAll.tf2,tf2-12-2-char-seq-rnn,,Long statement,,30,/Volumes/BrokeExt/NICHE/hunkim_DeepLearningZeroToAll/tf2/tf2-12-2-char-seq-rnn.py,A line with 125 chars in tf2-12-2-char-seq-rnn exceeds the maximum length of 120 characters.
hunkim_DeepLearningZeroToAll.tf2,tf2-12-4-rnn_long_char,,Long statement,,4,/Volumes/BrokeExt/NICHE/hunkim_DeepLearningZeroToAll/tf2/tf2-12-4-rnn_long_char.py,A line with 193 chars in tf2-12-4-rnn_long_char exceeds the maximum length of 120 characters.
hunkim_DeepLearningZeroToAll.tf2,tf2-12-4-rnn_long_char,,Long statement,,41,/Volumes/BrokeExt/NICHE/hunkim_DeepLearningZeroToAll/tf2/tf2-12-4-rnn_long_char.py,A line with 127 chars in tf2-12-4-rnn_long_char exceeds the maximum length of 120 characters.
hunkim_DeepLearningZeroToAll.tf2,tf2-12-4-rnn_long_char,,Long statement,,46,/Volumes/BrokeExt/NICHE/hunkim_DeepLearningZeroToAll/tf2/tf2-12-4-rnn_long_char.py,A line with 125 chars in tf2-12-4-rnn_long_char exceeds the maximum length of 120 characters.
hunkim_DeepLearningZeroToAll.tf2,tf2-12-5-rnn_stock_prediction,,Long statement,MinMaxScaler,10,/Volumes/BrokeExt/NICHE/hunkim_DeepLearningZeroToAll/tf2/tf2-12-5-rnn_stock_prediction.py,A line with 405 chars in MinMaxScaler exceeds the maximum length of 120 characters.
hunkim_DeepLearningZeroToAll.tf2,tf2-12-5-rnn_stock_prediction,,Magic number,MinMaxScaler,32,/Volumes/BrokeExt/NICHE/hunkim_DeepLearningZeroToAll/tf2/tf2-12-5-rnn_stock_prediction.py,Magic number 1e-07 used in MinMaxScaler.
