Package,Module,Class,Function,LOC,CC,PC
yongzhuo_nlp_xiaojiang.AugmentText.augment_eda,enhance_eda,,synonym_replacement,18,5,3
yongzhuo_nlp_xiaojiang.AugmentText.augment_eda,enhance_eda,,get_syn_by_synonyms,5,1,1
yongzhuo_nlp_xiaojiang.AugmentText.augment_eda,enhance_eda,,get_synonyms_from_word2vec,11,4,4
yongzhuo_nlp_xiaojiang.AugmentText.augment_eda,enhance_eda,,random_insertion,7,2,3
yongzhuo_nlp_xiaojiang.AugmentText.augment_eda,enhance_eda,,add_word,16,5,2
yongzhuo_nlp_xiaojiang.AugmentText.augment_eda,enhance_eda,,random_swap,7,2,2
yongzhuo_nlp_xiaojiang.AugmentText.augment_eda,enhance_eda,,swap_word,13,2,1
yongzhuo_nlp_xiaojiang.AugmentText.augment_eda,enhance_eda,,random_deletion,14,4,3
yongzhuo_nlp_xiaojiang.AugmentText.augment_eda,enhance_eda,,sentence_replace_whitespace,8,2,1
yongzhuo_nlp_xiaojiang.AugmentText.augment_eda,enhance_eda,,eda,39,9,7
yongzhuo_nlp_xiaojiang.AugmentText.augment_eda,enhance_eda_v2,,is_english,12,3,1
yongzhuo_nlp_xiaojiang.AugmentText.augment_eda,enhance_eda_v2,,is_number,12,3,1
yongzhuo_nlp_xiaojiang.AugmentText.augment_eda,enhance_eda_v2,,get_syn_word,9,2,1
yongzhuo_nlp_xiaojiang.AugmentText.augment_eda,enhance_eda_v2,,syn_replace,17,6,2
yongzhuo_nlp_xiaojiang.AugmentText.augment_eda,enhance_eda_v2,,syn_insert,20,7,3
yongzhuo_nlp_xiaojiang.AugmentText.augment_eda,enhance_eda_v2,,word_swap,12,2,2
yongzhuo_nlp_xiaojiang.AugmentText.augment_eda,enhance_eda_v2,,word_delete,10,3,2
yongzhuo_nlp_xiaojiang.AugmentText.augment_eda,enhance_eda_v2,,word_cut,10,3,2
yongzhuo_nlp_xiaojiang.AugmentText.augment_eda,enhance_eda_v2,,eda,11,1,3
yongzhuo_nlp_xiaojiang.AugmentText.augment_eda,enhance_word2vec,,select_all_syn_sentence,12,3,3
yongzhuo_nlp_xiaojiang.AugmentText.augment_eda,enhance_word2vec,,from_word2vec_get_synonym_words,19,6,5
yongzhuo_nlp_xiaojiang.AugmentText.augment_eda,enhance_word2vec,,word2vec_word_replace,20,2,3
yongzhuo_nlp_xiaojiang.AugmentText.augment_eda,enhance_word2vec,,get_syn_sentences,8,2,4
yongzhuo_nlp_xiaojiang.AugmentText.augment_eda,enhance_word2vec,,get_synonyms_from_word2vec,10,4,4
yongzhuo_nlp_xiaojiang.AugmentText.augment_keyword,statistics_keyword,,is_total_number,7,2,1
yongzhuo_nlp_xiaojiang.AugmentText.augment_keyword,statistics_keyword,,statistics_keyword_by_label,44,6,2
yongzhuo_nlp_xiaojiang.AugmentText.augment_marko,enhance_marko,,create_model,15,6,2
yongzhuo_nlp_xiaojiang.AugmentText.augment_marko,enhance_marko,,generate_random_1,16,4,2
yongzhuo_nlp_xiaojiang.AugmentText.augment_marko,enhance_marko,,generate_random_select,10,3,4
yongzhuo_nlp_xiaojiang.AugmentText.augment_marko,enhance_marko,,get_keyword_from_tf,9,1,2
yongzhuo_nlp_xiaojiang.AugmentText.augment_marko,enhance_marko,,get_begin_word,6,1,2
yongzhuo_nlp_xiaojiang.AugmentText.augment_marko,enhance_marko,,get_keyword_from_jieba_tfidf,7,1,2
yongzhuo_nlp_xiaojiang.AugmentText.augment_marko,enhance_marko,,get_keyword_from_jieba_textrank,11,2,2
yongzhuo_nlp_xiaojiang.AugmentText.augment_marko,enhance_marko,,generate_syns_from_list,23,6,3
yongzhuo_nlp_xiaojiang.AugmentText.augment_nmt,nmt_local,BackTranslate,__init__,7,1,1
yongzhuo_nlp_xiaojiang.AugmentText.augment_nmt,nmt_local,BackTranslate,back_translate,6,1,1
yongzhuo_nlp_xiaojiang.AugmentText.augment_seq2seq.code_seq2seq_char,extract_char_webank,,make_split,4,1,1
yongzhuo_nlp_xiaojiang.AugmentText.augment_seq2seq.code_seq2seq_char,extract_char_webank,,good_line,4,1,1
yongzhuo_nlp_xiaojiang.AugmentText.augment_seq2seq.code_seq2seq_char,extract_char_webank,,regular,10,2,2
yongzhuo_nlp_xiaojiang.AugmentText.augment_seq2seq.code_seq2seq_char,extract_char_webank,,creat_train_data_of_sim_corpus,36,4,3
yongzhuo_nlp_xiaojiang.AugmentText.augment_seq2seq.code_seq2seq_char,predict_char_anti,,predict_anti,52,5,1
yongzhuo_nlp_xiaojiang.AugmentText.augment_seq2seq.code_seq2seq_char,predict_char_anti,,main,3,1,0
yongzhuo_nlp_xiaojiang.AugmentText.augment_seq2seq.code_seq2seq_char,train_char_anti,,train_and_dev,132,7,1
yongzhuo_nlp_xiaojiang.AugmentText.augment_seq2seq.code_seq2seq_char,train_char_anti,,main,2,1,0
yongzhuo_nlp_xiaojiang.AugmentText.augment_seq2seq.code_seq2seq_word,extract_webank,,make_split,4,1,1
yongzhuo_nlp_xiaojiang.AugmentText.augment_seq2seq.code_seq2seq_word,extract_webank,,good_line,4,1,1
yongzhuo_nlp_xiaojiang.AugmentText.augment_seq2seq.code_seq2seq_word,extract_webank,,regular,10,2,2
yongzhuo_nlp_xiaojiang.AugmentText.augment_seq2seq.code_seq2seq_word,extract_webank,,creat_train_data_of_bank_corpus,67,7,3
yongzhuo_nlp_xiaojiang.AugmentText.augment_seq2seq.code_seq2seq_word,predict_word_anti,,pred_word_anti,61,5,8
yongzhuo_nlp_xiaojiang.AugmentText.augment_seq2seq.code_seq2seq_word,predict_word_anti,,main,14,1,0
yongzhuo_nlp_xiaojiang.AugmentText.augment_seq2seq.code_seq2seq_word,train_word_anti,,train_word_anti,172,7,8
yongzhuo_nlp_xiaojiang.AugmentText.augment_seq2seq.code_seq2seq_word,train_word_anti,,main,14,1,0
yongzhuo_nlp_xiaojiang.AugmentText.augment_simbert,enhance_roformer,SynonymsGenerator,predict,5,1,3
yongzhuo_nlp_xiaojiang.AugmentText.augment_simbert,enhance_roformer,SynonymsGenerator,generate,6,2,4
yongzhuo_nlp_xiaojiang.AugmentText.augment_simbert,enhance_roformer,,gen_synonyms,16,2,3
yongzhuo_nlp_xiaojiang.AugmentText.augment_simbert,enhance_simbert,SynonymsGenerator,predict,5,1,3
yongzhuo_nlp_xiaojiang.AugmentText.augment_simbert,enhance_simbert,SynonymsGenerator,generate,6,2,4
yongzhuo_nlp_xiaojiang.AugmentText.augment_simbert,enhance_simbert,,gen_synonyms,16,2,3
yongzhuo_nlp_xiaojiang.AugmentText.augment_syntax,augment_mainpart,,stanford_parse,11,1,1
yongzhuo_nlp_xiaojiang.AugmentText.augment_syntax,augment_mainpart,,combine_nn,11,3,3
yongzhuo_nlp_xiaojiang.AugmentText.augment_syntax,augment_mainpart,,get_main_part_by_stanfordcorenlp,35,13,1
yongzhuo_nlp_xiaojiang.AugmentText.augment_translate.translate_account,translate_tencent_secret,,md5_sign,5,1,1
yongzhuo_nlp_xiaojiang.AugmentText.augment_translate.translate_account,translate_tencent_secret,,get_params,20,2,3
yongzhuo_nlp_xiaojiang.AugmentText.augment_translate.translate_account,translate_tencent_secret,,any_to_any_translate_tencent,14,1,3
yongzhuo_nlp_xiaojiang.AugmentText.augment_translate.translate_account,translate_tencent_secret,,translate_tencent_back,10,1,3
yongzhuo_nlp_xiaojiang.AugmentText.augment_translate.translate_tools,translate_translate,,translate_tools_translate,8,1,2
yongzhuo_nlp_xiaojiang.AugmentText.augment_translate.translate_web,translate_google,GoogleToken,__init__,38,1,0
yongzhuo_nlp_xiaojiang.AugmentText.augment_translate.translate_web,translate_google,GoogleToken,get_google_token,4,1,1
yongzhuo_nlp_xiaojiang.AugmentText.augment_translate.translate_web,translate_google,,open_url,8,1,1
yongzhuo_nlp_xiaojiang.AugmentText.augment_translate.translate_web,translate_google,,max_length,8,1,1
yongzhuo_nlp_xiaojiang.AugmentText.augment_translate.translate_web,translate_google,,translate_result,8,3,1
yongzhuo_nlp_xiaojiang.AugmentText.augment_translate.translate_web,translate_google,,any_to_any_translate,15,2,3
yongzhuo_nlp_xiaojiang.AugmentText.augment_translate.translate_web,translate_google,,any_to_any_translate_back,6,1,3
yongzhuo_nlp_xiaojiang.ChatBot.chatbot_generate.seq2seq.code_seq2seq_char,extract_char_cg,,make_split,4,1,1
yongzhuo_nlp_xiaojiang.ChatBot.chatbot_generate.seq2seq.code_seq2seq_char,extract_char_cg,,good_line,4,1,1
yongzhuo_nlp_xiaojiang.ChatBot.chatbot_generate.seq2seq.code_seq2seq_char,extract_char_cg,,regular,10,2,2
yongzhuo_nlp_xiaojiang.ChatBot.chatbot_generate.seq2seq.code_seq2seq_char,extract_char_cg,,creat_train_data_of_cg_corpus,36,5,3
yongzhuo_nlp_xiaojiang.ChatBot.chatbot_generate.seq2seq.code_seq2seq_char,predict_char_cg,,predict_anti,52,5,1
yongzhuo_nlp_xiaojiang.ChatBot.chatbot_generate.seq2seq.code_seq2seq_char,predict_char_cg,,main,3,1,0
yongzhuo_nlp_xiaojiang.ChatBot.chatbot_generate.seq2seq.code_seq2seq_char,train_char_cg,,train_and_dev,124,7,1
yongzhuo_nlp_xiaojiang.ChatBot.chatbot_generate.seq2seq.code_seq2seq_char,train_char_cg,,main,2,1,0
yongzhuo_nlp_xiaojiang.ChatBot.chatbot_generate.seq2seq.code_seq2seq_word,extract_word_cg,,make_split,4,1,1
yongzhuo_nlp_xiaojiang.ChatBot.chatbot_generate.seq2seq.code_seq2seq_word,extract_word_cg,,good_line,4,1,1
yongzhuo_nlp_xiaojiang.ChatBot.chatbot_generate.seq2seq.code_seq2seq_word,extract_word_cg,,regular,10,2,2
yongzhuo_nlp_xiaojiang.ChatBot.chatbot_generate.seq2seq.code_seq2seq_word,extract_word_cg,,creat_train_data_of_cg_corpus,60,7,3
yongzhuo_nlp_xiaojiang.ChatBot.chatbot_generate.seq2seq.code_seq2seq_word,pred_word_cg,,test,61,5,8
yongzhuo_nlp_xiaojiang.ChatBot.chatbot_generate.seq2seq.code_seq2seq_word,pred_word_cg,,main,14,1,0
yongzhuo_nlp_xiaojiang.ChatBot.chatbot_generate.seq2seq.code_seq2seq_word,train_word_cg,,tet,164,7,8
yongzhuo_nlp_xiaojiang.ChatBot.chatbot_generate.seq2seq.code_seq2seq_word,train_word_cg,,main,14,1,0
yongzhuo_nlp_xiaojiang.ChatBot.chatbot_search,chatbot_fuzzy,,count_same_char,9,3,2
yongzhuo_nlp_xiaojiang.ChatBot.chatbot_search,chatbot_fuzzy,,fuzzy_re,24,8,2
yongzhuo_nlp_xiaojiang.ChatBot.chatbot_search,chatbot_fuzzy,,fuzzy_fuzzywuzzy,19,6,3
yongzhuo_nlp_xiaojiang.ChatBot.chatbot_search,chatbot_fuzzy,,fuzzy_fuzzywuzzy_list,30,8,5
yongzhuo_nlp_xiaojiang.ChatBot.chatbot_search,chatbot_sentence_vec_by_bert,,chatbot_sentence_vec_by_bert_own,29,4,0
yongzhuo_nlp_xiaojiang.ChatBot.chatbot_search,chatbot_sentence_vec_by_bert,,chatbot_sentence_vec_by_bert_bertasserver,21,3,0
yongzhuo_nlp_xiaojiang.ChatBot.chatbot_search,chatbot_sentence_vec_by_char,,load_word2vec_model,3,1,3
yongzhuo_nlp_xiaojiang.ChatBot.chatbot_search,chatbot_sentence_vec_by_char,,question_encoding,10,3,2
yongzhuo_nlp_xiaojiang.ChatBot.chatbot_search,chatbot_sentence_vec_by_char,,basic_questions_matrix_init,12,1,2
yongzhuo_nlp_xiaojiang.ChatBot.chatbot_search,chatbot_sentence_vec_by_char,,calculate_text_similar,10,2,4
yongzhuo_nlp_xiaojiang.ChatBot.chatbot_search,chatbot_sentence_vec_by_char,,create_matrix_org_np,25,5,4
yongzhuo_nlp_xiaojiang.ChatBot.chatbot_search,chatbot_sentence_vec_by_word,,load_word2vec_model,5,1,3
yongzhuo_nlp_xiaojiang.ChatBot.chatbot_search,chatbot_sentence_vec_by_word,,get_td_idf_flag,7,2,3
yongzhuo_nlp_xiaojiang.ChatBot.chatbot_search,chatbot_sentence_vec_by_word,,get_jieba_flag,8,3,1
yongzhuo_nlp_xiaojiang.ChatBot.chatbot_search,chatbot_sentence_vec_by_word,,word_flag_cut,17,3,1
yongzhuo_nlp_xiaojiang.ChatBot.chatbot_search,chatbot_sentence_vec_by_word,,basic_questions_encoding,11,3,3
yongzhuo_nlp_xiaojiang.ChatBot.chatbot_search,chatbot_sentence_vec_by_word,,basic_questions_matrix_init,12,1,2
yongzhuo_nlp_xiaojiang.ChatBot.chatbot_search,chatbot_sentence_vec_by_word,,calculate_text_similar,10,2,4
yongzhuo_nlp_xiaojiang.ChatBot.chatbot_search,chatbot_sentence_vec_by_word,,create_matrix_org_np,25,5,4
yongzhuo_nlp_xiaojiang.ChatBot.chatbot_search.chatbot_bertwhite,bertWhiteTools,,txt_read,16,4,2
yongzhuo_nlp_xiaojiang.ChatBot.chatbot_search.chatbot_bertwhite,bertWhiteTools,,txt_write,9,2,4
yongzhuo_nlp_xiaojiang.ChatBot.chatbot_search.chatbot_bertwhite,bertWhiteTools,,save_json,6,1,3
yongzhuo_nlp_xiaojiang.ChatBot.chatbot_search.chatbot_bertwhite,bertWhiteTools,,load_json,6,1,1
yongzhuo_nlp_xiaojiang.ChatBot.chatbot_search.chatbot_bertwhite,bertWhiteTrain,NonMaskingLayer,__init__,3,1,0
yongzhuo_nlp_xiaojiang.ChatBot.chatbot_search.chatbot_bertwhite,bertWhiteTrain,NonMaskingLayer,build,2,1,1
yongzhuo_nlp_xiaojiang.ChatBot.chatbot_search.chatbot_bertwhite,bertWhiteTrain,NonMaskingLayer,compute_mask,2,1,2
yongzhuo_nlp_xiaojiang.ChatBot.chatbot_search.chatbot_bertwhite,bertWhiteTrain,NonMaskingLayer,call,2,1,2
yongzhuo_nlp_xiaojiang.ChatBot.chatbot_search.chatbot_bertwhite,bertWhiteTrain,NonMaskingLayer,get_output_shape_for,2,1,1
yongzhuo_nlp_xiaojiang.ChatBot.chatbot_search.chatbot_bertwhite,bertWhiteTrain,BertWhiteModel,__init__,4,1,1
yongzhuo_nlp_xiaojiang.ChatBot.chatbot_search.chatbot_bertwhite,bertWhiteTrain,BertWhiteModel,transform_and_normalize,5,3,3
yongzhuo_nlp_xiaojiang.ChatBot.chatbot_search.chatbot_bertwhite,bertWhiteTrain,BertWhiteModel,compute_kernel_bias,7,1,1
yongzhuo_nlp_xiaojiang.ChatBot.chatbot_search.chatbot_bertwhite,bertWhiteTrain,BertWhiteModel,convert_to_vecs,5,1,1
yongzhuo_nlp_xiaojiang.ChatBot.chatbot_search.chatbot_bertwhite,bertWhiteTrain,BertWhiteModel,convert_to_ids,8,2,1
yongzhuo_nlp_xiaojiang.ChatBot.chatbot_search.chatbot_bertwhite,bertWhiteTrain,BertWhiteModel,load_pretrain_model,46,12,0
yongzhuo_nlp_xiaojiang.ChatBot.chatbot_search.chatbot_bertwhite,bertWhiteTrain,BertWhiteModel,train,11,2,1
yongzhuo_nlp_xiaojiang.ChatBot.chatbot_search.chatbot_bertwhite,bertWhiteTrain,BertWhiteModel,prob,7,2,1
yongzhuo_nlp_xiaojiang.ChatBot.chatbot_search.chatbot_bertwhite,bertWhiteTrain,BertWhiteFit,__init__,4,1,1
yongzhuo_nlp_xiaojiang.ChatBot.chatbot_search.chatbot_bertwhite,bertWhiteTrain,BertWhiteFit,load_bert_white_model,17,3,1
yongzhuo_nlp_xiaojiang.ChatBot.chatbot_search.chatbot_bertwhite,bertWhiteTrain,BertWhiteFit,read_qa_from_csv,22,4,1
yongzhuo_nlp_xiaojiang.ChatBot.chatbot_search.chatbot_bertwhite,bertWhiteTrain,BertWhiteFit,build_index,9,3,1
yongzhuo_nlp_xiaojiang.ChatBot.chatbot_search.chatbot_bertwhite,bertWhiteTrain,BertWhiteFit,load_index,7,3,0
yongzhuo_nlp_xiaojiang.ChatBot.chatbot_search.chatbot_bertwhite,bertWhiteTrain,BertWhiteFit,remove_index,2,1,1
yongzhuo_nlp_xiaojiang.ChatBot.chatbot_search.chatbot_bertwhite,bertWhiteTrain,BertWhiteFit,predict_with_mmr,12,2,2
yongzhuo_nlp_xiaojiang.ChatBot.chatbot_search.chatbot_bertwhite,bertWhiteTrain,BertWhiteFit,predict,39,10,2
yongzhuo_nlp_xiaojiang.ChatBot.chatbot_search.chatbot_bertwhite,bertWhiteTrain,BertWhiteFit,trainer,15,3,0
yongzhuo_nlp_xiaojiang.ChatBot.chatbot_search.chatbot_bertwhite,indexAnnoy,AnnoySearch,__init__,4,1,2
yongzhuo_nlp_xiaojiang.ChatBot.chatbot_search.chatbot_bertwhite,indexAnnoy,AnnoySearch,k_neighbors,6,2,2
yongzhuo_nlp_xiaojiang.ChatBot.chatbot_search.chatbot_bertwhite,indexAnnoy,AnnoySearch,fit,4,2,1
yongzhuo_nlp_xiaojiang.ChatBot.chatbot_search.chatbot_bertwhite,indexAnnoy,AnnoySearch,save,2,1,1
yongzhuo_nlp_xiaojiang.ChatBot.chatbot_search.chatbot_bertwhite,indexAnnoy,AnnoySearch,load,2,1,1
yongzhuo_nlp_xiaojiang.ChatBot.chatbot_search.chatbot_bertwhite,indexFaiss,FaissSearch,__init__,5,1,2
yongzhuo_nlp_xiaojiang.ChatBot.chatbot_search.chatbot_bertwhite,indexFaiss,FaissSearch,k_neighbors,4,1,2
yongzhuo_nlp_xiaojiang.ChatBot.chatbot_search.chatbot_bertwhite,indexFaiss,FaissSearch,fit,4,1,1
yongzhuo_nlp_xiaojiang.ChatBot.chatbot_search.chatbot_bertwhite,indexFaiss,FaissSearch,remove,2,1,1
yongzhuo_nlp_xiaojiang.ChatBot.chatbot_search.chatbot_bertwhite,indexFaiss,FaissSearch,save,2,1,1
yongzhuo_nlp_xiaojiang.ChatBot.chatbot_search.chatbot_bertwhite,indexFaiss,FaissSearch,load,2,1,1
yongzhuo_nlp_xiaojiang.ChatBot.chatbot_search.chatbot_bertwhite,mmr,MMRSum,__init__,3,1,0
yongzhuo_nlp_xiaojiang.ChatBot.chatbot_search.chatbot_bertwhite,mmr,MMRSum,summarize,31,5,3
yongzhuo_nlp_xiaojiang.ChatBot.chatbot_search.chatbot_bertwhite,mmr,,cut_sentence,10,4,1
yongzhuo_nlp_xiaojiang.ChatBot.chatbot_search.chatbot_bertwhite,mmr,,extract_chinese,5,1,1
yongzhuo_nlp_xiaojiang.ChatBot.chatbot_search.chatbot_bertwhite,mmr,,tfidf_fit,14,1,1
yongzhuo_nlp_xiaojiang.ChatBot.chatbot_search.chatbot_bertwhite,mmr,,jieba_cut,4,1,1
yongzhuo_nlp_xiaojiang.ChatBot.chatbot_search.chatbot_tfserving,TFServing_postprocess,,load_json,6,1,1
yongzhuo_nlp_xiaojiang.ChatBot.chatbot_search.chatbot_tfserving,TFServing_postprocess,,postprocess,10,2,1
yongzhuo_nlp_xiaojiang.ChatBot.chatbot_search.chatbot_tfserving,TFServing_preprocess,BasicTokenizer,__init__,6,1,2
yongzhuo_nlp_xiaojiang.ChatBot.chatbot_search.chatbot_tfserving,TFServing_preprocess,BasicTokenizer,tokenize,10,4,2
yongzhuo_nlp_xiaojiang.ChatBot.chatbot_search.chatbot_tfserving,TFServing_preprocess,BasicTokenizer,token_to_id,2,1,1
yongzhuo_nlp_xiaojiang.ChatBot.chatbot_search.chatbot_tfserving,TFServing_preprocess,BasicTokenizer,tokens_to_ids,2,1,1
yongzhuo_nlp_xiaojiang.ChatBot.chatbot_search.chatbot_tfserving,TFServing_preprocess,BasicTokenizer,truncate_sequence,11,5,4
yongzhuo_nlp_xiaojiang.ChatBot.chatbot_search.chatbot_tfserving,TFServing_preprocess,BasicTokenizer,encode,32,8,5
yongzhuo_nlp_xiaojiang.ChatBot.chatbot_search.chatbot_tfserving,TFServing_preprocess,BasicTokenizer,id_to_token,2,1,1
yongzhuo_nlp_xiaojiang.ChatBot.chatbot_search.chatbot_tfserving,TFServing_preprocess,BasicTokenizer,ids_to_tokens,2,1,1
yongzhuo_nlp_xiaojiang.ChatBot.chatbot_search.chatbot_tfserving,TFServing_preprocess,BasicTokenizer,decode,2,1,1
yongzhuo_nlp_xiaojiang.ChatBot.chatbot_search.chatbot_tfserving,TFServing_preprocess,BasicTokenizer,_tokenize,2,1,1
yongzhuo_nlp_xiaojiang.ChatBot.chatbot_search.chatbot_tfserving,TFServing_preprocess,Tokenizer,__init__,14,4,2
yongzhuo_nlp_xiaojiang.ChatBot.chatbot_search.chatbot_tfserving,TFServing_preprocess,Tokenizer,token_to_id,2,1,1
yongzhuo_nlp_xiaojiang.ChatBot.chatbot_search.chatbot_tfserving,TFServing_preprocess,Tokenizer,id_to_token,2,1,1
yongzhuo_nlp_xiaojiang.ChatBot.chatbot_search.chatbot_tfserving,TFServing_preprocess,Tokenizer,decode,25,10,2
yongzhuo_nlp_xiaojiang.ChatBot.chatbot_search.chatbot_tfserving,TFServing_preprocess,Tokenizer,_tokenize,23,10,1
yongzhuo_nlp_xiaojiang.ChatBot.chatbot_search.chatbot_tfserving,TFServing_preprocess,Tokenizer,_word_piece_tokenize,19,6,1
yongzhuo_nlp_xiaojiang.ChatBot.chatbot_search.chatbot_tfserving,TFServing_preprocess,Tokenizer,stem,5,1,1
yongzhuo_nlp_xiaojiang.ChatBot.chatbot_search.chatbot_tfserving,TFServing_preprocess,Tokenizer,_is_space,3,2,1
yongzhuo_nlp_xiaojiang.ChatBot.chatbot_search.chatbot_tfserving,TFServing_preprocess,Tokenizer,_is_punctuation,8,2,1
yongzhuo_nlp_xiaojiang.ChatBot.chatbot_search.chatbot_tfserving,TFServing_preprocess,Tokenizer,_cjk_punctuation,2,1,0
yongzhuo_nlp_xiaojiang.ChatBot.chatbot_search.chatbot_tfserving,TFServing_preprocess,Tokenizer,_is_cjk_character,11,2,1
yongzhuo_nlp_xiaojiang.ChatBot.chatbot_search.chatbot_tfserving,TFServing_preprocess,Tokenizer,_is_control,2,1,1
yongzhuo_nlp_xiaojiang.ChatBot.chatbot_search.chatbot_tfserving,TFServing_preprocess,Tokenizer,_is_special,2,2,1
yongzhuo_nlp_xiaojiang.ChatBot.chatbot_search.chatbot_tfserving,TFServing_preprocess,Tokenizer,rematch,27,8,2
yongzhuo_nlp_xiaojiang.ChatBot.chatbot_search.chatbot_tfserving,TFServing_preprocess,,is_string,2,1,1
yongzhuo_nlp_xiaojiang.ChatBot.chatbot_search.chatbot_tfserving,TFServing_preprocess,,load_vocab,31,11,4
yongzhuo_nlp_xiaojiang.ChatBot.chatbot_search.chatbot_tfserving,TFServing_preprocess,,covert_text_to_id,8,2,1
yongzhuo_nlp_xiaojiang.ChatBot.chatbot_search.chatbot_tfserving,TFServing_save,NonMaskingLayer,__init__,3,1,0
yongzhuo_nlp_xiaojiang.ChatBot.chatbot_search.chatbot_tfserving,TFServing_save,NonMaskingLayer,build,2,1,1
yongzhuo_nlp_xiaojiang.ChatBot.chatbot_search.chatbot_tfserving,TFServing_save,NonMaskingLayer,compute_mask,2,1,2
yongzhuo_nlp_xiaojiang.ChatBot.chatbot_search.chatbot_tfserving,TFServing_save,NonMaskingLayer,call,2,1,2
yongzhuo_nlp_xiaojiang.ChatBot.chatbot_search.chatbot_tfserving,TFServing_save,NonMaskingLayer,get_output_shape_for,2,1,1
yongzhuo_nlp_xiaojiang.ChatBot.chatbot_search.chatbot_tfserving,TFServing_save,CosineLayer,__init__,7,1,1
yongzhuo_nlp_xiaojiang.ChatBot.chatbot_search.chatbot_tfserving,TFServing_save,CosineLayer,build,2,1,1
yongzhuo_nlp_xiaojiang.ChatBot.chatbot_search.chatbot_tfserving,TFServing_save,CosineLayer,get_config,5,1,0
yongzhuo_nlp_xiaojiang.ChatBot.chatbot_search.chatbot_tfserving,TFServing_save,CosineLayer,call,7,1,1
yongzhuo_nlp_xiaojiang.ChatBot.chatbot_search.chatbot_tfserving,TFServing_save,CosineLayer,compute_output_shape,2,1,1
yongzhuo_nlp_xiaojiang.ChatBot.chatbot_search.chatbot_tfserving,TFServing_save,Divide,_merge_function,5,2,1
yongzhuo_nlp_xiaojiang.ChatBot.chatbot_search.chatbot_tfserving,TFServing_save,BertSimModel,__init__,4,1,1
yongzhuo_nlp_xiaojiang.ChatBot.chatbot_search.chatbot_tfserving,TFServing_save,BertSimModel,transform_and_normalize,5,3,3
yongzhuo_nlp_xiaojiang.ChatBot.chatbot_search.chatbot_tfserving,TFServing_save,BertSimModel,compute_kernel_bias,7,1,1
yongzhuo_nlp_xiaojiang.ChatBot.chatbot_search.chatbot_tfserving,TFServing_save,BertSimModel,convert_to_vecs,5,1,1
yongzhuo_nlp_xiaojiang.ChatBot.chatbot_search.chatbot_tfserving,TFServing_save,BertSimModel,convert_to_ids,8,2,1
yongzhuo_nlp_xiaojiang.ChatBot.chatbot_search.chatbot_tfserving,TFServing_save,BertSimModel,load_pretrain_model,48,12,0
yongzhuo_nlp_xiaojiang.ChatBot.chatbot_search.chatbot_tfserving,TFServing_save,BertSimModel,save_model_builder,20,1,0
yongzhuo_nlp_xiaojiang.ChatBot.chatbot_search.chatbot_tfserving,TFServing_save,BertSimModel,train,11,2,1
yongzhuo_nlp_xiaojiang.ChatBot.chatbot_search.chatbot_tfserving,TFServing_save,BertSimModel,prob,7,2,1
yongzhuo_nlp_xiaojiang.ChatBot.chatbot_search.chatbot_tfserving,TFServing_tet_http,,qa_tfserving,7,1,2
yongzhuo_nlp_xiaojiang.ChatBot.chatbot_search.chatbot_tfserving,bertWhiteTools,,txt_read,16,4,2
yongzhuo_nlp_xiaojiang.ChatBot.chatbot_search.chatbot_tfserving,bertWhiteTools,,txt_write,9,2,4
yongzhuo_nlp_xiaojiang.ChatBot.chatbot_search.chatbot_tfserving,bertWhiteTools,,save_json,6,1,3
yongzhuo_nlp_xiaojiang.ChatBot.chatbot_search.chatbot_tfserving,bertWhiteTools,,load_json,6,1,1
yongzhuo_nlp_xiaojiang.ChatBot.chatbot_search.chatbot_tfserving,bertWhiteTrain,NonMaskingLayer,__init__,3,1,0
yongzhuo_nlp_xiaojiang.ChatBot.chatbot_search.chatbot_tfserving,bertWhiteTrain,NonMaskingLayer,build,2,1,1
yongzhuo_nlp_xiaojiang.ChatBot.chatbot_search.chatbot_tfserving,bertWhiteTrain,NonMaskingLayer,compute_mask,2,1,2
yongzhuo_nlp_xiaojiang.ChatBot.chatbot_search.chatbot_tfserving,bertWhiteTrain,NonMaskingLayer,call,2,1,2
yongzhuo_nlp_xiaojiang.ChatBot.chatbot_search.chatbot_tfserving,bertWhiteTrain,NonMaskingLayer,get_output_shape_for,2,1,1
yongzhuo_nlp_xiaojiang.ChatBot.chatbot_search.chatbot_tfserving,bertWhiteTrain,BertWhiteModel,__init__,4,1,1
yongzhuo_nlp_xiaojiang.ChatBot.chatbot_search.chatbot_tfserving,bertWhiteTrain,BertWhiteModel,transform_and_normalize,5,3,3
yongzhuo_nlp_xiaojiang.ChatBot.chatbot_search.chatbot_tfserving,bertWhiteTrain,BertWhiteModel,compute_kernel_bias,7,1,1
yongzhuo_nlp_xiaojiang.ChatBot.chatbot_search.chatbot_tfserving,bertWhiteTrain,BertWhiteModel,convert_to_vecs,5,1,1
yongzhuo_nlp_xiaojiang.ChatBot.chatbot_search.chatbot_tfserving,bertWhiteTrain,BertWhiteModel,convert_to_ids,8,2,1
yongzhuo_nlp_xiaojiang.ChatBot.chatbot_search.chatbot_tfserving,bertWhiteTrain,BertWhiteModel,load_pretrain_model,46,12,0
yongzhuo_nlp_xiaojiang.ChatBot.chatbot_search.chatbot_tfserving,bertWhiteTrain,BertWhiteModel,train,11,2,1
yongzhuo_nlp_xiaojiang.ChatBot.chatbot_search.chatbot_tfserving,bertWhiteTrain,BertWhiteModel,prob,7,2,1
yongzhuo_nlp_xiaojiang.ChatBot.chatbot_search.chatbot_tfserving,bertWhiteTrain,BertWhiteFit,__init__,4,1,1
yongzhuo_nlp_xiaojiang.ChatBot.chatbot_search.chatbot_tfserving,bertWhiteTrain,BertWhiteFit,load_bert_white_model,17,3,1
yongzhuo_nlp_xiaojiang.ChatBot.chatbot_search.chatbot_tfserving,bertWhiteTrain,BertWhiteFit,read_qa_from_csv,22,4,1
yongzhuo_nlp_xiaojiang.ChatBot.chatbot_search.chatbot_tfserving,bertWhiteTrain,BertWhiteFit,build_index,9,3,1
yongzhuo_nlp_xiaojiang.ChatBot.chatbot_search.chatbot_tfserving,bertWhiteTrain,BertWhiteFit,load_index,7,3,0
yongzhuo_nlp_xiaojiang.ChatBot.chatbot_search.chatbot_tfserving,bertWhiteTrain,BertWhiteFit,remove_index,2,1,1
yongzhuo_nlp_xiaojiang.ChatBot.chatbot_search.chatbot_tfserving,bertWhiteTrain,BertWhiteFit,predict_with_mmr,12,2,2
yongzhuo_nlp_xiaojiang.ChatBot.chatbot_search.chatbot_tfserving,bertWhiteTrain,BertWhiteFit,predict,42,10,2
yongzhuo_nlp_xiaojiang.ChatBot.chatbot_search.chatbot_tfserving,bertWhiteTrain,BertWhiteFit,trainer,15,3,0
yongzhuo_nlp_xiaojiang.ChatBot.chatbot_search.chatbot_tfserving,indexAnnoy,AnnoySearch,__init__,4,1,2
yongzhuo_nlp_xiaojiang.ChatBot.chatbot_search.chatbot_tfserving,indexAnnoy,AnnoySearch,k_neighbors,6,2,2
yongzhuo_nlp_xiaojiang.ChatBot.chatbot_search.chatbot_tfserving,indexAnnoy,AnnoySearch,fit,4,2,1
yongzhuo_nlp_xiaojiang.ChatBot.chatbot_search.chatbot_tfserving,indexAnnoy,AnnoySearch,save,2,1,1
yongzhuo_nlp_xiaojiang.ChatBot.chatbot_search.chatbot_tfserving,indexAnnoy,AnnoySearch,load,2,1,1
yongzhuo_nlp_xiaojiang.ChatBot.chatbot_search.chatbot_tfserving,indexFaiss,FaissSearch,__init__,5,1,2
yongzhuo_nlp_xiaojiang.ChatBot.chatbot_search.chatbot_tfserving,indexFaiss,FaissSearch,k_neighbors,4,1,2
yongzhuo_nlp_xiaojiang.ChatBot.chatbot_search.chatbot_tfserving,indexFaiss,FaissSearch,fit,4,1,1
yongzhuo_nlp_xiaojiang.ChatBot.chatbot_search.chatbot_tfserving,indexFaiss,FaissSearch,remove,2,1,1
yongzhuo_nlp_xiaojiang.ChatBot.chatbot_search.chatbot_tfserving,indexFaiss,FaissSearch,save,2,1,1
yongzhuo_nlp_xiaojiang.ChatBot.chatbot_search.chatbot_tfserving,indexFaiss,FaissSearch,load,2,1,1
yongzhuo_nlp_xiaojiang.ChatBot.chatbot_search.chatbot_tfserving,mmr,MMRSum,__init__,3,1,0
yongzhuo_nlp_xiaojiang.ChatBot.chatbot_search.chatbot_tfserving,mmr,MMRSum,summarize,31,5,3
yongzhuo_nlp_xiaojiang.ChatBot.chatbot_search.chatbot_tfserving,mmr,,cut_sentence,10,4,1
yongzhuo_nlp_xiaojiang.ChatBot.chatbot_search.chatbot_tfserving,mmr,,extract_chinese,5,1,1
yongzhuo_nlp_xiaojiang.ChatBot.chatbot_search.chatbot_tfserving,mmr,,tfidf_fit,14,1,1
yongzhuo_nlp_xiaojiang.ChatBot.chatbot_search.chatbot_tfserving,mmr,,jieba_cut,4,1,1
yongzhuo_nlp_xiaojiang.ClassificationText.bert,keras_bert_classify_bi_lstm,BertBiLstmModel,__init__,11,2,0
yongzhuo_nlp_xiaojiang.ClassificationText.bert,keras_bert_classify_bi_lstm,BertBiLstmModel,process_single,18,2,1
yongzhuo_nlp_xiaojiang.ClassificationText.bert,keras_bert_classify_bi_lstm,BertBiLstmModel,process_pair,19,2,1
yongzhuo_nlp_xiaojiang.ClassificationText.bert,keras_bert_classify_bi_lstm,BertBiLstmModel,build_model_bilstm_layers,35,4,0
yongzhuo_nlp_xiaojiang.ClassificationText.bert,keras_bert_classify_bi_lstm,BertBiLstmModel,build_model_bilstm_attention,23,4,0
yongzhuo_nlp_xiaojiang.ClassificationText.bert,keras_bert_classify_bi_lstm,BertBiLstmModel,build_model_bilstm_single,21,4,0
yongzhuo_nlp_xiaojiang.ClassificationText.bert,keras_bert_classify_bi_lstm,BertBiLstmModel,compile_model,4,1,0
yongzhuo_nlp_xiaojiang.ClassificationText.bert,keras_bert_classify_bi_lstm,BertBiLstmModel,callback,7,1,0
yongzhuo_nlp_xiaojiang.ClassificationText.bert,keras_bert_classify_bi_lstm,BertBiLstmModel,fit,6,1,4
yongzhuo_nlp_xiaojiang.ClassificationText.bert,keras_bert_classify_bi_lstm,BertBiLstmModel,load_model,4,1,0
yongzhuo_nlp_xiaojiang.ClassificationText.bert,keras_bert_classify_bi_lstm,BertBiLstmModel,predict,3,1,2
yongzhuo_nlp_xiaojiang.ClassificationText.bert,keras_bert_classify_bi_lstm,BertBiLstmModel,predict_list,7,2,1
yongzhuo_nlp_xiaojiang.ClassificationText.bert,keras_bert_classify_bi_lstm,,attention,11,2,2
yongzhuo_nlp_xiaojiang.ClassificationText.bert,keras_bert_classify_bi_lstm,,classify_single_corpus,26,2,1
yongzhuo_nlp_xiaojiang.ClassificationText.bert,keras_bert_classify_bi_lstm,,classify_pair_corpus,27,2,1
yongzhuo_nlp_xiaojiang.ClassificationText.bert,keras_bert_classify_bi_lstm,,classify_pair_corpus_webank,18,2,2
yongzhuo_nlp_xiaojiang.ClassificationText.bert,keras_bert_classify_bi_lstm,,train,8,1,0
yongzhuo_nlp_xiaojiang.ClassificationText.bert,keras_bert_classify_bi_lstm,,tet,16,1,0
yongzhuo_nlp_xiaojiang.ClassificationText.bert,keras_bert_classify_bi_lstm,,predict,12,2,0
yongzhuo_nlp_xiaojiang.ClassificationText.bert,keras_bert_classify_text_cnn,BertTextCnnModel,__init__,13,2,0
yongzhuo_nlp_xiaojiang.ClassificationText.bert,keras_bert_classify_text_cnn,BertTextCnnModel,build_model_text_cnn,13,2,0
yongzhuo_nlp_xiaojiang.ClassificationText.bert,keras_bert_classify_text_cnn,BertTextCnnModel,build_model_r_cnn,24,4,0
yongzhuo_nlp_xiaojiang.ClassificationText.bert,keras_bert_classify_text_cnn,BertTextCnnModel,build_model_avt_cnn,22,2,0
yongzhuo_nlp_xiaojiang.ClassificationText.bert,keras_bert_classify_text_cnn,BertTextCnnModel,compile_model,4,1,0
yongzhuo_nlp_xiaojiang.ClassificationText.bert,keras_bert_classify_text_cnn,BertTextCnnModel,callback,6,1,0
yongzhuo_nlp_xiaojiang.ClassificationText.bert,keras_bert_classify_text_cnn,BertTextCnnModel,fit,6,1,4
yongzhuo_nlp_xiaojiang.ClassificationText.bert,keras_bert_classify_text_cnn,BertTextCnnModel,load_model,4,1,0
yongzhuo_nlp_xiaojiang.ClassificationText.bert,keras_bert_classify_text_cnn,BertTextCnnModel,process_pair,19,2,1
yongzhuo_nlp_xiaojiang.ClassificationText.bert,keras_bert_classify_text_cnn,BertTextCnnModel,predict,3,1,2
yongzhuo_nlp_xiaojiang.ClassificationText.bert,keras_bert_classify_text_cnn,BertTextCnnModel,predict_list,7,2,1
yongzhuo_nlp_xiaojiang.ClassificationText.bert,keras_bert_classify_text_cnn,,attention,11,2,2
yongzhuo_nlp_xiaojiang.ClassificationText.bert,keras_bert_classify_text_cnn,,classify_pair_corpus_webank,18,2,2
yongzhuo_nlp_xiaojiang.ClassificationText.bert,keras_bert_classify_text_cnn,,train,8,1,0
yongzhuo_nlp_xiaojiang.ClassificationText.bert,keras_bert_classify_text_cnn,,tet,16,1,0
yongzhuo_nlp_xiaojiang.ClassificationText.bert,keras_bert_classify_text_cnn,,predict,12,2,0
yongzhuo_nlp_xiaojiang.ClassificationText.bert,keras_bert_embedding,KerasBertEmbedding,__init__,2,1,0
yongzhuo_nlp_xiaojiang.ClassificationText.bert,keras_bert_embedding,KerasBertEmbedding,bert_encode,40,6,0
yongzhuo_nlp_xiaojiang.ClassificationText.bert,keras_bert_layer,NonMaskingLayer,__init__,3,1,0
yongzhuo_nlp_xiaojiang.ClassificationText.bert,keras_bert_layer,NonMaskingLayer,build,2,1,1
yongzhuo_nlp_xiaojiang.ClassificationText.bert,keras_bert_layer,NonMaskingLayer,compute_mask,2,1,2
yongzhuo_nlp_xiaojiang.ClassificationText.bert,keras_bert_layer,NonMaskingLayer,call,2,1,2
yongzhuo_nlp_xiaojiang.ClassificationText.bert,keras_bert_layer,NonMaskingLayer,compute_output_shape,2,1,1
yongzhuo_nlp_xiaojiang.ClassificationText.bert,keras_bert_layer,AttentionWeightedAverage,__init__,5,1,1
yongzhuo_nlp_xiaojiang.ClassificationText.bert,keras_bert_layer,AttentionWeightedAverage,build,8,1,1
yongzhuo_nlp_xiaojiang.ClassificationText.bert,keras_bert_layer,AttentionWeightedAverage,call,14,2,2
yongzhuo_nlp_xiaojiang.ClassificationText.bert,keras_bert_layer,AttentionWeightedAverage,get_output_shape_for,2,1,1
yongzhuo_nlp_xiaojiang.ClassificationText.bert,keras_bert_layer,AttentionWeightedAverage,compute_output_shape,5,1,1
yongzhuo_nlp_xiaojiang.ClassificationText.bert,keras_bert_layer,AttentionWeightedAverage,compute_mask,5,1,2
yongzhuo_nlp_xiaojiang.FeatureProject,cut_td_idf,,cut_td_idf,18,3,2
yongzhuo_nlp_xiaojiang.FeatureProject,cut_td_idf,,cut_td_idf_pinyin,17,2,2
yongzhuo_nlp_xiaojiang.FeatureProject,cut_td_idf,,init_tfidf_chinese_or_pinyin,14,2,1
yongzhuo_nlp_xiaojiang.FeatureProject,distance_text_or_vec,,clear_sentence,7,1,1
yongzhuo_nlp_xiaojiang.FeatureProject,distance_text_or_vec,,chinese2pinyin,5,1,1
yongzhuo_nlp_xiaojiang.FeatureProject,distance_text_or_vec,,hamming_distance,3,1,2
yongzhuo_nlp_xiaojiang.FeatureProject,distance_text_or_vec,,cosine_distance,5,2,2
yongzhuo_nlp_xiaojiang.FeatureProject,distance_text_or_vec,,euclidean_distance,2,1,2
yongzhuo_nlp_xiaojiang.FeatureProject,distance_text_or_vec,,manhattan_distance,2,1,2
yongzhuo_nlp_xiaojiang.FeatureProject,distance_text_or_vec,,chebyshev_distance,2,1,2
yongzhuo_nlp_xiaojiang.FeatureProject,distance_text_or_vec,,minkowski_distance,2,1,2
yongzhuo_nlp_xiaojiang.FeatureProject,distance_text_or_vec,,euclidean_distance_standardized,4,1,2
yongzhuo_nlp_xiaojiang.FeatureProject,distance_text_or_vec,,mahalanobis_distance,16,4,2
yongzhuo_nlp_xiaojiang.FeatureProject,distance_text_or_vec,,bray_curtis_distance,4,1,2
yongzhuo_nlp_xiaojiang.FeatureProject,distance_text_or_vec,,pearson_correlation_distance,3,1,2
yongzhuo_nlp_xiaojiang.FeatureProject,distance_text_or_vec,,jaccard_similarity_coefficient_distance,6,1,2
yongzhuo_nlp_xiaojiang.FeatureProject,distance_text_or_vec,,wmd_distance,3,1,3
yongzhuo_nlp_xiaojiang.FeatureProject,distance_text_or_vec,,edit_levenshtein,2,1,2
yongzhuo_nlp_xiaojiang.FeatureProject,distance_text_or_vec,,ratio_levenshtein,2,1,2
yongzhuo_nlp_xiaojiang.FeatureProject,distance_text_or_vec,,jaro_levenshtein,2,1,2
yongzhuo_nlp_xiaojiang.FeatureProject,distance_text_or_vec,,set_ratio_fuzzywuzzy,2,1,2
yongzhuo_nlp_xiaojiang.FeatureProject,distance_text_or_vec,,sort_ratio_fuzzywuzzy,2,1,2
yongzhuo_nlp_xiaojiang.FeatureProject,distance_text_or_vec,,num_of_common_sub_str,19,5,2
yongzhuo_nlp_xiaojiang.FeatureProject,distance_text_or_vec,,string_hash,15,3,1
yongzhuo_nlp_xiaojiang.FeatureProject,distance_text_or_vec,,sim_hash,24,6,1
yongzhuo_nlp_xiaojiang.FeatureProject,distance_text_or_vec,,hamming_distance_equal,3,1,2
yongzhuo_nlp_xiaojiang.FeatureProject,distance_text_or_vec,,hamming_distance,2,1,2
yongzhuo_nlp_xiaojiang.FeatureProject,distance_text_or_vec,,normalization,4,1,1
yongzhuo_nlp_xiaojiang.FeatureProject,distance_text_or_vec,,z_score,8,1,2
yongzhuo_nlp_xiaojiang.FeatureProject,distance_text_or_vec,,tok_td_idf,12,2,1
yongzhuo_nlp_xiaojiang.FeatureProject,distance_text_or_vec,,tok_td_idf_pinyin,12,2,1
yongzhuo_nlp_xiaojiang.FeatureProject,distance_vec_TS_SS,,Cosine,5,1,2
yongzhuo_nlp_xiaojiang.FeatureProject,distance_vec_TS_SS,,VectorSize,6,1,1
yongzhuo_nlp_xiaojiang.FeatureProject,distance_vec_TS_SS,,InnerProduct,5,1,2
yongzhuo_nlp_xiaojiang.FeatureProject,distance_vec_TS_SS,,Euclidean,6,1,2
yongzhuo_nlp_xiaojiang.FeatureProject,distance_vec_TS_SS,,Theta,6,2,2
yongzhuo_nlp_xiaojiang.FeatureProject,distance_vec_TS_SS,,Triangle,3,1,2
yongzhuo_nlp_xiaojiang.FeatureProject,distance_vec_TS_SS,,Magnitude_Difference,2,1,2
yongzhuo_nlp_xiaojiang.FeatureProject,distance_vec_TS_SS,,Sector,5,1,2
yongzhuo_nlp_xiaojiang.FeatureProject,distance_vec_TS_SS,,TS_SS,2,1,2
yongzhuo_nlp_xiaojiang.FeatureProject,normalization_util,,autoL1L2,2,1,2
yongzhuo_nlp_xiaojiang.FeatureProject,normalization_util,,autoScale,2,1,1
yongzhuo_nlp_xiaojiang.FeatureProject,normalization_util,,autoMinMaxScaler,2,1,1
yongzhuo_nlp_xiaojiang.FeatureProject,normalization_util,,autoLinNorm,10,1,1
yongzhuo_nlp_xiaojiang.FeatureProject,normalization_util,,autoAvgNorm,9,1,1
yongzhuo_nlp_xiaojiang.FeatureProject,normalization_util,,sigmoid,12,3,2
yongzhuo_nlp_xiaojiang.FeatureProject,sentence_sim_feature,SentenceSimFeature,__init__,20,1,0
yongzhuo_nlp_xiaojiang.FeatureProject,sentence_sim_feature,SentenceSimFeature,set_data,17,1,2
yongzhuo_nlp_xiaojiang.FeatureProject,sentence_sim_feature,SentenceSimFeature,same_word_count,10,5,0
yongzhuo_nlp_xiaojiang.FeatureProject,sentence_sim_feature,SentenceSimFeature,same_char_count,12,5,0
yongzhuo_nlp_xiaojiang.FeatureProject,sentence_sim_feature,SentenceSimFeature,sentence_length,7,1,0
yongzhuo_nlp_xiaojiang.FeatureProject,sentence_sim_feature,SentenceSimFeature,init_sentence_vector,4,1,0
yongzhuo_nlp_xiaojiang.FeatureProject,sentence_sim_feature,SentenceSimFeature,encode_sentence_vector,13,5,0
yongzhuo_nlp_xiaojiang.FeatureProject,sentence_sim_feature,SentenceSimFeature,init_tfidf,10,1,0
yongzhuo_nlp_xiaojiang.FeatureProject,sentence_sim_feature,SentenceSimFeature,w2c_all_vec,14,1,0
yongzhuo_nlp_xiaojiang.FeatureProject,sentence_sim_feature,SentenceSimFeature,tdidf_all_vec,2,1,0
yongzhuo_nlp_xiaojiang.FeatureProject,sentence_sim_feature,SentenceSimFeature,edit_all_str,11,1,0
yongzhuo_nlp_xiaojiang.FeatureProject,sentence_sim_feature,SentenceSimFeature,word_jaccard,4,1,0
yongzhuo_nlp_xiaojiang.FeatureProject,sentence_sim_feature,SentenceSimFeature,char_jaccard,4,1,0
yongzhuo_nlp_xiaojiang.FeatureProject,sentence_sim_feature,SentenceSimFeature,tdidf_all_vec_pinyin,2,1,0
yongzhuo_nlp_xiaojiang.FeatureProject,sentence_sim_feature,SentenceSimFeature,edit_all_pinyin,11,1,0
yongzhuo_nlp_xiaojiang.FeatureProject,sentence_sim_feature,SentenceSimFeature,word_jaccard_pinyin,4,1,0
yongzhuo_nlp_xiaojiang.FeatureProject,sentence_sim_feature,SentenceSimFeature,char_jaccard_pinyin,4,1,0
yongzhuo_nlp_xiaojiang.FeatureProject,sentence_sim_feature,,sentence_input_t,84,2,0
yongzhuo_nlp_xiaojiang.FeatureProject.bert,extract_keras_bert_feature,KerasBertVector,__init__,47,7,0
yongzhuo_nlp_xiaojiang.FeatureProject.bert,extract_keras_bert_feature,KerasBertVector,bert_encode,34,4,1
yongzhuo_nlp_xiaojiang.FeatureProject.bert,layers_keras,NonMaskingLayer,__init__,3,1,0
yongzhuo_nlp_xiaojiang.FeatureProject.bert,layers_keras,NonMaskingLayer,build,2,1,1
yongzhuo_nlp_xiaojiang.FeatureProject.bert,layers_keras,NonMaskingLayer,compute_mask,2,1,2
yongzhuo_nlp_xiaojiang.FeatureProject.bert,layers_keras,NonMaskingLayer,call,2,1,2
yongzhuo_nlp_xiaojiang.FeatureProject.bert,layers_keras,NonMaskingLayer,get_output_shape_for,2,1,1
yongzhuo_nlp_xiaojiang.FeatureProject.bert,tet_bert_keras_sim,,calculate_count,14,2,0
yongzhuo_nlp_xiaojiang.FeatureProject.bert,tet_bert_keras_sim,,sim_two_question,43,3,0
yongzhuo_nlp_xiaojiang.FeatureProject.xlnet,extract_keras_xlnet_feature,KerasXlnetVector,__init__,53,6,0
yongzhuo_nlp_xiaojiang.FeatureProject.xlnet,extract_keras_xlnet_feature,KerasXlnetVector,xlnet_encode,21,2,1
yongzhuo_nlp_xiaojiang.FeatureProject.xlnet,layers_keras,NonMaskingLayer,__init__,3,1,0
yongzhuo_nlp_xiaojiang.FeatureProject.xlnet,layers_keras,NonMaskingLayer,build,2,1,1
yongzhuo_nlp_xiaojiang.FeatureProject.xlnet,layers_keras,NonMaskingLayer,compute_mask,2,1,2
yongzhuo_nlp_xiaojiang.FeatureProject.xlnet,layers_keras,NonMaskingLayer,call,2,1,2
yongzhuo_nlp_xiaojiang.FeatureProject.xlnet,layers_keras,NonMaskingLayer,get_output_shape_for,2,1,1
yongzhuo_nlp_xiaojiang.FeatureProject.xlnet,tet_xlnet_keras_sim,,calculate_count,14,2,0
yongzhuo_nlp_xiaojiang.FeatureProject.xlnet,tet_xlnet_keras_sim,,sim_two_question,42,3,0
yongzhuo_nlp_xiaojiang.Ner.bert,keras_bert_embedding,KerasBertEmbedding,__init__,2,1,0
yongzhuo_nlp_xiaojiang.Ner.bert,keras_bert_embedding,KerasBertEmbedding,bert_encode,43,6,0
yongzhuo_nlp_xiaojiang.Ner.bert,keras_bert_layer,NonMaskingLayer,__init__,3,1,0
yongzhuo_nlp_xiaojiang.Ner.bert,keras_bert_layer,NonMaskingLayer,build,2,1,1
yongzhuo_nlp_xiaojiang.Ner.bert,keras_bert_layer,NonMaskingLayer,compute_mask,2,1,2
yongzhuo_nlp_xiaojiang.Ner.bert,keras_bert_layer,NonMaskingLayer,call,2,1,2
yongzhuo_nlp_xiaojiang.Ner.bert,keras_bert_layer,NonMaskingLayer,compute_output_shape,2,1,1
yongzhuo_nlp_xiaojiang.Ner.bert,keras_bert_layer,AttentionWeightedAverage,__init__,5,1,1
yongzhuo_nlp_xiaojiang.Ner.bert,keras_bert_layer,AttentionWeightedAverage,build,8,1,1
yongzhuo_nlp_xiaojiang.Ner.bert,keras_bert_layer,AttentionWeightedAverage,call,14,2,2
yongzhuo_nlp_xiaojiang.Ner.bert,keras_bert_layer,AttentionWeightedAverage,get_output_shape_for,2,1,1
yongzhuo_nlp_xiaojiang.Ner.bert,keras_bert_layer,AttentionWeightedAverage,compute_output_shape,5,1,1
yongzhuo_nlp_xiaojiang.Ner.bert,keras_bert_layer,AttentionWeightedAverage,compute_mask,5,1,2
yongzhuo_nlp_xiaojiang.Ner.bert,keras_bert_layer,CRF,__init__,28,2,21
yongzhuo_nlp_xiaojiang.Ner.bert,keras_bert_layer,CRF,build,33,3,1
yongzhuo_nlp_xiaojiang.Ner.bert,keras_bert_layer,CRF,call,18,5,2
yongzhuo_nlp_xiaojiang.Ner.bert,keras_bert_layer,CRF,compute_output_shape,2,1,1
yongzhuo_nlp_xiaojiang.Ner.bert,keras_bert_layer,CRF,compute_mask,4,2,2
yongzhuo_nlp_xiaojiang.Ner.bert,keras_bert_layer,CRF,get_config,27,1,0
yongzhuo_nlp_xiaojiang.Ner.bert,keras_bert_layer,CRF,loss_function,5,1,0
yongzhuo_nlp_xiaojiang.Ner.bert,keras_bert_layer,CRF,accuracy,8,1,0
yongzhuo_nlp_xiaojiang.Ner.bert,keras_bert_layer,CRF,viterbi_acc,5,1,0
yongzhuo_nlp_xiaojiang.Ner.bert,keras_bert_layer,CRF,marginal_acc,5,1,0
yongzhuo_nlp_xiaojiang.Ner.bert,keras_bert_layer,CRF,softmaxNd,5,1,2
yongzhuo_nlp_xiaojiang.Ner.bert,keras_bert_layer,CRF,shift_left,3,1,2
yongzhuo_nlp_xiaojiang.Ner.bert,keras_bert_layer,CRF,shift_right,3,1,2
yongzhuo_nlp_xiaojiang.Ner.bert,keras_bert_layer,CRF,add_boundary_energy,15,2,4
yongzhuo_nlp_xiaojiang.Ner.bert,keras_bert_layer,CRF,get_log_normalization_constant,4,1,2
yongzhuo_nlp_xiaojiang.Ner.bert,keras_bert_layer,CRF,get_energy,12,2,3
yongzhuo_nlp_xiaojiang.Ner.bert,keras_bert_layer,CRF,get_negative_log_likelihood,16,3,3
yongzhuo_nlp_xiaojiang.Ner.bert,keras_bert_layer,CRF,step,36,5,3
yongzhuo_nlp_xiaojiang.Ner.bert,keras_bert_layer,CRF,recursion,28,4,6
yongzhuo_nlp_xiaojiang.Ner.bert,keras_bert_layer,CRF,forward_recursion,2,1,1
yongzhuo_nlp_xiaojiang.Ner.bert,keras_bert_layer,CRF,backward_recursion,2,1,1
yongzhuo_nlp_xiaojiang.Ner.bert,keras_bert_layer,CRF,get_marginal_prob,15,3,2
yongzhuo_nlp_xiaojiang.Ner.bert,keras_bert_layer,CRF,viterbi_decoding,29,2,2
yongzhuo_nlp_xiaojiang.Ner.bert,keras_bert_layer,,crf_nll,11,3,2
yongzhuo_nlp_xiaojiang.Ner.bert,keras_bert_layer,,crf_loss,10,1,2
yongzhuo_nlp_xiaojiang.Ner.bert,keras_bert_layer,,_get_accuracy,14,2,4
yongzhuo_nlp_xiaojiang.Ner.bert,keras_bert_layer,,crf_viterbi_accuracy,6,1,2
yongzhuo_nlp_xiaojiang.Ner.bert,keras_bert_layer,,crf_marginal_accuracy,6,1,2
yongzhuo_nlp_xiaojiang.Ner.bert,keras_bert_layer,,crf_accuracy,6,1,2
yongzhuo_nlp_xiaojiang.Ner.bert,keras_bert_layer,,to_tuple,7,1,1
yongzhuo_nlp_xiaojiang.Ner.bert,keras_bert_ner_bi_lstm,BertNerBiLstmModel,__init__,12,2,0
yongzhuo_nlp_xiaojiang.Ner.bert,keras_bert_ner_bi_lstm,BertNerBiLstmModel,process_single,20,3,1
yongzhuo_nlp_xiaojiang.Ner.bert,keras_bert_ner_bi_lstm,BertNerBiLstmModel,process_pair,19,2,1
yongzhuo_nlp_xiaojiang.Ner.bert,keras_bert_ner_bi_lstm,BertNerBiLstmModel,build_model_bilstm_layers,21,4,0
yongzhuo_nlp_xiaojiang.Ner.bert,keras_bert_ner_bi_lstm,BertNerBiLstmModel,compile_model,5,1,0
yongzhuo_nlp_xiaojiang.Ner.bert,keras_bert_ner_bi_lstm,BertNerBiLstmModel,callback,6,1,0
yongzhuo_nlp_xiaojiang.Ner.bert,keras_bert_ner_bi_lstm,BertNerBiLstmModel,fit,6,1,4
yongzhuo_nlp_xiaojiang.Ner.bert,keras_bert_ner_bi_lstm,BertNerBiLstmModel,load_model,4,1,0
yongzhuo_nlp_xiaojiang.Ner.bert,keras_bert_ner_bi_lstm,BertNerBiLstmModel,predict,9,2,1
yongzhuo_nlp_xiaojiang.Ner.bert,keras_bert_ner_bi_lstm,BertNerBiLstmModel,predict_list,7,2,1
yongzhuo_nlp_xiaojiang.Ner.bert,keras_bert_ner_bi_lstm,,get_sequence_tagging_data_from_chinese_people_daily_ner_corpus,15,3,1
yongzhuo_nlp_xiaojiang.Ner.bert,keras_bert_ner_bi_lstm,,label_tagging,14,3,3
yongzhuo_nlp_xiaojiang.Ner.bert,keras_bert_ner_bi_lstm,,label_tagging_predict,12,3,2
yongzhuo_nlp_xiaojiang.Ner.bert,keras_bert_ner_bi_lstm,,create_label_index_dict,13,3,1
yongzhuo_nlp_xiaojiang.Ner.bert,keras_bert_ner_bi_lstm,,process_ner_y,18,3,2
yongzhuo_nlp_xiaojiang.Ner.bert,keras_bert_ner_bi_lstm,,train,18,1,0
yongzhuo_nlp_xiaojiang.Ner.bert,keras_bert_ner_bi_lstm,,predict,17,4,0
yongzhuo_nlp_xiaojiang.Ner.bert,layer_crf_bojone,CRF,__init__,3,1,1
yongzhuo_nlp_xiaojiang.Ner.bert,layer_crf_bojone,CRF,build,6,1,1
yongzhuo_nlp_xiaojiang.Ner.bert,layer_crf_bojone,CRF,log_norm_step,6,1,2
yongzhuo_nlp_xiaojiang.Ner.bert,layer_crf_bojone,CRF,path_score,9,1,2
yongzhuo_nlp_xiaojiang.Ner.bert,layer_crf_bojone,CRF,call,2,1,1
yongzhuo_nlp_xiaojiang.Ner.bert,layer_crf_bojone,CRF,loss,8,1,2
yongzhuo_nlp_xiaojiang.Ner.bert,layer_crf_bojone,CRF,accuracy,9,1,2
yongzhuo_nlp_xiaojiang.utils,text_tools,,clear_punctuation,5,1,1
yongzhuo_nlp_xiaojiang.utils,text_tools,,getChinese1,3,1,1
yongzhuo_nlp_xiaojiang.utils,text_tools,,xlsRead,9,2,3
yongzhuo_nlp_xiaojiang.utils,text_tools,,xlsxWrite,8,2,3
yongzhuo_nlp_xiaojiang.utils,text_tools,,is_alphabet,5,4,1
yongzhuo_nlp_xiaojiang.utils,text_tools,,txtRead,19,4,2
yongzhuo_nlp_xiaojiang.utils,text_tools,,txtWrite,8,2,4
yongzhuo_nlp_xiaojiang.utils,text_tools,,getChinese,10,3,1
yongzhuo_nlp_xiaojiang.utils,text_tools,,get_syboml,4,1,1
yongzhuo_nlp_xiaojiang.utils,text_tools,,strQ2B,11,5,1
yongzhuo_nlp_xiaojiang.utils,text_tools,,strB2Q,11,5,1
yongzhuo_nlp_xiaojiang.utils,text_tools,,is_valid_date,9,2,1
yongzhuo_nlp_xiaojiang.utils,text_tools,,is_total_english,15,3,1
yongzhuo_nlp_xiaojiang.utils,text_tools,,is_total_number,14,3,1
yongzhuo_nlp_xiaojiang.utils,text_tools,,is_number_or_english,14,3,1
yongzhuo_nlp_xiaojiang.utils,text_tools,,jieba_cut,4,1,1
yongzhuo_nlp_xiaojiang.utils,text_tools,,judge_translate_english,8,3,2
yongzhuo_nlp_xiaojiang.utils,text_tools,,load_word2vec_model,5,1,4
yongzhuo_nlp_xiaojiang.utils,text_tools,,text_preprocess,7,1,1
yongzhuo_nlp_xiaojiang.utils,word2vec_vector,,train_word2vec_by_word,10,1,0
yongzhuo_nlp_xiaojiang.utils,word2vec_vector,,train_word2vec_by_char,10,1,0
yongzhuo_nlp_xiaojiang.utils.mode_util.seq2seq,data_utils,,_get_available_gpus,3,1,0
yongzhuo_nlp_xiaojiang.utils.mode_util.seq2seq,data_utils,,_get_embed_device,6,2,1
yongzhuo_nlp_xiaojiang.utils.mode_util.seq2seq,data_utils,,transform_sentence,9,2,4
yongzhuo_nlp_xiaojiang.utils.mode_util.seq2seq,data_utils,,batch_flow,52,13,5
yongzhuo_nlp_xiaojiang.utils.mode_util.seq2seq,data_utils,,batch_flow_bucket,77,22,8
yongzhuo_nlp_xiaojiang.utils.mode_util.seq2seq,model_seq2seq,SequenceToSequence,__init__,62,4,25
yongzhuo_nlp_xiaojiang.utils.mode_util.seq2seq,model_seq2seq,SequenceToSequence,build_model,8,2,0
yongzhuo_nlp_xiaojiang.utils.mode_util.seq2seq,model_seq2seq,SequenceToSequence,init_placeholders,50,2,0
yongzhuo_nlp_xiaojiang.utils.mode_util.seq2seq,model_seq2seq,SequenceToSequence,build_single_cell,17,4,2
yongzhuo_nlp_xiaojiang.utils.mode_util.seq2seq,model_seq2seq,SequenceToSequence,build_encoder_cell,8,1,0
yongzhuo_nlp_xiaojiang.utils.mode_util.seq2seq,model_seq2seq,SequenceToSequence,feed_embedding,11,4,3
yongzhuo_nlp_xiaojiang.utils.mode_util.seq2seq,model_seq2seq,SequenceToSequence,build_encoder,98,6,0
yongzhuo_nlp_xiaojiang.utils.mode_util.seq2seq,model_seq2seq,SequenceToSequence,build_decoder_cell,63,5,2
yongzhuo_nlp_xiaojiang.utils.mode_util.seq2seq,model_seq2seq,SequenceToSequence,build_decoder,306,12,2
yongzhuo_nlp_xiaojiang.utils.mode_util.seq2seq,model_seq2seq,SequenceToSequence,save,2,1,2
yongzhuo_nlp_xiaojiang.utils.mode_util.seq2seq,model_seq2seq,SequenceToSequence,load,3,1,2
yongzhuo_nlp_xiaojiang.utils.mode_util.seq2seq,model_seq2seq,SequenceToSequence,init_optimizer,44,6,0
yongzhuo_nlp_xiaojiang.utils.mode_util.seq2seq,model_seq2seq,SequenceToSequence,check_feeds,27,6,5
yongzhuo_nlp_xiaojiang.utils.mode_util.seq2seq,model_seq2seq,SequenceToSequence,train,38,1,9
yongzhuo_nlp_xiaojiang.utils.mode_util.seq2seq,model_seq2seq,SequenceToSequence,get_encoder_embedding,6,1,2
yongzhuo_nlp_xiaojiang.utils.mode_util.seq2seq,model_seq2seq,SequenceToSequence,entropy,11,1,5
yongzhuo_nlp_xiaojiang.utils.mode_util.seq2seq,model_seq2seq,SequenceToSequence,predict,26,1,4
yongzhuo_nlp_xiaojiang.utils.mode_util.seq2seq,thread_generator,ThreadedGenerator,__init__,10,1,4
yongzhuo_nlp_xiaojiang.utils.mode_util.seq2seq,thread_generator,ThreadedGenerator,__repr__,2,1,0
yongzhuo_nlp_xiaojiang.utils.mode_util.seq2seq,thread_generator,ThreadedGenerator,_run,8,3,0
yongzhuo_nlp_xiaojiang.utils.mode_util.seq2seq,thread_generator,ThreadedGenerator,close,9,4,0
yongzhuo_nlp_xiaojiang.utils.mode_util.seq2seq,thread_generator,ThreadedGenerator,__iter__,7,2,0
yongzhuo_nlp_xiaojiang.utils.mode_util.seq2seq,thread_generator,ThreadedGenerator,__next__,8,3,0
yongzhuo_nlp_xiaojiang.utils.mode_util.seq2seq,thread_generator,,test,11,3,0
yongzhuo_nlp_xiaojiang.utils.mode_util.seq2seq,word_sequence,WordSequence,__init__,8,1,0
yongzhuo_nlp_xiaojiang.utils.mode_util.seq2seq,word_sequence,WordSequence,to_index,5,1,1
yongzhuo_nlp_xiaojiang.utils.mode_util.seq2seq,word_sequence,WordSequence,to_word,6,2,1
yongzhuo_nlp_xiaojiang.utils.mode_util.seq2seq,word_sequence,WordSequence,size,3,1,0
yongzhuo_nlp_xiaojiang.utils.mode_util.seq2seq,word_sequence,WordSequence,__len__,2,1,0
yongzhuo_nlp_xiaojiang.utils.mode_util.seq2seq,word_sequence,WordSequence,fit,30,11,4
yongzhuo_nlp_xiaojiang.utils.mode_util.seq2seq,word_sequence,WordSequence,transform,12,5,2
yongzhuo_nlp_xiaojiang.utils.mode_util.seq2seq,word_sequence,WordSequence,inverse_transform,14,10,5
yongzhuo_nlp_xiaojiang.utils.mode_util.seq2seq,word_sequence,,test,10,1,0
