Package,Module,Class,Function,LOC,CC,PC
r9y9_nnsvs.neutrino_compat,server,,_instantiate_model,11,1,1
r9y9_nnsvs.neutrino_compat,server,,_finalize,3,2,0
r9y9_nnsvs.neutrino_compat,server,,perform_healthcheck,2,1,0
r9y9_nnsvs.neutrino_compat,server,,docs_redirect,2,1,0
r9y9_nnsvs.neutrino_compat,server,,model_list,3,1,0
r9y9_nnsvs.neutrino_compat,server,,model_info,10,1,1
r9y9_nnsvs.neutrino_compat,server,,create_model,17,4,2
r9y9_nnsvs.neutrino_compat,server,,upload_full_lab,4,1,1
r9y9_nnsvs.neutrino_compat,server,,upload_timing_lab,4,1,1
r9y9_nnsvs.neutrino_compat,server,,upload_musicxml,17,1,1
r9y9_nnsvs.neutrino_compat,server,,upload_ust,12,1,2
r9y9_nnsvs.neutrino_compat,server,,run_timing,12,1,2
r9y9_nnsvs.neutrino_compat,server,,run_phrases,17,1,2
r9y9_nnsvs.neutrino_compat,server,,run_acoustic,29,2,3
r9y9_nnsvs.neutrino_compat,server,,run_vocoder,34,3,6
r9y9_nnsvs.neutrino_compat.bin,NEUTRINO,,get_parser,21,1,0
r9y9_nnsvs.neutrino_compat.bin,NEUTRINO,,run_local,53,10,2
r9y9_nnsvs.neutrino_compat.bin,NEUTRINO,,run_api,86,10,2
r9y9_nnsvs.neutrino_compat.bin,NEUTRINO,,main,21,3,0
r9y9_nnsvs.neutrino_compat.bin,NSF,,get_parser,14,1,0
r9y9_nnsvs.neutrino_compat.bin,NSF,,run_local,15,2,2
r9y9_nnsvs.neutrino_compat.bin,NSF,,run_api,40,4,2
r9y9_nnsvs.neutrino_compat.bin,NSF,,main,19,3,0
r9y9_nnsvs.nnsvs,base,BaseModel,forward,3,1,3
r9y9_nnsvs.nnsvs,base,BaseModel,inference,3,1,2
r9y9_nnsvs.nnsvs,base,BaseModel,preprocess_target,3,1,1
r9y9_nnsvs.nnsvs,base,BaseModel,prediction_type,3,1,0
r9y9_nnsvs.nnsvs,base,BaseModel,is_autoregressive,3,1,0
r9y9_nnsvs.nnsvs,base,BaseModel,has_residual_lf0_prediction,3,1,0
r9y9_nnsvs.nnsvs,discriminators,Conv2dD,__init__,69,2,7
r9y9_nnsvs.nnsvs,discriminators,Conv2dD,forward,12,2,3
r9y9_nnsvs.nnsvs,dsp,TimeInvFIRFilter,__init__,13,2,4
r9y9_nnsvs.nnsvs,dsp,TimeInvFIRFilter,forward,4,1,1
r9y9_nnsvs.nnsvs,dsp,TrTimeInvFIRFilter,__init__,15,2,5
r9y9_nnsvs.nnsvs,dsp,TrTimeInvFIRFilter,get_filt_coefs,6,2,0
r9y9_nnsvs.nnsvs,dsp,TrTimeInvFIRFilter,forward,8,2,1
r9y9_nnsvs.nnsvs,dsp,,lowpass_filter,11,1,4
r9y9_nnsvs.nnsvs,dsp,,bandpass_filter,8,1,3
r9y9_nnsvs.nnsvs,gen,,_midi_to_hz,7,2,3
r9y9_nnsvs.nnsvs,gen,,_is_silence,7,4,1
r9y9_nnsvs.nnsvs,gen,,predict_timelag,99,14,14
r9y9_nnsvs.nnsvs,gen,,predict_duration,72,8,12
r9y9_nnsvs.nnsvs,gen,,postprocess_duration,75,9,4
r9y9_nnsvs.nnsvs,gen,,predict_timing,37,1,17
r9y9_nnsvs.nnsvs,gen,,predict_acoustic,84,10,14
r9y9_nnsvs.nnsvs,gen,,postprocess_acoustic,137,28,23
r9y9_nnsvs.nnsvs,gen,,predict_waveform,127,22,11
r9y9_nnsvs.nnsvs,gen,,postprocess_waveform,27,7,6
r9y9_nnsvs.nnsvs,gen,,_get_nonrest_frame_soft_mask,28,7,5
r9y9_nnsvs.nnsvs,gen,,_fill_silence_to_world_params,10,1,5
r9y9_nnsvs.nnsvs,gen,,_fill_silence_to_mel_params,4,1,4
r9y9_nnsvs.nnsvs,gen,,correct_vuv_by_phone,31,13,3
r9y9_nnsvs.nnsvs,gen,,gen_spsvs_static_features,71,10,13
r9y9_nnsvs.nnsvs,gen,,gen_world_params,30,3,7
r9y9_nnsvs.nnsvs,logger,,getLogger,19,5,4
r9y9_nnsvs.nnsvs,mdn,MDNLayer,__init__,10,1,4
r9y9_nnsvs.nnsvs,mdn,MDNLayer,forward,17,2,1
r9y9_nnsvs.nnsvs,mdn,,mdn_loss,37,1,7
r9y9_nnsvs.nnsvs,mdn,,to_one_hot,6,2,3
r9y9_nnsvs.nnsvs,mdn,,mdn_get_most_probable_sigma_and_mu,16,2,3
r9y9_nnsvs.nnsvs,mdn,,mdn_get_sample,6,1,3
r9y9_nnsvs.nnsvs,model,ExtractFromInput,__init__,4,1,2
r9y9_nnsvs.nnsvs,model,ExtractFromInput,forward,2,1,3
r9y9_nnsvs.nnsvs,model,Conv1dResnet,__init__,44,5,11
r9y9_nnsvs.nnsvs,model,Conv1dResnet,prediction_type,6,1,0
r9y9_nnsvs.nnsvs,model,Conv1dResnet,forward,21,2,3
r9y9_nnsvs.nnsvs,model,Conv1dResnet,inference,8,1,2
r9y9_nnsvs.nnsvs,model,Conv1dResnetSAR,__init__,18,5,7
r9y9_nnsvs.nnsvs,model,Conv1dResnetSAR,preprocess_target,6,2,1
r9y9_nnsvs.nnsvs,model,Conv1dResnetSAR,inference,3,1,3
r9y9_nnsvs.nnsvs,model,FFN,__init__,11,1,7
r9y9_nnsvs.nnsvs,model,FFN,forward,8,2,3
r9y9_nnsvs.nnsvs,model,LSTMRNN,__init__,15,1,7
r9y9_nnsvs.nnsvs,model,LSTMRNN,forward,9,2,3
r9y9_nnsvs.nnsvs,model,LSTMRNNSAR,__init__,12,4,9
r9y9_nnsvs.nnsvs,model,LSTMRNNSAR,preprocess_target,6,2,1
r9y9_nnsvs.nnsvs,model,LSTMRNNSAR,inference,3,1,3
r9y9_nnsvs.nnsvs,model,RMDN,__init__,20,1,9
r9y9_nnsvs.nnsvs,model,RMDN,prediction_type,2,1,0
r9y9_nnsvs.nnsvs,model,RMDN,forward,10,2,3
r9y9_nnsvs.nnsvs,model,RMDN,inference,5,1,2
r9y9_nnsvs.nnsvs,model,MDN,__init__,21,4,7
r9y9_nnsvs.nnsvs,model,MDN,prediction_type,2,1,0
r9y9_nnsvs.nnsvs,model,MDN,forward,3,1,3
r9y9_nnsvs.nnsvs,model,MDN,inference,5,1,2
r9y9_nnsvs.nnsvs,model,MDNv2,__init__,20,3,8
r9y9_nnsvs.nnsvs,model,MDNv2,prediction_type,2,1,0
r9y9_nnsvs.nnsvs,model,MDNv2,forward,3,1,3
r9y9_nnsvs.nnsvs,model,MDNv2,inference,5,1,2
r9y9_nnsvs.nnsvs,model,Conv1dResnetMDN,__init__,21,2,7
r9y9_nnsvs.nnsvs,model,Conv1dResnetMDN,prediction_type,2,1,0
r9y9_nnsvs.nnsvs,model,Conv1dResnetMDN,forward,3,1,3
r9y9_nnsvs.nnsvs,model,Conv1dResnetMDN,inference,5,1,2
r9y9_nnsvs.nnsvs,model,FFConvLSTM,__init__,60,3,16
r9y9_nnsvs.nnsvs,model,FFConvLSTM,prediction_type,6,1,0
r9y9_nnsvs.nnsvs,model,FFConvLSTM,forward,25,3,3
r9y9_nnsvs.nnsvs,model,FFConvLSTM,inference,7,1,2
r9y9_nnsvs.nnsvs,model,VariancePredictor,__init__,41,4,14
r9y9_nnsvs.nnsvs,model,VariancePredictor,prediction_type,6,1,0
r9y9_nnsvs.nnsvs,model,VariancePredictor,forward,24,4,3
r9y9_nnsvs.nnsvs,model,VariancePredictor,inference,8,1,2
r9y9_nnsvs.nnsvs,model,LSTMEncoder,__init__,27,2,11
r9y9_nnsvs.nnsvs,model,LSTMEncoder,forward,25,3,3
r9y9_nnsvs.nnsvs,model,TransformerEncoder,__init__,40,6,14
r9y9_nnsvs.nnsvs,model,TransformerEncoder,forward,30,5,3
r9y9_nnsvs.nnsvs,model,,_shallow_ar_inference,19,3,3
r9y9_nnsvs.nnsvs,model,,ResF0Conv1dResnet,3,1,0
r9y9_nnsvs.nnsvs,model,,ResF0Conv1dResnetMDN,3,1,0
r9y9_nnsvs.nnsvs,model,,ResF0VariancePredictor,3,1,0
r9y9_nnsvs.nnsvs,model,,ResSkipF0FFConvLSTM,3,1,0
r9y9_nnsvs.nnsvs,multistream,,get_windows,10,4,1
r9y9_nnsvs.nnsvs,multistream,,select_streams,22,6,4
r9y9_nnsvs.nnsvs,multistream,,split_streams,13,4,2
r9y9_nnsvs.nnsvs,multistream,,get_static_stream_sizes,7,1,3
r9y9_nnsvs.nnsvs,multistream,,get_static_features,28,10,5
r9y9_nnsvs.nnsvs,multistream,,multi_stream_mlpg,30,8,6
r9y9_nnsvs.nnsvs,pitch,,hz_to_cent_based_c4,8,1,1
r9y9_nnsvs.nnsvs,pitch,,cent_to_hz_based_c4,8,1,1
r9y9_nnsvs.nnsvs,pitch,,nonzero_segments,19,8,1
r9y9_nnsvs.nnsvs,pitch,,note_segments,24,8,1
r9y9_nnsvs.nnsvs,pitch,,compute_f0_correction_ratio,30,5,5
r9y9_nnsvs.nnsvs,pitch,,extract_vibrato_parameters_impl,32,1,2
r9y9_nnsvs.nnsvs,pitch,,compute_extent,20,4,1
r9y9_nnsvs.nnsvs,pitch,,extract_smoothed_f0,7,2,3
r9y9_nnsvs.nnsvs,pitch,,extract_smoothed_continuous_f0,11,2,3
r9y9_nnsvs.nnsvs,pitch,,extract_vibrato_likelihood,19,1,6
r9y9_nnsvs.nnsvs,pitch,,interp_vibrato,6,1,1
r9y9_nnsvs.nnsvs,pitch,,extract_vibrato_parameters,120,20,11
r9y9_nnsvs.nnsvs,pitch,,gen_sine_vibrato,20,3,5
r9y9_nnsvs.nnsvs,postfilters,MovingAverage1d,__init__,13,2,4
r9y9_nnsvs.nnsvs,postfilters,Conv2dPostFilter,__init__,44,3,8
r9y9_nnsvs.nnsvs,postfilters,Conv2dPostFilter,forward,33,7,4
r9y9_nnsvs.nnsvs,postfilters,Conv2dPostFilter,inference,2,1,2
r9y9_nnsvs.nnsvs,postfilters,MultistreamPostFilter,__init__,8,1,6
r9y9_nnsvs.nnsvs,postfilters,MultistreamPostFilter,forward,57,17,4
r9y9_nnsvs.nnsvs,postfilters,MultistreamPostFilter,inference,2,1,2
r9y9_nnsvs.nnsvs,postfilters,MelF0MultistreamPostFilter,__init__,6,1,4
r9y9_nnsvs.nnsvs,postfilters,MelF0MultistreamPostFilter,forward,29,7,4
r9y9_nnsvs.nnsvs,postfilters,MelF0MultistreamPostFilter,inference,2,1,2
r9y9_nnsvs.nnsvs,postfilters,_PadConv2dPostFilter,__init__,45,4,5
r9y9_nnsvs.nnsvs,postfilters,_PadConv2dPostFilter,forward,18,4,3
r9y9_nnsvs.nnsvs,postfilters,MultistreamConv2dPostFilter,__init__,27,1,6
r9y9_nnsvs.nnsvs,postfilters,MultistreamConv2dPostFilter,forward,19,1,3
r9y9_nnsvs.nnsvs,postfilters,,variance_scaling,24,3,4
r9y9_nnsvs.nnsvs,svs,BaseSVS,svs,3,1,1
r9y9_nnsvs.nnsvs,svs,SPSVS,__init__,105,5,3
r9y9_nnsvs.nnsvs,svs,SPSVS,__repr__,57,5,0
r9y9_nnsvs.nnsvs,svs,SPSVS,set_device,9,1,1
r9y9_nnsvs.nnsvs,svs,SPSVS,predict_timelag,23,1,1
r9y9_nnsvs.nnsvs,svs,SPSVS,predict_duration,21,1,1
r9y9_nnsvs.nnsvs,svs,SPSVS,postprocess_duration,10,1,3
r9y9_nnsvs.nnsvs,svs,SPSVS,predict_timing,8,1,1
r9y9_nnsvs.nnsvs,svs,SPSVS,predict_acoustic,31,1,2
r9y9_nnsvs.nnsvs,svs,SPSVS,postprocess_acoustic,32,1,10
r9y9_nnsvs.nnsvs,svs,SPSVS,predict_waveform,40,7,3
r9y9_nnsvs.nnsvs,svs,SPSVS,postprocess_waveform,15,1,5
r9y9_nnsvs.nnsvs,svs,SPSVS,svs,79,4,15
r9y9_nnsvs.nnsvs,svs,NEUTRINO,__init__,9,3,3
r9y9_nnsvs.nnsvs,svs,NEUTRINO,musicxml2label,7,1,2
r9y9_nnsvs.nnsvs,svs,NEUTRINO,get_num_phrases,4,1,1
r9y9_nnsvs.nnsvs,svs,NEUTRINO,get_phraselist,5,1,2
r9y9_nnsvs.nnsvs,svs,NEUTRINO,predict_acoustic,54,6,10
r9y9_nnsvs.nnsvs,svs,NEUTRINO,predict_waveform,20,1,9
r9y9_nnsvs.nnsvs,svs,NEUTRINO,svs,8,1,1
r9y9_nnsvs.nnsvs,svs,,_warn_if_model_is_old,5,1,1
r9y9_nnsvs.nnsvs,train_util,ShuffleBatchSampler,__init__,4,1,3
r9y9_nnsvs.nnsvs,train_util,ShuffleBatchSampler,__iter__,5,2,0
r9y9_nnsvs.nnsvs,train_util,ShuffleBatchSampler,__len__,2,1,0
r9y9_nnsvs.nnsvs,train_util,Dataset,__init__,11,2,5
r9y9_nnsvs.nnsvs,train_util,Dataset,__getitem__,8,3,1
r9y9_nnsvs.nnsvs,train_util,Dataset,num_tokens,2,1,1
r9y9_nnsvs.nnsvs,train_util,Dataset,ordered_indices,11,3,0
r9y9_nnsvs.nnsvs,train_util,Dataset,__len__,3,1,0
r9y9_nnsvs.nnsvs,train_util,,log_params_from_omegaconf_dict,3,2,1
r9y9_nnsvs.nnsvs,train_util,,_explore_recursive,10,7,2
r9y9_nnsvs.nnsvs,train_util,,num_trainable_params,4,1,1
r9y9_nnsvs.nnsvs,train_util,,get_filtered_files,40,10,5
r9y9_nnsvs.nnsvs,train_util,,_is_batch_full,8,1,4
r9y9_nnsvs.nnsvs,train_util,,batch_by_size,37,5,5
r9y9_nnsvs.nnsvs,train_util,,ensure_divisible_by,8,2,2
r9y9_nnsvs.nnsvs,train_util,,collate_fn_default,39,2,4
r9y9_nnsvs.nnsvs,train_util,,collate_fn_random_segments,15,1,2
r9y9_nnsvs.nnsvs,train_util,,get_data_loaders,110,9,3
r9y9_nnsvs.nnsvs,train_util,,set_epochs_based_on_max_steps_,25,3,3
r9y9_nnsvs.nnsvs,train_util,,save_checkpoint,22,7,8
r9y9_nnsvs.nnsvs,train_util,,get_stream_weight,7,1,2
r9y9_nnsvs.nnsvs,train_util,,_instantiate_optim,6,1,2
r9y9_nnsvs.nnsvs,train_util,,_resume,25,7,5
r9y9_nnsvs.nnsvs,train_util,,setup,95,15,3
r9y9_nnsvs.nnsvs,train_util,,setup_gan,99,16,3
r9y9_nnsvs.nnsvs,train_util,,save_configs,7,1,1
r9y9_nnsvs.nnsvs,train_util,,check_resf0_config,94,28,5
r9y9_nnsvs.nnsvs,train_util,,compute_pitch_regularization_weight,13,3,4
r9y9_nnsvs.nnsvs,train_util,,compute_batch_pitch_regularization_weight,10,2,2
r9y9_nnsvs.nnsvs,train_util,,compute_distortions,55,5,5
r9y9_nnsvs.nnsvs,train_util,,eval_pitch_model,166,17,12
r9y9_nnsvs.nnsvs,train_util,,synthesize,72,8,11
r9y9_nnsvs.nnsvs,train_util,,synthesize_from_mel,33,6,9
r9y9_nnsvs.nnsvs,train_util,,eval_model,43,1,20
r9y9_nnsvs.nnsvs,train_util,,eval_spss_model,230,39,20
r9y9_nnsvs.nnsvs,train_util,,eval_mel_model,168,30,16
r9y9_nnsvs.nnsvs,train_util,,_colorbar_wrap,7,2,4
r9y9_nnsvs.nnsvs,train_util,,plot_spsvs_params,199,12,16
r9y9_nnsvs.nnsvs,train_util,,plot_mel_params,113,5,11
r9y9_nnsvs.nnsvs,util,PyTorchStandardScaler,__init__,4,1,2
r9y9_nnsvs.nnsvs,util,PyTorchStandardScaler,transform,2,1,1
r9y9_nnsvs.nnsvs,util,PyTorchStandardScaler,inverse_transform,2,1,1
r9y9_nnsvs.nnsvs,util,StandardScaler,__init__,4,1,3
r9y9_nnsvs.nnsvs,util,StandardScaler,transform,2,1,1
r9y9_nnsvs.nnsvs,util,StandardScaler,inverse_transform,2,1,1
r9y9_nnsvs.nnsvs,util,MinMaxScaler,__init__,6,1,5
r9y9_nnsvs.nnsvs,util,MinMaxScaler,transform,2,1,1
r9y9_nnsvs.nnsvs,util,MinMaxScaler,inverse_transform,2,1,1
r9y9_nnsvs.nnsvs,util,,init_weights,28,12,3
r9y9_nnsvs.nnsvs,util,,get_world_stream_info,22,4,6
r9y9_nnsvs.nnsvs,util,,load_utt_list,7,1,1
r9y9_nnsvs.nnsvs,util,,example_xml_file,3,1,1
r9y9_nnsvs.nnsvs,util,,init_seed,7,2,1
r9y9_nnsvs.nnsvs,util,,dynamic_import,5,1,1
r9y9_nnsvs.nnsvs,util,,pad_2d,9,1,3
r9y9_nnsvs.nnsvs,util,,make_pad_mask,27,7,4
r9y9_nnsvs.nnsvs,util,,make_non_pad_mask,3,1,4
r9y9_nnsvs.nnsvs,util,,extract_static_scaler,25,1,2
r9y9_nnsvs.nnsvs,util,,load_vocoder,70,7,3
r9y9_nnsvs.nnsvs.acoustic_models,__init__,ResF0Conv1dResnet,__init__,32,3,14
r9y9_nnsvs.nnsvs.acoustic_models,__init__,ResF0Conv1dResnet,prediction_type,6,1,0
r9y9_nnsvs.nnsvs.acoustic_models,__init__,ResF0Conv1dResnet,has_residual_lf0_prediction,2,1,0
r9y9_nnsvs.nnsvs.acoustic_models,__init__,ResF0Conv1dResnet,forward,25,3,3
r9y9_nnsvs.nnsvs.acoustic_models,__init__,ResF0Conv1dResnet,inference,8,1,2
r9y9_nnsvs.nnsvs.acoustic_models,__init__,ResF0VariancePredictor,__init__,19,1,16
r9y9_nnsvs.nnsvs.acoustic_models,__init__,ResF0VariancePredictor,has_residual_lf0_prediction,2,1,0
r9y9_nnsvs.nnsvs.acoustic_models,__init__,ResF0VariancePredictor,forward,25,3,3
r9y9_nnsvs.nnsvs.acoustic_models,__init__,ResF0VariancePredictor,inference,8,1,2
r9y9_nnsvs.nnsvs.acoustic_models,__init__,ResF0TransformerEncoder,__init__,22,1,17
r9y9_nnsvs.nnsvs.acoustic_models,__init__,ResF0TransformerEncoder,has_residual_lf0_prediction,2,1,0
r9y9_nnsvs.nnsvs.acoustic_models,__init__,ResF0TransformerEncoder,forward,15,1,3
r9y9_nnsvs.nnsvs.acoustic_models,__init__,ResF0TransformerEncoder,inference,2,1,2
r9y9_nnsvs.nnsvs.acoustic_models,__init__,,LSTMEncoder,3,1,0
r9y9_nnsvs.nnsvs.acoustic_models,multistream,MultistreamSeparateF0ParametricModel,__init__,22,2,19
r9y9_nnsvs.nnsvs.acoustic_models,multistream,MultistreamSeparateF0ParametricModel,has_residual_lf0_prediction,2,1,0
r9y9_nnsvs.nnsvs.acoustic_models,multistream,MultistreamSeparateF0ParametricModel,_set_lf0_params,6,2,0
r9y9_nnsvs.nnsvs.acoustic_models,multistream,MultistreamSeparateF0ParametricModel,is_autoregressive,7,2,0
r9y9_nnsvs.nnsvs.acoustic_models,multistream,MultistreamSeparateF0ParametricModel,forward,45,7,3
r9y9_nnsvs.nnsvs.acoustic_models,multistream,MultistreamSeparateF0ParametricModel,inference,4,1,2
r9y9_nnsvs.nnsvs.acoustic_models,multistream,NPSSMultistreamParametricModel,__init__,23,1,20
r9y9_nnsvs.nnsvs.acoustic_models,multistream,NPSSMultistreamParametricModel,_set_lf0_params,6,2,0
r9y9_nnsvs.nnsvs.acoustic_models,multistream,NPSSMultistreamParametricModel,prediction_type,2,1,0
r9y9_nnsvs.nnsvs.acoustic_models,multistream,NPSSMultistreamParametricModel,is_autoregressive,7,2,0
r9y9_nnsvs.nnsvs.acoustic_models,multistream,NPSSMultistreamParametricModel,has_residual_lf0_prediction,2,1,0
r9y9_nnsvs.nnsvs.acoustic_models,multistream,NPSSMultistreamParametricModel,forward,77,17,3
r9y9_nnsvs.nnsvs.acoustic_models,multistream,NPSSMultistreamParametricModel,inference,8,1,2
r9y9_nnsvs.nnsvs.acoustic_models,multistream,NPSSMDNMultistreamParametricModel,__init__,22,1,19
r9y9_nnsvs.nnsvs.acoustic_models,multistream,NPSSMDNMultistreamParametricModel,_set_lf0_params,6,2,0
r9y9_nnsvs.nnsvs.acoustic_models,multistream,NPSSMDNMultistreamParametricModel,prediction_type,2,1,0
r9y9_nnsvs.nnsvs.acoustic_models,multistream,NPSSMDNMultistreamParametricModel,is_autoregressive,7,2,0
r9y9_nnsvs.nnsvs.acoustic_models,multistream,NPSSMDNMultistreamParametricModel,has_residual_lf0_prediction,2,1,0
r9y9_nnsvs.nnsvs.acoustic_models,multistream,NPSSMDNMultistreamParametricModel,forward,92,20,3
r9y9_nnsvs.nnsvs.acoustic_models,multistream,NPSSMDNMultistreamParametricModel,inference,8,1,2
r9y9_nnsvs.nnsvs.acoustic_models,multistream,MultistreamSeparateF0MelModel,__init__,20,2,15
r9y9_nnsvs.nnsvs.acoustic_models,multistream,MultistreamSeparateF0MelModel,_set_lf0_params,6,2,0
r9y9_nnsvs.nnsvs.acoustic_models,multistream,MultistreamSeparateF0MelModel,is_autoregressive,6,2,0
r9y9_nnsvs.nnsvs.acoustic_models,multistream,MultistreamSeparateF0MelModel,has_residual_lf0_prediction,2,1,0
r9y9_nnsvs.nnsvs.acoustic_models,multistream,MultistreamSeparateF0MelModel,forward,52,6,3
r9y9_nnsvs.nnsvs.acoustic_models,multistream,MultistreamSeparateF0MelModel,inference,4,1,2
r9y9_nnsvs.nnsvs.acoustic_models,multistream,MDNMultistreamSeparateF0MelModel,__init__,19,1,16
r9y9_nnsvs.nnsvs.acoustic_models,multistream,MDNMultistreamSeparateF0MelModel,_set_lf0_params,6,2,0
r9y9_nnsvs.nnsvs.acoustic_models,multistream,MDNMultistreamSeparateF0MelModel,prediction_type,2,1,0
r9y9_nnsvs.nnsvs.acoustic_models,multistream,MDNMultistreamSeparateF0MelModel,is_autoregressive,6,2,0
r9y9_nnsvs.nnsvs.acoustic_models,multistream,MDNMultistreamSeparateF0MelModel,has_residual_lf0_prediction,2,1,0
r9y9_nnsvs.nnsvs.acoustic_models,multistream,MDNMultistreamSeparateF0MelModel,forward,66,13,3
r9y9_nnsvs.nnsvs.acoustic_models,multistream,MDNMultistreamSeparateF0MelModel,inference,8,1,2
r9y9_nnsvs.nnsvs.acoustic_models,sinsy,ResSkipF0FFConvLSTM,__init__,52,3,19
r9y9_nnsvs.nnsvs.acoustic_models,sinsy,ResSkipF0FFConvLSTM,prediction_type,6,1,0
r9y9_nnsvs.nnsvs.acoustic_models,sinsy,ResSkipF0FFConvLSTM,has_residual_lf0_prediction,2,1,0
r9y9_nnsvs.nnsvs.acoustic_models,sinsy,ResSkipF0FFConvLSTM,forward,34,4,3
r9y9_nnsvs.nnsvs.acoustic_models,sinsy,ResSkipF0FFConvLSTM,inference,8,1,2
r9y9_nnsvs.nnsvs.acoustic_models,tacotron,NonAttentiveDecoder,__init__,27,2,18
r9y9_nnsvs.nnsvs.acoustic_models,tacotron,NonAttentiveDecoder,forward,10,1,3
r9y9_nnsvs.nnsvs.acoustic_models,tacotron,NonAttentiveDecoder,inference,4,1,2
r9y9_nnsvs.nnsvs.acoustic_models,tacotron,BiLSTMNonAttentiveDecoder,__init__,73,3,25
r9y9_nnsvs.nnsvs.acoustic_models,tacotron,BiLSTMNonAttentiveDecoder,is_autoregressive,2,1,0
r9y9_nnsvs.nnsvs.acoustic_models,tacotron,BiLSTMNonAttentiveDecoder,forward,31,3,3
r9y9_nnsvs.nnsvs.acoustic_models,tacotron,BiLSTMNonAttentiveDecoder,inference,4,1,2
r9y9_nnsvs.nnsvs.acoustic_models,tacotron,BiLSTMMDNNonAttentiveDecoder,__init__,65,2,23
r9y9_nnsvs.nnsvs.acoustic_models,tacotron,BiLSTMMDNNonAttentiveDecoder,is_autoregressive,2,1,0
r9y9_nnsvs.nnsvs.acoustic_models,tacotron,BiLSTMMDNNonAttentiveDecoder,prediction_type,2,1,0
r9y9_nnsvs.nnsvs.acoustic_models,tacotron,BiLSTMMDNNonAttentiveDecoder,forward,24,3,3
r9y9_nnsvs.nnsvs.acoustic_models,tacotron,BiLSTMMDNNonAttentiveDecoder,inference,8,1,2
r9y9_nnsvs.nnsvs.acoustic_models,tacotron_f0,ResF0NonAttentiveDecoder,__init__,45,5,19
r9y9_nnsvs.nnsvs.acoustic_models,tacotron_f0,ResF0NonAttentiveDecoder,_zero_state,3,1,1
r9y9_nnsvs.nnsvs.acoustic_models,tacotron_f0,ResF0NonAttentiveDecoder,is_autoregressive,2,1,0
r9y9_nnsvs.nnsvs.acoustic_models,tacotron_f0,ResF0NonAttentiveDecoder,has_residual_lf0_prediction,2,1,0
r9y9_nnsvs.nnsvs.acoustic_models,tacotron_f0,ResF0NonAttentiveDecoder,forward,86,15,3
r9y9_nnsvs.nnsvs.acoustic_models,tacotron_f0,ResF0NonAttentiveDecoder,inference,4,1,2
r9y9_nnsvs.nnsvs.acoustic_models,tacotron_f0,MDNResF0NonAttentiveDecoder,__init__,53,5,21
r9y9_nnsvs.nnsvs.acoustic_models,tacotron_f0,MDNResF0NonAttentiveDecoder,_zero_state,3,1,1
r9y9_nnsvs.nnsvs.acoustic_models,tacotron_f0,MDNResF0NonAttentiveDecoder,prediction_type,2,1,0
r9y9_nnsvs.nnsvs.acoustic_models,tacotron_f0,MDNResF0NonAttentiveDecoder,is_autoregressive,2,1,0
r9y9_nnsvs.nnsvs.acoustic_models,tacotron_f0,MDNResF0NonAttentiveDecoder,has_residual_lf0_prediction,2,1,0
r9y9_nnsvs.nnsvs.acoustic_models,tacotron_f0,MDNResF0NonAttentiveDecoder,forward,122,17,3
r9y9_nnsvs.nnsvs.acoustic_models,tacotron_f0,MDNResF0NonAttentiveDecoder,inference,8,1,2
r9y9_nnsvs.nnsvs.acoustic_models,tacotron_f0,BiLSTMResF0NonAttentiveDecoder,__init__,79,3,29
r9y9_nnsvs.nnsvs.acoustic_models,tacotron_f0,BiLSTMResF0NonAttentiveDecoder,_set_lf0_params,6,2,0
r9y9_nnsvs.nnsvs.acoustic_models,tacotron_f0,BiLSTMResF0NonAttentiveDecoder,is_autoregressive,2,1,0
r9y9_nnsvs.nnsvs.acoustic_models,tacotron_f0,BiLSTMResF0NonAttentiveDecoder,prediction_type,6,1,0
r9y9_nnsvs.nnsvs.acoustic_models,tacotron_f0,BiLSTMResF0NonAttentiveDecoder,has_residual_lf0_prediction,2,1,0
r9y9_nnsvs.nnsvs.acoustic_models,tacotron_f0,BiLSTMResF0NonAttentiveDecoder,forward,28,3,3
r9y9_nnsvs.nnsvs.acoustic_models,tacotron_f0,BiLSTMResF0NonAttentiveDecoder,inference,8,1,2
r9y9_nnsvs.nnsvs.acoustic_models,util,,predict_lf0_with_residual,15,2,9
r9y9_nnsvs.nnsvs.acoustic_models,util,,pad_inference,67,27,7
r9y9_nnsvs.nnsvs.bin,anasyn,,anasyn,108,14,12
r9y9_nnsvs.nnsvs.bin,anasyn,,post_process,12,4,2
r9y9_nnsvs.nnsvs.bin,anasyn,,my_app,49,6,1
r9y9_nnsvs.nnsvs.bin,anasyn,,entry,2,1,0
r9y9_nnsvs.nnsvs.bin,fit_scaler,,my_app,30,7,1
r9y9_nnsvs.nnsvs.bin,fit_scaler,,entry,2,1,0
r9y9_nnsvs.nnsvs.bin,gen_static_features,,_gen_static_features,71,9,6
r9y9_nnsvs.nnsvs.bin,gen_static_features,,my_app,116,9,1
r9y9_nnsvs.nnsvs.bin,gen_static_features,,entry,2,1,0
r9y9_nnsvs.nnsvs.bin,generate,,my_app,71,5,1
r9y9_nnsvs.nnsvs.bin,generate,,entry,2,1,0
r9y9_nnsvs.nnsvs.bin,prepare_features,,_prepare_timelag_feature,7,1,5
r9y9_nnsvs.nnsvs.bin,prepare_features,,_prepare_duration_feature,7,1,5
r9y9_nnsvs.nnsvs.bin,prepare_features,,_prepare_acoustic_feature,14,2,6
r9y9_nnsvs.nnsvs.bin,prepare_features,,my_app,186,14,1
r9y9_nnsvs.nnsvs.bin,prepare_features,,entry,2,1,0
r9y9_nnsvs.nnsvs.bin,prepare_static_features,,_extract_static_features,22,2,8
r9y9_nnsvs.nnsvs.bin,prepare_static_features,,my_app,31,2,1
r9y9_nnsvs.nnsvs.bin,prepare_static_features,,entry,2,1,0
r9y9_nnsvs.nnsvs.bin,prepare_voc_features,,_prepare_voc_features,22,5,6
r9y9_nnsvs.nnsvs.bin,prepare_voc_features,,my_app,38,5,1
r9y9_nnsvs.nnsvs.bin,prepare_voc_features,,entry,2,1,0
r9y9_nnsvs.nnsvs.bin,preprocess_normalize,,get_paths_by_glob,2,1,2
r9y9_nnsvs.nnsvs.bin,preprocess_normalize,,_process_utterance,15,5,6
r9y9_nnsvs.nnsvs.bin,preprocess_normalize,,apply_normalization_dir2dir,21,3,6
r9y9_nnsvs.nnsvs.bin,preprocess_normalize,,my_app,15,1,1
r9y9_nnsvs.nnsvs.bin,preprocess_normalize,,entry,2,1,0
r9y9_nnsvs.nnsvs.bin,synthesis,,my_app,160,7,1
r9y9_nnsvs.nnsvs.bin,synthesis,,entry,2,1,0
r9y9_nnsvs.nnsvs.bin,train,,compute_distortions,12,2,4
r9y9_nnsvs.nnsvs.bin,train,,train_step,63,10,12
r9y9_nnsvs.nnsvs.bin,train,,train_loop,105,25,12
r9y9_nnsvs.nnsvs.bin,train,,my_app,66,5,1
r9y9_nnsvs.nnsvs.bin,train,,entry,2,1,0
r9y9_nnsvs.nnsvs.bin,train_acoustic,,train_step,210,55,16
r9y9_nnsvs.nnsvs.bin,train_acoustic,,train_loop,156,29,16
r9y9_nnsvs.nnsvs.bin,train_acoustic,,my_app,89,8,1
r9y9_nnsvs.nnsvs.bin,train_acoustic,,entry,2,1,0
r9y9_nnsvs.nnsvs.bin,train_postfilter,,train_step,175,29,19
r9y9_nnsvs.nnsvs.bin,train_postfilter,,train_loop,156,28,17
r9y9_nnsvs.nnsvs.bin,train_postfilter,,my_app,89,10,1
r9y9_nnsvs.nnsvs.bin,train_postfilter,,entry,2,1,0
r9y9_nnsvs.nnsvs.data,data_source,MusicalLinguisticSource,__init__,11,1,7
r9y9_nnsvs.nnsvs.data,data_source,MusicalLinguisticSource,collect_files,2,1,0
r9y9_nnsvs.nnsvs.data,data_source,MusicalLinguisticSource,collect_features,17,3,1
r9y9_nnsvs.nnsvs.data,data_source,TimeLagFeatureSource,__init__,4,1,3
r9y9_nnsvs.nnsvs.data,data_source,TimeLagFeatureSource,collect_files,4,1,0
r9y9_nnsvs.nnsvs.data,data_source,TimeLagFeatureSource,collect_features,8,1,2
r9y9_nnsvs.nnsvs.data,data_source,DurationFeatureSource,__init__,3,1,2
r9y9_nnsvs.nnsvs.data,data_source,DurationFeatureSource,collect_files,2,1,0
r9y9_nnsvs.nnsvs.data,data_source,DurationFeatureSource,collect_features,4,1,1
r9y9_nnsvs.nnsvs.data,data_source,WORLDAcousticSource,__init__,33,2,26
r9y9_nnsvs.nnsvs.data,data_source,WORLDAcousticSource,collect_files,4,1,0
r9y9_nnsvs.nnsvs.data,data_source,WORLDAcousticSource,collect_features,268,47,2
r9y9_nnsvs.nnsvs.data,data_source,MelF0AcousticSource,__init__,29,2,23
r9y9_nnsvs.nnsvs.data,data_source,MelF0AcousticSource,collect_files,4,1,0
r9y9_nnsvs.nnsvs.data,data_source,MelF0AcousticSource,collect_features,156,22,2
r9y9_nnsvs.nnsvs.data,data_source,,_collect_files,7,1,3
r9y9_nnsvs.nnsvs.data,data_source,,_midi_to_hz,7,2,3
r9y9_nnsvs.nnsvs.data,data_source,,low_cut_filter,8,1,3
r9y9_nnsvs.nnsvs.diffsinger,denoiser,Mish,forward,2,1,1
r9y9_nnsvs.nnsvs.diffsinger,denoiser,SinusoidalPosEmb,__init__,3,1,1
r9y9_nnsvs.nnsvs.diffsinger,denoiser,SinusoidalPosEmb,forward,8,1,1
r9y9_nnsvs.nnsvs.diffsinger,denoiser,ResidualBlock,__init__,12,1,3
r9y9_nnsvs.nnsvs.diffsinger,denoiser,ResidualBlock,forward,10,1,3
r9y9_nnsvs.nnsvs.diffsinger,denoiser,DiffNet,__init__,22,1,5
r9y9_nnsvs.nnsvs.diffsinger,denoiser,DiffNet,forward,18,2,3
r9y9_nnsvs.nnsvs.diffsinger,denoiser,,Conv1d,4,1,0
r9y9_nnsvs.nnsvs.diffsinger,denoiser,,silu,2,1,1
r9y9_nnsvs.nnsvs.diffsinger,diffusion,GaussianDiffusion,__init__,66,7,10
r9y9_nnsvs.nnsvs.diffsinger,diffusion,GaussianDiffusion,_norm,2,1,2
r9y9_nnsvs.nnsvs.diffsinger,diffusion,GaussianDiffusion,_denorm,2,1,2
r9y9_nnsvs.nnsvs.diffsinger,diffusion,GaussianDiffusion,prediction_type,2,1,0
r9y9_nnsvs.nnsvs.diffsinger,diffusion,GaussianDiffusion,q_mean_variance,5,1,2
r9y9_nnsvs.nnsvs.diffsinger,diffusion,GaussianDiffusion,predict_start_from_noise,5,1,3
r9y9_nnsvs.nnsvs.diffsinger,diffusion,GaussianDiffusion,q_posterior,10,1,3
r9y9_nnsvs.nnsvs.diffsinger,diffusion,GaussianDiffusion,p_mean_variance,9,2,4
r9y9_nnsvs.nnsvs.diffsinger,diffusion,GaussianDiffusion,p_sample,8,1,6
r9y9_nnsvs.nnsvs.diffsinger,diffusion,GaussianDiffusion,p_sample_plms,46,4,4
r9y9_nnsvs.nnsvs.diffsinger,diffusion,GaussianDiffusion,q_sample,7,2,3
r9y9_nnsvs.nnsvs.diffsinger,diffusion,GaussianDiffusion,forward,16,2,3
r9y9_nnsvs.nnsvs.diffsinger,diffusion,GaussianDiffusion,inference,30,5,2
r9y9_nnsvs.nnsvs.diffsinger,diffusion,,extract,4,1,3
r9y9_nnsvs.nnsvs.diffsinger,diffusion,,noise_like,9,1,4
r9y9_nnsvs.nnsvs.diffsinger,diffusion,,linear_beta_schedule,5,1,3
r9y9_nnsvs.nnsvs.diffsinger,diffusion,,cosine_beta_schedule,9,1,2
r9y9_nnsvs.nnsvs.diffsinger,fs2,PositionalEncoding,__init__,8,1,4
r9y9_nnsvs.nnsvs.diffsinger,fs2,PositionalEncoding,extend_pe,21,6,1
r9y9_nnsvs.nnsvs.diffsinger,fs2,PositionalEncoding,forward,5,1,1
r9y9_nnsvs.nnsvs.diffsinger,fs2,RelPositionalEncoding,__init__,2,1,3
r9y9_nnsvs.nnsvs.diffsinger,fs2,RelPositionalEncoding,forward,6,1,1
r9y9_nnsvs.nnsvs.diffsinger,fs2,MultiheadAttention,__init__,42,7,10
r9y9_nnsvs.nnsvs.diffsinger,fs2,MultiheadAttention,reset_parameters,15,5,0
r9y9_nnsvs.nnsvs.diffsinger,fs2,MultiheadAttention,forward,196,28,12
r9y9_nnsvs.nnsvs.diffsinger,fs2,MultiheadAttention,in_proj_qkv,2,1,1
r9y9_nnsvs.nnsvs.diffsinger,fs2,MultiheadAttention,in_proj_q,8,2,1
r9y9_nnsvs.nnsvs.diffsinger,fs2,MultiheadAttention,in_proj_k,9,2,1
r9y9_nnsvs.nnsvs.diffsinger,fs2,MultiheadAttention,in_proj_v,9,2,1
r9y9_nnsvs.nnsvs.diffsinger,fs2,MultiheadAttention,_in_proj,7,2,3
r9y9_nnsvs.nnsvs.diffsinger,fs2,MultiheadAttention,apply_sparse_mask,2,1,4
r9y9_nnsvs.nnsvs.diffsinger,fs2,BatchNorm1dTBC,__init__,3,1,1
r9y9_nnsvs.nnsvs.diffsinger,fs2,BatchNorm1dTBC,forward,8,1,1
r9y9_nnsvs.nnsvs.diffsinger,fs2,Swish,forward,4,1,2
r9y9_nnsvs.nnsvs.diffsinger,fs2,Swish,backward,4,1,2
r9y9_nnsvs.nnsvs.diffsinger,fs2,CustomSwish,forward,2,1,1
r9y9_nnsvs.nnsvs.diffsinger,fs2,TransformerFFNLayer,__init__,17,4,6
r9y9_nnsvs.nnsvs.diffsinger,fs2,TransformerFFNLayer,forward,16,6,2
r9y9_nnsvs.nnsvs.diffsinger,fs2,EncSALayer,__init__,29,6,9
r9y9_nnsvs.nnsvs.diffsinger,fs2,EncSALayer,forward,21,3,2
r9y9_nnsvs.nnsvs.diffsinger,fs2,TransformerEncoderLayer,__init__,16,1,7
r9y9_nnsvs.nnsvs.diffsinger,fs2,TransformerEncoderLayer,forward,2,1,1
r9y9_nnsvs.nnsvs.diffsinger,fs2,FFTBlocks,__init__,32,5,9
r9y9_nnsvs.nnsvs.diffsinger,fs2,FFTBlocks,forward,22,5,3
r9y9_nnsvs.nnsvs.diffsinger,fs2,FFTBlocksEncoder,__init__,40,4,16
r9y9_nnsvs.nnsvs.diffsinger,fs2,FFTBlocksEncoder,forward,25,4,3
r9y9_nnsvs.nnsvs.diffsinger,fs2,,softmax,2,1,2
r9y9_nnsvs.nnsvs.diffsinger,fs2,,LayerNorm,2,1,3
r9y9_nnsvs.nnsvs.diffsinger,fs2,,Linear,6,2,3
r9y9_nnsvs.nnsvs.diffsinger,pe,ConvNorm,__init__,17,2,8
r9y9_nnsvs.nnsvs.diffsinger,pe,ConvNorm,forward,3,1,1
r9y9_nnsvs.nnsvs.diffsinger,pe,SinusoidalPositionalEmbedding,__init__,10,1,3
r9y9_nnsvs.nnsvs.diffsinger,pe,SinusoidalPositionalEmbedding,get_embedding,17,3,3
r9y9_nnsvs.nnsvs.diffsinger,pe,SinusoidalPositionalEmbedding,forward,23,3,4
r9y9_nnsvs.nnsvs.diffsinger,pe,SinusoidalPositionalEmbedding,max_positions,2,1,0
r9y9_nnsvs.nnsvs.diffsinger,pe,FSLayerNorm,__init__,3,1,2
r9y9_nnsvs.nnsvs.diffsinger,pe,FSLayerNorm,forward,5,1,1
r9y9_nnsvs.nnsvs.diffsinger,pe,PitchPredictor,__init__,27,2,7
r9y9_nnsvs.nnsvs.diffsinger,pe,PitchPredictor,forward,11,2,1
r9y9_nnsvs.nnsvs.diffsinger,pe,Prenet,__init__,22,2,5
r9y9_nnsvs.nnsvs.diffsinger,pe,Prenet,forward,17,2,1
r9y9_nnsvs.nnsvs.diffsinger,pe,ConvBlock,__init__,16,6,6
r9y9_nnsvs.nnsvs.diffsinger,pe,ConvBlock,forward,15,4,1
r9y9_nnsvs.nnsvs.diffsinger,pe,ConvStacks,__init__,22,3,9
r9y9_nnsvs.nnsvs.diffsinger,pe,ConvStacks,forward,17,2,2
r9y9_nnsvs.nnsvs.diffsinger,pe,PitchExtractor,__init__,27,2,8
r9y9_nnsvs.nnsvs.diffsinger,pe,PitchExtractor,forward,10,2,1
r9y9_nnsvs.nnsvs.diffsinger,pe,PitchExtractorWrapper,__init__,3,1,0
r9y9_nnsvs.nnsvs.diffsinger,pe,PitchExtractorWrapper,forward,2,1,3
r9y9_nnsvs.nnsvs.diffsinger,pe,,denorm_f0,15,8,9
r9y9_nnsvs.nnsvs.diffsinger,pe,,LayerNorm,9,3,4
r9y9_nnsvs.nnsvs.diffsinger,pe,,Linear,6,2,3
r9y9_nnsvs.nnsvs.diffsinger,pe,,make_positions,4,1,2
r9y9_nnsvs.nnsvs.frontend,ja,,num_vocab,2,1,0
r9y9_nnsvs.nnsvs.frontend,ja,,text_to_sequence,2,1,1
r9y9_nnsvs.nnsvs.frontend,ja,,sequence_to_text,2,1,1
r9y9_nnsvs.nnsvs.frontend,zh,,num_vocab,2,1,0
r9y9_nnsvs.nnsvs.frontend,zh,,text_to_sequence,2,1,1
r9y9_nnsvs.nnsvs.frontend,zh,,sequence_to_text,2,1,1
r9y9_nnsvs.nnsvs.io,hts,,full_to_mono,8,1,1
r9y9_nnsvs.nnsvs.io,hts,,get_note_frame_indices,6,1,3
r9y9_nnsvs.nnsvs.io,hts,,get_pitch_index,10,3,2
r9y9_nnsvs.nnsvs.io,hts,,get_pitch_indices,17,3,2
r9y9_nnsvs.nnsvs.io,hts,,get_note_indices,11,3,1
r9y9_nnsvs.nnsvs.io,hts,,merge_sil,14,6,1
r9y9_nnsvs.nnsvs.io,hts,,_is_br,7,2,1
r9y9_nnsvs.nnsvs.io,hts,,_is_silence,7,4,1
r9y9_nnsvs.nnsvs.io,hts,,compute_nosil_duration,14,7,2
r9y9_nnsvs.nnsvs.io,hts,,segment_labels,73,21,5
r9y9_nnsvs.nnsvs.io,hts,,_label2phrases_neutrino,38,14,1
r9y9_nnsvs.nnsvs.io,hts,,fix_label_offset_to_zero,7,2,1
r9y9_nnsvs.nnsvs.io,hts,,_label2phoneme_for_phrases,13,6,4
r9y9_nnsvs.nnsvs.io,hts,,label2phrases_str,11,3,2
r9y9_nnsvs.nnsvs.io,hts,,label2phrases,6,2,2
r9y9_nnsvs.nnsvs.io,hts,,overwrite_phoneme_flags_,14,4,2
r9y9_nnsvs.nnsvs.layers,conv,ResnetBlock,__init__,10,1,2
r9y9_nnsvs.nnsvs.layers,conv,ResnetBlock,forward,2,1,1
r9y9_nnsvs.nnsvs.layers,conv,,WNConv1d,2,1,0
r9y9_nnsvs.nnsvs.layers,layer_norm,LayerNorm,__init__,3,1,2
r9y9_nnsvs.nnsvs.layers,layer_norm,LayerNorm,forward,9,1,1
r9y9_nnsvs.nnsvs.pretrained,__init__,_TqdmUpTo,update_to,4,2,3
r9y9_nnsvs.nnsvs.pretrained,__init__,,create_svs_engine,15,3,1
r9y9_nnsvs.nnsvs.pretrained,__init__,,get_available_model_ids,3,1,0
r9y9_nnsvs.nnsvs.pretrained,__init__,,is_pretrained_model_ready,5,2,1
r9y9_nnsvs.nnsvs.pretrained,__init__,,retrieve_pretrained_model,36,6,1
r9y9_nnsvs.nnsvs.tacotron,decoder,ZoneOutCell,__init__,5,1,2
r9y9_nnsvs.nnsvs.tacotron,decoder,ZoneOutCell,forward,4,1,2
r9y9_nnsvs.nnsvs.tacotron,decoder,ZoneOutCell,_zoneout,6,1,3
r9y9_nnsvs.nnsvs.tacotron,decoder,ZoneOutCell,_apply_zoneout,9,2,3
r9y9_nnsvs.nnsvs.tacotron,decoder,Prenet,__init__,11,2,5
r9y9_nnsvs.nnsvs.tacotron,decoder,Prenet,forward,8,3,1
r9y9_nnsvs.nnsvs.tacotron,decoder,NonAttentiveDecoder,__init__,40,5,14
r9y9_nnsvs.nnsvs.tacotron,decoder,NonAttentiveDecoder,_zero_state,3,1,1
r9y9_nnsvs.nnsvs.tacotron,decoder,NonAttentiveDecoder,is_autoregressive,2,1,0
r9y9_nnsvs.nnsvs.tacotron,decoder,NonAttentiveDecoder,forward,65,16,3
r9y9_nnsvs.nnsvs.tacotron,decoder,MDNNonAttentiveDecoder,__init__,48,5,16
r9y9_nnsvs.nnsvs.tacotron,decoder,MDNNonAttentiveDecoder,_zero_state,3,1,1
r9y9_nnsvs.nnsvs.tacotron,decoder,MDNNonAttentiveDecoder,is_autoregressive,2,1,0
r9y9_nnsvs.nnsvs.tacotron,decoder,MDNNonAttentiveDecoder,prediction_type,2,1,0
r9y9_nnsvs.nnsvs.tacotron,decoder,MDNNonAttentiveDecoder,forward,103,17,3
r9y9_nnsvs.nnsvs.tacotron,decoder,,decoder_init,3,2,1
r9y9_nnsvs.nnsvs.tacotron,encoder,Encoder,__init__,22,2,6
r9y9_nnsvs.nnsvs.tacotron,encoder,Encoder,forward,9,2,2
r9y9_nnsvs.nnsvs.tacotron,encoder,,encoder_init,3,2,1
r9y9_nnsvs.nnsvs.tacotron,postnet,Postnet,__init__,21,3,5
r9y9_nnsvs.nnsvs.tacotron,postnet,Postnet,forward,3,1,1
r9y9_nnsvs.nnsvs.transformer,attentions,MultiHeadAttention,__init__,37,3,9
r9y9_nnsvs.nnsvs.transformer,attentions,MultiHeadAttention,forward,7,1,3
r9y9_nnsvs.nnsvs.transformer,attentions,MultiHeadAttention,attention,48,6,4
r9y9_nnsvs.nnsvs.transformer,attentions,MultiHeadAttention,_matmul_with_relative_values,5,1,2
r9y9_nnsvs.nnsvs.transformer,attentions,MultiHeadAttention,_matmul_with_relative_keys,5,1,2
r9y9_nnsvs.nnsvs.transformer,attentions,MultiHeadAttention,_get_relative_embeddings,15,2,2
r9y9_nnsvs.nnsvs.transformer,attentions,MultiHeadAttention,_relative_position_to_absolute_position,11,1,1
r9y9_nnsvs.nnsvs.transformer,attentions,MultiHeadAttention,_absolute_position_to_relative_position,9,1,1
r9y9_nnsvs.nnsvs.transformer,attentions,MultiHeadAttention,_attention_bias_proximal,5,1,1
r9y9_nnsvs.nnsvs.transformer,attentions,,convert_pad_shape,4,1,1
r9y9_nnsvs.nnsvs.transformer,attentions,,sequence_mask,5,2,2
r9y9_nnsvs.nnsvs.transformer,encoder,LayerNorm,__init__,6,1,2
r9y9_nnsvs.nnsvs.transformer,encoder,LayerNorm,forward,4,1,1
r9y9_nnsvs.nnsvs.transformer,encoder,FFN,__init__,16,2,7
r9y9_nnsvs.nnsvs.transformer,encoder,FFN,forward,9,2,2
r9y9_nnsvs.nnsvs.transformer,encoder,FFN,_causal_padding,8,1,1
r9y9_nnsvs.nnsvs.transformer,encoder,FFN,_same_padding,8,1,1
r9y9_nnsvs.nnsvs.transformer,encoder,Encoder,__init__,35,2,7
r9y9_nnsvs.nnsvs.transformer,encoder,Encoder,forward,13,2,2
r9y9_nnsvs.nnsvs.usfgan,__init__,USFGANWrapper,__init__,4,1,2
r9y9_nnsvs.nnsvs.usfgan,__init__,USFGANWrapper,inference,43,3,2
r9y9_nnsvs.nnsvs.usfgan.layers,cheaptrick,AdaptiveWindowing,__init__,21,2,5
r9y9_nnsvs.nnsvs.usfgan.layers,cheaptrick,AdaptiveWindowing,forward,8,1,3
r9y9_nnsvs.nnsvs.usfgan.layers,cheaptrick,AdaptiveLiftering,__init__,28,2,5
r9y9_nnsvs.nnsvs.usfgan.layers,cheaptrick,AdaptiveLiftering,forward,12,2,3
r9y9_nnsvs.nnsvs.usfgan.layers,cheaptrick,CheapTrick,__init__,22,1,7
r9y9_nnsvs.nnsvs.usfgan.layers,cheaptrick,CheapTrick,forward,11,1,4
r9y9_nnsvs.nnsvs.usfgan.layers,residual_block,Conv1d,__init__,2,1,0
r9y9_nnsvs.nnsvs.usfgan.layers,residual_block,Conv1d,reset_parameters,4,2,0
r9y9_nnsvs.nnsvs.usfgan.layers,residual_block,Conv1d1x1,__init__,4,1,3
r9y9_nnsvs.nnsvs.usfgan.layers,residual_block,Conv2d,__init__,2,1,0
r9y9_nnsvs.nnsvs.usfgan.layers,residual_block,Conv2d,reset_parameters,4,2,0
r9y9_nnsvs.nnsvs.usfgan.layers,residual_block,Conv2d1x1,__init__,4,1,3
r9y9_nnsvs.nnsvs.usfgan.layers,residual_block,FixedBlock,__init__,21,2,7
r9y9_nnsvs.nnsvs.usfgan.layers,residual_block,FixedBlock,forward,16,2,2
r9y9_nnsvs.nnsvs.usfgan.layers,residual_block,AdaptiveBlock,__init__,14,2,5
r9y9_nnsvs.nnsvs.usfgan.layers,residual_block,AdaptiveBlock,forward,16,2,4
r9y9_nnsvs.nnsvs.usfgan.layers,residual_block,ResidualBlocks,__init__,39,5,9
r9y9_nnsvs.nnsvs.usfgan.layers,residual_block,ResidualBlocks,forward,16,3,5
r9y9_nnsvs.nnsvs.usfgan.layers,residual_block,PeriodicityEstimator,__init__,27,3,6
r9y9_nnsvs.nnsvs.usfgan.layers,residual_block,PeriodicityEstimator,forward,4,1,1
r9y9_nnsvs.nnsvs.usfgan.layers,upsample,Stretch2d,__init__,7,1,3
r9y9_nnsvs.nnsvs.usfgan.layers,upsample,Stretch2d,forward,6,1,1
r9y9_nnsvs.nnsvs.usfgan.layers,upsample,Conv2d,__init__,2,1,0
r9y9_nnsvs.nnsvs.usfgan.layers,upsample,Conv2d,reset_parameters,4,2,0
r9y9_nnsvs.nnsvs.usfgan.layers,upsample,UpsampleNetwork,__init__,30,4,6
r9y9_nnsvs.nnsvs.usfgan.layers,upsample,UpsampleNetwork,forward,10,4,1
r9y9_nnsvs.nnsvs.usfgan.layers,upsample,ConvInUpsampleNetwork,__init__,20,2,8
r9y9_nnsvs.nnsvs.usfgan.layers,upsample,ConvInUpsampleNetwork,forward,6,1,1
r9y9_nnsvs.nnsvs.usfgan.models,discriminator,PWGDiscriminator,__init__,40,4,10
r9y9_nnsvs.nnsvs.usfgan.models,discriminator,PWGDiscriminator,forward,12,3,2
r9y9_nnsvs.nnsvs.usfgan.models,discriminator,PWGDiscriminator,apply_weight_norm,6,3,0
r9y9_nnsvs.nnsvs.usfgan.models,discriminator,PWGDiscriminator,remove_weight_norm,8,2,0
r9y9_nnsvs.nnsvs.usfgan.models,discriminator,HiFiGANPeriodDiscriminator,__init__,40,6,12
r9y9_nnsvs.nnsvs.usfgan.models,discriminator,HiFiGANPeriodDiscriminator,forward,20,4,2
r9y9_nnsvs.nnsvs.usfgan.models,discriminator,HiFiGANPeriodDiscriminator,apply_weight_norm,6,2,0
r9y9_nnsvs.nnsvs.usfgan.models,discriminator,HiFiGANPeriodDiscriminator,apply_spectral_norm,6,2,0
r9y9_nnsvs.nnsvs.usfgan.models,discriminator,HiFiGANMultiPeriodDiscriminator,__init__,9,2,2
r9y9_nnsvs.nnsvs.usfgan.models,discriminator,HiFiGANMultiPeriodDiscriminator,forward,15,3,2
r9y9_nnsvs.nnsvs.usfgan.models,discriminator,HiFiGANScaleDiscriminator,__init__,72,7,12
r9y9_nnsvs.nnsvs.usfgan.models,discriminator,HiFiGANScaleDiscriminator,forward,13,3,2
r9y9_nnsvs.nnsvs.usfgan.models,discriminator,HiFiGANScaleDiscriminator,apply_weight_norm,6,2,0
r9y9_nnsvs.nnsvs.usfgan.models,discriminator,HiFiGANScaleDiscriminator,apply_spectral_norm,6,2,0
r9y9_nnsvs.nnsvs.usfgan.models,discriminator,HiFiGANMultiScaleDiscriminator,__init__,16,4,5
r9y9_nnsvs.nnsvs.usfgan.models,discriminator,HiFiGANMultiScaleDiscriminator,forward,16,3,2
r9y9_nnsvs.nnsvs.usfgan.models,discriminator,HiFiGANMultiScaleMultiPeriodDiscriminator,__init__,15,1,7
r9y9_nnsvs.nnsvs.usfgan.models,discriminator,HiFiGANMultiScaleMultiPeriodDiscriminator,forward,14,1,2
r9y9_nnsvs.nnsvs.usfgan.models,discriminator,UnivNetSpectralDiscriminator,__init__,58,3,11
r9y9_nnsvs.nnsvs.usfgan.models,discriminator,UnivNetSpectralDiscriminator,forward,22,3,2
r9y9_nnsvs.nnsvs.usfgan.models,discriminator,UnivNetSpectralDiscriminator,apply_weight_norm,6,2,0
r9y9_nnsvs.nnsvs.usfgan.models,discriminator,UnivNetMultiResolutionSpectralDiscriminator,__init__,17,2,5
r9y9_nnsvs.nnsvs.usfgan.models,discriminator,UnivNetMultiResolutionSpectralDiscriminator,forward,15,3,2
r9y9_nnsvs.nnsvs.usfgan.models,discriminator,UnivNetMultiResolutionMultiPeriodDiscriminator,__init__,15,1,7
r9y9_nnsvs.nnsvs.usfgan.models,discriminator,UnivNetMultiResolutionMultiPeriodDiscriminator,forward,14,1,2
r9y9_nnsvs.nnsvs.usfgan.models,generator,USFGANGenerator,__init__,37,3,11
r9y9_nnsvs.nnsvs.usfgan.models,generator,USFGANGenerator,forward,13,1,3
r9y9_nnsvs.nnsvs.usfgan.models,generator,USFGANGenerator,remove_weight_norm,8,2,0
r9y9_nnsvs.nnsvs.usfgan.models,generator,USFGANGenerator,apply_weight_norm,6,3,0
r9y9_nnsvs.nnsvs.usfgan.models,generator,CascadeHnUSFGANGenerator,__init__,43,3,13
r9y9_nnsvs.nnsvs.usfgan.models,generator,CascadeHnUSFGANGenerator,forward,23,1,3
r9y9_nnsvs.nnsvs.usfgan.models,generator,CascadeHnUSFGANGenerator,remove_weight_norm,8,2,0
r9y9_nnsvs.nnsvs.usfgan.models,generator,CascadeHnUSFGANGenerator,apply_weight_norm,6,3,0
r9y9_nnsvs.nnsvs.usfgan.models,generator,ParallelHnUSFGANGenerator,__init__,42,3,13
r9y9_nnsvs.nnsvs.usfgan.models,generator,ParallelHnUSFGANGenerator,forward,22,1,3
r9y9_nnsvs.nnsvs.usfgan.models,generator,ParallelHnUSFGANGenerator,remove_weight_norm,8,2,0
r9y9_nnsvs.nnsvs.usfgan.models,generator,ParallelHnUSFGANGenerator,apply_weight_norm,6,3,0
r9y9_nnsvs.nnsvs.usfgan.utils,features,SignalGenerator,__init__,8,1,5
r9y9_nnsvs.nnsvs.usfgan.utils,features,SignalGenerator,__call__,13,6,1
r9y9_nnsvs.nnsvs.usfgan.utils,features,SignalGenerator,random_noise,6,1,1
r9y9_nnsvs.nnsvs.usfgan.utils,features,SignalGenerator,sinusoid,12,2,1
r9y9_nnsvs.nnsvs.usfgan.utils,features,SignalGenerator,vuv_binary,6,1,1
r9y9_nnsvs.nnsvs.usfgan.utils,features,,validate_length,19,6,3
r9y9_nnsvs.nnsvs.usfgan.utils,features,,dilated_factor,9,1,3
r9y9_nnsvs.nnsvs.usfgan.utils,filters,,low_cut_filter,9,1,3
r9y9_nnsvs.nnsvs.usfgan.utils,filters,,low_pass_filter,11,1,3
r9y9_nnsvs.nnsvs.usfgan.utils,index,,pd_indexing,24,3,5
r9y9_nnsvs.nnsvs.usfgan.utils,index,,index_initial,17,5,3
r9y9_nnsvs.nnsvs.usfgan.utils,utils,,find_files,10,4,3
r9y9_nnsvs.nnsvs.usfgan.utils,utils,,read_hdf5,13,3,2
r9y9_nnsvs.nnsvs.usfgan.utils,utils,,write_hdf5,27,6,4
r9y9_nnsvs.nnsvs.usfgan.utils,utils,,check_hdf5,11,1,2
r9y9_nnsvs.nnsvs.usfgan.utils,utils,,read_txt,6,1,1
r9y9_nnsvs.nnsvs.usfgan.utils,utils,,check_filename,8,0,2
r9y9_nnsvs.nnsvs.wavenet,__init__,,receptive_field_size,6,1,4
r9y9_nnsvs.nnsvs.wavenet,conv,Conv1d,__init__,8,2,0
r9y9_nnsvs.nnsvs.wavenet,conv,Conv1d,incremental_forward,27,6,1
r9y9_nnsvs.nnsvs.wavenet,conv,Conv1d,clear_buffer,2,1,0
r9y9_nnsvs.nnsvs.wavenet,conv,Conv1d,_get_linearized_weight,9,2,0
r9y9_nnsvs.nnsvs.wavenet,conv,Conv1d,_clear_linearized_weight,2,1,0
r9y9_nnsvs.nnsvs.wavenet,modules,ResSkipBlock,__init__,16,1,6
r9y9_nnsvs.nnsvs.wavenet,modules,ResSkipBlock,forward,3,1,2
r9y9_nnsvs.nnsvs.wavenet,modules,ResSkipBlock,incremental_forward,3,1,2
r9y9_nnsvs.nnsvs.wavenet,modules,ResSkipBlock,_forward,19,2,3
r9y9_nnsvs.nnsvs.wavenet,modules,ResSkipBlock,_conv1x1_forward,6,2,3
r9y9_nnsvs.nnsvs.wavenet,modules,ResSkipBlock,clear_buffer,9,3,0
r9y9_nnsvs.nnsvs.wavenet,modules,,Conv1d,3,1,3
r9y9_nnsvs.nnsvs.wavenet,modules,,Conv1d1x1,2,1,3
r9y9_nnsvs.nnsvs.wavenet,wavenet,WaveNet,__init__,26,2,8
r9y9_nnsvs.nnsvs.wavenet,wavenet,WaveNet,forward,14,3,3
r9y9_nnsvs.nnsvs.wavenet,wavenet,WaveNet,inference,39,7,3
r9y9_nnsvs.nnsvs.wavenet,wavenet,WaveNet,clear_buffer,9,4,0
r9y9_nnsvs.nnsvs.wavenet,wavenet,WaveNet,remove_weight_norm_,7,2,0
r9y9_nnsvs.recipes._common,clean_checkpoint_state,,get_parser,8,1,0
r9y9_nnsvs.recipes._common,scaler_joblib2npy,,get_parser,5,1,0
r9y9_nnsvs.recipes._common,scaler_joblib2npy_voc,,get_parser,23,1,0
r9y9_nnsvs.recipes._common.db.jsut-song,data_prep,,_is_silence,7,4,1
r9y9_nnsvs.recipes._common.db.jsut-song,data_prep,,remove_sil_and_pau,6,4,1
r9y9_nnsvs.recipes._common.db.jsut-song,data_prep,,get_parser,10,1,0
r9y9_nnsvs.recipes._common.db.nit-song070,data_prep,,_is_silence,7,4,1
r9y9_nnsvs.recipes._common.db.nit-song070,data_prep,,remove_sil_and_pau,6,4,1
r9y9_nnsvs.recipes._common.db.nit-song070,data_prep,,get_parser,9,1,0
r9y9_nnsvs.recipes._common.db.pjs,data_prep,,_is_silence,7,4,1
r9y9_nnsvs.recipes._common.db.pjs,data_prep,,remove_sil_and_pau,6,4,1
r9y9_nnsvs.recipes._common.db.pjs,data_prep,,get_parser,9,1,0
r9y9_nnsvs.recipes._common.no2.utils,align_lab,,check_fastdtw_correctness,15,3,0
r9y9_nnsvs.recipes._common.no2.utils,finalize_lab,,sanity_check_lab,3,2,1
r9y9_nnsvs.recipes._common.no2.utils,finalize_lab,,remove_sil_and_pau,6,4,1
r9y9_nnsvs.recipes._common.no2.utils,util,,merge_sil,14,6,1
r9y9_nnsvs.recipes._common.no2.utils,util,,_is_silence,7,4,1
r9y9_nnsvs.recipes._common.no2.utils,util,,trim_long_sil_and_pau,19,7,3
r9y9_nnsvs.recipes._common.no2.utils,util,,compute_nosil_duration,14,7,2
r9y9_nnsvs.recipes._common.no2.utils,util,,segment_labels,64,16,5
r9y9_nnsvs.recipes._common.no2.utils,util,,prep_ph2num,23,8,1
r9y9_nnsvs.recipes._common.no2.utils,util,,ph2numeric,2,1,2
r9y9_nnsvs.recipes._common.no2.utils,util,,fix_offset,5,1,1
r9y9_nnsvs.recipes._common.no2.utils,util,,trim_sil_and_pau,11,5,2
r9y9_nnsvs.recipes._common.no2.utils,util,,get_note_indices,10,3,1
r9y9_nnsvs.recipes._common.no2.utils,util,,fix_mono_lab_before_align,2,1,2
r9y9_nnsvs.recipes._common.no2.utils,util,,fix_mono_lab_after_align,5,1,2
r9y9_nnsvs.recipes._common.no2.utils,util,,_fix_mono_lab_after_align_natsume_singing,41,9,1
r9y9_nnsvs.recipes._common.no2.utils,util,,_fix_mono_lab_after_align_default,26,7,1
r9y9_nnsvs.recipes._common.spsvs,clean_checkpoint_state,,get_parser,8,1,0
r9y9_nnsvs.recipes._common.spsvs,extract_static_scaler,,get_parser,9,1,0
r9y9_nnsvs.recipes._common.spsvs,scaler_joblib2npy,,get_parser,5,1,0
r9y9_nnsvs.recipes._common.spsvs,scaler_joblib2npy_voc,,get_parser,23,1,0
r9y9_nnsvs.recipes.pjs.dev-48k-world.local,data_prep,,_is_silence,7,4,1
r9y9_nnsvs.recipes.pjs.dev-48k-world.local,data_prep,,remove_sil_and_pau,6,4,1
r9y9_nnsvs.recipes.pjs.dev-48k-world.local,data_prep,,get_parser,9,1,0
r9y9_nnsvs.tests,test_acoustic_models,,test_deprecated_imports,2,1,0
r9y9_nnsvs.tests,test_acoustic_models,,test_resf0_conv1d_resnet,26,1,1
r9y9_nnsvs.tests,test_acoustic_models,,test_reskipf0_ff_conv_lstm,27,1,1
r9y9_nnsvs.tests,test_acoustic_models,,test_resf0_variance_predictor,25,1,1
r9y9_nnsvs.tests,test_acoustic_models,,test_hybrid_multistream_mel_model_vuv_pred_from_mel,45,3,5
r9y9_nnsvs.tests,test_acoustic_models,,test_multistream_mel_model,39,1,1
r9y9_nnsvs.tests,test_acoustic_models,,test_npss_mdn_multistream_parametric_model,62,5,6
r9y9_nnsvs.tests,test_acoustic_models,,test_nonmdn_npss_multistream_parametric_model,57,5,4
r9y9_nnsvs.tests,test_acoustic_models,,test_bilstm_mdn_tacotron_decoder,22,1,3
r9y9_nnsvs.tests,test_acoustic_models,,test_ff_conv_lstm,21,2,1
r9y9_nnsvs.tests,test_acoustic_models,,test_resf0_tacotron_decoder_mdn,25,1,3
r9y9_nnsvs.tests,test_acoustic_models,,test_tacotron_decoder_mdn,20,1,4
r9y9_nnsvs.tests,test_acoustic_models,,test_transformer_encoder,18,1,3
r9y9_nnsvs.tests,test_acoustic_models,,test_tacotron_decoder,18,1,3
r9y9_nnsvs.tests,test_acoustic_models,,test_bilstm_tacotron_decoder,21,1,3
r9y9_nnsvs.tests,test_acoustic_models,,test_resf0_tacotron_decoder,24,1,3
r9y9_nnsvs.tests,test_acoustic_models,,test_bilstm_resf0_tacotron_decoder,32,2,4
r9y9_nnsvs.tests,test_acoustic_models,,test_resf0_transformer_encoder,24,1,2
r9y9_nnsvs.tests,test_acoustic_models,,test_lstm_encoder,13,1,0
r9y9_nnsvs.tests,test_acoustic_models,,test_nonar_multistream_parametric_model,40,1,1
r9y9_nnsvs.tests,test_acoustic_models,,test_ar_multistream_parametric_model,58,1,1
r9y9_nnsvs.tests,test_acoustic_models,,test_ar_multistream_parametric_model_with_postnet,85,1,2
r9y9_nnsvs.tests,test_acoustic_models,,test_nonar_multistream_parametric_model_no_encoder,33,1,0
r9y9_nnsvs.tests,test_compat,,test_mdn_compat,6,1,0
r9y9_nnsvs.tests,test_diffusion,,test_fftblocks,9,1,1
r9y9_nnsvs.tests,test_diffusion,,test_fs2,13,1,2
r9y9_nnsvs.tests,test_diffusion,,test_denoiser,13,1,0
r9y9_nnsvs.tests,test_diffusion,,test_gaussian_diffusion,36,1,1
r9y9_nnsvs.tests,test_diffusion,,test_gaussian_diffusion_with_encoder,35,1,1
r9y9_nnsvs.tests,test_discriminators,,_test_model_impl,10,1,2
r9y9_nnsvs.tests,test_discriminators,,test_conv2d,12,1,1
r9y9_nnsvs.tests,test_dsp,,test_lowpass_filter_noraise,5,2,1
r9y9_nnsvs.tests,test_frontend,,test_ja,5,1,0
r9y9_nnsvs.tests,test_frontend,,test_zh,5,1,0
r9y9_nnsvs.tests,test_gen,,_extract_static_feats,15,1,2
r9y9_nnsvs.tests,test_gen,,test_gen_spsvs_static_features,33,1,0
r9y9_nnsvs.tests,test_gen,,test_correct_vuv_by_phone,42,1,0
r9y9_nnsvs.tests,test_io,,test_full_to_mono,8,1,0
r9y9_nnsvs.tests,test_io,,test_get_note_indices,10,1,1
r9y9_nnsvs.tests,test_io,,test_label2phrases_str,14,1,1
r9y9_nnsvs.tests,test_io,,test_label2phrases,11,2,2
r9y9_nnsvs.tests,test_io,,test_segment_label,12,2,1
r9y9_nnsvs.tests,test_io,,test_overwrite_phoneme_flags,9,1,0
r9y9_nnsvs.tests,test_logger,,test_logger,3,1,1
r9y9_nnsvs.tests,test_logger,,test_logger_filename,7,2,1
r9y9_nnsvs.tests,test_mdn,MDN,__init__,8,1,5
r9y9_nnsvs.tests,test_mdn,MDN,forward,5,2,2
r9y9_nnsvs.tests,test_mdn,TestMDN,setUpClass,29,1,0
r9y9_nnsvs.tests,test_mdn,TestMDN,test_mdn_loss,19,3,0
r9y9_nnsvs.tests,test_mdn,TestMDN,test_mdn_get_most_probable_sigma_and_mu,15,3,0
r9y9_nnsvs.tests,test_mdn,TestMDN,test_mdn_get_sample,13,3,0
r9y9_nnsvs.tests,test_model,,test_deprecated_imports,5,1,0
r9y9_nnsvs.tests,test_model,,_test_model_impl,22,2,3
r9y9_nnsvs.tests,test_model,,test_ffn,12,1,0
r9y9_nnsvs.tests,test_model,,test_lstmrnn,12,1,0
r9y9_nnsvs.tests,test_model,,test_conv1d_resnet,19,1,0
r9y9_nnsvs.tests,test_model,,test_conv1d_resnet_sar,16,1,0
r9y9_nnsvs.tests,test_model,,test_lstmrnn_sar,17,1,0
r9y9_nnsvs.tests,test_model,,test_mdn,13,1,0
r9y9_nnsvs.tests,test_model,,test_mdnv2,14,1,0
r9y9_nnsvs.tests,test_model,,test_rmdn,13,1,0
r9y9_nnsvs.tests,test_model,,test_ff_conv_lstm,15,1,0
r9y9_nnsvs.tests,test_model,,test_variance_predictor,16,1,0
r9y9_nnsvs.tests,test_model_configs,,_test_postfilter_impl,12,1,2
r9y9_nnsvs.tests,test_model_configs,,test_model_config,4,1,1
r9y9_nnsvs.tests,test_model_configs,,test_acoustic_model_config,11,1,1
r9y9_nnsvs.tests,test_model_configs,,test_postfilter_model_config,7,2,1
r9y9_nnsvs.tests,test_model_configs,,test_timelag_model_config_recipes,4,1,1
r9y9_nnsvs.tests,test_model_configs,,test_duration_model_config_recipes,4,1,1
r9y9_nnsvs.tests,test_model_configs,,test_train_acoustic_model_config_recipes,25,7,1
r9y9_nnsvs.tests,test_model_configs,,test_train_acoustic_model_config_recipes_icassp2023,16,5,1
r9y9_nnsvs.tests,test_model_configs,,test_postfilter_config_recipes,7,2,1
r9y9_nnsvs.tests,test_pitch,,test_sine_vibrato,29,3,1
r9y9_nnsvs.tests,test_pitch,,test_diff_vibrato,10,1,0
r9y9_nnsvs.tests,test_postfilters,,_test_model_impl,11,1,2
r9y9_nnsvs.tests,test_postfilters,,test_conv2d_postfilter,12,1,1
r9y9_nnsvs.tests,test_postfilters,,test_multistream_postfilter,20,1,2
r9y9_nnsvs.tests,test_postfilters,,test_moving_average_filter,13,2,1
r9y9_nnsvs.tests,test_preprocess,,test_world,22,2,1
r9y9_nnsvs.tests,test_preprocess,,test_melf0,22,2,1
r9y9_nnsvs.tests,test_svs,,test_svs,12,1,2
r9y9_nnsvs.tests,test_svs,,test_svs_options,13,1,0
r9y9_nnsvs.tests,test_svs,,test_segmented_svs,11,1,0
r9y9_nnsvs.tests,test_svs,,test_neutrino,16,1,0
r9y9_nnsvs.tests,test_svs,,test_neutrino_phrase,14,1,0
r9y9_nnsvs.tests,test_util,,test_get_world_stream_info,13,1,0
r9y9_nnsvs.tests,test_util,,test_get_world_stream_info_mcep_aperiodicity,23,1,0
r9y9_nnsvs.tests,test_wavenet,,test_wavenet,10,2,0
r9y9_nnsvs.tests,util,,_test_model_impl,39,8,3
r9y9_nnsvs.utils,enunu2nnsvs,,get_parser,8,1,0
r9y9_nnsvs.utils,enunu2nnsvs,,_scaler2numpy,20,4,3
r9y9_nnsvs.utils,enunu2nnsvs,,_save_checkpoint,18,7,3
r9y9_nnsvs.utils,enunu2nnsvs,,main,56,3,3
r9y9_nnsvs.utils,make_graph,,process_log,30,5,1
r9y9_nnsvs.utils,make_graph,,get_parser,8,1,0
r9y9_nnsvs.utils,merge_postfilters,,get_parser,8,1,0
r9y9_nnsvs.utils,nnsvs2opencpop,,note_by_regex,5,1,2
r9y9_nnsvs.utils,nnsvs2opencpop,,numeric_feature_by_regex,5,1,2
r9y9_nnsvs.utils,nnsvs2opencpop,,get_parser,7,1,0
r9y9_nnsvs.utils,nnsvs2usfgan,,split_streams,13,4,2
r9y9_nnsvs.utils,nnsvs2usfgan,,load_utt_list,7,1,1
r9y9_nnsvs.utils,nnsvs2usfgan,,get_parser,13,1,0
r9y9_nnsvs.utils,opencpop2nnsvs,,get_parser,13,1,0
r9y9_nnsvs.utils,opencpop2nnsvs,,create_label_score,46,9,6
r9y9_nnsvs.utils,opencpop2nnsvs,,round_phoneme_durations,8,2,1
r9y9_nnsvs.utils,opencpop2nnsvs,,create_label_align,37,6,6
r9y9_nnsvs.utils,overwrite_phoneme_flags,,get_parser,11,1,0
r9y9_nnsvs.utils,overwrite_phoneme_flags,,process_labels,6,1,4
r9y9_nnsvs.utils,pitch_augmentation,,get_parser,15,1,0
r9y9_nnsvs.utils,pitch_augmentation,,process_in_feats,8,2,5
r9y9_nnsvs.utils,pitch_augmentation,,process_out_feats,7,1,5
r9y9_nnsvs.utils,run_svs,,get_parser,14,1,0
r9y9_nnsvs.utils,sv56,,get_parser,9,1,0
r9y9_nnsvs.utils,sv56,,sv56,17,2,3
r9y9_nnsvs.utils,sv56,,__process,10,3,3
r9y9_nnsvs.utils,sv56_inplace,,get_parser,8,1,0
r9y9_nnsvs.utils,sv56_inplace,,sv56,17,2,3
r9y9_nnsvs.utils,sv56_inplace,,__process,15,4,3
r9y9_nnsvs.utils,visualize_vibrato,,get_parser,6,1,0
