Package,Module,Class,Function,LOC,CC,PC
OUCMachineLearning_OUCML,md2zh,,repl,3,1,1
OUCMachineLearning_OUCML.AutoML.darts-master.cnn,architect,Architect,__init__,6,1,2
OUCMachineLearning_OUCML.AutoML.darts-master.cnn,architect,Architect,_compute_unrolled_model,10,2,4
OUCMachineLearning_OUCML.AutoML.darts-master.cnn,architect,Architect,step,7,2,7
OUCMachineLearning_OUCML.AutoML.darts-master.cnn,architect,Architect,_backward_step,3,1,2
OUCMachineLearning_OUCML.AutoML.darts-master.cnn,architect,Architect,_backward_step_unrolled,14,4,6
OUCMachineLearning_OUCML.AutoML.darts-master.cnn,architect,Architect,_construct_model_from_theta,12,2,1
OUCMachineLearning_OUCML.AutoML.darts-master.cnn,architect,Architect,_hessian_vector_product,13,4,4
OUCMachineLearning_OUCML.AutoML.darts-master.cnn,architect,,_concat,2,1,1
OUCMachineLearning_OUCML.AutoML.darts-master.cnn,model,Cell,__init__,15,3,6
OUCMachineLearning_OUCML.AutoML.darts-master.cnn,model,Cell,_compile,11,3,5
OUCMachineLearning_OUCML.AutoML.darts-master.cnn,model,Cell,forward,19,6,3
OUCMachineLearning_OUCML.AutoML.darts-master.cnn,model,AuxiliaryHeadCIFAR,__init__,13,1,2
OUCMachineLearning_OUCML.AutoML.darts-master.cnn,model,AuxiliaryHeadCIFAR,forward,4,1,1
OUCMachineLearning_OUCML.AutoML.darts-master.cnn,model,AuxiliaryHeadImageNet,__init__,15,1,2
OUCMachineLearning_OUCML.AutoML.darts-master.cnn,model,AuxiliaryHeadImageNet,forward,4,1,1
OUCMachineLearning_OUCML.AutoML.darts-master.cnn,model,NetworkCIFAR,__init__,29,5,5
OUCMachineLearning_OUCML.AutoML.darts-master.cnn,model,NetworkCIFAR,forward,11,5,1
OUCMachineLearning_OUCML.AutoML.darts-master.cnn,model,NetworkImageNet,__init__,35,5,5
OUCMachineLearning_OUCML.AutoML.darts-master.cnn,model,NetworkImageNet,forward,12,5,1
OUCMachineLearning_OUCML.AutoML.darts-master.cnn,model_search,MixedOp,__init__,8,3,2
OUCMachineLearning_OUCML.AutoML.darts-master.cnn,model_search,MixedOp,forward,2,1,2
OUCMachineLearning_OUCML.AutoML.darts-master.cnn,model_search,Cell,__init__,17,5,7
OUCMachineLearning_OUCML.AutoML.darts-master.cnn,model_search,Cell,forward,10,2,3
OUCMachineLearning_OUCML.AutoML.darts-master.cnn,model_search,Network,__init__,29,3,7
OUCMachineLearning_OUCML.AutoML.darts-master.cnn,model_search,Network,new,5,2,0
OUCMachineLearning_OUCML.AutoML.darts-master.cnn,model_search,Network,forward,11,3,1
OUCMachineLearning_OUCML.AutoML.darts-master.cnn,model_search,Network,_loss,3,1,2
OUCMachineLearning_OUCML.AutoML.darts-master.cnn,model_search,Network,_initialize_alphas,9,1,0
OUCMachineLearning_OUCML.AutoML.darts-master.cnn,model_search,Network,arch_parameters,2,1,0
OUCMachineLearning_OUCML.AutoML.darts-master.cnn,model_search,Network,genotype,27,6,0
OUCMachineLearning_OUCML.AutoML.darts-master.cnn,operations,ReLUConvBN,__init__,7,1,6
OUCMachineLearning_OUCML.AutoML.darts-master.cnn,operations,ReLUConvBN,forward,2,1,1
OUCMachineLearning_OUCML.AutoML.darts-master.cnn,operations,DilConv,__init__,8,1,7
OUCMachineLearning_OUCML.AutoML.darts-master.cnn,operations,DilConv,forward,2,1,1
OUCMachineLearning_OUCML.AutoML.darts-master.cnn,operations,SepConv,__init__,12,1,6
OUCMachineLearning_OUCML.AutoML.darts-master.cnn,operations,SepConv,forward,2,1,1
OUCMachineLearning_OUCML.AutoML.darts-master.cnn,operations,Identity,__init__,2,1,0
OUCMachineLearning_OUCML.AutoML.darts-master.cnn,operations,Identity,forward,2,1,1
OUCMachineLearning_OUCML.AutoML.darts-master.cnn,operations,Zero,__init__,3,1,1
OUCMachineLearning_OUCML.AutoML.darts-master.cnn,operations,Zero,forward,4,1,1
OUCMachineLearning_OUCML.AutoML.darts-master.cnn,operations,FactorizedReduce,__init__,7,1,3
OUCMachineLearning_OUCML.AutoML.darts-master.cnn,operations,FactorizedReduce,forward,5,1,1
OUCMachineLearning_OUCML.AutoML.darts-master.cnn,test,,main,26,2,0
OUCMachineLearning_OUCML.AutoML.darts-master.cnn,test,,infer,21,3,3
OUCMachineLearning_OUCML.AutoML.darts-master.cnn,test_imagenet,,main,35,2,0
OUCMachineLearning_OUCML.AutoML.darts-master.cnn,test_imagenet,,infer,21,3,3
OUCMachineLearning_OUCML.AutoML.darts-master.cnn,train,,main,44,3,0
OUCMachineLearning_OUCML.AutoML.darts-master.cnn,train,,train,28,4,4
OUCMachineLearning_OUCML.AutoML.darts-master.cnn,train,,infer,21,3,3
OUCMachineLearning_OUCML.AutoML.darts-master.cnn,train_imagenet,CrossEntropyLabelSmooth,__init__,5,1,2
OUCMachineLearning_OUCML.AutoML.darts-master.cnn,train_imagenet,CrossEntropyLabelSmooth,forward,6,1,2
OUCMachineLearning_OUCML.AutoML.darts-master.cnn,train_imagenet,,main,82,5,0
OUCMachineLearning_OUCML.AutoML.darts-master.cnn,train_imagenet,,train,31,4,4
OUCMachineLearning_OUCML.AutoML.darts-master.cnn,train_imagenet,,infer,21,3,3
OUCMachineLearning_OUCML.AutoML.darts-master.cnn,train_search,,main,58,3,0
OUCMachineLearning_OUCML.AutoML.darts-master.cnn,train_search,,train,34,3,7
OUCMachineLearning_OUCML.AutoML.darts-master.cnn,train_search,,infer,21,3,3
OUCMachineLearning_OUCML.AutoML.darts-master.cnn,utils,AvgrageMeter,__init__,2,1,0
OUCMachineLearning_OUCML.AutoML.darts-master.cnn,utils,AvgrageMeter,reset,4,1,0
OUCMachineLearning_OUCML.AutoML.darts-master.cnn,utils,AvgrageMeter,update,4,1,2
OUCMachineLearning_OUCML.AutoML.darts-master.cnn,utils,Cutout,__init__,2,1,1
OUCMachineLearning_OUCML.AutoML.darts-master.cnn,utils,Cutout,__call__,14,1,1
OUCMachineLearning_OUCML.AutoML.darts-master.cnn,utils,,accuracy,11,2,3
OUCMachineLearning_OUCML.AutoML.darts-master.cnn,utils,,_data_transforms_cifar10,16,2,1
OUCMachineLearning_OUCML.AutoML.darts-master.cnn,utils,,count_parameters_in_MB,2,1,1
OUCMachineLearning_OUCML.AutoML.darts-master.cnn,utils,,save_checkpoint,6,2,3
OUCMachineLearning_OUCML.AutoML.darts-master.cnn,utils,,save,2,1,2
OUCMachineLearning_OUCML.AutoML.darts-master.cnn,utils,,load,2,1,2
OUCMachineLearning_OUCML.AutoML.darts-master.cnn,utils,,drop_path,7,2,2
OUCMachineLearning_OUCML.AutoML.darts-master.cnn,utils,,create_exp_dir,9,4,2
OUCMachineLearning_OUCML.AutoML.darts-master.cnn,visualize,,plot,28,7,2
OUCMachineLearning_OUCML.AutoML.darts-master.rnn,architect,Architect,__init__,5,1,2
OUCMachineLearning_OUCML.AutoML.darts-master.rnn,architect,Architect,_compute_unrolled_model,8,1,4
OUCMachineLearning_OUCML.AutoML.darts-master.rnn,architect,Architect,step,9,2,8
OUCMachineLearning_OUCML.AutoML.darts-master.rnn,architect,Architect,_backward_step,4,1,3
OUCMachineLearning_OUCML.AutoML.darts-master.rnn,architect,Architect,_backward_step_unrolled,17,4,7
OUCMachineLearning_OUCML.AutoML.darts-master.rnn,architect,Architect,_construct_model_from_theta,12,2,1
OUCMachineLearning_OUCML.AutoML.darts-master.rnn,architect,Architect,_hessian_vector_product,13,4,5
OUCMachineLearning_OUCML.AutoML.darts-master.rnn,architect,,_concat,2,1,1
OUCMachineLearning_OUCML.AutoML.darts-master.rnn,architect,,_clip,11,4,2
OUCMachineLearning_OUCML.AutoML.darts-master.rnn,data,Dictionary,__init__,5,1,0
OUCMachineLearning_OUCML.AutoML.darts-master.rnn,data,Dictionary,add_word,8,2,1
OUCMachineLearning_OUCML.AutoML.darts-master.rnn,data,Dictionary,__len__,2,1,0
OUCMachineLearning_OUCML.AutoML.darts-master.rnn,data,Corpus,__init__,5,1,1
OUCMachineLearning_OUCML.AutoML.darts-master.rnn,data,Corpus,tokenize,18,5,1
OUCMachineLearning_OUCML.AutoML.darts-master.rnn,data,SentCorpus,__init__,5,1,1
OUCMachineLearning_OUCML.AutoML.darts-master.rnn,data,SentCorpus,tokenize,20,6,1
OUCMachineLearning_OUCML.AutoML.darts-master.rnn,data,BatchSentLoader,__init__,7,1,5
OUCMachineLearning_OUCML.AutoML.darts-master.rnn,data,BatchSentLoader,__next__,14,4,0
OUCMachineLearning_OUCML.AutoML.darts-master.rnn,data,BatchSentLoader,__iter__,3,1,0
OUCMachineLearning_OUCML.AutoML.darts-master.rnn,model,DARTSCell,__init__,11,1,5
OUCMachineLearning_OUCML.AutoML.darts-master.rnn,model,DARTSCell,forward,14,3,2
OUCMachineLearning_OUCML.AutoML.darts-master.rnn,model,DARTSCell,_compute_init_state,10,2,4
OUCMachineLearning_OUCML.AutoML.darts-master.rnn,model,DARTSCell,_get_activation,12,5,1
OUCMachineLearning_OUCML.AutoML.darts-master.rnn,model,DARTSCell,cell,17,3,4
OUCMachineLearning_OUCML.AutoML.darts-master.rnn,model,RNNModel,__init__,23,2,11
OUCMachineLearning_OUCML.AutoML.darts-master.rnn,model,RNNModel,init_weights,4,1,0
OUCMachineLearning_OUCML.AutoML.darts-master.rnn,model,RNNModel,forward,23,2,3
OUCMachineLearning_OUCML.AutoML.darts-master.rnn,model,RNNModel,init_hidden,3,1,1
OUCMachineLearning_OUCML.AutoML.darts-master.rnn,model_search,DARTSCellSearch,__init__,3,1,4
OUCMachineLearning_OUCML.AutoML.darts-master.rnn,model_search,DARTSCellSearch,cell,27,5,4
OUCMachineLearning_OUCML.AutoML.darts-master.rnn,model_search,RNNModelSearch,__init__,4,1,0
OUCMachineLearning_OUCML.AutoML.darts-master.rnn,model_search,RNNModelSearch,new,5,2,0
OUCMachineLearning_OUCML.AutoML.darts-master.rnn,model_search,RNNModelSearch,_initialize_arch_parameters,7,2,0
OUCMachineLearning_OUCML.AutoML.darts-master.rnn,model_search,RNNModelSearch,arch_parameters,2,1,0
OUCMachineLearning_OUCML.AutoML.darts-master.rnn,model_search,RNNModelSearch,_loss,4,1,3
OUCMachineLearning_OUCML.AutoML.darts-master.rnn,model_search,RNNModelSearch,genotype,19,5,0
OUCMachineLearning_OUCML.AutoML.darts-master.rnn,test,,logging,2,1,3
OUCMachineLearning_OUCML.AutoML.darts-master.rnn,test,,evaluate,17,2,2
OUCMachineLearning_OUCML.AutoML.darts-master.rnn,train,,evaluate,16,2,2
OUCMachineLearning_OUCML.AutoML.darts-master.rnn,train,,train,69,7,0
OUCMachineLearning_OUCML.AutoML.darts-master.rnn,train_search,,evaluate,16,2,2
OUCMachineLearning_OUCML.AutoML.darts-master.rnn,train_search,,train,83,6,0
OUCMachineLearning_OUCML.AutoML.darts-master.rnn,utils,LockedDropout,__init__,2,1,0
OUCMachineLearning_OUCML.AutoML.darts-master.rnn,utils,LockedDropout,forward,7,2,2
OUCMachineLearning_OUCML.AutoML.darts-master.rnn,utils,,repackage_hidden,5,1,1
OUCMachineLearning_OUCML.AutoML.darts-master.rnn,utils,,batchify,8,2,3
OUCMachineLearning_OUCML.AutoML.darts-master.rnn,utils,,get_batch,5,1,5
OUCMachineLearning_OUCML.AutoML.darts-master.rnn,utils,,create_exp_dir,9,4,2
OUCMachineLearning_OUCML.AutoML.darts-master.rnn,utils,,save_checkpoint,8,2,5
OUCMachineLearning_OUCML.AutoML.darts-master.rnn,utils,,embedded_dropout,17,4,4
OUCMachineLearning_OUCML.AutoML.darts-master.rnn,utils,,mask2d,6,2,4
OUCMachineLearning_OUCML.AutoML.darts-master.rnn,visualize,,plot,21,4,2
OUCMachineLearning_OUCML.GAN. Wasserstein_GAN.WGAN-tensorflow-master,get_svhn,,dense_to_one_hot,6,1,2
OUCMachineLearning_OUCML.GAN. Wasserstein_GAN.WGAN-tensorflow-master,get_svhn,,maybe_download,9,2,1
OUCMachineLearning_OUCML.GAN. Wasserstein_GAN.WGAN-tensorflow-master,get_svhn,,load,20,2,2
OUCMachineLearning_OUCML.GAN. Wasserstein_GAN.WGAN-tensorflow-master,get_svhn,,main,3,1,0
OUCMachineLearning_OUCML.GAN. Wasserstein_GAN.WGAN-tensorflow-master,load_svhn,DataSet,__init__,28,5,6
OUCMachineLearning_OUCML.GAN. Wasserstein_GAN.WGAN-tensorflow-master,load_svhn,DataSet,images,2,1,0
OUCMachineLearning_OUCML.GAN. Wasserstein_GAN.WGAN-tensorflow-master,load_svhn,DataSet,labels,2,1,0
OUCMachineLearning_OUCML.GAN. Wasserstein_GAN.WGAN-tensorflow-master,load_svhn,DataSet,num_examples,2,1,0
OUCMachineLearning_OUCML.GAN. Wasserstein_GAN.WGAN-tensorflow-master,load_svhn,DataSet,epochs_completed,2,1,0
OUCMachineLearning_OUCML.GAN. Wasserstein_GAN.WGAN-tensorflow-master,load_svhn,DataSet,next_batch,26,3,2
OUCMachineLearning_OUCML.GAN. Wasserstein_GAN.WGAN-tensorflow-master,load_svhn,,dense_to_one_hot,6,1,2
OUCMachineLearning_OUCML.GAN. Wasserstein_GAN.WGAN-tensorflow-master,load_svhn,,read_data_sets,27,1,6
OUCMachineLearning_OUCML.GAN. Wasserstein_GAN.WGAN-tensorflow-master,load_svhn,,load_svhn,2,1,1
OUCMachineLearning_OUCML.GAN. Wasserstein_GAN.wgan,WGAN_CIFAR10,WGAN,__init__,22,1,0
OUCMachineLearning_OUCML.GAN. Wasserstein_GAN.wgan,WGAN_CIFAR10,WGAN,wasserstein_loss,2,1,2
OUCMachineLearning_OUCML.GAN. Wasserstein_GAN.wgan,WGAN_CIFAR10,WGAN,build_generator,18,1,0
OUCMachineLearning_OUCML.GAN. Wasserstein_GAN.wgan,WGAN_CIFAR10,WGAN,build_critic,23,1,0
OUCMachineLearning_OUCML.GAN. Wasserstein_GAN.wgan,WGAN_CIFAR10,WGAN,train,47,5,3
OUCMachineLearning_OUCML.GAN. Wasserstein_GAN.wgan,WGAN_CIFAR10,WGAN,sample_images,9,1,1
OUCMachineLearning_OUCML.GAN. Wasserstein_GAN.wgan,WGAN_CIFAR10,,merge,19,4,2
OUCMachineLearning_OUCML.GAN. Wasserstein_GAN.wgan,wgan,WGAN,__init__,22,1,0
OUCMachineLearning_OUCML.GAN. Wasserstein_GAN.wgan,wgan,WGAN,wasserstein_loss,2,1,2
OUCMachineLearning_OUCML.GAN. Wasserstein_GAN.wgan,wgan,WGAN,build_generator,18,1,0
OUCMachineLearning_OUCML.GAN. Wasserstein_GAN.wgan,wgan,WGAN,build_critic,24,1,0
OUCMachineLearning_OUCML.GAN. Wasserstein_GAN.wgan,wgan,WGAN,train,48,5,3
OUCMachineLearning_OUCML.GAN. Wasserstein_GAN.wgan,wgan,WGAN,sample_images,8,1,1
OUCMachineLearning_OUCML.GAN. Wasserstein_GAN.wgan,wgan,,merge,8,2,2
OUCMachineLearning_OUCML.GAN. Wasserstein_GAN.wgan,wgan_fashion_mnist,WGAN,__init__,22,1,0
OUCMachineLearning_OUCML.GAN. Wasserstein_GAN.wgan,wgan_fashion_mnist,WGAN,wasserstein_loss,2,1,2
OUCMachineLearning_OUCML.GAN. Wasserstein_GAN.wgan,wgan_fashion_mnist,WGAN,build_generator,18,1,0
OUCMachineLearning_OUCML.GAN. Wasserstein_GAN.wgan,wgan_fashion_mnist,WGAN,build_critic,24,1,0
OUCMachineLearning_OUCML.GAN. Wasserstein_GAN.wgan,wgan_fashion_mnist,WGAN,train,48,5,3
OUCMachineLearning_OUCML.GAN. Wasserstein_GAN.wgan,wgan_fashion_mnist,WGAN,sample_images,8,1,1
OUCMachineLearning_OUCML.GAN. Wasserstein_GAN.wgan,wgan_fashion_mnist,,merge,8,2,2
OUCMachineLearning_OUCML.GAN. Wasserstein_GAN.wgan,wgan_mnist,WGAN,__init__,22,1,0
OUCMachineLearning_OUCML.GAN. Wasserstein_GAN.wgan,wgan_mnist,WGAN,wasserstein_loss,2,1,2
OUCMachineLearning_OUCML.GAN. Wasserstein_GAN.wgan,wgan_mnist,WGAN,build_generator,18,1,0
OUCMachineLearning_OUCML.GAN. Wasserstein_GAN.wgan,wgan_mnist,WGAN,build_critic,24,1,0
OUCMachineLearning_OUCML.GAN. Wasserstein_GAN.wgan,wgan_mnist,WGAN,train,48,5,3
OUCMachineLearning_OUCML.GAN. Wasserstein_GAN.wgan,wgan_mnist,WGAN,sample_images,8,1,1
OUCMachineLearning_OUCML.GAN. Wasserstein_GAN.wgan,wgan_mnist,,merge,8,2,2
OUCMachineLearning_OUCML.GAN. Wasserstein_GAN.wgan_gp,wgan_gp,RandomWeightedAverage,_merge_function,3,1,1
OUCMachineLearning_OUCML.GAN. Wasserstein_GAN.wgan_gp,wgan_gp,WGANGP,__init__,35,1,0
OUCMachineLearning_OUCML.GAN. Wasserstein_GAN.wgan_gp,wgan_gp,WGANGP,gradient_penalty_loss,10,1,3
OUCMachineLearning_OUCML.GAN. Wasserstein_GAN.wgan_gp,wgan_gp,WGANGP,wasserstein_loss,2,1,2
OUCMachineLearning_OUCML.GAN. Wasserstein_GAN.wgan_gp,wgan_gp,WGANGP,build_generator,18,1,0
OUCMachineLearning_OUCML.GAN. Wasserstein_GAN.wgan_gp,wgan_gp,WGANGP,build_critic,24,1,0
OUCMachineLearning_OUCML.GAN. Wasserstein_GAN.wgan_gp,wgan_gp,WGANGP,train,36,4,3
OUCMachineLearning_OUCML.GAN. Wasserstein_GAN.wgan_gp,wgan_gp,WGANGP,sample_images,8,1,1
OUCMachineLearning_OUCML.GAN. Wasserstein_GAN.wgan_gp,wgan_gp,,merge,8,2,2
OUCMachineLearning_OUCML.GAN.ACGAN-PyTorch-master,folder,ImageFolder,__init__,14,2,5
OUCMachineLearning_OUCML.GAN.ACGAN-PyTorch-master,folder,ImageFolder,__getitem__,10,3,1
OUCMachineLearning_OUCML.GAN.ACGAN-PyTorch-master,folder,ImageFolder,__len__,2,1,0
OUCMachineLearning_OUCML.GAN.ACGAN-PyTorch-master,folder,,is_image_file,4,1,1
OUCMachineLearning_OUCML.GAN.ACGAN-PyTorch-master,folder,,find_classes,9,2,2
OUCMachineLearning_OUCML.GAN.ACGAN-PyTorch-master,folder,,make_dataset,17,7,2
OUCMachineLearning_OUCML.GAN.ACGAN-PyTorch-master,folder,,pil_loader,4,1,1
OUCMachineLearning_OUCML.GAN.ACGAN-PyTorch-master,folder,,accimage_loader,7,1,1
OUCMachineLearning_OUCML.GAN.ACGAN-PyTorch-master,folder,,default_loader,6,1,1
OUCMachineLearning_OUCML.GAN.ACGAN-PyTorch-master,network,_netG,__init__,29,1,2
OUCMachineLearning_OUCML.GAN.ACGAN-PyTorch-master,network,_netG,forward,22,3,1
OUCMachineLearning_OUCML.GAN.ACGAN-PyTorch-master,network,_netD,__init__,42,1,2
OUCMachineLearning_OUCML.GAN.ACGAN-PyTorch-master,network,_netD,forward,24,3,1
OUCMachineLearning_OUCML.GAN.ACGAN-PyTorch-master,network,_netG_CIFAR10,__init__,24,1,2
OUCMachineLearning_OUCML.GAN.ACGAN-PyTorch-master,network,_netG_CIFAR10,forward,20,3,1
OUCMachineLearning_OUCML.GAN.ACGAN-PyTorch-master,network,_netD_CIFAR10,__init__,42,1,2
OUCMachineLearning_OUCML.GAN.ACGAN-PyTorch-master,network,_netD_CIFAR10,forward,24,3,1
OUCMachineLearning_OUCML.GAN.ACGAN-PyTorch-master,utils,,weights_init,7,3,1
OUCMachineLearning_OUCML.GAN.ACGAN-PyTorch-master,utils,,compute_acc,6,1,2
OUCMachineLearning_OUCML.GAN.DEHAZE-AOE_torch,dataloader,dehazing_loader,__init__,8,2,3
OUCMachineLearning_OUCML.GAN.DEHAZE-AOE_torch,dataloader,dehazing_loader,__getitem__,11,1,1
OUCMachineLearning_OUCML.GAN.DEHAZE-AOE_torch,dataloader,dehazing_loader,__len__,2,1,0
OUCMachineLearning_OUCML.GAN.DEHAZE-AOE_torch,dataloader,,populate_train_list,36,9,2
OUCMachineLearning_OUCML.GAN.DEHAZE-AOE_torch,dehaze,,dehaze_image,10,1,1
OUCMachineLearning_OUCML.GAN.DEHAZE-AOE_torch,net,dehaze_net,__init__,8,1,0
OUCMachineLearning_OUCML.GAN.DEHAZE-AOE_torch,net,dehaze_net,forward,13,1,1
OUCMachineLearning_OUCML.GAN.DEHAZE-AOE_torch,train,,weights_init,7,3,1
OUCMachineLearning_OUCML.GAN.DEHAZE-AOE_torch,train,,train,44,6,1
OUCMachineLearning_OUCML.GAN.Self_attention_GAN_tensorflow,SAGAN,SAGAN,__init__,65,3,2
OUCMachineLearning_OUCML.GAN.Self_attention_GAN_tensorflow,SAGAN,SAGAN,generator,49,6,3
OUCMachineLearning_OUCML.GAN.Self_attention_GAN_tensorflow,SAGAN,SAGAN,discriminator,27,3,3
OUCMachineLearning_OUCML.GAN.Self_attention_GAN_tensorflow,SAGAN,SAGAN,attention,17,1,5
OUCMachineLearning_OUCML.GAN.Self_attention_GAN_tensorflow,SAGAN,SAGAN,gradient_penalty,28,5,2
OUCMachineLearning_OUCML.GAN.Self_attention_GAN_tensorflow,SAGAN,SAGAN,build_model,36,4,0
OUCMachineLearning_OUCML.GAN.Self_attention_GAN_tensorflow,SAGAN,SAGAN,train,77,9,0
OUCMachineLearning_OUCML.GAN.Self_attention_GAN_tensorflow,SAGAN,SAGAN,model_dir,3,1,0
OUCMachineLearning_OUCML.GAN.Self_attention_GAN_tensorflow,SAGAN,SAGAN,save,5,2,2
OUCMachineLearning_OUCML.GAN.Self_attention_GAN_tensorflow,SAGAN,SAGAN,load,14,2,1
OUCMachineLearning_OUCML.GAN.Self_attention_GAN_tensorflow,SAGAN,SAGAN,visualize_results,8,1,1
OUCMachineLearning_OUCML.GAN.Self_attention_GAN_tensorflow,SAGAN,SAGAN,test,21,3,0
OUCMachineLearning_OUCML.GAN.Self_attention_GAN_tensorflow,download,,download_file_from_google_drive,9,2,2
OUCMachineLearning_OUCML.GAN.Self_attention_GAN_tensorflow,download,,get_confirm_token,5,2,1
OUCMachineLearning_OUCML.GAN.Self_attention_GAN_tensorflow,download,,save_response_content,7,3,3
OUCMachineLearning_OUCML.GAN.Self_attention_GAN_tensorflow,download,,download_celeb_a,17,3,1
OUCMachineLearning_OUCML.GAN.Self_attention_GAN_tensorflow,download,,prepare_data_dir,3,2,1
OUCMachineLearning_OUCML.GAN.Self_attention_GAN_tensorflow,main,,parse_args,32,1,0
OUCMachineLearning_OUCML.GAN.Self_attention_GAN_tensorflow,main,,check_args,14,3,1
OUCMachineLearning_OUCML.GAN.Self_attention_GAN_tensorflow,main,,main,25,4,0
OUCMachineLearning_OUCML.GAN.Self_attention_GAN_tensorflow,ops,,conv,24,5,9
OUCMachineLearning_OUCML.GAN.Self_attention_GAN_tensorflow,ops,,deconv,24,4,8
OUCMachineLearning_OUCML.GAN.Self_attention_GAN_tensorflow,ops,,fully_conneted,21,3,5
OUCMachineLearning_OUCML.GAN.Self_attention_GAN_tensorflow,ops,,flatten,2,1,1
OUCMachineLearning_OUCML.GAN.Self_attention_GAN_tensorflow,ops,,hw_flatten,2,1,1
OUCMachineLearning_OUCML.GAN.Self_attention_GAN_tensorflow,ops,,resblock,12,1,6
OUCMachineLearning_OUCML.GAN.Self_attention_GAN_tensorflow,ops,,global_avg_pooling,3,1,1
OUCMachineLearning_OUCML.GAN.Self_attention_GAN_tensorflow,ops,,up_sample,4,1,2
OUCMachineLearning_OUCML.GAN.Self_attention_GAN_tensorflow,ops,,lrelu,2,1,2
OUCMachineLearning_OUCML.GAN.Self_attention_GAN_tensorflow,ops,,relu,2,1,1
OUCMachineLearning_OUCML.GAN.Self_attention_GAN_tensorflow,ops,,tanh,2,1,1
OUCMachineLearning_OUCML.GAN.Self_attention_GAN_tensorflow,ops,,batch_norm,5,1,3
OUCMachineLearning_OUCML.GAN.Self_attention_GAN_tensorflow,ops,,spectral_norm,21,2,2
OUCMachineLearning_OUCML.GAN.Self_attention_GAN_tensorflow,ops,,l2_norm,2,1,2
OUCMachineLearning_OUCML.GAN.Self_attention_GAN_tensorflow,ops,,discriminator_loss,17,6,3
OUCMachineLearning_OUCML.GAN.Self_attention_GAN_tensorflow,ops,,generator_loss,12,6,2
OUCMachineLearning_OUCML.GAN.Self_attention_GAN_tensorflow,utils,ImageData,__init__,3,1,2
OUCMachineLearning_OUCML.GAN.Self_attention_GAN_tensorflow,utils,ImageData,image_processing,6,1,1
OUCMachineLearning_OUCML.GAN.Self_attention_GAN_tensorflow,utils,,load_mnist,15,1,1
OUCMachineLearning_OUCML.GAN.Self_attention_GAN_tensorflow,utils,,load_cifar10,10,1,1
OUCMachineLearning_OUCML.GAN.Self_attention_GAN_tensorflow,utils,,load_data,9,3,2
OUCMachineLearning_OUCML.GAN.Self_attention_GAN_tensorflow,utils,,preprocessing,5,1,2
OUCMachineLearning_OUCML.GAN.Self_attention_GAN_tensorflow,utils,,normalize,2,1,1
OUCMachineLearning_OUCML.GAN.Self_attention_GAN_tensorflow,utils,,save_images,2,1,3
OUCMachineLearning_OUCML.GAN.Self_attention_GAN_tensorflow,utils,,merge,19,4,2
OUCMachineLearning_OUCML.GAN.Self_attention_GAN_tensorflow,utils,,imsave,2,1,3
OUCMachineLearning_OUCML.GAN.Self_attention_GAN_tensorflow,utils,,inverse_transform,2,1,1
OUCMachineLearning_OUCML.GAN.Self_attention_GAN_tensorflow,utils,,check_folder,4,2,1
OUCMachineLearning_OUCML.GAN.Self_attention_GAN_tensorflow,utils,,show_all_variables,3,1,0
OUCMachineLearning_OUCML.GAN.Self_attention_GAN_tensorflow,utils,,str2bool,2,1,1
OUCMachineLearning_OUCML.GAN.datadownloader,dataload,,list_categories,4,1,1
OUCMachineLearning_OUCML.GAN.datadownloader,dataload,,download,11,2,4
OUCMachineLearning_OUCML.GAN.datadownloader,dataload,,main,22,5,0
OUCMachineLearning_OUCML.GAN.datadownloader,download,,download,25,3,2
OUCMachineLearning_OUCML.GAN.datadownloader,download,,download_file_from_google_drive,9,2,2
OUCMachineLearning_OUCML.GAN.datadownloader,download,,get_confirm_token,5,2,1
OUCMachineLearning_OUCML.GAN.datadownloader,download,,save_response_content,8,3,3
OUCMachineLearning_OUCML.GAN.datadownloader,download,,unzip,6,1,1
OUCMachineLearning_OUCML.GAN.datadownloader,download,,download_celeb_a,17,3,1
OUCMachineLearning_OUCML.GAN.datadownloader,download,,_list_categories,4,1,1
OUCMachineLearning_OUCML.GAN.datadownloader,download,,_download_lsun,12,2,4
OUCMachineLearning_OUCML.GAN.datadownloader,download,,download_lsun,13,3,1
OUCMachineLearning_OUCML.GAN.datadownloader,download,,download_mnist,22,3,1
OUCMachineLearning_OUCML.GAN.datadownloader,download,,prepare_data_dir,3,2,1
OUCMachineLearning_OUCML.GAN.datadownloader,main,,main,110,10,1
OUCMachineLearning_OUCML.GAN.datadownloader,model,,generator,35,1,3
OUCMachineLearning_OUCML.GAN.datadownloader,model,,discriminator,31,1,3
OUCMachineLearning_OUCML.GAN.datadownloader,utils,,center_crop,8,2,4
OUCMachineLearning_OUCML.GAN.datadownloader,utils,,merge,8,2,2
OUCMachineLearning_OUCML.GAN.datadownloader,utils,,transform,6,2,4
OUCMachineLearning_OUCML.GAN.datadownloader,utils,,inverse_transform,2,1,1
OUCMachineLearning_OUCML.GAN.datadownloader,utils,,imread,5,1,2
OUCMachineLearning_OUCML.GAN.datadownloader,utils,,imsave,2,1,3
OUCMachineLearning_OUCML.GAN.datadownloader,utils,,get_image,2,1,5
OUCMachineLearning_OUCML.GAN.datadownloader,utils,,save_images,2,1,3
OUCMachineLearning_OUCML.GAN.ebgan-master,mnist_ebgan_train,,alt_train,4,1,2
OUCMachineLearning_OUCML.GAN.ebgan-master,model,,generator,11,1,1
OUCMachineLearning_OUCML.GAN.ebgan-master,model,,discriminator,8,1,1
OUCMachineLearning_OUCML.GAN.self_attention _gan,data_loader,Data_Loader,__init__,7,1,6
OUCMachineLearning_OUCML.GAN.self_attention _gan,data_loader,Data_Loader,transform,12,5,4
OUCMachineLearning_OUCML.GAN.self_attention _gan,data_loader,Data_Loader,load_lsun,4,1,1
OUCMachineLearning_OUCML.GAN.self_attention _gan,data_loader,Data_Loader,load_celeb,4,1,0
OUCMachineLearning_OUCML.GAN.self_attention _gan,data_loader,Data_Loader,loader,11,3,0
OUCMachineLearning_OUCML.GAN.self_attention _gan,main,,main,17,4,1
OUCMachineLearning_OUCML.GAN.self_attention _gan,parameter,,str2bool,2,1,1
OUCMachineLearning_OUCML.GAN.self_attention _gan,parameter,,get_parameters,34,1,0
OUCMachineLearning_OUCML.GAN.self_attention _gan,sagan_models,Self_Attn,__init__,9,1,2
OUCMachineLearning_OUCML.GAN.self_attention _gan,sagan_models,Self_Attn,forward,13,1,1
OUCMachineLearning_OUCML.GAN.self_attention _gan,sagan_models,Generator,__init__,36,2,4
OUCMachineLearning_OUCML.GAN.self_attention _gan,sagan_models,Generator,forward,10,1,1
OUCMachineLearning_OUCML.GAN.self_attention _gan,sagan_models,Discriminator,__init__,29,2,3
OUCMachineLearning_OUCML.GAN.self_attention _gan,sagan_models,Discriminator,forward,9,1,1
OUCMachineLearning_OUCML.GAN.self_attention _gan,spectral,SpectralNorm,__init__,7,2,3
OUCMachineLearning_OUCML.GAN.self_attention _gan,spectral,SpectralNorm,_update_u_v,10,2,0
OUCMachineLearning_OUCML.GAN.self_attention _gan,spectral,SpectralNorm,_made_params,8,1,0
OUCMachineLearning_OUCML.GAN.self_attention _gan,spectral,SpectralNorm,_make_params,13,1,0
OUCMachineLearning_OUCML.GAN.self_attention _gan,spectral,SpectralNorm,forward,3,1,0
OUCMachineLearning_OUCML.GAN.self_attention _gan,spectral,,l2normalize,2,1,2
OUCMachineLearning_OUCML.GAN.self_attention _gan,trainer,Trainer,__init__,39,3,2
OUCMachineLearning_OUCML.GAN.self_attention _gan,trainer,Trainer,train,111,14,0
OUCMachineLearning_OUCML.GAN.self_attention _gan,trainer,Trainer,build_model,11,2,0
OUCMachineLearning_OUCML.GAN.self_attention _gan,trainer,Trainer,build_tensorboard,3,1,0
OUCMachineLearning_OUCML.GAN.self_attention _gan,trainer,Trainer,load_pretrained_model,6,1,0
OUCMachineLearning_OUCML.GAN.self_attention _gan,trainer,Trainer,reset_grad,3,1,0
OUCMachineLearning_OUCML.GAN.self_attention _gan,trainer,Trainer,save_sample,3,1,1
OUCMachineLearning_OUCML.GAN.self_attention _gan,utils,,make_folder,3,2,2
OUCMachineLearning_OUCML.GAN.self_attention _gan,utils,,tensor2var,4,2,2
OUCMachineLearning_OUCML.GAN.self_attention _gan,utils,,var2tensor,2,1,1
OUCMachineLearning_OUCML.GAN.self_attention _gan,utils,,var2numpy,2,1,1
OUCMachineLearning_OUCML.GAN.self_attention _gan,utils,,denorm,3,1,1
OUCMachineLearning_OUCML.GAN.srgan_celebA,data_loader,DataLoader,__init__,3,1,2
OUCMachineLearning_OUCML.GAN.srgan_celebA,data_loader,DataLoader,load_data,25,4,2
OUCMachineLearning_OUCML.GAN.srgan_celebA,data_loader,DataLoader,imread,2,1,1
OUCMachineLearning_OUCML.GAN.srgan_celebA,srgan,SRGAN,__init__,37,1,0
OUCMachineLearning_OUCML.GAN.srgan_celebA,srgan,SRGAN,build_vgg,8,1,0
OUCMachineLearning_OUCML.GAN.srgan_celebA,srgan,SRGAN,build_generator,29,0,0
OUCMachineLearning_OUCML.GAN.srgan_celebA,srgan,SRGAN,build_discriminator,21,1,0
OUCMachineLearning_OUCML.GAN.srgan_celebA,srgan,SRGAN,train,73,3,3
OUCMachineLearning_OUCML.GAN.srgan_celebA,srgan,SRGAN,sample_images,24,4,1
OUCMachineLearning_OUCML.GAN.srgan_celebA,srgan,,merge,8,2,2
OUCMachineLearning_OUCML.GAN.wgan_gp,wgan_gp,RandomWeightedAverage,_merge_function,3,1,1
OUCMachineLearning_OUCML.GAN.wgan_gp,wgan_gp,WGANGP,__init__,35,1,0
OUCMachineLearning_OUCML.GAN.wgan_gp,wgan_gp,WGANGP,gradient_penalty_loss,10,1,3
OUCMachineLearning_OUCML.GAN.wgan_gp,wgan_gp,WGANGP,wasserstein_loss,2,1,2
OUCMachineLearning_OUCML.GAN.wgan_gp,wgan_gp,WGANGP,build_generator,18,1,0
OUCMachineLearning_OUCML.GAN.wgan_gp,wgan_gp,WGANGP,build_critic,24,1,0
OUCMachineLearning_OUCML.GAN.wgan_gp,wgan_gp,WGANGP,train,36,4,3
OUCMachineLearning_OUCML.GAN.wgan_gp,wgan_gp,WGANGP,sample_images,8,1,1
OUCMachineLearning_OUCML.GAN.wgan_gp,wgan_gp,,merge,8,2,2
OUCMachineLearning_OUCML.GAN.人脸还原SCFEGAN,demo,Ex,__init__,25,1,2
OUCMachineLearning_OUCML.GAN.人脸还原SCFEGAN,demo,Ex,mode_select,4,2,1
OUCMachineLearning_OUCML.GAN.人脸还原SCFEGAN,demo,Ex,open,25,5,0
OUCMachineLearning_OUCML.GAN.人脸还原SCFEGAN,demo,Ex,mask_mode,2,1,0
OUCMachineLearning_OUCML.GAN.人脸还原SCFEGAN,demo,Ex,sketch_mode,2,1,0
OUCMachineLearning_OUCML.GAN.人脸还原SCFEGAN,demo,Ex,stroke_mode,5,2,0
OUCMachineLearning_OUCML.GAN.人脸还原SCFEGAN,demo,Ex,color_change_mode,5,1,0
OUCMachineLearning_OUCML.GAN.人脸还原SCFEGAN,demo,Ex,complete,37,3,0
OUCMachineLearning_OUCML.GAN.人脸还原SCFEGAN,demo,Ex,make_noise,6,1,0
OUCMachineLearning_OUCML.GAN.人脸还原SCFEGAN,demo,Ex,make_mask,14,3,1
OUCMachineLearning_OUCML.GAN.人脸还原SCFEGAN,demo,Ex,make_sketch,16,3,1
OUCMachineLearning_OUCML.GAN.人脸还原SCFEGAN,demo,Ex,make_stroke,15,3,1
OUCMachineLearning_OUCML.GAN.人脸还原SCFEGAN,demo,Ex,arrange,18,7,0
OUCMachineLearning_OUCML.GAN.人脸还原SCFEGAN,demo,Ex,save_img,5,2,0
OUCMachineLearning_OUCML.GAN.人脸还原SCFEGAN,demo,Ex,undo,2,1,0
OUCMachineLearning_OUCML.GAN.人脸还原SCFEGAN,demo,Ex,clear,5,2,0
OUCMachineLearning_OUCML.GAN.人脸还原SCFEGAN,model,Model,__init__,19,1,1
OUCMachineLearning_OUCML.GAN.人脸还原SCFEGAN,model,Model,build_gen,58,1,5
OUCMachineLearning_OUCML.GAN.人脸还原SCFEGAN,model,Model,build_demo_graph,6,1,1
OUCMachineLearning_OUCML.GAN.人脸还原SCFEGAN,model,Model,load_demo_graph,24,3,1
OUCMachineLearning_OUCML.GAN.人脸还原SCFEGAN,model,Model,warmup,10,1,1
OUCMachineLearning_OUCML.GAN.人脸还原SCFEGAN,model,Model,demo,9,1,2
OUCMachineLearning_OUCML.GAN.人脸还原SCFEGAN,ops,,gate_conv,18,5,10
OUCMachineLearning_OUCML.GAN.人脸还原SCFEGAN,ops,,gate_deconv,22,1,9
OUCMachineLearning_OUCML.GAN.人脸还原SCFEGAN.ui,mouse_event,GraphicsScene,__init__,10,1,2
OUCMachineLearning_OUCML.GAN.人脸还原SCFEGAN.ui,mouse_event,GraphicsScene,reset,7,1,0
OUCMachineLearning_OUCML.GAN.人脸还原SCFEGAN.ui,mouse_event,GraphicsScene,mousePressEvent,2,1,1
OUCMachineLearning_OUCML.GAN.人脸还原SCFEGAN.ui,mouse_event,GraphicsScene,mouseReleaseEvent,3,1,1
OUCMachineLearning_OUCML.GAN.人脸还原SCFEGAN.ui,mouse_event,GraphicsScene,mouseMoveEvent,36,8,1
OUCMachineLearning_OUCML.GAN.人脸还原SCFEGAN.ui,mouse_event,GraphicsScene,drawMask,4,1,2
OUCMachineLearning_OUCML.GAN.人脸还原SCFEGAN.ui,mouse_event,GraphicsScene,drawSketch,4,1,2
OUCMachineLearning_OUCML.GAN.人脸还原SCFEGAN.ui,mouse_event,GraphicsScene,drawStroke,4,1,2
OUCMachineLearning_OUCML.GAN.人脸还原SCFEGAN.ui,mouse_event,GraphicsScene,get_stk_color,2,1,1
OUCMachineLearning_OUCML.GAN.人脸还原SCFEGAN.ui,mouse_event,GraphicsScene,erase_prev_pt,2,1,0
OUCMachineLearning_OUCML.GAN.人脸还原SCFEGAN.ui,mouse_event,GraphicsScene,reset_items,4,2,0
OUCMachineLearning_OUCML.GAN.人脸还原SCFEGAN.ui,mouse_event,GraphicsScene,undo,32,13,0
OUCMachineLearning_OUCML.GAN.人脸还原SCFEGAN.ui,ui,Ui_Form,setupUi,51,1,1
OUCMachineLearning_OUCML.GAN.人脸还原SCFEGAN.ui,ui,Ui_Form,retranslateUi,13,1,1
OUCMachineLearning_OUCML.GAN.人脸还原SCFEGAN.utils,config,Config,__init__,10,2,1
OUCMachineLearning_OUCML.GAN.人脸还原SCFEGAN.utils,config,Config,__getattr__,5,2,1
OUCMachineLearning_OUCML.One_Day_One_GAN.day1.gan,gan,GAN,__init__,18,1,0
OUCMachineLearning_OUCML.One_Day_One_GAN.day1.gan,gan,GAN,build_generator,17,1,0
OUCMachineLearning_OUCML.One_Day_One_GAN.day1.gan,gan,GAN,build_discriminator,12,1,0
OUCMachineLearning_OUCML.One_Day_One_GAN.day1.gan,gan,GAN,train,41,3,3
OUCMachineLearning_OUCML.One_Day_One_GAN.day1.gan,gan,GAN,sample_images,14,3,1
OUCMachineLearning_OUCML.One_Day_One_GAN.day1.gan_t,gan,Generator,__init__,16,2,0
OUCMachineLearning_OUCML.One_Day_One_GAN.day1.gan_t,gan,Generator,forward,4,1,1
OUCMachineLearning_OUCML.One_Day_One_GAN.day1.gan_t,gan,Discriminator,__init__,10,1,0
OUCMachineLearning_OUCML.One_Day_One_GAN.day1.gan_t,gan,Discriminator,forward,4,1,1
OUCMachineLearning_OUCML.One_Day_One_GAN.day10,md2zh,,repl,3,1,1
OUCMachineLearning_OUCML.One_Day_One_GAN.day10.infogan,infogan,INFOGAN,__init__,25,1,0
OUCMachineLearning_OUCML.One_Day_One_GAN.day10.infogan,infogan,INFOGAN,build_generator,19,1,0
OUCMachineLearning_OUCML.One_Day_One_GAN.day10.infogan,infogan,INFOGAN,build_disk_and_q_net,25,1,0
OUCMachineLearning_OUCML.One_Day_One_GAN.day10.infogan,infogan,INFOGAN,mutual_info_loss,5,1,2
OUCMachineLearning_OUCML.One_Day_One_GAN.day10.infogan,infogan,INFOGAN,sample_generator_input,5,1,1
OUCMachineLearning_OUCML.One_Day_One_GAN.day10.infogan,infogan,INFOGAN,train,43,3,3
OUCMachineLearning_OUCML.One_Day_One_GAN.day10.infogan,infogan,INFOGAN,sample_images,14,3,1
OUCMachineLearning_OUCML.One_Day_One_GAN.day10.infogan,infogan,INFOGAN,save_model,11,1,0
OUCMachineLearning_OUCML.One_Day_One_GAN.day12.began,began,Generator,__init__,17,1,0
OUCMachineLearning_OUCML.One_Day_One_GAN.day12.began,began,Generator,forward,5,1,1
OUCMachineLearning_OUCML.One_Day_One_GAN.day12.began,began,Discriminator,__init__,20,1,0
OUCMachineLearning_OUCML.One_Day_One_GAN.day12.began,began,Discriminator,forward,5,1,1
OUCMachineLearning_OUCML.One_Day_One_GAN.day12.began,began,,weights_init_normal,7,3,1
OUCMachineLearning_OUCML.One_Day_One_GAN.day13,to_zhihu,,repl,3,1,1
OUCMachineLearning_OUCML.One_Day_One_GAN.day13.cyclegan,cyclegan,,sample_images,14,1,1
OUCMachineLearning_OUCML.One_Day_One_GAN.day13.cyclegan,datasets,ImageDataset,__init__,5,1,4
OUCMachineLearning_OUCML.One_Day_One_GAN.day13.cyclegan,datasets,ImageDataset,__getitem__,13,4,1
OUCMachineLearning_OUCML.One_Day_One_GAN.day13.cyclegan,datasets,ImageDataset,__len__,2,1,0
OUCMachineLearning_OUCML.One_Day_One_GAN.day13.cyclegan,datasets,,to_rgb,4,1,1
OUCMachineLearning_OUCML.One_Day_One_GAN.day13.cyclegan,models,ResidualBlock,__init__,11,1,1
OUCMachineLearning_OUCML.One_Day_One_GAN.day13.cyclegan,models,ResidualBlock,forward,2,1,1
OUCMachineLearning_OUCML.One_Day_One_GAN.day13.cyclegan,models,GeneratorResNet,__init__,32,4,2
OUCMachineLearning_OUCML.One_Day_One_GAN.day13.cyclegan,models,GeneratorResNet,forward,2,1,1
OUCMachineLearning_OUCML.One_Day_One_GAN.day13.cyclegan,models,Discriminator,__init__,19,2,1
OUCMachineLearning_OUCML.One_Day_One_GAN.day13.cyclegan,models,Discriminator,forward,2,1,1
OUCMachineLearning_OUCML.One_Day_One_GAN.day13.cyclegan,models,,weights_init_normal,9,5,1
OUCMachineLearning_OUCML.One_Day_One_GAN.day13.cyclegan,utils,ReplayBuffer,__init__,4,1,1
OUCMachineLearning_OUCML.One_Day_One_GAN.day13.cyclegan,utils,ReplayBuffer,push_and_pop,15,4,1
OUCMachineLearning_OUCML.One_Day_One_GAN.day13.cyclegan,utils,LambdaLR,__init__,5,1,3
OUCMachineLearning_OUCML.One_Day_One_GAN.day13.cyclegan,utils,LambdaLR,step,2,1,1
OUCMachineLearning_OUCML.One_Day_One_GAN.day14.pix2pix,datasets,ImageDataset,__init__,5,2,3
OUCMachineLearning_OUCML.One_Day_One_GAN.day14.pix2pix,datasets,ImageDataset,__getitem__,11,2,1
OUCMachineLearning_OUCML.One_Day_One_GAN.day14.pix2pix,datasets,ImageDataset,__len__,2,1,0
OUCMachineLearning_OUCML.One_Day_One_GAN.day14.pix2pix,models,UNetDown,__init__,9,3,4
OUCMachineLearning_OUCML.One_Day_One_GAN.day14.pix2pix,models,UNetDown,forward,2,1,1
OUCMachineLearning_OUCML.One_Day_One_GAN.day14.pix2pix,models,UNetUp,__init__,10,2,3
OUCMachineLearning_OUCML.One_Day_One_GAN.day14.pix2pix,models,UNetUp,forward,4,1,2
OUCMachineLearning_OUCML.One_Day_One_GAN.day14.pix2pix,models,GeneratorUNet,__init__,23,1,2
OUCMachineLearning_OUCML.One_Day_One_GAN.day14.pix2pix,models,GeneratorUNet,forward,17,1,1
OUCMachineLearning_OUCML.One_Day_One_GAN.day14.pix2pix,models,Discriminator,__init__,17,2,1
OUCMachineLearning_OUCML.One_Day_One_GAN.day14.pix2pix,models,Discriminator,forward,3,1,2
OUCMachineLearning_OUCML.One_Day_One_GAN.day14.pix2pix,models,,weights_init_normal,7,3,1
OUCMachineLearning_OUCML.One_Day_One_GAN.day14.pix2pix,pix2pix,,sample_images,7,1,1
OUCMachineLearning_OUCML.One_Day_One_GAN.day15,model,,sampling,7,1,1
OUCMachineLearning_OUCML.One_Day_One_GAN.day15,model,,build_model,42,1,0
OUCMachineLearning_OUCML.One_Day_One_GAN.day15,model,,from_weights,4,1,1
OUCMachineLearning_OUCML.One_Day_One_GAN.day15,vae,VAE,__init__,7,1,0
OUCMachineLearning_OUCML.One_Day_One_GAN.day15,vae,VAE,encode,3,1,1
OUCMachineLearning_OUCML.One_Day_One_GAN.day15,vae,VAE,reparametrize,8,2,2
OUCMachineLearning_OUCML.One_Day_One_GAN.day15,vae,VAE,decode,3,1,1
OUCMachineLearning_OUCML.One_Day_One_GAN.day15,vae,VAE,forward,4,1,1
OUCMachineLearning_OUCML.One_Day_One_GAN.day15,vae,,to_img,4,1,1
OUCMachineLearning_OUCML.One_Day_One_GAN.day15,vae,,loss_function,7,1,4
OUCMachineLearning_OUCML.One_Day_One_GAN.day16,md2zh,,repl,3,1,1
OUCMachineLearning_OUCML.One_Day_One_GAN.day18.Self-Supervised-GANs-master,Model,SSGAN,__init__,31,1,2
OUCMachineLearning_OUCML.One_Day_One_GAN.day18.Self-Supervised-GANs-master,Model,SSGAN,build_model_GAN,87,9,0
OUCMachineLearning_OUCML.One_Day_One_GAN.day18.Self-Supervised-GANs-master,Model,SSGAN,Accuracy,3,1,2
OUCMachineLearning_OUCML.One_Day_One_GAN.day18.Self-Supervised-GANs-master,Model,SSGAN,loss_dis,4,1,2
OUCMachineLearning_OUCML.One_Day_One_GAN.day18.Self-Supervised-GANs-master,Model,SSGAN,Rotation_by_R_label,6,1,2
OUCMachineLearning_OUCML.One_Day_One_GAN.day18.Self-Supervised-GANs-master,Model,SSGAN,Rotation_ALL,12,1,1
OUCMachineLearning_OUCML.One_Day_One_GAN.day18.Self-Supervised-GANs-master,Model,SSGAN,loss_gen,2,1,1
OUCMachineLearning_OUCML.One_Day_One_GAN.day18.Self-Supervised-GANs-master,Model,SSGAN,loss_hinge_dis,4,1,2
OUCMachineLearning_OUCML.One_Day_One_GAN.day18.Self-Supervised-GANs-master,Model,SSGAN,loss_hinge_gen,3,1,1
OUCMachineLearning_OUCML.One_Day_One_GAN.day18.Self-Supervised-GANs-master,Model,SSGAN,kl_loss_compute,7,1,2
OUCMachineLearning_OUCML.One_Day_One_GAN.day18.Self-Supervised-GANs-master,Model,SSGAN,test2,19,3,0
OUCMachineLearning_OUCML.One_Day_One_GAN.day18.Self-Supervised-GANs-master,Model,SSGAN,train,173,17,0
OUCMachineLearning_OUCML.One_Day_One_GAN.day18.Self-Supervised-GANs-master,Model,SSGAN,discriminate,50,5,3
OUCMachineLearning_OUCML.One_Day_One_GAN.day18.Self-Supervised-GANs-master,Model,SSGAN,generate,34,5,5
OUCMachineLearning_OUCML.One_Day_One_GAN.day18.Self-Supervised-GANs-master,Model,SSGAN,_init_inception,43,8,0
OUCMachineLearning_OUCML.One_Day_One_GAN.day18.Self-Supervised-GANs-master,download,,prepare_h5py,25,4,4
OUCMachineLearning_OUCML.One_Day_One_GAN.day18.Self-Supervised-GANs-master,download,,download_mnist,19,3,1
OUCMachineLearning_OUCML.One_Day_One_GAN.day18.Self-Supervised-GANs-master,download,,download_fashion_mnist,30,4,1
OUCMachineLearning_OUCML.One_Day_One_GAN.day18.Self-Supervised-GANs-master,download,,download_svhn,21,1,1
OUCMachineLearning_OUCML.One_Day_One_GAN.day18.Self-Supervised-GANs-master,download,,download_cifar10,37,3,1
OUCMachineLearning_OUCML.One_Day_One_GAN.day18.Self-Supervised-GANs-master,ops,,log_sum_exp,3,1,2
OUCMachineLearning_OUCML.One_Day_One_GAN.day18.Self-Supervised-GANs-master,ops,,lrelu,2,1,2
OUCMachineLearning_OUCML.One_Day_One_GAN.day18.Self-Supervised-GANs-master,ops,,conv2d,18,2,10
OUCMachineLearning_OUCML.One_Day_One_GAN.day18.Self-Supervised-GANs-master,ops,,instance_norm,12,1,2
OUCMachineLearning_OUCML.One_Day_One_GAN.day18.Self-Supervised-GANs-master,ops,,weight_normalization,12,2,2
OUCMachineLearning_OUCML.One_Day_One_GAN.day18.Self-Supervised-GANs-master,ops,,de_conv,20,2,10
OUCMachineLearning_OUCML.One_Day_One_GAN.day18.Self-Supervised-GANs-master,ops,,avgpool2d,2,1,2
OUCMachineLearning_OUCML.One_Day_One_GAN.day18.Self-Supervised-GANs-master,ops,,upscale,3,1,2
OUCMachineLearning_OUCML.One_Day_One_GAN.day18.Self-Supervised-GANs-master,ops,,get_conv_shape,3,1,1
OUCMachineLearning_OUCML.One_Day_One_GAN.day18.Self-Supervised-GANs-master,ops,,int_shape,3,1,1
OUCMachineLearning_OUCML.One_Day_One_GAN.day18.Self-Supervised-GANs-master,ops,,resize_nearest_neighbor,3,1,2
OUCMachineLearning_OUCML.One_Day_One_GAN.day18.Self-Supervised-GANs-master,ops,,fully_connect,16,3,8
OUCMachineLearning_OUCML.One_Day_One_GAN.day18.Self-Supervised-GANs-master,ops,,conv_cond_concat,4,1,2
OUCMachineLearning_OUCML.One_Day_One_GAN.day18.Self-Supervised-GANs-master,ops,,batch_normal,3,1,4
OUCMachineLearning_OUCML.One_Day_One_GAN.day18.Self-Supervised-GANs-master,ops,,Residual_G,15,0,7
OUCMachineLearning_OUCML.One_Day_One_GAN.day18.Self-Supervised-GANs-master,ops,,Residual_D,22,1,8
OUCMachineLearning_OUCML.One_Day_One_GAN.day18.Self-Supervised-GANs-master,ops,,_l2normalize,2,1,2
OUCMachineLearning_OUCML.One_Day_One_GAN.day18.Self-Supervised-GANs-master,ops,,spectral_norm,33,4,5
OUCMachineLearning_OUCML.One_Day_One_GAN.day18.Self-Supervised-GANs-master,ops,,variable_summaries,11,1,2
OUCMachineLearning_OUCML.One_Day_One_GAN.day18.Self-Supervised-GANs-master,utils,STL,__init__,11,1,1
OUCMachineLearning_OUCML.One_Day_One_GAN.day18.Self-Supervised-GANs-master,utils,STL,load_stl10,15,2,0
OUCMachineLearning_OUCML.One_Day_One_GAN.day18.Self-Supervised-GANs-master,utils,STL,getNextBatch,5,2,1
OUCMachineLearning_OUCML.One_Day_One_GAN.day18.Self-Supervised-GANs-master,utils,STL,getNextBatch2,2,1,2
OUCMachineLearning_OUCML.One_Day_One_GAN.day18.Self-Supervised-GANs-master,utils,Cifar,__init__,12,1,1
OUCMachineLearning_OUCML.One_Day_One_GAN.day18.Self-Supervised-GANs-master,utils,Cifar,load_cifar,29,2,0
OUCMachineLearning_OUCML.One_Day_One_GAN.day18.Self-Supervised-GANs-master,utils,Cifar,getNextBatch,5,2,1
OUCMachineLearning_OUCML.One_Day_One_GAN.day18.Self-Supervised-GANs-master,utils,Cifar,getNextBatch2,2,1,2
OUCMachineLearning_OUCML.One_Day_One_GAN.day18.Self-Supervised-GANs-master,utils,CelebA,__init__,7,1,1
OUCMachineLearning_OUCML.One_Day_One_GAN.day18.Self-Supervised-GANs-master,utils,CelebA,load_celebA,3,1,0
OUCMachineLearning_OUCML.One_Day_One_GAN.day18.Self-Supervised-GANs-master,utils,CelebA,getShapeForData,5,1,1
OUCMachineLearning_OUCML.One_Day_One_GAN.day18.Self-Supervised-GANs-master,utils,CelebA,getNextBatch,13,2,2
OUCMachineLearning_OUCML.One_Day_One_GAN.day18.Self-Supervised-GANs-master,utils,,mkdir_p,9,5,1
OUCMachineLearning_OUCML.One_Day_One_GAN.day18.Self-Supervised-GANs-master,utils,,get_image,2,1,5
OUCMachineLearning_OUCML.One_Day_One_GAN.day18.Self-Supervised-GANs-master,utils,,transform,9,2,4
OUCMachineLearning_OUCML.One_Day_One_GAN.day18.Self-Supervised-GANs-master,utils,,center_crop,8,2,4
OUCMachineLearning_OUCML.One_Day_One_GAN.day18.Self-Supervised-GANs-master,utils,,save_images,2,1,3
OUCMachineLearning_OUCML.One_Day_One_GAN.day18.Self-Supervised-GANs-master,utils,,imread,5,1,2
OUCMachineLearning_OUCML.One_Day_One_GAN.day18.Self-Supervised-GANs-master,utils,,imsave,2,1,3
OUCMachineLearning_OUCML.One_Day_One_GAN.day18.Self-Supervised-GANs-master,utils,,merge,8,2,2
OUCMachineLearning_OUCML.One_Day_One_GAN.day18.Self-Supervised-GANs-master,utils,,inverse_transform,2,1,1
OUCMachineLearning_OUCML.One_Day_One_GAN.day18.Self-Supervised-GANs-master,utils,,read_image_list,15,4,1
OUCMachineLearning_OUCML.One_Day_One_GAN.day18.Self-Supervised-GANs-master,utils,,read_all_image_list,15,4,1
OUCMachineLearning_OUCML.One_Day_One_GAN.day18.Self-Supervised-GANs-master,utils,,read_image_list_file,32,5,2
OUCMachineLearning_OUCML.One_Day_One_GAN.day2.dcgan,dcgan,DCGAN,__init__,18,1,0
OUCMachineLearning_OUCML.One_Day_One_GAN.day2.dcgan,dcgan,DCGAN,build_generator,18,1,0
OUCMachineLearning_OUCML.One_Day_One_GAN.day2.dcgan,dcgan,DCGAN,build_discriminator,24,1,0
OUCMachineLearning_OUCML.One_Day_One_GAN.day2.dcgan,dcgan,DCGAN,train,38,3,3
OUCMachineLearning_OUCML.One_Day_One_GAN.day2.dcgan,dcgan,DCGAN,save_imgs,14,3,1
OUCMachineLearning_OUCML.One_Day_One_GAN.day3.cgan,cgan,CGAN,__init__,21,1,0
OUCMachineLearning_OUCML.One_Day_One_GAN.day3.cgan,cgan,CGAN,build_generator,21,1,0
OUCMachineLearning_OUCML.One_Day_One_GAN.day3.cgan,cgan,CGAN,build_discriminator,19,1,0
OUCMachineLearning_OUCML.One_Day_One_GAN.day3.cgan,cgan,CGAN,train,44,3,3
OUCMachineLearning_OUCML.One_Day_One_GAN.day3.cgan,cgan,CGAN,sample_images,16,3,1
OUCMachineLearning_OUCML.One_Day_One_GAN.day4.acgan,acgan,ACGAN,__init__,22,1,0
OUCMachineLearning_OUCML.One_Day_One_GAN.day4.acgan,acgan,ACGAN,build_generator,22,1,0
OUCMachineLearning_OUCML.One_Day_One_GAN.day4.acgan,acgan,ACGAN,build_discriminator,24,1,0
OUCMachineLearning_OUCML.One_Day_One_GAN.day4.acgan,acgan,ACGAN,train,50,3,3
OUCMachineLearning_OUCML.One_Day_One_GAN.day4.acgan,acgan,ACGAN,sample_images,15,3,1
OUCMachineLearning_OUCML.One_Day_One_GAN.day4.acgan,acgan,ACGAN,save_model,11,1,0
OUCMachineLearning_OUCML.One_Day_One_GAN.day5.wgan,wgan,WGAN,__init__,22,1,0
OUCMachineLearning_OUCML.One_Day_One_GAN.day5.wgan,wgan,WGAN,wasserstein_loss,2,1,2
OUCMachineLearning_OUCML.One_Day_One_GAN.day5.wgan,wgan,WGAN,build_generator,18,1,0
OUCMachineLearning_OUCML.One_Day_One_GAN.day5.wgan,wgan,WGAN,build_critic,24,1,0
OUCMachineLearning_OUCML.One_Day_One_GAN.day5.wgan,wgan,WGAN,train,48,5,3
OUCMachineLearning_OUCML.One_Day_One_GAN.day5.wgan,wgan,WGAN,sample_images,14,3,1
OUCMachineLearning_OUCML.One_Day_One_GAN.day6.srgan,data_loader,DataLoader,__init__,3,1,2
OUCMachineLearning_OUCML.One_Day_One_GAN.day6.srgan,data_loader,DataLoader,load_data,25,4,2
OUCMachineLearning_OUCML.One_Day_One_GAN.day6.srgan,data_loader,DataLoader,imread,2,1,1
OUCMachineLearning_OUCML.One_Day_One_GAN.day6.srgan,srgan,SRGAN,__init__,37,1,0
OUCMachineLearning_OUCML.One_Day_One_GAN.day6.srgan,srgan,SRGAN,build_vgg,8,1,0
OUCMachineLearning_OUCML.One_Day_One_GAN.day6.srgan,srgan,SRGAN,build_generator,29,0,0
OUCMachineLearning_OUCML.One_Day_One_GAN.day6.srgan,srgan,SRGAN,build_discriminator,21,1,0
OUCMachineLearning_OUCML.One_Day_One_GAN.day6.srgan,srgan,SRGAN,train,45,3,3
OUCMachineLearning_OUCML.One_Day_One_GAN.day6.srgan,srgan,SRGAN,sample_images,24,4,1
OUCMachineLearning_OUCML.One_Day_One_GAN.day6.srgan_pytorch,PSRN_SSIM,,main,46,7,0
OUCMachineLearning_OUCML.One_Day_One_GAN.day6.srgan_pytorch,PSRN_SSIM,,calculate_psnr,7,1,2
OUCMachineLearning_OUCML.One_Day_One_GAN.day6.srgan_pytorch,PSRN_SSIM,,ssim,18,1,2
OUCMachineLearning_OUCML.One_Day_One_GAN.day6.srgan_pytorch,PSRN_SSIM,,calculate_ssim,16,5,2
OUCMachineLearning_OUCML.One_Day_One_GAN.day6.srgan_pytorch,PSRN_SSIM,,bgr2ycbcr,16,4,2
OUCMachineLearning_OUCML.One_Day_One_GAN.day6.srgan_pytorch,datasets,ImageDataset,__init__,18,1,2
OUCMachineLearning_OUCML.One_Day_One_GAN.day6.srgan_pytorch,datasets,ImageDataset,__getitem__,5,1,1
OUCMachineLearning_OUCML.One_Day_One_GAN.day6.srgan_pytorch,datasets,ImageDataset,__len__,2,1,0
OUCMachineLearning_OUCML.One_Day_One_GAN.day6.srgan_pytorch,datasets,,denormalize,4,2,1
OUCMachineLearning_OUCML.One_Day_One_GAN.day6.srgan_pytorch,models,FeatureExtractor,__init__,4,1,0
OUCMachineLearning_OUCML.One_Day_One_GAN.day6.srgan_pytorch,models,FeatureExtractor,forward,2,1,1
OUCMachineLearning_OUCML.One_Day_One_GAN.day6.srgan_pytorch,models,DenseResidualBlock,__init__,14,2,2
OUCMachineLearning_OUCML.One_Day_One_GAN.day6.srgan_pytorch,models,DenseResidualBlock,forward,6,2,1
OUCMachineLearning_OUCML.One_Day_One_GAN.day6.srgan_pytorch,models,ResidualInResidualDenseBlock,__init__,6,1,2
OUCMachineLearning_OUCML.One_Day_One_GAN.day6.srgan_pytorch,models,ResidualInResidualDenseBlock,forward,2,1,1
OUCMachineLearning_OUCML.One_Day_One_GAN.day6.srgan_pytorch,models,GeneratorRRDB,__init__,18,2,4
OUCMachineLearning_OUCML.One_Day_One_GAN.day6.srgan_pytorch,models,GeneratorRRDB,forward,8,1,1
OUCMachineLearning_OUCML.One_Day_One_GAN.day6.srgan_pytorch,models,Discriminator,__init__,23,3,1
OUCMachineLearning_OUCML.One_Day_One_GAN.day6.srgan_pytorch,models,Discriminator,forward,2,1,1
OUCMachineLearning_OUCML.One_Day_One_GAN.day6.srgan_pytorch,spectral,SpectralNorm,__init__,7,2,3
OUCMachineLearning_OUCML.One_Day_One_GAN.day6.srgan_pytorch,spectral,SpectralNorm,_update_u_v,10,2,0
OUCMachineLearning_OUCML.One_Day_One_GAN.day6.srgan_pytorch,spectral,SpectralNorm,_made_params,8,1,0
OUCMachineLearning_OUCML.One_Day_One_GAN.day6.srgan_pytorch,spectral,SpectralNorm,_make_params,13,1,0
OUCMachineLearning_OUCML.One_Day_One_GAN.day6.srgan_pytorch,spectral,SpectralNorm,forward,3,1,0
OUCMachineLearning_OUCML.One_Day_One_GAN.day6.srgan_pytorch,spectral,,l2normalize,2,1,2
OUCMachineLearning_OUCML.One_Day_One_GAN.day7.esrgan,datasets,ImageDataset,__init__,17,1,2
OUCMachineLearning_OUCML.One_Day_One_GAN.day7.esrgan,datasets,ImageDataset,__getitem__,5,1,1
OUCMachineLearning_OUCML.One_Day_One_GAN.day7.esrgan,datasets,ImageDataset,__len__,2,1,0
OUCMachineLearning_OUCML.One_Day_One_GAN.day7.esrgan,models,FeatureExtractor,__init__,4,1,0
OUCMachineLearning_OUCML.One_Day_One_GAN.day7.esrgan,models,FeatureExtractor,forward,2,1,1
OUCMachineLearning_OUCML.One_Day_One_GAN.day7.esrgan,models,DenseResidualBlock,__init__,14,2,2
OUCMachineLearning_OUCML.One_Day_One_GAN.day7.esrgan,models,DenseResidualBlock,forward,6,2,1
OUCMachineLearning_OUCML.One_Day_One_GAN.day7.esrgan,models,ResidualInResidualDenseBlock,__init__,6,1,2
OUCMachineLearning_OUCML.One_Day_One_GAN.day7.esrgan,models,ResidualInResidualDenseBlock,forward,2,1,1
OUCMachineLearning_OUCML.One_Day_One_GAN.day7.esrgan,models,GeneratorRRDB,__init__,18,2,4
OUCMachineLearning_OUCML.One_Day_One_GAN.day7.esrgan,models,GeneratorRRDB,forward,8,1,1
OUCMachineLearning_OUCML.One_Day_One_GAN.day7.esrgan,models,Discriminator,__init__,23,3,1
OUCMachineLearning_OUCML.One_Day_One_GAN.day7.esrgan,models,Discriminator,forward,2,1,1
OUCMachineLearning_OUCML.Regularization.Cutout-master,train,,test,17,2,1
OUCMachineLearning_OUCML.Regularization.Cutout-master.model,resnet,BasicBlock,__init__,12,3,3
OUCMachineLearning_OUCML.Regularization.Cutout-master.model,resnet,BasicBlock,forward,6,1,1
OUCMachineLearning_OUCML.Regularization.Cutout-master.model,resnet,Bottleneck,__init__,14,3,3
OUCMachineLearning_OUCML.Regularization.Cutout-master.model,resnet,Bottleneck,forward,7,1,1
OUCMachineLearning_OUCML.Regularization.Cutout-master.model,resnet,ResNet,__init__,10,1,3
OUCMachineLearning_OUCML.Regularization.Cutout-master.model,resnet,ResNet,_make_layer,7,2,4
OUCMachineLearning_OUCML.Regularization.Cutout-master.model,resnet,ResNet,forward,10,1,1
OUCMachineLearning_OUCML.Regularization.Cutout-master.model,resnet,,conv3x3,2,1,3
OUCMachineLearning_OUCML.Regularization.Cutout-master.model,resnet,,ResNet18,2,1,1
OUCMachineLearning_OUCML.Regularization.Cutout-master.model,resnet,,ResNet34,2,1,1
OUCMachineLearning_OUCML.Regularization.Cutout-master.model,resnet,,ResNet50,2,1,1
OUCMachineLearning_OUCML.Regularization.Cutout-master.model,resnet,,ResNet101,2,1,1
OUCMachineLearning_OUCML.Regularization.Cutout-master.model,resnet,,ResNet152,2,1,1
OUCMachineLearning_OUCML.Regularization.Cutout-master.model,resnet,,test_resnet,4,1,0
OUCMachineLearning_OUCML.Regularization.Cutout-master.model,wide_resnet,BasicBlock,__init__,14,3,4
OUCMachineLearning_OUCML.Regularization.Cutout-master.model,wide_resnet,BasicBlock,forward,10,3,1
OUCMachineLearning_OUCML.Regularization.Cutout-master.model,wide_resnet,NetworkBlock,__init__,3,1,6
OUCMachineLearning_OUCML.Regularization.Cutout-master.model,wide_resnet,NetworkBlock,_make_layer,5,6,6
OUCMachineLearning_OUCML.Regularization.Cutout-master.model,wide_resnet,NetworkBlock,forward,2,1,1
OUCMachineLearning_OUCML.Regularization.Cutout-master.model,wide_resnet,WideResNet,__init__,24,5,4
OUCMachineLearning_OUCML.Regularization.Cutout-master.model,wide_resnet,WideResNet,forward,10,1,1
OUCMachineLearning_OUCML.Regularization.Cutout-master.util,cutout,Cutout,__init__,3,1,2
OUCMachineLearning_OUCML.Regularization.Cutout-master.util,cutout,Cutout,__call__,20,2,1
OUCMachineLearning_OUCML.Regularization.Cutout-master.util,misc,CSVLogger,__init__,10,2,3
OUCMachineLearning_OUCML.Regularization.Cutout-master.util,misc,CSVLogger,writerow,3,1,1
OUCMachineLearning_OUCML.Regularization.Cutout-master.util,misc,CSVLogger,close,2,1,0
OUCMachineLearning_OUCML.代码技巧汇总,TF_GAN_util,Generator,__init__,2,1,1
OUCMachineLearning_OUCML.代码技巧汇总,TF_GAN_util,Generator,__call__,41,1,2
OUCMachineLearning_OUCML.代码技巧汇总,TF_GAN_util,Generator,var,2,1,0
OUCMachineLearning_OUCML.代码技巧汇总,TF_GAN_util,Discriminator,__init__,2,1,1
OUCMachineLearning_OUCML.代码技巧汇总,TF_GAN_util,Discriminator,__call__,30,1,3
OUCMachineLearning_OUCML.代码技巧汇总,TF_GAN_util,Discriminator,var,2,1,0
OUCMachineLearning_OUCML.代码技巧汇总,TF_GAN_util,GAN,__init__,81,9,0
OUCMachineLearning_OUCML.代码技巧汇总,TF_GAN_util,GAN,__call__,38,8,0
OUCMachineLearning_OUCML.代码技巧汇总,TF_GAN_util,GAN,test,14,3,0
OUCMachineLearning_OUCML.代码技巧汇总,TF_GAN_util,GAN,save_imgs,24,3,1
OUCMachineLearning_OUCML.代码技巧汇总,TF_GAN_util,GAN,save_epoch,31,4,2
OUCMachineLearning_OUCML.代码技巧汇总,TF_GAN_util,,deconv,7,1,6
OUCMachineLearning_OUCML.代码技巧汇总,TF_GAN_util,,conv,7,1,5
OUCMachineLearning_OUCML.代码技巧汇总,TF_GAN_util,,fully_connected,7,1,3
OUCMachineLearning_OUCML.代码技巧汇总,TF_GAN_util,,leaky_relu,2,1,2
OUCMachineLearning_OUCML.代码技巧汇总,TF_GAN_util,,spectral_norm,19,1,3
OUCMachineLearning_OUCML.代码技巧汇总,TF_GAN_util,,bn,5,1,1
OUCMachineLearning_OUCML.代码技巧汇总,pair_dataset,ImageDataset,__init__,5,1,4
OUCMachineLearning_OUCML.代码技巧汇总,pair_dataset,ImageDataset,__getitem__,13,4,1
OUCMachineLearning_OUCML.代码技巧汇总,pair_dataset,ImageDataset,__len__,2,1,0
OUCMachineLearning_OUCML.代码技巧汇总,pair_dataset,,to_rgb,4,1,1
