Package,Module,Smell,Class/Module,Line no,File,Details
OUCMachineLearning_OUCML.AutoML.darts-master.cnn,genotypes,Broken modularization,genotypes,1,/Volumes/BrokeExt/NICHE/OUCMachineLearning_OUCML/AutoML/darts-master/cnn/genotypes.py,Module 'genotypes' contains only data members without any method implementations.
OUCMachineLearning_OUCML.AutoML.darts-master.cnn,utils,Multifaceted abstraction,utils,1,/Volumes/BrokeExt/NICHE/OUCMachineLearning_OUCML/AutoML/darts-master/cnn/utils.py,"Class 'utils' has a high LCOM value of 1, indicating it may have multiple responsibilities."
OUCMachineLearning_OUCML.AutoML.darts-master.rnn,genotypes,Broken modularization,genotypes,1,/Volumes/BrokeExt/NICHE/OUCMachineLearning_OUCML/AutoML/darts-master/rnn/genotypes.py,Module 'genotypes' contains only data members without any method implementations.
OUCMachineLearning_OUCML.AutoML.darts-master.rnn,utils,Multifaceted abstraction,utils,1,/Volumes/BrokeExt/NICHE/OUCMachineLearning_OUCML/AutoML/darts-master/rnn/utils.py,"Class 'utils' has a high LCOM value of 1, indicating it may have multiple responsibilities."
OUCMachineLearning_OUCML.GAN.self_attention _gan,utils,Multifaceted abstraction,utils,1,/Volumes/BrokeExt/NICHE/OUCMachineLearning_OUCML/GAN/self_attention _gan/utils.py,"Class 'utils' has a high LCOM value of 1, indicating it may have multiple responsibilities."
OUCMachineLearning_OUCML.GAN.人脸还原SCFEGAN,demo,Broken hierarchy,Ex,15,/Volumes/BrokeExt/NICHE/OUCMachineLearning_OUCML/GAN/人脸还原SCFEGAN/demo.py,Class 'Ex' and its superclass 'Ui_Form' may not share a proper 'IS-A' relationship.
