Package,Module,Smell,Class/Module,Line no,File,Details
SkalskiP_ILearnDeepLearning.py.01_mysteries_of_neural_networks.06_numpy_convolutional_neural_net.src,base,Wide hierarchy,Layer,0,/Volumes/BrokeExt/NICHE/SkalskiP_ILearnDeepLearning.py/01_mysteries_of_neural_networks/06_numpy_convolutional_neural_net/src/base.py,Class 'Layer' has a wide hierarchy with 7 direct subclasses.
SkalskiP_ILearnDeepLearning.py.01_mysteries_of_neural_networks.06_numpy_convolutional_neural_net.src.layers,dropout,Rebellious hierarchy,DropoutLayer,6,/Volumes/BrokeExt/NICHE/SkalskiP_ILearnDeepLearning.py/01_mysteries_of_neural_networks/06_numpy_convolutional_neural_net/src/layers/dropout.py,Class 'DropoutLayer' potentially exhibits a rebellious hierarchy; following method(s) rejects the superclass methods: backward_pass.
SkalskiP_ILearnDeepLearning.py.01_mysteries_of_neural_networks.06_numpy_convolutional_neural_net.tests.layers.unit_tests,test_convolutional,Multifaceted abstraction,TestConvLayer2D,9,/Volumes/BrokeExt/NICHE/SkalskiP_ILearnDeepLearning.py/01_mysteries_of_neural_networks/06_numpy_convolutional_neural_net/tests/layers/unit_tests/test_convolutional.py,"Class 'TestConvLayer2D' has a high LCOM value of 0.81, indicating it may have multiple responsibilities."
SkalskiP_ILearnDeepLearning.py.01_mysteries_of_neural_networks.06_numpy_convolutional_neural_net.tests.layers.unit_tests,test_convolutional,Multifaceted abstraction,TestFastConvLayer2D,223,/Volumes/BrokeExt/NICHE/SkalskiP_ILearnDeepLearning.py/01_mysteries_of_neural_networks/06_numpy_convolutional_neural_net/tests/layers/unit_tests/test_convolutional.py,"Class 'TestFastConvLayer2D' has a high LCOM value of 1, indicating it may have multiple responsibilities."
SkalskiP_ILearnDeepLearning.py.01_mysteries_of_neural_networks.06_numpy_convolutional_neural_net.tests.layers.unit_tests,test_convolutional,Multifaceted abstraction,TestSuperFastConvLayer2D,296,/Volumes/BrokeExt/NICHE/SkalskiP_ILearnDeepLearning.py/01_mysteries_of_neural_networks/06_numpy_convolutional_neural_net/tests/layers/unit_tests/test_convolutional.py,"Class 'TestSuperFastConvLayer2D' has a high LCOM value of 1, indicating it may have multiple responsibilities."
SkalskiP_ILearnDeepLearning.py.01_mysteries_of_neural_networks.06_numpy_convolutional_neural_net.tests.layers.unit_tests,test_flatten,Multifaceted abstraction,TestFlattenLayer,6,/Volumes/BrokeExt/NICHE/SkalskiP_ILearnDeepLearning.py/01_mysteries_of_neural_networks/06_numpy_convolutional_neural_net/tests/layers/unit_tests/test_flatten.py,"Class 'TestFlattenLayer' has a high LCOM value of 1, indicating it may have multiple responsibilities."
SkalskiP_ILearnDeepLearning.py.01_mysteries_of_neural_networks.06_numpy_convolutional_neural_net.tests.layers.unit_tests,test_pooling,Multifaceted abstraction,TestMaxPoolLayer,6,/Volumes/BrokeExt/NICHE/SkalskiP_ILearnDeepLearning.py/01_mysteries_of_neural_networks/06_numpy_convolutional_neural_net/tests/layers/unit_tests/test_pooling.py,"Class 'TestMaxPoolLayer' has a high LCOM value of 1, indicating it may have multiple responsibilities."
SkalskiP_ILearnDeepLearning.py.02_data_science_toolkit.03_explaining_image_classifier_predictions,plot_utils,Multifaceted abstraction,PlotUtil,3,/Volumes/BrokeExt/NICHE/SkalskiP_ILearnDeepLearning.py/02_data_science_toolkit/03_explaining_image_classifier_predictions/plot_utils.py,"Class 'PlotUtil' has a high LCOM value of 1, indicating it may have multiple responsibilities."
SkalskiP_ILearnDeepLearning.py.02_data_science_toolkit.04_random_forest__IN_PROGRESS.src,decision_tree,Broken modularization,Node,6,/Volumes/BrokeExt/NICHE/SkalskiP_ILearnDeepLearning.py/02_data_science_toolkit/04_random_forest__IN_PROGRESS/src/decision_tree.py,Class 'Node' contains only data members without any method implementations.
