Package,Module,Class,Smell,Function/Method,Line no,File,Details
bitextor_bitextor,setup,,Long statement,,57,/Volumes/BrokeExt/NICHE/bitextor_bitextor/setup.py,A line with 849 chars in setup exceeds the maximum length of 120 characters.
bitextor_bitextor.bitextor,bitextor_align_segments,,Complex method,align,74 - 212,/Volumes/BrokeExt/NICHE/bitextor_bitextor/bitextor/bitextor_align_segments.py,"Method 'align' has a cyclomatic complexity of 28, exceeding the max of 6."
bitextor_bitextor.bitextor,bitextor_align_segments,,Empty catch block,align,94,/Volumes/BrokeExt/NICHE/bitextor_bitextor/bitextor/bitextor_align_segments.py,Empty catch block found in align.
bitextor_bitextor.bitextor,bitextor_align_segments,,Long method,align,74 - 212,/Volumes/BrokeExt/NICHE/bitextor_bitextor/bitextor/bitextor_align_segments.py,Method 'align' is too long (132 lines).
bitextor_bitextor.bitextor,bitextor_align_segments,,Long parameter list,align,74 - 212,/Volumes/BrokeExt/NICHE/bitextor_bitextor/bitextor/bitextor_align_segments.py,"align has 11 parameters, exceeding the max of 5."
bitextor_bitextor.bitextor,bitextor_align_segments,,Long statement,,215,/Volumes/BrokeExt/NICHE/bitextor_bitextor/bitextor/bitextor_align_segments.py,A line with 152 chars in bitextor_align_segments exceeds the maximum length of 120 characters.
bitextor_bitextor.bitextor,bitextor_align_segments,,Long statement,,218,/Volumes/BrokeExt/NICHE/bitextor_bitextor/bitextor/bitextor_align_segments.py,A line with 270 chars in bitextor_align_segments exceeds the maximum length of 120 characters.
bitextor_bitextor.bitextor,bitextor_align_segments,,Long statement,,222,/Volumes/BrokeExt/NICHE/bitextor_bitextor/bitextor/bitextor_align_segments.py,A line with 209 chars in bitextor_align_segments exceeds the maximum length of 120 characters.
bitextor_bitextor.bitextor,bitextor_align_segments,,Long statement,,226,/Volumes/BrokeExt/NICHE/bitextor_bitextor/bitextor/bitextor_align_segments.py,A line with 156 chars in bitextor_align_segments exceeds the maximum length of 120 characters.
bitextor_bitextor.bitextor,bitextor_align_segments,,Long statement,,228,/Volumes/BrokeExt/NICHE/bitextor_bitextor/bitextor/bitextor_align_segments.py,A line with 270 chars in bitextor_align_segments exceeds the maximum length of 120 characters.
bitextor_bitextor.bitextor,bitextor_align_segments,,Long statement,,231,/Volumes/BrokeExt/NICHE/bitextor_bitextor/bitextor/bitextor_align_segments.py,A line with 171 chars in bitextor_align_segments exceeds the maximum length of 120 characters.
bitextor_bitextor.bitextor,bitextor_align_segments,,Long statement,,233,/Volumes/BrokeExt/NICHE/bitextor_bitextor/bitextor/bitextor_align_segments.py,A line with 149 chars in bitextor_align_segments exceeds the maximum length of 120 characters.
bitextor_bitextor.bitextor,bitextor_align_segments,,Long statement,,313,/Volumes/BrokeExt/NICHE/bitextor_bitextor/bitextor/bitextor_align_segments.py,A line with 181 chars in bitextor_align_segments exceeds the maximum length of 120 characters.
bitextor_bitextor.bitextor,bitextor_build_TMX,,Complex method,printseg,42 - 81,/Volumes/BrokeExt/NICHE/bitextor_bitextor/bitextor/bitextor_build_TMX.py,"Method 'printseg' has a cyclomatic complexity of 18, exceeding the max of 6."
bitextor_bitextor.bitextor,bitextor_build_TMX,,Complex method,printtu,84 - 155,/Volumes/BrokeExt/NICHE/bitextor_bitextor/bitextor/bitextor_build_TMX.py,"Method 'printtu' has a cyclomatic complexity of 18, exceeding the max of 6."
bitextor_bitextor.bitextor,bitextor_build_TMX,,Long method,printtu,84 - 155,/Volumes/BrokeExt/NICHE/bitextor_bitextor/bitextor/bitextor_build_TMX.py,Method 'printtu' is too long (57 lines).
bitextor_bitextor.bitextor,bitextor_build_TMX,,Long parameter list,printseg,42 - 81,/Volumes/BrokeExt/NICHE/bitextor_bitextor/bitextor/bitextor_build_TMX.py,"printseg has 14 parameters, exceeding the max of 5."
bitextor_bitextor.bitextor,bitextor_build_TMX,,Long parameter list,printtu,84 - 155,/Volumes/BrokeExt/NICHE/bitextor_bitextor/bitextor/bitextor_build_TMX.py,"printtu has 15 parameters, exceeding the max of 5."
bitextor_bitextor.bitextor,bitextor_build_TMX,,Long statement,printtu,124,/Volumes/BrokeExt/NICHE/bitextor_bitextor/bitextor/bitextor_build_TMX.py,A line with 228 chars in printtu exceeds the maximum length of 120 characters.
bitextor_bitextor.bitextor,bitextor_build_TMX,,Long statement,printtu,139,/Volumes/BrokeExt/NICHE/bitextor_bitextor/bitextor/bitextor_build_TMX.py,A line with 228 chars in printtu exceeds the maximum length of 120 characters.
bitextor_bitextor.bitextor,bitextor_build_TMX,,Long statement,,158,/Volumes/BrokeExt/NICHE/bitextor_bitextor/bitextor/bitextor_build_TMX.py,A line with 166 chars in bitextor_build_TMX exceeds the maximum length of 120 characters.
bitextor_bitextor.bitextor,bitextor_build_TMX,,Long statement,,162,/Volumes/BrokeExt/NICHE/bitextor_bitextor/bitextor/bitextor_build_TMX.py,A line with 216 chars in bitextor_build_TMX exceeds the maximum length of 120 characters.
bitextor_bitextor.bitextor,bitextor_build_TMX,,Long statement,,166,/Volumes/BrokeExt/NICHE/bitextor_bitextor/bitextor/bitextor_build_TMX.py,A line with 128 chars in bitextor_build_TMX exceeds the maximum length of 120 characters.
bitextor_bitextor.bitextor,bitextor_build_TMX,,Long statement,,168,/Volumes/BrokeExt/NICHE/bitextor_bitextor/bitextor/bitextor_build_TMX.py,A line with 128 chars in bitextor_build_TMX exceeds the maximum length of 120 characters.
bitextor_bitextor.bitextor,bitextor_build_TMX,,Long statement,,170,/Volumes/BrokeExt/NICHE/bitextor_bitextor/bitextor/bitextor_build_TMX.py,A line with 133 chars in bitextor_build_TMX exceeds the maximum length of 120 characters.
bitextor_bitextor.bitextor,bitextor_build_TMX,,Long statement,,172,/Volumes/BrokeExt/NICHE/bitextor_bitextor/bitextor/bitextor_build_TMX.py,A line with 133 chars in bitextor_build_TMX exceeds the maximum length of 120 characters.
bitextor_bitextor.bitextor,bitextor_build_TMX,,Long statement,,175,/Volumes/BrokeExt/NICHE/bitextor_bitextor/bitextor/bitextor_build_TMX.py,A line with 158 chars in bitextor_build_TMX exceeds the maximum length of 120 characters.
bitextor_bitextor.bitextor,bitextor_build_TMX,,Long statement,,177,/Volumes/BrokeExt/NICHE/bitextor_bitextor/bitextor/bitextor_build_TMX.py,A line with 124 chars in bitextor_build_TMX exceeds the maximum length of 120 characters.
bitextor_bitextor.bitextor,bitextor_build_TMX,,Long statement,,179,/Volumes/BrokeExt/NICHE/bitextor_bitextor/bitextor/bitextor_build_TMX.py,A line with 184 chars in bitextor_build_TMX exceeds the maximum length of 120 characters.
bitextor_bitextor.bitextor,bitextor_build_TMX,,Long statement,,289,/Volumes/BrokeExt/NICHE/bitextor_bitextor/bitextor/bitextor_build_TMX.py,A line with 205 chars in bitextor_build_TMX exceeds the maximum length of 120 characters.
bitextor_bitextor.bitextor,bitextor_build_TMX,,Long statement,,301,/Volumes/BrokeExt/NICHE/bitextor_bitextor/bitextor/bitextor_build_TMX.py,A line with 203 chars in bitextor_build_TMX exceeds the maximum length of 120 characters.
bitextor_bitextor.bitextor,bitextor_build_TMX,,Long statement,,350,/Volumes/BrokeExt/NICHE/bitextor_bitextor/bitextor/bitextor_build_TMX.py,A line with 206 chars in bitextor_build_TMX exceeds the maximum length of 120 characters.
bitextor_bitextor.bitextor,bitextor_cli,,Complex method,wizard_configfile,116 - 207,/Volumes/BrokeExt/NICHE/bitextor_bitextor/bitextor/bitextor_cli.py,"Method 'wizard_configfile' has a cyclomatic complexity of 27, exceeding the max of 6."
bitextor_bitextor.bitextor,bitextor_cli,ParseDict,Empty catch block,parse_value,70,/Volumes/BrokeExt/NICHE/bitextor_bitextor/bitextor/bitextor_cli.py,Empty catch block found in parse_value.
bitextor_bitextor.bitextor,bitextor_cli,,Long method,wizard_configfile,116 - 207,/Volumes/BrokeExt/NICHE/bitextor_bitextor/bitextor/bitextor_cli.py,Method 'wizard_configfile' is too long (80 lines).
bitextor_bitextor.bitextor,bitextor_cli,,Long statement,parse_args,15,/Volumes/BrokeExt/NICHE/bitextor_bitextor/bitextor/bitextor_cli.py,A line with 129 chars in parse_args exceeds the maximum length of 120 characters.
bitextor_bitextor.bitextor,bitextor_cli,,Long statement,parse_args,17,/Volumes/BrokeExt/NICHE/bitextor_bitextor/bitextor/bitextor_cli.py,A line with 154 chars in parse_args exceeds the maximum length of 120 characters.
bitextor_bitextor.bitextor,bitextor_cli,,Long statement,parse_args,25,/Volumes/BrokeExt/NICHE/bitextor_bitextor/bitextor/bitextor_cli.py,A line with 149 chars in parse_args exceeds the maximum length of 120 characters.
bitextor_bitextor.bitextor,bitextor_cli,,Long statement,parse_args,27,/Volumes/BrokeExt/NICHE/bitextor_bitextor/bitextor/bitextor_cli.py,A line with 151 chars in parse_args exceeds the maximum length of 120 characters.
bitextor_bitextor.bitextor,bitextor_cli,,Long statement,parse_args,29,/Volumes/BrokeExt/NICHE/bitextor_bitextor/bitextor/bitextor_cli.py,A line with 149 chars in parse_args exceeds the maximum length of 120 characters.
bitextor_bitextor.bitextor,bitextor_cli,,Long statement,parse_args,34,/Volumes/BrokeExt/NICHE/bitextor_bitextor/bitextor/bitextor_cli.py,A line with 150 chars in parse_args exceeds the maximum length of 120 characters.
bitextor_bitextor.bitextor,bitextor_cli,,Long statement,parse_args,37,/Volumes/BrokeExt/NICHE/bitextor_bitextor/bitextor/bitextor_cli.py,A line with 125 chars in parse_args exceeds the maximum length of 120 characters.
bitextor_bitextor.bitextor,bitextor_cli,,Long statement,main,94,/Volumes/BrokeExt/NICHE/bitextor_bitextor/bitextor/bitextor_cli.py,A line with 288 chars in main exceeds the maximum length of 120 characters.
bitextor_bitextor.bitextor,bitextor_cli,,Long statement,wizard_configfile,132,/Volumes/BrokeExt/NICHE/bitextor_bitextor/bitextor/bitextor_cli.py,A line with 145 chars in wizard_configfile exceeds the maximum length of 120 characters.
bitextor_bitextor.bitextor,bitextor_cli,,Long statement,wizard_configfile,164,/Volumes/BrokeExt/NICHE/bitextor_bitextor/bitextor/bitextor_cli.py,A line with 158 chars in wizard_configfile exceeds the maximum length of 120 characters.
bitextor_bitextor.bitextor,bitextor_cli,,Long statement,wizard_configfile,169,/Volumes/BrokeExt/NICHE/bitextor_bitextor/bitextor/bitextor_cli.py,A line with 180 chars in wizard_configfile exceeds the maximum length of 120 characters.
bitextor_bitextor.bitextor,bitextor_cli,,Long statement,wizard_configfile,172,/Volumes/BrokeExt/NICHE/bitextor_bitextor/bitextor/bitextor_cli.py,A line with 135 chars in wizard_configfile exceeds the maximum length of 120 characters.
bitextor_bitextor.bitextor,bitextor_cli,,Long statement,wizard_configfile,200,/Volumes/BrokeExt/NICHE/bitextor_bitextor/bitextor/bitextor_cli.py,A line with 180 chars in wizard_configfile exceeds the maximum length of 120 characters.
bitextor_bitextor.bitextor,bitextor_cli,,Long statement,wizard_configfile,207,/Volumes/BrokeExt/NICHE/bitextor_bitextor/bitextor/bitextor_cli.py,A line with 173 chars in wizard_configfile exceeds the maximum length of 120 characters.
bitextor_bitextor.bitextor,bitextor_cli,,Magic number,wizard_configfile,134,/Volumes/BrokeExt/NICHE/bitextor_bitextor/bitextor/bitextor_cli.py,Magic number 4 used in wizard_configfile.
bitextor_bitextor.bitextor,bitextor_cli,,Magic number,wizard_configfile,134,/Volumes/BrokeExt/NICHE/bitextor_bitextor/bitextor/bitextor_cli.py,Magic number 5 used in wizard_configfile.
bitextor_bitextor.bitextor,bitextor_cli,,Magic number,wizard_configfile,134,/Volumes/BrokeExt/NICHE/bitextor_bitextor/bitextor/bitextor_cli.py,Magic number 6 used in wizard_configfile.
bitextor_bitextor.bitextor,bitextor_dir2warc,,Long statement,,29,/Volumes/BrokeExt/NICHE/bitextor_bitextor/bitextor/bitextor_dir2warc.py,A line with 193 chars in bitextor_dir2warc exceeds the maximum length of 120 characters.
bitextor_bitextor.bitextor,bitextor_dir2warc,,Long statement,,51,/Volumes/BrokeExt/NICHE/bitextor_bitextor/bitextor/bitextor_dir2warc.py,A line with 162 chars in bitextor_dir2warc exceeds the maximum length of 120 characters.
bitextor_bitextor.bitextor,bitextor_elrc_filtering,,Long statement,,21,/Volumes/BrokeExt/NICHE/bitextor_bitextor/bitextor/bitextor_elrc_filtering.py,A line with 251 chars in bitextor_elrc_filtering exceeds the maximum length of 120 characters.
bitextor_bitextor.bitextor,bitextor_elrc_filtering,,Long statement,,26,/Volumes/BrokeExt/NICHE/bitextor_bitextor/bitextor/bitextor_elrc_filtering.py,A line with 170 chars in bitextor_elrc_filtering exceeds the maximum length of 120 characters.
bitextor_bitextor.bitextor,bitextor_elrc_filtering,,Long statement,,29,/Volumes/BrokeExt/NICHE/bitextor_bitextor/bitextor/bitextor_elrc_filtering.py,A line with 127 chars in bitextor_elrc_filtering exceeds the maximum length of 120 characters.
bitextor_bitextor.bitextor,bitextor_elrc_filtering,,Long statement,,31,/Volumes/BrokeExt/NICHE/bitextor_bitextor/bitextor/bitextor_elrc_filtering.py,A line with 153 chars in bitextor_elrc_filtering exceeds the maximum length of 120 characters.
bitextor_bitextor.bitextor,bitextor_filter_bicleaner,,Long statement,,21,/Volumes/BrokeExt/NICHE/bitextor_bitextor/bitextor/bitextor_filter_bicleaner.py,A line with 158 chars in bitextor_filter_bicleaner exceeds the maximum length of 120 characters.
bitextor_bitextor.bitextor,bitextor_filter_bicleaner,,Long statement,,25,/Volumes/BrokeExt/NICHE/bitextor_bitextor/bitextor/bitextor_filter_bicleaner.py,A line with 170 chars in bitextor_filter_bicleaner exceeds the maximum length of 120 characters.
bitextor_bitextor.bitextor,bitextor_filter_bicleaner,,Long statement,,28,/Volumes/BrokeExt/NICHE/bitextor_bitextor/bitextor/bitextor_filter_bicleaner.py,A line with 155 chars in bitextor_filter_bicleaner exceeds the maximum length of 120 characters.
bitextor_bitextor.bitextor,bitextor_nda_vecalign,,Complex method,main,82 - 209,/Volumes/BrokeExt/NICHE/bitextor_bitextor/bitextor/bitextor_nda_vecalign.py,"Method 'main' has a cyclomatic complexity of 17, exceeding the max of 6."
bitextor_bitextor.bitextor,bitextor_nda_vecalign,,Long identifier,main,82,/Volumes/BrokeExt/NICHE/bitextor_bitextor/bitextor/bitextor_nda_vecalign.py,Identifier'vecalign_overlaps_src_embeddings_path' exceeds the maximum length of 30 characters.
bitextor_bitextor.bitextor,bitextor_nda_vecalign,,Long identifier,main,82,/Volumes/BrokeExt/NICHE/bitextor_bitextor/bitextor/bitextor_nda_vecalign.py,Identifier'vecalign_overlaps_trg_embeddings_path' exceeds the maximum length of 30 characters.
bitextor_bitextor.bitextor,bitextor_nda_vecalign,,Long method,main,82 - 209,/Volumes/BrokeExt/NICHE/bitextor_bitextor/bitextor/bitextor_nda_vecalign.py,Method 'main' is too long (106 lines).
bitextor_bitextor.bitextor,bitextor_nda_vecalign,,Long method,parse_args,211 - 272,/Volumes/BrokeExt/NICHE/bitextor_bitextor/bitextor/bitextor_nda_vecalign.py,Method 'parse_args' is too long (54 lines).
bitextor_bitextor.bitextor,bitextor_nda_vecalign,,Long statement,vecalign_overlap,71,/Volumes/BrokeExt/NICHE/bitextor_bitextor/bitextor/bitextor_nda_vecalign.py,A line with 160 chars in vecalign_overlap exceeds the maximum length of 120 characters.
bitextor_bitextor.bitextor,bitextor_nda_vecalign,,Long statement,vecalign_overlap,77,/Volumes/BrokeExt/NICHE/bitextor_bitextor/bitextor/bitextor_nda_vecalign.py,A line with 128 chars in vecalign_overlap exceeds the maximum length of 120 characters.
bitextor_bitextor.bitextor,bitextor_nda_vecalign,,Long statement,main,108,/Volumes/BrokeExt/NICHE/bitextor_bitextor/bitextor/bitextor_nda_vecalign.py,A line with 158 chars in main exceeds the maximum length of 120 characters.
bitextor_bitextor.bitextor,bitextor_nda_vecalign,,Long statement,main,114,/Volumes/BrokeExt/NICHE/bitextor_bitextor/bitextor/bitextor_nda_vecalign.py,A line with 192 chars in main exceeds the maximum length of 120 characters.
bitextor_bitextor.bitextor,bitextor_nda_vecalign,,Long statement,main,117,/Volumes/BrokeExt/NICHE/bitextor_bitextor/bitextor/bitextor_nda_vecalign.py,A line with 204 chars in main exceeds the maximum length of 120 characters.
bitextor_bitextor.bitextor,bitextor_nda_vecalign,,Long statement,main,130,/Volumes/BrokeExt/NICHE/bitextor_bitextor/bitextor/bitextor_nda_vecalign.py,A line with 156 chars in main exceeds the maximum length of 120 characters.
bitextor_bitextor.bitextor,bitextor_nda_vecalign,,Long statement,main,138,/Volumes/BrokeExt/NICHE/bitextor_bitextor/bitextor/bitextor_nda_vecalign.py,A line with 156 chars in main exceeds the maximum length of 120 characters.
bitextor_bitextor.bitextor,bitextor_nda_vecalign,,Long statement,main,151,/Volumes/BrokeExt/NICHE/bitextor_bitextor/bitextor/bitextor_nda_vecalign.py,A line with 414 chars in main exceeds the maximum length of 120 characters.
bitextor_bitextor.bitextor,bitextor_nda_vecalign,,Long statement,main,158,/Volumes/BrokeExt/NICHE/bitextor_bitextor/bitextor/bitextor_nda_vecalign.py,A line with 493 chars in main exceeds the maximum length of 120 characters.
bitextor_bitextor.bitextor,bitextor_nda_vecalign,,Long statement,main,169,/Volumes/BrokeExt/NICHE/bitextor_bitextor/bitextor/bitextor_nda_vecalign.py,A line with 162 chars in main exceeds the maximum length of 120 characters.
bitextor_bitextor.bitextor,bitextor_nda_vecalign,,Long statement,main,199,/Volumes/BrokeExt/NICHE/bitextor_bitextor/bitextor/bitextor_nda_vecalign.py,A line with 149 chars in main exceeds the maximum length of 120 characters.
bitextor_bitextor.bitextor,bitextor_nda_vecalign,,Long statement,main,201,/Volumes/BrokeExt/NICHE/bitextor_bitextor/bitextor/bitextor_nda_vecalign.py,A line with 149 chars in main exceeds the maximum length of 120 characters.
bitextor_bitextor.bitextor,bitextor_nda_vecalign,,Long statement,parse_args,220,/Volumes/BrokeExt/NICHE/bitextor_bitextor/bitextor/bitextor_nda_vecalign.py,A line with 146 chars in parse_args exceeds the maximum length of 120 characters.
bitextor_bitextor.bitextor,bitextor_nda_vecalign,,Long statement,parse_args,225,/Volumes/BrokeExt/NICHE/bitextor_bitextor/bitextor/bitextor_nda_vecalign.py,A line with 197 chars in parse_args exceeds the maximum length of 120 characters.
bitextor_bitextor.bitextor,bitextor_nda_vecalign,,Long statement,parse_args,227,/Volumes/BrokeExt/NICHE/bitextor_bitextor/bitextor/bitextor_nda_vecalign.py,A line with 188 chars in parse_args exceeds the maximum length of 120 characters.
bitextor_bitextor.bitextor,bitextor_nda_vecalign,,Long statement,parse_args,229,/Volumes/BrokeExt/NICHE/bitextor_bitextor/bitextor/bitextor_nda_vecalign.py,A line with 197 chars in parse_args exceeds the maximum length of 120 characters.
bitextor_bitextor.bitextor,bitextor_nda_vecalign,,Long statement,parse_args,231,/Volumes/BrokeExt/NICHE/bitextor_bitextor/bitextor/bitextor_nda_vecalign.py,A line with 188 chars in parse_args exceeds the maximum length of 120 characters.
bitextor_bitextor.bitextor,bitextor_nda_vecalign,,Long statement,parse_args,233,/Volumes/BrokeExt/NICHE/bitextor_bitextor/bitextor/bitextor_nda_vecalign.py,A line with 293 chars in parse_args exceeds the maximum length of 120 characters.
bitextor_bitextor.bitextor,bitextor_nda_vecalign,,Long statement,parse_args,235,/Volumes/BrokeExt/NICHE/bitextor_bitextor/bitextor/bitextor_nda_vecalign.py,A line with 293 chars in parse_args exceeds the maximum length of 120 characters.
bitextor_bitextor.bitextor,bitextor_nda_vecalign,,Long statement,parse_args,238,/Volumes/BrokeExt/NICHE/bitextor_bitextor/bitextor/bitextor_nda_vecalign.py,A line with 246 chars in parse_args exceeds the maximum length of 120 characters.
bitextor_bitextor.bitextor,bitextor_nda_vecalign,,Long statement,parse_args,240,/Volumes/BrokeExt/NICHE/bitextor_bitextor/bitextor/bitextor_nda_vecalign.py,A line with 246 chars in parse_args exceeds the maximum length of 120 characters.
bitextor_bitextor.bitextor,bitextor_nda_vecalign,,Long statement,parse_args,242,/Volumes/BrokeExt/NICHE/bitextor_bitextor/bitextor/bitextor_nda_vecalign.py,A line with 191 chars in parse_args exceeds the maximum length of 120 characters.
bitextor_bitextor.bitextor,bitextor_nda_vecalign,,Long statement,parse_args,244,/Volumes/BrokeExt/NICHE/bitextor_bitextor/bitextor/bitextor_nda_vecalign.py,A line with 191 chars in parse_args exceeds the maximum length of 120 characters.
bitextor_bitextor.bitextor,bitextor_nda_vecalign,,Long statement,parse_args,247,/Volumes/BrokeExt/NICHE/bitextor_bitextor/bitextor/bitextor_nda_vecalign.py,A line with 165 chars in parse_args exceeds the maximum length of 120 characters.
bitextor_bitextor.bitextor,bitextor_nda_vecalign,,Long statement,parse_args,249,/Volumes/BrokeExt/NICHE/bitextor_bitextor/bitextor/bitextor_nda_vecalign.py,A line with 256 chars in parse_args exceeds the maximum length of 120 characters.
bitextor_bitextor.bitextor,bitextor_nda_vecalign,,Long statement,parse_args,255,/Volumes/BrokeExt/NICHE/bitextor_bitextor/bitextor/bitextor_nda_vecalign.py,A line with 153 chars in parse_args exceeds the maximum length of 120 characters.
bitextor_bitextor.bitextor,bitextor_nda_vecalign,,Long statement,parse_args,257,/Volumes/BrokeExt/NICHE/bitextor_bitextor/bitextor/bitextor_nda_vecalign.py,A line with 123 chars in parse_args exceeds the maximum length of 120 characters.
bitextor_bitextor.bitextor,bitextor_nda_vecalign,,Long statement,parse_args,259,/Volumes/BrokeExt/NICHE/bitextor_bitextor/bitextor/bitextor_nda_vecalign.py,A line with 123 chars in parse_args exceeds the maximum length of 120 characters.
bitextor_bitextor.bitextor,bitextor_nda_vecalign,,Long statement,parse_args,267,/Volumes/BrokeExt/NICHE/bitextor_bitextor/bitextor/bitextor_nda_vecalign.py,A line with 199 chars in parse_args exceeds the maximum length of 120 characters.
bitextor_bitextor.bitextor,bitextor_prevertical_lang_iso639_1,,Complex method,main,25 - 53,/Volumes/BrokeExt/NICHE/bitextor_bitextor/bitextor/bitextor_prevertical_lang_iso639_1.py,"Method 'main' has a cyclomatic complexity of 10, exceeding the max of 6."
bitextor_bitextor.bitextor,bitextor_prevertical_lang_iso639_1,,Long statement,parse_args,56,/Volumes/BrokeExt/NICHE/bitextor_bitextor/bitextor/bitextor_prevertical_lang_iso639_1.py,A line with 127 chars in parse_args exceeds the maximum length of 120 characters.
bitextor_bitextor.bitextor,bitextor_prevertical_lang_iso639_1,,Magic number,main,34,/Volumes/BrokeExt/NICHE/bitextor_bitextor/bitextor/bitextor_prevertical_lang_iso639_1.py,Magic number 5 used in main.
bitextor_bitextor.bitextor,bitextor_prevertical_lang_iso639_1,,Magic number,main,43,/Volumes/BrokeExt/NICHE/bitextor_bitextor/bitextor/bitextor_prevertical_lang_iso639_1.py,Magic number 6 used in main.
bitextor_bitextor.bitextor,bitextor_split,,Long parameter list,split_segments,45 - 64,/Volumes/BrokeExt/NICHE/bitextor_bitextor/bitextor/bitextor_split.py,"split_segments has 6 parameters, exceeding the max of 5."
bitextor_bitextor.bitextor,bitextor_split,,Long statement,,70,/Volumes/BrokeExt/NICHE/bitextor_bitextor/bitextor/bitextor_split.py,A line with 170 chars in bitextor_split exceeds the maximum length of 120 characters.
bitextor_bitextor.bitextor,bitextor_split,,Long statement,,75,/Volumes/BrokeExt/NICHE/bitextor_bitextor/bitextor/bitextor_split.py,A line with 125 chars in bitextor_split exceeds the maximum length of 120 characters.
bitextor_bitextor.bitextor,bitextor_split,,Long statement,,77,/Volumes/BrokeExt/NICHE/bitextor_bitextor/bitextor/bitextor_split.py,A line with 148 chars in bitextor_split exceeds the maximum length of 120 characters.
bitextor_bitextor.bitextor,bitextor_split,,Long statement,,81,/Volumes/BrokeExt/NICHE/bitextor_bitextor/bitextor/bitextor_split.py,A line with 133 chars in bitextor_split exceeds the maximum length of 120 characters.
bitextor_bitextor.bitextor,bitextor_split,,Long statement,,83,/Volumes/BrokeExt/NICHE/bitextor_bitextor/bitextor/bitextor_split.py,A line with 135 chars in bitextor_split exceeds the maximum length of 120 characters.
bitextor_bitextor.bitextor,bitextor_split,,Long statement,,85,/Volumes/BrokeExt/NICHE/bitextor_bitextor/bitextor/bitextor_split.py,A line with 163 chars in bitextor_split exceeds the maximum length of 120 characters.
bitextor_bitextor.bitextor,bitextor_split,,Long statement,,87,/Volumes/BrokeExt/NICHE/bitextor_bitextor/bitextor/bitextor_split.py,A line with 171 chars in bitextor_split exceeds the maximum length of 120 characters.
bitextor_bitextor.bitextor,bitextor_split,,Long statement,,89,/Volumes/BrokeExt/NICHE/bitextor_bitextor/bitextor/bitextor_split.py,A line with 209 chars in bitextor_split exceeds the maximum length of 120 characters.
bitextor_bitextor.bitextor,bitextor_split,,Long statement,,92,/Volumes/BrokeExt/NICHE/bitextor_bitextor/bitextor/bitextor_split.py,A line with 171 chars in bitextor_split exceeds the maximum length of 120 characters.
bitextor_bitextor.bitextor,bitextor_split,,Long statement,,177,/Volumes/BrokeExt/NICHE/bitextor_bitextor/bitextor/bitextor_split.py,A line with 131 chars in bitextor_split exceeds the maximum length of 120 characters.
bitextor_bitextor.bitextor,bitextor_split,,Long statement,,180,/Volumes/BrokeExt/NICHE/bitextor_bitextor/bitextor/bitextor_split.py,A line with 145 chars in bitextor_split exceeds the maximum length of 120 characters.
bitextor_bitextor.bitextor,bitextor_split,,Long statement,,183,/Volumes/BrokeExt/NICHE/bitextor_bitextor/bitextor/bitextor_split.py,A line with 156 chars in bitextor_split exceeds the maximum length of 120 characters.
bitextor_bitextor.bitextor,bitextor_split,,Long statement,,189,/Volumes/BrokeExt/NICHE/bitextor_bitextor/bitextor/bitextor_split.py,A line with 156 chars in bitextor_split exceeds the maximum length of 120 characters.
bitextor_bitextor.bitextor,bitextor_split,,Long statement,,195,/Volumes/BrokeExt/NICHE/bitextor_bitextor/bitextor/bitextor_split.py,A line with 161 chars in bitextor_split exceeds the maximum length of 120 characters.
bitextor_bitextor.bitextor,bitextor_split,,Long statement,,222,/Volumes/BrokeExt/NICHE/bitextor_bitextor/bitextor/bitextor_split.py,A line with 207 chars in bitextor_split exceeds the maximum length of 120 characters.
bitextor_bitextor.bitextor,bitextor_split,,Long statement,,230,/Volumes/BrokeExt/NICHE/bitextor_bitextor/bitextor/bitextor_split.py,A line with 209 chars in bitextor_split exceeds the maximum length of 120 characters.
bitextor_bitextor.bitextor,bitextor_split,,Long statement,,257,/Volumes/BrokeExt/NICHE/bitextor_bitextor/bitextor/bitextor_split.py,A line with 122 chars in bitextor_split exceeds the maximum length of 120 characters.
bitextor_bitextor.bitextor,bitextor_split,,Long statement,,259,/Volumes/BrokeExt/NICHE/bitextor_bitextor/bitextor/bitextor_split.py,A line with 135 chars in bitextor_split exceeds the maximum length of 120 characters.
bitextor_bitextor.bitextor,bitextor_split,,Long statement,,287,/Volumes/BrokeExt/NICHE/bitextor_bitextor/bitextor/bitextor_split.py,A line with 155 chars in bitextor_split exceeds the maximum length of 120 characters.
bitextor_bitextor.bitextor,bitextor_split,,Long statement,,294,/Volumes/BrokeExt/NICHE/bitextor_bitextor/bitextor/bitextor_split.py,A line with 133 chars in bitextor_split exceeds the maximum length of 120 characters.
bitextor_bitextor.bitextor,bitextor_split,,Magic number,filter_trash,42,/Volumes/BrokeExt/NICHE/bitextor_bitextor/bitextor/bitextor_split.py,Magic number 2 used in filter_trash.
bitextor_bitextor.bitextor,bitextor_split_segalign,,Long statement,,26,/Volumes/BrokeExt/NICHE/bitextor_bitextor/bitextor/bitextor_split_segalign.py,A line with 128 chars in bitextor_split_segalign exceeds the maximum length of 120 characters.
bitextor_bitextor.bitextor,bitextor_tokenize,,Long statement,,74,/Volumes/BrokeExt/NICHE/bitextor_bitextor/bitextor/bitextor_tokenize.py,A line with 149 chars in bitextor_tokenize exceeds the maximum length of 120 characters.
bitextor_bitextor.bitextor,bitextor_tokenize,,Long statement,,78,/Volumes/BrokeExt/NICHE/bitextor_bitextor/bitextor/bitextor_tokenize.py,A line with 131 chars in bitextor_tokenize exceeds the maximum length of 120 characters.
bitextor_bitextor.bitextor,bitextor_warc2htmlwarc,,Empty catch block,convert_encoding,43,/Volumes/BrokeExt/NICHE/bitextor_bitextor/bitextor/bitextor_warc2htmlwarc.py,Empty catch block found in convert_encoding.
bitextor_bitextor.bitextor,bitextor_warc2htmlwarc,,Empty catch block,pdfextract,59,/Volumes/BrokeExt/NICHE/bitextor_bitextor/bitextor/bitextor_warc2htmlwarc.py,Empty catch block found in pdfextract.
bitextor_bitextor.bitextor,bitextor_warc2htmlwarc,,Empty catch block,openoffice2html,72,/Volumes/BrokeExt/NICHE/bitextor_bitextor/bitextor/bitextor_warc2htmlwarc.py,Empty catch block found in openoffice2html.
bitextor_bitextor.bitextor,bitextor_warc2htmlwarc,,Empty catch block,office2html,89,/Volumes/BrokeExt/NICHE/bitextor_bitextor/bitextor/bitextor_warc2htmlwarc.py,Empty catch block found in office2html.
bitextor_bitextor.bitextor,bitextor_warc2htmlwarc,,Empty catch block,epub2html,106,/Volumes/BrokeExt/NICHE/bitextor_bitextor/bitextor/bitextor_warc2htmlwarc.py,Empty catch block found in epub2html.
bitextor_bitextor.bitextor,bitextor_warc2htmlwarc,,Long statement,pdf2html,49,/Volumes/BrokeExt/NICHE/bitextor_bitextor/bitextor/bitextor_warc2htmlwarc.py,A line with 142 chars in pdf2html exceeds the maximum length of 120 characters.
bitextor_bitextor.bitextor,bitextor_warc2htmlwarc,,Long statement,,110,/Volumes/BrokeExt/NICHE/bitextor_bitextor/bitextor/bitextor_warc2htmlwarc.py,A line with 201 chars in bitextor_warc2htmlwarc exceeds the maximum length of 120 characters.
bitextor_bitextor.bitextor,bitextor_warc2htmlwarc,,Long statement,,113,/Volumes/BrokeExt/NICHE/bitextor_bitextor/bitextor/bitextor_warc2htmlwarc.py,A line with 150 chars in bitextor_warc2htmlwarc exceeds the maximum length of 120 characters.
bitextor_bitextor.bitextor,bitextor_warc2htmlwarc,,Long statement,,117,/Volumes/BrokeExt/NICHE/bitextor_bitextor/bitextor/bitextor_warc2htmlwarc.py,A line with 147 chars in bitextor_warc2htmlwarc exceeds the maximum length of 120 characters.
bitextor_bitextor.bitextor,bitextor_warc2htmlwarc,,Long statement,,119,/Volumes/BrokeExt/NICHE/bitextor_bitextor/bitextor/bitextor_warc2htmlwarc.py,A line with 136 chars in bitextor_warc2htmlwarc exceeds the maximum length of 120 characters.
bitextor_bitextor.bitextor,bitextor_warc2htmlwarc,,Long statement,,121,/Volumes/BrokeExt/NICHE/bitextor_bitextor/bitextor/bitextor_warc2htmlwarc.py,A line with 133 chars in bitextor_warc2htmlwarc exceeds the maximum length of 120 characters.
bitextor_bitextor.bitextor,bitextor_warc2htmlwarc,,Long statement,,127,/Volumes/BrokeExt/NICHE/bitextor_bitextor/bitextor/bitextor_warc2htmlwarc.py,A line with 130 chars in bitextor_warc2htmlwarc exceeds the maximum length of 120 characters.
bitextor_bitextor.bitextor,bitextor_warc2htmlwarc,,Long statement,,129,/Volumes/BrokeExt/NICHE/bitextor_bitextor/bitextor/bitextor_warc2htmlwarc.py,A line with 130 chars in bitextor_warc2htmlwarc exceeds the maximum length of 120 characters.
bitextor_bitextor.bitextor,bitextor_warc2htmlwarc,,Long statement,,131,/Volumes/BrokeExt/NICHE/bitextor_bitextor/bitextor/bitextor_warc2htmlwarc.py,A line with 137 chars in bitextor_warc2htmlwarc exceeds the maximum length of 120 characters.
bitextor_bitextor.bitextor,bitextor_warc2htmlwarc,,Long statement,,133,/Volumes/BrokeExt/NICHE/bitextor_bitextor/bitextor/bitextor_warc2htmlwarc.py,A line with 157 chars in bitextor_warc2htmlwarc exceeds the maximum length of 120 characters.
bitextor_bitextor.bitextor,bitextor_warc2htmlwarc,,Long statement,,137,/Volumes/BrokeExt/NICHE/bitextor_bitextor/bitextor/bitextor_warc2htmlwarc.py,A line with 158 chars in bitextor_warc2htmlwarc exceeds the maximum length of 120 characters.
bitextor_bitextor.bitextor,bitextor_warc2htmlwarc,,Long statement,,185,/Volumes/BrokeExt/NICHE/bitextor_bitextor/bitextor/bitextor_warc2htmlwarc.py,A line with 152 chars in bitextor_warc2htmlwarc exceeds the maximum length of 120 characters.
bitextor_bitextor.bitextor,bitextor_warc2htmlwarc,,Long statement,,265,/Volumes/BrokeExt/NICHE/bitextor_bitextor/bitextor/bitextor_warc2htmlwarc.py,A line with 160 chars in bitextor_warc2htmlwarc exceeds the maximum length of 120 characters.
bitextor_bitextor.bitextor,bitextor_warc2htmlwarc,,Long statement,,339,/Volumes/BrokeExt/NICHE/bitextor_bitextor/bitextor/bitextor_warc2htmlwarc.py,A line with 156 chars in bitextor_warc2htmlwarc exceeds the maximum length of 120 characters.
bitextor_bitextor.bitextor,bitextor_warc2htmlwarc,,Long statement,,348,/Volumes/BrokeExt/NICHE/bitextor_bitextor/bitextor/bitextor_warc2htmlwarc.py,A line with 163 chars in bitextor_warc2htmlwarc exceeds the maximum length of 120 characters.
bitextor_bitextor.bitextor,bitextor_warc2htmlwarc,,Magic number,office2html,83,/Volumes/BrokeExt/NICHE/bitextor_bitextor/bitextor/bitextor_warc2htmlwarc.py,Magic number 16 used in office2html.
bitextor_bitextor.bitextor,bitextor_warc2htmlwarc,,Magic number,epub2html,100,/Volumes/BrokeExt/NICHE/bitextor_bitextor/bitextor/bitextor_warc2htmlwarc.py,Magic number 2 used in epub2html.
bitextor_bitextor.bitextor,bitextor_warc2preprocess,,Complex conditional,remove_control_characters,60,/Volumes/BrokeExt/NICHE/bitextor_bitextor/bitextor/bitextor_warc2preprocess.py,"A conditional in remove_control_characters has 4 conditions, more than the recommended maximum 3 conditions."
bitextor_bitextor.bitextor,bitextor_warc2preprocess,,Complex method,open_output_files,181 - 212,/Volumes/BrokeExt/NICHE/bitextor_bitextor/bitextor/bitextor_warc2preprocess.py,"Method 'open_output_files' has a cyclomatic complexity of 7, exceeding the max of 6."
bitextor_bitextor.bitextor,bitextor_warc2preprocess,,Empty catch block,convert_encoding,167,/Volumes/BrokeExt/NICHE/bitextor_bitextor/bitextor/bitextor_warc2preprocess.py,Empty catch block found in convert_encoding.
bitextor_bitextor.bitextor,bitextor_warc2preprocess,,Long statement,guess_lang_from_data2,147,/Volumes/BrokeExt/NICHE/bitextor_bitextor/bitextor/bitextor_warc2preprocess.py,A line with 122 chars in guess_lang_from_data2 exceeds the maximum length of 120 characters.
bitextor_bitextor.bitextor,bitextor_warc2preprocess,,Long statement,open_output_files,203,/Volumes/BrokeExt/NICHE/bitextor_bitextor/bitextor/bitextor_warc2preprocess.py,A line with 121 chars in open_output_files exceeds the maximum length of 120 characters.
bitextor_bitextor.bitextor,bitextor_warc2preprocess,,Long statement,,215,/Volumes/BrokeExt/NICHE/bitextor_bitextor/bitextor/bitextor_warc2preprocess.py,A line with 325 chars in bitextor_warc2preprocess exceeds the maximum length of 120 characters.
bitextor_bitextor.bitextor,bitextor_warc2preprocess,,Long statement,,219,/Volumes/BrokeExt/NICHE/bitextor_bitextor/bitextor/bitextor_warc2preprocess.py,A line with 144 chars in bitextor_warc2preprocess exceeds the maximum length of 120 characters.
bitextor_bitextor.bitextor,bitextor_warc2preprocess,,Long statement,,221,/Volumes/BrokeExt/NICHE/bitextor_bitextor/bitextor/bitextor_warc2preprocess.py,A line with 125 chars in bitextor_warc2preprocess exceeds the maximum length of 120 characters.
bitextor_bitextor.bitextor,bitextor_warc2preprocess,,Long statement,,223,/Volumes/BrokeExt/NICHE/bitextor_bitextor/bitextor/bitextor_warc2preprocess.py,A line with 217 chars in bitextor_warc2preprocess exceeds the maximum length of 120 characters.
bitextor_bitextor.bitextor,bitextor_warc2preprocess,,Long statement,,226,/Volumes/BrokeExt/NICHE/bitextor_bitextor/bitextor/bitextor_warc2preprocess.py,A line with 253 chars in bitextor_warc2preprocess exceeds the maximum length of 120 characters.
bitextor_bitextor.bitextor,bitextor_warc2preprocess,,Long statement,,232,/Volumes/BrokeExt/NICHE/bitextor_bitextor/bitextor/bitextor_warc2preprocess.py,A line with 124 chars in bitextor_warc2preprocess exceeds the maximum length of 120 characters.
bitextor_bitextor.bitextor,bitextor_warc2preprocess,,Long statement,,237,/Volumes/BrokeExt/NICHE/bitextor_bitextor/bitextor/bitextor_warc2preprocess.py,A line with 125 chars in bitextor_warc2preprocess exceeds the maximum length of 120 characters.
bitextor_bitextor.bitextor,bitextor_warc2preprocess,,Long statement,,239,/Volumes/BrokeExt/NICHE/bitextor_bitextor/bitextor/bitextor_warc2preprocess.py,A line with 126 chars in bitextor_warc2preprocess exceeds the maximum length of 120 characters.
bitextor_bitextor.bitextor,bitextor_warc2preprocess,,Long statement,,242,/Volumes/BrokeExt/NICHE/bitextor_bitextor/bitextor/bitextor_warc2preprocess.py,A line with 139 chars in bitextor_warc2preprocess exceeds the maximum length of 120 characters.
bitextor_bitextor.bitextor,bitextor_warc2preprocess,,Long statement,,244,/Volumes/BrokeExt/NICHE/bitextor_bitextor/bitextor/bitextor_warc2preprocess.py,A line with 160 chars in bitextor_warc2preprocess exceeds the maximum length of 120 characters.
bitextor_bitextor.bitextor,bitextor_warc2preprocess,,Long statement,,248,/Volumes/BrokeExt/NICHE/bitextor_bitextor/bitextor/bitextor_warc2preprocess.py,A line with 158 chars in bitextor_warc2preprocess exceeds the maximum length of 120 characters.
bitextor_bitextor.bitextor,bitextor_warc2preprocess,,Long statement,,364,/Volumes/BrokeExt/NICHE/bitextor_bitextor/bitextor/bitextor_warc2preprocess.py,A line with 122 chars in bitextor_warc2preprocess exceeds the maximum length of 120 characters.
bitextor_bitextor.bitextor,bitextor_warc2preprocess,,Long statement,,457,/Volumes/BrokeExt/NICHE/bitextor_bitextor/bitextor/bitextor_warc2preprocess.py,A line with 148 chars in bitextor_warc2preprocess exceeds the maximum length of 120 characters.
bitextor_bitextor.bitextor,bitextor_warc2preprocess,,Magic number,remove_control_characters,57,/Volumes/BrokeExt/NICHE/bitextor_bitextor/bitextor/bitextor_warc2preprocess.py,Magic number 10 used in remove_control_characters.
bitextor_bitextor.bitextor,bitextor_warc2preprocess,,Magic number,remove_control_characters,60,/Volumes/BrokeExt/NICHE/bitextor_bitextor/bitextor/bitextor_warc2preprocess.py,Magic number 8 used in remove_control_characters.
bitextor_bitextor.bitextor,bitextor_warc2preprocess,,Magic number,remove_control_characters,60,/Volumes/BrokeExt/NICHE/bitextor_bitextor/bitextor/bitextor_warc2preprocess.py,Magic number 14 used in remove_control_characters.
bitextor_bitextor.bitextor,bitextor_warc2preprocess,,Magic number,remove_control_characters,60,/Volumes/BrokeExt/NICHE/bitextor_bitextor/bitextor/bitextor_warc2preprocess.py,Magic number 31 used in remove_control_characters.
bitextor_bitextor.bitextor,bitextor_warc2preprocess,,Magic number,remove_control_characters,60,/Volumes/BrokeExt/NICHE/bitextor_bitextor/bitextor/bitextor_warc2preprocess.py,Magic number 55296 used in remove_control_characters.
bitextor_bitextor.bitextor,bitextor_warc2preprocess,,Magic number,remove_control_characters,60,/Volumes/BrokeExt/NICHE/bitextor_bitextor/bitextor/bitextor_warc2preprocess.py,Magic number 57343 used in remove_control_characters.
bitextor_bitextor.bitextor,bitextor_warc2preprocess,,Magic number,remove_control_characters,60,/Volumes/BrokeExt/NICHE/bitextor_bitextor/bitextor/bitextor_warc2preprocess.py,Magic number 11 used in remove_control_characters.
bitextor_bitextor.bitextor,bitextor_warc2preprocess,,Magic number,remove_control_characters,60,/Volumes/BrokeExt/NICHE/bitextor_bitextor/bitextor/bitextor_warc2preprocess.py,Magic number 12 used in remove_control_characters.
bitextor_bitextor.bitextor,bitextor_warc2preprocess,,Magic number,remove_control_characters,60,/Volumes/BrokeExt/NICHE/bitextor_bitextor/bitextor/bitextor_warc2preprocess.py,Magic number 65534 used in remove_control_characters.
bitextor_bitextor.bitextor,bitextor_warc2preprocess,,Magic number,remove_control_characters,60,/Volumes/BrokeExt/NICHE/bitextor_bitextor/bitextor/bitextor_warc2preprocess.py,Magic number 65535 used in remove_control_characters.
bitextor_bitextor.bitextor,bitextor_warc2preprocess,,Magic number,open_xz_or_gzip,173,/Volumes/BrokeExt/NICHE/bitextor_bitextor/bitextor/bitextor_warc2preprocess.py,Magic number 3 used in open_xz_or_gzip.
bitextor_bitextor.bitextor,bitextor_warc2preprocess,,Magic number,open_xz_or_gzip,175,/Volumes/BrokeExt/NICHE/bitextor_bitextor/bitextor/bitextor_warc2preprocess.py,Magic number 3 used in open_xz_or_gzip.
bitextor_bitextor.bitextor,bitextor_wget,,Complex method,run,45 - 106,/Volumes/BrokeExt/NICHE/bitextor_bitextor/bitextor/bitextor_wget.py,"Method 'run' has a cyclomatic complexity of 16, exceeding the max of 6."
bitextor_bitextor.bitextor,bitextor_wget,,Empty catch block,check_wget_compression,41,/Volumes/BrokeExt/NICHE/bitextor_bitextor/bitextor/bitextor_wget.py,Empty catch block found in check_wget_compression.
bitextor_bitextor.bitextor,bitextor_wget,,Long method,run,45 - 106,/Volumes/BrokeExt/NICHE/bitextor_bitextor/bitextor/bitextor_wget.py,Method 'run' is too long (53 lines).
bitextor_bitextor.bitextor,bitextor_wget,,Long parameter list,run,45 - 106,/Volumes/BrokeExt/NICHE/bitextor_bitextor/bitextor/bitextor_wget.py,"run has 7 parameters, exceeding the max of 5."
bitextor_bitextor.bitextor,bitextor_wget,,Long statement,,119,/Volumes/BrokeExt/NICHE/bitextor_bitextor/bitextor/bitextor_wget.py,A line with 128 chars in bitextor_wget exceeds the maximum length of 120 characters.
bitextor_bitextor.bitextor,bitextor_wget,,Long statement,,121,/Volumes/BrokeExt/NICHE/bitextor_bitextor/bitextor/bitextor_wget.py,A line with 151 chars in bitextor_wget exceeds the maximum length of 120 characters.
bitextor_bitextor.bitextor,bitextor_wget,,Magic number,run,77,/Volumes/BrokeExt/NICHE/bitextor_bitextor/bitextor/bitextor_wget.py,Magic number 124 used in run.
bitextor_bitextor.bitextor.docalign,bitextor_align_documents,,Complex method,process_candidates_ridx2,36 - 71,/Volumes/BrokeExt/NICHE/bitextor_bitextor/bitextor/docalign/bitextor_align_documents.py,"Method 'process_candidates_ridx2' has a cyclomatic complexity of 10, exceeding the max of 6."
bitextor_bitextor.bitextor.docalign,bitextor_align_documents,,Complex method,process_candidates_ridx1,73 - 130,/Volumes/BrokeExt/NICHE/bitextor_bitextor/bitextor/docalign/bitextor_align_documents.py,"Method 'process_candidates_ridx1' has a cyclomatic complexity of 21, exceeding the max of 6."
bitextor_bitextor.bitextor.docalign,bitextor_align_documents,,Long method,process_candidates_ridx1,73 - 130,/Volumes/BrokeExt/NICHE/bitextor_bitextor/bitextor/docalign/bitextor_align_documents.py,Method 'process_candidates_ridx1' is too long (54 lines).
bitextor_bitextor.bitextor.docalign,bitextor_align_documents,,Long parameter list,process_candidates_ridx1,73 - 130,/Volumes/BrokeExt/NICHE/bitextor_bitextor/bitextor/docalign/bitextor_align_documents.py,"process_candidates_ridx1 has 13 parameters, exceeding the max of 5."
bitextor_bitextor.bitextor.docalign,bitextor_align_documents,,Long statement,,132,/Volumes/BrokeExt/NICHE/bitextor_bitextor/bitextor/docalign/bitextor_align_documents.py,A line with 296 chars in bitextor_align_documents exceeds the maximum length of 120 characters.
bitextor_bitextor.bitextor.docalign,bitextor_align_documents,,Long statement,,137,/Volumes/BrokeExt/NICHE/bitextor_bitextor/bitextor/docalign/bitextor_align_documents.py,A line with 162 chars in bitextor_align_documents exceeds the maximum length of 120 characters.
bitextor_bitextor.bitextor.docalign,bitextor_align_documents,,Long statement,,140,/Volumes/BrokeExt/NICHE/bitextor_bitextor/bitextor/docalign/bitextor_align_documents.py,A line with 162 chars in bitextor_align_documents exceeds the maximum length of 120 characters.
bitextor_bitextor.bitextor.docalign,bitextor_align_documents,,Long statement,,147,/Volumes/BrokeExt/NICHE/bitextor_bitextor/bitextor/docalign/bitextor_align_documents.py,A line with 409 chars in bitextor_align_documents exceeds the maximum length of 120 characters.
bitextor_bitextor.bitextor.docalign,bitextor_align_documents,,Long statement,,154,/Volumes/BrokeExt/NICHE/bitextor_bitextor/bitextor/docalign/bitextor_align_documents.py,A line with 278 chars in bitextor_align_documents exceeds the maximum length of 120 characters.
bitextor_bitextor.bitextor.docalign,bitextor_align_documents,,Long statement,,159,/Volumes/BrokeExt/NICHE/bitextor_bitextor/bitextor/docalign/bitextor_align_documents.py,A line with 362 chars in bitextor_align_documents exceeds the maximum length of 120 characters.
bitextor_bitextor.bitextor.docalign,bitextor_align_documents,,Long statement,,166,/Volumes/BrokeExt/NICHE/bitextor_bitextor/bitextor/docalign/bitextor_align_documents.py,A line with 206 chars in bitextor_align_documents exceeds the maximum length of 120 characters.
bitextor_bitextor.bitextor.docalign,bitextor_align_documents,,Long statement,,170,/Volumes/BrokeExt/NICHE/bitextor_bitextor/bitextor/docalign/bitextor_align_documents.py,A line with 231 chars in bitextor_align_documents exceeds the maximum length of 120 characters.
bitextor_bitextor.bitextor.docalign,bitextor_align_documents,,Long statement,,182,/Volumes/BrokeExt/NICHE/bitextor_bitextor/bitextor/docalign/bitextor_align_documents.py,A line with 144 chars in bitextor_align_documents exceeds the maximum length of 120 characters.
bitextor_bitextor.bitextor.docalign,bitextor_align_documents,,Long statement,,313,/Volumes/BrokeExt/NICHE/bitextor_bitextor/bitextor/docalign/bitextor_align_documents.py,A line with 243 chars in bitextor_align_documents exceeds the maximum length of 120 characters.
bitextor_bitextor.bitextor.docalign,bitextor_align_documents,,Long statement,,326,/Volumes/BrokeExt/NICHE/bitextor_bitextor/bitextor/docalign/bitextor_align_documents.py,A line with 243 chars in bitextor_align_documents exceeds the maximum length of 120 characters.
bitextor_bitextor.bitextor.docalign,bitextor_align_documents,,Magic number,process_candidates_ridx2,50,/Volumes/BrokeExt/NICHE/bitextor_bitextor/bitextor/docalign/bitextor_align_documents.py,Magic number 2 used in process_candidates_ridx2.
bitextor_bitextor.bitextor.docalign,bitextor_align_documents,,Magic number,process_candidates_ridx2,46,/Volumes/BrokeExt/NICHE/bitextor_bitextor/bitextor/docalign/bitextor_align_documents.py,Magic number 3 used in process_candidates_ridx2.
bitextor_bitextor.bitextor.docalign,bitextor_align_documents,,Magic number,process_candidates_ridx1,88,/Volumes/BrokeExt/NICHE/bitextor_bitextor/bitextor/docalign/bitextor_align_documents.py,Magic number 2 used in process_candidates_ridx1.
bitextor_bitextor.bitextor.docalign,bitextor_align_documents,,Magic number,process_candidates_ridx1,84,/Volumes/BrokeExt/NICHE/bitextor_bitextor/bitextor/docalign/bitextor_align_documents.py,Magic number 3 used in process_candidates_ridx1.
bitextor_bitextor.bitextor.docalign,bitextor_align_documents,,Magic number,process_candidates_ridx1,94,/Volumes/BrokeExt/NICHE/bitextor_bitextor/bitextor/docalign/bitextor_align_documents.py,Magic number 2 used in process_candidates_ridx1.
bitextor_bitextor.bitextor.docalign,bitextor_align_documents,,Magic number,process_candidates_ridx1,127,/Volumes/BrokeExt/NICHE/bitextor_bitextor/bitextor/docalign/bitextor_align_documents.py,Magic number 3 used in process_candidates_ridx1.
bitextor_bitextor.bitextor.docalign,bitextor_align_documents,,Magic number,process_candidates_ridx1,127,/Volumes/BrokeExt/NICHE/bitextor_bitextor/bitextor/docalign/bitextor_align_documents.py,Magic number 3 used in process_candidates_ridx1.
bitextor_bitextor.bitextor.docalign,bitextor_build_docalign,,Long statement,,37,/Volumes/BrokeExt/NICHE/bitextor_bitextor/bitextor/docalign/bitextor_build_docalign.py,A line with 253 chars in bitextor_build_docalign exceeds the maximum length of 120 characters.
bitextor_bitextor.bitextor.docalign,bitextor_build_docalign,,Long statement,,52,/Volumes/BrokeExt/NICHE/bitextor_bitextor/bitextor/docalign/bitextor_build_docalign.py,A line with 158 chars in bitextor_build_docalign exceeds the maximum length of 120 characters.
bitextor_bitextor.bitextor.docalign,bitextor_build_docalign,,Long statement,,55,/Volumes/BrokeExt/NICHE/bitextor_bitextor/bitextor/docalign/bitextor_build_docalign.py,A line with 158 chars in bitextor_build_docalign exceeds the maximum length of 120 characters.
bitextor_bitextor.bitextor.docalign,bitextor_build_docalign,,Magic number,open_xz_or_gzip,28,/Volumes/BrokeExt/NICHE/bitextor_bitextor/bitextor/docalign/bitextor_build_docalign.py,Magic number 3 used in open_xz_or_gzip.
bitextor_bitextor.bitextor.docalign,bitextor_build_docalign,,Magic number,open_xz_or_gzip,30,/Volumes/BrokeExt/NICHE/bitextor_bitextor/bitextor/docalign/bitextor_build_docalign.py,Magic number 3 used in open_xz_or_gzip.
bitextor_bitextor.bitextor.docalign,bitextor_build_idx,,Long statement,,39,/Volumes/BrokeExt/NICHE/bitextor_bitextor/bitextor/docalign/bitextor_build_idx.py,A line with 201 chars in bitextor_build_idx exceeds the maximum length of 120 characters.
bitextor_bitextor.bitextor.docalign,bitextor_build_idx,,Long statement,,42,/Volumes/BrokeExt/NICHE/bitextor_bitextor/bitextor/docalign/bitextor_build_idx.py,A line with 246 chars in bitextor_build_idx exceeds the maximum length of 120 characters.
bitextor_bitextor.bitextor.docalign,bitextor_build_idx,,Long statement,,45,/Volumes/BrokeExt/NICHE/bitextor_bitextor/bitextor/docalign/bitextor_build_idx.py,A line with 246 chars in bitextor_build_idx exceeds the maximum length of 120 characters.
bitextor_bitextor.bitextor.docalign,bitextor_build_idx,,Long statement,,48,/Volumes/BrokeExt/NICHE/bitextor_bitextor/bitextor/docalign/bitextor_build_idx.py,A line with 165 chars in bitextor_build_idx exceeds the maximum length of 120 characters.
bitextor_bitextor.bitextor.docalign,bitextor_build_idx,,Long statement,,51,/Volumes/BrokeExt/NICHE/bitextor_bitextor/bitextor/docalign/bitextor_build_idx.py,A line with 128 chars in bitextor_build_idx exceeds the maximum length of 120 characters.
bitextor_bitextor.bitextor.docalign,bitextor_build_idx,,Long statement,,53,/Volumes/BrokeExt/NICHE/bitextor_bitextor/bitextor/docalign/bitextor_build_idx.py,A line with 128 chars in bitextor_build_idx exceeds the maximum length of 120 characters.
bitextor_bitextor.bitextor.docalign,bitextor_idx2ridx,,Complex method,fill_index,52 - 75,/Volumes/BrokeExt/NICHE/bitextor_bitextor/bitextor/docalign/bitextor_idx2ridx.py,"Method 'fill_index' has a cyclomatic complexity of 7, exceeding the max of 6."
bitextor_bitextor.bitextor.docalign,bitextor_idx2ridx,,Long statement,,130,/Volumes/BrokeExt/NICHE/bitextor_bitextor/bitextor/docalign/bitextor_idx2ridx.py,A line with 291 chars in bitextor_idx2ridx exceeds the maximum length of 120 characters.
bitextor_bitextor.bitextor.docalign,bitextor_idx2ridx,,Long statement,,134,/Volumes/BrokeExt/NICHE/bitextor_bitextor/bitextor/docalign/bitextor_idx2ridx.py,A line with 282 chars in bitextor_idx2ridx exceeds the maximum length of 120 characters.
bitextor_bitextor.bitextor.docalign,bitextor_idx2ridx,,Long statement,,138,/Volumes/BrokeExt/NICHE/bitextor_bitextor/bitextor/docalign/bitextor_idx2ridx.py,A line with 242 chars in bitextor_idx2ridx exceeds the maximum length of 120 characters.
bitextor_bitextor.bitextor.docalign,bitextor_idx2ridx,,Long statement,,141,/Volumes/BrokeExt/NICHE/bitextor_bitextor/bitextor/docalign/bitextor_idx2ridx.py,A line with 154 chars in bitextor_idx2ridx exceeds the maximum length of 120 characters.
bitextor_bitextor.bitextor.docalign,bitextor_idx2ridx,,Long statement,,144,/Volumes/BrokeExt/NICHE/bitextor_bitextor/bitextor/docalign/bitextor_idx2ridx.py,A line with 128 chars in bitextor_idx2ridx exceeds the maximum length of 120 characters.
bitextor_bitextor.bitextor.docalign,bitextor_idx2ridx,,Long statement,,146,/Volumes/BrokeExt/NICHE/bitextor_bitextor/bitextor/docalign/bitextor_idx2ridx.py,A line with 128 chars in bitextor_idx2ridx exceeds the maximum length of 120 characters.
bitextor_bitextor.bitextor.docalign,bitextor_idx2ridx,,Long statement,,202,/Volumes/BrokeExt/NICHE/bitextor_bitextor/bitextor/docalign/bitextor_idx2ridx.py,A line with 128 chars in bitextor_idx2ridx exceeds the maximum length of 120 characters.
bitextor_bitextor.bitextor.docalign,bitextor_idx2ridx,,Magic number,read_lett,41,/Volumes/BrokeExt/NICHE/bitextor_bitextor/bitextor/docalign/bitextor_idx2ridx.py,Magic number 5 used in read_lett.
bitextor_bitextor.bitextor.docalign,bitextor_idx2ridx,,Magic number,read_lett,44,/Volumes/BrokeExt/NICHE/bitextor_bitextor/bitextor/docalign/bitextor_idx2ridx.py,Magic number 3 used in read_lett.
bitextor_bitextor.bitextor.docalign,bitextor_idx2ridx,,Magic number,fill_index,61,/Volumes/BrokeExt/NICHE/bitextor_bitextor/bitextor/docalign/bitextor_idx2ridx.py,Magic number 3 used in fill_index.
bitextor_bitextor.bitextor.docalign,bitextor_idx2ridx,,Magic number,load_dictionaries,95,/Volumes/BrokeExt/NICHE/bitextor_bitextor/bitextor/docalign/bitextor_idx2ridx.py,Magic number 2 used in load_dictionaries.
bitextor_bitextor.bitextor.docalign,bitextor_rank,,Long statement,parse_args,11,/Volumes/BrokeExt/NICHE/bitextor_bitextor/bitextor/docalign/bitextor_rank.py,A line with 429 chars in parse_args exceeds the maximum length of 120 characters.
bitextor_bitextor.bitextor.docalign,bitextor_rank,,Long statement,main,43,/Volumes/BrokeExt/NICHE/bitextor_bitextor/bitextor/docalign/bitextor_rank.py,A line with 177 chars in main exceeds the maximum length of 120 characters.
bitextor_bitextor.bitextor.docalign,bitextor_train_docalign,,Complex method,main,43 - 130,/Volumes/BrokeExt/NICHE/bitextor_bitextor/bitextor/docalign/bitextor_train_docalign.py,"Method 'main' has a cyclomatic complexity of 15, exceeding the max of 6."
bitextor_bitextor.bitextor.docalign,bitextor_train_docalign,,Long method,main,43 - 130,/Volumes/BrokeExt/NICHE/bitextor_bitextor/bitextor/docalign/bitextor_train_docalign.py,Method 'main' is too long (75 lines).
bitextor_bitextor.bitextor.docalign,bitextor_train_docalign,,Long statement,parse_args,19,/Volumes/BrokeExt/NICHE/bitextor_bitextor/bitextor/docalign/bitextor_train_docalign.py,A line with 161 chars in parse_args exceeds the maximum length of 120 characters.
bitextor_bitextor.bitextor.docalign,bitextor_train_docalign,,Long statement,parse_args,21,/Volumes/BrokeExt/NICHE/bitextor_bitextor/bitextor/docalign/bitextor_train_docalign.py,A line with 147 chars in parse_args exceeds the maximum length of 120 characters.
bitextor_bitextor.bitextor.docalign,bitextor_train_docalign,,Long statement,parse_args,22,/Volumes/BrokeExt/NICHE/bitextor_bitextor/bitextor/docalign/bitextor_train_docalign.py,A line with 124 chars in parse_args exceeds the maximum length of 120 characters.
bitextor_bitextor.bitextor.docalign,bitextor_train_docalign,,Long statement,main,54,/Volumes/BrokeExt/NICHE/bitextor_bitextor/bitextor/docalign/bitextor_train_docalign.py,A line with 131 chars in main exceeds the maximum length of 120 characters.
bitextor_bitextor.bitextor.docalign,bitextor_train_docalign,,Magic number,read_corpus,36,/Volumes/BrokeExt/NICHE/bitextor_bitextor/bitextor/docalign/bitextor_train_docalign.py,Magic number 2 used in read_corpus.
bitextor_bitextor.bitextor.docalign,bitextor_train_docalign,,Magic number,main,69,/Volumes/BrokeExt/NICHE/bitextor_bitextor/bitextor/docalign/bitextor_train_docalign.py,Magic number 200 used in main.
bitextor_bitextor.bitextor.docalign,bitextor_train_docalign,,Magic number,main,69,/Volumes/BrokeExt/NICHE/bitextor_bitextor/bitextor/docalign/bitextor_train_docalign.py,Magic number 400 used in main.
bitextor_bitextor.bitextor.docalign,bitextor_train_docalign,,Magic number,main,69,/Volumes/BrokeExt/NICHE/bitextor_bitextor/bitextor/docalign/bitextor_train_docalign.py,Magic number 600 used in main.
bitextor_bitextor.bitextor.docalign,bitextor_train_docalign,,Magic number,main,69,/Volumes/BrokeExt/NICHE/bitextor_bitextor/bitextor/docalign/bitextor_train_docalign.py,Magic number 800 used in main.
bitextor_bitextor.bitextor.docalign,bitextor_train_docalign,,Magic number,main,91,/Volumes/BrokeExt/NICHE/bitextor_bitextor/bitextor/docalign/bitextor_train_docalign.py,Magic number 10 used in main.
bitextor_bitextor.bitextor.docalign,bitextor_train_docalign,,Magic number,main,91,/Volumes/BrokeExt/NICHE/bitextor_bitextor/bitextor/docalign/bitextor_train_docalign.py,Magic number 100 used in main.
bitextor_bitextor.bitextor.docalign,bitextor_train_docalign,,Magic number,main,92,/Volumes/BrokeExt/NICHE/bitextor_bitextor/bitextor/docalign/bitextor_train_docalign.py,Magic number 0.01 used in main.
bitextor_bitextor.bitextor.docalign,bitextor_train_docalign,,Magic number,main,92,/Volumes/BrokeExt/NICHE/bitextor_bitextor/bitextor/docalign/bitextor_train_docalign.py,Magic number 0.1 used in main.
bitextor_bitextor.bitextor.docalign.features,bitextor_image_set_overlap,,Long statement,main,41,/Volumes/BrokeExt/NICHE/bitextor_bitextor/bitextor/docalign/features/bitextor_image_set_overlap.py,A line with 208 chars in main exceeds the maximum length of 120 characters.
bitextor_bitextor.bitextor.docalign.features,bitextor_image_set_overlap,,Long statement,main,44,/Volumes/BrokeExt/NICHE/bitextor_bitextor/bitextor/docalign/features/bitextor_image_set_overlap.py,A line with 206 chars in main exceeds the maximum length of 120 characters.
bitextor_bitextor.bitextor.docalign.features,bitextor_image_set_overlap,,Long statement,main,47,/Volumes/BrokeExt/NICHE/bitextor_bitextor/bitextor/docalign/features/bitextor_image_set_overlap.py,A line with 145 chars in main exceeds the maximum length of 120 characters.
bitextor_bitextor.bitextor.docalign.features,bitextor_image_set_overlap,,Long statement,main,49,/Volumes/BrokeExt/NICHE/bitextor_bitextor/bitextor/docalign/features/bitextor_image_set_overlap.py,A line with 145 chars in main exceeds the maximum length of 120 characters.
bitextor_bitextor.bitextor.docalign.features,bitextor_mutually_linked,,Long statement,main,52,/Volumes/BrokeExt/NICHE/bitextor_bitextor/bitextor/docalign/features/bitextor_mutually_linked.py,A line with 208 chars in main exceeds the maximum length of 120 characters.
bitextor_bitextor.bitextor.docalign.features,bitextor_mutually_linked,,Long statement,main,55,/Volumes/BrokeExt/NICHE/bitextor_bitextor/bitextor/docalign/features/bitextor_mutually_linked.py,A line with 206 chars in main exceeds the maximum length of 120 characters.
bitextor_bitextor.bitextor.docalign.features,bitextor_mutually_linked,,Long statement,main,58,/Volumes/BrokeExt/NICHE/bitextor_bitextor/bitextor/docalign/features/bitextor_mutually_linked.py,A line with 152 chars in main exceeds the maximum length of 120 characters.
bitextor_bitextor.bitextor.docalign.features,bitextor_mutually_linked,,Long statement,main,60,/Volumes/BrokeExt/NICHE/bitextor_bitextor/bitextor/docalign/features/bitextor_mutually_linked.py,A line with 152 chars in main exceeds the maximum length of 120 characters.
bitextor_bitextor.bitextor.docalign.features,bitextor_mutually_linked,,Long statement,main,62,/Volumes/BrokeExt/NICHE/bitextor_bitextor/bitextor/docalign/features/bitextor_mutually_linked.py,A line with 148 chars in main exceeds the maximum length of 120 characters.
bitextor_bitextor.bitextor.docalign.features,bitextor_mutually_linked,,Long statement,main,64,/Volumes/BrokeExt/NICHE/bitextor_bitextor/bitextor/docalign/features/bitextor_mutually_linked.py,A line with 148 chars in main exceeds the maximum length of 120 characters.
bitextor_bitextor.bitextor.docalign.features,bitextor_structure_distance,,Complex method,extract_structure_representations,60 - 99,/Volumes/BrokeExt/NICHE/bitextor_bitextor/bitextor/docalign/features/bitextor_structure_distance.py,"Method 'extract_structure_representations' has a cyclomatic complexity of 9, exceeding the max of 6."
bitextor_bitextor.bitextor.docalign.features,bitextor_structure_distance,,Long identifier,extract_structure_representations,60,/Volumes/BrokeExt/NICHE/bitextor_bitextor/bitextor/docalign/features/bitextor_structure_distance.py,Identifier'extract_structure_representations' exceeds the maximum length of 30 characters.
bitextor_bitextor.bitextor.docalign.features,bitextor_structure_distance,,Long statement,main,103,/Volumes/BrokeExt/NICHE/bitextor_bitextor/bitextor/docalign/features/bitextor_structure_distance.py,A line with 208 chars in main exceeds the maximum length of 120 characters.
bitextor_bitextor.bitextor.docalign.features,bitextor_structure_distance,,Long statement,main,106,/Volumes/BrokeExt/NICHE/bitextor_bitextor/bitextor/docalign/features/bitextor_structure_distance.py,A line with 206 chars in main exceeds the maximum length of 120 characters.
bitextor_bitextor.bitextor.docalign.features,bitextor_structure_distance,,Long statement,main,109,/Volumes/BrokeExt/NICHE/bitextor_bitextor/bitextor/docalign/features/bitextor_structure_distance.py,A line with 145 chars in main exceeds the maximum length of 120 characters.
bitextor_bitextor.bitextor.docalign.features,bitextor_structure_distance,,Long statement,main,111,/Volumes/BrokeExt/NICHE/bitextor_bitextor/bitextor/docalign/features/bitextor_structure_distance.py,A line with 145 chars in main exceeds the maximum length of 120 characters.
bitextor_bitextor.bitextor.docalign.features,bitextor_structure_distance,,Magic number,extract_structure_representations,63,/Volumes/BrokeExt/NICHE/bitextor_bitextor/bitextor/docalign/features/bitextor_structure_distance.py,Magic number 32 used in extract_structure_representations.
bitextor_bitextor.bitextor.docalign.features,bitextor_structure_distance,,Magic number,extract_structure_representations,87,/Volumes/BrokeExt/NICHE/bitextor_bitextor/bitextor/docalign/features/bitextor_structure_distance.py,Magic number 95 used in extract_structure_representations.
bitextor_bitextor.bitextor.docalign.features,bitextor_structure_distance,,Magic number,extract_structure_representations,75,/Volumes/BrokeExt/NICHE/bitextor_bitextor/bitextor/docalign/features/bitextor_structure_distance.py,Magic number 2 used in extract_structure_representations.
bitextor_bitextor.bitextor.docalign.features,bitextor_url_set_overlap,,Long statement,extract_urls,31,/Volumes/BrokeExt/NICHE/bitextor_bitextor/bitextor/docalign/features/bitextor_url_set_overlap.py,A line with 139 chars in extract_urls exceeds the maximum length of 120 characters.
bitextor_bitextor.bitextor.docalign.features,bitextor_url_set_overlap,,Long statement,main,42,/Volumes/BrokeExt/NICHE/bitextor_bitextor/bitextor/docalign/features/bitextor_url_set_overlap.py,A line with 208 chars in main exceeds the maximum length of 120 characters.
bitextor_bitextor.bitextor.docalign.features,bitextor_url_set_overlap,,Long statement,main,45,/Volumes/BrokeExt/NICHE/bitextor_bitextor/bitextor/docalign/features/bitextor_url_set_overlap.py,A line with 206 chars in main exceeds the maximum length of 120 characters.
bitextor_bitextor.bitextor.docalign.features,bitextor_url_set_overlap,,Long statement,main,48,/Volumes/BrokeExt/NICHE/bitextor_bitextor/bitextor/docalign/features/bitextor_url_set_overlap.py,A line with 145 chars in main exceeds the maximum length of 120 characters.
bitextor_bitextor.bitextor.docalign.features,bitextor_url_set_overlap,,Long statement,main,50,/Volumes/BrokeExt/NICHE/bitextor_bitextor/bitextor/docalign/features/bitextor_url_set_overlap.py,A line with 145 chars in main exceeds the maximum length of 120 characters.
bitextor_bitextor.bitextor.docalign.features,bitextor_urls_comparison,,Long statement,main,43,/Volumes/BrokeExt/NICHE/bitextor_bitextor/bitextor/docalign/features/bitextor_urls_comparison.py,A line with 208 chars in main exceeds the maximum length of 120 characters.
bitextor_bitextor.bitextor.docalign.features,bitextor_urls_comparison,,Long statement,main,46,/Volumes/BrokeExt/NICHE/bitextor_bitextor/bitextor/docalign/features/bitextor_urls_comparison.py,A line with 206 chars in main exceeds the maximum length of 120 characters.
bitextor_bitextor.bitextor.docalign.features,bitextor_urls_comparison,,Long statement,main,49,/Volumes/BrokeExt/NICHE/bitextor_bitextor/bitextor/docalign/features/bitextor_urls_comparison.py,A line with 148 chars in main exceeds the maximum length of 120 characters.
bitextor_bitextor.bitextor.docalign.features,bitextor_urls_comparison,,Long statement,main,51,/Volumes/BrokeExt/NICHE/bitextor_bitextor/bitextor/docalign/features/bitextor_urls_comparison.py,A line with 148 chars in main exceeds the maximum length of 120 characters.
bitextor_bitextor.bitextor.docalign.features,bitextor_urls_distance,,Long statement,main,48,/Volumes/BrokeExt/NICHE/bitextor_bitextor/bitextor/docalign/features/bitextor_urls_distance.py,A line with 208 chars in main exceeds the maximum length of 120 characters.
bitextor_bitextor.bitextor.docalign.features,bitextor_urls_distance,,Long statement,main,51,/Volumes/BrokeExt/NICHE/bitextor_bitextor/bitextor/docalign/features/bitextor_urls_distance.py,A line with 206 chars in main exceeds the maximum length of 120 characters.
bitextor_bitextor.bitextor.docalign.features,bitextor_urls_distance,,Long statement,main,54,/Volumes/BrokeExt/NICHE/bitextor_bitextor/bitextor/docalign/features/bitextor_urls_distance.py,A line with 152 chars in main exceeds the maximum length of 120 characters.
bitextor_bitextor.bitextor.docalign.features,bitextor_urls_distance,,Long statement,main,56,/Volumes/BrokeExt/NICHE/bitextor_bitextor/bitextor/docalign/features/bitextor_urls_distance.py,A line with 152 chars in main exceeds the maximum length of 120 characters.
bitextor_bitextor.bitextor.docalign.features,bitextor_urls_distance,,Long statement,main,58,/Volumes/BrokeExt/NICHE/bitextor_bitextor/bitextor/docalign/features/bitextor_urls_distance.py,A line with 148 chars in main exceeds the maximum length of 120 characters.
bitextor_bitextor.bitextor.docalign.features,bitextor_urls_distance,,Long statement,main,60,/Volumes/BrokeExt/NICHE/bitextor_bitextor/bitextor/docalign/features/bitextor_urls_distance.py,A line with 148 chars in main exceeds the maximum length of 120 characters.
bitextor_bitextor.bitextor.other_scripts,bitextor_align_segments_moses,,Complex method,align,86 - 134,/Volumes/BrokeExt/NICHE/bitextor_bitextor/bitextor/other_scripts/bitextor_align_segments_moses.py,"Method 'align' has a cyclomatic complexity of 14, exceeding the max of 6."
bitextor_bitextor.bitextor.other_scripts,bitextor_align_segments_moses,,Long method,align,86 - 134,/Volumes/BrokeExt/NICHE/bitextor_bitextor/bitextor/other_scripts/bitextor_align_segments_moses.py,Method 'align' is too long (47 lines).
bitextor_bitextor.bitextor.other_scripts,bitextor_align_segments_moses,,Long statement,,137,/Volumes/BrokeExt/NICHE/bitextor_bitextor/bitextor/other_scripts/bitextor_align_segments_moses.py,A line with 152 chars in bitextor_align_segments_moses exceeds the maximum length of 120 characters.
bitextor_bitextor.bitextor.other_scripts,bitextor_align_segments_moses,,Long statement,,140,/Volumes/BrokeExt/NICHE/bitextor_bitextor/bitextor/other_scripts/bitextor_align_segments_moses.py,A line with 234 chars in bitextor_align_segments_moses exceeds the maximum length of 120 characters.
bitextor_bitextor.bitextor.other_scripts,bitextor_align_segments_moses,,Long statement,,144,/Volumes/BrokeExt/NICHE/bitextor_bitextor/bitextor/other_scripts/bitextor_align_segments_moses.py,A line with 128 chars in bitextor_align_segments_moses exceeds the maximum length of 120 characters.
bitextor_bitextor.bitextor.other_scripts,bitextor_align_segments_moses,,Long statement,,146,/Volumes/BrokeExt/NICHE/bitextor_bitextor/bitextor/other_scripts/bitextor_align_segments_moses.py,A line with 128 chars in bitextor_align_segments_moses exceeds the maximum length of 120 characters.
bitextor_bitextor.bitextor.other_scripts,bitextor_align_segments_moses,,Long statement,,148,/Volumes/BrokeExt/NICHE/bitextor_bitextor/bitextor/other_scripts/bitextor_align_segments_moses.py,A line with 279 chars in bitextor_align_segments_moses exceeds the maximum length of 120 characters.
bitextor_bitextor.bitextor.other_scripts,bitextor_align_segments_moses,,Long statement,,153,/Volumes/BrokeExt/NICHE/bitextor_bitextor/bitextor/other_scripts/bitextor_align_segments_moses.py,A line with 127 chars in bitextor_align_segments_moses exceeds the maximum length of 120 characters.
bitextor_bitextor.bitextor.other_scripts,bitextor_align_segments_moses,,Long statement,,155,/Volumes/BrokeExt/NICHE/bitextor_bitextor/bitextor/other_scripts/bitextor_align_segments_moses.py,A line with 172 chars in bitextor_align_segments_moses exceeds the maximum length of 120 characters.
bitextor_bitextor.bitextor.other_scripts,bitextor_align_segments_moses,,Magic number,extract_encoded_text,78,/Volumes/BrokeExt/NICHE/bitextor_bitextor/bitextor/other_scripts/bitextor_align_segments_moses.py,Magic number 2 used in extract_encoded_text.
bitextor_bitextor.bitextor.other_scripts,bitextor_align_segments_moses,,Magic number,align,113,/Volumes/BrokeExt/NICHE/bitextor_bitextor/bitextor/other_scripts/bitextor_align_segments_moses.py,Magic number 0.3 used in align.
bitextor_bitextor.bitextor.other_scripts,bitextor_clean_text_align,,Long statement,,30,/Volumes/BrokeExt/NICHE/bitextor_bitextor/bitextor/other_scripts/bitextor_clean_text_align.py,A line with 179 chars in bitextor_clean_text_align exceeds the maximum length of 120 characters.
bitextor_bitextor.bitextor.other_scripts,bitextor_clean_text_align,,Long statement,,33,/Volumes/BrokeExt/NICHE/bitextor_bitextor/bitextor/other_scripts/bitextor_clean_text_align.py,A line with 231 chars in bitextor_clean_text_align exceeds the maximum length of 120 characters.
bitextor_bitextor.bitextor.other_scripts,bitextor_clean_text_align,,Long statement,,37,/Volumes/BrokeExt/NICHE/bitextor_bitextor/bitextor/other_scripts/bitextor_clean_text_align.py,A line with 243 chars in bitextor_clean_text_align exceeds the maximum length of 120 characters.
bitextor_bitextor.bitextor.other_scripts,bitextor_clean_text_align,,Long statement,,41,/Volumes/BrokeExt/NICHE/bitextor_bitextor/bitextor/other_scripts/bitextor_clean_text_align.py,A line with 217 chars in bitextor_clean_text_align exceeds the maximum length of 120 characters.
bitextor_bitextor.bitextor.other_scripts,bitextor_clean_text_align,,Long statement,,45,/Volumes/BrokeExt/NICHE/bitextor_bitextor/bitextor/other_scripts/bitextor_clean_text_align.py,A line with 144 chars in bitextor_clean_text_align exceeds the maximum length of 120 characters.
bitextor_bitextor.bitextor.other_scripts,bitextor_tokenize_moses,,Complex method,extract_encoded_text,43 - 73,/Volumes/BrokeExt/NICHE/bitextor_bitextor/bitextor/other_scripts/bitextor_tokenize_moses.py,"Method 'extract_encoded_text' has a cyclomatic complexity of 8, exceeding the max of 6."
bitextor_bitextor.bitextor.other_scripts,bitextor_tokenize_moses,,Long statement,,79,/Volumes/BrokeExt/NICHE/bitextor_bitextor/bitextor/other_scripts/bitextor_tokenize_moses.py,A line with 187 chars in bitextor_tokenize_moses exceeds the maximum length of 120 characters.
bitextor_bitextor.bitextor.other_scripts,bitextor_tokenize_moses,,Long statement,,82,/Volumes/BrokeExt/NICHE/bitextor_bitextor/bitextor/other_scripts/bitextor_tokenize_moses.py,A line with 376 chars in bitextor_tokenize_moses exceeds the maximum length of 120 characters.
bitextor_bitextor.bitextor.other_scripts,bitextor_tokenize_moses,,Long statement,,87,/Volumes/BrokeExt/NICHE/bitextor_bitextor/bitextor/other_scripts/bitextor_tokenize_moses.py,A line with 385 chars in bitextor_tokenize_moses exceeds the maximum length of 120 characters.
bitextor_bitextor.bitextor.other_scripts,bitextor_tokenize_moses,,Long statement,,92,/Volumes/BrokeExt/NICHE/bitextor_bitextor/bitextor/other_scripts/bitextor_tokenize_moses.py,A line with 374 chars in bitextor_tokenize_moses exceeds the maximum length of 120 characters.
bitextor_bitextor.bitextor.other_scripts,bitextor_tokenize_moses,,Magic number,extract_encoded_text,58,/Volumes/BrokeExt/NICHE/bitextor_bitextor/bitextor/other_scripts/bitextor_tokenize_moses.py,Magic number 2 used in extract_encoded_text.
bitextor_bitextor.bitextor.utils,apply_command_b64_doc,,Complex method,execute,24 - 70,/Volumes/BrokeExt/NICHE/bitextor_bitextor/bitextor/utils/apply_command_b64_doc.py,"Method 'execute' has a cyclomatic complexity of 7, exceeding the max of 6."
bitextor_bitextor.bitextor.utils,apply_command_b64_doc,,Long method,execute,24 - 70,/Volumes/BrokeExt/NICHE/bitextor_bitextor/bitextor/utils/apply_command_b64_doc.py,Method 'execute' is too long (43 lines).
bitextor_bitextor.bitextor.utils,apply_command_b64_doc,,Long parameter list,execute,24 - 70,/Volumes/BrokeExt/NICHE/bitextor_bitextor/bitextor/utils/apply_command_b64_doc.py,"execute has 8 parameters, exceeding the max of 5."
bitextor_bitextor.bitextor.utils,apply_command_b64_doc,,Long statement,execute,70,/Volumes/BrokeExt/NICHE/bitextor_bitextor/bitextor/utils/apply_command_b64_doc.py,A line with 150 chars in execute exceeds the maximum length of 120 characters.
bitextor_bitextor.bitextor.utils,apply_command_b64_doc,,Long statement,parse_args,73,/Volumes/BrokeExt/NICHE/bitextor_bitextor/bitextor/utils/apply_command_b64_doc.py,A line with 195 chars in parse_args exceeds the maximum length of 120 characters.
bitextor_bitextor.bitextor.utils,apply_command_b64_doc,,Long statement,parse_args,80,/Volumes/BrokeExt/NICHE/bitextor_bitextor/bitextor/utils/apply_command_b64_doc.py,A line with 174 chars in parse_args exceeds the maximum length of 120 characters.
bitextor_bitextor.bitextor.utils,apply_command_b64_doc,,Long statement,parse_args,82,/Volumes/BrokeExt/NICHE/bitextor_bitextor/bitextor/utils/apply_command_b64_doc.py,A line with 198 chars in parse_args exceeds the maximum length of 120 characters.
bitextor_bitextor.bitextor.utils,apply_command_b64_doc,,Long statement,parse_args,85,/Volumes/BrokeExt/NICHE/bitextor_bitextor/bitextor/utils/apply_command_b64_doc.py,A line with 141 chars in parse_args exceeds the maximum length of 120 characters.
bitextor_bitextor.bitextor.utils,apply_command_b64_doc,,Long statement,parse_args,87,/Volumes/BrokeExt/NICHE/bitextor_bitextor/bitextor/utils/apply_command_b64_doc.py,A line with 182 chars in parse_args exceeds the maximum length of 120 characters.
bitextor_bitextor.bitextor.utils,apply_command_b64_doc,,Long statement,parse_args,89,/Volumes/BrokeExt/NICHE/bitextor_bitextor/bitextor/utils/apply_command_b64_doc.py,A line with 149 chars in parse_args exceeds the maximum length of 120 characters.
bitextor_bitextor.bitextor.utils,apply_command_b64_doc,,Long statement,parse_args,91,/Volumes/BrokeExt/NICHE/bitextor_bitextor/bitextor/utils/apply_command_b64_doc.py,A line with 149 chars in parse_args exceeds the maximum length of 120 characters.
bitextor_bitextor.bitextor.utils,apply_command_b64_doc,,Long statement,,105,/Volumes/BrokeExt/NICHE/bitextor_bitextor/bitextor/utils/apply_command_b64_doc.py,A line with 259 chars in apply_command_b64_doc exceeds the maximum length of 120 characters.
bitextor_bitextor.bitextor.utils,args,,Complex method,isfile,30 - 40,/Volumes/BrokeExt/NICHE/bitextor_bitextor/bitextor/utils/args.py,"Method 'isfile' has a cyclomatic complexity of 8, exceeding the max of 6."
bitextor_bitextor.bitextor.utils,args,,Complex method,isdir,42 - 52,/Volumes/BrokeExt/NICHE/bitextor_bitextor/bitextor/utils/args.py,"Method 'isdir' has a cyclomatic complexity of 8, exceeding the max of 6."
bitextor_bitextor.bitextor.utils,args,,Complex method,validate_args,89 - 379,/Volumes/BrokeExt/NICHE/bitextor_bitextor/bitextor/utils/args.py,"Method 'validate_args' has a cyclomatic complexity of 44, exceeding the max of 6."
bitextor_bitextor.bitextor.utils,args,,Long method,validate_args,89 - 379,/Volumes/BrokeExt/NICHE/bitextor_bitextor/bitextor/utils/args.py,Method 'validate_args' is too long (267 lines).
bitextor_bitextor.bitextor.utils,args,,Long statement,validate_args,289,/Volumes/BrokeExt/NICHE/bitextor_bitextor/bitextor/utils/args.py,A line with 133 chars in validate_args exceeds the maximum length of 120 characters.
bitextor_bitextor.bitextor.utils,args,,Long statement,validate_args,305,/Volumes/BrokeExt/NICHE/bitextor_bitextor/bitextor/utils/args.py,A line with 124 chars in validate_args exceeds the maximum length of 120 characters.
bitextor_bitextor.bitextor.utils,args,,Long statement,validate_args,364,/Volumes/BrokeExt/NICHE/bitextor_bitextor/bitextor/utils/args.py,A line with 135 chars in validate_args exceeds the maximum length of 120 characters.
bitextor_bitextor.bitextor.utils,args,,Magic number,validate_args,158,/Volumes/BrokeExt/NICHE/bitextor_bitextor/bitextor/utils/args.py,Magic number 8 used in validate_args.
bitextor_bitextor.bitextor.utils,args,,Magic number,validate_args,159,/Volumes/BrokeExt/NICHE/bitextor_bitextor/bitextor/utils/args.py,Magic number 1024 used in validate_args.
bitextor_bitextor.bitextor.utils,args,,Magic number,validate_args,208,/Volumes/BrokeExt/NICHE/bitextor_bitextor/bitextor/utils/args.py,Magic number 32 used in validate_args.
bitextor_bitextor.bitextor.utils,common,,Complex method,open_xz_or_gzip_or_plain,65 - 102,/Volumes/BrokeExt/NICHE/bitextor_bitextor/bitextor/utils/common.py,"Method 'open_xz_or_gzip_or_plain' has a cyclomatic complexity of 9, exceeding the max of 6."
bitextor_bitextor.bitextor.utils,common,,Complex method,print_alternatively_lines,207 - 227,/Volumes/BrokeExt/NICHE/bitextor_bitextor/bitextor/utils/common.py,"Method 'print_alternatively_lines' has a cyclomatic complexity of 7, exceeding the max of 6."
bitextor_bitextor.bitextor.utils,common,,Long parameter list,return_dict_value_if_key,193 - 204,/Volumes/BrokeExt/NICHE/bitextor_bitextor/bitextor/utils/common.py,"return_dict_value_if_key has 6 parameters, exceeding the max of 5."
bitextor_bitextor.bitextor.utils,common,,Long statement,check_lengths,149,/Volumes/BrokeExt/NICHE/bitextor_bitextor/bitextor/utils/common.py,A line with 163 chars in check_lengths exceeds the maximum length of 120 characters.
bitextor_bitextor.bitextor.utils,common,,Magic number,open_xz_or_gzip_or_plain,89,/Volumes/BrokeExt/NICHE/bitextor_bitextor/bitextor/utils/common.py,Magic number 3 used in open_xz_or_gzip_or_plain.
bitextor_bitextor.bitextor.utils,common,,Magic number,open_xz_or_gzip_or_plain,91,/Volumes/BrokeExt/NICHE/bitextor_bitextor/bitextor/utils/common.py,Magic number 3 used in open_xz_or_gzip_or_plain.
bitextor_bitextor.bitextor.utils,common,,Magic number,check_connection,173,/Volumes/BrokeExt/NICHE/bitextor_bitextor/bitextor/utils/common.py,Magic number 4 used in check_connection.
bitextor_bitextor.bitextor.utils,common,,Magic number,print_alternatively_lines,207,/Volumes/BrokeExt/NICHE/bitextor_bitextor/bitextor/utils/common.py,Magic number 2 used in print_alternatively_lines.
bitextor_bitextor.bitextor.utils,cut_header,,Complex method,cut,18 - 53,/Volumes/BrokeExt/NICHE/bitextor_bitextor/bitextor/utils/cut_header.py,"Method 'cut' has a cyclomatic complexity of 9, exceeding the max of 6."
bitextor_bitextor.bitextor.utils,cut_header,,Long statement,parse_args,56,/Volumes/BrokeExt/NICHE/bitextor_bitextor/bitextor/utils/cut_header.py,A line with 205 chars in parse_args exceeds the maximum length of 120 characters.
bitextor_bitextor.bitextor.utils,cut_header,,Long statement,parse_args,59,/Volumes/BrokeExt/NICHE/bitextor_bitextor/bitextor/utils/cut_header.py,A line with 131 chars in parse_args exceeds the maximum length of 120 characters.
bitextor_bitextor.bitextor.utils,cut_header,,Long statement,parse_args,65,/Volumes/BrokeExt/NICHE/bitextor_bitextor/bitextor/utils/cut_header.py,A line with 157 chars in parse_args exceeds the maximum length of 120 characters.
bitextor_bitextor.bitextor.utils,cut_header,,Long statement,parse_args,67,/Volumes/BrokeExt/NICHE/bitextor_bitextor/bitextor/utils/cut_header.py,A line with 149 chars in parse_args exceeds the maximum length of 120 characters.
bitextor_bitextor.bitextor.utils,cut_header,,Long statement,,79,/Volumes/BrokeExt/NICHE/bitextor_bitextor/bitextor/utils/cut_header.py,A line with 148 chars in cut_header exceeds the maximum length of 120 characters.
bitextor_bitextor.bitextor.utils,join_b64_docs,,Complex method,join,20 - 76,/Volumes/BrokeExt/NICHE/bitextor_bitextor/bitextor/utils/join_b64_docs.py,"Method 'join' has a cyclomatic complexity of 12, exceeding the max of 6."
bitextor_bitextor.bitextor.utils,join_b64_docs,,Long method,join,20 - 76,/Volumes/BrokeExt/NICHE/bitextor_bitextor/bitextor/utils/join_b64_docs.py,Method 'join' is too long (53 lines).
bitextor_bitextor.bitextor.utils,join_b64_docs,,Long parameter list,join,20 - 76,/Volumes/BrokeExt/NICHE/bitextor_bitextor/bitextor/utils/join_b64_docs.py,"join has 6 parameters, exceeding the max of 5."
bitextor_bitextor.bitextor.utils,join_b64_docs,,Long statement,parse_args,79,/Volumes/BrokeExt/NICHE/bitextor_bitextor/bitextor/utils/join_b64_docs.py,A line with 205 chars in parse_args exceeds the maximum length of 120 characters.
bitextor_bitextor.bitextor.utils,join_b64_docs,,Long statement,parse_args,84,/Volumes/BrokeExt/NICHE/bitextor_bitextor/bitextor/utils/join_b64_docs.py,A line with 174 chars in parse_args exceeds the maximum length of 120 characters.
bitextor_bitextor.bitextor.utils,join_b64_docs,,Long statement,parse_args,88,/Volumes/BrokeExt/NICHE/bitextor_bitextor/bitextor/utils/join_b64_docs.py,A line with 151 chars in parse_args exceeds the maximum length of 120 characters.
bitextor_bitextor.bitextor.utils,join_b64_docs,,Long statement,parse_args,90,/Volumes/BrokeExt/NICHE/bitextor_bitextor/bitextor/utils/join_b64_docs.py,A line with 149 chars in parse_args exceeds the maximum length of 120 characters.
bitextor_bitextor.bitextor.utils,join_b64_docs,,Long statement,parse_args,92,/Volumes/BrokeExt/NICHE/bitextor_bitextor/bitextor/utils/join_b64_docs.py,A line with 149 chars in parse_args exceeds the maximum length of 120 characters.
bitextor_bitextor.bitextor.utils,join_b64_docs,,Long statement,,106,/Volumes/BrokeExt/NICHE/bitextor_bitextor/bitextor/utils/join_b64_docs.py,A line with 173 chars in join_b64_docs exceeds the maximum length of 120 characters.
bitextor_bitextor.bitextor.utils,lett2bitextor,,Complex method,main,28 - 95,/Volumes/BrokeExt/NICHE/bitextor_bitextor/bitextor/utils/lett2bitextor.py,"Method 'main' has a cyclomatic complexity of 17, exceeding the max of 6."
bitextor_bitextor.bitextor.utils,lett2bitextor,,Long method,main,28 - 95,/Volumes/BrokeExt/NICHE/bitextor_bitextor/bitextor/utils/lett2bitextor.py,Method 'main' is too long (62 lines).
bitextor_bitextor.bitextor.utils,lett2bitextor,,Long statement,parse_args,98,/Volumes/BrokeExt/NICHE/bitextor_bitextor/bitextor/utils/lett2bitextor.py,A line with 192 chars in parse_args exceeds the maximum length of 120 characters.
bitextor_bitextor.bitextor.utils,lett2bitextor,,Long statement,parse_args,103,/Volumes/BrokeExt/NICHE/bitextor_bitextor/bitextor/utils/lett2bitextor.py,A line with 121 chars in parse_args exceeds the maximum length of 120 characters.
bitextor_bitextor.bitextor.utils,lett2bitextor,,Magic number,main,50,/Volumes/BrokeExt/NICHE/bitextor_bitextor/bitextor/utils/lett2bitextor.py,Magic number 6 used in main.
bitextor_bitextor.bitextor.utils,unicodepunct,,Long method,get_unicode_punct,21 - 134,/Volumes/BrokeExt/NICHE/bitextor_bitextor/bitextor/utils/unicodepunct.py,Method 'get_unicode_punct' is too long (112 lines).
bitextor_bitextor.tests.utils,common,,Complex method,open_xz_or_gzip_or_plain,65 - 102,/Volumes/BrokeExt/NICHE/bitextor_bitextor/tests/utils/common.py,"Method 'open_xz_or_gzip_or_plain' has a cyclomatic complexity of 9, exceeding the max of 6."
bitextor_bitextor.tests.utils,common,,Complex method,print_alternatively_lines,207 - 227,/Volumes/BrokeExt/NICHE/bitextor_bitextor/tests/utils/common.py,"Method 'print_alternatively_lines' has a cyclomatic complexity of 7, exceeding the max of 6."
bitextor_bitextor.tests.utils,common,,Long parameter list,return_dict_value_if_key,193 - 204,/Volumes/BrokeExt/NICHE/bitextor_bitextor/tests/utils/common.py,"return_dict_value_if_key has 6 parameters, exceeding the max of 5."
bitextor_bitextor.tests.utils,common,,Long statement,check_lengths,149,/Volumes/BrokeExt/NICHE/bitextor_bitextor/tests/utils/common.py,A line with 163 chars in check_lengths exceeds the maximum length of 120 characters.
bitextor_bitextor.tests.utils,common,,Magic number,open_xz_or_gzip_or_plain,89,/Volumes/BrokeExt/NICHE/bitextor_bitextor/tests/utils/common.py,Magic number 3 used in open_xz_or_gzip_or_plain.
bitextor_bitextor.tests.utils,common,,Magic number,open_xz_or_gzip_or_plain,91,/Volumes/BrokeExt/NICHE/bitextor_bitextor/tests/utils/common.py,Magic number 3 used in open_xz_or_gzip_or_plain.
bitextor_bitextor.tests.utils,common,,Magic number,check_connection,173,/Volumes/BrokeExt/NICHE/bitextor_bitextor/tests/utils/common.py,Magic number 4 used in check_connection.
bitextor_bitextor.tests.utils,common,,Magic number,print_alternatively_lines,207,/Volumes/BrokeExt/NICHE/bitextor_bitextor/tests/utils/common.py,Magic number 2 used in print_alternatively_lines.
bitextor_bitextor.tests.utils,split_warc,,Long statement,_decompose,29,/Volumes/BrokeExt/NICHE/bitextor_bitextor/tests/utils/split_warc.py,A line with 240 chars in _decompose exceeds the maximum length of 120 characters.
bitextor_bitextor.tests.utils,split_warc,,Long statement,base_alphabet_to_10,53,/Volumes/BrokeExt/NICHE/bitextor_bitextor/tests/utils/split_warc.py,A line with 128 chars in base_alphabet_to_10 exceeds the maximum length of 120 characters.
bitextor_bitextor.tests.utils,split_warc,,Long statement,,59,/Volumes/BrokeExt/NICHE/bitextor_bitextor/tests/utils/split_warc.py,A line with 282 chars in split_warc exceeds the maximum length of 120 characters.
bitextor_bitextor.tests.utils,split_warc,,Long statement,,69,/Volumes/BrokeExt/NICHE/bitextor_bitextor/tests/utils/split_warc.py,A line with 137 chars in split_warc exceeds the maximum length of 120 characters.
bitextor_bitextor.tests.utils,split_warc,,Long statement,,72,/Volumes/BrokeExt/NICHE/bitextor_bitextor/tests/utils/split_warc.py,A line with 129 chars in split_warc exceeds the maximum length of 120 characters.
bitextor_bitextor.tests.utils,split_warc,,Long statement,,75,/Volumes/BrokeExt/NICHE/bitextor_bitextor/tests/utils/split_warc.py,A line with 135 chars in split_warc exceeds the maximum length of 120 characters.
bitextor_bitextor.tests.utils,text2prevertical,,Complex method,text2prevertical,43 - 117,/Volumes/BrokeExt/NICHE/bitextor_bitextor/tests/utils/text2prevertical.py,"Method 'text2prevertical' has a cyclomatic complexity of 8, exceeding the max of 6."
bitextor_bitextor.tests.utils,text2prevertical,,Long identifier,,164,/Volumes/BrokeExt/NICHE/bitextor_bitextor/tests/utils/text2prevertical.py,Identifier'sentence_boilerplate_likelihood' exceeds the maximum length of 30 characters.
bitextor_bitextor.tests.utils,text2prevertical,,Long method,text2prevertical,43 - 117,/Volumes/BrokeExt/NICHE/bitextor_bitextor/tests/utils/text2prevertical.py,Method 'text2prevertical' is too long (73 lines).
bitextor_bitextor.tests.utils,text2prevertical,,Long parameter list,text2prevertical,43 - 117,/Volumes/BrokeExt/NICHE/bitextor_bitextor/tests/utils/text2prevertical.py,"text2prevertical has 8 parameters, exceeding the max of 5."
bitextor_bitextor.tests.utils,text2prevertical,,Long statement,text2prevertical,81,/Volumes/BrokeExt/NICHE/bitextor_bitextor/tests/utils/text2prevertical.py,A line with 226 chars in text2prevertical exceeds the maximum length of 120 characters.
bitextor_bitextor.tests.utils,text2prevertical,,Long statement,parse_args,120,/Volumes/BrokeExt/NICHE/bitextor_bitextor/tests/utils/text2prevertical.py,A line with 205 chars in parse_args exceeds the maximum length of 120 characters.
bitextor_bitextor.tests.utils,text2prevertical,,Long statement,parse_args,128,/Volumes/BrokeExt/NICHE/bitextor_bitextor/tests/utils/text2prevertical.py,A line with 125 chars in parse_args exceeds the maximum length of 120 characters.
bitextor_bitextor.tests.utils,text2prevertical,,Long statement,parse_args,133,/Volumes/BrokeExt/NICHE/bitextor_bitextor/tests/utils/text2prevertical.py,A line with 166 chars in parse_args exceeds the maximum length of 120 characters.
bitextor_bitextor.tests.utils,text2prevertical,,Long statement,parse_args,135,/Volumes/BrokeExt/NICHE/bitextor_bitextor/tests/utils/text2prevertical.py,A line with 162 chars in parse_args exceeds the maximum length of 120 characters.
bitextor_bitextor.tests.utils,text2prevertical,,Long statement,parse_args,138,/Volumes/BrokeExt/NICHE/bitextor_bitextor/tests/utils/text2prevertical.py,A line with 139 chars in parse_args exceeds the maximum length of 120 characters.
bitextor_bitextor.tests.utils,text2prevertical,,Long statement,,167,/Volumes/BrokeExt/NICHE/bitextor_bitextor/tests/utils/text2prevertical.py,A line with 217 chars in text2prevertical exceeds the maximum length of 120 characters.
bitextor_bitextor.tests.utils,text2prevertical,,Magic number,text2prevertical,75,/Volumes/BrokeExt/NICHE/bitextor_bitextor/tests/utils/text2prevertical.py,Magic number 1024 used in text2prevertical.
bitextor_bitextor.tests.utils,text2prevertical,,Magic number,text2prevertical,75,/Volumes/BrokeExt/NICHE/bitextor_bitextor/tests/utils/text2prevertical.py,Magic number 1024 used in text2prevertical.
