Package,Module,Class,Function,LOC,CC,PC
jaakkopasanen_AutoEq.autoeq,__main__,,cli_args,187,17,0
jaakkopasanen_AutoEq.autoeq,batch_processing,,batch_processing,85,25,34
jaakkopasanen_AutoEq.autoeq,batch_processing,,process_file_wrapper,2,1,1
jaakkopasanen_AutoEq.autoeq,batch_processing,,process_file,74,10,31
jaakkopasanen_AutoEq.autoeq,csv,,find_csv_separators,28,9,1
jaakkopasanen_AutoEq.autoeq,csv,,find_csv_columns,10,6,2
jaakkopasanen_AutoEq.autoeq,csv,,parse_csv,43,15,1
jaakkopasanen_AutoEq.autoeq,csv,,create_csv,5,2,1
jaakkopasanen_AutoEq.autoeq,frequency_response,FrequencyResponse,__init__,19,3,12
jaakkopasanen_AutoEq.autoeq,frequency_response,FrequencyResponse,_init_data,6,5,1
jaakkopasanen_AutoEq.autoeq,frequency_response,FrequencyResponse,_check_duplicate_frequencies,9,4,0
jaakkopasanen_AutoEq.autoeq,frequency_response,FrequencyResponse,_sort,6,3,0
jaakkopasanen_AutoEq.autoeq,frequency_response,FrequencyResponse,copy,4,1,1
jaakkopasanen_AutoEq.autoeq,frequency_response,FrequencyResponse,reset,5,3,10
jaakkopasanen_AutoEq.autoeq,frequency_response,FrequencyResponse,to_dict,2,1,0
jaakkopasanen_AutoEq.autoeq,frequency_response,FrequencyResponse,read_csv,9,2,2
jaakkopasanen_AutoEq.autoeq,frequency_response,FrequencyResponse,write_csv,3,1,1
jaakkopasanen_AutoEq.autoeq,frequency_response,FrequencyResponse,eqapo_graphic_eq,16,4,3
jaakkopasanen_AutoEq.autoeq,frequency_response,FrequencyResponse,write_eqapo_graphic_eq,6,1,3
jaakkopasanen_AutoEq.autoeq,frequency_response,FrequencyResponse,_optimize_peq_filters,19,7,4
jaakkopasanen_AutoEq.autoeq,frequency_response,FrequencyResponse,optimize_parametric_eq,8,1,4
jaakkopasanen_AutoEq.autoeq,frequency_response,FrequencyResponse,optimize_fixed_band_eq,19,5,5
jaakkopasanen_AutoEq.autoeq,frequency_response,FrequencyResponse,write_eqapo_parametric_eq,13,4,2
jaakkopasanen_AutoEq.autoeq,frequency_response,FrequencyResponse,minimum_phase_impulse_response,24,3,4
jaakkopasanen_AutoEq.autoeq,frequency_response,FrequencyResponse,linear_phase_impulse_response,17,3,4
jaakkopasanen_AutoEq.autoeq,frequency_response,FrequencyResponse,write_readme,48,11,3
jaakkopasanen_AutoEq.autoeq,frequency_response,FrequencyResponse,generate_frequencies,2,1,3
jaakkopasanen_AutoEq.autoeq,frequency_response,FrequencyResponse,interpolate,30,11,5
jaakkopasanen_AutoEq.autoeq,frequency_response,FrequencyResponse,center,27,7,1
jaakkopasanen_AutoEq.autoeq,frequency_response,FrequencyResponse,create_target,10,2,8
jaakkopasanen_AutoEq.autoeq,frequency_response,FrequencyResponse,compensate,29,5,12
jaakkopasanen_AutoEq.autoeq,frequency_response,FrequencyResponse,_smoothen,10,3,5
jaakkopasanen_AutoEq.autoeq,frequency_response,FrequencyResponse,smoothen,15,3,4
jaakkopasanen_AutoEq.autoeq,frequency_response,FrequencyResponse,equalize,66,5,9
jaakkopasanen_AutoEq.autoeq,frequency_response,FrequencyResponse,protection_mask,22,5,3
jaakkopasanen_AutoEq.autoeq,frequency_response,FrequencyResponse,limited_rtl_slope,14,3,9
jaakkopasanen_AutoEq.autoeq,frequency_response,FrequencyResponse,limited_ltr_slope,52,15,9
jaakkopasanen_AutoEq.autoeq,frequency_response,FrequencyResponse,find_rtl_start,18,6,3
jaakkopasanen_AutoEq.autoeq,frequency_response,FrequencyResponse,init_plot,17,4,6
jaakkopasanen_AutoEq.autoeq,frequency_response,FrequencyResponse,plot,36,24,23
jaakkopasanen_AutoEq.autoeq,frequency_response,FrequencyResponse,harman_overear_preference_score,11,1,0
jaakkopasanen_AutoEq.autoeq,frequency_response,FrequencyResponse,harman_inear_preference_score,14,1,0
jaakkopasanen_AutoEq.autoeq,frequency_response,FrequencyResponse,process,18,1,20
jaakkopasanen_AutoEq.autoeq,peq,PEQFilter,__init__,24,7,14
jaakkopasanen_AutoEq.autoeq,peq,PEQFilter,__str__,2,1,0
jaakkopasanen_AutoEq.autoeq,peq,PEQFilter,f,2,1,0
jaakkopasanen_AutoEq.autoeq,peq,PEQFilter,f,5,1,1
jaakkopasanen_AutoEq.autoeq,peq,PEQFilter,fs,2,1,0
jaakkopasanen_AutoEq.autoeq,peq,PEQFilter,fs,3,1,1
jaakkopasanen_AutoEq.autoeq,peq,PEQFilter,fc,2,1,0
jaakkopasanen_AutoEq.autoeq,peq,PEQFilter,fc,3,1,1
jaakkopasanen_AutoEq.autoeq,peq,PEQFilter,q,2,1,0
jaakkopasanen_AutoEq.autoeq,peq,PEQFilter,q,3,1,1
jaakkopasanen_AutoEq.autoeq,peq,PEQFilter,gain,2,1,0
jaakkopasanen_AutoEq.autoeq,peq,PEQFilter,gain,3,1,1
jaakkopasanen_AutoEq.autoeq,peq,PEQFilter,ix10k,4,1,0
jaakkopasanen_AutoEq.autoeq,peq,PEQFilter,fr,14,1,0
jaakkopasanen_AutoEq.autoeq,peq,PEQFilter,init,3,1,1
jaakkopasanen_AutoEq.autoeq,peq,PEQFilter,biquad_coefficients,2,1,0
jaakkopasanen_AutoEq.autoeq,peq,PEQFilter,sharpness_penalty,2,1,0
jaakkopasanen_AutoEq.autoeq,peq,PEQFilter,band_penalty,2,1,0
jaakkopasanen_AutoEq.autoeq,peq,Peaking,__init__,3,1,14
jaakkopasanen_AutoEq.autoeq,peq,Peaking,init,48,9,1
jaakkopasanen_AutoEq.autoeq,peq,Peaking,biquad_coefficients,11,1,0
jaakkopasanen_AutoEq.autoeq,peq,Peaking,sharpness_penalty,6,1,0
jaakkopasanen_AutoEq.autoeq,peq,Peaking,band_penalty,7,1,0
jaakkopasanen_AutoEq.autoeq,peq,ShelfFilter,__init__,3,1,14
jaakkopasanen_AutoEq.autoeq,peq,ShelfFilter,sharpness_penalty,2,1,0
jaakkopasanen_AutoEq.autoeq,peq,ShelfFilter,band_penalty,7,1,0
jaakkopasanen_AutoEq.autoeq,peq,HighShelf,init,22,4,1
jaakkopasanen_AutoEq.autoeq,peq,HighShelf,biquad_coefficients,11,1,0
jaakkopasanen_AutoEq.autoeq,peq,LowShelf,init,23,4,1
jaakkopasanen_AutoEq.autoeq,peq,LowShelf,biquad_coefficients,11,1,0
jaakkopasanen_AutoEq.autoeq,peq,OptimizationHistory,__init__,8,1,0
jaakkopasanen_AutoEq.autoeq,peq,PEQ,__init__,20,3,10
jaakkopasanen_AutoEq.autoeq,peq,PEQ,from_dict,50,24,5
jaakkopasanen_AutoEq.autoeq,peq,PEQ,add_filter,6,3,1
jaakkopasanen_AutoEq.autoeq,peq,PEQ,sort_filters,6,1,0
jaakkopasanen_AutoEq.autoeq,peq,PEQ,fr,2,1,0
jaakkopasanen_AutoEq.autoeq,peq,PEQ,max_gain,2,1,0
jaakkopasanen_AutoEq.autoeq,peq,PEQ,markdown_table,10,1,0
jaakkopasanen_AutoEq.autoeq,peq,PEQ,to_dict,6,1,0
jaakkopasanen_AutoEq.autoeq,peq,PEQ,_parse_optimizer_params,13,5,1
jaakkopasanen_AutoEq.autoeq,peq,PEQ,_optimizer_loss,11,3,2
jaakkopasanen_AutoEq.autoeq,peq,PEQ,_init_optimizer_params,32,2,0
jaakkopasanen_AutoEq.autoeq,peq,PEQ,_init_optimizer_bounds,11,5,0
jaakkopasanen_AutoEq.autoeq,peq,PEQ,_callback,36,13,1
jaakkopasanen_AutoEq.autoeq,peq,PEQ,optimize,19,6,0
jaakkopasanen_AutoEq.autoeq,peq,PEQ,plot,22,4,2
jaakkopasanen_AutoEq.autoeq,utils,,generate_frequencies,7,2,3
jaakkopasanen_AutoEq.autoeq,utils,,log_tilt,5,1,2
jaakkopasanen_AutoEq.autoeq,utils,,smoothing_window_size,11,3,2
jaakkopasanen_AutoEq.autoeq,utils,,log_f_sigmoid,7,1,5
jaakkopasanen_AutoEq.autoeq,utils,,log_log_gradient,4,1,4
jaakkopasanen_AutoEq.autoeq,utils,,is_file_name_allowed,9,2,1
jaakkopasanen_AutoEq.autoeq,utils,,make_file_name_allowed,8,1,1
jaakkopasanen_AutoEq.dbtools,crawler,Crawler,__init__,17,1,3
jaakkopasanen_AutoEq.dbtools,crawler,Crawler,measurements_path,2,1,0
jaakkopasanen_AutoEq.dbtools,crawler,Crawler,read_name_index,8,2,0
jaakkopasanen_AutoEq.dbtools,crawler,Crawler,write_name_index,3,1,0
jaakkopasanen_AutoEq.dbtools,crawler,Crawler,update_name_index,4,2,2
jaakkopasanen_AutoEq.dbtools,crawler,Crawler,add_name_proposal,13,4,1
jaakkopasanen_AutoEq.dbtools,crawler,Crawler,init_name_proposals,18,6,0
jaakkopasanen_AutoEq.dbtools,crawler,Crawler,get_name_proposals,39,5,6
jaakkopasanen_AutoEq.dbtools,crawler,Crawler,guess_name,3,2,1
jaakkopasanen_AutoEq.dbtools,crawler,Crawler,resolve,12,7,1
jaakkopasanen_AutoEq.dbtools,crawler,Crawler,prompt_callback,21,6,1
jaakkopasanen_AutoEq.dbtools,crawler,Crawler,create_prompt_callback,2,1,0
jaakkopasanen_AutoEq.dbtools,crawler,Crawler,is_prompt_needed,4,2,1
jaakkopasanen_AutoEq.dbtools,crawler,Crawler,create_prompts,16,8,1
jaakkopasanen_AutoEq.dbtools,crawler,Crawler,download,14,4,2
jaakkopasanen_AutoEq.dbtools,crawler,Crawler,get_beautiful_soup,8,2,3
jaakkopasanen_AutoEq.dbtools,crawler,Crawler,crawl,3,1,0
jaakkopasanen_AutoEq.dbtools,crawler,Crawler,target_group_key,3,1,1
jaakkopasanen_AutoEq.dbtools,crawler,Crawler,target_path,8,3,1
jaakkopasanen_AutoEq.dbtools,crawler,Crawler,process_group,3,1,2
jaakkopasanen_AutoEq.dbtools,crawler,Crawler,process,14,6,1
jaakkopasanen_AutoEq.dbtools,crawler,Crawler,list_existing_files,2,1,0
jaakkopasanen_AutoEq.dbtools,crawler,Crawler,prune_measurements,17,7,1
jaakkopasanen_AutoEq.dbtools,crawler,Crawler,rename_measurement,23,8,3
jaakkopasanen_AutoEq.dbtools,crawler,Crawler,reload_ui,3,2,0
jaakkopasanen_AutoEq.dbtools,crawler,Crawler,switch_prompt,25,7,1
jaakkopasanen_AutoEq.dbtools,crawler,Crawler,next_prompt,3,1,0
jaakkopasanen_AutoEq.dbtools,crawler,Crawler,run,4,1,0
jaakkopasanen_AutoEq.dbtools,create_webapp_data,,write_targets,222,5,0
jaakkopasanen_AutoEq.dbtools,create_webapp_data,,main,2,1,0
jaakkopasanen_AutoEq.dbtools,crinacle_crawler,CrinacleCrawler,__init__,3,1,3
jaakkopasanen_AutoEq.dbtools,crinacle_crawler,CrinacleCrawler,measurements_path,2,1,0
jaakkopasanen_AutoEq.dbtools,crinacle_crawler,CrinacleCrawler,parse_books,24,1,0
jaakkopasanen_AutoEq.dbtools,crinacle_crawler,CrinacleCrawler,get_url_from_file_path,3,1,1
jaakkopasanen_AutoEq.dbtools,crinacle_crawler,CrinacleCrawler,get_item_from_file_path,14,2,1
jaakkopasanen_AutoEq.dbtools,crinacle_crawler,CrinacleCrawler,crawl,8,3,0
jaakkopasanen_AutoEq.dbtools,crinacle_crawler,CrinacleCrawler,get_file_path_from_url,2,1,1
jaakkopasanen_AutoEq.dbtools,crinacle_crawler,CrinacleCrawler,normalize_file_name,5,1,1
jaakkopasanen_AutoEq.dbtools,crinacle_crawler,CrinacleCrawler,source_group_key,2,1,1
jaakkopasanen_AutoEq.dbtools,crinacle_crawler,CrinacleCrawler,guess_name,19,5,1
jaakkopasanen_AutoEq.dbtools,crinacle_crawler,CrinacleCrawler,target_group_key,2,1,1
jaakkopasanen_AutoEq.dbtools,crinacle_crawler,CrinacleCrawler,target_path,7,3,1
jaakkopasanen_AutoEq.dbtools,crinacle_crawler,CrinacleCrawler,process_group,16,4,2
jaakkopasanen_AutoEq.dbtools,crinacle_crawler_base,CrinacleCrawlerBase,__init__,2,1,3
jaakkopasanen_AutoEq.dbtools,crinacle_crawler_base,CrinacleCrawlerBase,measurements_path,2,1,0
jaakkopasanen_AutoEq.dbtools,crinacle_crawler_base,CrinacleCrawlerBase,parse_book,28,9,1
jaakkopasanen_AutoEq.dbtools,crinacle_crawler_base,CrinacleCrawlerBase,normalize_file_name,5,1,1
jaakkopasanen_AutoEq.dbtools,crinacle_crawler_base,CrinacleCrawlerBase,source_group_key,2,1,1
jaakkopasanen_AutoEq.dbtools,crinacle_crawler_base,CrinacleCrawlerBase,resolve,15,6,1
jaakkopasanen_AutoEq.dbtools,headphonecom_crawler,HeadphonecomCrawler,measurements_path,2,1,0
jaakkopasanen_AutoEq.dbtools,headphonecom_crawler,HeadphonecomCrawler,read_name_index,5,2,0
jaakkopasanen_AutoEq.dbtools,headphonecom_crawler,HeadphonecomCrawler,write_name_index,2,1,0
jaakkopasanen_AutoEq.dbtools,headphonecom_crawler,HeadphonecomCrawler,update_name_index,2,1,2
jaakkopasanen_AutoEq.dbtools,headphonecom_crawler,HeadphonecomCrawler,crawl,2,1,0
jaakkopasanen_AutoEq.dbtools,headphonecom_crawler,HeadphonecomCrawler,process_group,2,1,2
jaakkopasanen_AutoEq.dbtools,hypethe_sonics_crawler,HypetheSonicsCrawler,__init__,2,1,3
jaakkopasanen_AutoEq.dbtools,hypethe_sonics_crawler,HypetheSonicsCrawler,measurements_path,2,1,0
jaakkopasanen_AutoEq.dbtools,hypethe_sonics_crawler,HypetheSonicsCrawler,source_group_key,2,1,1
jaakkopasanen_AutoEq.dbtools,hypethe_sonics_crawler,HypetheSonicsCrawler,crawl,28,4,0
jaakkopasanen_AutoEq.dbtools,hypethe_sonics_crawler,HypetheSonicsCrawler,raw_data_path,4,1,1
jaakkopasanen_AutoEq.dbtools,hypethe_sonics_crawler,HypetheSonicsCrawler,guess_name,5,1,1
jaakkopasanen_AutoEq.dbtools,hypethe_sonics_crawler,HypetheSonicsCrawler,resolve,14,7,1
jaakkopasanen_AutoEq.dbtools,hypethe_sonics_crawler,HypetheSonicsCrawler,target_path,10,4,1
jaakkopasanen_AutoEq.dbtools,hypethe_sonics_crawler,HypetheSonicsCrawler,process_group,21,4,2
jaakkopasanen_AutoEq.dbtools,image_graph_parser,ImageGraphParser,__init__,3,1,0
jaakkopasanen_AutoEq.dbtools,image_graph_parser,ImageGraphParser,read_images,10,3,1
jaakkopasanen_AutoEq.dbtools,image_graph_parser,ImageGraphParser,parse_images,20,8,3
jaakkopasanen_AutoEq.dbtools,image_graph_parser,ImageGraphParser,parse_headphonecom,40,7,3
jaakkopasanen_AutoEq.dbtools,image_graph_parser,ImageGraphParser,find_lines,33,12,3
jaakkopasanen_AutoEq.dbtools,image_graph_parser,ImageGraphParser,parse_innerfidelity,61,8,6
jaakkopasanen_AutoEq.dbtools,image_graph_parser,ImageGraphParser,parse_cropped,32,6,6
jaakkopasanen_AutoEq.dbtools,image_graph_parser,ImageGraphParser,main,22,5,0
jaakkopasanen_AutoEq.dbtools,innerfidelity_crawler,InnerfidelityCrawler,measurements_path,2,1,0
jaakkopasanen_AutoEq.dbtools,innerfidelity_crawler,InnerfidelityCrawler,read_name_index,5,2,0
jaakkopasanen_AutoEq.dbtools,innerfidelity_crawler,InnerfidelityCrawler,write_name_index,2,1,0
jaakkopasanen_AutoEq.dbtools,innerfidelity_crawler,InnerfidelityCrawler,update_name_index,2,1,2
jaakkopasanen_AutoEq.dbtools,innerfidelity_crawler,InnerfidelityCrawler,crawl,2,1,0
jaakkopasanen_AutoEq.dbtools,innerfidelity_crawler,InnerfidelityCrawler,process_group,2,1,2
jaakkopasanen_AutoEq.dbtools,manufacturer_index,ManufacturerIndex,__init__,11,3,0
jaakkopasanen_AutoEq.dbtools,manufacturer_index,ManufacturerIndex,write,7,2,0
jaakkopasanen_AutoEq.dbtools,manufacturer_index,ManufacturerIndex,find,13,3,2
jaakkopasanen_AutoEq.dbtools,manufacturer_index,ManufacturerIndex,replace,6,1,2
jaakkopasanen_AutoEq.dbtools,manufacturer_index,ManufacturerIndex,model,5,1,2
jaakkopasanen_AutoEq.dbtools,manufacturer_index,ManufacturerIndex,search,8,3,2
jaakkopasanen_AutoEq.dbtools,name_index,NameItem,__init__,6,1,5
jaakkopasanen_AutoEq.dbtools,name_index,NameItem,__str__,2,6,0
jaakkopasanen_AutoEq.dbtools,name_index,NameItem,__hash__,2,1,0
jaakkopasanen_AutoEq.dbtools,name_index,NameItem,copy,2,1,0
jaakkopasanen_AutoEq.dbtools,name_index,NameItem,is_ignored,2,1,0
jaakkopasanen_AutoEq.dbtools,name_index,NameIndex,__init__,10,3,1
jaakkopasanen_AutoEq.dbtools,name_index,NameIndex,__len__,2,1,0
jaakkopasanen_AutoEq.dbtools,name_index,NameIndex,__bool__,2,1,0
jaakkopasanen_AutoEq.dbtools,name_index,NameIndex,__iter__,3,2,0
jaakkopasanen_AutoEq.dbtools,name_index,NameIndex,items,2,1,0
jaakkopasanen_AutoEq.dbtools,name_index,NameIndex,items,9,2,1
jaakkopasanen_AutoEq.dbtools,name_index,NameIndex,read_tsv,7,1,2
jaakkopasanen_AutoEq.dbtools,name_index,NameIndex,write_tsv,7,1,1
jaakkopasanen_AutoEq.dbtools,name_index,NameIndex,add,22,11,1
jaakkopasanen_AutoEq.dbtools,name_index,NameIndex,concat,3,2,1
jaakkopasanen_AutoEq.dbtools,name_index,NameIndex,update,36,15,1
jaakkopasanen_AutoEq.dbtools,name_index,NameIndex,remove,14,12,1
jaakkopasanen_AutoEq.dbtools,name_index,NameIndex,find,28,6,5
jaakkopasanen_AutoEq.dbtools,name_index,NameIndex,find_one,4,2,0
jaakkopasanen_AutoEq.dbtools,name_index,NameIndex,search_by_source_name,10,4,2
jaakkopasanen_AutoEq.dbtools,name_index,NameIndex,search_by_name,10,4,2
jaakkopasanen_AutoEq.dbtools,name_prompt,NamePrompt,__init__,18,3,5
jaakkopasanen_AutoEq.dbtools,name_prompt,NamePrompt,reload_ui,27,3,0
jaakkopasanen_AutoEq.dbtools,name_prompt,NamePrompt,item,2,1,0
jaakkopasanen_AutoEq.dbtools,name_prompt,NamePrompt,item,3,1,1
jaakkopasanen_AutoEq.dbtools,name_prompt,NamePrompt,guessed_name,2,1,0
jaakkopasanen_AutoEq.dbtools,name_prompt,NamePrompt,guessed_name,6,2,1
jaakkopasanen_AutoEq.dbtools,name_prompt,NamePrompt,name_proposals,2,1,0
jaakkopasanen_AutoEq.dbtools,name_prompt,NamePrompt,name_proposals,12,4,1
jaakkopasanen_AutoEq.dbtools,name_prompt,NamePrompt,similar_names,2,1,0
jaakkopasanen_AutoEq.dbtools,name_prompt,NamePrompt,similar_names,4,2,1
jaakkopasanen_AutoEq.dbtools,name_prompt,NamePrompt,name,2,2,0
jaakkopasanen_AutoEq.dbtools,name_prompt,NamePrompt,handle_search,4,1,1
jaakkopasanen_AutoEq.dbtools,name_prompt,NamePrompt,handle_name_proposal_click,7,1,1
jaakkopasanen_AutoEq.dbtools,name_prompt,NamePrompt,handle_form_click,5,1,1
jaakkopasanen_AutoEq.dbtools,oratory1990_crawler,Oratory1990Crawler,__init__,6,2,3
jaakkopasanen_AutoEq.dbtools,oratory1990_crawler,Oratory1990Crawler,measurements_path,2,1,0
jaakkopasanen_AutoEq.dbtools,oratory1990_crawler,Oratory1990Crawler,image_path,2,1,1
jaakkopasanen_AutoEq.dbtools,oratory1990_crawler,Oratory1990Crawler,pdf_path,2,1,1
jaakkopasanen_AutoEq.dbtools,oratory1990_crawler,Oratory1990Crawler,parse_pdf,17,2,1
jaakkopasanen_AutoEq.dbtools,oratory1990_crawler,Oratory1990Crawler,read_pdf_text,4,1,1
jaakkopasanen_AutoEq.dbtools,oratory1990_crawler,Oratory1990Crawler,extract_rig,9,2,2
jaakkopasanen_AutoEq.dbtools,oratory1990_crawler,Oratory1990Crawler,is_by_3rd_party,3,2,1
jaakkopasanen_AutoEq.dbtools,oratory1990_crawler,Oratory1990Crawler,resolve,17,8,1
jaakkopasanen_AutoEq.dbtools,oratory1990_crawler,Oratory1990Crawler,is_prompt_needed,4,2,1
jaakkopasanen_AutoEq.dbtools,oratory1990_crawler,Oratory1990Crawler,crawl,46,13,0
jaakkopasanen_AutoEq.dbtools,oratory1990_crawler,Oratory1990Crawler,parse_image,59,10,5
jaakkopasanen_AutoEq.dbtools,oratory1990_crawler,Oratory1990Crawler,process_group,20,4,2
jaakkopasanen_AutoEq.dbtools,prompt_list_item,PromptListItem,__init__,10,1,2
jaakkopasanen_AutoEq.dbtools,prompt_list_item,PromptListItem,handle_click,2,1,1
jaakkopasanen_AutoEq.dbtools,prompt_list_item,PromptListItem,active_style,2,1,0
jaakkopasanen_AutoEq.dbtools,prompt_list_item,PromptListItem,inactive_style,7,3,0
jaakkopasanen_AutoEq.dbtools,prune_results,,prune_results,16,7,2
jaakkopasanen_AutoEq.dbtools,rtings_crawler,RtingsCrawler,__init__,6,2,3
jaakkopasanen_AutoEq.dbtools,rtings_crawler,RtingsCrawler,measurements_path,2,1,0
jaakkopasanen_AutoEq.dbtools,rtings_crawler,RtingsCrawler,guess_name,4,1,1
jaakkopasanen_AutoEq.dbtools,rtings_crawler,RtingsCrawler,resolve,11,6,1
jaakkopasanen_AutoEq.dbtools,rtings_crawler,RtingsCrawler,graph_data_url_payloads,37,7,0
jaakkopasanen_AutoEq.dbtools,rtings_crawler,RtingsCrawler,graph_data_url,12,2,1
jaakkopasanen_AutoEq.dbtools,rtings_crawler,RtingsCrawler,crawl,23,6,0
jaakkopasanen_AutoEq.dbtools,rtings_crawler,RtingsCrawler,json_path,3,1,1
jaakkopasanen_AutoEq.dbtools,rtings_crawler,RtingsCrawler,parse_json,15,4,1
jaakkopasanen_AutoEq.dbtools,rtings_crawler,RtingsCrawler,process_group,20,6,2
jaakkopasanen_AutoEq.dbtools,squig_crawler,SquigCrawlerManager,__init__,11,1,0
jaakkopasanen_AutoEq.dbtools,squig_crawler,SquigCrawlerManager,crawlers,2,1,0
jaakkopasanen_AutoEq.dbtools,squig_crawler,SquigCrawlerManager,crawler,4,3,1
jaakkopasanen_AutoEq.dbtools,squig_crawler,SquigCrawlerManager,run,6,3,1
jaakkopasanen_AutoEq.dbtools,squig_crawler,SquigCrawlerManager,process,6,5,2
jaakkopasanen_AutoEq.dbtools,squig_crawler,SquigCrawler,__init__,12,4,6
jaakkopasanen_AutoEq.dbtools,squig_crawler,SquigCrawler,measurements_path,2,1,0
jaakkopasanen_AutoEq.dbtools,squig_crawler,SquigCrawler,base_url,2,1,0
jaakkopasanen_AutoEq.dbtools,squig_crawler,SquigCrawler,db_url,2,1,1
jaakkopasanen_AutoEq.dbtools,squig_crawler,SquigCrawler,parse_books,13,2,0
jaakkopasanen_AutoEq.dbtools,squig_crawler,SquigCrawler,source_group_key,2,1,1
jaakkopasanen_AutoEq.dbtools,squig_crawler,SquigCrawler,crawl,31,6,0
jaakkopasanen_AutoEq.dbtools,squig_crawler,SquigCrawler,raw_data_path,2,1,1
jaakkopasanen_AutoEq.dbtools,squig_crawler,SquigCrawler,get_item_from_url,7,2,1
jaakkopasanen_AutoEq.dbtools,squig_crawler,SquigCrawler,guess_name,17,9,1
jaakkopasanen_AutoEq.dbtools,squig_crawler,SquigCrawler,process_group,23,4,2
jaakkopasanen_AutoEq.dbtools,update_result_indexes,ResultPath,__init__,9,1,1
jaakkopasanen_AutoEq.dbtools,update_result_indexes,ResultPath,__str__,12,1,0
jaakkopasanen_AutoEq.dbtools,update_result_indexes,ResultPath,__getitem__,21,2,1
jaakkopasanen_AutoEq.dbtools,update_result_indexes,ResultPath,urlify,2,1,1
jaakkopasanen_AutoEq.dbtools,update_result_indexes,ResultPath,name,2,1,0
jaakkopasanen_AutoEq.dbtools,update_result_indexes,ResultPath,absolute_path,2,1,0
jaakkopasanen_AutoEq.dbtools,update_result_indexes,ResultPath,path_relative_to_root,2,1,0
jaakkopasanen_AutoEq.dbtools,update_result_indexes,ResultPath,url_relative_to_root,2,1,0
jaakkopasanen_AutoEq.dbtools,update_result_indexes,ResultPath,source_name,2,1,0
jaakkopasanen_AutoEq.dbtools,update_result_indexes,ResultPath,form,2,1,0
jaakkopasanen_AutoEq.dbtools,update_result_indexes,ResultPath,rig,2,1,0
jaakkopasanen_AutoEq.dbtools,update_result_indexes,ResultPath,priority,2,1,0
jaakkopasanen_AutoEq.dbtools,update_result_indexes,ResultPath,path_relative_to_source,2,1,0
jaakkopasanen_AutoEq.dbtools,update_result_indexes,ResultPath,url_relative_to_source,2,1,0
jaakkopasanen_AutoEq.dbtools,update_result_indexes,,group_by,7,3,2
jaakkopasanen_AutoEq.dbtools,update_result_indexes,,sort_by,2,1,2
jaakkopasanen_AutoEq.dbtools,update_result_indexes,,sort_each_group_by,4,2,2
jaakkopasanen_AutoEq.dbtools,update_result_indexes,,write_recommendations,23,2,1
jaakkopasanen_AutoEq.dbtools,update_result_indexes,,write_full_index,16,4,1
jaakkopasanen_AutoEq.dbtools,update_result_indexes,,write_source_indexes,16,5,1
jaakkopasanen_AutoEq.dbtools,update_result_indexes,,write_hesuvi_zip,27,3,1
jaakkopasanen_AutoEq.dbtools,update_result_indexes,,write_ranking_table,67,11,1
jaakkopasanen_AutoEq.dbtools,update_result_indexes,,write_webapp_entries_and_measurements,31,6,1
jaakkopasanen_AutoEq.dbtools,update_result_indexes,,update_all_indexes,8,1,0
jaakkopasanen_AutoEq.tests,test_autoeq,TestAutoEq,setUp,21,2,0
jaakkopasanen_AutoEq.tests,test_autoeq,TestAutoEq,tearDown,2,1,0
jaakkopasanen_AutoEq.tests,test_autoeq,TestAutoEq,test_batch_processing,53,3,0
jaakkopasanen_AutoEq.tests,test_csv,TestCsv,test_regex,8,3,0
jaakkopasanen_AutoEq.tests,test_csv,TestCsv,test_find_csv_separators,9,2,0
jaakkopasanen_AutoEq.tests,test_csv,TestCsv,test_parse_csv1,6,1,0
jaakkopasanen_AutoEq.tests,test_csv,TestCsv,test_parse_csv2,6,1,0
jaakkopasanen_AutoEq.tests,test_csv,TestCsv,test_parse_csv3,6,1,0
jaakkopasanen_AutoEq.tests,test_csv,TestCsv,test_parse_csv4,6,1,0
jaakkopasanen_AutoEq.tests,test_csv,TestCsv,test_parse_csv5,6,1,0
jaakkopasanen_AutoEq.tests,test_csv,TestCsv,test_parse_csv6,6,1,0
jaakkopasanen_AutoEq.tests,test_csv,TestCsv,test_parse_csv7,6,1,0
jaakkopasanen_AutoEq.tests,test_csv,TestCsv,test_parse_csv8,6,1,0
jaakkopasanen_AutoEq.tests,test_csv,TestCsv,test_parse_csv9,6,1,0
jaakkopasanen_AutoEq.tests,test_csv,TestCsv,test_parse_csv10,6,1,0
jaakkopasanen_AutoEq.tests,test_csv,TestCsv,test_parse_csv11,6,1,0
jaakkopasanen_AutoEq.webapp,main,EqualizeRequest,only_one_eq_type,5,3,2
jaakkopasanen_AutoEq.webapp,main,EqualizeRequest,parametric_eq_config_name,8,5,2
jaakkopasanen_AutoEq.webapp,main,EqualizeRequest,fixed_band_eq_config_name,4,2,2
jaakkopasanen_AutoEq.webapp,main,,get_entries,2,1,0
jaakkopasanen_AutoEq.webapp,main,,get_targets,2,1,0
jaakkopasanen_AutoEq.webapp,main,,get_playlist,11,3,0
jaakkopasanen_AutoEq.webapp,main,,magnitude_response,8,1,2
jaakkopasanen_AutoEq.webapp,main,,equalize,156,26,1
