Package,Module,Smell,Class/Module,Line no,File,Details
bethgelab_siamese-mask-rcnn.lib,utils,Insufficient modularization,utils,1,/Volumes/BrokeExt/NICHE/bethgelab_siamese-mask-rcnn/lib/utils.py,"Module 'utils' is insufficiently modularized with NOPM: 6, WMC: 101, NOM: 6."
bethgelab_siamese-mask-rcnn.lib.Mask_RCNN.mrcnn,model,Insufficient modularization,model,1,/Volumes/BrokeExt/NICHE/bethgelab_siamese-mask-rcnn/lib/Mask_RCNN/mrcnn/model.py,"Module 'model' is insufficiently modularized with NOPM: 35, WMC: 176, NOM: 35."
bethgelab_siamese-mask-rcnn.lib.Mask_RCNN.mrcnn,utils,Insufficient modularization,utils,1,/Volumes/BrokeExt/NICHE/bethgelab_siamese-mask-rcnn/lib/Mask_RCNN/mrcnn/utils.py,"Module 'utils' is insufficiently modularized with NOPM: 25, WMC: 90, NOM: 25."
bethgelab_siamese-mask-rcnn.lib.Mask_RCNN.samples.balloon,balloon,Broken modularization,BalloonConfig,57,/Volumes/BrokeExt/NICHE/bethgelab_siamese-mask-rcnn/lib/Mask_RCNN/samples/balloon/balloon.py,Class 'BalloonConfig' contains only data members without any method implementations.
bethgelab_siamese-mask-rcnn.lib.Mask_RCNN.samples.balloon,balloon,Multifaceted abstraction,BalloonDataset,82,/Volumes/BrokeExt/NICHE/bethgelab_siamese-mask-rcnn/lib/Mask_RCNN/samples/balloon/balloon.py,"Class 'BalloonDataset' has a high LCOM value of 1, indicating it may have multiple responsibilities."
bethgelab_siamese-mask-rcnn.lib.Mask_RCNN.samples.nucleus,nucleus,Broken hierarchy,NucleusInferenceConfig,168,/Volumes/BrokeExt/NICHE/bethgelab_siamese-mask-rcnn/lib/Mask_RCNN/samples/nucleus/nucleus.py,Class 'NucleusInferenceConfig' and its superclass 'NucleusConfig' may not share a proper 'IS-A' relationship.
bethgelab_siamese-mask-rcnn.lib.Mask_RCNN.samples.nucleus,nucleus,Broken modularization,NucleusConfig,102,/Volumes/BrokeExt/NICHE/bethgelab_siamese-mask-rcnn/lib/Mask_RCNN/samples/nucleus/nucleus.py,Class 'NucleusConfig' contains only data members without any method implementations.
bethgelab_siamese-mask-rcnn.lib.Mask_RCNN.samples.nucleus,nucleus,Multifaceted abstraction,NucleusDataset,183,/Volumes/BrokeExt/NICHE/bethgelab_siamese-mask-rcnn/lib/Mask_RCNN/samples/nucleus/nucleus.py,"Class 'NucleusDataset' has a high LCOM value of 1, indicating it may have multiple responsibilities."
bethgelab_siamese-mask-rcnn.lib.Mask_RCNN.samples.shapes,shapes,Broken modularization,ShapesConfig,28,/Volumes/BrokeExt/NICHE/bethgelab_siamese-mask-rcnn/lib/Mask_RCNN/samples/shapes/shapes.py,Class 'ShapesConfig' contains only data members without any method implementations.
