Package,Module,Class,Function,LOC,CC,PC
xiaomiwujiecao_DataAnalysisInAction.26.kmeans-master,kmeans1,,load_data,14,3,1
xiaomiwujiecao_DataAnalysisInAction.26.kmeans-master,kmeans2,,load_data,14,3,1
xiaomiwujiecao_DataAnalysisInAction.26.kmeans-master,kmeans3,,load_data,12,3,1
xiaomiwujiecao_DataAnalysisInAction.27.kmeans-master,kmeans1,,load_data,14,3,1
xiaomiwujiecao_DataAnalysisInAction.27.kmeans-master,kmeans2,,load_data,14,3,1
xiaomiwujiecao_DataAnalysisInAction.27.kmeans-master,kmeans3,,load_data,12,3,1
xiaomiwujiecao_DataAnalysisInAction.31,demo2,,download,33,5,1
xiaomiwujiecao_DataAnalysisInAction.33,demo2,,unify_name,6,1,1
xiaomiwujiecao_DataAnalysisInAction.33,demo2,,show_graph,11,2,2
xiaomiwujiecao_DataAnalysisInAction.33,email_pr,,unify_name,6,1,1
xiaomiwujiecao_DataAnalysisInAction.33,email_pr,,show_graph,8,1,1
xiaomiwujiecao_DataAnalysisInAction.33.PageRank,email_pr,,unify_name,6,1,1
xiaomiwujiecao_DataAnalysisInAction.33.PageRank,email_pr,,show_graph,8,1,1
xiaomiwujiecao_DataAnalysisInAction.37,weibo,,weibo_login,9,1,2
xiaomiwujiecao_DataAnalysisInAction.37,weibo,,add_follow,9,1,1
xiaomiwujiecao_DataAnalysisInAction.37,weibo,,add_comment,8,1,2
xiaomiwujiecao_DataAnalysisInAction.37,weibo,,post_weibo,8,1,1
xiaomiwujiecao_DataAnalysisInAction.38,demo2,,create_word_cloud,14,1,1
xiaomiwujiecao_DataAnalysisInAction.38,demo3,,remove_stop_words,5,2,1
xiaomiwujiecao_DataAnalysisInAction.38,demo4,,plt_show,5,2,0
xiaomiwujiecao_DataAnalysisInAction.38,demo4,,get_song_lyric,9,1,2
xiaomiwujiecao_DataAnalysisInAction.38,demo4,,remove_stop_words,7,2,1
xiaomiwujiecao_DataAnalysisInAction.38,demo4,,create_word_cloud,16,1,1
xiaomiwujiecao_DataAnalysisInAction.38,demo4,,get_songs,15,2,1
xiaomiwujiecao_DataAnalysisInAction.38,generate_word_cloud,,get_song_lyric,9,1,2
xiaomiwujiecao_DataAnalysisInAction.38,generate_word_cloud,,remove_stop_words,5,2,1
xiaomiwujiecao_DataAnalysisInAction.38,generate_word_cloud,,create_word_cloud,16,1,1
xiaomiwujiecao_DataAnalysisInAction.38,generate_word_cloud,,get_songs,15,2,1
xiaomiwujiecao_DataAnalysisInAction.38.word_cloud,generate_word_cloud,,get_song_lyric,9,1,2
xiaomiwujiecao_DataAnalysisInAction.38.word_cloud,generate_word_cloud,,remove_stop_words,5,2,1
xiaomiwujiecao_DataAnalysisInAction.38.word_cloud,generate_word_cloud,,create_word_cloud,16,1,1
xiaomiwujiecao_DataAnalysisInAction.38.word_cloud,generate_word_cloud,,get_songs,15,2,1
xiaomiwujiecao_DataAnalysisInAction.39,demo4,,GridSearchCV_work,11,1,7
xiaomiwujiecao_DataAnalysisInAction.39.credit_default,credit_default_analysis,,GridSearchCV_work,11,1,7
xiaomiwujiecao_DataAnalysisInAction.40,credit_fraud_analysis,,plot_confusion_matrix,17,2,5
xiaomiwujiecao_DataAnalysisInAction.40,credit_fraud_analysis,,show_metrics,8,1,0
xiaomiwujiecao_DataAnalysisInAction.40,credit_fraud_analysis,,plot_precision_recall,10,1,0
