Package,Module,Class,Function,LOC,CC,PC
quantumiracle_SOTA-RL-Algorithms,ac,ReplayBuffer,__init__,4,1,1
quantumiracle_SOTA-RL-Algorithms,ac,ReplayBuffer,push,5,2,5
quantumiracle_SOTA-RL-Algorithms,ac,ReplayBuffer,sample,10,1,1
quantumiracle_SOTA-RL-Algorithms,ac,ReplayBuffer,__len__,2,1,0
quantumiracle_SOTA-RL-Algorithms,ac,ActorNetwork,__init__,29,6,4
quantumiracle_SOTA-RL-Algorithms,ac,ActorNetwork,forward,20,4,1
quantumiracle_SOTA-RL-Algorithms,ac,ActorNetwork,select_action,18,6,1
quantumiracle_SOTA-RL-Algorithms,ac,ActorNetwork,evaluate_action,32,4,1
quantumiracle_SOTA-RL-Algorithms,ac,CriticNetwork,__init__,9,1,3
quantumiracle_SOTA-RL-Algorithms,ac,CriticNetwork,forward,6,1,1
quantumiracle_SOTA-RL-Algorithms,ac,NormalizedActions,_action,6,1,1
quantumiracle_SOTA-RL-Algorithms,ac,NormalizedActions,_reverse_action,6,1,1
quantumiracle_SOTA-RL-Algorithms,ac,,Update0,27,3,3
quantumiracle_SOTA-RL-Algorithms,ac,,Update1,21,2,2
quantumiracle_SOTA-RL-Algorithms,ac,,plot,6,1,2
quantumiracle_SOTA-RL-Algorithms,ac,,train,76,19,0
quantumiracle_SOTA-RL-Algorithms,ac,,main,2,1,0
quantumiracle_SOTA-RL-Algorithms,ddpg,ReplayBuffer,__init__,4,1,1
quantumiracle_SOTA-RL-Algorithms,ddpg,ReplayBuffer,push,5,2,5
quantumiracle_SOTA-RL-Algorithms,ddpg,ReplayBuffer,sample,10,1,1
quantumiracle_SOTA-RL-Algorithms,ddpg,ReplayBuffer,__len__,2,1,0
quantumiracle_SOTA-RL-Algorithms,ddpg,ActorNetwork,__init__,8,1,4
quantumiracle_SOTA-RL-Algorithms,ddpg,ActorNetwork,forward,6,1,1
quantumiracle_SOTA-RL-Algorithms,ddpg,ActorNetwork,select_action,9,1,2
quantumiracle_SOTA-RL-Algorithms,ddpg,ActorNetwork,sample_action,4,1,1
quantumiracle_SOTA-RL-Algorithms,ddpg,ActorNetwork,evaluate_action,8,1,2
quantumiracle_SOTA-RL-Algorithms,ddpg,QNetwork,__init__,7,1,3
quantumiracle_SOTA-RL-Algorithms,ddpg,QNetwork,forward,6,1,2
quantumiracle_SOTA-RL-Algorithms,ddpg,DDPG,__init__,16,2,4
quantumiracle_SOTA-RL-Algorithms,ddpg,DDPG,target_soft_update,6,2,3
quantumiracle_SOTA-RL-Algorithms,ddpg,DDPG,update,25,2,7
quantumiracle_SOTA-RL-Algorithms,ddpg,DDPG,save_model,4,1,1
quantumiracle_SOTA-RL-Algorithms,ddpg,DDPG,load_model,7,1,1
quantumiracle_SOTA-RL-Algorithms,ddpg,NormalizedActions,_action,6,1,1
quantumiracle_SOTA-RL-Algorithms,ddpg,NormalizedActions,_reverse_action,6,1,1
quantumiracle_SOTA-RL-Algorithms,ddpg,,plot,5,1,1
quantumiracle_SOTA-RL-Algorithms,ddpg_v2,DDPG,__init__,16,2,4
quantumiracle_SOTA-RL-Algorithms,ddpg_v2,DDPG,target_soft_update,6,2,3
quantumiracle_SOTA-RL-Algorithms,ddpg_v2,DDPG,update,25,2,7
quantumiracle_SOTA-RL-Algorithms,ddpg_v2,DDPG,save_model,4,1,1
quantumiracle_SOTA-RL-Algorithms,ddpg_v2,DDPG,load_model,7,1,1
quantumiracle_SOTA-RL-Algorithms,ddpg_v2,NormalizedActions,_action,6,1,1
quantumiracle_SOTA-RL-Algorithms,ddpg_v2,NormalizedActions,_reverse_action,6,1,1
quantumiracle_SOTA-RL-Algorithms,ddpg_v2,,plot,5,1,1
quantumiracle_SOTA-RL-Algorithms,dqn,EpsilonScheduler,__init__,8,1,3
quantumiracle_SOTA-RL-Algorithms,dqn,EpsilonScheduler,reset,2,1,0
quantumiracle_SOTA-RL-Algorithms,dqn,EpsilonScheduler,step,4,1,1
quantumiracle_SOTA-RL-Algorithms,dqn,EpsilonScheduler,get_epsilon,2,1,0
quantumiracle_SOTA-RL-Algorithms,dqn,QNetwork,__init__,13,1,3
quantumiracle_SOTA-RL-Algorithms,dqn,QNetwork,forward,3,1,1
quantumiracle_SOTA-RL-Algorithms,dqn,QNetworkCNN,__init__,19,1,6
quantumiracle_SOTA-RL-Algorithms,dqn,QNetworkCNN,init_weights,4,3,1
quantumiracle_SOTA-RL-Algorithms,dqn,QNetworkCNN,size_after_conv,7,2,0
quantumiracle_SOTA-RL-Algorithms,dqn,QNetworkCNN,forward,4,1,1
quantumiracle_SOTA-RL-Algorithms,dqn,replay_buffer,__init__,4,1,1
quantumiracle_SOTA-RL-Algorithms,dqn,replay_buffer,add,7,2,1
quantumiracle_SOTA-RL-Algorithms,dqn,replay_buffer,sample,2,1,1
quantumiracle_SOTA-RL-Algorithms,dqn,DQN,__init__,9,1,1
quantumiracle_SOTA-RL-Algorithms,dqn,DQN,choose_action,10,2,1
quantumiracle_SOTA-RL-Algorithms,dqn,DQN,learn,24,3,1
quantumiracle_SOTA-RL-Algorithms,dqn,DQN,save_model,2,1,1
quantumiracle_SOTA-RL-Algorithms,dqn,DQN,update_target,4,1,0
quantumiracle_SOTA-RL-Algorithms,dqn,,rollout,28,6,2
quantumiracle_SOTA-RL-Algorithms,dqn_multistep,EpsilonScheduler,__init__,8,1,3
quantumiracle_SOTA-RL-Algorithms,dqn_multistep,EpsilonScheduler,reset,2,1,0
quantumiracle_SOTA-RL-Algorithms,dqn_multistep,EpsilonScheduler,step,4,1,1
quantumiracle_SOTA-RL-Algorithms,dqn_multistep,EpsilonScheduler,get_epsilon,2,1,0
quantumiracle_SOTA-RL-Algorithms,dqn_multistep,QNetwork,__init__,13,1,3
quantumiracle_SOTA-RL-Algorithms,dqn_multistep,QNetwork,forward,3,1,1
quantumiracle_SOTA-RL-Algorithms,dqn_multistep,QNetworkCNN,__init__,19,1,6
quantumiracle_SOTA-RL-Algorithms,dqn_multistep,QNetworkCNN,init_weights,4,3,1
quantumiracle_SOTA-RL-Algorithms,dqn_multistep,QNetworkCNN,size_after_conv,7,2,0
quantumiracle_SOTA-RL-Algorithms,dqn_multistep,QNetworkCNN,forward,4,1,1
quantumiracle_SOTA-RL-Algorithms,dqn_multistep,ReplayBuffer,__init__,6,1,3
quantumiracle_SOTA-RL-Algorithms,dqn_multistep,ReplayBuffer,__len__,2,1,0
quantumiracle_SOTA-RL-Algorithms,dqn_multistep,ReplayBuffer,add,7,2,1
quantumiracle_SOTA-RL-Algorithms,dqn_multistep,ReplayBuffer,sample,26,5,1
quantumiracle_SOTA-RL-Algorithms,dqn_multistep,DQN,__init__,9,1,1
quantumiracle_SOTA-RL-Algorithms,dqn_multistep,DQN,choose_action,9,2,1
quantumiracle_SOTA-RL-Algorithms,dqn_multistep,DQN,learn,24,3,1
quantumiracle_SOTA-RL-Algorithms,dqn_multistep,DQN,save_model,2,1,1
quantumiracle_SOTA-RL-Algorithms,dqn_multistep,DQN,update_target,4,1,0
quantumiracle_SOTA-RL-Algorithms,dqn_multistep,,rollout,31,7,2
quantumiracle_SOTA-RL-Algorithms,pmoe_ppo,Actor,__init__,12,1,4
quantumiracle_SOTA-RL-Algorithms,pmoe_ppo,Actor,forward,7,1,1
quantumiracle_SOTA-RL-Algorithms,pmoe_ppo,Critic,__init__,9,1,2
quantumiracle_SOTA-RL-Algorithms,pmoe_ppo,Critic,forward,2,1,1
quantumiracle_SOTA-RL-Algorithms,pmoe_ppo,QNetwork,__init__,8,1,4
quantumiracle_SOTA-RL-Algorithms,pmoe_ppo,QNetwork,forward,13,2,3
quantumiracle_SOTA-RL-Algorithms,pmoe_ppo,PMOE_PPO,__init__,10,1,4
quantumiracle_SOTA-RL-Algorithms,pmoe_ppo,PMOE_PPO,pi,2,1,1
quantumiracle_SOTA-RL-Algorithms,pmoe_ppo,PMOE_PPO,v,2,1,1
quantumiracle_SOTA-RL-Algorithms,pmoe_ppo,PMOE_PPO,get_action_and_value,23,3,4
quantumiracle_SOTA-RL-Algorithms,pmoe_ppo,PMOE_PPO,put_data,2,1,1
quantumiracle_SOTA-RL-Algorithms,pmoe_ppo,PMOE_PPO,make_batch,6,1,0
quantumiracle_SOTA-RL-Algorithms,pmoe_ppo,PMOE_PPO,train_net,61,8,0
quantumiracle_SOTA-RL-Algorithms,pmoe_ppo,,parse_args,10,1,0
quantumiracle_SOTA-RL-Algorithms,pmoe_ppo,,layer_init,4,1,3
quantumiracle_SOTA-RL-Algorithms,pmoe_ppo,,main,90,11,0
quantumiracle_SOTA-RL-Algorithms,pmoe_sac,ReplayBuffer,__init__,4,1,1
quantumiracle_SOTA-RL-Algorithms,pmoe_sac,ReplayBuffer,push,5,2,5
quantumiracle_SOTA-RL-Algorithms,pmoe_sac,ReplayBuffer,sample,10,1,1
quantumiracle_SOTA-RL-Algorithms,pmoe_sac,ReplayBuffer,__len__,2,1,0
quantumiracle_SOTA-RL-Algorithms,pmoe_sac,NormalizedActions,action,2,1,1
quantumiracle_SOTA-RL-Algorithms,pmoe_sac,NormalizedActions,_action,6,1,1
quantumiracle_SOTA-RL-Algorithms,pmoe_sac,NormalizedActions,_reverse_action,6,1,1
quantumiracle_SOTA-RL-Algorithms,pmoe_sac,SoftQNetwork,__init__,8,1,4
quantumiracle_SOTA-RL-Algorithms,pmoe_sac,SoftQNetwork,forward,13,2,3
quantumiracle_SOTA-RL-Algorithms,pmoe_sac,PolicyNetwork,__init__,18,1,8
quantumiracle_SOTA-RL-Algorithms,pmoe_sac,PolicyNetwork,forward,11,1,1
quantumiracle_SOTA-RL-Algorithms,pmoe_sac,PolicyNetwork,evaluate,12,1,2
quantumiracle_SOTA-RL-Algorithms,pmoe_sac,PolicyNetwork,get_action,11,1,2
quantumiracle_SOTA-RL-Algorithms,pmoe_sac,PolicyNetwork,sample_action,3,1,0
quantumiracle_SOTA-RL-Algorithms,pmoe_sac,PMOE_Trainer,__init__,23,3,4
quantumiracle_SOTA-RL-Algorithms,pmoe_sac,PMOE_Trainer,update,62,5,6
quantumiracle_SOTA-RL-Algorithms,pmoe_sac,PMOE_Trainer,save_model,4,1,1
quantumiracle_SOTA-RL-Algorithms,pmoe_sac,PMOE_Trainer,load_model,7,1,1
quantumiracle_SOTA-RL-Algorithms,pmoe_sac,,plot,5,1,2
quantumiracle_SOTA-RL-Algorithms,ppo_continous_discrete,RolloutBuffer,__init__,6,1,0
quantumiracle_SOTA-RL-Algorithms,ppo_continous_discrete,RolloutBuffer,clear,6,1,0
quantumiracle_SOTA-RL-Algorithms,ppo_continous_discrete,ActorCritic,__init__,30,3,4
quantumiracle_SOTA-RL-Algorithms,ppo_continous_discrete,ActorCritic,set_action_std,7,2,1
quantumiracle_SOTA-RL-Algorithms,ppo_continous_discrete,ActorCritic,forward,2,1,0
quantumiracle_SOTA-RL-Algorithms,ppo_continous_discrete,ActorCritic,act,11,2,1
quantumiracle_SOTA-RL-Algorithms,ppo_continous_discrete,ActorCritic,evaluate,19,3,2
quantumiracle_SOTA-RL-Algorithms,ppo_continous_discrete,PPO,__init__,16,2,9
quantumiracle_SOTA-RL-Algorithms,ppo_continous_discrete,PPO,set_action_std,10,2,1
quantumiracle_SOTA-RL-Algorithms,ppo_continous_discrete,PPO,decay_action_std,15,3,2
quantumiracle_SOTA-RL-Algorithms,ppo_continous_discrete,PPO,select_action,22,1,1
quantumiracle_SOTA-RL-Algorithms,ppo_continous_discrete,PPO,update,38,4,0
quantumiracle_SOTA-RL-Algorithms,ppo_continous_discrete,PPO,save,2,1,1
quantumiracle_SOTA-RL-Algorithms,ppo_continous_discrete,PPO,load,3,1,1
quantumiracle_SOTA-RL-Algorithms,ppo_continous_discrete,,train,155,17,0
quantumiracle_SOTA-RL-Algorithms,ppo_continous_discrete,,test,44,6,1
quantumiracle_SOTA-RL-Algorithms,ppo_continuous,AddBias,__init__,3,1,1
quantumiracle_SOTA-RL-Algorithms,ppo_continuous,AddBias,forward,6,2,1
quantumiracle_SOTA-RL-Algorithms,ppo_continuous,ValueNetwork,__init__,4,1,3
quantumiracle_SOTA-RL-Algorithms,ppo_continuous,ValueNetwork,forward,4,1,1
quantumiracle_SOTA-RL-Algorithms,ppo_continuous,PolicyNetwork,__init__,10,1,7
quantumiracle_SOTA-RL-Algorithms,ppo_continuous,PolicyNetwork,forward,9,2,1
quantumiracle_SOTA-RL-Algorithms,ppo_continuous,PolicyNetwork,get_action,11,2,2
quantumiracle_SOTA-RL-Algorithms,ppo_continuous,PolicyNetwork,sample_action,3,1,0
quantumiracle_SOTA-RL-Algorithms,ppo_continuous,NormalizedActions,_action,6,1,1
quantumiracle_SOTA-RL-Algorithms,ppo_continuous,NormalizedActions,_reverse_action,6,1,1
quantumiracle_SOTA-RL-Algorithms,ppo_continuous,PPO,__init__,7,1,5
quantumiracle_SOTA-RL-Algorithms,ppo_continuous,PPO,a_train,21,3,3
quantumiracle_SOTA-RL-Algorithms,ppo_continuous,PPO,update_old_pi,5,2,0
quantumiracle_SOTA-RL-Algorithms,ppo_continuous,PPO,c_train,9,1,2
quantumiracle_SOTA-RL-Algorithms,ppo_continuous,PPO,cal_adv,5,1,2
quantumiracle_SOTA-RL-Algorithms,ppo_continuous,PPO,update,26,8,3
quantumiracle_SOTA-RL-Algorithms,ppo_continuous,PPO,choose_action,5,1,2
quantumiracle_SOTA-RL-Algorithms,ppo_continuous,PPO,get_v,7,2,1
quantumiracle_SOTA-RL-Algorithms,ppo_continuous,PPO,save_model,4,1,1
quantumiracle_SOTA-RL-Algorithms,ppo_continuous,PPO,load_model,7,1,1
quantumiracle_SOTA-RL-Algorithms,ppo_continuous,,main,87,14,0
quantumiracle_SOTA-RL-Algorithms,ppo_continuous2,AddBias,__init__,3,1,1
quantumiracle_SOTA-RL-Algorithms,ppo_continuous2,AddBias,forward,6,2,1
quantumiracle_SOTA-RL-Algorithms,ppo_continuous2,ValueNetwork,__init__,4,1,3
quantumiracle_SOTA-RL-Algorithms,ppo_continuous2,ValueNetwork,forward,4,1,1
quantumiracle_SOTA-RL-Algorithms,ppo_continuous2,PolicyNetwork,__init__,10,1,7
quantumiracle_SOTA-RL-Algorithms,ppo_continuous2,PolicyNetwork,forward,10,2,1
quantumiracle_SOTA-RL-Algorithms,ppo_continuous2,PPO,__init__,14,3,4
quantumiracle_SOTA-RL-Algorithms,ppo_continuous2,PPO,a_train,27,3,4
quantumiracle_SOTA-RL-Algorithms,ppo_continuous2,PPO,c_train,8,1,2
quantumiracle_SOTA-RL-Algorithms,ppo_continuous2,PPO,update,31,8,0
quantumiracle_SOTA-RL-Algorithms,ppo_continuous2,PPO,choose_action,12,2,2
quantumiracle_SOTA-RL-Algorithms,ppo_continuous2,PPO,save_model,3,1,1
quantumiracle_SOTA-RL-Algorithms,ppo_continuous2,PPO,load_model,5,1,1
quantumiracle_SOTA-RL-Algorithms,ppo_continuous2,PPO,store_transition,6,1,3
quantumiracle_SOTA-RL-Algorithms,ppo_continuous2,PPO,finish_path,15,3,2
quantumiracle_SOTA-RL-Algorithms,ppo_continuous2,Drawer,__init__,9,2,1
quantumiracle_SOTA-RL-Algorithms,ppo_continuous2,Drawer,plot,17,3,0
quantumiracle_SOTA-RL-Algorithms,ppo_continuous2,Drawer,save,12,2,1
quantumiracle_SOTA-RL-Algorithms,ppo_continuous2,,train,46,9,0
quantumiracle_SOTA-RL-Algorithms,ppo_continuous3,Memory,__init__,6,1,0
quantumiracle_SOTA-RL-Algorithms,ppo_continuous3,Memory,clear_memory,6,1,0
quantumiracle_SOTA-RL-Algorithms,ppo_continuous3,ActorCritic,__init__,18,1,3
quantumiracle_SOTA-RL-Algorithms,ppo_continuous3,ActorCritic,forward,2,1,0
quantumiracle_SOTA-RL-Algorithms,ppo_continuous3,ActorCritic,act,10,1,2
quantumiracle_SOTA-RL-Algorithms,ppo_continuous3,ActorCritic,evaluate,9,1,2
quantumiracle_SOTA-RL-Algorithms,ppo_continuous3,PPO,__init__,11,1,8
quantumiracle_SOTA-RL-Algorithms,ppo_continuous3,PPO,select_action,3,1,2
quantumiracle_SOTA-RL-Algorithms,ppo_continuous3,PPO,update,31,4,1
quantumiracle_SOTA-RL-Algorithms,ppo_continuous3,,main,68,9,0
quantumiracle_SOTA-RL-Algorithms,ppo_continuous_multiprocess,AddBias,__init__,3,1,1
quantumiracle_SOTA-RL-Algorithms,ppo_continuous_multiprocess,AddBias,forward,6,2,1
quantumiracle_SOTA-RL-Algorithms,ppo_continuous_multiprocess,ValueNetwork,__init__,6,1,3
quantumiracle_SOTA-RL-Algorithms,ppo_continuous_multiprocess,ValueNetwork,forward,4,1,1
quantumiracle_SOTA-RL-Algorithms,ppo_continuous_multiprocess,PolicyNetwork,__init__,10,1,7
quantumiracle_SOTA-RL-Algorithms,ppo_continuous_multiprocess,PolicyNetwork,forward,9,2,1
quantumiracle_SOTA-RL-Algorithms,ppo_continuous_multiprocess,PolicyNetwork,get_action,8,1,2
quantumiracle_SOTA-RL-Algorithms,ppo_continuous_multiprocess,PolicyNetwork,sample_action,3,1,0
quantumiracle_SOTA-RL-Algorithms,ppo_continuous_multiprocess,NormalizedActions,_action,6,1,1
quantumiracle_SOTA-RL-Algorithms,ppo_continuous_multiprocess,NormalizedActions,_reverse_action,6,1,1
quantumiracle_SOTA-RL-Algorithms,ppo_continuous_multiprocess,PPO,__init__,7,1,5
quantumiracle_SOTA-RL-Algorithms,ppo_continuous_multiprocess,PPO,a_train,21,3,3
quantumiracle_SOTA-RL-Algorithms,ppo_continuous_multiprocess,PPO,update_old_pi,5,2,0
quantumiracle_SOTA-RL-Algorithms,ppo_continuous_multiprocess,PPO,c_train,9,1,2
quantumiracle_SOTA-RL-Algorithms,ppo_continuous_multiprocess,PPO,cal_adv,5,1,2
quantumiracle_SOTA-RL-Algorithms,ppo_continuous_multiprocess,PPO,update,25,8,3
quantumiracle_SOTA-RL-Algorithms,ppo_continuous_multiprocess,PPO,choose_action,5,1,1
quantumiracle_SOTA-RL-Algorithms,ppo_continuous_multiprocess,PPO,get_v,7,2,1
quantumiracle_SOTA-RL-Algorithms,ppo_continuous_multiprocess,PPO,save_model,4,1,1
quantumiracle_SOTA-RL-Algorithms,ppo_continuous_multiprocess,PPO,load_model,7,1,1
quantumiracle_SOTA-RL-Algorithms,ppo_continuous_multiprocess,,ShareParameters,12,3,1
quantumiracle_SOTA-RL-Algorithms,ppo_continuous_multiprocess,,plot,6,1,1
quantumiracle_SOTA-RL-Algorithms,ppo_continuous_multiprocess,,worker,58,10,3
quantumiracle_SOTA-RL-Algorithms,ppo_continuous_multiprocess,,main,48,12,0
quantumiracle_SOTA-RL-Algorithms,ppo_continuous_multiprocess2,AddBias,__init__,3,1,1
quantumiracle_SOTA-RL-Algorithms,ppo_continuous_multiprocess2,AddBias,forward,6,2,1
quantumiracle_SOTA-RL-Algorithms,ppo_continuous_multiprocess2,ValueNetwork,__init__,5,1,3
quantumiracle_SOTA-RL-Algorithms,ppo_continuous_multiprocess2,ValueNetwork,forward,5,1,1
quantumiracle_SOTA-RL-Algorithms,ppo_continuous_multiprocess2,PolicyNetwork,__init__,11,1,7
quantumiracle_SOTA-RL-Algorithms,ppo_continuous_multiprocess2,PolicyNetwork,forward,11,2,1
quantumiracle_SOTA-RL-Algorithms,ppo_continuous_multiprocess2,PolicyNetwork,get_action,10,2,2
quantumiracle_SOTA-RL-Algorithms,ppo_continuous_multiprocess2,PolicyNetwork,sample_action,3,1,0
quantumiracle_SOTA-RL-Algorithms,ppo_continuous_multiprocess2,NormalizedActions,_action,6,1,1
quantumiracle_SOTA-RL-Algorithms,ppo_continuous_multiprocess2,NormalizedActions,_reverse_action,6,1,1
quantumiracle_SOTA-RL-Algorithms,ppo_continuous_multiprocess2,PPO,__init__,6,1,5
quantumiracle_SOTA-RL-Algorithms,ppo_continuous_multiprocess2,PPO,a_train,20,3,4
quantumiracle_SOTA-RL-Algorithms,ppo_continuous_multiprocess2,PPO,c_train,9,1,2
quantumiracle_SOTA-RL-Algorithms,ppo_continuous_multiprocess2,PPO,update,28,8,3
quantumiracle_SOTA-RL-Algorithms,ppo_continuous_multiprocess2,PPO,choose_action,5,1,2
quantumiracle_SOTA-RL-Algorithms,ppo_continuous_multiprocess2,PPO,get_v,7,2,1
quantumiracle_SOTA-RL-Algorithms,ppo_continuous_multiprocess2,PPO,save_model,3,1,1
quantumiracle_SOTA-RL-Algorithms,ppo_continuous_multiprocess2,PPO,load_model,5,1,1
quantumiracle_SOTA-RL-Algorithms,ppo_continuous_multiprocess2,,ShareParameters,12,3,1
quantumiracle_SOTA-RL-Algorithms,ppo_continuous_multiprocess2,,plot,7,1,1
quantumiracle_SOTA-RL-Algorithms,ppo_continuous_multiprocess2,,worker,53,8,3
quantumiracle_SOTA-RL-Algorithms,ppo_continuous_multiprocess2,,main,50,12,0
quantumiracle_SOTA-RL-Algorithms,ppo_continuous_tf,PPO,__init__,36,2,0
quantumiracle_SOTA-RL-Algorithms,ppo_continuous_tf,PPO,update,20,6,3
quantumiracle_SOTA-RL-Algorithms,ppo_continuous_tf,PPO,_build_anet,17,1,2
quantumiracle_SOTA-RL-Algorithms,ppo_continuous_tf,PPO,choose_action,4,1,1
quantumiracle_SOTA-RL-Algorithms,ppo_continuous_tf,PPO,get_v,3,2,1
quantumiracle_SOTA-RL-Algorithms,ppo_continuous_tf,PPO,save,3,1,1
quantumiracle_SOTA-RL-Algorithms,ppo_continuous_tf,PPO,load,3,1,1
quantumiracle_SOTA-RL-Algorithms,ppo_discrete,PPO,__init__,8,1,2
quantumiracle_SOTA-RL-Algorithms,ppo_discrete,PPO,pi,5,1,2
quantumiracle_SOTA-RL-Algorithms,ppo_discrete,PPO,v,4,1,1
quantumiracle_SOTA-RL-Algorithms,ppo_discrete,PPO,put_data,2,1,1
quantumiracle_SOTA-RL-Algorithms,ppo_discrete,PPO,make_batch,16,2,0
quantumiracle_SOTA-RL-Algorithms,ppo_discrete,PPO,train_net,32,5,0
quantumiracle_SOTA-RL-Algorithms,ppo_discrete,,main,33,7,0
quantumiracle_SOTA-RL-Algorithms,ppo_gae_continuous,NormalizedActions,_action,6,1,1
quantumiracle_SOTA-RL-Algorithms,ppo_gae_continuous,NormalizedActions,_reverse_action,6,1,1
quantumiracle_SOTA-RL-Algorithms,ppo_gae_continuous,PPO,__init__,14,1,4
quantumiracle_SOTA-RL-Algorithms,ppo_gae_continuous,PPO,pi,8,1,1
quantumiracle_SOTA-RL-Algorithms,ppo_gae_continuous,PPO,v,7,1,1
quantumiracle_SOTA-RL-Algorithms,ppo_gae_continuous,PPO,get_action,9,1,1
quantumiracle_SOTA-RL-Algorithms,ppo_gae_continuous,PPO,get_log_prob,5,1,3
quantumiracle_SOTA-RL-Algorithms,ppo_gae_continuous,PPO,put_data,2,1,1
quantumiracle_SOTA-RL-Algorithms,ppo_gae_continuous,PPO,make_batch,17,2,0
quantumiracle_SOTA-RL-Algorithms,ppo_gae_continuous,PPO,train_net,28,4,0
quantumiracle_SOTA-RL-Algorithms,ppo_gae_continuous,,main,34,7,0
quantumiracle_SOTA-RL-Algorithms,ppo_gae_continuous2,NormalizedActions,_action,6,1,1
quantumiracle_SOTA-RL-Algorithms,ppo_gae_continuous2,NormalizedActions,_reverse_action,6,1,1
quantumiracle_SOTA-RL-Algorithms,ppo_gae_continuous2,PPO,__init__,14,1,4
quantumiracle_SOTA-RL-Algorithms,ppo_gae_continuous2,PPO,pi,8,1,1
quantumiracle_SOTA-RL-Algorithms,ppo_gae_continuous2,PPO,v,7,1,1
quantumiracle_SOTA-RL-Algorithms,ppo_gae_continuous2,PPO,get_action,10,1,1
quantumiracle_SOTA-RL-Algorithms,ppo_gae_continuous2,PPO,get_log_prob,5,1,3
quantumiracle_SOTA-RL-Algorithms,ppo_gae_continuous2,PPO,put_data,2,1,1
quantumiracle_SOTA-RL-Algorithms,ppo_gae_continuous2,PPO,make_batch,17,2,0
quantumiracle_SOTA-RL-Algorithms,ppo_gae_continuous2,PPO,train_net,29,6,0
quantumiracle_SOTA-RL-Algorithms,ppo_gae_continuous2,,main,52,8,0
quantumiracle_SOTA-RL-Algorithms,ppo_gae_continuous3,Actor,__init__,10,1,3
quantumiracle_SOTA-RL-Algorithms,ppo_gae_continuous3,Actor,forward,4,1,1
quantumiracle_SOTA-RL-Algorithms,ppo_gae_continuous3,Critic,__init__,9,1,2
quantumiracle_SOTA-RL-Algorithms,ppo_gae_continuous3,Critic,forward,2,1,1
quantumiracle_SOTA-RL-Algorithms,ppo_gae_continuous3,PPO,__init__,8,1,3
quantumiracle_SOTA-RL-Algorithms,ppo_gae_continuous3,PPO,pi,2,1,1
quantumiracle_SOTA-RL-Algorithms,ppo_gae_continuous3,PPO,v,2,1,1
quantumiracle_SOTA-RL-Algorithms,ppo_gae_continuous3,PPO,get_action_and_value,9,2,2
quantumiracle_SOTA-RL-Algorithms,ppo_gae_continuous3,PPO,put_data,2,1,1
quantumiracle_SOTA-RL-Algorithms,ppo_gae_continuous3,PPO,make_batch,6,1,0
quantumiracle_SOTA-RL-Algorithms,ppo_gae_continuous3,PPO,train_net,48,8,0
quantumiracle_SOTA-RL-Algorithms,ppo_gae_continuous3,,parse_args,10,1,0
quantumiracle_SOTA-RL-Algorithms,ppo_gae_continuous3,,layer_init,4,1,3
quantumiracle_SOTA-RL-Algorithms,ppo_gae_continuous3,,main,80,10,0
quantumiracle_SOTA-RL-Algorithms,ppo_gae_discrete,PPO,__init__,7,1,2
quantumiracle_SOTA-RL-Algorithms,ppo_gae_discrete,PPO,pi,5,1,2
quantumiracle_SOTA-RL-Algorithms,ppo_gae_discrete,PPO,v,4,1,1
quantumiracle_SOTA-RL-Algorithms,ppo_gae_discrete,PPO,put_data,2,1,1
quantumiracle_SOTA-RL-Algorithms,ppo_gae_discrete,PPO,make_batch,17,2,0
quantumiracle_SOTA-RL-Algorithms,ppo_gae_discrete,PPO,train_net,30,4,0
quantumiracle_SOTA-RL-Algorithms,ppo_gae_discrete,,main,33,7,0
quantumiracle_SOTA-RL-Algorithms,qmix,ReplayBufferGRU,__init__,4,1,1
quantumiracle_SOTA-RL-Algorithms,qmix,ReplayBufferGRU,push,7,2,7
quantumiracle_SOTA-RL-Algorithms,qmix,ReplayBufferGRU,sample,22,3,1
quantumiracle_SOTA-RL-Algorithms,qmix,ReplayBufferGRU,__len__,2,1,0
quantumiracle_SOTA-RL-Algorithms,qmix,ReplayBufferGRU,get_length,2,1,0
quantumiracle_SOTA-RL-Algorithms,qmix,ReplayBufferGRU,dump_buffer,3,1,0
quantumiracle_SOTA-RL-Algorithms,qmix,RNNAgent,__init__,10,1,4
quantumiracle_SOTA-RL-Algorithms,qmix,RNNAgent,forward,21,1,3
quantumiracle_SOTA-RL-Algorithms,qmix,RNNAgent,get_action,14,2,4
quantumiracle_SOTA-RL-Algorithms,qmix,QMix,__init__,21,1,6
quantumiracle_SOTA-RL-Algorithms,qmix,QMix,forward,17,1,2
quantumiracle_SOTA-RL-Algorithms,qmix,QMix,k,9,1,1
quantumiracle_SOTA-RL-Algorithms,qmix,QMix,b,9,1,1
quantumiracle_SOTA-RL-Algorithms,qmix,QMix_Trainer,__init__,19,1,10
quantumiracle_SOTA-RL-Algorithms,qmix,QMix_Trainer,sample_action,6,1,0
quantumiracle_SOTA-RL-Algorithms,qmix,QMix_Trainer,get_action,5,1,4
quantumiracle_SOTA-RL-Algorithms,qmix,QMix_Trainer,push_replay_buffer,5,1,7
quantumiracle_SOTA-RL-Algorithms,qmix,QMix_Trainer,update,25,2,1
quantumiracle_SOTA-RL-Algorithms,qmix,QMix_Trainer,_build_td_lambda_targets,8,2,4
quantumiracle_SOTA-RL-Algorithms,qmix,QMix_Trainer,_update_targets,5,3,0
quantumiracle_SOTA-RL-Algorithms,qmix,QMix_Trainer,save_model,3,1,1
quantumiracle_SOTA-RL-Algorithms,qmix,QMix_Trainer,load_model,5,1,1
quantumiracle_SOTA-RL-Algorithms,qmix,,wrap_env,18,2,2
quantumiracle_SOTA-RL-Algorithms,qt_opt_v3,ReplayBuffer,__init__,4,1,1
quantumiracle_SOTA-RL-Algorithms,qt_opt_v3,ReplayBuffer,push,5,2,5
quantumiracle_SOTA-RL-Algorithms,qt_opt_v3,ReplayBuffer,sample,10,1,1
quantumiracle_SOTA-RL-Algorithms,qt_opt_v3,ReplayBuffer,__len__,2,1,0
quantumiracle_SOTA-RL-Algorithms,qt_opt_v3,ContinuousActionLinearPolicy,__init__,4,1,3
quantumiracle_SOTA-RL-Algorithms,qt_opt_v3,ContinuousActionLinearPolicy,act,3,1,1
quantumiracle_SOTA-RL-Algorithms,qt_opt_v3,ContinuousActionLinearPolicy,update,3,1,1
quantumiracle_SOTA-RL-Algorithms,qt_opt_v3,CEM,__init__,3,1,3
quantumiracle_SOTA-RL-Algorithms,qt_opt_v3,CEM,initialize,3,1,2
quantumiracle_SOTA-RL-Algorithms,qt_opt_v3,CEM,sample,3,1,0
quantumiracle_SOTA-RL-Algorithms,qt_opt_v3,CEM,sample_multi,5,2,1
quantumiracle_SOTA-RL-Algorithms,qt_opt_v3,CEM,update,4,1,1
quantumiracle_SOTA-RL-Algorithms,qt_opt_v3,QNetwork,__init__,7,1,3
quantumiracle_SOTA-RL-Algorithms,qt_opt_v3,QNetwork,forward,6,1,2
quantumiracle_SOTA-RL-Algorithms,qt_opt_v3,QT_Opt,__init__,11,1,6
quantumiracle_SOTA-RL-Algorithms,qt_opt_v3,QT_Opt,update,22,2,4
quantumiracle_SOTA-RL-Algorithms,qt_opt_v3,QT_Opt,cem_optimal_action,12,2,1
quantumiracle_SOTA-RL-Algorithms,qt_opt_v3,QT_Opt,target_soft_update,6,2,3
quantumiracle_SOTA-RL-Algorithms,qt_opt_v3,QT_Opt,target_delayed_update,7,3,3
quantumiracle_SOTA-RL-Algorithms,qt_opt_v3,QT_Opt,save_model,4,1,1
quantumiracle_SOTA-RL-Algorithms,qt_opt_v3,QT_Opt,load_model,7,1,1
quantumiracle_SOTA-RL-Algorithms,qt_opt_v3,,plot,5,1,1
quantumiracle_SOTA-RL-Algorithms,rdpg,RDPG,__init__,17,2,4
quantumiracle_SOTA-RL-Algorithms,rdpg,RDPG,target_soft_update,6,2,3
quantumiracle_SOTA-RL-Algorithms,rdpg,RDPG,update,27,2,7
quantumiracle_SOTA-RL-Algorithms,rdpg,RDPG,save_model,4,1,1
quantumiracle_SOTA-RL-Algorithms,rdpg,RDPG,load_model,7,1,1
quantumiracle_SOTA-RL-Algorithms,rdpg,NormalizedActions,_action,6,1,1
quantumiracle_SOTA-RL-Algorithms,rdpg,NormalizedActions,_reverse_action,6,1,1
quantumiracle_SOTA-RL-Algorithms,rdpg,,plot,5,1,1
quantumiracle_SOTA-RL-Algorithms,reacher,Reacher,__init__,24,2,7
quantumiracle_SOTA-RL-Algorithms,reacher,Reacher,compute_trans_mat,7,1,2
quantumiracle_SOTA-RL-Algorithms,reacher,Reacher,draw_current_state,39,7,0
quantumiracle_SOTA-RL-Algorithms,reacher,Reacher,reset,22,4,1
quantumiracle_SOTA-RL-Algorithms,reacher,Reacher,step,27,7,3
quantumiracle_SOTA-RL-Algorithms,sac,ReplayBuffer,__init__,4,1,1
quantumiracle_SOTA-RL-Algorithms,sac,ReplayBuffer,push,5,2,5
quantumiracle_SOTA-RL-Algorithms,sac,ReplayBuffer,sample,10,1,1
quantumiracle_SOTA-RL-Algorithms,sac,ReplayBuffer,__len__,2,1,0
quantumiracle_SOTA-RL-Algorithms,sac,NormalizedActions,_action,6,1,1
quantumiracle_SOTA-RL-Algorithms,sac,NormalizedActions,_reverse_action,6,1,1
quantumiracle_SOTA-RL-Algorithms,sac,ValueNetwork,__init__,8,1,4
quantumiracle_SOTA-RL-Algorithms,sac,ValueNetwork,forward,5,1,1
quantumiracle_SOTA-RL-Algorithms,sac,SoftQNetwork,__init__,8,1,5
quantumiracle_SOTA-RL-Algorithms,sac,SoftQNetwork,forward,6,1,2
quantumiracle_SOTA-RL-Algorithms,sac,PolicyNetwork,__init__,17,1,7
quantumiracle_SOTA-RL-Algorithms,sac,PolicyNetwork,forward,9,1,1
quantumiracle_SOTA-RL-Algorithms,sac,PolicyNetwork,evaluate,19,1,2
quantumiracle_SOTA-RL-Algorithms,sac,PolicyNetwork,get_action,9,1,2
quantumiracle_SOTA-RL-Algorithms,sac,PolicyNetwork,sample_action,3,1,0
quantumiracle_SOTA-RL-Algorithms,sac,,update,42,2,4
quantumiracle_SOTA-RL-Algorithms,sac,,plot,5,1,1
quantumiracle_SOTA-RL-Algorithms,sac_discrete,ReplayBuffer,__init__,4,1,1
quantumiracle_SOTA-RL-Algorithms,sac_discrete,ReplayBuffer,push,5,2,5
quantumiracle_SOTA-RL-Algorithms,sac_discrete,ReplayBuffer,sample,10,1,1
quantumiracle_SOTA-RL-Algorithms,sac_discrete,ReplayBuffer,__len__,2,1,0
quantumiracle_SOTA-RL-Algorithms,sac_discrete,SoftQNetwork,__init__,7,1,4
quantumiracle_SOTA-RL-Algorithms,sac_discrete,SoftQNetwork,forward,5,1,1
quantumiracle_SOTA-RL-Algorithms,sac_discrete,PolicyNetwork,__init__,6,1,6
quantumiracle_SOTA-RL-Algorithms,sac_discrete,PolicyNetwork,forward,5,1,2
quantumiracle_SOTA-RL-Algorithms,sac_discrete,PolicyNetwork,evaluate,8,1,2
quantumiracle_SOTA-RL-Algorithms,sac_discrete,PolicyNetwork,get_action,9,2,2
quantumiracle_SOTA-RL-Algorithms,sac_discrete,SAC_Trainer,__init__,23,3,2
quantumiracle_SOTA-RL-Algorithms,sac_discrete,SAC_Trainer,update,49,4,6
quantumiracle_SOTA-RL-Algorithms,sac_discrete,SAC_Trainer,save_model,4,1,1
quantumiracle_SOTA-RL-Algorithms,sac_discrete,SAC_Trainer,load_model,7,1,1
quantumiracle_SOTA-RL-Algorithms,sac_discrete,,plot,5,1,1
quantumiracle_SOTA-RL-Algorithms,sac_discrete_per,SoftQNetwork,__init__,7,1,4
quantumiracle_SOTA-RL-Algorithms,sac_discrete_per,SoftQNetwork,forward,5,1,1
quantumiracle_SOTA-RL-Algorithms,sac_discrete_per,PolicyNetwork,__init__,6,1,6
quantumiracle_SOTA-RL-Algorithms,sac_discrete_per,PolicyNetwork,forward,5,1,2
quantumiracle_SOTA-RL-Algorithms,sac_discrete_per,PolicyNetwork,evaluate,8,1,2
quantumiracle_SOTA-RL-Algorithms,sac_discrete_per,PolicyNetwork,get_action,9,2,2
quantumiracle_SOTA-RL-Algorithms,sac_discrete_per,SAC_Trainer,__init__,23,3,2
quantumiracle_SOTA-RL-Algorithms,sac_discrete_per,SAC_Trainer,update,49,4,6
quantumiracle_SOTA-RL-Algorithms,sac_discrete_per,SAC_Trainer,save_model,4,1,1
quantumiracle_SOTA-RL-Algorithms,sac_discrete_per,SAC_Trainer,load_model,7,1,1
quantumiracle_SOTA-RL-Algorithms,sac_discrete_per,,plot,5,1,1
quantumiracle_SOTA-RL-Algorithms,sac_pendulum,ReplayBuffer,__init__,4,1,1
quantumiracle_SOTA-RL-Algorithms,sac_pendulum,ReplayBuffer,push,5,2,5
quantumiracle_SOTA-RL-Algorithms,sac_pendulum,ReplayBuffer,sample,4,1,1
quantumiracle_SOTA-RL-Algorithms,sac_pendulum,ReplayBuffer,__len__,2,1,0
quantumiracle_SOTA-RL-Algorithms,sac_pendulum,NormalizedActions,_action,6,1,1
quantumiracle_SOTA-RL-Algorithms,sac_pendulum,NormalizedActions,_reverse_action,6,1,1
quantumiracle_SOTA-RL-Algorithms,sac_pendulum,ValueNetwork,__init__,7,1,3
quantumiracle_SOTA-RL-Algorithms,sac_pendulum,ValueNetwork,forward,5,1,1
quantumiracle_SOTA-RL-Algorithms,sac_pendulum,SoftQNetwork,__init__,7,1,4
quantumiracle_SOTA-RL-Algorithms,sac_pendulum,SoftQNetwork,forward,6,1,2
quantumiracle_SOTA-RL-Algorithms,sac_pendulum,PolicyNetwork,__init__,12,1,6
quantumiracle_SOTA-RL-Algorithms,sac_pendulum,PolicyNetwork,forward,7,1,1
quantumiracle_SOTA-RL-Algorithms,sac_pendulum,PolicyNetwork,evaluate,9,1,2
quantumiracle_SOTA-RL-Algorithms,sac_pendulum,PolicyNetwork,get_action,9,1,1
quantumiracle_SOTA-RL-Algorithms,sac_pendulum,,plot,8,1,3
quantumiracle_SOTA-RL-Algorithms,sac_pendulum,,update,36,2,3
quantumiracle_SOTA-RL-Algorithms,sac_pendulum,,display_frames_as_gif,9,1,1
quantumiracle_SOTA-RL-Algorithms,sac_v2,ReplayBuffer,__init__,4,1,1
quantumiracle_SOTA-RL-Algorithms,sac_v2,ReplayBuffer,push,5,2,5
quantumiracle_SOTA-RL-Algorithms,sac_v2,ReplayBuffer,sample,10,1,1
quantumiracle_SOTA-RL-Algorithms,sac_v2,ReplayBuffer,__len__,2,1,0
quantumiracle_SOTA-RL-Algorithms,sac_v2,NormalizedActions,_action,6,1,1
quantumiracle_SOTA-RL-Algorithms,sac_v2,NormalizedActions,_reverse_action,6,1,1
quantumiracle_SOTA-RL-Algorithms,sac_v2,ValueNetwork,__init__,8,1,3
quantumiracle_SOTA-RL-Algorithms,sac_v2,ValueNetwork,forward,6,1,1
quantumiracle_SOTA-RL-Algorithms,sac_v2,SoftQNetwork,__init__,8,1,4
quantumiracle_SOTA-RL-Algorithms,sac_v2,SoftQNetwork,forward,7,1,2
quantumiracle_SOTA-RL-Algorithms,sac_v2,PolicyNetwork,__init__,16,1,7
quantumiracle_SOTA-RL-Algorithms,sac_v2,PolicyNetwork,forward,9,1,1
quantumiracle_SOTA-RL-Algorithms,sac_v2,PolicyNetwork,evaluate,12,1,2
quantumiracle_SOTA-RL-Algorithms,sac_v2,PolicyNetwork,get_action,9,1,2
quantumiracle_SOTA-RL-Algorithms,sac_v2,PolicyNetwork,sample_action,3,1,0
quantumiracle_SOTA-RL-Algorithms,sac_v2,SAC_Trainer,__init__,23,3,3
quantumiracle_SOTA-RL-Algorithms,sac_v2,SAC_Trainer,update,46,4,6
quantumiracle_SOTA-RL-Algorithms,sac_v2,SAC_Trainer,save_model,4,1,1
quantumiracle_SOTA-RL-Algorithms,sac_v2,SAC_Trainer,load_model,7,1,1
quantumiracle_SOTA-RL-Algorithms,sac_v2,,plot,5,1,1
quantumiracle_SOTA-RL-Algorithms,sac_v2_gru,NormalizedActions,_action,6,1,1
quantumiracle_SOTA-RL-Algorithms,sac_v2_gru,NormalizedActions,_reverse_action,6,1,1
quantumiracle_SOTA-RL-Algorithms,sac_v2_gru,SAC_Trainer,__init__,23,3,5
quantumiracle_SOTA-RL-Algorithms,sac_v2_gru,SAC_Trainer,update,51,4,6
quantumiracle_SOTA-RL-Algorithms,sac_v2_gru,SAC_Trainer,save_model,4,1,1
quantumiracle_SOTA-RL-Algorithms,sac_v2_gru,SAC_Trainer,load_model,7,1,1
quantumiracle_SOTA-RL-Algorithms,sac_v2_gru,,plot,5,1,1
quantumiracle_SOTA-RL-Algorithms,sac_v2_lstm,NormalizedActions,_action,6,1,1
quantumiracle_SOTA-RL-Algorithms,sac_v2_lstm,NormalizedActions,_reverse_action,6,1,1
quantumiracle_SOTA-RL-Algorithms,sac_v2_lstm,SAC_Trainer,__init__,23,3,5
quantumiracle_SOTA-RL-Algorithms,sac_v2_lstm,SAC_Trainer,update,51,4,6
quantumiracle_SOTA-RL-Algorithms,sac_v2_lstm,SAC_Trainer,save_model,4,1,1
quantumiracle_SOTA-RL-Algorithms,sac_v2_lstm,SAC_Trainer,load_model,7,1,1
quantumiracle_SOTA-RL-Algorithms,sac_v2_lstm,,plot,5,1,1
quantumiracle_SOTA-RL-Algorithms,sac_v2_multiprocess,ReplayBuffer,__init__,4,1,1
quantumiracle_SOTA-RL-Algorithms,sac_v2_multiprocess,ReplayBuffer,push,5,2,5
quantumiracle_SOTA-RL-Algorithms,sac_v2_multiprocess,ReplayBuffer,sample,10,1,1
quantumiracle_SOTA-RL-Algorithms,sac_v2_multiprocess,ReplayBuffer,__len__,2,1,0
quantumiracle_SOTA-RL-Algorithms,sac_v2_multiprocess,ReplayBuffer,get_length,2,1,0
quantumiracle_SOTA-RL-Algorithms,sac_v2_multiprocess,NormalizedActions,_action,6,1,1
quantumiracle_SOTA-RL-Algorithms,sac_v2_multiprocess,NormalizedActions,_reverse_action,6,1,1
quantumiracle_SOTA-RL-Algorithms,sac_v2_multiprocess,ValueNetwork,__init__,8,1,3
quantumiracle_SOTA-RL-Algorithms,sac_v2_multiprocess,ValueNetwork,forward,6,1,1
quantumiracle_SOTA-RL-Algorithms,sac_v2_multiprocess,SoftQNetwork,__init__,8,1,4
quantumiracle_SOTA-RL-Algorithms,sac_v2_multiprocess,SoftQNetwork,forward,7,1,2
quantumiracle_SOTA-RL-Algorithms,sac_v2_multiprocess,PolicyNetwork,__init__,16,1,7
quantumiracle_SOTA-RL-Algorithms,sac_v2_multiprocess,PolicyNetwork,forward,9,1,1
quantumiracle_SOTA-RL-Algorithms,sac_v2_multiprocess,PolicyNetwork,evaluate,12,1,2
quantumiracle_SOTA-RL-Algorithms,sac_v2_multiprocess,PolicyNetwork,get_action,9,1,2
quantumiracle_SOTA-RL-Algorithms,sac_v2_multiprocess,PolicyNetwork,sample_action,3,1,0
quantumiracle_SOTA-RL-Algorithms,sac_v2_multiprocess,SAC_Trainer,__init__,23,3,3
quantumiracle_SOTA-RL-Algorithms,sac_v2_multiprocess,SAC_Trainer,update,46,4,6
quantumiracle_SOTA-RL-Algorithms,sac_v2_multiprocess,SAC_Trainer,save_model,4,1,1
quantumiracle_SOTA-RL-Algorithms,sac_v2_multiprocess,SAC_Trainer,load_model,7,1,1
quantumiracle_SOTA-RL-Algorithms,sac_v2_multiprocess,,worker,74,16,14
quantumiracle_SOTA-RL-Algorithms,sac_v2_multiprocess,,ShareParameters,12,3,1
quantumiracle_SOTA-RL-Algorithms,sac_v2_multiprocess,,plot,6,1,1
quantumiracle_SOTA-RL-Algorithms,sac_v2_multiprocess_multi_gpu,SharedAdam,__init__,12,5,6
quantumiracle_SOTA-RL-Algorithms,sac_v2_multiprocess_multi_gpu,SharedAdam,__setstate__,4,2,1
quantumiracle_SOTA-RL-Algorithms,sac_v2_multiprocess_multi_gpu,SharedAdam,step,60,13,1
quantumiracle_SOTA-RL-Algorithms,sac_v2_multiprocess_multi_gpu,ReplayBuffer,__init__,4,1,1
quantumiracle_SOTA-RL-Algorithms,sac_v2_multiprocess_multi_gpu,ReplayBuffer,push,5,2,5
quantumiracle_SOTA-RL-Algorithms,sac_v2_multiprocess_multi_gpu,ReplayBuffer,sample,11,1,1
quantumiracle_SOTA-RL-Algorithms,sac_v2_multiprocess_multi_gpu,ReplayBuffer,__len__,2,1,0
quantumiracle_SOTA-RL-Algorithms,sac_v2_multiprocess_multi_gpu,ReplayBuffer,get_length,2,1,0
quantumiracle_SOTA-RL-Algorithms,sac_v2_multiprocess_multi_gpu,NormalizedActions,_action,6,1,1
quantumiracle_SOTA-RL-Algorithms,sac_v2_multiprocess_multi_gpu,NormalizedActions,_reverse_action,6,1,1
quantumiracle_SOTA-RL-Algorithms,sac_v2_multiprocess_multi_gpu,ValueNetwork,__init__,8,1,3
quantumiracle_SOTA-RL-Algorithms,sac_v2_multiprocess_multi_gpu,ValueNetwork,forward,6,1,1
quantumiracle_SOTA-RL-Algorithms,sac_v2_multiprocess_multi_gpu,SoftQNetwork,__init__,8,1,4
quantumiracle_SOTA-RL-Algorithms,sac_v2_multiprocess_multi_gpu,SoftQNetwork,forward,7,1,2
quantumiracle_SOTA-RL-Algorithms,sac_v2_multiprocess_multi_gpu,PolicyNetwork,__init__,16,1,7
quantumiracle_SOTA-RL-Algorithms,sac_v2_multiprocess_multi_gpu,PolicyNetwork,forward,9,1,1
quantumiracle_SOTA-RL-Algorithms,sac_v2_multiprocess_multi_gpu,PolicyNetwork,evaluate,13,1,2
quantumiracle_SOTA-RL-Algorithms,sac_v2_multiprocess_multi_gpu,PolicyNetwork,get_action,10,1,2
quantumiracle_SOTA-RL-Algorithms,sac_v2_multiprocess_multi_gpu,PolicyNetwork,sample_action,3,1,0
quantumiracle_SOTA-RL-Algorithms,sac_v2_multiprocess_multi_gpu,Alpha,__init__,3,1,0
quantumiracle_SOTA-RL-Algorithms,sac_v2_multiprocess_multi_gpu,Alpha,forward,2,1,0
quantumiracle_SOTA-RL-Algorithms,sac_v2_multiprocess_multi_gpu,SAC_Trainer,__init__,26,3,3
quantumiracle_SOTA-RL-Algorithms,sac_v2_multiprocess_multi_gpu,SAC_Trainer,to_cuda,7,1,0
quantumiracle_SOTA-RL-Algorithms,sac_v2_multiprocess_multi_gpu,SAC_Trainer,update,53,4,6
quantumiracle_SOTA-RL-Algorithms,sac_v2_multiprocess_multi_gpu,SAC_Trainer,save_model,5,1,1
quantumiracle_SOTA-RL-Algorithms,sac_v2_multiprocess_multi_gpu,SAC_Trainer,load_model,7,1,1
quantumiracle_SOTA-RL-Algorithms,sac_v2_multiprocess_multi_gpu,,worker,80,16,15
quantumiracle_SOTA-RL-Algorithms,sac_v2_multiprocess_multi_gpu,,ShareParameters,12,3,1
quantumiracle_SOTA-RL-Algorithms,sac_v2_multiprocess_multi_gpu,,plot,6,1,1
quantumiracle_SOTA-RL-Algorithms,sac_v2_multithread,ReplayBuffer,__init__,4,1,1
quantumiracle_SOTA-RL-Algorithms,sac_v2_multithread,ReplayBuffer,push,5,2,5
quantumiracle_SOTA-RL-Algorithms,sac_v2_multithread,ReplayBuffer,sample,10,1,1
quantumiracle_SOTA-RL-Algorithms,sac_v2_multithread,ReplayBuffer,__len__,2,1,0
quantumiracle_SOTA-RL-Algorithms,sac_v2_multithread,NormalizedActions,_action,6,1,1
quantumiracle_SOTA-RL-Algorithms,sac_v2_multithread,NormalizedActions,_reverse_action,6,1,1
quantumiracle_SOTA-RL-Algorithms,sac_v2_multithread,ValueNetwork,__init__,8,1,3
quantumiracle_SOTA-RL-Algorithms,sac_v2_multithread,ValueNetwork,forward,6,1,1
quantumiracle_SOTA-RL-Algorithms,sac_v2_multithread,SoftQNetwork,__init__,8,1,4
quantumiracle_SOTA-RL-Algorithms,sac_v2_multithread,SoftQNetwork,forward,7,1,2
quantumiracle_SOTA-RL-Algorithms,sac_v2_multithread,PolicyNetwork,__init__,16,1,7
quantumiracle_SOTA-RL-Algorithms,sac_v2_multithread,PolicyNetwork,forward,9,1,1
quantumiracle_SOTA-RL-Algorithms,sac_v2_multithread,PolicyNetwork,evaluate,12,1,2
quantumiracle_SOTA-RL-Algorithms,sac_v2_multithread,PolicyNetwork,get_action,9,1,2
quantumiracle_SOTA-RL-Algorithms,sac_v2_multithread,PolicyNetwork,sample_action,3,1,0
quantumiracle_SOTA-RL-Algorithms,sac_v2_multithread,SAC_Trainer,__init__,23,3,3
quantumiracle_SOTA-RL-Algorithms,sac_v2_multithread,SAC_Trainer,update,45,4,6
quantumiracle_SOTA-RL-Algorithms,sac_v2_multithread,SAC_Trainer,save_model,4,1,1
quantumiracle_SOTA-RL-Algorithms,sac_v2_multithread,SAC_Trainer,load_model,7,1,1
quantumiracle_SOTA-RL-Algorithms,sac_v2_multithread,,plot,6,1,2
quantumiracle_SOTA-RL-Algorithms,sac_v2_multithread,,worker,55,16,1
quantumiracle_SOTA-RL-Algorithms,sdt_ppo_gae_discrete,PPO,__init__,9,1,2
quantumiracle_SOTA-RL-Algorithms,sdt_ppo_gae_discrete,PPO,v,6,2,1
quantumiracle_SOTA-RL-Algorithms,sdt_ppo_gae_discrete,PPO,put_data,2,1,1
quantumiracle_SOTA-RL-Algorithms,sdt_ppo_gae_discrete,PPO,make_batch,17,2,0
quantumiracle_SOTA-RL-Algorithms,sdt_ppo_gae_discrete,PPO,train_net,25,3,0
quantumiracle_SOTA-RL-Algorithms,sdt_ppo_gae_discrete,PPO,choose_action,5,1,1
quantumiracle_SOTA-RL-Algorithms,sdt_ppo_gae_discrete,PPO,load_model,2,1,0
quantumiracle_SOTA-RL-Algorithms,sdt_ppo_gae_discrete,,plot,6,1,1
quantumiracle_SOTA-RL-Algorithms,sdt_ppo_gae_discrete,,run,42,10,2
quantumiracle_SOTA-RL-Algorithms,td3,ReplayBuffer,__init__,4,1,1
quantumiracle_SOTA-RL-Algorithms,td3,ReplayBuffer,push,5,2,5
quantumiracle_SOTA-RL-Algorithms,td3,ReplayBuffer,sample,10,1,1
quantumiracle_SOTA-RL-Algorithms,td3,ReplayBuffer,__len__,2,1,0
quantumiracle_SOTA-RL-Algorithms,td3,NormalizedActions,_action,6,1,1
quantumiracle_SOTA-RL-Algorithms,td3,NormalizedActions,_reverse_action,6,1,1
quantumiracle_SOTA-RL-Algorithms,td3,ValueNetwork,__init__,8,1,3
quantumiracle_SOTA-RL-Algorithms,td3,ValueNetwork,forward,6,1,1
quantumiracle_SOTA-RL-Algorithms,td3,QNetwork,__init__,8,1,4
quantumiracle_SOTA-RL-Algorithms,td3,QNetwork,forward,7,1,2
quantumiracle_SOTA-RL-Algorithms,td3,PolicyNetwork,__init__,16,1,7
quantumiracle_SOTA-RL-Algorithms,td3,PolicyNetwork,forward,9,1,1
quantumiracle_SOTA-RL-Algorithms,td3,PolicyNetwork,evaluate,20,1,4
quantumiracle_SOTA-RL-Algorithms,td3,PolicyNetwork,get_action,13,1,3
quantumiracle_SOTA-RL-Algorithms,td3,PolicyNetwork,sample_action,3,1,0
quantumiracle_SOTA-RL-Algorithms,td3,TD3_Trainer,__init__,20,1,4
quantumiracle_SOTA-RL-Algorithms,td3,TD3_Trainer,target_ini,4,2,2
quantumiracle_SOTA-RL-Algorithms,td3,TD3_Trainer,target_soft_update,6,2,3
quantumiracle_SOTA-RL-Algorithms,td3,TD3_Trainer,update,42,2,6
quantumiracle_SOTA-RL-Algorithms,td3,TD3_Trainer,save_model,4,1,1
quantumiracle_SOTA-RL-Algorithms,td3,TD3_Trainer,load_model,7,1,1
quantumiracle_SOTA-RL-Algorithms,td3,,plot,5,1,1
quantumiracle_SOTA-RL-Algorithms,td3_lstm,NormalizedActions,_action,6,1,1
quantumiracle_SOTA-RL-Algorithms,td3_lstm,NormalizedActions,_reverse_action,6,1,1
quantumiracle_SOTA-RL-Algorithms,td3_lstm,TD3_Trainer,__init__,21,1,6
quantumiracle_SOTA-RL-Algorithms,td3_lstm,TD3_Trainer,target_ini,4,2,2
quantumiracle_SOTA-RL-Algorithms,td3_lstm,TD3_Trainer,target_soft_update,6,2,3
quantumiracle_SOTA-RL-Algorithms,td3_lstm,TD3_Trainer,update,41,2,6
quantumiracle_SOTA-RL-Algorithms,td3_lstm,TD3_Trainer,save_model,4,1,1
quantumiracle_SOTA-RL-Algorithms,td3_lstm,TD3_Trainer,load_model,7,1,1
quantumiracle_SOTA-RL-Algorithms,td3_lstm,,plot,5,1,1
quantumiracle_SOTA-RL-Algorithms,td3_multiprocess,ReplayBuffer,__init__,4,1,1
quantumiracle_SOTA-RL-Algorithms,td3_multiprocess,ReplayBuffer,push,5,2,5
quantumiracle_SOTA-RL-Algorithms,td3_multiprocess,ReplayBuffer,sample,10,1,1
quantumiracle_SOTA-RL-Algorithms,td3_multiprocess,ReplayBuffer,__len__,2,1,0
quantumiracle_SOTA-RL-Algorithms,td3_multiprocess,ReplayBuffer,get_length,2,1,0
quantumiracle_SOTA-RL-Algorithms,td3_multiprocess,NormalizedActions,_action,6,1,1
quantumiracle_SOTA-RL-Algorithms,td3_multiprocess,NormalizedActions,_reverse_action,6,1,1
quantumiracle_SOTA-RL-Algorithms,td3_multiprocess,ValueNetwork,__init__,8,1,3
quantumiracle_SOTA-RL-Algorithms,td3_multiprocess,ValueNetwork,forward,6,1,1
quantumiracle_SOTA-RL-Algorithms,td3_multiprocess,QNetwork,__init__,8,1,4
quantumiracle_SOTA-RL-Algorithms,td3_multiprocess,QNetwork,forward,7,1,2
quantumiracle_SOTA-RL-Algorithms,td3_multiprocess,PolicyNetwork,__init__,16,1,7
quantumiracle_SOTA-RL-Algorithms,td3_multiprocess,PolicyNetwork,forward,9,1,1
quantumiracle_SOTA-RL-Algorithms,td3_multiprocess,PolicyNetwork,evaluate,20,1,4
quantumiracle_SOTA-RL-Algorithms,td3_multiprocess,PolicyNetwork,get_action,13,1,3
quantumiracle_SOTA-RL-Algorithms,td3_multiprocess,PolicyNetwork,sample_action,3,1,0
quantumiracle_SOTA-RL-Algorithms,td3_multiprocess,TD3_Trainer,__init__,20,1,4
quantumiracle_SOTA-RL-Algorithms,td3_multiprocess,TD3_Trainer,target_ini,4,2,2
quantumiracle_SOTA-RL-Algorithms,td3_multiprocess,TD3_Trainer,target_soft_update,6,2,3
quantumiracle_SOTA-RL-Algorithms,td3_multiprocess,TD3_Trainer,update,45,2,6
quantumiracle_SOTA-RL-Algorithms,td3_multiprocess,TD3_Trainer,save_model,4,1,1
quantumiracle_SOTA-RL-Algorithms,td3_multiprocess,TD3_Trainer,load_model,7,1,1
quantumiracle_SOTA-RL-Algorithms,td3_multiprocess,,worker,72,16,16
quantumiracle_SOTA-RL-Algorithms,td3_multiprocess,,ShareParameters,12,3,1
quantumiracle_SOTA-RL-Algorithms,td3_multiprocess,,plot,5,1,1
quantumiracle_SOTA-RL-Algorithms.POMDP,sac_v2,ReplayBuffer,__init__,4,1,1
quantumiracle_SOTA-RL-Algorithms.POMDP,sac_v2,ReplayBuffer,push,5,2,5
quantumiracle_SOTA-RL-Algorithms.POMDP,sac_v2,ReplayBuffer,sample,10,1,1
quantumiracle_SOTA-RL-Algorithms.POMDP,sac_v2,ReplayBuffer,__len__,2,1,0
quantumiracle_SOTA-RL-Algorithms.POMDP,sac_v2,NormalizedActions,_action,6,1,1
quantumiracle_SOTA-RL-Algorithms.POMDP,sac_v2,NormalizedActions,_reverse_action,6,1,1
quantumiracle_SOTA-RL-Algorithms.POMDP,sac_v2,ValueNetwork,__init__,8,1,3
quantumiracle_SOTA-RL-Algorithms.POMDP,sac_v2,ValueNetwork,forward,6,1,1
quantumiracle_SOTA-RL-Algorithms.POMDP,sac_v2,SoftQNetwork,__init__,8,1,4
quantumiracle_SOTA-RL-Algorithms.POMDP,sac_v2,SoftQNetwork,forward,7,1,2
quantumiracle_SOTA-RL-Algorithms.POMDP,sac_v2,PolicyNetwork,__init__,16,1,7
quantumiracle_SOTA-RL-Algorithms.POMDP,sac_v2,PolicyNetwork,forward,9,1,1
quantumiracle_SOTA-RL-Algorithms.POMDP,sac_v2,PolicyNetwork,evaluate,12,1,2
quantumiracle_SOTA-RL-Algorithms.POMDP,sac_v2,PolicyNetwork,get_action,9,1,2
quantumiracle_SOTA-RL-Algorithms.POMDP,sac_v2,PolicyNetwork,sample_action,3,1,0
quantumiracle_SOTA-RL-Algorithms.POMDP,sac_v2,SAC_Trainer,__init__,23,3,3
quantumiracle_SOTA-RL-Algorithms.POMDP,sac_v2,SAC_Trainer,update,46,4,6
quantumiracle_SOTA-RL-Algorithms.POMDP,sac_v2,SAC_Trainer,save_model,4,1,1
quantumiracle_SOTA-RL-Algorithms.POMDP,sac_v2,SAC_Trainer,load_model,7,1,1
quantumiracle_SOTA-RL-Algorithms.POMDP,sac_v2,,plot,5,1,1
quantumiracle_SOTA-RL-Algorithms.POMDP,sac_v2_lstm,NormalizedActions,_action,6,1,1
quantumiracle_SOTA-RL-Algorithms.POMDP,sac_v2_lstm,NormalizedActions,_reverse_action,6,1,1
quantumiracle_SOTA-RL-Algorithms.POMDP,sac_v2_lstm,SAC_Trainer,__init__,23,3,5
quantumiracle_SOTA-RL-Algorithms.POMDP,sac_v2_lstm,SAC_Trainer,update,51,4,6
quantumiracle_SOTA-RL-Algorithms.POMDP,sac_v2_lstm,SAC_Trainer,save_model,4,1,1
quantumiracle_SOTA-RL-Algorithms.POMDP,sac_v2_lstm,SAC_Trainer,load_model,7,1,1
quantumiracle_SOTA-RL-Algorithms.POMDP,sac_v2_lstm,,plot,5,1,1
quantumiracle_SOTA-RL-Algorithms.POMDP,td3,ReplayBuffer,__init__,4,1,1
quantumiracle_SOTA-RL-Algorithms.POMDP,td3,ReplayBuffer,push,5,2,5
quantumiracle_SOTA-RL-Algorithms.POMDP,td3,ReplayBuffer,sample,10,1,1
quantumiracle_SOTA-RL-Algorithms.POMDP,td3,ReplayBuffer,__len__,2,1,0
quantumiracle_SOTA-RL-Algorithms.POMDP,td3,NormalizedActions,_action,6,1,1
quantumiracle_SOTA-RL-Algorithms.POMDP,td3,NormalizedActions,_reverse_action,6,1,1
quantumiracle_SOTA-RL-Algorithms.POMDP,td3,ValueNetwork,__init__,8,1,3
quantumiracle_SOTA-RL-Algorithms.POMDP,td3,ValueNetwork,forward,6,1,1
quantumiracle_SOTA-RL-Algorithms.POMDP,td3,QNetwork,__init__,8,1,4
quantumiracle_SOTA-RL-Algorithms.POMDP,td3,QNetwork,forward,7,1,2
quantumiracle_SOTA-RL-Algorithms.POMDP,td3,PolicyNetwork,__init__,16,1,7
quantumiracle_SOTA-RL-Algorithms.POMDP,td3,PolicyNetwork,forward,9,1,1
quantumiracle_SOTA-RL-Algorithms.POMDP,td3,PolicyNetwork,evaluate,20,1,4
quantumiracle_SOTA-RL-Algorithms.POMDP,td3,PolicyNetwork,get_action,13,1,3
quantumiracle_SOTA-RL-Algorithms.POMDP,td3,PolicyNetwork,sample_action,3,1,0
quantumiracle_SOTA-RL-Algorithms.POMDP,td3,TD3_Trainer,__init__,20,1,4
quantumiracle_SOTA-RL-Algorithms.POMDP,td3,TD3_Trainer,target_ini,4,2,2
quantumiracle_SOTA-RL-Algorithms.POMDP,td3,TD3_Trainer,target_soft_update,6,2,3
quantumiracle_SOTA-RL-Algorithms.POMDP,td3,TD3_Trainer,update,45,2,6
quantumiracle_SOTA-RL-Algorithms.POMDP,td3,TD3_Trainer,save_model,4,1,1
quantumiracle_SOTA-RL-Algorithms.POMDP,td3,TD3_Trainer,load_model,7,1,1
quantumiracle_SOTA-RL-Algorithms.POMDP,td3,,plot,5,1,1
quantumiracle_SOTA-RL-Algorithms.POMDP,td3_lstm,NormalizedActions,_action,6,1,1
quantumiracle_SOTA-RL-Algorithms.POMDP,td3_lstm,NormalizedActions,_reverse_action,6,1,1
quantumiracle_SOTA-RL-Algorithms.POMDP,td3_lstm,TD3_Trainer,__init__,21,1,6
quantumiracle_SOTA-RL-Algorithms.POMDP,td3_lstm,TD3_Trainer,target_ini,4,2,2
quantumiracle_SOTA-RL-Algorithms.POMDP,td3_lstm,TD3_Trainer,target_soft_update,6,2,3
quantumiracle_SOTA-RL-Algorithms.POMDP,td3_lstm,TD3_Trainer,update,42,2,6
quantumiracle_SOTA-RL-Algorithms.POMDP,td3_lstm,TD3_Trainer,save_model,4,1,1
quantumiracle_SOTA-RL-Algorithms.POMDP,td3_lstm,TD3_Trainer,load_model,7,1,1
quantumiracle_SOTA-RL-Algorithms.POMDP,td3_lstm,,plot,5,1,1
quantumiracle_SOTA-RL-Algorithms.POMDP.common,buffers,ReplayBuffer,__init__,4,1,1
quantumiracle_SOTA-RL-Algorithms.POMDP.common,buffers,ReplayBuffer,push,5,2,5
quantumiracle_SOTA-RL-Algorithms.POMDP.common,buffers,ReplayBuffer,sample,11,1,1
quantumiracle_SOTA-RL-Algorithms.POMDP.common,buffers,ReplayBuffer,__len__,2,1,0
quantumiracle_SOTA-RL-Algorithms.POMDP.common,buffers,ReplayBuffer,get_length,2,1,0
quantumiracle_SOTA-RL-Algorithms.POMDP.common,buffers,ReplayBufferLSTM,__init__,4,1,1
quantumiracle_SOTA-RL-Algorithms.POMDP.common,buffers,ReplayBufferLSTM,push,5,2,6
quantumiracle_SOTA-RL-Algorithms.POMDP.common,buffers,ReplayBufferLSTM,sample,11,1,1
quantumiracle_SOTA-RL-Algorithms.POMDP.common,buffers,ReplayBufferLSTM,__len__,2,1,0
quantumiracle_SOTA-RL-Algorithms.POMDP.common,buffers,ReplayBufferLSTM,get_length,2,1,0
quantumiracle_SOTA-RL-Algorithms.POMDP.common,buffers,ReplayBufferLSTM2,__init__,4,1,1
quantumiracle_SOTA-RL-Algorithms.POMDP.common,buffers,ReplayBufferLSTM2,push,5,2,8
quantumiracle_SOTA-RL-Algorithms.POMDP.common,buffers,ReplayBufferLSTM2,sample,22,2,1
quantumiracle_SOTA-RL-Algorithms.POMDP.common,buffers,ReplayBufferLSTM2,__len__,2,1,0
quantumiracle_SOTA-RL-Algorithms.POMDP.common,buffers,ReplayBufferLSTM2,get_length,2,1,0
quantumiracle_SOTA-RL-Algorithms.POMDP.common,buffers,ReplayBufferGRU,__init__,4,1,1
quantumiracle_SOTA-RL-Algorithms.POMDP.common,buffers,ReplayBufferGRU,push,5,2,8
quantumiracle_SOTA-RL-Algorithms.POMDP.common,buffers,ReplayBufferGRU,sample,16,2,1
quantumiracle_SOTA-RL-Algorithms.POMDP.common,buffers,ReplayBufferGRU,__len__,2,1,0
quantumiracle_SOTA-RL-Algorithms.POMDP.common,buffers,ReplayBufferGRU,get_length,2,1,0
quantumiracle_SOTA-RL-Algorithms.POMDP.common,initialize,,linear_weights_init,6,3,1
quantumiracle_SOTA-RL-Algorithms.POMDP.common,initialize,,conv_weights_init,5,3,1
quantumiracle_SOTA-RL-Algorithms.POMDP.common,optimizers,SharedAdam,__init__,12,5,6
quantumiracle_SOTA-RL-Algorithms.POMDP.common,optimizers,SharedAdam,__setstate__,4,2,1
quantumiracle_SOTA-RL-Algorithms.POMDP.common,optimizers,SharedAdam,step,60,13,1
quantumiracle_SOTA-RL-Algorithms.POMDP.common,policy_networks,PolicyNetworkBase,__init__,12,2,3
quantumiracle_SOTA-RL-Algorithms.POMDP.common,policy_networks,PolicyNetworkBase,forward,2,1,0
quantumiracle_SOTA-RL-Algorithms.POMDP.common,policy_networks,PolicyNetworkBase,evaluate,2,1,0
quantumiracle_SOTA-RL-Algorithms.POMDP.common,policy_networks,PolicyNetworkBase,get_action,2,1,0
quantumiracle_SOTA-RL-Algorithms.POMDP.common,policy_networks,PolicyNetworkBase,sample_action,3,1,0
quantumiracle_SOTA-RL-Algorithms.POMDP.common,policy_networks,DPG_PolicyNetwork,__init__,7,1,5
quantumiracle_SOTA-RL-Algorithms.POMDP.common,policy_networks,DPG_PolicyNetwork,forward,6,1,1
quantumiracle_SOTA-RL-Algorithms.POMDP.common,policy_networks,DPG_PolicyNetwork,evaluate,8,1,2
quantumiracle_SOTA-RL-Algorithms.POMDP.common,policy_networks,DPG_PolicyNetwork,get_action,9,1,2
quantumiracle_SOTA-RL-Algorithms.POMDP.common,policy_networks,DPG_PolicyNetwork,sample_action,4,1,0
quantumiracle_SOTA-RL-Algorithms.POMDP.common,policy_networks,DPG_PolicyNetworkLSTM,__init__,10,1,5
quantumiracle_SOTA-RL-Algorithms.POMDP.common,policy_networks,DPG_PolicyNetworkLSTM,forward,15,1,3
quantumiracle_SOTA-RL-Algorithms.POMDP.common,policy_networks,DPG_PolicyNetworkLSTM,evaluate,8,1,4
quantumiracle_SOTA-RL-Algorithms.POMDP.common,policy_networks,DPG_PolicyNetworkLSTM,get_action,10,1,4
quantumiracle_SOTA-RL-Algorithms.POMDP.common,policy_networks,DPG_PolicyNetworkLSTM,sample_action,4,1,0
quantumiracle_SOTA-RL-Algorithms.POMDP.common,policy_networks,TD3_PolicyNetwork,__init__,11,1,7
quantumiracle_SOTA-RL-Algorithms.POMDP.common,policy_networks,TD3_PolicyNetwork,forward,7,1,1
quantumiracle_SOTA-RL-Algorithms.POMDP.common,policy_networks,TD3_PolicyNetwork,evaluate,14,1,3
quantumiracle_SOTA-RL-Algorithms.POMDP.common,policy_networks,TD3_PolicyNetwork,get_action,11,1,2
quantumiracle_SOTA-RL-Algorithms.POMDP.common,policy_networks,SAC_PolicyNetwork,__init__,14,1,7
quantumiracle_SOTA-RL-Algorithms.POMDP.common,policy_networks,SAC_PolicyNetwork,forward,9,1,1
quantumiracle_SOTA-RL-Algorithms.POMDP.common,policy_networks,SAC_PolicyNetwork,evaluate,13,1,2
quantumiracle_SOTA-RL-Algorithms.POMDP.common,policy_networks,SAC_PolicyNetwork,get_action,10,1,2
quantumiracle_SOTA-RL-Algorithms.POMDP.common,policy_networks,SAC_PolicyNetworkLSTM,__init__,16,1,7
quantumiracle_SOTA-RL-Algorithms.POMDP.common,policy_networks,SAC_PolicyNetworkLSTM,forward,17,1,3
quantumiracle_SOTA-RL-Algorithms.POMDP.common,policy_networks,SAC_PolicyNetworkLSTM,evaluate,13,1,4
quantumiracle_SOTA-RL-Algorithms.POMDP.common,policy_networks,SAC_PolicyNetworkLSTM,get_action,11,1,4
quantumiracle_SOTA-RL-Algorithms.POMDP.common,policy_networks,SAC_PolicyNetworkGRU,__init__,16,1,7
quantumiracle_SOTA-RL-Algorithms.POMDP.common,policy_networks,SAC_PolicyNetworkGRU,forward,17,1,3
quantumiracle_SOTA-RL-Algorithms.POMDP.common,policy_networks,SAC_PolicyNetworkGRU,evaluate,13,1,4
quantumiracle_SOTA-RL-Algorithms.POMDP.common,policy_networks,SAC_PolicyNetworkGRU,get_action,11,1,4
quantumiracle_SOTA-RL-Algorithms.POMDP.common,utils,,plot_grad_flow,16,4,1
quantumiracle_SOTA-RL-Algorithms.POMDP.common,value_networks,ValueNetworkBase,__init__,9,2,2
quantumiracle_SOTA-RL-Algorithms.POMDP.common,value_networks,ValueNetworkBase,forward,2,1,0
quantumiracle_SOTA-RL-Algorithms.POMDP.common,value_networks,QNetworkBase,__init__,5,1,3
quantumiracle_SOTA-RL-Algorithms.POMDP.common,value_networks,ValueNetwork,__init__,7,1,4
quantumiracle_SOTA-RL-Algorithms.POMDP.common,value_networks,ValueNetwork,forward,6,1,1
quantumiracle_SOTA-RL-Algorithms.POMDP.common,value_networks,QNetwork,__init__,7,1,5
quantumiracle_SOTA-RL-Algorithms.POMDP.common,value_networks,QNetwork,forward,7,1,2
quantumiracle_SOTA-RL-Algorithms.POMDP.common,value_networks,QNetworkLSTM,__init__,9,1,5
quantumiracle_SOTA-RL-Algorithms.POMDP.common,value_networks,QNetworkLSTM,forward,16,1,4
quantumiracle_SOTA-RL-Algorithms.POMDP.common,value_networks,QNetworkGRU,__init__,9,1,5
quantumiracle_SOTA-RL-Algorithms.POMDP.common,value_networks,QNetworkGRU,forward,16,1,4
quantumiracle_SOTA-RL-Algorithms.SDT,SDT,SDT,__init__,21,2,1
quantumiracle_SOTA-RL-Algorithms.SDT,SDT,SDT,leaf_nodes,4,1,1
quantumiracle_SOTA-RL-Algorithms.SDT,SDT,SDT,inner_nodes,3,1,1
quantumiracle_SOTA-RL-Algorithms.SDT,SDT,SDT,get_tree_weights,5,1,1
quantumiracle_SOTA-RL-Algorithms.SDT,SDT,SDT,forward,18,3,2
quantumiracle_SOTA-RL-Algorithms.SDT,SDT,SDT,_forward,19,2,1
quantumiracle_SOTA-RL-Algorithms.SDT,SDT,SDT,_cal_penalty,17,3,3
quantumiracle_SOTA-RL-Algorithms.SDT,SDT,SDT,_data_augment_,6,1,1
quantumiracle_SOTA-RL-Algorithms.SDT,SDT,SDT,save_model,2,1,2
quantumiracle_SOTA-RL-Algorithms.SDT,SDT,SDT,load_model,3,1,2
quantumiracle_SOTA-RL-Algorithms.SDT,sdt_train,,onehot_coding,5,1,3
quantumiracle_SOTA-RL-Algorithms.cem,_policies,BinaryActionLinearPolicy,__init__,3,1,1
quantumiracle_SOTA-RL-Algorithms.cem,_policies,BinaryActionLinearPolicy,act,4,1,1
quantumiracle_SOTA-RL-Algorithms.cem,_policies,ContinuousActionLinearPolicy,__init__,4,1,3
quantumiracle_SOTA-RL-Algorithms.cem,_policies,ContinuousActionLinearPolicy,act,3,1,1
quantumiracle_SOTA-RL-Algorithms.cem,cem,,cem,13,2,6
quantumiracle_SOTA-RL-Algorithms.cem,cem,,do_rollout,10,5,4
quantumiracle_SOTA-RL-Algorithms.common,buffers,ReplayBuffer,__init__,4,1,1
quantumiracle_SOTA-RL-Algorithms.common,buffers,ReplayBuffer,push,5,2,5
quantumiracle_SOTA-RL-Algorithms.common,buffers,ReplayBuffer,sample,11,1,1
quantumiracle_SOTA-RL-Algorithms.common,buffers,ReplayBuffer,__len__,2,1,0
quantumiracle_SOTA-RL-Algorithms.common,buffers,ReplayBuffer,get_length,2,1,0
quantumiracle_SOTA-RL-Algorithms.common,buffers,ReplayBufferPER,__init__,7,1,1
quantumiracle_SOTA-RL-Algorithms.common,buffers,ReplayBufferPER,push,6,2,5
quantumiracle_SOTA-RL-Algorithms.common,buffers,ReplayBufferPER,sample,14,1,1
quantumiracle_SOTA-RL-Algorithms.common,buffers,ReplayBufferPER,update_weights,4,1,1
quantumiracle_SOTA-RL-Algorithms.common,buffers,ReplayBufferPER,__len__,2,1,0
quantumiracle_SOTA-RL-Algorithms.common,buffers,ReplayBufferPER,get_length,2,1,0
quantumiracle_SOTA-RL-Algorithms.common,buffers,ReplayBufferLSTM,__init__,4,1,1
quantumiracle_SOTA-RL-Algorithms.common,buffers,ReplayBufferLSTM,push,5,2,6
quantumiracle_SOTA-RL-Algorithms.common,buffers,ReplayBufferLSTM,sample,11,1,1
quantumiracle_SOTA-RL-Algorithms.common,buffers,ReplayBufferLSTM,__len__,2,1,0
quantumiracle_SOTA-RL-Algorithms.common,buffers,ReplayBufferLSTM,get_length,2,1,0
quantumiracle_SOTA-RL-Algorithms.common,buffers,ReplayBufferLSTM2,__init__,4,1,1
quantumiracle_SOTA-RL-Algorithms.common,buffers,ReplayBufferLSTM2,push,5,2,8
quantumiracle_SOTA-RL-Algorithms.common,buffers,ReplayBufferLSTM2,sample,22,2,1
quantumiracle_SOTA-RL-Algorithms.common,buffers,ReplayBufferLSTM2,__len__,2,1,0
quantumiracle_SOTA-RL-Algorithms.common,buffers,ReplayBufferLSTM2,get_length,2,1,0
quantumiracle_SOTA-RL-Algorithms.common,buffers,ReplayBufferGRU,__init__,4,1,1
quantumiracle_SOTA-RL-Algorithms.common,buffers,ReplayBufferGRU,push,5,2,8
quantumiracle_SOTA-RL-Algorithms.common,buffers,ReplayBufferGRU,sample,16,2,1
quantumiracle_SOTA-RL-Algorithms.common,buffers,ReplayBufferGRU,__len__,2,1,0
quantumiracle_SOTA-RL-Algorithms.common,buffers,ReplayBufferGRU,get_length,2,1,0
quantumiracle_SOTA-RL-Algorithms.common,initialize,,linear_weights_init,6,3,1
quantumiracle_SOTA-RL-Algorithms.common,initialize,,conv_weights_init,5,3,1
quantumiracle_SOTA-RL-Algorithms.common,optimizers,SharedAdam,__init__,12,5,6
quantumiracle_SOTA-RL-Algorithms.common,optimizers,SharedAdam,__setstate__,4,2,1
quantumiracle_SOTA-RL-Algorithms.common,optimizers,SharedAdam,step,60,13,1
quantumiracle_SOTA-RL-Algorithms.common,policy_networks,PolicyNetworkBase,__init__,15,3,3
quantumiracle_SOTA-RL-Algorithms.common,policy_networks,PolicyNetworkBase,forward,2,1,0
quantumiracle_SOTA-RL-Algorithms.common,policy_networks,PolicyNetworkBase,evaluate,2,1,0
quantumiracle_SOTA-RL-Algorithms.common,policy_networks,PolicyNetworkBase,get_action,2,1,0
quantumiracle_SOTA-RL-Algorithms.common,policy_networks,PolicyNetworkBase,sample_action,3,1,0
quantumiracle_SOTA-RL-Algorithms.common,policy_networks,DPG_PolicyNetwork,__init__,7,1,5
quantumiracle_SOTA-RL-Algorithms.common,policy_networks,DPG_PolicyNetwork,forward,6,1,1
quantumiracle_SOTA-RL-Algorithms.common,policy_networks,DPG_PolicyNetwork,evaluate,8,1,2
quantumiracle_SOTA-RL-Algorithms.common,policy_networks,DPG_PolicyNetwork,get_action,9,1,2
quantumiracle_SOTA-RL-Algorithms.common,policy_networks,DPG_PolicyNetwork,sample_action,4,1,0
quantumiracle_SOTA-RL-Algorithms.common,policy_networks,DPG_PolicyNetworkLSTM,__init__,10,1,5
quantumiracle_SOTA-RL-Algorithms.common,policy_networks,DPG_PolicyNetworkLSTM,forward,15,1,3
quantumiracle_SOTA-RL-Algorithms.common,policy_networks,DPG_PolicyNetworkLSTM,evaluate,8,1,4
quantumiracle_SOTA-RL-Algorithms.common,policy_networks,DPG_PolicyNetworkLSTM,get_action,10,1,4
quantumiracle_SOTA-RL-Algorithms.common,policy_networks,DPG_PolicyNetworkLSTM,sample_action,4,1,0
quantumiracle_SOTA-RL-Algorithms.common,policy_networks,DPG_PolicyNetworkLSTM2,__init__,9,1,5
quantumiracle_SOTA-RL-Algorithms.common,policy_networks,DPG_PolicyNetworkLSTM2,forward,13,1,3
quantumiracle_SOTA-RL-Algorithms.common,policy_networks,DPG_PolicyNetworkLSTM2,evaluate,8,1,4
quantumiracle_SOTA-RL-Algorithms.common,policy_networks,DPG_PolicyNetworkLSTM2,get_action,10,1,4
quantumiracle_SOTA-RL-Algorithms.common,policy_networks,DPG_PolicyNetworkLSTM2,sample_action,4,1,0
quantumiracle_SOTA-RL-Algorithms.common,policy_networks,TD3_PolicyNetwork,__init__,11,1,7
quantumiracle_SOTA-RL-Algorithms.common,policy_networks,TD3_PolicyNetwork,forward,7,1,1
quantumiracle_SOTA-RL-Algorithms.common,policy_networks,TD3_PolicyNetwork,evaluate,14,1,3
quantumiracle_SOTA-RL-Algorithms.common,policy_networks,TD3_PolicyNetwork,get_action,11,1,2
quantumiracle_SOTA-RL-Algorithms.common,policy_networks,SAC_PolicyNetwork,__init__,14,1,7
quantumiracle_SOTA-RL-Algorithms.common,policy_networks,SAC_PolicyNetwork,forward,9,1,1
quantumiracle_SOTA-RL-Algorithms.common,policy_networks,SAC_PolicyNetwork,evaluate,13,1,2
quantumiracle_SOTA-RL-Algorithms.common,policy_networks,SAC_PolicyNetwork,get_action,10,1,2
quantumiracle_SOTA-RL-Algorithms.common,policy_networks,SAC_PolicyNetworkLSTM,__init__,16,1,7
quantumiracle_SOTA-RL-Algorithms.common,policy_networks,SAC_PolicyNetworkLSTM,forward,17,1,3
quantumiracle_SOTA-RL-Algorithms.common,policy_networks,SAC_PolicyNetworkLSTM,evaluate,13,1,4
quantumiracle_SOTA-RL-Algorithms.common,policy_networks,SAC_PolicyNetworkLSTM,get_action,11,1,4
quantumiracle_SOTA-RL-Algorithms.common,policy_networks,SAC_PolicyNetworkGRU,__init__,16,1,7
quantumiracle_SOTA-RL-Algorithms.common,policy_networks,SAC_PolicyNetworkGRU,forward,17,1,3
quantumiracle_SOTA-RL-Algorithms.common,policy_networks,SAC_PolicyNetworkGRU,evaluate,13,1,4
quantumiracle_SOTA-RL-Algorithms.common,policy_networks,SAC_PolicyNetworkGRU,get_action,11,1,4
quantumiracle_SOTA-RL-Algorithms.common,utils,,plot_grad_flow,16,4,1
quantumiracle_SOTA-RL-Algorithms.common,value_networks,ValueNetworkBase,__init__,9,2,2
quantumiracle_SOTA-RL-Algorithms.common,value_networks,ValueNetworkBase,forward,2,1,0
quantumiracle_SOTA-RL-Algorithms.common,value_networks,QNetworkBase,__init__,5,1,3
quantumiracle_SOTA-RL-Algorithms.common,value_networks,ValueNetwork,__init__,7,1,4
quantumiracle_SOTA-RL-Algorithms.common,value_networks,ValueNetwork,forward,6,1,1
quantumiracle_SOTA-RL-Algorithms.common,value_networks,QNetwork,__init__,7,1,5
quantumiracle_SOTA-RL-Algorithms.common,value_networks,QNetwork,forward,7,1,2
quantumiracle_SOTA-RL-Algorithms.common,value_networks,QNetworkLSTM,__init__,9,1,5
quantumiracle_SOTA-RL-Algorithms.common,value_networks,QNetworkLSTM,forward,16,1,4
quantumiracle_SOTA-RL-Algorithms.common,value_networks,QNetworkLSTM2,__init__,8,1,5
quantumiracle_SOTA-RL-Algorithms.common,value_networks,QNetworkLSTM2,forward,13,1,4
quantumiracle_SOTA-RL-Algorithms.common,value_networks,QNetworkGRU,__init__,9,1,5
quantumiracle_SOTA-RL-Algorithms.common,value_networks,QNetworkGRU,forward,16,1,4
quantumiracle_SOTA-RL-Algorithms.common,wrappers,Dict2TupleWrapper,__init__,19,3,2
quantumiracle_SOTA-RL-Algorithms.common,wrappers,Dict2TupleWrapper,unwrapped,2,1,0
quantumiracle_SOTA-RL-Algorithms.common,wrappers,Dict2TupleWrapper,spec,2,1,0
quantumiracle_SOTA-RL-Algorithms.common,wrappers,Dict2TupleWrapper,observation_swapaxis,2,1,1
quantumiracle_SOTA-RL-Algorithms.common,wrappers,Dict2TupleWrapper,reset,6,1,0
quantumiracle_SOTA-RL-Algorithms.common,wrappers,Dict2TupleWrapper,step,15,3,1
quantumiracle_SOTA-RL-Algorithms.common,wrappers,Dict2TupleWrapper,_zerosum_filter,5,2,1
quantumiracle_SOTA-RL-Algorithms.common,wrappers,Dict2TupleWrapper,seed,3,1,1
quantumiracle_SOTA-RL-Algorithms.common,wrappers,Dict2TupleWrapper,render,2,1,0
quantumiracle_SOTA-RL-Algorithms.common,wrappers,Dict2TupleWrapper,close,2,1,0
