Package,Module,Class,Function,LOC,CC,PC
zeusees_HyperLPR.Prj-Python,demo,,draw_plate_on_image,9,1,4
zeusees_HyperLPR.Prj-Python.hyperlpr3,hyperlpr3,LicensePlateCatcher,__init__,20,4,5
zeusees_HyperLPR.Prj-Python.hyperlpr3,hyperlpr3,LicensePlateCatcher,__call__,2,1,1
zeusees_HyperLPR.Prj-Python.hyperlpr3.command,aliased_group,AliasedGroup,get_command,12,2,2
zeusees_HyperLPR.Prj-Python.hyperlpr3.command,cli,,cli,2,1,0
zeusees_HyperLPR.Prj-Python.hyperlpr3.command,sample,,is_http_url,12,1,1
zeusees_HyperLPR.Prj-Python.hyperlpr3.command,sample,,url_to_image,8,1,1
zeusees_HyperLPR.Prj-Python.hyperlpr3.command,sample,,get_image,15,3,1
zeusees_HyperLPR.Prj-Python.hyperlpr3.command,sample,,sample,14,4,2
zeusees_HyperLPR.Prj-Python.hyperlpr3.command,serve,BaseResponse,__init__,4,1,0
zeusees_HyperLPR.Prj-Python.hyperlpr3.command,serve,BaseResponse,http_ok_response,5,1,1
zeusees_HyperLPR.Prj-Python.hyperlpr3.command,serve,BaseResponse,http_prermission_denied_response,10,2,2
zeusees_HyperLPR.Prj-Python.hyperlpr3.command,serve,BaseResponse,http_request_parameter_error,10,2,2
zeusees_HyperLPR.Prj-Python.hyperlpr3.command,serve,BaseResponse,http_server_error,8,2,2
zeusees_HyperLPR.Prj-Python.hyperlpr3.command,serve,,running,2,1,0
zeusees_HyperLPR.Prj-Python.hyperlpr3.command,serve,,vehicle_license_plate_recognition,18,4,1
zeusees_HyperLPR.Prj-Python.hyperlpr3.command,serve,,get_application,2,1,0
zeusees_HyperLPR.Prj-Python.hyperlpr3.command,serve,,rest,2,1,3
zeusees_HyperLPR.Prj-Python.hyperlpr3.common,mnn_adapt,MNNAdapter,__init__,8,1,5
zeusees_HyperLPR.Prj-Python.hyperlpr3.common,mnn_adapt,MNNAdapter,inference,19,4,1
zeusees_HyperLPR.Prj-Python.hyperlpr3.common,tools_process,,find_the_adjacent_boxes,16,7,1
zeusees_HyperLPR.Prj-Python.hyperlpr3.common,tools_process,,l2,4,1,2
zeusees_HyperLPR.Prj-Python.hyperlpr3.common,tools_process,,single_xyxy2cxcywh,7,1,1
zeusees_HyperLPR.Prj-Python.hyperlpr3.common,tools_process,,sigmoid,2,1,1
zeusees_HyperLPR.Prj-Python.hyperlpr3.common,tools_process,,xywh2xyxy,7,1,1
zeusees_HyperLPR.Prj-Python.hyperlpr3.common,tools_process,,process,18,1,4
zeusees_HyperLPR.Prj-Python.hyperlpr3.common,tools_process,,filter_boxes,16,1,5
zeusees_HyperLPR.Prj-Python.hyperlpr3.common,tools_process,,nms_boxes,27,2,3
zeusees_HyperLPR.Prj-Python.hyperlpr3.common,tools_process,,restore_bound_box,12,2,3
zeusees_HyperLPR.Prj-Python.hyperlpr3.common,tools_process,,letterbox,16,3,3
zeusees_HyperLPR.Prj-Python.hyperlpr3.common,tools_process,,cost,31,0,1
zeusees_HyperLPR.Prj-Python.hyperlpr3.common,tools_process,,align_box,35,2,6
zeusees_HyperLPR.Prj-Python.hyperlpr3.common,tools_process,,get_rotate_crop_image,26,2,2
zeusees_HyperLPR.Prj-Python.hyperlpr3.common,typedef,Plate,__init__,9,1,6
zeusees_HyperLPR.Prj-Python.hyperlpr3.common,typedef,Plate,to_dict,3,1,0
zeusees_HyperLPR.Prj-Python.hyperlpr3.common,typedef,Plate,to_result,2,1,0
zeusees_HyperLPR.Prj-Python.hyperlpr3.common,typedef,Plate,to_full_result,2,1,0
zeusees_HyperLPR.Prj-Python.hyperlpr3.common,typedef,Plate,__dict__,2,1,0
zeusees_HyperLPR.Prj-Python.hyperlpr3.common,typedef,Plate,__str__,2,1,0
zeusees_HyperLPR.Prj-Python.hyperlpr3.common,typedef,,code_filter,17,9,1
zeusees_HyperLPR.Prj-Python.hyperlpr3.config,configuration,,down_model_file,13,2,2
zeusees_HyperLPR.Prj-Python.hyperlpr3.config,configuration,,down_model_zip,19,4,3
zeusees_HyperLPR.Prj-Python.hyperlpr3.config,configuration,,initialization,6,3,1
zeusees_HyperLPR.Prj-Python.hyperlpr3.inference,classification,ClassificationORT,__init__,7,1,1
zeusees_HyperLPR.Prj-Python.hyperlpr3.inference,classification,ClassificationORT,_run_session,3,1,1
zeusees_HyperLPR.Prj-Python.hyperlpr3.inference,classification,ClassificationORT,_postprocess,2,1,1
zeusees_HyperLPR.Prj-Python.hyperlpr3.inference,classification,ClassificationORT,_preprocess,9,1,1
zeusees_HyperLPR.Prj-Python.hyperlpr3.inference,classification,,encode_images,8,2,1
zeusees_HyperLPR.Prj-Python.hyperlpr3.inference,detect,Y5rkDetectorMNN,__init__,11,1,3
zeusees_HyperLPR.Prj-Python.hyperlpr3.inference,detect,Y5rkDetectorMNN,_run_session,6,2,1
zeusees_HyperLPR.Prj-Python.hyperlpr3.inference,detect,Y5rkDetectorMNN,_postprocess,15,1,1
zeusees_HyperLPR.Prj-Python.hyperlpr3.inference,detect,Y5rkDetectorMNN,_preprocess,6,1,1
zeusees_HyperLPR.Prj-Python.hyperlpr3.inference,detect,Y5rkDetectorMNN,decode_outputs,32,4,2
zeusees_HyperLPR.Prj-Python.hyperlpr3.inference,detect,Y5rkDetectorORT,__init__,17,2,3
zeusees_HyperLPR.Prj-Python.hyperlpr3.inference,detect,Y5rkDetectorORT,decode_outputs,32,4,2
zeusees_HyperLPR.Prj-Python.hyperlpr3.inference,detect,Y5rkDetectorORT,_run_session,3,1,1
zeusees_HyperLPR.Prj-Python.hyperlpr3.inference,detect,Y5rkDetectorORT,_postprocess,15,1,1
zeusees_HyperLPR.Prj-Python.hyperlpr3.inference,detect,Y5rkDetectorORT,_preprocess,6,1,1
zeusees_HyperLPR.Prj-Python.hyperlpr3.inference,detect,,image_to_input_tensor,6,1,1
zeusees_HyperLPR.Prj-Python.hyperlpr3.inference,multitask_detect,MultiTaskDetectorMNN,__init__,13,3,3
zeusees_HyperLPR.Prj-Python.hyperlpr3.inference,multitask_detect,MultiTaskDetectorMNN,_run_session,7,2,1
zeusees_HyperLPR.Prj-Python.hyperlpr3.inference,multitask_detect,MultiTaskDetectorMNN,_postprocess,3,1,1
zeusees_HyperLPR.Prj-Python.hyperlpr3.inference,multitask_detect,MultiTaskDetectorMNN,_preprocess,4,1,1
zeusees_HyperLPR.Prj-Python.hyperlpr3.inference,multitask_detect,MultiTaskDetectorDNN,__init__,7,1,3
zeusees_HyperLPR.Prj-Python.hyperlpr3.inference,multitask_detect,MultiTaskDetectorDNN,_run_session,4,1,1
zeusees_HyperLPR.Prj-Python.hyperlpr3.inference,multitask_detect,MultiTaskDetectorDNN,_postprocess,3,1,1
zeusees_HyperLPR.Prj-Python.hyperlpr3.inference,multitask_detect,MultiTaskDetectorDNN,_preprocess,4,1,1
zeusees_HyperLPR.Prj-Python.hyperlpr3.inference,multitask_detect,MultiTaskDetectorORT,__init__,16,2,3
zeusees_HyperLPR.Prj-Python.hyperlpr3.inference,multitask_detect,MultiTaskDetectorORT,_run_session,3,1,1
zeusees_HyperLPR.Prj-Python.hyperlpr3.inference,multitask_detect,MultiTaskDetectorORT,_postprocess,3,1,1
zeusees_HyperLPR.Prj-Python.hyperlpr3.inference,multitask_detect,MultiTaskDetectorORT,_preprocess,4,1,1
zeusees_HyperLPR.Prj-Python.hyperlpr3.inference,multitask_detect,,xywh2xyxy,7,1,1
zeusees_HyperLPR.Prj-Python.hyperlpr3.inference,multitask_detect,,nms,21,2,2
zeusees_HyperLPR.Prj-Python.hyperlpr3.inference,multitask_detect,,restore_box,6,1,4
zeusees_HyperLPR.Prj-Python.hyperlpr3.inference,multitask_detect,,detect_pre_precessing,6,1,2
zeusees_HyperLPR.Prj-Python.hyperlpr3.inference,multitask_detect,,post_precessing,13,1,6
zeusees_HyperLPR.Prj-Python.hyperlpr3.inference,multitask_detect,,letter_box,12,1,2
zeusees_HyperLPR.Prj-Python.hyperlpr3.inference,pipeline,LPRMultiTaskPipeline,__init__,5,1,4
zeusees_HyperLPR.Prj-Python.hyperlpr3.inference,pipeline,LPRMultiTaskPipeline,run,50,11,1
zeusees_HyperLPR.Prj-Python.hyperlpr3.inference,pipeline,LPRMultiTaskPipeline,__call__,2,1,1
zeusees_HyperLPR.Prj-Python.hyperlpr3.inference,pipeline,LPRPipeline,__init__,4,1,3
zeusees_HyperLPR.Prj-Python.hyperlpr3.inference,pipeline,LPRPipeline,run,39,8,1
zeusees_HyperLPR.Prj-Python.hyperlpr3.inference,pipeline,LPRPipeline,__call__,2,1,1
zeusees_HyperLPR.Prj-Python.hyperlpr3.inference,recognition,PPRCNNRecognitionMNN,__init__,6,1,2
zeusees_HyperLPR.Prj-Python.hyperlpr3.inference,recognition,PPRCNNRecognitionMNN,decode,22,8,3
zeusees_HyperLPR.Prj-Python.hyperlpr3.inference,recognition,PPRCNNRecognitionMNN,_run_session,5,1,1
zeusees_HyperLPR.Prj-Python.hyperlpr3.inference,recognition,PPRCNNRecognitionMNN,_postprocess,6,1,1
zeusees_HyperLPR.Prj-Python.hyperlpr3.inference,recognition,PPRCNNRecognitionMNN,_preprocess,9,1,1
zeusees_HyperLPR.Prj-Python.hyperlpr3.inference,recognition,PPRCNNRecognitionORT,__init__,8,1,2
zeusees_HyperLPR.Prj-Python.hyperlpr3.inference,recognition,PPRCNNRecognitionORT,decode,23,8,3
zeusees_HyperLPR.Prj-Python.hyperlpr3.inference,recognition,PPRCNNRecognitionORT,_run_session,3,1,1
zeusees_HyperLPR.Prj-Python.hyperlpr3.inference,recognition,PPRCNNRecognitionORT,_postprocess,10,1,1
zeusees_HyperLPR.Prj-Python.hyperlpr3.inference,recognition,PPRCNNRecognitionORT,_preprocess,9,1,1
zeusees_HyperLPR.Prj-Python.hyperlpr3.inference,recognition,PPRCNNRecognitionDNN,__init__,5,1,2
zeusees_HyperLPR.Prj-Python.hyperlpr3.inference,recognition,PPRCNNRecognitionDNN,decode,22,8,3
zeusees_HyperLPR.Prj-Python.hyperlpr3.inference,recognition,PPRCNNRecognitionDNN,_run_session,5,1,1
zeusees_HyperLPR.Prj-Python.hyperlpr3.inference,recognition,PPRCNNRecognitionDNN,_postprocess,6,1,1
zeusees_HyperLPR.Prj-Python.hyperlpr3.inference,recognition,PPRCNNRecognitionDNN,_preprocess,9,1,1
zeusees_HyperLPR.Prj-Python.hyperlpr3.inference,recognition,,encode_images,21,2,5
zeusees_HyperLPR.Prj-Python.hyperlpr3.inference,recognition,,get_ignored_tokens,2,1,0
zeusees_HyperLPR.Prj-Python.hyperlpr3.inference,vertex,BVTVertexMNN,__init__,5,1,1
zeusees_HyperLPR.Prj-Python.hyperlpr3.inference,vertex,BVTVertexMNN,_run_session,3,1,1
zeusees_HyperLPR.Prj-Python.hyperlpr3.inference,vertex,BVTVertexMNN,_postprocess,6,1,1
zeusees_HyperLPR.Prj-Python.hyperlpr3.inference,vertex,BVTVertexMNN,_preprocess,9,1,1
zeusees_HyperLPR.Prj-Python.hyperlpr3.inference,vertex,BVTVertexORT,__init__,7,1,1
zeusees_HyperLPR.Prj-Python.hyperlpr3.inference,vertex,BVTVertexORT,_run_session,3,1,1
zeusees_HyperLPR.Prj-Python.hyperlpr3.inference,vertex,BVTVertexORT,_postprocess,6,1,1
zeusees_HyperLPR.Prj-Python.hyperlpr3.inference,vertex,BVTVertexORT,_preprocess,9,1,1
zeusees_HyperLPR.Prj-Python.hyperlpr3.inference,vertex,,encode_images,8,2,1
zeusees_HyperLPR.Prj-Python.hyperlpr3.inference.base,base,HamburgerABC,__init__,2,1,1
zeusees_HyperLPR.Prj-Python.hyperlpr3.inference.base,base,HamburgerABC,_run_session,2,1,1
zeusees_HyperLPR.Prj-Python.hyperlpr3.inference.base,base,HamburgerABC,_postprocess,2,1,1
zeusees_HyperLPR.Prj-Python.hyperlpr3.inference.base,base,HamburgerABC,_preprocess,2,1,1
zeusees_HyperLPR.Prj-Python.hyperlpr3.inference.base,base,HamburgerABC,__call__,5,1,1
zeusees_HyperLPR.Prj-Python.utils,visual_tools,,cv2ImgAddText,7,2,6
zeusees_HyperLPR.Prj-Python.utils,visual_tools,,draw_full,18,3,2
