Package,Module,Class,Function,LOC,CC,PC
VainF_pytorch-msssim.pytorch_msssim,ssim,SSIM,__init__,9,1,8
VainF_pytorch-msssim.pytorch_msssim,ssim,SSIM,forward,10,1,2
VainF_pytorch-msssim.pytorch_msssim,ssim,MS_SSIM,__init__,9,1,8
VainF_pytorch-msssim.pytorch_msssim,ssim,MS_SSIM,forward,10,1,2
VainF_pytorch-msssim.pytorch_msssim,ssim,,_fspecial_gauss_1d,7,1,2
VainF_pytorch-msssim.pytorch_msssim,ssim,,gaussian_filter,19,5,2
VainF_pytorch-msssim.pytorch_msssim,ssim,,_ssim,20,1,6
VainF_pytorch-msssim.pytorch_msssim,ssim,,ssim,23,8,9
VainF_pytorch-msssim.pytorch_msssim,ssim,,ms_ssim,44,11,9
VainF_pytorch-msssim.tests.ae_example,train,MS_SSIM_Loss,forward,2,1,2
VainF_pytorch-msssim.tests.ae_example,train,SSIM_Loss,forward,2,1,2
VainF_pytorch-msssim.tests.ae_example,train,,get_argparser,10,1,0
VainF_pytorch-msssim.tests.ae_example,train,,main,64,8,0
VainF_pytorch-msssim.tests.ae_example,train,,test,14,3,5
VainF_pytorch-msssim.tests.ae_example.datasets,image_dataset,ImageDataset,__init__,5,1,2
VainF_pytorch-msssim.tests.ae_example.datasets,image_dataset,ImageDataset,__getitem__,5,2,1
VainF_pytorch-msssim.tests.ae_example.datasets,image_dataset,ImageDataset,__len__,2,1,0
VainF_pytorch-msssim.tests.ae_example.models,autoencoder,AutoEncoder,__init__,4,1,4
VainF_pytorch-msssim.tests.ae_example.models,autoencoder,AutoEncoder,forward,4,1,1
VainF_pytorch-msssim.tests.ae_example.models,autoencoder,Encoder,__init__,14,1,3
VainF_pytorch-msssim.tests.ae_example.models,autoencoder,Encoder,forward,2,1,1
VainF_pytorch-msssim.tests.ae_example.models,autoencoder,Decoder,__init__,14,1,3
VainF_pytorch-msssim.tests.ae_example.models,autoencoder,Decoder,forward,2,1,1
VainF_pytorch-msssim.tests.ae_example.models,gdn,LowerBound,forward,3,1,3
VainF_pytorch-msssim.tests.ae_example.models,gdn,LowerBound,backward,6,1,2
VainF_pytorch-msssim.tests.ae_example.models,gdn,GDN,__init__,13,1,6
VainF_pytorch-msssim.tests.ae_example.models,gdn,GDN,_reparam,3,1,2
VainF_pytorch-msssim.tests.ae_example.models,gdn,GDN,forward,10,2,1
