Package,Module,Smell,Class/Module,Line no,File,Details
danielhanchen_hyperlearn.__hyperlearn_archive.hyperlearn,base,Insufficient modularization,base,1,/Volumes/BrokeExt/NICHE/danielhanchen_hyperlearn/__hyperlearn_archive/hyperlearn/base.py,"Module 'base' is insufficiently modularized with NOPM: 23, WMC: 38, NOM: 23."
danielhanchen_hyperlearn.__hyperlearn_archive.hyperlearn,numba,Multifaceted abstraction,numba,1,/Volumes/BrokeExt/NICHE/danielhanchen_hyperlearn/__hyperlearn_archive/hyperlearn/numba.py,"Class 'numba' has a high LCOM value of 0.9, indicating it may have multiple responsibilities."
danielhanchen_hyperlearn.__hyperlearn_archive.hyperlearn,solvers,Multifaceted abstraction,solvers,1,/Volumes/BrokeExt/NICHE/danielhanchen_hyperlearn/__hyperlearn_archive/hyperlearn/solvers.py,"Class 'solvers' has a high LCOM value of 1, indicating it may have multiple responsibilities."
danielhanchen_hyperlearn.__hyperlearn_archive.hyperlearn,stats,Multifaceted abstraction,stats,1,/Volumes/BrokeExt/NICHE/danielhanchen_hyperlearn/__hyperlearn_archive/hyperlearn/stats.py,"Class 'stats' has a high LCOM value of 1, indicating it may have multiple responsibilities."
danielhanchen_hyperlearn.__hyperlearn_archive.hyperlearn,utils,Multifaceted abstraction,utils,1,/Volumes/BrokeExt/NICHE/danielhanchen_hyperlearn/__hyperlearn_archive/hyperlearn/utils.py,"Class 'utils' has a high LCOM value of 0.84, indicating it may have multiple responsibilities."
danielhanchen_hyperlearn.__hyperlearn_archive.hyperlearn.sparse,csr,Insufficient modularization,csr,1,/Volumes/BrokeExt/NICHE/danielhanchen_hyperlearn/__hyperlearn_archive/hyperlearn/sparse/csr.py,"Module 'csr' is insufficiently modularized with NOPM: 26, WMC: 100, NOM: 32."
danielhanchen_hyperlearn.__hyperlearn_archive.hyperlearn.sparse,csr,Multifaceted abstraction,csr,1,/Volumes/BrokeExt/NICHE/danielhanchen_hyperlearn/__hyperlearn_archive/hyperlearn/sparse/csr.py,"Class 'csr' has a high LCOM value of 0.91, indicating it may have multiple responsibilities."
danielhanchen_hyperlearn.__hyperlearn_archive.hyperlearn_new,utils,Insufficient modularization,utils,1,/Volumes/BrokeExt/NICHE/danielhanchen_hyperlearn/__hyperlearn_archive/hyperlearn_new/utils.py,"Module 'utils' is insufficiently modularized with NOPM: 26, WMC: 133, NOM: 37."
danielhanchen_hyperlearn.__hyperlearn_archive.hyperlearn_new.numba,types,Broken modularization,types,1,/Volumes/BrokeExt/NICHE/danielhanchen_hyperlearn/__hyperlearn_archive/hyperlearn_new/numba/types.py,Module 'types' contains only data members without any method implementations.
