Package,Module,Smell,Class/Module,Line no,File,Details
zyfra_ebonite.examples.binary_payload,serve,Multifaceted abstraction,serve,1,/Volumes/BrokeExt/NICHE/zyfra_ebonite/examples/binary_payload/serve.py,"Class 'serve' has a high LCOM value of 1, indicating it may have multiple responsibilities."
zyfra_ebonite.examples.deployment,runner,Multifaceted abstraction,runner,1,/Volumes/BrokeExt/NICHE/zyfra_ebonite/examples/deployment/runner.py,"Class 'runner' has a high LCOM value of 1, indicating it may have multiple responsibilities."
zyfra_ebonite.examples.extensions.myext,extension_source,Multifaceted abstraction,MyModelWrapper,13,/Volumes/BrokeExt/NICHE/zyfra_ebonite/examples/extensions/myext/extension_source.py,"Class 'MyModelWrapper' has a high LCOM value of 1, indicating it may have multiple responsibilities."
zyfra_ebonite.examples.extensions.myext,extension_source,Multifaceted abstraction,MyModelHook,37,/Volumes/BrokeExt/NICHE/zyfra_ebonite/examples/extensions/myext/extension_source.py,"Class 'MyModelHook' has a high LCOM value of 1, indicating it may have multiple responsibilities."
zyfra_ebonite.examples.extensions.myext,extension_source,Rebellious hierarchy,MyModelWrapper,13,/Volumes/BrokeExt/NICHE/zyfra_ebonite/examples/extensions/myext/extension_source.py,Class 'MyModelWrapper' potentially exhibits a rebellious hierarchy; following method(s) rejects the superclass methods: _exposed_methods_mapping.
zyfra_ebonite.examples.extensions.myext,extension_source,Rebellious hierarchy,MyModelIO,28,/Volumes/BrokeExt/NICHE/zyfra_ebonite/examples/extensions/myext/extension_source.py,Class 'MyModelIO' potentially exhibits a rebellious hierarchy; following method(s) rejects the superclass methods: load.
zyfra_ebonite.examples.extensions.myext,extension_source,Rebellious hierarchy,MyModelHook,37,/Volumes/BrokeExt/NICHE/zyfra_ebonite/examples/extensions/myext/extension_source.py,Class 'MyModelHook' potentially exhibits a rebellious hierarchy; following method(s) rejects the superclass methods: _wrapper_factory.
zyfra_ebonite.examples.pipeline_example,run_instance,Multifaceted abstraction,run_instance,1,/Volumes/BrokeExt/NICHE/zyfra_ebonite/examples/pipeline_example/run_instance.py,"Class 'run_instance' has a high LCOM value of 1, indicating it may have multiple responsibilities."
zyfra_ebonite.src.ebonite,config,Broken hierarchy,Core,107,/Volumes/BrokeExt/NICHE/zyfra_ebonite/src/ebonite/config.py,Class 'Core' and its superclass 'Config' may not share a proper 'IS-A' relationship.
zyfra_ebonite.src.ebonite,config,Broken hierarchy,Logging,119,/Volumes/BrokeExt/NICHE/zyfra_ebonite/src/ebonite/config.py,Class 'Logging' and its superclass 'Config' may not share a proper 'IS-A' relationship.
zyfra_ebonite.src.ebonite,config,Broken hierarchy,Runtime,125,/Volumes/BrokeExt/NICHE/zyfra_ebonite/src/ebonite/config.py,Class 'Runtime' and its superclass 'Config' may not share a proper 'IS-A' relationship.
zyfra_ebonite.src.ebonite,config,Multifaceted abstraction,Config,82,/Volumes/BrokeExt/NICHE/zyfra_ebonite/src/ebonite/config.py,"Class 'Config' has a high LCOM value of 1, indicating it may have multiple responsibilities."
zyfra_ebonite.src.ebonite,config,Rebellious hierarchy,_NamespacedOSEnv,46,/Volumes/BrokeExt/NICHE/zyfra_ebonite/src/ebonite/config.py,Class '_NamespacedOSEnv' potentially exhibits a rebellious hierarchy; following method(s) rejects the superclass methods: get.
zyfra_ebonite.src.ebonite,config,Wide hierarchy,Config,0,/Volumes/BrokeExt/NICHE/zyfra_ebonite/src/ebonite/config.py,Class 'Config' has a wide hierarchy with 6 direct subclasses.
zyfra_ebonite.src.ebonite.client,base,Insufficient modularization,Ebonite,26,/Volumes/BrokeExt/NICHE/zyfra_ebonite/src/ebonite/client/base.py,"Class 'Ebonite' is insufficiently modularized with NOPM: 38, WMC: 73, NOM: 40."
zyfra_ebonite.src.ebonite.core,errors,Broken hierarchy,MetadataError,20,/Volumes/BrokeExt/NICHE/zyfra_ebonite/src/ebonite/core/errors.py,Class 'MetadataError' and its superclass 'EboniteError' may not share a proper 'IS-A' relationship.
zyfra_ebonite.src.ebonite.core,errors,Broken hierarchy,ExistingProjectError,26,/Volumes/BrokeExt/NICHE/zyfra_ebonite/src/ebonite/core/errors.py,Class 'ExistingProjectError' and its superclass 'MetadataError' may not share a proper 'IS-A' relationship.
zyfra_ebonite.src.ebonite.core,errors,Broken hierarchy,NonExistingProjectError,32,/Volumes/BrokeExt/NICHE/zyfra_ebonite/src/ebonite/core/errors.py,Class 'NonExistingProjectError' and its superclass 'MetadataError' may not share a proper 'IS-A' relationship.
zyfra_ebonite.src.ebonite.core,errors,Broken hierarchy,ExistingTaskError,41,/Volumes/BrokeExt/NICHE/zyfra_ebonite/src/ebonite/core/errors.py,Class 'ExistingTaskError' and its superclass 'MetadataError' may not share a proper 'IS-A' relationship.
zyfra_ebonite.src.ebonite.core,errors,Broken hierarchy,NonExistingTaskError,47,/Volumes/BrokeExt/NICHE/zyfra_ebonite/src/ebonite/core/errors.py,Class 'NonExistingTaskError' and its superclass 'MetadataError' may not share a proper 'IS-A' relationship.
zyfra_ebonite.src.ebonite.core,errors,Broken hierarchy,TaskWithoutIdError,56,/Volumes/BrokeExt/NICHE/zyfra_ebonite/src/ebonite/core/errors.py,Class 'TaskWithoutIdError' and its superclass 'MetadataError' may not share a proper 'IS-A' relationship.
zyfra_ebonite.src.ebonite.core,errors,Broken hierarchy,ExistingModelError,62,/Volumes/BrokeExt/NICHE/zyfra_ebonite/src/ebonite/core/errors.py,Class 'ExistingModelError' and its superclass 'MetadataError' may not share a proper 'IS-A' relationship.
zyfra_ebonite.src.ebonite.core,errors,Broken hierarchy,NonExistingModelError,68,/Volumes/BrokeExt/NICHE/zyfra_ebonite/src/ebonite/core/errors.py,Class 'NonExistingModelError' and its superclass 'MetadataError' may not share a proper 'IS-A' relationship.
zyfra_ebonite.src.ebonite.core,errors,Broken hierarchy,ExistingPipelineError,77,/Volumes/BrokeExt/NICHE/zyfra_ebonite/src/ebonite/core/errors.py,Class 'ExistingPipelineError' and its superclass 'MetadataError' may not share a proper 'IS-A' relationship.
zyfra_ebonite.src.ebonite.core,errors,Broken hierarchy,NonExistingPipelineError,83,/Volumes/BrokeExt/NICHE/zyfra_ebonite/src/ebonite/core/errors.py,Class 'NonExistingPipelineError' and its superclass 'MetadataError' may not share a proper 'IS-A' relationship.
zyfra_ebonite.src.ebonite.core,errors,Broken hierarchy,ExistingImageError,92,/Volumes/BrokeExt/NICHE/zyfra_ebonite/src/ebonite/core/errors.py,Class 'ExistingImageError' and its superclass 'MetadataError' may not share a proper 'IS-A' relationship.
zyfra_ebonite.src.ebonite.core,errors,Broken hierarchy,NonExistingImageError,98,/Volumes/BrokeExt/NICHE/zyfra_ebonite/src/ebonite/core/errors.py,Class 'NonExistingImageError' and its superclass 'MetadataError' may not share a proper 'IS-A' relationship.
zyfra_ebonite.src.ebonite.core,errors,Broken hierarchy,ExistingEnvironmentError,107,/Volumes/BrokeExt/NICHE/zyfra_ebonite/src/ebonite/core/errors.py,Class 'ExistingEnvironmentError' and its superclass 'MetadataError' may not share a proper 'IS-A' relationship.
zyfra_ebonite.src.ebonite.core,errors,Broken hierarchy,NonExistingEnvironmentError,113,/Volumes/BrokeExt/NICHE/zyfra_ebonite/src/ebonite/core/errors.py,Class 'NonExistingEnvironmentError' and its superclass 'MetadataError' may not share a proper 'IS-A' relationship.
zyfra_ebonite.src.ebonite.core,errors,Broken hierarchy,ExistingInstanceError,124,/Volumes/BrokeExt/NICHE/zyfra_ebonite/src/ebonite/core/errors.py,Class 'ExistingInstanceError' and its superclass 'MetadataError' may not share a proper 'IS-A' relationship.
zyfra_ebonite.src.ebonite.core,errors,Broken hierarchy,NonExistingInstanceError,130,/Volumes/BrokeExt/NICHE/zyfra_ebonite/src/ebonite/core/errors.py,Class 'NonExistingInstanceError' and its superclass 'MetadataError' may not share a proper 'IS-A' relationship.
zyfra_ebonite.src.ebonite.core,errors,Broken hierarchy,TaskNotInProjectError,139,/Volumes/BrokeExt/NICHE/zyfra_ebonite/src/ebonite/core/errors.py,Class 'TaskNotInProjectError' and its superclass 'MetadataError' may not share a proper 'IS-A' relationship.
zyfra_ebonite.src.ebonite.core,errors,Broken hierarchy,ModelNotInTaskError,144,/Volumes/BrokeExt/NICHE/zyfra_ebonite/src/ebonite/core/errors.py,Class 'ModelNotInTaskError' and its superclass 'MetadataError' may not share a proper 'IS-A' relationship.
zyfra_ebonite.src.ebonite.core,errors,Broken hierarchy,PipelineNotInTaskError,149,/Volumes/BrokeExt/NICHE/zyfra_ebonite/src/ebonite/core/errors.py,Class 'PipelineNotInTaskError' and its superclass 'MetadataError' may not share a proper 'IS-A' relationship.
zyfra_ebonite.src.ebonite.core,errors,Broken hierarchy,ImageNotInTaskError,154,/Volumes/BrokeExt/NICHE/zyfra_ebonite/src/ebonite/core/errors.py,Class 'ImageNotInTaskError' and its superclass 'MetadataError' may not share a proper 'IS-A' relationship.
zyfra_ebonite.src.ebonite.core,errors,Broken hierarchy,InstanceNotInImageError,159,/Volumes/BrokeExt/NICHE/zyfra_ebonite/src/ebonite/core/errors.py,Class 'InstanceNotInImageError' and its superclass 'MetadataError' may not share a proper 'IS-A' relationship.
zyfra_ebonite.src.ebonite.core,errors,Broken hierarchy,InstanceNotInEnvironmentError,164,/Volumes/BrokeExt/NICHE/zyfra_ebonite/src/ebonite/core/errors.py,Class 'InstanceNotInEnvironmentError' and its superclass 'MetadataError' may not share a proper 'IS-A' relationship.
zyfra_ebonite.src.ebonite.core,errors,Broken hierarchy,ModelWithoutIdError,169,/Volumes/BrokeExt/NICHE/zyfra_ebonite/src/ebonite/core/errors.py,Class 'ModelWithoutIdError' and its superclass 'MetadataError' may not share a proper 'IS-A' relationship.
zyfra_ebonite.src.ebonite.core,errors,Broken hierarchy,UnboundObjectError,175,/Volumes/BrokeExt/NICHE/zyfra_ebonite/src/ebonite/core/errors.py,Class 'UnboundObjectError' and its superclass 'MetadataError' may not share a proper 'IS-A' relationship.
zyfra_ebonite.src.ebonite.core,errors,Broken hierarchy,ProjectWithTasksError,179,/Volumes/BrokeExt/NICHE/zyfra_ebonite/src/ebonite/core/errors.py,Class 'ProjectWithTasksError' and its superclass 'MetadataError' may not share a proper 'IS-A' relationship.
zyfra_ebonite.src.ebonite.core,errors,Broken hierarchy,TaskWithFKError,185,/Volumes/BrokeExt/NICHE/zyfra_ebonite/src/ebonite/core/errors.py,Class 'TaskWithFKError' and its superclass 'MetadataError' may not share a proper 'IS-A' relationship.
zyfra_ebonite.src.ebonite.core,errors,Broken hierarchy,ImageWithInstancesError,191,/Volumes/BrokeExt/NICHE/zyfra_ebonite/src/ebonite/core/errors.py,Class 'ImageWithInstancesError' and its superclass 'MetadataError' may not share a proper 'IS-A' relationship.
zyfra_ebonite.src.ebonite.core,errors,Broken hierarchy,EnvironmentWithInstancesError,197,/Volumes/BrokeExt/NICHE/zyfra_ebonite/src/ebonite/core/errors.py,Class 'EnvironmentWithInstancesError' and its superclass 'MetadataError' may not share a proper 'IS-A' relationship.
zyfra_ebonite.src.ebonite.core,errors,Broken hierarchy,DatasetError,209,/Volumes/BrokeExt/NICHE/zyfra_ebonite/src/ebonite/core/errors.py,Class 'DatasetError' and its superclass 'EboniteError' may not share a proper 'IS-A' relationship.
zyfra_ebonite.src.ebonite.core,errors,Broken hierarchy,NoSuchDataset,215,/Volumes/BrokeExt/NICHE/zyfra_ebonite/src/ebonite/core/errors.py,Class 'NoSuchDataset' and its superclass 'DatasetError' may not share a proper 'IS-A' relationship.
zyfra_ebonite.src.ebonite.core,errors,Broken hierarchy,DatasetExistsError,220,/Volumes/BrokeExt/NICHE/zyfra_ebonite/src/ebonite/core/errors.py,Class 'DatasetExistsError' and its superclass 'DatasetError' may not share a proper 'IS-A' relationship.
zyfra_ebonite.src.ebonite.core,errors,Broken hierarchy,ArtifactError,225,/Volumes/BrokeExt/NICHE/zyfra_ebonite/src/ebonite/core/errors.py,Class 'ArtifactError' and its superclass 'EboniteError' may not share a proper 'IS-A' relationship.
zyfra_ebonite.src.ebonite.core,errors,Broken hierarchy,ArtifactExistsError,240,/Volumes/BrokeExt/NICHE/zyfra_ebonite/src/ebonite/core/errors.py,Class 'ArtifactExistsError' and its superclass 'ArtifactError' may not share a proper 'IS-A' relationship.
zyfra_ebonite.src.ebonite.core,errors,Broken modularization,errors,1,/Volumes/BrokeExt/NICHE/zyfra_ebonite/src/ebonite/core/errors.py,Module 'errors' contains only data members without any method implementations.
zyfra_ebonite.src.ebonite.core,errors,Wide hierarchy,MetadataError,0,/Volumes/BrokeExt/NICHE/zyfra_ebonite/src/ebonite/core/errors.py,Class 'MetadataError' has a wide hierarchy with 28 direct subclasses.
zyfra_ebonite.src.ebonite.core.analyzer,base,Broken hierarchy,TypeHookMixin,81,/Volumes/BrokeExt/NICHE/zyfra_ebonite/src/ebonite/core/analyzer/base.py,Class 'TypeHookMixin' and its superclass 'CanIsAMustHookMixin' may not share a proper 'IS-A' relationship.
zyfra_ebonite.src.ebonite.core.analyzer,base,Broken hierarchy,BaseModuleHookMixin,92,/Volumes/BrokeExt/NICHE/zyfra_ebonite/src/ebonite/core/analyzer/base.py,Class 'BaseModuleHookMixin' and its superclass 'CanIsAMustHookMixin' may not share a proper 'IS-A' relationship.
zyfra_ebonite.src.ebonite.core.analyzer,base,Rebellious hierarchy,LibHookMixin,123,/Volumes/BrokeExt/NICHE/zyfra_ebonite/src/ebonite/core/analyzer/base.py,Class 'LibHookMixin' potentially exhibits a rebellious hierarchy; following method(s) rejects the superclass methods: is_valid_base_module_name.
zyfra_ebonite.src.ebonite.core.analyzer,base,Wide hierarchy,Hook,0,/Volumes/BrokeExt/NICHE/zyfra_ebonite/src/ebonite/core/analyzer/base.py,Class 'Hook' has a wide hierarchy with 7 direct subclasses.
zyfra_ebonite.src.ebonite.core.analyzer,base,Wide hierarchy,TypeHookMixin,0,/Volumes/BrokeExt/NICHE/zyfra_ebonite/src/ebonite/core/analyzer/base.py,Class 'TypeHookMixin' has a wide hierarchy with 14 direct subclasses.
zyfra_ebonite.src.ebonite.core.analyzer,dataset,Multifaceted abstraction,PrimitivesHook,29,/Volumes/BrokeExt/NICHE/zyfra_ebonite/src/ebonite/core/analyzer/dataset.py,"Class 'PrimitivesHook' has a high LCOM value of 1, indicating it may have multiple responsibilities."
zyfra_ebonite.src.ebonite.core.analyzer,dataset,Multifaceted abstraction,OrderedCollectionHookDelegator,44,/Volumes/BrokeExt/NICHE/zyfra_ebonite/src/ebonite/core/analyzer/dataset.py,"Class 'OrderedCollectionHookDelegator' has a high LCOM value of 1, indicating it may have multiple responsibilities."
zyfra_ebonite.src.ebonite.core.analyzer,dataset,Multifaceted abstraction,DictHookDelegator,69,/Volumes/BrokeExt/NICHE/zyfra_ebonite/src/ebonite/core/analyzer/dataset.py,"Class 'DictHookDelegator' has a high LCOM value of 1, indicating it may have multiple responsibilities."
zyfra_ebonite.src.ebonite.core.analyzer,dataset,Multifaceted abstraction,BytesDatasetHook,87,/Volumes/BrokeExt/NICHE/zyfra_ebonite/src/ebonite/core/analyzer/dataset.py,"Class 'BytesDatasetHook' has a high LCOM value of 1, indicating it may have multiple responsibilities."
zyfra_ebonite.src.ebonite.core.analyzer,dataset,Rebellious hierarchy,PrimitivesHook,29,/Volumes/BrokeExt/NICHE/zyfra_ebonite/src/ebonite/core/analyzer/dataset.py,Class 'PrimitivesHook' potentially exhibits a rebellious hierarchy; following method(s) rejects the superclass methods: process.
zyfra_ebonite.src.ebonite.core.analyzer,dataset,Rebellious hierarchy,BytesDatasetHook,87,/Volumes/BrokeExt/NICHE/zyfra_ebonite/src/ebonite/core/analyzer/dataset.py,Class 'BytesDatasetHook' potentially exhibits a rebellious hierarchy; following method(s) rejects the superclass methods: process.
zyfra_ebonite.src.ebonite.core.analyzer,dataset,Wide hierarchy,DatasetHook,0,/Volumes/BrokeExt/NICHE/zyfra_ebonite/src/ebonite/core/analyzer/dataset.py,Class 'DatasetHook' has a wide hierarchy with 13 direct subclasses.
zyfra_ebonite.src.ebonite.core.analyzer,metric,Broken hierarchy,LibFunctionMixin,29,/Volumes/BrokeExt/NICHE/zyfra_ebonite/src/ebonite/core/analyzer/metric.py,Class 'LibFunctionMixin' and its superclass 'LibHookMixin' may not share a proper 'IS-A' relationship.
zyfra_ebonite.src.ebonite.core.analyzer,metric,Multifaceted abstraction,CallableMetricHook,40,/Volumes/BrokeExt/NICHE/zyfra_ebonite/src/ebonite/core/analyzer/metric.py,"Class 'CallableMetricHook' has a high LCOM value of 1, indicating it may have multiple responsibilities."
zyfra_ebonite.src.ebonite.core.analyzer,metric,Rebellious hierarchy,LibFunctionMixin,29,/Volumes/BrokeExt/NICHE/zyfra_ebonite/src/ebonite/core/analyzer/metric.py,Class 'LibFunctionMixin' potentially exhibits a rebellious hierarchy; following method(s) rejects the superclass methods: process.
zyfra_ebonite.src.ebonite.core.analyzer,metric,Rebellious hierarchy,CallableMetricHook,40,/Volumes/BrokeExt/NICHE/zyfra_ebonite/src/ebonite/core/analyzer/metric.py,Class 'CallableMetricHook' potentially exhibits a rebellious hierarchy; following method(s) rejects the superclass methods: process.
zyfra_ebonite.src.ebonite.core.analyzer,model,Multifaceted abstraction,CallableMethodModelHook,37,/Volumes/BrokeExt/NICHE/zyfra_ebonite/src/ebonite/core/analyzer/model.py,"Class 'CallableMethodModelHook' has a high LCOM value of 1, indicating it may have multiple responsibilities."
zyfra_ebonite.src.ebonite.core.analyzer,model,Rebellious hierarchy,ModelHook,8,/Volumes/BrokeExt/NICHE/zyfra_ebonite/src/ebonite/core/analyzer/model.py,Class 'ModelHook' potentially exhibits a rebellious hierarchy; following method(s) rejects the superclass methods: process.
zyfra_ebonite.src.ebonite.core.analyzer,model,Rebellious hierarchy,BindingModelHook,23,/Volumes/BrokeExt/NICHE/zyfra_ebonite/src/ebonite/core/analyzer/model.py,Class 'BindingModelHook' potentially exhibits a rebellious hierarchy; following method(s) rejects the superclass methods: process.
zyfra_ebonite.src.ebonite.core.analyzer,model,Rebellious hierarchy,CallableMethodModelHook,37,/Volumes/BrokeExt/NICHE/zyfra_ebonite/src/ebonite/core/analyzer/model.py,Class 'CallableMethodModelHook' potentially exhibits a rebellious hierarchy; following method(s) rejects the superclass methods: _wrapper_factory.
zyfra_ebonite.src.ebonite.core.analyzer,model,Wide hierarchy,BindingModelHook,0,/Volumes/BrokeExt/NICHE/zyfra_ebonite/src/ebonite/core/analyzer/model.py,Class 'BindingModelHook' has a wide hierarchy with 11 direct subclasses.
zyfra_ebonite.src.ebonite.core.analyzer,requirement,Rebellious hierarchy,RequirementHook,38,/Volumes/BrokeExt/NICHE/zyfra_ebonite/src/ebonite/core/analyzer/requirement.py,"Class 'RequirementHook' potentially exhibits a rebellious hierarchy; following method(s) rejects the superclass methods: must_process, can_process, process."
zyfra_ebonite.src.ebonite.core.objects,artifacts,Broken hierarchy,Blob,20,/Volumes/BrokeExt/NICHE/zyfra_ebonite/src/ebonite/core/objects/artifacts.py,Class 'Blob' and its superclass 'EboniteParams' may not share a proper 'IS-A' relationship.
zyfra_ebonite.src.ebonite.core.objects,artifacts,Broken hierarchy,ArtifactCollection,185,/Volumes/BrokeExt/NICHE/zyfra_ebonite/src/ebonite/core/objects/artifacts.py,Class 'ArtifactCollection' and its superclass 'EboniteParams' may not share a proper 'IS-A' relationship.
zyfra_ebonite.src.ebonite.core.objects,artifacts,Rebellious hierarchy,Blobs,239,/Volumes/BrokeExt/NICHE/zyfra_ebonite/src/ebonite/core/objects/artifacts.py,Class 'Blobs' potentially exhibits a rebellious hierarchy; following method(s) rejects the superclass methods: bytes_dict.
zyfra_ebonite.src.ebonite.core.objects,artifacts,Rebellious hierarchy,CompositeArtifactCollection,303,/Volumes/BrokeExt/NICHE/zyfra_ebonite/src/ebonite/core/objects/artifacts.py,Class 'CompositeArtifactCollection' potentially exhibits a rebellious hierarchy; following method(s) rejects the superclass methods: bytes_dict.
zyfra_ebonite.src.ebonite.core.objects,artifacts,Rebellious hierarchy,_RelativePathWrapper,358,/Volumes/BrokeExt/NICHE/zyfra_ebonite/src/ebonite/core/objects/artifacts.py,"Class '_RelativePathWrapper' potentially exhibits a rebellious hierarchy; following method(s) rejects the superclass methods: materialize, bytes_dict."
zyfra_ebonite.src.ebonite.core.objects,artifacts,Wide hierarchy,Blob,0,/Volumes/BrokeExt/NICHE/zyfra_ebonite/src/ebonite/core/objects/artifacts.py,Class 'Blob' has a wide hierarchy with 6 direct subclasses.
zyfra_ebonite.src.ebonite.core.objects,base,Wide hierarchy,EboniteParams,0,/Volumes/BrokeExt/NICHE/zyfra_ebonite/src/ebonite/core/objects/base.py,Class 'EboniteParams' has a wide hierarchy with 16 direct subclasses.
zyfra_ebonite.src.ebonite.core.objects,core,Broken hierarchy,EboniteObject,161,/Volumes/BrokeExt/NICHE/zyfra_ebonite/src/ebonite/core/objects/core.py,Class 'EboniteObject' and its superclass 'WithMetadataRepository' may not share a proper 'IS-A' relationship.
zyfra_ebonite.src.ebonite.core.objects,core,Broken hierarchy,EboniteObject,161,/Volumes/BrokeExt/NICHE/zyfra_ebonite/src/ebonite/core/objects/core.py,Class 'EboniteObject' and its superclass 'WithArtifactRepository' may not share a proper 'IS-A' relationship.
zyfra_ebonite.src.ebonite.core.objects,core,Broken hierarchy,EvaluationSet,333,/Volumes/BrokeExt/NICHE/zyfra_ebonite/src/ebonite/core/objects/core.py,Class 'EvaluationSet' and its superclass 'EboniteParams' may not share a proper 'IS-A' relationship.
zyfra_ebonite.src.ebonite.core.objects,core,Broken hierarchy,Task,359,/Volumes/BrokeExt/NICHE/zyfra_ebonite/src/ebonite/core/objects/core.py,Class 'Task' and its superclass 'WithDatasetRepository' may not share a proper 'IS-A' relationship.
zyfra_ebonite.src.ebonite.core.objects,core,Broken hierarchy,EvaluationResult,782,/Volumes/BrokeExt/NICHE/zyfra_ebonite/src/ebonite/core/objects/core.py,Class 'EvaluationResult' and its superclass 'EboniteParams' may not share a proper 'IS-A' relationship.
zyfra_ebonite.src.ebonite.core.objects,core,Broken hierarchy,EvaluationResultCollection,795,/Volumes/BrokeExt/NICHE/zyfra_ebonite/src/ebonite/core/objects/core.py,Class 'EvaluationResultCollection' and its superclass 'EboniteParams' may not share a proper 'IS-A' relationship.
zyfra_ebonite.src.ebonite.core.objects,core,Broken hierarchy,PipelineStep,1245,/Volumes/BrokeExt/NICHE/zyfra_ebonite/src/ebonite/core/objects/core.py,Class 'PipelineStep' and its superclass 'EboniteParams' may not share a proper 'IS-A' relationship.
zyfra_ebonite.src.ebonite.core.objects,core,Broken hierarchy,Buildable,1397,/Volumes/BrokeExt/NICHE/zyfra_ebonite/src/ebonite/core/objects/core.py,Class 'Buildable' and its superclass 'EboniteParams' may not share a proper 'IS-A' relationship.
zyfra_ebonite.src.ebonite.core.objects,core,Broken hierarchy,Buildable,1397,/Volumes/BrokeExt/NICHE/zyfra_ebonite/src/ebonite/core/objects/core.py,Class 'Buildable' and its superclass 'WithMetadataRepository' may not share a proper 'IS-A' relationship.
zyfra_ebonite.src.ebonite.core.objects,core,Broken hierarchy,_WithBuilder,1504,/Volumes/BrokeExt/NICHE/zyfra_ebonite/src/ebonite/core/objects/core.py,Class '_WithBuilder' and its superclass '_WithEnvironment' may not share a proper 'IS-A' relationship.
zyfra_ebonite.src.ebonite.core.objects,core,Broken hierarchy,Image,1539,/Volumes/BrokeExt/NICHE/zyfra_ebonite/src/ebonite/core/objects/core.py,Class 'Image' and its superclass '_WithBuilder' may not share a proper 'IS-A' relationship.
zyfra_ebonite.src.ebonite.core.objects,core,Broken hierarchy,_WithRunner,1635,/Volumes/BrokeExt/NICHE/zyfra_ebonite/src/ebonite/core/objects/core.py,Class '_WithRunner' and its superclass '_WithEnvironment' may not share a proper 'IS-A' relationship.
zyfra_ebonite.src.ebonite.core.objects,core,Broken hierarchy,RuntimeInstance,1669,/Volumes/BrokeExt/NICHE/zyfra_ebonite/src/ebonite/core/objects/core.py,Class 'RuntimeInstance' and its superclass '_WithRunner' may not share a proper 'IS-A' relationship.
zyfra_ebonite.src.ebonite.core.objects,core,Insufficient modularization,Task,359,/Volumes/BrokeExt/NICHE/zyfra_ebonite/src/ebonite/core/objects/core.py,"Class 'Task' is insufficiently modularized with NOPM: 24, WMC: 84, NOM: 27."
zyfra_ebonite.src.ebonite.core.objects,core,Insufficient modularization,Model,835,/Volumes/BrokeExt/NICHE/zyfra_ebonite/src/ebonite/core/objects/core.py,"Class 'Model' is insufficiently modularized with NOPM: 22, WMC: 76, NOM: 24."
zyfra_ebonite.src.ebonite.core.objects,core,Insufficient modularization,core,1,/Volumes/BrokeExt/NICHE/zyfra_ebonite/src/ebonite/core/objects/core.py,"Module 'core' is insufficiently modularized with NOPM: 0, WMC: 323, NOM: 8."
zyfra_ebonite.src.ebonite.core.objects,core,Multifaceted abstraction,RuntimeEnvironment,1412,/Volumes/BrokeExt/NICHE/zyfra_ebonite/src/ebonite/core/objects/core.py,"Class 'RuntimeEnvironment' has a high LCOM value of 1, indicating it may have multiple responsibilities."
zyfra_ebonite.src.ebonite.core.objects,core,Rebellious hierarchy,Project,251,/Volumes/BrokeExt/NICHE/zyfra_ebonite/src/ebonite/core/objects/core.py,Class 'Project' potentially exhibits a rebellious hierarchy; following method(s) rejects the superclass methods: has_children.
zyfra_ebonite.src.ebonite.core.objects,core,Rebellious hierarchy,Task,359,/Volumes/BrokeExt/NICHE/zyfra_ebonite/src/ebonite/core/objects/core.py,Class 'Task' potentially exhibits a rebellious hierarchy; following method(s) rejects the superclass methods: has_children.
zyfra_ebonite.src.ebonite.core.objects,core,Rebellious hierarchy,RuntimeEnvironment,1412,/Volumes/BrokeExt/NICHE/zyfra_ebonite/src/ebonite/core/objects/core.py,Class 'RuntimeEnvironment' potentially exhibits a rebellious hierarchy; following method(s) rejects the superclass methods: has_children.
zyfra_ebonite.src.ebonite.core.objects,dataset_source,Broken hierarchy,DatasetSource,69,/Volumes/BrokeExt/NICHE/zyfra_ebonite/src/ebonite/core/objects/dataset_source.py,Class 'DatasetSource' and its superclass 'EboniteParams' may not share a proper 'IS-A' relationship.
zyfra_ebonite.src.ebonite.core.objects,dataset_source,Rebellious hierarchy,Dataset,42,/Volumes/BrokeExt/NICHE/zyfra_ebonite/src/ebonite/core/objects/dataset_source.py,"Class 'Dataset' potentially exhibits a rebellious hierarchy; following method(s) rejects the superclass methods: iterate, get."
zyfra_ebonite.src.ebonite.core.objects,dataset_type,Broken hierarchy,DatasetType,16,/Volumes/BrokeExt/NICHE/zyfra_ebonite/src/ebonite/core/objects/dataset_type.py,Class 'DatasetType' and its superclass 'EboniteParams' may not share a proper 'IS-A' relationship.
zyfra_ebonite.src.ebonite.core.objects,dataset_type,Broken hierarchy,TupleLikeListDatasetType,156,/Volumes/BrokeExt/NICHE/zyfra_ebonite/src/ebonite/core/objects/dataset_type.py,Class 'TupleLikeListDatasetType' and its superclass '_TupleLikeDatasetType' may not share a proper 'IS-A' relationship.
zyfra_ebonite.src.ebonite.core.objects,dataset_type,Broken hierarchy,TupleDatasetType,164,/Volumes/BrokeExt/NICHE/zyfra_ebonite/src/ebonite/core/objects/dataset_type.py,Class 'TupleDatasetType' and its superclass '_TupleLikeDatasetType' may not share a proper 'IS-A' relationship.
zyfra_ebonite.src.ebonite.core.objects,dataset_type,Multifaceted abstraction,ListDatasetType,94,/Volumes/BrokeExt/NICHE/zyfra_ebonite/src/ebonite/core/objects/dataset_type.py,"Class 'ListDatasetType' has a high LCOM value of 1, indicating it may have multiple responsibilities."
zyfra_ebonite.src.ebonite.core.objects,dataset_type,Multifaceted abstraction,BytesDatasetType,209,/Volumes/BrokeExt/NICHE/zyfra_ebonite/src/ebonite/core/objects/dataset_type.py,"Class 'BytesDatasetType' has a high LCOM value of 1, indicating it may have multiple responsibilities."
zyfra_ebonite.src.ebonite.core.objects,dataset_type,Rebellious hierarchy,LibDatasetTypeMixin,38,/Volumes/BrokeExt/NICHE/zyfra_ebonite/src/ebonite/core/objects/dataset_type.py,Class 'LibDatasetTypeMixin' potentially exhibits a rebellious hierarchy; following method(s) rejects the superclass methods: requirements.
zyfra_ebonite.src.ebonite.core.objects,dataset_type,Rebellious hierarchy,PrimitiveDatasetType,53,/Volumes/BrokeExt/NICHE/zyfra_ebonite/src/ebonite/core/objects/dataset_type.py,Class 'PrimitiveDatasetType' potentially exhibits a rebellious hierarchy; following method(s) rejects the superclass methods: requirements.
zyfra_ebonite.src.ebonite.core.objects,dataset_type,Rebellious hierarchy,ListDatasetType,94,/Volumes/BrokeExt/NICHE/zyfra_ebonite/src/ebonite/core/objects/dataset_type.py,Class 'ListDatasetType' potentially exhibits a rebellious hierarchy; following method(s) rejects the superclass methods: requirements.
zyfra_ebonite.src.ebonite.core.objects,dataset_type,Rebellious hierarchy,_TupleLikeDatasetType,121,/Volumes/BrokeExt/NICHE/zyfra_ebonite/src/ebonite/core/objects/dataset_type.py,Class '_TupleLikeDatasetType' potentially exhibits a rebellious hierarchy; following method(s) rejects the superclass methods: requirements.
zyfra_ebonite.src.ebonite.core.objects,dataset_type,Rebellious hierarchy,DictDatasetType,172,/Volumes/BrokeExt/NICHE/zyfra_ebonite/src/ebonite/core/objects/dataset_type.py,Class 'DictDatasetType' potentially exhibits a rebellious hierarchy; following method(s) rejects the superclass methods: requirements.
zyfra_ebonite.src.ebonite.core.objects,dataset_type,Rebellious hierarchy,BytesDatasetType,209,/Volumes/BrokeExt/NICHE/zyfra_ebonite/src/ebonite/core/objects/dataset_type.py,Class 'BytesDatasetType' potentially exhibits a rebellious hierarchy; following method(s) rejects the superclass methods: requirements.
zyfra_ebonite.src.ebonite.core.objects,dataset_type,Wide hierarchy,DatasetType,0,/Volumes/BrokeExt/NICHE/zyfra_ebonite/src/ebonite/core/objects/dataset_type.py,Class 'DatasetType' has a wide hierarchy with 12 direct subclasses.
zyfra_ebonite.src.ebonite.core.objects,dataset_type,Wide hierarchy,LibDatasetTypeMixin,0,/Volumes/BrokeExt/NICHE/zyfra_ebonite/src/ebonite/core/objects/dataset_type.py,Class 'LibDatasetTypeMixin' has a wide hierarchy with 6 direct subclasses.
zyfra_ebonite.src.ebonite.core.objects,metric,Broken hierarchy,Metric,18,/Volumes/BrokeExt/NICHE/zyfra_ebonite/src/ebonite/core/objects/metric.py,Class 'Metric' and its superclass 'EboniteParams' may not share a proper 'IS-A' relationship.
zyfra_ebonite.src.ebonite.core.objects,requirements,Broken hierarchy,Requirement,28,/Volumes/BrokeExt/NICHE/zyfra_ebonite/src/ebonite/core/objects/requirements.py,Class 'Requirement' and its superclass 'EboniteParams' may not share a proper 'IS-A' relationship.
zyfra_ebonite.src.ebonite.core.objects,requirements,Broken hierarchy,InstallableRequirement,40,/Volumes/BrokeExt/NICHE/zyfra_ebonite/src/ebonite/core/objects/requirements.py,Class 'InstallableRequirement' and its superclass 'PythonRequirement' may not share a proper 'IS-A' relationship.
zyfra_ebonite.src.ebonite.core.objects,requirements,Broken hierarchy,CustomRequirement,99,/Volumes/BrokeExt/NICHE/zyfra_ebonite/src/ebonite/core/objects/requirements.py,Class 'CustomRequirement' and its superclass 'PythonRequirement' may not share a proper 'IS-A' relationship.
zyfra_ebonite.src.ebonite.core.objects,requirements,Broken hierarchy,Requirements,232,/Volumes/BrokeExt/NICHE/zyfra_ebonite/src/ebonite/core/objects/requirements.py,Class 'Requirements' and its superclass 'EboniteParams' may not share a proper 'IS-A' relationship.
zyfra_ebonite.src.ebonite.core.objects,requirements,Multifaceted abstraction,FileRequirement,206,/Volumes/BrokeExt/NICHE/zyfra_ebonite/src/ebonite/core/objects/requirements.py,"Class 'FileRequirement' has a high LCOM value of 1, indicating it may have multiple responsibilities."
zyfra_ebonite.src.ebonite.core.objects,typing,Rebellious hierarchy,ListTypeWithSpec,25,/Volumes/BrokeExt/NICHE/zyfra_ebonite/src/ebonite/core/objects/typing.py,Class 'ListTypeWithSpec' potentially exhibits a rebellious hierarchy; following method(s) rejects the superclass methods: list_size.
zyfra_ebonite.src.ebonite.core.objects,typing,Rebellious hierarchy,SizedTypedListType,38,/Volumes/BrokeExt/NICHE/zyfra_ebonite/src/ebonite/core/objects/typing.py,Class 'SizedTypedListType' potentially exhibits a rebellious hierarchy; following method(s) rejects the superclass methods: list_size.
zyfra_ebonite.src.ebonite.core.objects,wrapper,Broken hierarchy,ModelIO,34,/Volumes/BrokeExt/NICHE/zyfra_ebonite/src/ebonite/core/objects/wrapper.py,Class 'ModelIO' and its superclass 'EboniteParams' may not share a proper 'IS-A' relationship.
zyfra_ebonite.src.ebonite.core.objects,wrapper,Broken hierarchy,ModelWrapper,60,/Volumes/BrokeExt/NICHE/zyfra_ebonite/src/ebonite/core/objects/wrapper.py,Class 'ModelWrapper' and its superclass 'EboniteParams' may not share a proper 'IS-A' relationship.
zyfra_ebonite.src.ebonite.core.objects,wrapper,Broken hierarchy,_ModelPickler,403,/Volumes/BrokeExt/NICHE/zyfra_ebonite/src/ebonite/core/objects/wrapper.py,Class '_ModelPickler' and its superclass 'EbonitePickler' may not share a proper 'IS-A' relationship.
zyfra_ebonite.src.ebonite.core.objects,wrapper,Broken modularization,wrapper,1,/Volumes/BrokeExt/NICHE/zyfra_ebonite/src/ebonite/core/objects/wrapper.py,Module 'wrapper' contains only data members without any method implementations.
zyfra_ebonite.src.ebonite.core.objects,wrapper,Rebellious hierarchy,CallableMethodModelWrapper,519,/Volumes/BrokeExt/NICHE/zyfra_ebonite/src/ebonite/core/objects/wrapper.py,Class 'CallableMethodModelWrapper' potentially exhibits a rebellious hierarchy; following method(s) rejects the superclass methods: _exposed_methods_mapping.
zyfra_ebonite.src.ebonite.core.objects,wrapper,Wide hierarchy,ModelIO,0,/Volumes/BrokeExt/NICHE/zyfra_ebonite/src/ebonite/core/objects/wrapper.py,Class 'ModelIO' has a wide hierarchy with 10 direct subclasses.
zyfra_ebonite.src.ebonite.core.objects,wrapper,Wide hierarchy,ModelWrapper,0,/Volumes/BrokeExt/NICHE/zyfra_ebonite/src/ebonite/core/objects/wrapper.py,Class 'ModelWrapper' has a wide hierarchy with 11 direct subclasses.
zyfra_ebonite.src.ebonite.ext,ext_loader,Multifaceted abstraction,ExtensionLoader,60,/Volumes/BrokeExt/NICHE/zyfra_ebonite/src/ebonite/ext/ext_loader.py,"Class 'ExtensionLoader' has a high LCOM value of 1, indicating it may have multiple responsibilities."
zyfra_ebonite.src.ebonite.ext.aiohttp,server,Broken hierarchy,AIOHTTPServer,71,/Volumes/BrokeExt/NICHE/zyfra_ebonite/src/ebonite/ext/aiohttp/server.py,Class 'AIOHTTPServer' and its superclass 'BaseHTTPServer' may not share a proper 'IS-A' relationship.
zyfra_ebonite.src.ebonite.ext.catboost,model,Broken hierarchy,CatBoostModelWrapper,58,/Volumes/BrokeExt/NICHE/zyfra_ebonite/src/ebonite/ext/catboost/model.py,Class 'CatBoostModelWrapper' and its superclass 'LibModelWrapperMixin' may not share a proper 'IS-A' relationship.
zyfra_ebonite.src.ebonite.ext.catboost,model,Broken hierarchy,CatBoostModelHook,78,/Volumes/BrokeExt/NICHE/zyfra_ebonite/src/ebonite/ext/catboost/model.py,Class 'CatBoostModelHook' and its superclass 'TypeHookMixin' may not share a proper 'IS-A' relationship.
zyfra_ebonite.src.ebonite.ext.docker,base,Multifaceted abstraction,DockerRegistry,17,/Volumes/BrokeExt/NICHE/zyfra_ebonite/src/ebonite/ext/docker/base.py,"Class 'DockerRegistry' has a high LCOM value of 1, indicating it may have multiple responsibilities."
zyfra_ebonite.src.ebonite.ext.docker,base,Multifaceted abstraction,DockerIORegistry,65,/Volumes/BrokeExt/NICHE/zyfra_ebonite/src/ebonite/ext/docker/base.py,"Class 'DockerIORegistry' has a high LCOM value of 1, indicating it may have multiple responsibilities."
zyfra_ebonite.src.ebonite.ext.docker,base,Multifaceted abstraction,DockerEnv,222,/Volumes/BrokeExt/NICHE/zyfra_ebonite/src/ebonite/ext/docker/base.py,"Class 'DockerEnv' has a high LCOM value of 1, indicating it may have multiple responsibilities."
zyfra_ebonite.src.ebonite.ext.docker,builder,Multifaceted abstraction,DockerBuilder,9,/Volumes/BrokeExt/NICHE/zyfra_ebonite/src/ebonite/ext/docker/builder.py,"Class 'DockerBuilder' has a high LCOM value of 1, indicating it may have multiple responsibilities."
zyfra_ebonite.src.ebonite.ext.flask,server,Broken hierarchy,FlaskServer,85,/Volumes/BrokeExt/NICHE/zyfra_ebonite/src/ebonite/ext/flask/server.py,Class 'FlaskServer' and its superclass 'BaseHTTPServer' may not share a proper 'IS-A' relationship.
zyfra_ebonite.src.ebonite.ext.lightgbm,dataset,Broken hierarchy,LightGBMDatasetHook,52,/Volumes/BrokeExt/NICHE/zyfra_ebonite/src/ebonite/ext/lightgbm/dataset.py,Class 'LightGBMDatasetHook' and its superclass 'TypeHookMixin' may not share a proper 'IS-A' relationship.
zyfra_ebonite.src.ebonite.ext.lightgbm,dataset,Rebellious hierarchy,LightGBMDatasetType,11,/Volumes/BrokeExt/NICHE/zyfra_ebonite/src/ebonite/ext/lightgbm/dataset.py,Class 'LightGBMDatasetType' potentially exhibits a rebellious hierarchy; following method(s) rejects the superclass methods: requirements.
zyfra_ebonite.src.ebonite.ext.lightgbm,dataset,Rebellious hierarchy,LightGBMDatasetHook,52,/Volumes/BrokeExt/NICHE/zyfra_ebonite/src/ebonite/ext/lightgbm/dataset.py,Class 'LightGBMDatasetHook' potentially exhibits a rebellious hierarchy; following method(s) rejects the superclass methods: process.
zyfra_ebonite.src.ebonite.ext.lightgbm,model,Broken hierarchy,LightGBMModelWrapper,32,/Volumes/BrokeExt/NICHE/zyfra_ebonite/src/ebonite/ext/lightgbm/model.py,Class 'LightGBMModelWrapper' and its superclass 'LibModelWrapperMixin' may not share a proper 'IS-A' relationship.
zyfra_ebonite.src.ebonite.ext.lightgbm,model,Broken hierarchy,LightGBMModelHook,53,/Volumes/BrokeExt/NICHE/zyfra_ebonite/src/ebonite/ext/lightgbm/model.py,Class 'LightGBMModelHook' and its superclass 'TypeHookMixin' may not share a proper 'IS-A' relationship.
zyfra_ebonite.src.ebonite.ext.lightgbm,model,Multifaceted abstraction,LightGBMModelWrapper,32,/Volumes/BrokeExt/NICHE/zyfra_ebonite/src/ebonite/ext/lightgbm/model.py,"Class 'LightGBMModelWrapper' has a high LCOM value of 1, indicating it may have multiple responsibilities."
zyfra_ebonite.src.ebonite.ext.lightgbm,model,Rebellious hierarchy,LightGBMModelHook,53,/Volumes/BrokeExt/NICHE/zyfra_ebonite/src/ebonite/ext/lightgbm/model.py,Class 'LightGBMModelHook' potentially exhibits a rebellious hierarchy; following method(s) rejects the superclass methods: _wrapper_factory.
zyfra_ebonite.src.ebonite.ext.lightgbm,requirement,Rebellious hierarchy,LightGBMRequirementHook,5,/Volumes/BrokeExt/NICHE/zyfra_ebonite/src/ebonite/ext/lightgbm/requirement.py,"Class 'LightGBMRequirementHook' potentially exhibits a rebellious hierarchy; following method(s) rejects the superclass methods: can_process, process."
zyfra_ebonite.src.ebonite.ext.numpy,dataset,Broken hierarchy,NumpyNumberDatasetType,35,/Volumes/BrokeExt/NICHE/zyfra_ebonite/src/ebonite/ext/numpy/dataset.py,Class 'NumpyNumberDatasetType' and its superclass 'LibDatasetTypeMixin' may not share a proper 'IS-A' relationship.
zyfra_ebonite.src.ebonite.ext.numpy,dataset,Broken hierarchy,NumpyNumberHook,66,/Volumes/BrokeExt/NICHE/zyfra_ebonite/src/ebonite/ext/numpy/dataset.py,Class 'NumpyNumberHook' and its superclass 'CanIsAMustHookMixin' may not share a proper 'IS-A' relationship.
zyfra_ebonite.src.ebonite.ext.numpy,dataset,Broken hierarchy,NumpyNdarrayHook,78,/Volumes/BrokeExt/NICHE/zyfra_ebonite/src/ebonite/ext/numpy/dataset.py,Class 'NumpyNdarrayHook' and its superclass 'TypeHookMixin' may not share a proper 'IS-A' relationship.
zyfra_ebonite.src.ebonite.ext.numpy,dataset,Broken hierarchy,NumpyNdarrayDatasetType,101,/Volumes/BrokeExt/NICHE/zyfra_ebonite/src/ebonite/ext/numpy/dataset.py,Class 'NumpyNdarrayDatasetType' and its superclass 'LibDatasetTypeMixin' may not share a proper 'IS-A' relationship.
zyfra_ebonite.src.ebonite.ext.numpy,dataset,Rebellious hierarchy,NumpyNumberHook,66,/Volumes/BrokeExt/NICHE/zyfra_ebonite/src/ebonite/ext/numpy/dataset.py,Class 'NumpyNumberHook' potentially exhibits a rebellious hierarchy; following method(s) rejects the superclass methods: process.
zyfra_ebonite.src.ebonite.ext.numpy,dataset,Rebellious hierarchy,NumpyNdarrayHook,78,/Volumes/BrokeExt/NICHE/zyfra_ebonite/src/ebonite/ext/numpy/dataset.py,Class 'NumpyNdarrayHook' potentially exhibits a rebellious hierarchy; following method(s) rejects the superclass methods: process.
zyfra_ebonite.src.ebonite.ext.numpy,dataset,Rebellious hierarchy,NumpyNdarrayDatasetType,101,/Volumes/BrokeExt/NICHE/zyfra_ebonite/src/ebonite/ext/numpy/dataset.py,Class 'NumpyNdarrayDatasetType' potentially exhibits a rebellious hierarchy; following method(s) rejects the superclass methods: list_size.
zyfra_ebonite.src.ebonite.ext.numpy,dataset_source,Rebellious hierarchy,NumpyNdarrayWriter,21,/Volumes/BrokeExt/NICHE/zyfra_ebonite/src/ebonite/ext/numpy/dataset_source.py,Class 'NumpyNdarrayWriter' potentially exhibits a rebellious hierarchy; following method(s) rejects the superclass methods: write.
zyfra_ebonite.src.ebonite.ext.pandas,dataset,Broken hierarchy,PandasDFHook,65,/Volumes/BrokeExt/NICHE/zyfra_ebonite/src/ebonite/ext/pandas/dataset.py,Class 'PandasDFHook' and its superclass 'TypeHookMixin' may not share a proper 'IS-A' relationship.
zyfra_ebonite.src.ebonite.ext.pandas,dataset,Broken hierarchy,_PandasDatasetType,81,/Volumes/BrokeExt/NICHE/zyfra_ebonite/src/ebonite/ext/pandas/dataset.py,Class '_PandasDatasetType' and its superclass 'LibDatasetTypeMixin' may not share a proper 'IS-A' relationship.
zyfra_ebonite.src.ebonite.ext.pandas,dataset,Broken hierarchy,SeriesType,113,/Volumes/BrokeExt/NICHE/zyfra_ebonite/src/ebonite/ext/pandas/dataset.py,Class 'SeriesType' and its superclass '_PandasDatasetType' may not share a proper 'IS-A' relationship.
zyfra_ebonite.src.ebonite.ext.pandas,dataset,Broken hierarchy,DataFrameType,159,/Volumes/BrokeExt/NICHE/zyfra_ebonite/src/ebonite/ext/pandas/dataset.py,Class 'DataFrameType' and its superclass '_PandasDatasetType' may not share a proper 'IS-A' relationship.
zyfra_ebonite.src.ebonite.ext.pandas,dataset,Multifaceted abstraction,SeriesType,113,/Volumes/BrokeExt/NICHE/zyfra_ebonite/src/ebonite/ext/pandas/dataset.py,"Class 'SeriesType' has a high LCOM value of 1, indicating it may have multiple responsibilities."
zyfra_ebonite.src.ebonite.ext.pandas,dataset_source,Wide hierarchy,PandasFormat,0,/Volumes/BrokeExt/NICHE/zyfra_ebonite/src/ebonite/ext/pandas/dataset_source.py,Class 'PandasFormat' has a wide hierarchy with 7 direct subclasses.
zyfra_ebonite.src.ebonite.ext.s3,artifact,Broken hierarchy,S3ArtifactRepository,79,/Volumes/BrokeExt/NICHE/zyfra_ebonite/src/ebonite/ext/s3/artifact.py,Class 'S3ArtifactRepository' and its superclass '_WithS3Client' may not share a proper 'IS-A' relationship.
zyfra_ebonite.src.ebonite.ext.sklearn,metric,Broken hierarchy,SklearnMetricHook,4,/Volumes/BrokeExt/NICHE/zyfra_ebonite/src/ebonite/ext/sklearn/metric.py,Class 'SklearnMetricHook' and its superclass 'LibFunctionMixin' may not share a proper 'IS-A' relationship.
zyfra_ebonite.src.ebonite.ext.sklearn,metric,Deep hierarchy,SklearnMetricHook,4,/Volumes/BrokeExt/NICHE/zyfra_ebonite/src/ebonite/ext/sklearn/metric.py,Class 'SklearnMetricHook' exceeds max depth with a depth of 5.
zyfra_ebonite.src.ebonite.ext.sklearn,model,Broken hierarchy,SklearnHook,37,/Volumes/BrokeExt/NICHE/zyfra_ebonite/src/ebonite/ext/sklearn/model.py,Class 'SklearnHook' and its superclass 'TypeHookMixin' may not share a proper 'IS-A' relationship.
zyfra_ebonite.src.ebonite.ext.sklearn,model,Multifaceted abstraction,SklearnModelWrapper,14,/Volumes/BrokeExt/NICHE/zyfra_ebonite/src/ebonite/ext/sklearn/model.py,"Class 'SklearnModelWrapper' has a high LCOM value of 1, indicating it may have multiple responsibilities."
zyfra_ebonite.src.ebonite.ext.sklearn,model,Rebellious hierarchy,SklearnHook,37,/Volumes/BrokeExt/NICHE/zyfra_ebonite/src/ebonite/ext/sklearn/model.py,Class 'SklearnHook' potentially exhibits a rebellious hierarchy; following method(s) rejects the superclass methods: _wrapper_factory.
zyfra_ebonite.src.ebonite.ext.sqlalchemy,models,Multifaceted abstraction,models,1,/Volumes/BrokeExt/NICHE/zyfra_ebonite/src/ebonite/ext/sqlalchemy/models.py,"Class 'models' has a high LCOM value of 1, indicating it may have multiple responsibilities."
zyfra_ebonite.src.ebonite.ext.sqlalchemy,models,Rebellious hierarchy,SProject,71,/Volumes/BrokeExt/NICHE/zyfra_ebonite/src/ebonite/ext/sqlalchemy/models.py,Class 'SProject' potentially exhibits a rebellious hierarchy; following method(s) rejects the superclass methods: get_kwargs.
zyfra_ebonite.src.ebonite.ext.sqlalchemy,models,Rebellious hierarchy,STask,95,/Volumes/BrokeExt/NICHE/zyfra_ebonite/src/ebonite/ext/sqlalchemy/models.py,Class 'STask' potentially exhibits a rebellious hierarchy; following method(s) rejects the superclass methods: get_kwargs.
zyfra_ebonite.src.ebonite.ext.sqlalchemy,models,Rebellious hierarchy,SModel,149,/Volumes/BrokeExt/NICHE/zyfra_ebonite/src/ebonite/ext/sqlalchemy/models.py,Class 'SModel' potentially exhibits a rebellious hierarchy; following method(s) rejects the superclass methods: get_kwargs.
zyfra_ebonite.src.ebonite.ext.sqlalchemy,models,Rebellious hierarchy,SPipeline,198,/Volumes/BrokeExt/NICHE/zyfra_ebonite/src/ebonite/ext/sqlalchemy/models.py,Class 'SPipeline' potentially exhibits a rebellious hierarchy; following method(s) rejects the superclass methods: get_kwargs.
zyfra_ebonite.src.ebonite.ext.sqlalchemy,models,Rebellious hierarchy,SImage,242,/Volumes/BrokeExt/NICHE/zyfra_ebonite/src/ebonite/ext/sqlalchemy/models.py,Class 'SImage' potentially exhibits a rebellious hierarchy; following method(s) rejects the superclass methods: get_kwargs.
zyfra_ebonite.src.ebonite.ext.sqlalchemy,models,Rebellious hierarchy,SRuntimeEnvironment,284,/Volumes/BrokeExt/NICHE/zyfra_ebonite/src/ebonite/ext/sqlalchemy/models.py,Class 'SRuntimeEnvironment' potentially exhibits a rebellious hierarchy; following method(s) rejects the superclass methods: get_kwargs.
zyfra_ebonite.src.ebonite.ext.sqlalchemy,models,Rebellious hierarchy,SRuntimeInstance,313,/Volumes/BrokeExt/NICHE/zyfra_ebonite/src/ebonite/ext/sqlalchemy/models.py,Class 'SRuntimeInstance' potentially exhibits a rebellious hierarchy; following method(s) rejects the superclass methods: get_kwargs.
zyfra_ebonite.src.ebonite.ext.sqlalchemy,models,Wide hierarchy,Attaching,0,/Volumes/BrokeExt/NICHE/zyfra_ebonite/src/ebonite/ext/sqlalchemy/models.py,Class 'Attaching' has a wide hierarchy with 7 direct subclasses.
zyfra_ebonite.src.ebonite.ext.sqlalchemy,repository,Insufficient modularization,SQLAlchemyMetaRepository,26,/Volumes/BrokeExt/NICHE/zyfra_ebonite/src/ebonite/ext/sqlalchemy/repository.py,"Class 'SQLAlchemyMetaRepository' is insufficiently modularized with NOPM: 42, WMC: 90, NOM: 50."
zyfra_ebonite.src.ebonite.ext.sqlalchemy,repository,Rebellious hierarchy,SQLAlchemyMetaRepository,26,/Volumes/BrokeExt/NICHE/zyfra_ebonite/src/ebonite/ext/sqlalchemy/repository.py,"Class 'SQLAlchemyMetaRepository' potentially exhibits a rebellious hierarchy; following method(s) rejects the superclass methods: get_projects, get_project_by_name, get_project_by_id, get_task_by_id, get_model_by_id, get_pipeline_by_id, get_image_by_id, get_environments, get_environment_by_name, get_environment_by_id, get_instance_by_id."
zyfra_ebonite.src.ebonite.ext.tensorflow,dataset,Broken hierarchy,FeedDictHook,52,/Volumes/BrokeExt/NICHE/zyfra_ebonite/src/ebonite/ext/tensorflow/dataset.py,Class 'FeedDictHook' and its superclass 'CanIsAMustHookMixin' may not share a proper 'IS-A' relationship.
zyfra_ebonite.src.ebonite.ext.tensorflow,model,Broken hierarchy,TFTensorModelWrapper,166,/Volumes/BrokeExt/NICHE/zyfra_ebonite/src/ebonite/ext/tensorflow/model.py,Class 'TFTensorModelWrapper' and its superclass 'LibModelWrapperMixin' may not share a proper 'IS-A' relationship.
zyfra_ebonite.src.ebonite.ext.tensorflow,model,Broken hierarchy,TFTensorHook,194,/Volumes/BrokeExt/NICHE/zyfra_ebonite/src/ebonite/ext/tensorflow/model.py,Class 'TFTensorHook' and its superclass 'CanIsAMustHookMixin' may not share a proper 'IS-A' relationship.
zyfra_ebonite.src.ebonite.ext.tensorflow_v2,dataset,Broken hierarchy,TFTensorDatasetType,13,/Volumes/BrokeExt/NICHE/zyfra_ebonite/src/ebonite/ext/tensorflow_v2/dataset.py,Class 'TFTensorDatasetType' and its superclass 'LibDatasetTypeMixin' may not share a proper 'IS-A' relationship.
zyfra_ebonite.src.ebonite.ext.tensorflow_v2,dataset,Broken hierarchy,TFTensorHook,75,/Volumes/BrokeExt/NICHE/zyfra_ebonite/src/ebonite/ext/tensorflow_v2/dataset.py,Class 'TFTensorHook' and its superclass 'TypeHookMixin' may not share a proper 'IS-A' relationship.
zyfra_ebonite.src.ebonite.ext.tensorflow_v2,dataset,Rebellious hierarchy,TFTensorDatasetType,13,/Volumes/BrokeExt/NICHE/zyfra_ebonite/src/ebonite/ext/tensorflow_v2/dataset.py,Class 'TFTensorDatasetType' potentially exhibits a rebellious hierarchy; following method(s) rejects the superclass methods: list_size.
zyfra_ebonite.src.ebonite.ext.tensorflow_v2,dataset,Rebellious hierarchy,TFTensorHook,75,/Volumes/BrokeExt/NICHE/zyfra_ebonite/src/ebonite/ext/tensorflow_v2/dataset.py,Class 'TFTensorHook' potentially exhibits a rebellious hierarchy; following method(s) rejects the superclass methods: process.
zyfra_ebonite.src.ebonite.ext.tensorflow_v2,model,Broken hierarchy,TFKerasModelHook,57,/Volumes/BrokeExt/NICHE/zyfra_ebonite/src/ebonite/ext/tensorflow_v2/model.py,Class 'TFKerasModelHook' and its superclass 'TypeHookMixin' may not share a proper 'IS-A' relationship.
zyfra_ebonite.src.ebonite.ext.tensorflow_v2,model,Rebellious hierarchy,TFKerasModelWrapper,43,/Volumes/BrokeExt/NICHE/zyfra_ebonite/src/ebonite/ext/tensorflow_v2/model.py,Class 'TFKerasModelWrapper' potentially exhibits a rebellious hierarchy; following method(s) rejects the superclass methods: _exposed_methods_mapping.
zyfra_ebonite.src.ebonite.ext.torch,dataset,Broken hierarchy,TorchTensorHook,13,/Volumes/BrokeExt/NICHE/zyfra_ebonite/src/ebonite/ext/torch/dataset.py,Class 'TorchTensorHook' and its superclass 'TypeHookMixin' may not share a proper 'IS-A' relationship.
zyfra_ebonite.src.ebonite.ext.torch,dataset,Broken hierarchy,TorchTensorDatasetType,23,/Volumes/BrokeExt/NICHE/zyfra_ebonite/src/ebonite/ext/torch/dataset.py,Class 'TorchTensorDatasetType' and its superclass 'LibDatasetTypeMixin' may not share a proper 'IS-A' relationship.
zyfra_ebonite.src.ebonite.ext.torch,dataset,Rebellious hierarchy,TorchTensorHook,13,/Volumes/BrokeExt/NICHE/zyfra_ebonite/src/ebonite/ext/torch/dataset.py,Class 'TorchTensorHook' potentially exhibits a rebellious hierarchy; following method(s) rejects the superclass methods: process.
zyfra_ebonite.src.ebonite.ext.torch,dataset,Rebellious hierarchy,TorchTensorDatasetType,23,/Volumes/BrokeExt/NICHE/zyfra_ebonite/src/ebonite/ext/torch/dataset.py,Class 'TorchTensorDatasetType' potentially exhibits a rebellious hierarchy; following method(s) rejects the superclass methods: list_size.
zyfra_ebonite.src.ebonite.ext.torch,model,Broken hierarchy,TorchModelHook,73,/Volumes/BrokeExt/NICHE/zyfra_ebonite/src/ebonite/ext/torch/model.py,Class 'TorchModelHook' and its superclass 'TypeHookMixin' may not share a proper 'IS-A' relationship.
zyfra_ebonite.src.ebonite.ext.torch,model,Multifaceted abstraction,TorchModelWrapper,53,/Volumes/BrokeExt/NICHE/zyfra_ebonite/src/ebonite/ext/torch/model.py,"Class 'TorchModelWrapper' has a high LCOM value of 1, indicating it may have multiple responsibilities."
zyfra_ebonite.src.ebonite.ext.torch,model,Rebellious hierarchy,TorchModelWrapper,53,/Volumes/BrokeExt/NICHE/zyfra_ebonite/src/ebonite/ext/torch/model.py,Class 'TorchModelWrapper' potentially exhibits a rebellious hierarchy; following method(s) rejects the superclass methods: _exposed_methods_mapping.
zyfra_ebonite.src.ebonite.ext.xgboost,dataset,Broken hierarchy,DMatrixDatasetType,13,/Volumes/BrokeExt/NICHE/zyfra_ebonite/src/ebonite/ext/xgboost/dataset.py,Class 'DMatrixDatasetType' and its superclass 'LibDatasetTypeMixin' may not share a proper 'IS-A' relationship.
zyfra_ebonite.src.ebonite.ext.xgboost,dataset,Broken hierarchy,DMatrixHook,67,/Volumes/BrokeExt/NICHE/zyfra_ebonite/src/ebonite/ext/xgboost/dataset.py,Class 'DMatrixHook' and its superclass 'TypeHookMixin' may not share a proper 'IS-A' relationship.
zyfra_ebonite.src.ebonite.ext.xgboost,dataset,Rebellious hierarchy,DMatrixHook,67,/Volumes/BrokeExt/NICHE/zyfra_ebonite/src/ebonite/ext/xgboost/dataset.py,Class 'DMatrixHook' potentially exhibits a rebellious hierarchy; following method(s) rejects the superclass methods: process.
zyfra_ebonite.src.ebonite.ext.xgboost,model,Broken hierarchy,XGBoostModelWrapper,33,/Volumes/BrokeExt/NICHE/zyfra_ebonite/src/ebonite/ext/xgboost/model.py,Class 'XGBoostModelWrapper' and its superclass 'LibModelWrapperMixin' may not share a proper 'IS-A' relationship.
zyfra_ebonite.src.ebonite.ext.xgboost,model,Broken hierarchy,XGBoostModelHook,54,/Volumes/BrokeExt/NICHE/zyfra_ebonite/src/ebonite/ext/xgboost/model.py,Class 'XGBoostModelHook' and its superclass 'TypeHookMixin' may not share a proper 'IS-A' relationship.
zyfra_ebonite.src.ebonite.ext.xgboost,model,Multifaceted abstraction,XGBoostModelWrapper,33,/Volumes/BrokeExt/NICHE/zyfra_ebonite/src/ebonite/ext/xgboost/model.py,"Class 'XGBoostModelWrapper' has a high LCOM value of 1, indicating it may have multiple responsibilities."
zyfra_ebonite.src.ebonite.ext.xgboost,model,Rebellious hierarchy,XGBoostModelHook,54,/Volumes/BrokeExt/NICHE/zyfra_ebonite/src/ebonite/ext/xgboost/model.py,Class 'XGBoostModelHook' potentially exhibits a rebellious hierarchy; following method(s) rejects the superclass methods: _wrapper_factory.
zyfra_ebonite.src.ebonite.ext.xgboost,requirement,Rebellious hierarchy,XgboostRequirementHook,5,/Volumes/BrokeExt/NICHE/zyfra_ebonite/src/ebonite/ext/xgboost/requirement.py,"Class 'XgboostRequirementHook' potentially exhibits a rebellious hierarchy; following method(s) rejects the superclass methods: can_process, process."
zyfra_ebonite.src.ebonite.repository.artifact,inmemory,Multifaceted abstraction,InMemoryArtifactRepository,8,/Volumes/BrokeExt/NICHE/zyfra_ebonite/src/ebonite/repository/artifact/inmemory.py,"Class 'InMemoryArtifactRepository' has a high LCOM value of 1, indicating it may have multiple responsibilities."
zyfra_ebonite.src.ebonite.repository.dataset,artifact,Broken hierarchy,DatasetReader,17,/Volumes/BrokeExt/NICHE/zyfra_ebonite/src/ebonite/repository/dataset/artifact.py,Class 'DatasetReader' and its superclass 'EboniteParams' may not share a proper 'IS-A' relationship.
zyfra_ebonite.src.ebonite.repository.dataset,artifact,Broken hierarchy,DatasetWriter,28,/Volumes/BrokeExt/NICHE/zyfra_ebonite/src/ebonite/repository/dataset/artifact.py,Class 'DatasetWriter' and its superclass 'EboniteParams' may not share a proper 'IS-A' relationship.
zyfra_ebonite.src.ebonite.repository.dataset,artifact,Rebellious hierarchy,OneFileDatasetWriter,53,/Volumes/BrokeExt/NICHE/zyfra_ebonite/src/ebonite/repository/dataset/artifact.py,Class 'OneFileDatasetWriter' potentially exhibits a rebellious hierarchy; following method(s) rejects the superclass methods: write.
zyfra_ebonite.src.ebonite.repository.dataset,artifact,Rebellious hierarchy,PrimitiveDatasetReader,64,/Volumes/BrokeExt/NICHE/zyfra_ebonite/src/ebonite/repository/dataset/artifact.py,Class 'PrimitiveDatasetReader' potentially exhibits a rebellious hierarchy; following method(s) rejects the superclass methods: convert.
zyfra_ebonite.src.ebonite.repository.dataset,artifact,Rebellious hierarchy,PickleReader,74,/Volumes/BrokeExt/NICHE/zyfra_ebonite/src/ebonite/repository/dataset/artifact.py,Class 'PickleReader' potentially exhibits a rebellious hierarchy; following method(s) rejects the superclass methods: convert.
zyfra_ebonite.src.ebonite.repository.dataset,artifact,Rebellious hierarchy,ArtifactDatasetSource,114,/Volumes/BrokeExt/NICHE/zyfra_ebonite/src/ebonite/repository/dataset/artifact.py,Class 'ArtifactDatasetSource' potentially exhibits a rebellious hierarchy; following method(s) rejects the superclass methods: read.
zyfra_ebonite.src.ebonite.repository.metadata,base,Insufficient modularization,MetadataRepository,66,/Volumes/BrokeExt/NICHE/zyfra_ebonite/src/ebonite/repository/metadata/base.py,"Class 'MetadataRepository' is insufficiently modularized with NOPM: 51, WMC: 107, NOM: 62."
zyfra_ebonite.src.ebonite.repository.metadata,base,Insufficient modularization,base,1,/Volumes/BrokeExt/NICHE/zyfra_ebonite/src/ebonite/repository/metadata/base.py,"Module 'base' is insufficiently modularized with NOPM: 1, WMC: 113, NOM: 1."
zyfra_ebonite.src.ebonite.repository.metadata,local,Broken modularization,local,1,/Volumes/BrokeExt/NICHE/zyfra_ebonite/src/ebonite/repository/metadata/local.py,Module 'local' contains only data members without any method implementations.
zyfra_ebonite.src.ebonite.repository.metadata,local,Insufficient modularization,_LocalContainer,26,/Volumes/BrokeExt/NICHE/zyfra_ebonite/src/ebonite/repository/metadata/local.py,"Class '_LocalContainer' is insufficiently modularized with NOPM: 32, WMC: 47, NOM: 33."
zyfra_ebonite.src.ebonite.repository.metadata,local,Insufficient modularization,LocalMetadataRepository,228,/Volumes/BrokeExt/NICHE/zyfra_ebonite/src/ebonite/repository/metadata/local.py,"Class 'LocalMetadataRepository' is insufficiently modularized with NOPM: 44, WMC: 95, NOM: 45."
zyfra_ebonite.src.ebonite.repository.metadata,local,Insufficient modularization,local,1,/Volumes/BrokeExt/NICHE/zyfra_ebonite/src/ebonite/repository/metadata/local.py,"Module 'local' is insufficiently modularized with NOPM: 0, WMC: 142, NOM: 0."
zyfra_ebonite.src.ebonite.repository.metadata,local,Rebellious hierarchy,LocalMetadataRepository,228,/Volumes/BrokeExt/NICHE/zyfra_ebonite/src/ebonite/repository/metadata/local.py,"Class 'LocalMetadataRepository' potentially exhibits a rebellious hierarchy; following method(s) rejects the superclass methods: get_projects, get_project_by_name, get_project_by_id, get_task_by_id, get_model_by_id, get_pipeline_by_id, get_image_by_id, get_environments, get_environment_by_name, get_environment_by_id, get_instance_by_id."
zyfra_ebonite.src.ebonite.runtime.interface,base,Multifaceted abstraction,InterfaceDescriptor,161,/Volumes/BrokeExt/NICHE/zyfra_ebonite/src/ebonite/runtime/interface/base.py,"Class 'InterfaceDescriptor' has a high LCOM value of 1, indicating it may have multiple responsibilities."
zyfra_ebonite.src.ebonite.utils,fs,Multifaceted abstraction,fs,1,/Volumes/BrokeExt/NICHE/zyfra_ebonite/src/ebonite/utils/fs.py,"Class 'fs' has a high LCOM value of 1, indicating it may have multiple responsibilities."
zyfra_ebonite.src.ebonite.utils,module,Broken hierarchy,_EboniteRequirementAnalyzer,380,/Volumes/BrokeExt/NICHE/zyfra_ebonite/src/ebonite/utils/module.py,Class '_EboniteRequirementAnalyzer' and its superclass 'EbonitePickler' may not share a proper 'IS-A' relationship.
zyfra_ebonite.src.ebonite.utils,module,Insufficient modularization,module,1,/Volumes/BrokeExt/NICHE/zyfra_ebonite/src/ebonite/utils/module.py,"Module 'module' is insufficiently modularized with NOPM: 21, WMC: 70, NOM: 22."
zyfra_ebonite.tests,conftest,Multifaceted abstraction,DummyModelWrapper,123,/Volumes/BrokeExt/NICHE/zyfra_ebonite/tests/conftest.py,"Class 'DummyModelWrapper' has a high LCOM value of 1, indicating it may have multiple responsibilities."
zyfra_ebonite.tests,conftest,Multifaceted abstraction,conftest,1,/Volumes/BrokeExt/NICHE/zyfra_ebonite/tests/conftest.py,"Class 'conftest' has a high LCOM value of 0.82, indicating it may have multiple responsibilities."
zyfra_ebonite.tests,conftest,Rebellious hierarchy,DummyModelIO,114,/Volumes/BrokeExt/NICHE/zyfra_ebonite/tests/conftest.py,Class 'DummyModelIO' potentially exhibits a rebellious hierarchy; following method(s) rejects the superclass methods: load.
zyfra_ebonite.tests,conftest,Rebellious hierarchy,DummyModelWrapper,123,/Volumes/BrokeExt/NICHE/zyfra_ebonite/tests/conftest.py,Class 'DummyModelWrapper' potentially exhibits a rebellious hierarchy; following method(s) rejects the superclass methods: _exposed_methods_mapping.
zyfra_ebonite.tests,test_mock,Broken hierarchy,B,14,/Volumes/BrokeExt/NICHE/zyfra_ebonite/tests/test_mock.py,Class 'B' and its superclass 'MockMixin' may not share a proper 'IS-A' relationship.
zyfra_ebonite.tests,test_mock,Multifaceted abstraction,test_mock,1,/Volumes/BrokeExt/NICHE/zyfra_ebonite/tests/test_mock.py,"Class 'test_mock' has a high LCOM value of 1, indicating it may have multiple responsibilities."
zyfra_ebonite.tests.client,client_common,Insufficient modularization,client_common,1,/Volumes/BrokeExt/NICHE/zyfra_ebonite/tests/client/client_common.py,"Module 'client_common' is insufficiently modularized with NOPM: 25, WMC: 25, NOM: 25."
zyfra_ebonite.tests.client,client_common,Multifaceted abstraction,client_common,1,/Volumes/BrokeExt/NICHE/zyfra_ebonite/tests/client/client_common.py,"Class 'client_common' has a high LCOM value of 1, indicating it may have multiple responsibilities."
zyfra_ebonite.tests.client,conftest,Broken hierarchy,MockBuilder,20,/Volumes/BrokeExt/NICHE/zyfra_ebonite/tests/client/conftest.py,Class 'MockBuilder' and its superclass 'MockMixin' may not share a proper 'IS-A' relationship.
zyfra_ebonite.tests.client,conftest,Broken hierarchy,MockRunner,24,/Volumes/BrokeExt/NICHE/zyfra_ebonite/tests/client/conftest.py,Class 'MockRunner' and its superclass 'MockMixin' may not share a proper 'IS-A' relationship.
zyfra_ebonite.tests.client,conftest,Multifaceted abstraction,_MockEnvironmentParams,28,/Volumes/BrokeExt/NICHE/zyfra_ebonite/tests/client/conftest.py,"Class '_MockEnvironmentParams' has a high LCOM value of 1, indicating it may have multiple responsibilities."
zyfra_ebonite.tests.client,conftest,Multifaceted abstraction,conftest,1,/Volumes/BrokeExt/NICHE/zyfra_ebonite/tests/client/conftest.py,"Class 'conftest' has a high LCOM value of 1, indicating it may have multiple responsibilities."
zyfra_ebonite.tests.client,test_autogen,Broken hierarchy,MockMeta,63,/Volumes/BrokeExt/NICHE/zyfra_ebonite/tests/client/test_autogen.py,Class 'MockMeta' and its superclass 'MockMixin' may not share a proper 'IS-A' relationship.
zyfra_ebonite.tests.client,test_autogen,Broken hierarchy,MockArt,67,/Volumes/BrokeExt/NICHE/zyfra_ebonite/tests/client/test_autogen.py,Class 'MockArt' and its superclass 'MockMixin' may not share a proper 'IS-A' relationship.
zyfra_ebonite.tests.client,test_autogen,Multifaceted abstraction,test_autogen,1,/Volumes/BrokeExt/NICHE/zyfra_ebonite/tests/client/test_autogen.py,"Class 'test_autogen' has a high LCOM value of 1, indicating it may have multiple responsibilities."
zyfra_ebonite.tests.core.analyzer,test_dataset,Rebellious hierarchy,MyDatasetHook,13,/Volumes/BrokeExt/NICHE/zyfra_ebonite/tests/core/analyzer/test_dataset.py,Class 'MyDatasetHook' potentially exhibits a rebellious hierarchy; following method(s) rejects the superclass methods: process.
zyfra_ebonite.tests.core.analyzer,test_metric,Rebellious hierarchy,MyMetricType,10,/Volumes/BrokeExt/NICHE/zyfra_ebonite/tests/core/analyzer/test_metric.py,Class 'MyMetricType' potentially exhibits a rebellious hierarchy; following method(s) rejects the superclass methods: evaluate.
zyfra_ebonite.tests.core.analyzer,test_metric,Rebellious hierarchy,MyMetricHook,18,/Volumes/BrokeExt/NICHE/zyfra_ebonite/tests/core/analyzer/test_metric.py,Class 'MyMetricHook' potentially exhibits a rebellious hierarchy; following method(s) rejects the superclass methods: process.
zyfra_ebonite.tests.core.analyzer,test_model,Broken hierarchy,_SummerModelHook,50,/Volumes/BrokeExt/NICHE/zyfra_ebonite/tests/core/analyzer/test_model.py,Class '_SummerModelHook' and its superclass 'TypeHookMixin' may not share a proper 'IS-A' relationship.
zyfra_ebonite.tests.core.analyzer,test_model,Rebellious hierarchy,_SummerModelWrapper,38,/Volumes/BrokeExt/NICHE/zyfra_ebonite/tests/core/analyzer/test_model.py,Class '_SummerModelWrapper' potentially exhibits a rebellious hierarchy; following method(s) rejects the superclass methods: _exposed_methods_mapping.
zyfra_ebonite.tests.core.analyzer,test_model,Rebellious hierarchy,_SummerModelHook,50,/Volumes/BrokeExt/NICHE/zyfra_ebonite/tests/core/analyzer/test_model.py,Class '_SummerModelHook' potentially exhibits a rebellious hierarchy; following method(s) rejects the superclass methods: _wrapper_factory.
zyfra_ebonite.tests.core.analyzer,test_requirements,Rebellious hierarchy,TestReqHook1,5,/Volumes/BrokeExt/NICHE/zyfra_ebonite/tests/core/analyzer/test_requirements.py,"Class 'TestReqHook1' potentially exhibits a rebellious hierarchy; following method(s) rejects the superclass methods: can_process, process."
zyfra_ebonite.tests.core.analyzer,test_requirements,Rebellious hierarchy,TestReqHook2,13,/Volumes/BrokeExt/NICHE/zyfra_ebonite/tests/core/analyzer/test_requirements.py,"Class 'TestReqHook2' potentially exhibits a rebellious hierarchy; following method(s) rejects the superclass methods: can_process, process."
zyfra_ebonite.tests.core.objects,conftest,Rebellious hierarchy,BuildableMock,98,/Volumes/BrokeExt/NICHE/zyfra_ebonite/tests/core/objects/conftest.py,Class 'BuildableMock' potentially exhibits a rebellious hierarchy; following method(s) rejects the superclass methods: get_provider.
zyfra_ebonite.tests.core.objects,test_core,Insufficient modularization,test_core,1,/Volumes/BrokeExt/NICHE/zyfra_ebonite/tests/core/objects/test_core.py,"Module 'test_core' is insufficiently modularized with NOPM: 56, WMC: 59, NOM: 56."
zyfra_ebonite.tests.core.objects,test_core,Multifaceted abstraction,test_core,1,/Volumes/BrokeExt/NICHE/zyfra_ebonite/tests/core/objects/test_core.py,"Class 'test_core' has a high LCOM value of 1, indicating it may have multiple responsibilities."
zyfra_ebonite.tests.core.objects,test_dataset_type,Insufficient modularization,test_dataset_type,1,/Volumes/BrokeExt/NICHE/zyfra_ebonite/tests/core/objects/test_dataset_type.py,"Module 'test_dataset_type' is insufficiently modularized with NOPM: 32, WMC: 33, NOM: 32."
zyfra_ebonite.tests.core.objects,test_dataset_type,Multifaceted abstraction,test_dataset_type,1,/Volumes/BrokeExt/NICHE/zyfra_ebonite/tests/core/objects/test_dataset_type.py,"Class 'test_dataset_type' has a high LCOM value of 1, indicating it may have multiple responsibilities."
zyfra_ebonite.tests.core.objects,test_evaluation,Multifaceted abstraction,EvalModelWrapper,13,/Volumes/BrokeExt/NICHE/zyfra_ebonite/tests/core/objects/test_evaluation.py,"Class 'EvalModelWrapper' has a high LCOM value of 1, indicating it may have multiple responsibilities."
zyfra_ebonite.tests.core.objects,test_evaluation,Multifaceted abstraction,test_evaluation,1,/Volumes/BrokeExt/NICHE/zyfra_ebonite/tests/core/objects/test_evaluation.py,"Class 'test_evaluation' has a high LCOM value of 0.88, indicating it may have multiple responsibilities."
zyfra_ebonite.tests.core.objects,test_evaluation,Rebellious hierarchy,EvalModelWrapper,13,/Volumes/BrokeExt/NICHE/zyfra_ebonite/tests/core/objects/test_evaluation.py,Class 'EvalModelWrapper' potentially exhibits a rebellious hierarchy; following method(s) rejects the superclass methods: _exposed_methods_mapping.
zyfra_ebonite.tests.core.objects,test_evaluation,Rebellious hierarchy,AccMetric,65,/Volumes/BrokeExt/NICHE/zyfra_ebonite/tests/core/objects/test_evaluation.py,Class 'AccMetric' potentially exhibits a rebellious hierarchy; following method(s) rejects the superclass methods: evaluate.
zyfra_ebonite.tests.core.objects,test_evaluation,Rebellious hierarchy,MaeMetric,75,/Volumes/BrokeExt/NICHE/zyfra_ebonite/tests/core/objects/test_evaluation.py,Class 'MaeMetric' potentially exhibits a rebellious hierarchy; following method(s) rejects the superclass methods: evaluate.
zyfra_ebonite.tests.core.objects,test_requirements,Multifaceted abstraction,test_requirements,1,/Volumes/BrokeExt/NICHE/zyfra_ebonite/tests/core/objects/test_requirements.py,"Class 'test_requirements' has a high LCOM value of 1, indicating it may have multiple responsibilities."
zyfra_ebonite.tests.ext.test_catboost,test_model,Multifaceted abstraction,test_model,1,/Volumes/BrokeExt/NICHE/zyfra_ebonite/tests/ext/test_catboost/test_model.py,"Class 'test_model' has a high LCOM value of 1, indicating it may have multiple responsibilities."
zyfra_ebonite.tests.ext.test_docker,conftest,Multifaceted abstraction,conftest,1,/Volumes/BrokeExt/NICHE/zyfra_ebonite/tests/ext/test_docker/conftest.py,"Class 'conftest' has a high LCOM value of 1, indicating it may have multiple responsibilities."
zyfra_ebonite.tests.ext.test_docker,test_helpers,Multifaceted abstraction,test_helpers,1,/Volumes/BrokeExt/NICHE/zyfra_ebonite/tests/ext/test_docker/test_helpers.py,"Class 'test_helpers' has a high LCOM value of 1, indicating it may have multiple responsibilities."
zyfra_ebonite.tests.ext.test_docker,test_prebuild,Multifaceted abstraction,test_prebuild,1,/Volumes/BrokeExt/NICHE/zyfra_ebonite/tests/ext/test_docker/test_prebuild.py,"Class 'test_prebuild' has a high LCOM value of 1, indicating it may have multiple responsibilities."
zyfra_ebonite.tests.ext.test_docker,test_utils,Multifaceted abstraction,test_utils,1,/Volumes/BrokeExt/NICHE/zyfra_ebonite/tests/ext/test_docker/test_utils.py,"Class 'test_utils' has a high LCOM value of 1, indicating it may have multiple responsibilities."
zyfra_ebonite.tests.ext.test_flask,test_server,Multifaceted abstraction,StrDataset,14,/Volumes/BrokeExt/NICHE/zyfra_ebonite/tests/ext/test_flask/test_server.py,"Class 'StrDataset' has a high LCOM value of 1, indicating it may have multiple responsibilities."
zyfra_ebonite.tests.ext.test_flask,test_server,Multifaceted abstraction,test_server,1,/Volumes/BrokeExt/NICHE/zyfra_ebonite/tests/ext/test_flask/test_server.py,"Class 'test_server' has a high LCOM value of 1, indicating it may have multiple responsibilities."
zyfra_ebonite.tests.ext.test_imageio,test_helpers,Multifaceted abstraction,test_helpers,1,/Volumes/BrokeExt/NICHE/zyfra_ebonite/tests/ext/test_imageio/test_helpers.py,"Class 'test_helpers' has a high LCOM value of 1, indicating it may have multiple responsibilities."
zyfra_ebonite.tests.ext.test_lightgbm,conftest,Multifaceted abstraction,conftest,1,/Volumes/BrokeExt/NICHE/zyfra_ebonite/tests/ext/test_lightgbm/conftest.py,"Class 'conftest' has a high LCOM value of 1, indicating it may have multiple responsibilities."
zyfra_ebonite.tests.ext.test_lightgbm,test_dataset,Multifaceted abstraction,test_dataset,1,/Volumes/BrokeExt/NICHE/zyfra_ebonite/tests/ext/test_lightgbm/test_dataset.py,"Class 'test_dataset' has a high LCOM value of 1, indicating it may have multiple responsibilities."
zyfra_ebonite.tests.ext.test_numpy,test_dataset,Multifaceted abstraction,test_dataset,1,/Volumes/BrokeExt/NICHE/zyfra_ebonite/tests/ext/test_numpy/test_dataset.py,"Class 'test_dataset' has a high LCOM value of 1, indicating it may have multiple responsibilities."
zyfra_ebonite.tests.ext.test_pandas,test_dataset,Multifaceted abstraction,test_dataset,1,/Volumes/BrokeExt/NICHE/zyfra_ebonite/tests/ext/test_pandas/test_dataset.py,"Class 'test_dataset' has a high LCOM value of 1, indicating it may have multiple responsibilities."
zyfra_ebonite.tests.ext.test_sklearn,test_model,Multifaceted abstraction,test_model,1,/Volumes/BrokeExt/NICHE/zyfra_ebonite/tests/ext/test_sklearn/test_model.py,"Class 'test_model' has a high LCOM value of 1, indicating it may have multiple responsibilities."
zyfra_ebonite.tests.ext.test_sqlalchemy.test_postgres,conftest,Multifaceted abstraction,conftest,1,/Volumes/BrokeExt/NICHE/zyfra_ebonite/tests/ext/test_sqlalchemy/test_postgres/conftest.py,"Class 'conftest' has a high LCOM value of 1, indicating it may have multiple responsibilities."
zyfra_ebonite.tests.ext.test_tensorflow,conftest,Multifaceted abstraction,conftest,1,/Volumes/BrokeExt/NICHE/zyfra_ebonite/tests/ext/test_tensorflow/conftest.py,"Class 'conftest' has a high LCOM value of 1, indicating it may have multiple responsibilities."
zyfra_ebonite.tests.ext.test_tensorflow,test_dataset,Multifaceted abstraction,test_dataset,1,/Volumes/BrokeExt/NICHE/zyfra_ebonite/tests/ext/test_tensorflow/test_dataset.py,"Class 'test_dataset' has a high LCOM value of 1, indicating it may have multiple responsibilities."
zyfra_ebonite.tests.ext.test_tensorflow_v2,test_model,Multifaceted abstraction,test_model,1,/Volumes/BrokeExt/NICHE/zyfra_ebonite/tests/ext/test_tensorflow_v2/test_model.py,"Class 'test_model' has a high LCOM value of 1, indicating it may have multiple responsibilities."
zyfra_ebonite.tests.ext.test_torch,test_dataset,Multifaceted abstraction,test_dataset,1,/Volumes/BrokeExt/NICHE/zyfra_ebonite/tests/ext/test_torch/test_dataset.py,"Class 'test_dataset' has a high LCOM value of 1, indicating it may have multiple responsibilities."
zyfra_ebonite.tests.ext.test_xgboost,conftest,Multifaceted abstraction,conftest,1,/Volumes/BrokeExt/NICHE/zyfra_ebonite/tests/ext/test_xgboost/conftest.py,"Class 'conftest' has a high LCOM value of 1, indicating it may have multiple responsibilities."
zyfra_ebonite.tests.ext.test_xgboost,test_dataset,Multifaceted abstraction,test_dataset,1,/Volumes/BrokeExt/NICHE/zyfra_ebonite/tests/ext/test_xgboost/test_dataset.py,"Class 'test_dataset' has a high LCOM value of 1, indicating it may have multiple responsibilities."
zyfra_ebonite.tests.repository.artifact,meta_common,Multifaceted abstraction,meta_common,1,/Volumes/BrokeExt/NICHE/zyfra_ebonite/tests/repository/artifact/meta_common.py,"Class 'meta_common' has a high LCOM value of 1, indicating it may have multiple responsibilities."
zyfra_ebonite.tests.repository.artifact,test_base,Multifaceted abstraction,test_base,1,/Volumes/BrokeExt/NICHE/zyfra_ebonite/tests/repository/artifact/test_base.py,"Class 'test_base' has a high LCOM value of 1, indicating it may have multiple responsibilities."
zyfra_ebonite.tests.repository.dataset,conftest,Multifaceted abstraction,TestDatasetType,22,/Volumes/BrokeExt/NICHE/zyfra_ebonite/tests/repository/dataset/conftest.py,"Class 'TestDatasetType' has a high LCOM value of 1, indicating it may have multiple responsibilities."
zyfra_ebonite.tests.repository.dataset,conftest,Rebellious hierarchy,TestDatasetWriter,12,/Volumes/BrokeExt/NICHE/zyfra_ebonite/tests/repository/dataset/conftest.py,Class 'TestDatasetWriter' potentially exhibits a rebellious hierarchy; following method(s) rejects the superclass methods: write.
zyfra_ebonite.tests.repository.dataset,conftest,Rebellious hierarchy,TestDatasetReader,17,/Volumes/BrokeExt/NICHE/zyfra_ebonite/tests/repository/dataset/conftest.py,Class 'TestDatasetReader' potentially exhibits a rebellious hierarchy; following method(s) rejects the superclass methods: read.
zyfra_ebonite.tests.repository.dataset,conftest,Rebellious hierarchy,TestDatasetType,22,/Volumes/BrokeExt/NICHE/zyfra_ebonite/tests/repository/dataset/conftest.py,Class 'TestDatasetType' potentially exhibits a rebellious hierarchy; following method(s) rejects the superclass methods: get_writer.
zyfra_ebonite.tests.repository.dataset,dataset_common,Multifaceted abstraction,dataset_common,1,/Volumes/BrokeExt/NICHE/zyfra_ebonite/tests/repository/dataset/dataset_common.py,"Class 'dataset_common' has a high LCOM value of 1, indicating it may have multiple responsibilities."
zyfra_ebonite.tests.repository.metadata,conftest,Multifaceted abstraction,conftest,1,/Volumes/BrokeExt/NICHE/zyfra_ebonite/tests/repository/metadata/conftest.py,"Class 'conftest' has a high LCOM value of 1, indicating it may have multiple responsibilities."
zyfra_ebonite.tests.repository.metadata,meta_common,Insufficient modularization,meta_common,1,/Volumes/BrokeExt/NICHE/zyfra_ebonite/tests/repository/metadata/meta_common.py,"Module 'meta_common' is insufficiently modularized with NOPM: 140, WMC: 150, NOM: 140."
zyfra_ebonite.tests.repository.metadata,meta_common,Multifaceted abstraction,meta_common,1,/Volumes/BrokeExt/NICHE/zyfra_ebonite/tests/repository/metadata/meta_common.py,"Class 'meta_common' has a high LCOM value of 0.81, indicating it may have multiple responsibilities."
zyfra_ebonite.tests.runtime,test_interface,Multifaceted abstraction,test_interface,1,/Volumes/BrokeExt/NICHE/zyfra_ebonite/tests/runtime/test_interface.py,"Class 'test_interface' has a high LCOM value of 1, indicating it may have multiple responsibilities."
zyfra_ebonite.tests.runtime,test_model_interface,Multifaceted abstraction,test_model_interface,1,/Volumes/BrokeExt/NICHE/zyfra_ebonite/tests/runtime/test_model_interface.py,"Class 'test_model_interface' has a high LCOM value of 1, indicating it may have multiple responsibilities."
zyfra_ebonite.tests.runtime,test_model_runtime,Rebellious hierarchy,MockModelWrapper,16,/Volumes/BrokeExt/NICHE/zyfra_ebonite/tests/runtime/test_model_runtime.py,Class 'MockModelWrapper' potentially exhibits a rebellious hierarchy; following method(s) rejects the superclass methods: _exposed_methods_mapping.
zyfra_ebonite.tests.runtime.openapi,test_spec,Multifaceted abstraction,test_spec,1,/Volumes/BrokeExt/NICHE/zyfra_ebonite/tests/runtime/openapi/test_spec.py,"Class 'test_spec' has a high LCOM value of 1, indicating it may have multiple responsibilities."
zyfra_ebonite.tests.utils,test_fs,Multifaceted abstraction,test_fs,1,/Volumes/BrokeExt/NICHE/zyfra_ebonite/tests/utils/test_fs.py,"Class 'test_fs' has a high LCOM value of 1, indicating it may have multiple responsibilities."
zyfra_ebonite.tests.utils,test_index_dict,Multifaceted abstraction,test_index_dict,1,/Volumes/BrokeExt/NICHE/zyfra_ebonite/tests/utils/test_index_dict.py,"Class 'test_index_dict' has a high LCOM value of 0.86, indicating it may have multiple responsibilities."
zyfra_ebonite.tests.utils,test_module_tools,Multifaceted abstraction,test_module_tools,1,/Volumes/BrokeExt/NICHE/zyfra_ebonite/tests/utils/test_module_tools.py,"Class 'test_module_tools' has a high LCOM value of 1, indicating it may have multiple responsibilities."
zyfra_ebonite.tests_requirements,test_cases,Multifaceted abstraction,test_cases,1,/Volumes/BrokeExt/NICHE/zyfra_ebonite/tests_requirements/test_cases.py,"Class 'test_cases' has a high LCOM value of 1, indicating it may have multiple responsibilities."
zyfra_ebonite.tests_requirements.test_pack_1,test_model_wrapper,Multifaceted abstraction,TestModelWrapper,11,/Volumes/BrokeExt/NICHE/zyfra_ebonite/tests_requirements/test_pack_1/test_model_wrapper.py,"Class 'TestModelWrapper' has a high LCOM value of 1, indicating it may have multiple responsibilities."
zyfra_ebonite.tests_requirements.test_pack_1,test_model_wrapper,Rebellious hierarchy,TestModelWrapper,11,/Volumes/BrokeExt/NICHE/zyfra_ebonite/tests_requirements/test_pack_1/test_model_wrapper.py,Class 'TestModelWrapper' potentially exhibits a rebellious hierarchy; following method(s) rejects the superclass methods: _exposed_methods_mapping.
zyfra_ebonite.tests_requirements.test_pack_1,test_model_wrapper,Rebellious hierarchy,TestModelHook,33,/Volumes/BrokeExt/NICHE/zyfra_ebonite/tests_requirements/test_pack_1/test_model_wrapper.py,Class 'TestModelHook' potentially exhibits a rebellious hierarchy; following method(s) rejects the superclass methods: _wrapper_factory.
