Package,Module,Class,Function,LOC,CC,PC
LPDI-EPFL_masif.comparison.masif_ligand,parse_json_tmscore_rocauc,,get_masif_ligand_prediction,31,8,3
LPDI-EPFL_masif.comparison.masif_ligand.Kripo.similarity_results,generate_ROCs,,get_df,17,4,2
LPDI-EPFL_masif.comparison.masif_ligand.Kripo.test_set,generate_fingerprints_multithreaded,,generate_fingerprints,18,1,1
LPDI-EPFL_masif.comparison.masif_ligand.Kripo.training_set,generate_fingerprints_multithreaded,,generate_fingerprints,18,1,1
LPDI-EPFL_masif.comparison.masif_ppi_search.zdock,eval_zdock,,test_alignment,31,3,4
LPDI-EPFL_masif.comparison.masif_ppi_search.zrank,eval_zrank,,test_alignment,31,3,4
LPDI-EPFL_masif.comparison.masif_ppi_search_ub.patchdock,evalPatchDock,,test_alignment,23,3,4
LPDI-EPFL_masif.comparison.masif_ppi_search_ub.zdock,eval_zdock,,test_alignment,31,3,4
LPDI-EPFL_masif.comparison.masif_ppi_search_ub.zrank,eval_zrank,,test_alignment,31,3,4
LPDI-EPFL_masif.comparison.masif_site.masif_vs_sppider.intpred_pred,make_intpred_pdbs,,parse_intpred_raw,23,4,2
LPDI-EPFL_masif.comparison.masif_site.masif_vs_sppider.psiver_pred,make_psiver_pdbs,,parse_psiver_raw,25,4,2
LPDI-EPFL_masif.source.data_preparation,00b-generate_assembly,,assemble,12,1,1
LPDI-EPFL_masif.source.data_preparation,01b-helix_extract_and_triangulate,,computeHelices,25,6,3
LPDI-EPFL_masif.source.geometry,compute_polar_coordinates,,compute_polar_coordinates,62,8,4
LPDI-EPFL_masif.source.geometry,compute_polar_coordinates,,compute_thetas,52,5,7
LPDI-EPFL_masif.source.geometry,compute_polar_coordinates,,dict_to_sparse,16,3,1
LPDI-EPFL_masif.source.geometry,compute_polar_coordinates,,extract_patch,21,3,3
LPDI-EPFL_masif.source.geometry,compute_polar_coordinates,,output_patch_coords,23,1,7
LPDI-EPFL_masif.source.geometry,compute_polar_coordinates,,call_mds,2,1,2
LPDI-EPFL_masif.source.geometry,compute_polar_coordinates,,compute_theta_all,20,3,6
LPDI-EPFL_masif.source.geometry,compute_polar_coordinates,,compute_theta_all_fast,42,2,6
LPDI-EPFL_masif.source.gif_descriptors,compute_gif_descriptors,,compute_dfss_histogram,17,6,3
LPDI-EPFL_masif.source.gif_descriptors,eval_gif_descriptors,,compute_roc_auc,4,1,2
LPDI-EPFL_masif.source.gif_descriptors,eval_gif_descriptors,,compute_dfss_histogram,17,6,3
LPDI-EPFL_masif.source.input_output,extractHelix,NotDisordered,accept_atom,2,2,1
LPDI-EPFL_masif.source.input_output,extractHelix,,extractHelix,20,6,6
LPDI-EPFL_masif.source.input_output,extractPDB,NotDisordered,accept_atom,2,2,1
LPDI-EPFL_masif.source.input_output,extractPDB,,find_modified_amino_acids,12,6,1
LPDI-EPFL_masif.source.input_output,extractPDB,,extractPDB,26,7,3
LPDI-EPFL_masif.source.input_output,protonate,,protonate,13,1,2
LPDI-EPFL_masif.source.input_output,read_msms,,read_msms,40,3,1
LPDI-EPFL_masif.source.input_output,read_ply,,read_ply,36,6,1
LPDI-EPFL_masif.source.input_output,save_ply,,save_ply,33,8,10
LPDI-EPFL_masif.source.masif_modules,MaSIF_ligand,MaSIF_ligand,count_number_parameters,15,3,0
LPDI-EPFL_masif.source.masif_modules,MaSIF_ligand,MaSIF_ligand,frobenius_norm,5,1,1
LPDI-EPFL_masif.source.masif_modules,MaSIF_ligand,MaSIF_ligand,build_sparse_matrix_softmax,5,1,3
LPDI-EPFL_masif.source.masif_modules,MaSIF_ligand,MaSIF_ligand,compute_initial_coordinates,20,1,0
LPDI-EPFL_masif.source.masif_modules,MaSIF_ligand,MaSIF_ligand,inference,52,3,12
LPDI-EPFL_masif.source.masif_modules,MaSIF_ligand,MaSIF_ligand,__init__,157,7,11
LPDI-EPFL_masif.source.masif_modules,MaSIF_ppi_search,MaSIF_ppi_search,count_number_parameters,12,3,0
LPDI-EPFL_masif.source.masif_modules,MaSIF_ppi_search,MaSIF_ppi_search,frobenius_norm,5,1,1
LPDI-EPFL_masif.source.masif_modules,MaSIF_ppi_search,MaSIF_ppi_search,build_sparse_matrix_softmax,5,1,3
LPDI-EPFL_masif.source.masif_modules,MaSIF_ppi_search,MaSIF_ppi_search,compute_initial_coordinates,20,1,0
LPDI-EPFL_masif.source.masif_modules,MaSIF_ppi_search,MaSIF_ppi_search,inference,52,3,12
LPDI-EPFL_masif.source.masif_modules,MaSIF_ppi_search,MaSIF_ppi_search,compute_data_loss_cross_entropy,6,1,2
LPDI-EPFL_masif.source.masif_modules,MaSIF_ppi_search,MaSIF_ppi_search,compute_data_loss,30,1,2
LPDI-EPFL_masif.source.masif_modules,MaSIF_ppi_search,MaSIF_ppi_search,__init__,141,6,8
LPDI-EPFL_masif.source.masif_modules,MaSIF_site,MaSIF_site,count_number_parameters,12,3,0
LPDI-EPFL_masif.source.masif_modules,MaSIF_site,MaSIF_site,frobenius_norm,5,1,1
LPDI-EPFL_masif.source.masif_modules,MaSIF_site,MaSIF_site,build_sparse_matrix_softmax,5,1,3
LPDI-EPFL_masif.source.masif_modules,MaSIF_site,MaSIF_site,compute_initial_coordinates,20,1,0
LPDI-EPFL_masif.source.masif_modules,MaSIF_site,MaSIF_site,inference,56,3,12
LPDI-EPFL_masif.source.masif_modules,MaSIF_site,MaSIF_site,compute_data_loss,13,1,1
LPDI-EPFL_masif.source.masif_modules,MaSIF_site,MaSIF_site,__init__,353,13,10
LPDI-EPFL_masif.source.masif_modules,read_data_from_surface,,read_data_from_surface,47,3,2
LPDI-EPFL_masif.source.masif_modules,read_data_from_surface,,extract_patch_and_coord,28,3,6
LPDI-EPFL_masif.source.masif_modules,read_data_from_surface,,compute_shape_complementarity,91,6,9
LPDI-EPFL_masif.source.masif_modules,read_data_from_surface,,normalize_electrostatics,12,1,1
LPDI-EPFL_masif.source.masif_modules,read_data_from_surface,,mean_normal_center_patch,7,1,3
LPDI-EPFL_masif.source.masif_modules,read_data_from_surface,,compute_ddc,21,1,4
LPDI-EPFL_masif.source.masif_modules,read_ligand_tfrecords,,_parse_function,41,1,1
LPDI-EPFL_masif.source.masif_modules,train_masif_site,,mask_input_feat,3,1,2
LPDI-EPFL_masif.source.masif_modules,train_masif_site,,pad_indices,7,2,2
LPDI-EPFL_masif.source.masif_modules,train_masif_site,,run_masif_site,12,1,7
LPDI-EPFL_masif.source.masif_modules,train_masif_site,,compute_roc_auc,4,1,2
LPDI-EPFL_masif.source.masif_modules,train_masif_site,,train_masif_site,267,30,6
LPDI-EPFL_masif.source.masif_modules,train_ppi_search,,construct_batch,59,3,15
LPDI-EPFL_masif.source.masif_modules,train_ppi_search,,compute_dists,3,1,2
LPDI-EPFL_masif.source.masif_modules,train_ppi_search,,construct_batch_val_test,14,4,6
LPDI-EPFL_masif.source.masif_modules,train_ppi_search,,compute_val_test_desc,28,4,8
LPDI-EPFL_masif.source.masif_modules,train_ppi_search,,compute_roc_auc,4,1,2
LPDI-EPFL_masif.source.masif_modules,train_ppi_search,,train_ppi_search,274,7,24
LPDI-EPFL_masif.source.masif_ppi_search,alignment_utils_masif_search,,compute_nn_score,20,2,6
LPDI-EPFL_masif.source.masif_ppi_search,alignment_utils_masif_search,,rand_rotation_matrix,16,2,2
LPDI-EPFL_masif.source.masif_ppi_search,alignment_utils_masif_search,,get_center_and_random_rotate,9,1,1
LPDI-EPFL_masif.source.masif_ppi_search,alignment_utils_masif_search,,get_patch_geo,15,2,6
LPDI-EPFL_masif.source.masif_ppi_search,alignment_utils_masif_search,,multidock,52,3,11
LPDI-EPFL_masif.source.masif_ppi_search,alignment_utils_masif_search,,test_alignments,42,5,7
LPDI-EPFL_masif.source.masif_ppi_search,alignment_utils_masif_search,,compute_desc_dist_score,19,3,6
LPDI-EPFL_masif.source.masif_ppi_search,alignment_utils_masif_search,,subsample_patch_coords,11,3,4
LPDI-EPFL_masif.source.masif_ppi_search,alignment_utils_masif_search,,get_target_vix,12,2,2
LPDI-EPFL_masif.source.masif_ppi_search,masif_ppi_search_comp_desc,,mask_input_feat,3,1,2
LPDI-EPFL_masif.source.masif_ppi_search,masif_ppi_search_comp_desc,,compute_roc_auc,4,1,2
LPDI-EPFL_masif.source.masif_ppi_search,masif_ppi_search_train,,mask_input_feat,3,1,2
LPDI-EPFL_masif.source.masif_ppi_search,second_stage_alignment,,rand_rotation_matrix,16,2,2
LPDI-EPFL_masif.source.masif_ppi_search,second_stage_alignment,,get_center_and_random_rotate,9,1,1
LPDI-EPFL_masif.source.masif_ppi_search,second_stage_alignment,,get_patch_geo,15,2,6
LPDI-EPFL_masif.source.masif_ppi_search,second_stage_alignment,,multidock,54,2,7
LPDI-EPFL_masif.source.masif_ppi_search,second_stage_alignment,,test_alignments,42,5,7
LPDI-EPFL_masif.source.masif_ppi_search,second_stage_alignment,,compute_desc_dist_score,19,3,6
LPDI-EPFL_masif.source.masif_ppi_search,second_stage_alignment,,subsample_patch_coords,9,2,3
LPDI-EPFL_masif.source.masif_ppi_search.pdl1_benchmark,pdl1_benchmark,,blockPrint,3,1,0
LPDI-EPFL_masif.source.masif_ppi_search.pdl1_benchmark,pdl1_benchmark,,enablePrint,3,1,0
LPDI-EPFL_masif.source.masif_ppi_search.pdl1_benchmark,pdl1_benchmark,,get_patch_geo,18,3,6
LPDI-EPFL_masif.source.masif_ppi_search.pdl1_benchmark,pdl1_benchmark,,subsample_patch_coords,11,3,6
LPDI-EPFL_masif.source.masif_ppi_search.pdl1_benchmark,pdl1_benchmark,,get_target_vix,10,2,2
LPDI-EPFL_masif.source.masif_ppi_search.pdl1_benchmark,pdl1_benchmark,,match_descriptors,40,12,6
LPDI-EPFL_masif.source.masif_ppi_search.pdl1_benchmark,pdl1_benchmark,,rand_rotation_matrix,16,2,2
LPDI-EPFL_masif.source.masif_ppi_search.pdl1_benchmark,pdl1_benchmark,,get_center_and_random_rotate,7,1,1
LPDI-EPFL_masif.source.masif_ppi_search.pdl1_benchmark,pdl1_benchmark,,multidock,53,2,8
LPDI-EPFL_masif.source.masif_ppi_search.pdl1_benchmark,pdl1_benchmark,,align_and_save,24,6,8
LPDI-EPFL_masif.source.masif_ppi_search.pdl1_benchmark,pdl1_benchmark,,compute_desc_dist_score,17,3,6
LPDI-EPFL_masif.source.masif_ppi_search.pdl1_benchmark,pdl1_benchmark_nn,,blockPrint,3,1,0
LPDI-EPFL_masif.source.masif_ppi_search.pdl1_benchmark,pdl1_benchmark_nn,,enablePrint,3,1,0
LPDI-EPFL_masif.source.masif_ppi_search.pdl1_benchmark,pdl1_benchmark_nn,,match_descriptors,38,9,6
LPDI-EPFL_masif.source.masif_ppi_search.pdl1_benchmark,pdl1_benchmark_nn,,align_and_save,16,3,4
LPDI-EPFL_masif.source.masif_ppi_search.transformation_training_data,precompute_evaluation_features,,save_nn,16,2,1
LPDI-EPFL_masif.source.masif_ppi_search.transformation_training_data,precompute_evaluation_features,,preprocess_protein,39,2,1
LPDI-EPFL_masif.source.masif_ppi_search.transformation_training_data,score_nn,ScoreNN,__init__,38,1,0
LPDI-EPFL_masif.source.masif_ppi_search.transformation_training_data,score_nn,ScoreNN,restore_model,2,1,0
LPDI-EPFL_masif.source.masif_ppi_search.transformation_training_data,score_nn,ScoreNN,train_model,6,1,4
LPDI-EPFL_masif.source.masif_ppi_search.transformation_training_data,score_nn,ScoreNN,eval,3,1,1
LPDI-EPFL_masif.source.masif_ppi_search.transformation_training_data,second_stage_transformation_training_helper,,rand_rotation_matrix,20,2,2
LPDI-EPFL_masif.source.masif_ppi_search.transformation_training_data,second_stage_transformation_training_helper,,get_center_and_random_rotate,7,1,1
LPDI-EPFL_masif.source.masif_ppi_search.transformation_training_data,second_stage_transformation_training_helper,,get_patch_geo,13,2,6
LPDI-EPFL_masif.source.masif_ppi_search.transformation_training_data,second_stage_transformation_training_helper,,multidock,26,3,8
LPDI-EPFL_masif.source.masif_ppi_search.transformation_training_data,second_stage_transformation_training_helper,,test_alignments,23,1,7
LPDI-EPFL_masif.source.masif_pymol_plugin,__init__,,__init_plugin__,4,1,1
LPDI-EPFL_masif.source.masif_pymol_plugin,loadDOTS,,load_dots,35,5,6
LPDI-EPFL_masif.source.masif_pymol_plugin,loadPLY,,color_gradient,11,2,3
LPDI-EPFL_masif.source.masif_pymol_plugin,loadPLY,,iface_color,5,1,1
LPDI-EPFL_masif.source.masif_pymol_plugin,loadPLY,,hphob_color,6,1,1
LPDI-EPFL_masif.source.masif_pymol_plugin,loadPLY,,charge_color,28,4,1
LPDI-EPFL_masif.source.masif_pymol_plugin,loadPLY,,load_ply,275,30,6
LPDI-EPFL_masif.source.masif_pymol_plugin,loadPLY,,load_giface,47,10,5
LPDI-EPFL_masif.source.masif_pymol_plugin,simple_mesh,Simple_mesh,__init__,3,1,0
LPDI-EPFL_masif.source.masif_pymol_plugin,simple_mesh,Simple_mesh,load_mesh,49,12,1
LPDI-EPFL_masif.source.masif_pymol_plugin,simple_mesh,Simple_mesh,get_attribute_names,2,1,0
LPDI-EPFL_masif.source.masif_pymol_plugin,simple_mesh,Simple_mesh,get_attribute,2,1,1
LPDI-EPFL_masif.source.masif_site,masif_site_predict,,mask_input_feat,3,1,2
LPDI-EPFL_masif.source.masif_site,masif_site_train,,mask_input_feat,3,1,2
LPDI-EPFL_masif.source.triangulation,computeAPBS,,computeAPBS,45,3,3
LPDI-EPFL_masif.source.triangulation,computeCharges,,computeCharges,32,10,3
LPDI-EPFL_masif.source.triangulation,computeCharges,,computeChargeHelper,33,2,3
LPDI-EPFL_masif.source.triangulation,computeCharges,,computeAngleDeviation,2,1,4
LPDI-EPFL_masif.source.triangulation,computeCharges,,computePlaneDeviation,5,1,4
LPDI-EPFL_masif.source.triangulation,computeCharges,,computeAnglePenalty,2,1,1
LPDI-EPFL_masif.source.triangulation,computeCharges,,isPolarHydrogen,5,1,2
LPDI-EPFL_masif.source.triangulation,computeCharges,,isAcceptorAtom,10,4,2
LPDI-EPFL_masif.source.triangulation,computeCharges,,computeSatisfied_CO_HN,37,8,1
LPDI-EPFL_masif.source.triangulation,computeCharges,,assignChargesToNewMesh,31,5,4
LPDI-EPFL_masif.source.triangulation,computeHydrophobicity,,computeHydrophobicity,6,2,1
LPDI-EPFL_masif.source.triangulation,computeMSMS,,computeMSMS,26,3,2
LPDI-EPFL_masif.source.triangulation,compute_normal,,compute_normal,32,4,2
LPDI-EPFL_masif.source.triangulation,compute_normal,,crossp,6,1,2
LPDI-EPFL_masif.source.triangulation,fixmesh,,fix_mesh,36,7,3
LPDI-EPFL_masif.source.triangulation,xyzrn,,output_pdb_as_xyzrn,38,11,2
