Package,Module,Class,Function,LOC,CC,PC
tobybreckon_fire-detection-cnn,firenet,,construct_firenet,25,4,3
tobybreckon_fire-detection-cnn,inceptionVxOnFire,,construct_inceptionv1onfire,47,3,3
tobybreckon_fire-detection-cnn,inceptionVxOnFire,,construct_inceptionv3onfire,58,4,4
tobybreckon_fire-detection-cnn,inceptionVxOnFire,,inception_block_a,11,1,1
tobybreckon_fire-detection-cnn,inceptionVxOnFire,,reduction_block_a,8,1,1
tobybreckon_fire-detection-cnn,inceptionVxOnFire,,inception_block_b,14,1,1
tobybreckon_fire-detection-cnn,inceptionVxOnFire,,reduction_block_b,10,1,1
tobybreckon_fire-detection-cnn,inceptionVxOnFire,,inception_block_c,16,1,1
tobybreckon_fire-detection-cnn,inceptionVxOnFire,,construct_inceptionv4onfire,39,5,4
tobybreckon_fire-detection-cnn,superpixel-inceptionVxOnFire,,extract_bounded_nonzero,7,1,1
tobybreckon_fire-detection-cnn,superpixel-inceptionVxOnFire,,pad_image,6,1,4
tobybreckon_fire-detection-cnn.converter,converter,,convert_to_pb,26,4,6
tobybreckon_fire-detection-cnn.converter,converter,,convert_to_tflite,6,1,6
