Package,Module,Class,Smell,Function/Method,Line no,File,Details
tobybreckon_fire-detection-cnn,firenet,,Long statement,,145,/Volumes/BrokeExt/NICHE/tobybreckon_fire-detection-cnn/firenet.py,A line with 129 chars in firenet exceeds the maximum length of 120 characters.
tobybreckon_fire-detection-cnn,firenet,,Long statement,,149,/Volumes/BrokeExt/NICHE/tobybreckon_fire-detection-cnn/firenet.py,A line with 130 chars in firenet exceeds the maximum length of 120 characters.
tobybreckon_fire-detection-cnn,inceptionVxOnFire,,Long method,construct_inceptionv1onfire,29 - 97,/Volumes/BrokeExt/NICHE/tobybreckon_fire-detection-cnn/inceptionVxOnFire.py,Method 'construct_inceptionv1onfire' is too long (47 lines).
tobybreckon_fire-detection-cnn,inceptionVxOnFire,,Long method,construct_inceptionv3onfire,101 - 195,/Volumes/BrokeExt/NICHE/tobybreckon_fire-detection-cnn/inceptionVxOnFire.py,Method 'construct_inceptionv3onfire' is too long (58 lines).
tobybreckon_fire-detection-cnn,inceptionVxOnFire,,Long statement,construct_inceptionv1onfire,56,/Volumes/BrokeExt/NICHE/tobybreckon_fire-detection-cnn/inceptionVxOnFire.py,A line with 129 chars in construct_inceptionv1onfire exceeds the maximum length of 120 characters.
tobybreckon_fire-detection-cnn,inceptionVxOnFire,,Long statement,construct_inceptionv1onfire,59,/Volumes/BrokeExt/NICHE/tobybreckon_fire-detection-cnn/inceptionVxOnFire.py,A line with 125 chars in construct_inceptionv1onfire exceeds the maximum length of 120 characters.
tobybreckon_fire-detection-cnn,inceptionVxOnFire,,Long statement,construct_inceptionv1onfire,61,/Volumes/BrokeExt/NICHE/tobybreckon_fire-detection-cnn/inceptionVxOnFire.py,A line with 124 chars in construct_inceptionv1onfire exceeds the maximum length of 120 characters.
tobybreckon_fire-detection-cnn,inceptionVxOnFire,,Long statement,construct_inceptionv1onfire,67,/Volumes/BrokeExt/NICHE/tobybreckon_fire-detection-cnn/inceptionVxOnFire.py,A line with 157 chars in construct_inceptionv1onfire exceeds the maximum length of 120 characters.
tobybreckon_fire-detection-cnn,inceptionVxOnFire,,Long statement,construct_inceptionv1onfire,78,/Volumes/BrokeExt/NICHE/tobybreckon_fire-detection-cnn/inceptionVxOnFire.py,A line with 157 chars in construct_inceptionv1onfire exceeds the maximum length of 120 characters.
tobybreckon_fire-detection-cnn,inceptionVxOnFire,,Long statement,construct_inceptionv3onfire,134,/Volumes/BrokeExt/NICHE/tobybreckon_fire-detection-cnn/inceptionVxOnFire.py,A line with 157 chars in construct_inceptionv3onfire exceeds the maximum length of 120 characters.
tobybreckon_fire-detection-cnn,inceptionVxOnFire,,Long statement,construct_inceptionv3onfire,139,/Volumes/BrokeExt/NICHE/tobybreckon_fire-detection-cnn/inceptionVxOnFire.py,A line with 124 chars in construct_inceptionv3onfire exceeds the maximum length of 120 characters.
tobybreckon_fire-detection-cnn,inceptionVxOnFire,,Long statement,construct_inceptionv3onfire,140,/Volumes/BrokeExt/NICHE/tobybreckon_fire-detection-cnn/inceptionVxOnFire.py,A line with 133 chars in construct_inceptionv3onfire exceeds the maximum length of 120 characters.
tobybreckon_fire-detection-cnn,inceptionVxOnFire,,Long statement,construct_inceptionv3onfire,144,/Volumes/BrokeExt/NICHE/tobybreckon_fire-detection-cnn/inceptionVxOnFire.py,A line with 124 chars in construct_inceptionv3onfire exceeds the maximum length of 120 characters.
tobybreckon_fire-detection-cnn,inceptionVxOnFire,,Long statement,construct_inceptionv3onfire,155,/Volumes/BrokeExt/NICHE/tobybreckon_fire-detection-cnn/inceptionVxOnFire.py,A line with 129 chars in construct_inceptionv3onfire exceeds the maximum length of 120 characters.
tobybreckon_fire-detection-cnn,inceptionVxOnFire,,Long statement,construct_inceptionv3onfire,160,/Volumes/BrokeExt/NICHE/tobybreckon_fire-detection-cnn/inceptionVxOnFire.py,A line with 124 chars in construct_inceptionv3onfire exceeds the maximum length of 120 characters.
tobybreckon_fire-detection-cnn,inceptionVxOnFire,,Long statement,construct_inceptionv3onfire,161,/Volumes/BrokeExt/NICHE/tobybreckon_fire-detection-cnn/inceptionVxOnFire.py,A line with 133 chars in construct_inceptionv3onfire exceeds the maximum length of 120 characters.
tobybreckon_fire-detection-cnn,inceptionVxOnFire,,Long statement,construct_inceptionv3onfire,162,/Volumes/BrokeExt/NICHE/tobybreckon_fire-detection-cnn/inceptionVxOnFire.py,A line with 133 chars in construct_inceptionv3onfire exceeds the maximum length of 120 characters.
tobybreckon_fire-detection-cnn,inceptionVxOnFire,,Long statement,construct_inceptionv3onfire,165,/Volumes/BrokeExt/NICHE/tobybreckon_fire-detection-cnn/inceptionVxOnFire.py,A line with 124 chars in construct_inceptionv3onfire exceeds the maximum length of 120 characters.
tobybreckon_fire-detection-cnn,inceptionVxOnFire,,Long statement,construct_inceptionv3onfire,167,/Volumes/BrokeExt/NICHE/tobybreckon_fire-detection-cnn/inceptionVxOnFire.py,A line with 133 chars in construct_inceptionv3onfire exceeds the maximum length of 120 characters.
tobybreckon_fire-detection-cnn,inceptionVxOnFire,,Long statement,construct_inceptionv3onfire,168,/Volumes/BrokeExt/NICHE/tobybreckon_fire-detection-cnn/inceptionVxOnFire.py,A line with 133 chars in construct_inceptionv3onfire exceeds the maximum length of 120 characters.
tobybreckon_fire-detection-cnn,inceptionVxOnFire,,Long statement,construct_inceptionv3onfire,176,/Volumes/BrokeExt/NICHE/tobybreckon_fire-detection-cnn/inceptionVxOnFire.py,A line with 129 chars in construct_inceptionv3onfire exceeds the maximum length of 120 characters.
tobybreckon_fire-detection-cnn,inceptionVxOnFire,,Long statement,inception_block_a,209,/Volumes/BrokeExt/NICHE/tobybreckon_fire-detection-cnn/inceptionVxOnFire.py,A line with 123 chars in inception_block_a exceeds the maximum length of 120 characters.
tobybreckon_fire-detection-cnn,inceptionVxOnFire,,Long statement,inception_block_a,217,/Volumes/BrokeExt/NICHE/tobybreckon_fire-detection-cnn/inceptionVxOnFire.py,A line with 135 chars in inception_block_a exceeds the maximum length of 120 characters.
tobybreckon_fire-detection-cnn,inceptionVxOnFire,,Long statement,reduction_block_a,228,/Volumes/BrokeExt/NICHE/tobybreckon_fire-detection-cnn/inceptionVxOnFire.py,A line with 135 chars in reduction_block_a exceeds the maximum length of 120 characters.
tobybreckon_fire-detection-cnn,inceptionVxOnFire,,Long statement,reduction_block_a,232,/Volumes/BrokeExt/NICHE/tobybreckon_fire-detection-cnn/inceptionVxOnFire.py,A line with 145 chars in reduction_block_a exceeds the maximum length of 120 characters.
tobybreckon_fire-detection-cnn,inceptionVxOnFire,,Long statement,inception_block_b,251,/Volumes/BrokeExt/NICHE/tobybreckon_fire-detection-cnn/inceptionVxOnFire.py,A line with 131 chars in inception_block_b exceeds the maximum length of 120 characters.
tobybreckon_fire-detection-cnn,inceptionVxOnFire,,Long statement,inception_block_b,267,/Volumes/BrokeExt/NICHE/tobybreckon_fire-detection-cnn/inceptionVxOnFire.py,A line with 124 chars in inception_block_b exceeds the maximum length of 120 characters.
tobybreckon_fire-detection-cnn,inceptionVxOnFire,,Long statement,reduction_block_b,280,/Volumes/BrokeExt/NICHE/tobybreckon_fire-detection-cnn/inceptionVxOnFire.py,A line with 121 chars in reduction_block_b exceeds the maximum length of 120 characters.
tobybreckon_fire-detection-cnn,inceptionVxOnFire,,Long statement,reduction_block_b,281,/Volumes/BrokeExt/NICHE/tobybreckon_fire-detection-cnn/inceptionVxOnFire.py,A line with 131 chars in reduction_block_b exceeds the maximum length of 120 characters.
tobybreckon_fire-detection-cnn,inceptionVxOnFire,,Long statement,reduction_block_b,282,/Volumes/BrokeExt/NICHE/tobybreckon_fire-detection-cnn/inceptionVxOnFire.py,A line with 131 chars in reduction_block_b exceeds the maximum length of 120 characters.
tobybreckon_fire-detection-cnn,inceptionVxOnFire,,Long statement,reduction_block_b,283,/Volumes/BrokeExt/NICHE/tobybreckon_fire-detection-cnn/inceptionVxOnFire.py,A line with 128 chars in reduction_block_b exceeds the maximum length of 120 characters.
tobybreckon_fire-detection-cnn,inceptionVxOnFire,,Long statement,inception_block_c,300,/Volumes/BrokeExt/NICHE/tobybreckon_fire-detection-cnn/inceptionVxOnFire.py,A line with 131 chars in inception_block_c exceeds the maximum length of 120 characters.
tobybreckon_fire-detection-cnn,inceptionVxOnFire,,Long statement,inception_block_c,301,/Volumes/BrokeExt/NICHE/tobybreckon_fire-detection-cnn/inceptionVxOnFire.py,A line with 131 chars in inception_block_c exceeds the maximum length of 120 characters.
tobybreckon_fire-detection-cnn,inceptionVxOnFire,,Long statement,inception_block_c,306,/Volumes/BrokeExt/NICHE/tobybreckon_fire-detection-cnn/inceptionVxOnFire.py,A line with 131 chars in inception_block_c exceeds the maximum length of 120 characters.
tobybreckon_fire-detection-cnn,inceptionVxOnFire,,Long statement,inception_block_c,307,/Volumes/BrokeExt/NICHE/tobybreckon_fire-detection-cnn/inceptionVxOnFire.py,A line with 131 chars in inception_block_c exceeds the maximum length of 120 characters.
tobybreckon_fire-detection-cnn,inceptionVxOnFire,,Long statement,inception_block_c,309,/Volumes/BrokeExt/NICHE/tobybreckon_fire-detection-cnn/inceptionVxOnFire.py,A line with 131 chars in inception_block_c exceeds the maximum length of 120 characters.
tobybreckon_fire-detection-cnn,inceptionVxOnFire,,Long statement,inception_block_c,318,/Volumes/BrokeExt/NICHE/tobybreckon_fire-detection-cnn/inceptionVxOnFire.py,A line with 124 chars in inception_block_c exceeds the maximum length of 120 characters.
tobybreckon_fire-detection-cnn,inceptionVxOnFire,,Long statement,,483,/Volumes/BrokeExt/NICHE/tobybreckon_fire-detection-cnn/inceptionVxOnFire.py,A line with 129 chars in inceptionVxOnFire exceeds the maximum length of 120 characters.
tobybreckon_fire-detection-cnn,inceptionVxOnFire,,Long statement,,487,/Volumes/BrokeExt/NICHE/tobybreckon_fire-detection-cnn/inceptionVxOnFire.py,A line with 130 chars in inceptionVxOnFire exceeds the maximum length of 120 characters.
tobybreckon_fire-detection-cnn,superpixel-inceptionVxOnFire,,Long statement,,81,/Volumes/BrokeExt/NICHE/tobybreckon_fire-detection-cnn/superpixel-inceptionVxOnFire.py,A line with 123 chars in superpixel-inceptionVxOnFire exceeds the maximum length of 120 characters.
tobybreckon_fire-detection-cnn.converter,converter,,Long parameter list,convert_to_pb,49 - 97,/Volumes/BrokeExt/NICHE/tobybreckon_fire-detection-cnn/converter/converter.py,"convert_to_pb has 6 parameters, exceeding the max of 5."
tobybreckon_fire-detection-cnn.converter,converter,,Long parameter list,convert_to_tflite,107 - 116,/Volumes/BrokeExt/NICHE/tobybreckon_fire-detection-cnn/converter/converter.py,"convert_to_tflite has 6 parameters, exceeding the max of 5."
tobybreckon_fire-detection-cnn.converter,converter,,Long statement,convert_to_pb,79,/Volumes/BrokeExt/NICHE/tobybreckon_fire-detection-cnn/converter/converter.py,A line with 146 chars in convert_to_pb exceeds the maximum length of 120 characters.
tobybreckon_fire-detection-cnn.converter,converter,,Magic number,convert_to_tflite,108,/Volumes/BrokeExt/NICHE/tobybreckon_fire-detection-cnn/converter/converter.py,Magic number 224 used in convert_to_tflite.
tobybreckon_fire-detection-cnn.converter,converter,,Magic number,convert_to_tflite,108,/Volumes/BrokeExt/NICHE/tobybreckon_fire-detection-cnn/converter/converter.py,Magic number 224 used in convert_to_tflite.
tobybreckon_fire-detection-cnn.converter,converter,,Magic number,convert_to_tflite,108,/Volumes/BrokeExt/NICHE/tobybreckon_fire-detection-cnn/converter/converter.py,Magic number 3 used in convert_to_tflite.
tobybreckon_fire-detection-cnn.converter,firenet-validation,,Long statement,,135,/Volumes/BrokeExt/NICHE/tobybreckon_fire-detection-cnn/converter/firenet-validation.py,A line with 132 chars in firenet-validation exceeds the maximum length of 120 characters.
tobybreckon_fire-detection-cnn.converter,inceptionVxOnFire-validation,,Long statement,,94,/Volumes/BrokeExt/NICHE/tobybreckon_fire-detection-cnn/converter/inceptionVxOnFire-validation.py,A line with 140 chars in inceptionVxOnFire-validation exceeds the maximum length of 120 characters.
tobybreckon_fire-detection-cnn.converter,inceptionVxOnFire-validation,,Long statement,,95,/Volumes/BrokeExt/NICHE/tobybreckon_fire-detection-cnn/converter/inceptionVxOnFire-validation.py,A line with 131 chars in inceptionVxOnFire-validation exceeds the maximum length of 120 characters.
tobybreckon_fire-detection-cnn.converter,inceptionVxOnFire-validation,,Long statement,,106,/Volumes/BrokeExt/NICHE/tobybreckon_fire-detection-cnn/converter/inceptionVxOnFire-validation.py,A line with 134 chars in inceptionVxOnFire-validation exceeds the maximum length of 120 characters.
tobybreckon_fire-detection-cnn.converter,inceptionVxOnFire-validation,,Long statement,,107,/Volumes/BrokeExt/NICHE/tobybreckon_fire-detection-cnn/converter/inceptionVxOnFire-validation.py,A line with 129 chars in inceptionVxOnFire-validation exceeds the maximum length of 120 characters.
tobybreckon_fire-detection-cnn.converter,inceptionVxOnFire-validation,,Long statement,,188,/Volumes/BrokeExt/NICHE/tobybreckon_fire-detection-cnn/converter/inceptionVxOnFire-validation.py,A line with 132 chars in inceptionVxOnFire-validation exceeds the maximum length of 120 characters.
