Package,Module,Class,Smell,Function/Method,Line no,File,Details
songlab-cal_tape,setup,,Long statement,,27,/Volumes/BrokeExt/NICHE/songlab-cal_tape/setup.py,A line with 1018 chars in setup exceeds the maximum length of 120 characters.
songlab-cal_tape.examples,adding_model,SimpleConvForSequenceToSequenceClassification,Long identifier,,119,/Volumes/BrokeExt/NICHE/songlab-cal_tape/examples/adding_model.py,Identifier'SimpleConvForSequenceToSequenceClassification' exceeds the maximum length of 30 characters.
songlab-cal_tape.examples,adding_model,SimpleConvModel,Long statement,__init__,72,/Volumes/BrokeExt/NICHE/songlab-cal_tape/examples/adding_model.py,A line with 171 chars in __init__ exceeds the maximum length of 120 characters.
songlab-cal_tape.examples,adding_model,SimpleConvModel,Long statement,forward,80,/Volumes/BrokeExt/NICHE/songlab-cal_tape/examples/adding_model.py,A line with 652 chars in forward exceeds the maximum length of 120 characters.
songlab-cal_tape.examples,adding_model,SimpleConvForSequenceToSequenceClassification,Long statement,forward,133,/Volumes/BrokeExt/NICHE/songlab-cal_tape/examples/adding_model.py,A line with 743 chars in forward exceeds the maximum length of 120 characters.
songlab-cal_tape.examples,adding_model,,Long statement,,1,/Volumes/BrokeExt/NICHE/songlab-cal_tape/examples/adding_model.py,A line with 843 chars in adding_model exceeds the maximum length of 120 characters.
songlab-cal_tape.examples,adding_model,,Long statement,,172,/Volumes/BrokeExt/NICHE/songlab-cal_tape/examples/adding_model.py,A line with 375 chars in adding_model exceeds the maximum length of 120 characters.
songlab-cal_tape.examples,adding_model,SimpleConvConfig,Magic number,__init__,40,/Volumes/BrokeExt/NICHE/songlab-cal_tape/examples/adding_model.py,Magic number 30 used in __init__.
songlab-cal_tape.examples,adding_model,SimpleConvConfig,Magic number,__init__,41,/Volumes/BrokeExt/NICHE/songlab-cal_tape/examples/adding_model.py,Magic number 128 used in __init__.
songlab-cal_tape.examples,adding_model,SimpleConvConfig,Magic number,__init__,42,/Volumes/BrokeExt/NICHE/songlab-cal_tape/examples/adding_model.py,Magic number 5 used in __init__.
songlab-cal_tape.examples,adding_model,SimpleConvConfig,Magic number,__init__,43,/Volumes/BrokeExt/NICHE/songlab-cal_tape/examples/adding_model.py,Magic number 3 used in __init__.
songlab-cal_tape.examples,adding_task,SecondaryStructure8ClassDataset,Long identifier,,36,/Volumes/BrokeExt/NICHE/songlab-cal_tape/examples/adding_task.py,Identifier'SecondaryStructure8ClassDataset' exceeds the maximum length of 30 characters.
songlab-cal_tape.examples,adding_task,SecondaryStructure8ClassDataset,Long statement,__getitem__,79,/Volumes/BrokeExt/NICHE/songlab-cal_tape/examples/adding_task.py,A line with 285 chars in __getitem__ exceeds the maximum length of 120 characters.
songlab-cal_tape.examples,adding_task,SecondaryStructure8ClassDataset,Long statement,collate_fn,98,/Volumes/BrokeExt/NICHE/songlab-cal_tape/examples/adding_task.py,A line with 421 chars in collate_fn exceeds the maximum length of 120 characters.
songlab-cal_tape.examples,adding_task,,Long statement,,1,/Volumes/BrokeExt/NICHE/songlab-cal_tape/examples/adding_task.py,A line with 785 chars in adding_task exceeds the maximum length of 120 characters.
songlab-cal_tape.examples,adding_task,,Long statement,,123,/Volumes/BrokeExt/NICHE/songlab-cal_tape/examples/adding_task.py,A line with 302 chars in adding_task exceeds the maximum length of 120 characters.
songlab-cal_tape.scripts,generate_plots,,Long statement,autolabel,9,/Volumes/BrokeExt/NICHE/songlab-cal_tape/scripts/generate_plots.py,A line with 159 chars in autolabel exceeds the maximum length of 120 characters.
songlab-cal_tape.scripts,generate_plots,,Magic number,plot_rects,27,/Volumes/BrokeExt/NICHE/songlab-cal_tape/scripts/generate_plots.py,Magic number 0.35 used in plot_rects.
songlab-cal_tape.tape,datasets,NPZDataset,Complex method,__init__,209 - 235,/Volumes/BrokeExt/NICHE/songlab-cal_tape/tape/datasets.py,"Method '__init__' has a cyclomatic complexity of 7, exceeding the max of 6."
songlab-cal_tape.tape,datasets,RemoteHomologyDataset,Long statement,__init__,521,/Volumes/BrokeExt/NICHE/songlab-cal_tape/tape/datasets.py,A line with 155 chars in __init__ exceeds the maximum length of 120 characters.
songlab-cal_tape.tape,datasets,TRRosettaDataset,Long statement,featurize,780,/Volumes/BrokeExt/NICHE/songlab-cal_tape/tape/datasets.py,A line with 136 chars in featurize exceeds the maximum length of 120 characters.
songlab-cal_tape.tape,datasets,MaskedLanguageModelingDataset,Magic number,_apply_bert_mask,354,/Volumes/BrokeExt/NICHE/songlab-cal_tape/tape/datasets.py,Magic number 0.15 used in _apply_bert_mask.
songlab-cal_tape.tape,datasets,MaskedLanguageModelingDataset,Magic number,_apply_bert_mask,355,/Volumes/BrokeExt/NICHE/songlab-cal_tape/tape/datasets.py,Magic number 0.15 used in _apply_bert_mask.
songlab-cal_tape.tape,datasets,MaskedLanguageModelingDataset,Magic number,_apply_bert_mask,358,/Volumes/BrokeExt/NICHE/songlab-cal_tape/tape/datasets.py,Magic number 0.8 used in _apply_bert_mask.
songlab-cal_tape.tape,datasets,MaskedLanguageModelingDataset,Magic number,_apply_bert_mask,361,/Volumes/BrokeExt/NICHE/songlab-cal_tape/tape/datasets.py,Magic number 0.9 used in _apply_bert_mask.
songlab-cal_tape.tape,datasets,ProteinnetDataset,Magic number,__getitem__,587,/Volumes/BrokeExt/NICHE/songlab-cal_tape/tape/datasets.py,Magic number 6 used in __getitem__.
songlab-cal_tape.tape,datasets,TRRosettaDataset,Magic number,__init__,661,/Volumes/BrokeExt/NICHE/songlab-cal_tape/tape/datasets.py,Magic number 300 used in __init__.
songlab-cal_tape.tape,datasets,TRRosettaDataset,Magic number,__init__,680,/Volumes/BrokeExt/NICHE/songlab-cal_tape/tape/datasets.py,Magic number 0.8 used in __init__.
songlab-cal_tape.tape,datasets,TRRosettaDataset,Magic number,__init__,681,/Volumes/BrokeExt/NICHE/songlab-cal_tape/tape/datasets.py,Magic number 4.5 used in __init__.
songlab-cal_tape.tape,datasets,TRRosettaDataset,Magic number,__init__,676,/Volumes/BrokeExt/NICHE/songlab-cal_tape/tape/datasets.py,Magic number 180 used in __init__.
songlab-cal_tape.tape,datasets,TRRosettaDataset,Magic number,__init__,677,/Volumes/BrokeExt/NICHE/songlab-cal_tape/tape/datasets.py,Magic number 180 used in __init__.
songlab-cal_tape.tape,datasets,TRRosettaDataset,Magic number,__init__,676,/Volumes/BrokeExt/NICHE/songlab-cal_tape/tape/datasets.py,Magic number 15 used in __init__.
songlab-cal_tape.tape,datasets,TRRosettaDataset,Magic number,__init__,677,/Volumes/BrokeExt/NICHE/songlab-cal_tape/tape/datasets.py,Magic number 15 used in __init__.
songlab-cal_tape.tape,datasets,TRRosettaDataset,Magic number,__getitem__,698,/Volumes/BrokeExt/NICHE/songlab-cal_tape/tape/datasets.py,Magic number 20000 used in __getitem__.
songlab-cal_tape.tape,datasets,TRRosettaDataset,Magic number,_subsample_msa,737,/Volumes/BrokeExt/NICHE/songlab-cal_tape/tape/datasets.py,Magic number 10 used in _subsample_msa.
songlab-cal_tape.tape,datasets,TRRosettaDataset,Magic number,_subsample_msa,744,/Volumes/BrokeExt/NICHE/songlab-cal_tape/tape/datasets.py,Magic number 20000 used in _subsample_msa.
songlab-cal_tape.tape,datasets,TRRosettaDataset,Magic number,_subsample_msa,745,/Volumes/BrokeExt/NICHE/songlab-cal_tape/tape/datasets.py,Magic number 20000 used in _subsample_msa.
songlab-cal_tape.tape,datasets,TRRosettaDataset,Magic number,extract_features_1d,805,/Volumes/BrokeExt/NICHE/songlab-cal_tape/tape/datasets.py,Magic number 1e-09 used in extract_features_1d.
songlab-cal_tape.tape,datasets,TRRosettaDataset,Magic number,extract_features_1d,801,/Volumes/BrokeExt/NICHE/songlab-cal_tape/tape/datasets.py,Magic number 20 used in extract_features_1d.
songlab-cal_tape.tape,datasets,TRRosettaDataset,Magic number,extract_features_2d,817,/Volumes/BrokeExt/NICHE/songlab-cal_tape/tape/datasets.py,Magic number 21 used in extract_features_2d.
songlab-cal_tape.tape,main,,Complex method,run_train,164 - 191,/Volumes/BrokeExt/NICHE/songlab-cal_tape/tape/main.py,"Method 'run_train' has a cyclomatic complexity of 8, exceeding the max of 6."
songlab-cal_tape.tape,main,,Long method,create_train_parser,55 - 95,/Volumes/BrokeExt/NICHE/songlab-cal_tape/tape/main.py,Method 'create_train_parser' is too long (41 lines).
songlab-cal_tape.tape,main,,Long statement,create_base_parser,39,/Volumes/BrokeExt/NICHE/songlab-cal_tape/tape/main.py,A line with 137 chars in create_base_parser exceeds the maximum length of 120 characters.
songlab-cal_tape.tape,main,,Long statement,create_base_parser,42,/Volumes/BrokeExt/NICHE/songlab-cal_tape/tape/main.py,A line with 133 chars in create_base_parser exceeds the maximum length of 120 characters.
songlab-cal_tape.tape,main,,Long statement,create_base_parser,44,/Volumes/BrokeExt/NICHE/songlab-cal_tape/tape/main.py,A line with 122 chars in create_base_parser exceeds the maximum length of 120 characters.
songlab-cal_tape.tape,main,,Long statement,create_base_parser,46,/Volumes/BrokeExt/NICHE/songlab-cal_tape/tape/main.py,A line with 209 chars in create_base_parser exceeds the maximum length of 120 characters.
songlab-cal_tape.tape,main,,Long statement,create_train_parser,64,/Volumes/BrokeExt/NICHE/songlab-cal_tape/tape/main.py,A line with 123 chars in create_train_parser exceeds the maximum length of 120 characters.
songlab-cal_tape.tape,main,,Long statement,create_train_parser,73,/Volumes/BrokeExt/NICHE/songlab-cal_tape/tape/main.py,A line with 138 chars in create_train_parser exceeds the maximum length of 120 characters.
songlab-cal_tape.tape,main,,Long statement,create_train_parser,81,/Volumes/BrokeExt/NICHE/songlab-cal_tape/tape/main.py,A line with 129 chars in create_train_parser exceeds the maximum length of 120 characters.
songlab-cal_tape.tape,main,,Long statement,create_train_parser,84,/Volumes/BrokeExt/NICHE/songlab-cal_tape/tape/main.py,A line with 131 chars in create_train_parser exceeds the maximum length of 120 characters.
songlab-cal_tape.tape,main,,Long statement,create_train_parser,87,/Volumes/BrokeExt/NICHE/songlab-cal_tape/tape/main.py,A line with 177 chars in create_train_parser exceeds the maximum length of 120 characters.
songlab-cal_tape.tape,main,,Long statement,create_train_parser,90,/Volumes/BrokeExt/NICHE/songlab-cal_tape/tape/main.py,A line with 133 chars in create_train_parser exceeds the maximum length of 120 characters.
songlab-cal_tape.tape,main,,Long statement,create_train_parser,93,/Volumes/BrokeExt/NICHE/songlab-cal_tape/tape/main.py,A line with 123 chars in create_train_parser exceeds the maximum length of 120 characters.
songlab-cal_tape.tape,main,,Long statement,create_eval_parser,107,/Volumes/BrokeExt/NICHE/songlab-cal_tape/tape/main.py,A line with 123 chars in create_eval_parser exceeds the maximum length of 120 characters.
songlab-cal_tape.tape,main,,Long statement,create_eval_parser,109,/Volumes/BrokeExt/NICHE/songlab-cal_tape/tape/main.py,A line with 147 chars in create_eval_parser exceeds the maximum length of 120 characters.
songlab-cal_tape.tape,main,,Long statement,create_embed_parser,130,/Volumes/BrokeExt/NICHE/songlab-cal_tape/tape/main.py,A line with 201 chars in create_embed_parser exceeds the maximum length of 120 characters.
songlab-cal_tape.tape,main,,Long statement,create_distributed_parser,147,/Volumes/BrokeExt/NICHE/songlab-cal_tape/tape/main.py,A line with 252 chars in create_distributed_parser exceeds the maximum length of 120 characters.
songlab-cal_tape.tape,main,,Long statement,create_distributed_parser,152,/Volumes/BrokeExt/NICHE/songlab-cal_tape/tape/main.py,A line with 245 chars in create_distributed_parser exceeds the maximum length of 120 characters.
songlab-cal_tape.tape,main,,Long statement,create_distributed_parser,157,/Volumes/BrokeExt/NICHE/songlab-cal_tape/tape/main.py,A line with 170 chars in create_distributed_parser exceeds the maximum length of 120 characters.
songlab-cal_tape.tape,main,,Long statement,run_train_distributed,250,/Volumes/BrokeExt/NICHE/songlab-cal_tape/tape/main.py,A line with 129 chars in run_train_distributed exceeds the maximum length of 120 characters.
songlab-cal_tape.tape,optimization,AdamW,Complex method,step,149 - 209,/Volumes/BrokeExt/NICHE/songlab-cal_tape/tape/optimization.py,"Method 'step' has a cyclomatic complexity of 9, exceeding the max of 6."
songlab-cal_tape.tape,optimization,WarmupCosineWithHardRestartsSchedule,Long identifier,,94,/Volumes/BrokeExt/NICHE/songlab-cal_tape/tape/optimization.py,Identifier'WarmupCosineWithHardRestartsSchedule' exceeds the maximum length of 30 characters.
songlab-cal_tape.tape,optimization,AdamW,Long method,step,149 - 209,/Volumes/BrokeExt/NICHE/songlab-cal_tape/tape/optimization.py,Method 'step' is too long (54 lines).
songlab-cal_tape.tape,optimization,AdamW,Long parameter list,__init__,130 - 147,/Volumes/BrokeExt/NICHE/songlab-cal_tape/tape/optimization.py,"__init__ has 6 parameters, exceeding the max of 5."
songlab-cal_tape.tape,optimization,AdamW,Long statement,step,150,/Volumes/BrokeExt/NICHE/songlab-cal_tape/tape/optimization.py,A line with 189 chars in step exceeds the maximum length of 120 characters.
songlab-cal_tape.tape,optimization,WarmupCosineSchedule,Magic number,__init__,78,/Volumes/BrokeExt/NICHE/songlab-cal_tape/tape/optimization.py,Magic number 0.5 used in __init__.
songlab-cal_tape.tape,optimization,AdamW,Magic number,__init__,132,/Volumes/BrokeExt/NICHE/songlab-cal_tape/tape/optimization.py,Magic number 0.001 used in __init__.
songlab-cal_tape.tape,optimization,AdamW,Magic number,__init__,134,/Volumes/BrokeExt/NICHE/songlab-cal_tape/tape/optimization.py,Magic number 1e-06 used in __init__.
songlab-cal_tape.tape,optimization,AdamW,Magic number,__init__,133,/Volumes/BrokeExt/NICHE/songlab-cal_tape/tape/optimization.py,Magic number 0.9 used in __init__.
songlab-cal_tape.tape,optimization,AdamW,Magic number,__init__,133,/Volumes/BrokeExt/NICHE/songlab-cal_tape/tape/optimization.py,Magic number 0.999 used in __init__.
songlab-cal_tape.tape,registry,Registry,Long statement,register_task,60,/Volumes/BrokeExt/NICHE/songlab-cal_tape/tape/registry.py,A line with 1874 chars in register_task exceeds the maximum length of 120 characters.
songlab-cal_tape.tape,registry,Registry,Long statement,register_task_spec,113,/Volumes/BrokeExt/NICHE/songlab-cal_tape/tape/registry.py,A line with 255 chars in register_task_spec exceeds the maximum length of 120 characters.
songlab-cal_tape.tape,registry,Registry,Long statement,register_task_model,130,/Volumes/BrokeExt/NICHE/songlab-cal_tape/tape/registry.py,A line with 1202 chars in register_task_model exceeds the maximum length of 120 characters.
songlab-cal_tape.tape,registry,Registry,Long statement,register_task_model,161,/Volumes/BrokeExt/NICHE/songlab-cal_tape/tape/registry.py,A line with 138 chars in register_task_model exceeds the maximum length of 120 characters.
songlab-cal_tape.tape,registry,Registry,Long statement,register_metric,168,/Volumes/BrokeExt/NICHE/songlab-cal_tape/tape/registry.py,A line with 328 chars in register_metric exceeds the maximum length of 120 characters.
songlab-cal_tape.tape,registry,Registry,Long statement,get_task_model,202,/Volumes/BrokeExt/NICHE/songlab-cal_tape/tape/registry.py,A line with 660 chars in get_task_model exceeds the maximum length of 120 characters.
songlab-cal_tape.tape,tokenizers,TAPETokenizer,Long statement,add_special_tokens,158,/Volumes/BrokeExt/NICHE/songlab-cal_tape/tape/tokenizers.py,A line with 159 chars in add_special_tokens exceeds the maximum length of 120 characters.
songlab-cal_tape.tape,tokenizers,,Long statement,,8,/Volumes/BrokeExt/NICHE/songlab-cal_tape/tape/tokenizers.py,A line with 363 chars in tokenizers exceeds the maximum length of 120 characters.
songlab-cal_tape.tape,tokenizers,,Long statement,,34,/Volumes/BrokeExt/NICHE/songlab-cal_tape/tape/tokenizers.py,A line with 368 chars in tokenizers exceeds the maximum length of 120 characters.
songlab-cal_tape.tape,tokenizers,,Long statement,,66,/Volumes/BrokeExt/NICHE/songlab-cal_tape/tape/tokenizers.py,A line with 349 chars in tokenizers exceeds the maximum length of 120 characters.
songlab-cal_tape.tape,training,,Complex method,run_train_epoch,264 - 314,/Volumes/BrokeExt/NICHE/songlab-cal_tape/tape/training.py,"Method 'run_train_epoch' has a cyclomatic complexity of 7, exceeding the max of 6."
songlab-cal_tape.tape,training,,Complex method,run_train,386 - 539,/Volumes/BrokeExt/NICHE/songlab-cal_tape/tape/training.py,"Method 'run_train' has a cyclomatic complexity of 17, exceeding the max of 6."
songlab-cal_tape.tape,training,BackwardRunner,Empty catch block,save_state,181,/Volumes/BrokeExt/NICHE/songlab-cal_tape/tape/training.py,Empty catch block found in save_state.
songlab-cal_tape.tape,training,,Long method,run_train_epoch,264 - 314,/Volumes/BrokeExt/NICHE/songlab-cal_tape/tape/training.py,Method 'run_train_epoch' is too long (42 lines).
songlab-cal_tape.tape,training,,Long method,run_train,386 - 539,/Volumes/BrokeExt/NICHE/songlab-cal_tape/tape/training.py,Method 'run_train' is too long (107 lines).
songlab-cal_tape.tape,training,,Long method,run_embed,593 - 649,/Volumes/BrokeExt/NICHE/songlab-cal_tape/tape/training.py,Method 'run_embed' is too long (41 lines).
songlab-cal_tape.tape,training,,Long parameter list,run_train_epoch,264 - 314,/Volumes/BrokeExt/NICHE/songlab-cal_tape/tape/training.py,"run_train_epoch has 6 parameters, exceeding the max of 5."
songlab-cal_tape.tape,training,,Long parameter list,run_train,386 - 539,/Volumes/BrokeExt/NICHE/songlab-cal_tape/tape/training.py,"run_train has 28 parameters, exceeding the max of 5."
songlab-cal_tape.tape,training,,Long parameter list,run_eval,542 - 590,/Volumes/BrokeExt/NICHE/songlab-cal_tape/tape/training.py,"run_eval has 14 parameters, exceeding the max of 5."
songlab-cal_tape.tape,training,,Long parameter list,run_embed,593 - 649,/Volumes/BrokeExt/NICHE/songlab-cal_tape/tape/training.py,"run_embed has 12 parameters, exceeding the max of 5."
songlab-cal_tape.tape,training,BackwardRunner,Long parameter list,__init__,118 - 140,/Volumes/BrokeExt/NICHE/songlab-cal_tape/tape/training.py,"__init__ has 10 parameters, exceeding the max of 5."
songlab-cal_tape.tape,training,,Long statement,_get_outputs_to_save,358,/Volumes/BrokeExt/NICHE/songlab-cal_tape/tape/training.py,A line with 126 chars in _get_outputs_to_save exceeds the maximum length of 120 characters.
songlab-cal_tape.tape,training,,Long statement,run_train,435,/Volumes/BrokeExt/NICHE/songlab-cal_tape/tape/training.py,A line with 121 chars in run_train exceeds the maximum length of 120 characters.
songlab-cal_tape.tape,training,,Long statement,run_train,438,/Volumes/BrokeExt/NICHE/songlab-cal_tape/tape/training.py,A line with 121 chars in run_train exceeds the maximum length of 120 characters.
songlab-cal_tape.tape,training,,Long statement,run_train,459,/Volumes/BrokeExt/NICHE/songlab-cal_tape/tape/training.py,A line with 162 chars in run_train exceeds the maximum length of 120 characters.
songlab-cal_tape.tape,training,BackwardRunner,Long statement,initialize_fp16,144,/Volumes/BrokeExt/NICHE/songlab-cal_tape/tape/training.py,A line with 132 chars in initialize_fp16 exceeds the maximum length of 120 characters.
songlab-cal_tape.tape,training,BackwardRunner,Long statement,save_state,173,/Volumes/BrokeExt/NICHE/songlab-cal_tape/tape/training.py,A line with 153 chars in save_state exceeds the maximum length of 120 characters.
songlab-cal_tape.tape,training,BackwardRunner,Long statement,_step_distributed_fp16,225,/Volumes/BrokeExt/NICHE/songlab-cal_tape/tape/training.py,A line with 182 chars in _step_distributed_fp16 exceeds the maximum length of 120 characters.
songlab-cal_tape.tape,training,,Magic number,run_train_epoch,268,/Volumes/BrokeExt/NICHE/songlab-cal_tape/tape/training.py,Magic number 20 used in run_train_epoch.
songlab-cal_tape.tape,training,,Magic number,run_train,388,/Volumes/BrokeExt/NICHE/songlab-cal_tape/tape/training.py,Magic number 0.0001 used in run_train.
songlab-cal_tape.tape,training,,Magic number,run_train,389,/Volumes/BrokeExt/NICHE/songlab-cal_tape/tape/training.py,Magic number 1024 used in run_train.
songlab-cal_tape.tape,training,,Magic number,run_train,390,/Volumes/BrokeExt/NICHE/songlab-cal_tape/tape/training.py,Magic number 10 used in run_train.
songlab-cal_tape.tape,training,,Magic number,run_train,391,/Volumes/BrokeExt/NICHE/songlab-cal_tape/tape/training.py,Magic number 20 used in run_train.
songlab-cal_tape.tape,training,,Magic number,run_train,393,/Volumes/BrokeExt/NICHE/songlab-cal_tape/tape/training.py,Magic number 10000 used in run_train.
songlab-cal_tape.tape,training,,Magic number,run_train,406,/Volumes/BrokeExt/NICHE/songlab-cal_tape/tape/training.py,Magic number 42 used in run_train.
songlab-cal_tape.tape,training,,Magic number,run_train,409,/Volumes/BrokeExt/NICHE/songlab-cal_tape/tape/training.py,Magic number 8 used in run_train.
songlab-cal_tape.tape,training,,Magic number,run_eval,546,/Volumes/BrokeExt/NICHE/songlab-cal_tape/tape/training.py,Magic number 1024 used in run_eval.
songlab-cal_tape.tape,training,,Magic number,run_eval,550,/Volumes/BrokeExt/NICHE/songlab-cal_tape/tape/training.py,Magic number 42 used in run_eval.
songlab-cal_tape.tape,training,,Magic number,run_eval,552,/Volumes/BrokeExt/NICHE/songlab-cal_tape/tape/training.py,Magic number 8 used in run_eval.
songlab-cal_tape.tape,training,,Magic number,run_embed,597,/Volumes/BrokeExt/NICHE/songlab-cal_tape/tape/training.py,Magic number 1024 used in run_embed.
songlab-cal_tape.tape,training,,Magic number,run_embed,601,/Volumes/BrokeExt/NICHE/songlab-cal_tape/tape/training.py,Magic number 42 used in run_embed.
songlab-cal_tape.tape,training,,Magic number,run_embed,603,/Volumes/BrokeExt/NICHE/songlab-cal_tape/tape/training.py,Magic number 8 used in run_embed.
songlab-cal_tape.tape,training,BackwardRunner,Magic number,__init__,128,/Volumes/BrokeExt/NICHE/songlab-cal_tape/tape/training.py,Magic number 1000000 used in __init__.
songlab-cal_tape.tape,training,BackwardRunner,Magic number,initialize_fp16,147,/Volumes/BrokeExt/NICHE/songlab-cal_tape/tape/training.py,Magic number 2 used in initialize_fp16.
songlab-cal_tape.tape,training,BackwardRunner,Magic number,initialize_fp16,147,/Volumes/BrokeExt/NICHE/songlab-cal_tape/tape/training.py,Magic number 20 used in initialize_fp16.
songlab-cal_tape.tape.models,file_utils,,Complex method,cached_path,132 - 168,/Volumes/BrokeExt/NICHE/songlab-cal_tape/tape/models/file_utils.py,"Method 'cached_path' has a cyclomatic complexity of 9, exceeding the max of 6."
songlab-cal_tape.tape.models,file_utils,,Complex method,get_from_cache,232 - 353,/Volumes/BrokeExt/NICHE/songlab-cal_tape/tape/models/file_utils.py,"Method 'get_from_cache' has a cyclomatic complexity of 19, exceeding the max of 6."
songlab-cal_tape.tape.models,file_utils,,Long method,get_from_cache,232 - 353,/Volumes/BrokeExt/NICHE/songlab-cal_tape/tape/models/file_utils.py,Method 'get_from_cache' is too long (106 lines).
songlab-cal_tape.tape.models,file_utils,,Long statement,url_to_filename,89,/Volumes/BrokeExt/NICHE/songlab-cal_tape/tape/models/file_utils.py,A line with 158 chars in url_to_filename exceeds the maximum length of 120 characters.
songlab-cal_tape.tape.models,file_utils,,Long statement,filename_to_url,107,/Volumes/BrokeExt/NICHE/songlab-cal_tape/tape/models/file_utils.py,A line with 167 chars in filename_to_url exceeds the maximum length of 120 characters.
songlab-cal_tape.tape.models,file_utils,,Long statement,cached_path,133,/Volumes/BrokeExt/NICHE/songlab-cal_tape/tape/models/file_utils.py,A line with 510 chars in cached_path exceeds the maximum length of 120 characters.
songlab-cal_tape.tape.models,file_utils,,Long statement,get_from_cache,233,/Volumes/BrokeExt/NICHE/songlab-cal_tape/tape/models/file_utils.py,A line with 159 chars in get_from_cache exceeds the maximum length of 120 characters.
songlab-cal_tape.tape.models,file_utils,,Long statement,get_from_cache,319,/Volumes/BrokeExt/NICHE/songlab-cal_tape/tape/models/file_utils.py,A line with 1576 chars in get_from_cache exceeds the maximum length of 120 characters.
songlab-cal_tape.tape.models,file_utils,,Long statement,,1,/Volumes/BrokeExt/NICHE/songlab-cal_tape/tape/models/file_utils.py,A line with 393 chars in file_utils exceeds the maximum length of 120 characters.
songlab-cal_tape.tape.models,file_utils,,Long statement,,51,/Volumes/BrokeExt/NICHE/songlab-cal_tape/tape/models/file_utils.py,A line with 162 chars in file_utils exceeds the maximum length of 120 characters.
songlab-cal_tape.tape.models,file_utils,,Magic number,get_etag,82,/Volumes/BrokeExt/NICHE/songlab-cal_tape/tape/models/file_utils.py,Magic number 2 used in get_etag.
songlab-cal_tape.tape.models,file_utils,,Magic number,get_etag,75,/Volumes/BrokeExt/NICHE/songlab-cal_tape/tape/models/file_utils.py,Magic number 200 used in get_etag.
songlab-cal_tape.tape.models,file_utils,,Magic number,filename_to_url,113,/Volumes/BrokeExt/NICHE/songlab-cal_tape/tape/models/file_utils.py,Magic number 3 used in filename_to_url.
songlab-cal_tape.tape.models,file_utils,,Magic number,cached_path,147,/Volumes/BrokeExt/NICHE/songlab-cal_tape/tape/models/file_utils.py,Magic number 3 used in cached_path.
songlab-cal_tape.tape.models,file_utils,,Magic number,cached_path,149,/Volumes/BrokeExt/NICHE/songlab-cal_tape/tape/models/file_utils.py,Magic number 3 used in cached_path.
songlab-cal_tape.tape.models,file_utils,,Magic number,s3_request,195,/Volumes/BrokeExt/NICHE/songlab-cal_tape/tape/models/file_utils.py,Magic number 404 used in s3_request.
songlab-cal_tape.tape.models,file_utils,,Magic number,get_from_cache,239,/Volumes/BrokeExt/NICHE/songlab-cal_tape/tape/models/file_utils.py,Magic number 3 used in get_from_cache.
songlab-cal_tape.tape.models,file_utils,,Magic number,get_from_cache,241,/Volumes/BrokeExt/NICHE/songlab-cal_tape/tape/models/file_utils.py,Magic number 2 used in get_from_cache.
songlab-cal_tape.tape.models,file_utils,,Magic number,get_from_cache,260,/Volumes/BrokeExt/NICHE/songlab-cal_tape/tape/models/file_utils.py,Magic number 2 used in get_from_cache.
songlab-cal_tape.tape.models,file_utils,,Magic number,get_from_cache,253,/Volumes/BrokeExt/NICHE/songlab-cal_tape/tape/models/file_utils.py,Magic number 200 used in get_from_cache.
songlab-cal_tape.tape.models,modeling_bert,ProteinBertEncoder,Complex method,forward,326 - 361,/Volumes/BrokeExt/NICHE/songlab-cal_tape/tape/models/modeling_bert.py,"Method 'forward' has a cyclomatic complexity of 11, exceeding the max of 6."
songlab-cal_tape.tape.models,modeling_bert,ProteinBertForSequenceClassification,Long identifier,,516,/Volumes/BrokeExt/NICHE/songlab-cal_tape/tape/models/modeling_bert.py,Identifier'ProteinBertForSequenceClassification' exceeds the maximum length of 30 characters.
songlab-cal_tape.tape.models,modeling_bert,ProteinBertForSequenceToSequenceClassification,Long identifier,,539,/Volumes/BrokeExt/NICHE/songlab-cal_tape/tape/models/modeling_bert.py,Identifier'ProteinBertForSequenceToSequenceClassification' exceeds the maximum length of 30 characters.
songlab-cal_tape.tape.models,modeling_bert,ProteinBertForContactPrediction,Long identifier,,561,/Volumes/BrokeExt/NICHE/songlab-cal_tape/tape/models/modeling_bert.py,Identifier'ProteinBertForContactPrediction' exceeds the maximum length of 30 characters.
songlab-cal_tape.tape.models,modeling_bert,,Long identifier,,43,/Volumes/BrokeExt/NICHE/songlab-cal_tape/tape/models/modeling_bert.py,Identifier'BERT_PRETRAINED_MODEL_ARCHIVE_MAP' exceeds the maximum length of 30 characters.
songlab-cal_tape.tape.models,modeling_bert,,Long identifier,,46,/Volumes/BrokeExt/NICHE/songlab-cal_tape/tape/models/modeling_bert.py,Identifier'BERT_PRETRAINED_CONFIG_ARCHIVE_MAP' exceeds the maximum length of 30 characters.
songlab-cal_tape.tape.models,modeling_bert,ProteinBertConfig,Long parameter list,__init__,83 - 109,/Volumes/BrokeExt/NICHE/songlab-cal_tape/tape/models/modeling_bert.py,"__init__ has 12 parameters, exceeding the max of 5."
songlab-cal_tape.tape.models,modeling_bert,ProteinBertSelfAttention,Long statement,__init__,150,/Volumes/BrokeExt/NICHE/songlab-cal_tape/tape/models/modeling_bert.py,A line with 149 chars in __init__ exceeds the maximum length of 120 characters.
songlab-cal_tape.tape.models,modeling_bert,ProteinBertModel,Long statement,_prune_heads,417,/Volumes/BrokeExt/NICHE/songlab-cal_tape/tape/models/modeling_bert.py,A line with 167 chars in _prune_heads exceeds the maximum length of 120 characters.
songlab-cal_tape.tape.models,modeling_bert,ProteinBertForMaskedLM,Long statement,tie_weights,473,/Volumes/BrokeExt/NICHE/songlab-cal_tape/tape/models/modeling_bert.py,A line with 168 chars in tie_weights exceeds the maximum length of 120 characters.
songlab-cal_tape.tape.models,modeling_bert,ProteinBertConfig,Magic number,__init__,84,/Volumes/BrokeExt/NICHE/songlab-cal_tape/tape/models/modeling_bert.py,Magic number 30 used in __init__.
songlab-cal_tape.tape.models,modeling_bert,ProteinBertConfig,Magic number,__init__,85,/Volumes/BrokeExt/NICHE/songlab-cal_tape/tape/models/modeling_bert.py,Magic number 768 used in __init__.
songlab-cal_tape.tape.models,modeling_bert,ProteinBertConfig,Magic number,__init__,86,/Volumes/BrokeExt/NICHE/songlab-cal_tape/tape/models/modeling_bert.py,Magic number 12 used in __init__.
songlab-cal_tape.tape.models,modeling_bert,ProteinBertConfig,Magic number,__init__,87,/Volumes/BrokeExt/NICHE/songlab-cal_tape/tape/models/modeling_bert.py,Magic number 12 used in __init__.
songlab-cal_tape.tape.models,modeling_bert,ProteinBertConfig,Magic number,__init__,88,/Volumes/BrokeExt/NICHE/songlab-cal_tape/tape/models/modeling_bert.py,Magic number 3072 used in __init__.
songlab-cal_tape.tape.models,modeling_bert,ProteinBertConfig,Magic number,__init__,90,/Volumes/BrokeExt/NICHE/songlab-cal_tape/tape/models/modeling_bert.py,Magic number 0.1 used in __init__.
songlab-cal_tape.tape.models,modeling_bert,ProteinBertConfig,Magic number,__init__,91,/Volumes/BrokeExt/NICHE/songlab-cal_tape/tape/models/modeling_bert.py,Magic number 0.1 used in __init__.
songlab-cal_tape.tape.models,modeling_bert,ProteinBertConfig,Magic number,__init__,92,/Volumes/BrokeExt/NICHE/songlab-cal_tape/tape/models/modeling_bert.py,Magic number 8096 used in __init__.
songlab-cal_tape.tape.models,modeling_bert,ProteinBertConfig,Magic number,__init__,93,/Volumes/BrokeExt/NICHE/songlab-cal_tape/tape/models/modeling_bert.py,Magic number 2 used in __init__.
songlab-cal_tape.tape.models,modeling_bert,ProteinBertConfig,Magic number,__init__,94,/Volumes/BrokeExt/NICHE/songlab-cal_tape/tape/models/modeling_bert.py,Magic number 0.02 used in __init__.
songlab-cal_tape.tape.models,modeling_bert,ProteinBertConfig,Magic number,__init__,95,/Volumes/BrokeExt/NICHE/songlab-cal_tape/tape/models/modeling_bert.py,Magic number 1e-12 used in __init__.
songlab-cal_tape.tape.models,modeling_bert,ProteinBertSelfAttention,Magic number,forward,196,/Volumes/BrokeExt/NICHE/songlab-cal_tape/tape/models/modeling_bert.py,Magic number 2 used in forward.
songlab-cal_tape.tape.models,modeling_bert,ProteinBertModel,Magic number,forward,444,/Volumes/BrokeExt/NICHE/songlab-cal_tape/tape/models/modeling_bert.py,Magic number 10000.0 used in forward.
songlab-cal_tape.tape.models,modeling_bert,ProteinBertForMaskedLM,Magic number,forward,486,/Volumes/BrokeExt/NICHE/songlab-cal_tape/tape/models/modeling_bert.py,Magic number 2 used in forward.
songlab-cal_tape.tape.models,modeling_bert,ProteinBertForMaskedLM,Magic number,forward,488,/Volumes/BrokeExt/NICHE/songlab-cal_tape/tape/models/modeling_bert.py,Magic number 2 used in forward.
songlab-cal_tape.tape.models,modeling_bert,ProteinBertForValuePrediction,Magic number,forward,509,/Volumes/BrokeExt/NICHE/songlab-cal_tape/tape/models/modeling_bert.py,Magic number 2 used in forward.
songlab-cal_tape.tape.models,modeling_bert,ProteinBertForValuePrediction,Magic number,forward,510,/Volumes/BrokeExt/NICHE/songlab-cal_tape/tape/models/modeling_bert.py,Magic number 2 used in forward.
songlab-cal_tape.tape.models,modeling_bert,ProteinBertForSequenceClassification,Magic number,forward,531,/Volumes/BrokeExt/NICHE/songlab-cal_tape/tape/models/modeling_bert.py,Magic number 2 used in forward.
songlab-cal_tape.tape.models,modeling_bert,ProteinBertForSequenceClassification,Magic number,forward,533,/Volumes/BrokeExt/NICHE/songlab-cal_tape/tape/models/modeling_bert.py,Magic number 2 used in forward.
songlab-cal_tape.tape.models,modeling_bert,ProteinBertForSequenceToSequenceClassification,Magic number,forward,554,/Volumes/BrokeExt/NICHE/songlab-cal_tape/tape/models/modeling_bert.py,Magic number 2 used in forward.
songlab-cal_tape.tape.models,modeling_bert,ProteinBertForSequenceToSequenceClassification,Magic number,forward,555,/Volumes/BrokeExt/NICHE/songlab-cal_tape/tape/models/modeling_bert.py,Magic number 2 used in forward.
songlab-cal_tape.tape.models,modeling_bert,ProteinBertForContactPrediction,Magic number,forward,575,/Volumes/BrokeExt/NICHE/songlab-cal_tape/tape/models/modeling_bert.py,Magic number 2 used in forward.
songlab-cal_tape.tape.models,modeling_bert,ProteinBertForContactPrediction,Magic number,forward,576,/Volumes/BrokeExt/NICHE/songlab-cal_tape/tape/models/modeling_bert.py,Magic number 2 used in forward.
songlab-cal_tape.tape.models,modeling_lstm,ProteinLSTMForSequenceClassification,Long identifier,,232,/Volumes/BrokeExt/NICHE/songlab-cal_tape/tape/models/modeling_lstm.py,Identifier'ProteinLSTMForSequenceClassification' exceeds the maximum length of 30 characters.
songlab-cal_tape.tape.models,modeling_lstm,ProteinLSTMForSequenceToSequenceClassification,Long identifier,,254,/Volumes/BrokeExt/NICHE/songlab-cal_tape/tape/models/modeling_lstm.py,Identifier'ProteinLSTMForSequenceToSequenceClassification' exceeds the maximum length of 30 characters.
songlab-cal_tape.tape.models,modeling_lstm,ProteinLSTMForContactPrediction,Long identifier,,287,/Volumes/BrokeExt/NICHE/songlab-cal_tape/tape/models/modeling_lstm.py,Identifier'ProteinLSTMForContactPrediction' exceeds the maximum length of 30 characters.
songlab-cal_tape.tape.models,modeling_lstm,,Long identifier,,19,/Volumes/BrokeExt/NICHE/songlab-cal_tape/tape/models/modeling_lstm.py,Identifier'LSTM_PRETRAINED_CONFIG_ARCHIVE_MAP' exceeds the maximum length of 30 characters.
songlab-cal_tape.tape.models,modeling_lstm,,Long identifier,,20,/Volumes/BrokeExt/NICHE/songlab-cal_tape/tape/models/modeling_lstm.py,Identifier'LSTM_PRETRAINED_MODEL_ARCHIVE_MAP' exceeds the maximum length of 30 characters.
songlab-cal_tape.tape.models,modeling_lstm,ProteinLSTMConfig,Long parameter list,__init__,26 - 40,/Volumes/BrokeExt/NICHE/songlab-cal_tape/tape/models/modeling_lstm.py,"__init__ has 6 parameters, exceeding the max of 5."
songlab-cal_tape.tape.models,modeling_lstm,ProteinLSTMConfig,Magic number,__init__,27,/Volumes/BrokeExt/NICHE/songlab-cal_tape/tape/models/modeling_lstm.py,Magic number 30 used in __init__.
songlab-cal_tape.tape.models,modeling_lstm,ProteinLSTMConfig,Magic number,__init__,28,/Volumes/BrokeExt/NICHE/songlab-cal_tape/tape/models/modeling_lstm.py,Magic number 128 used in __init__.
songlab-cal_tape.tape.models,modeling_lstm,ProteinLSTMConfig,Magic number,__init__,29,/Volumes/BrokeExt/NICHE/songlab-cal_tape/tape/models/modeling_lstm.py,Magic number 1024 used in __init__.
songlab-cal_tape.tape.models,modeling_lstm,ProteinLSTMConfig,Magic number,__init__,30,/Volumes/BrokeExt/NICHE/songlab-cal_tape/tape/models/modeling_lstm.py,Magic number 3 used in __init__.
songlab-cal_tape.tape.models,modeling_lstm,ProteinLSTMConfig,Magic number,__init__,31,/Volumes/BrokeExt/NICHE/songlab-cal_tape/tape/models/modeling_lstm.py,Magic number 0.1 used in __init__.
songlab-cal_tape.tape.models,modeling_lstm,ProteinLSTMConfig,Magic number,__init__,32,/Volumes/BrokeExt/NICHE/songlab-cal_tape/tape/models/modeling_lstm.py,Magic number 0.02 used in __init__.
songlab-cal_tape.tape.models,modeling_lstm,ProteinLSTMModel,Magic number,forward,165,/Volumes/BrokeExt/NICHE/songlab-cal_tape/tape/models/modeling_lstm.py,Magic number 2 used in forward.
songlab-cal_tape.tape.models,modeling_lstm,ProteinLSTMForLM,Magic number,forward,187,/Volumes/BrokeExt/NICHE/songlab-cal_tape/tape/models/modeling_lstm.py,Magic number 2 used in forward.
songlab-cal_tape.tape.models,modeling_lstm,ProteinLSTMForLM,Magic number,forward,197,/Volumes/BrokeExt/NICHE/songlab-cal_tape/tape/models/modeling_lstm.py,Magic number 2 used in forward.
songlab-cal_tape.tape.models,modeling_lstm,ProteinLSTMForValuePrediction,Magic number,forward,225,/Volumes/BrokeExt/NICHE/songlab-cal_tape/tape/models/modeling_lstm.py,Magic number 2 used in forward.
songlab-cal_tape.tape.models,modeling_lstm,ProteinLSTMForValuePrediction,Magic number,forward,226,/Volumes/BrokeExt/NICHE/songlab-cal_tape/tape/models/modeling_lstm.py,Magic number 2 used in forward.
songlab-cal_tape.tape.models,modeling_lstm,ProteinLSTMForSequenceClassification,Magic number,forward,247,/Volumes/BrokeExt/NICHE/songlab-cal_tape/tape/models/modeling_lstm.py,Magic number 2 used in forward.
songlab-cal_tape.tape.models,modeling_lstm,ProteinLSTMForSequenceClassification,Magic number,forward,248,/Volumes/BrokeExt/NICHE/songlab-cal_tape/tape/models/modeling_lstm.py,Magic number 2 used in forward.
songlab-cal_tape.tape.models,modeling_lstm,ProteinLSTMForSequenceToSequenceClassification,Magic number,forward,269,/Volumes/BrokeExt/NICHE/songlab-cal_tape/tape/models/modeling_lstm.py,Magic number 2 used in forward.
songlab-cal_tape.tape.models,modeling_lstm,ProteinLSTMForSequenceToSequenceClassification,Magic number,forward,273,/Volumes/BrokeExt/NICHE/songlab-cal_tape/tape/models/modeling_lstm.py,Magic number 2 used in forward.
songlab-cal_tape.tape.models,modeling_lstm,ProteinLSTMForContactPrediction,Magic number,forward,301,/Volumes/BrokeExt/NICHE/songlab-cal_tape/tape/models/modeling_lstm.py,Magic number 2 used in forward.
songlab-cal_tape.tape.models,modeling_lstm,ProteinLSTMForContactPrediction,Magic number,forward,302,/Volumes/BrokeExt/NICHE/songlab-cal_tape/tape/models/modeling_lstm.py,Magic number 2 used in forward.
songlab-cal_tape.tape.models,modeling_onehot,ProteinOneHotForValuePrediction,Long identifier,,74,/Volumes/BrokeExt/NICHE/songlab-cal_tape/tape/models/modeling_onehot.py,Identifier'ProteinOneHotForValuePrediction' exceeds the maximum length of 30 characters.
songlab-cal_tape.tape.models,modeling_onehot,ProteinOneHotForSequenceClassification,Long identifier,,95,/Volumes/BrokeExt/NICHE/songlab-cal_tape/tape/models/modeling_onehot.py,Identifier'ProteinOneHotForSequenceClassification' exceeds the maximum length of 30 characters.
songlab-cal_tape.tape.models,modeling_onehot,ProteinOneHotForSequenceToSequenceClassification,Long identifier,,116,/Volumes/BrokeExt/NICHE/songlab-cal_tape/tape/models/modeling_onehot.py,Identifier'ProteinOneHotForSequenceToSequenceClassification' exceeds the maximum length of 30 characters.
songlab-cal_tape.tape.models,modeling_onehot,ProteinOneHotForContactPrediction,Long identifier,,138,/Volumes/BrokeExt/NICHE/songlab-cal_tape/tape/models/modeling_onehot.py,Identifier'ProteinOneHotForContactPrediction' exceeds the maximum length of 30 characters.
songlab-cal_tape.tape.models,modeling_onehot,ProteinOneHotConfig,Magic number,__init__,23,/Volumes/BrokeExt/NICHE/songlab-cal_tape/tape/models/modeling_onehot.py,Magic number 0.02 used in __init__.
songlab-cal_tape.tape.models,modeling_onehot,ProteinOneHotForValuePrediction,Magic number,forward,88,/Volumes/BrokeExt/NICHE/songlab-cal_tape/tape/models/modeling_onehot.py,Magic number 2 used in forward.
songlab-cal_tape.tape.models,modeling_onehot,ProteinOneHotForValuePrediction,Magic number,forward,89,/Volumes/BrokeExt/NICHE/songlab-cal_tape/tape/models/modeling_onehot.py,Magic number 2 used in forward.
songlab-cal_tape.tape.models,modeling_onehot,ProteinOneHotForSequenceClassification,Magic number,forward,109,/Volumes/BrokeExt/NICHE/songlab-cal_tape/tape/models/modeling_onehot.py,Magic number 2 used in forward.
songlab-cal_tape.tape.models,modeling_onehot,ProteinOneHotForSequenceClassification,Magic number,forward,110,/Volumes/BrokeExt/NICHE/songlab-cal_tape/tape/models/modeling_onehot.py,Magic number 2 used in forward.
songlab-cal_tape.tape.models,modeling_onehot,ProteinOneHotForSequenceToSequenceClassification,Magic number,forward,131,/Volumes/BrokeExt/NICHE/songlab-cal_tape/tape/models/modeling_onehot.py,Magic number 2 used in forward.
songlab-cal_tape.tape.models,modeling_onehot,ProteinOneHotForSequenceToSequenceClassification,Magic number,forward,132,/Volumes/BrokeExt/NICHE/songlab-cal_tape/tape/models/modeling_onehot.py,Magic number 2 used in forward.
songlab-cal_tape.tape.models,modeling_onehot,ProteinOneHotForContactPrediction,Magic number,forward,152,/Volumes/BrokeExt/NICHE/songlab-cal_tape/tape/models/modeling_onehot.py,Magic number 2 used in forward.
songlab-cal_tape.tape.models,modeling_onehot,ProteinOneHotForContactPrediction,Magic number,forward,153,/Volumes/BrokeExt/NICHE/songlab-cal_tape/tape/models/modeling_onehot.py,Magic number 2 used in forward.
songlab-cal_tape.tape.models,modeling_resnet,ProteinResNetForValuePrediction,Long identifier,,273,/Volumes/BrokeExt/NICHE/songlab-cal_tape/tape/models/modeling_resnet.py,Identifier'ProteinResNetForValuePrediction' exceeds the maximum length of 30 characters.
songlab-cal_tape.tape.models,modeling_resnet,ProteinResNetForSequenceClassification,Long identifier,,294,/Volumes/BrokeExt/NICHE/songlab-cal_tape/tape/models/modeling_resnet.py,Identifier'ProteinResNetForSequenceClassification' exceeds the maximum length of 30 characters.
songlab-cal_tape.tape.models,modeling_resnet,ProteinResNetForSequenceToSequenceClassification,Long identifier,,315,/Volumes/BrokeExt/NICHE/songlab-cal_tape/tape/models/modeling_resnet.py,Identifier'ProteinResNetForSequenceToSequenceClassification' exceeds the maximum length of 30 characters.
songlab-cal_tape.tape.models,modeling_resnet,ProteinResNetForContactPrediction,Long identifier,,337,/Volumes/BrokeExt/NICHE/songlab-cal_tape/tape/models/modeling_resnet.py,Identifier'ProteinResNetForContactPrediction' exceeds the maximum length of 30 characters.
songlab-cal_tape.tape.models,modeling_resnet,,Long identifier,,19,/Volumes/BrokeExt/NICHE/songlab-cal_tape/tape/models/modeling_resnet.py,Identifier'RESNET_PRETRAINED_CONFIG_ARCHIVE_MAP' exceeds the maximum length of 30 characters.
songlab-cal_tape.tape.models,modeling_resnet,,Long identifier,,20,/Volumes/BrokeExt/NICHE/songlab-cal_tape/tape/models/modeling_resnet.py,Identifier'RESNET_PRETRAINED_MODEL_ARCHIVE_MAP' exceeds the maximum length of 30 characters.
songlab-cal_tape.tape.models,modeling_resnet,ProteinResNetConfig,Long parameter list,__init__,26 - 42,/Volumes/BrokeExt/NICHE/songlab-cal_tape/tape/models/modeling_resnet.py,"__init__ has 7 parameters, exceeding the max of 5."
songlab-cal_tape.tape.models,modeling_resnet,ProteinResNetEmbeddings,Long statement,forward,110,/Volumes/BrokeExt/NICHE/songlab-cal_tape/tape/models/modeling_resnet.py,A line with 123 chars in forward exceeds the maximum length of 120 characters.
songlab-cal_tape.tape.models,modeling_resnet,ProteinResNetForMaskedLM,Long statement,tie_weights,252,/Volumes/BrokeExt/NICHE/songlab-cal_tape/tape/models/modeling_resnet.py,A line with 168 chars in tie_weights exceeds the maximum length of 120 characters.
songlab-cal_tape.tape.models,modeling_resnet,ProteinResNetConfig,Magic number,__init__,27,/Volumes/BrokeExt/NICHE/songlab-cal_tape/tape/models/modeling_resnet.py,Magic number 30 used in __init__.
songlab-cal_tape.tape.models,modeling_resnet,ProteinResNetConfig,Magic number,__init__,28,/Volumes/BrokeExt/NICHE/songlab-cal_tape/tape/models/modeling_resnet.py,Magic number 512 used in __init__.
songlab-cal_tape.tape.models,modeling_resnet,ProteinResNetConfig,Magic number,__init__,29,/Volumes/BrokeExt/NICHE/songlab-cal_tape/tape/models/modeling_resnet.py,Magic number 30 used in __init__.
songlab-cal_tape.tape.models,modeling_resnet,ProteinResNetConfig,Magic number,__init__,31,/Volumes/BrokeExt/NICHE/songlab-cal_tape/tape/models/modeling_resnet.py,Magic number 0.1 used in __init__.
songlab-cal_tape.tape.models,modeling_resnet,ProteinResNetConfig,Magic number,__init__,32,/Volumes/BrokeExt/NICHE/songlab-cal_tape/tape/models/modeling_resnet.py,Magic number 0.02 used in __init__.
songlab-cal_tape.tape.models,modeling_resnet,ProteinResNetConfig,Magic number,__init__,33,/Volumes/BrokeExt/NICHE/songlab-cal_tape/tape/models/modeling_resnet.py,Magic number 1e-12 used in __init__.
songlab-cal_tape.tape.models,modeling_resnet,ProteinResNetEmbeddings,Magic number,__init__,100,/Volumes/BrokeExt/NICHE/songlab-cal_tape/tape/models/modeling_resnet.py,Magic number 10000 used in __init__.
songlab-cal_tape.tape.models,modeling_resnet,ProteinResNetPooler,Magic number,forward,136,/Volumes/BrokeExt/NICHE/songlab-cal_tape/tape/models/modeling_resnet.py,Magic number 10000.0 used in forward.
songlab-cal_tape.tape.models,modeling_resnet,ProteinResNetForMaskedLM,Magic number,forward,265,/Volumes/BrokeExt/NICHE/songlab-cal_tape/tape/models/modeling_resnet.py,Magic number 2 used in forward.
songlab-cal_tape.tape.models,modeling_resnet,ProteinResNetForMaskedLM,Magic number,forward,266,/Volumes/BrokeExt/NICHE/songlab-cal_tape/tape/models/modeling_resnet.py,Magic number 2 used in forward.
songlab-cal_tape.tape.models,modeling_resnet,ProteinResNetForValuePrediction,Magic number,forward,287,/Volumes/BrokeExt/NICHE/songlab-cal_tape/tape/models/modeling_resnet.py,Magic number 2 used in forward.
songlab-cal_tape.tape.models,modeling_resnet,ProteinResNetForValuePrediction,Magic number,forward,288,/Volumes/BrokeExt/NICHE/songlab-cal_tape/tape/models/modeling_resnet.py,Magic number 2 used in forward.
songlab-cal_tape.tape.models,modeling_resnet,ProteinResNetForSequenceClassification,Magic number,forward,308,/Volumes/BrokeExt/NICHE/songlab-cal_tape/tape/models/modeling_resnet.py,Magic number 2 used in forward.
songlab-cal_tape.tape.models,modeling_resnet,ProteinResNetForSequenceClassification,Magic number,forward,309,/Volumes/BrokeExt/NICHE/songlab-cal_tape/tape/models/modeling_resnet.py,Magic number 2 used in forward.
songlab-cal_tape.tape.models,modeling_resnet,ProteinResNetForSequenceToSequenceClassification,Magic number,forward,330,/Volumes/BrokeExt/NICHE/songlab-cal_tape/tape/models/modeling_resnet.py,Magic number 2 used in forward.
songlab-cal_tape.tape.models,modeling_resnet,ProteinResNetForSequenceToSequenceClassification,Magic number,forward,331,/Volumes/BrokeExt/NICHE/songlab-cal_tape/tape/models/modeling_resnet.py,Magic number 2 used in forward.
songlab-cal_tape.tape.models,modeling_resnet,ProteinResNetForContactPrediction,Magic number,forward,351,/Volumes/BrokeExt/NICHE/songlab-cal_tape/tape/models/modeling_resnet.py,Magic number 2 used in forward.
songlab-cal_tape.tape.models,modeling_resnet,ProteinResNetForContactPrediction,Magic number,forward,352,/Volumes/BrokeExt/NICHE/songlab-cal_tape/tape/models/modeling_resnet.py,Magic number 2 used in forward.
songlab-cal_tape.tape.models,modeling_trrosetta,,Long identifier,,9,/Volumes/BrokeExt/NICHE/songlab-cal_tape/tape/models/modeling_trrosetta.py,Identifier'TRROSETTA_PRETRAINED_MODEL_ARCHIVE_MAP' exceeds the maximum length of 30 characters.
songlab-cal_tape.tape.models,modeling_trrosetta,,Long identifier,,16,/Volumes/BrokeExt/NICHE/songlab-cal_tape/tape/models/modeling_trrosetta.py,Identifier'TRROSETTA_PRETRAINED_CONFIG_ARCHIVE_MAP' exceeds the maximum length of 30 characters.
songlab-cal_tape.tape.models,modeling_trrosetta,TRRosettaPredictor,Long method,forward,251 - 318,/Volumes/BrokeExt/NICHE/songlab-cal_tape/tape/models/modeling_trrosetta.py,Method 'forward' is too long (44 lines).
songlab-cal_tape.tape.models,modeling_trrosetta,TRRosettaConfig,Long parameter list,__init__,29 - 45,/Volumes/BrokeExt/NICHE/songlab-cal_tape/tape/models/modeling_trrosetta.py,"__init__ has 7 parameters, exceeding the max of 5."
songlab-cal_tape.tape.models,modeling_trrosetta,MSAFeatureExtractor,Long statement,extract_features_2d,134,/Volumes/BrokeExt/NICHE/songlab-cal_tape/tape/models/modeling_trrosetta.py,A line with 138 chars in extract_features_2d exceeds the maximum length of 120 characters.
songlab-cal_tape.tape.models,modeling_trrosetta,TRRosettaPredictor,Long statement,__init__,218,/Volumes/BrokeExt/NICHE/songlab-cal_tape/tape/models/modeling_trrosetta.py,A line with 151 chars in __init__ exceeds the maximum length of 120 characters.
songlab-cal_tape.tape.models,modeling_trrosetta,TRRosettaConfig,Magic number,__init__,30,/Volumes/BrokeExt/NICHE/songlab-cal_tape/tape/models/modeling_trrosetta.py,Magic number 64 used in __init__.
songlab-cal_tape.tape.models,modeling_trrosetta,TRRosettaConfig,Magic number,__init__,31,/Volumes/BrokeExt/NICHE/songlab-cal_tape/tape/models/modeling_trrosetta.py,Magic number 3 used in __init__.
songlab-cal_tape.tape.models,modeling_trrosetta,TRRosettaConfig,Magic number,__init__,32,/Volumes/BrokeExt/NICHE/songlab-cal_tape/tape/models/modeling_trrosetta.py,Magic number 61 used in __init__.
songlab-cal_tape.tape.models,modeling_trrosetta,TRRosettaConfig,Magic number,__init__,33,/Volumes/BrokeExt/NICHE/songlab-cal_tape/tape/models/modeling_trrosetta.py,Magic number 0.15 used in __init__.
songlab-cal_tape.tape.models,modeling_trrosetta,TRRosettaConfig,Magic number,__init__,34,/Volumes/BrokeExt/NICHE/songlab-cal_tape/tape/models/modeling_trrosetta.py,Magic number 0.8 used in __init__.
songlab-cal_tape.tape.models,modeling_trrosetta,TRRosettaConfig,Magic number,__init__,35,/Volumes/BrokeExt/NICHE/songlab-cal_tape/tape/models/modeling_trrosetta.py,Magic number 4.5 used in __init__.
songlab-cal_tape.tape.models,modeling_trrosetta,TRRosettaConfig,Magic number,__init__,36,/Volumes/BrokeExt/NICHE/songlab-cal_tape/tape/models/modeling_trrosetta.py,Magic number 0.02 used in __init__.
songlab-cal_tape.tape.models,modeling_trrosetta,MSAFeatureExtractor,Magic number,reweight,75,/Volumes/BrokeExt/NICHE/songlab-cal_tape/tape/models/modeling_trrosetta.py,Magic number 1e-09 used in reweight.
songlab-cal_tape.tape.models,modeling_trrosetta,MSAFeatureExtractor,Magic number,extract_features_1d,92,/Volumes/BrokeExt/NICHE/songlab-cal_tape/tape/models/modeling_trrosetta.py,Magic number 1e-09 used in extract_features_1d.
songlab-cal_tape.tape.models,modeling_trrosetta,MSAFeatureExtractor,Magic number,extract_features_1d,86,/Volumes/BrokeExt/NICHE/songlab-cal_tape/tape/models/modeling_trrosetta.py,Magic number 20 used in extract_features_1d.
songlab-cal_tape.tape.models,modeling_trrosetta,MSAFeatureExtractor,Magic number,extract_features_2d,104,/Volumes/BrokeExt/NICHE/songlab-cal_tape/tape/models/modeling_trrosetta.py,Magic number 21 used in extract_features_2d.
songlab-cal_tape.tape.models,modeling_trrosetta,MSAFeatureExtractor,Magic number,feature_size,146,/Volumes/BrokeExt/NICHE/songlab-cal_tape/tape/models/modeling_trrosetta.py,Magic number 526 used in feature_size.
songlab-cal_tape.tape.models,modeling_trrosetta,DilatedResidualBlock,Magic number,_get_padding,167,/Volumes/BrokeExt/NICHE/songlab-cal_tape/tape/models/modeling_trrosetta.py,Magic number 2 used in _get_padding.
songlab-cal_tape.tape.models,modeling_trrosetta,TRRosettaPredictor,Magic number,__init__,230,/Volumes/BrokeExt/NICHE/songlab-cal_tape/tape/models/modeling_trrosetta.py,Magic number 2 used in __init__.
songlab-cal_tape.tape.models,modeling_trrosetta,TRRosettaPredictor,Magic number,__init__,231,/Volumes/BrokeExt/NICHE/songlab-cal_tape/tape/models/modeling_trrosetta.py,Magic number 16 used in __init__.
songlab-cal_tape.tape.models,modeling_trrosetta,TRRosettaPredictor,Magic number,forward,268,/Volumes/BrokeExt/NICHE/songlab-cal_tape/tape/models/modeling_trrosetta.py,Magic number 0.5 used in forward.
songlab-cal_tape.tape.models,modeling_unirep,UniRepForSequenceClassification,Long identifier,,209,/Volumes/BrokeExt/NICHE/songlab-cal_tape/tape/models/modeling_unirep.py,Identifier'UniRepForSequenceClassification' exceeds the maximum length of 30 characters.
songlab-cal_tape.tape.models,modeling_unirep,UniRepForSequenceToSequenceClassification,Long identifier,,231,/Volumes/BrokeExt/NICHE/songlab-cal_tape/tape/models/modeling_unirep.py,Identifier'UniRepForSequenceToSequenceClassification' exceeds the maximum length of 30 characters.
songlab-cal_tape.tape.models,modeling_unirep,,Long identifier,,19,/Volumes/BrokeExt/NICHE/songlab-cal_tape/tape/models/modeling_unirep.py,Identifier'UNIREP_PRETRAINED_CONFIG_ARCHIVE_MAP' exceeds the maximum length of 30 characters.
songlab-cal_tape.tape.models,modeling_unirep,,Long identifier,,21,/Volumes/BrokeExt/NICHE/songlab-cal_tape/tape/models/modeling_unirep.py,Identifier'UNIREP_PRETRAINED_MODEL_ARCHIVE_MAP' exceeds the maximum length of 30 characters.
songlab-cal_tape.tape.models,modeling_unirep,UniRepConfig,Long parameter list,__init__,28 - 42,/Volumes/BrokeExt/NICHE/songlab-cal_tape/tape/models/modeling_unirep.py,"__init__ has 6 parameters, exceeding the max of 5."
songlab-cal_tape.tape.models,modeling_unirep,,Long statement,,19,/Volumes/BrokeExt/NICHE/songlab-cal_tape/tape/models/modeling_unirep.py,A line with 122 chars in modeling_unirep exceeds the maximum length of 120 characters.
songlab-cal_tape.tape.models,modeling_unirep,,Long statement,,21,/Volumes/BrokeExt/NICHE/songlab-cal_tape/tape/models/modeling_unirep.py,A line with 127 chars in modeling_unirep exceeds the maximum length of 120 characters.
songlab-cal_tape.tape.models,modeling_unirep,UniRepConfig,Magic number,__init__,29,/Volumes/BrokeExt/NICHE/songlab-cal_tape/tape/models/modeling_unirep.py,Magic number 26 used in __init__.
songlab-cal_tape.tape.models,modeling_unirep,UniRepConfig,Magic number,__init__,30,/Volumes/BrokeExt/NICHE/songlab-cal_tape/tape/models/modeling_unirep.py,Magic number 10 used in __init__.
songlab-cal_tape.tape.models,modeling_unirep,UniRepConfig,Magic number,__init__,31,/Volumes/BrokeExt/NICHE/songlab-cal_tape/tape/models/modeling_unirep.py,Magic number 1900 used in __init__.
songlab-cal_tape.tape.models,modeling_unirep,UniRepConfig,Magic number,__init__,32,/Volumes/BrokeExt/NICHE/songlab-cal_tape/tape/models/modeling_unirep.py,Magic number 0.1 used in __init__.
songlab-cal_tape.tape.models,modeling_unirep,UniRepConfig,Magic number,__init__,33,/Volumes/BrokeExt/NICHE/songlab-cal_tape/tape/models/modeling_unirep.py,Magic number 1e-12 used in __init__.
songlab-cal_tape.tape.models,modeling_unirep,UniRepConfig,Magic number,__init__,34,/Volumes/BrokeExt/NICHE/songlab-cal_tape/tape/models/modeling_unirep.py,Magic number 0.02 used in __init__.
songlab-cal_tape.tape.models,modeling_unirep,mLSTMCell,Magic number,__init__,48,/Volumes/BrokeExt/NICHE/songlab-cal_tape/tape/models/modeling_unirep.py,Magic number 4 used in __init__.
songlab-cal_tape.tape.models,modeling_unirep,mLSTM,Magic number,forward,86,/Volumes/BrokeExt/NICHE/songlab-cal_tape/tape/models/modeling_unirep.py,Magic number 2 used in forward.
songlab-cal_tape.tape.models,modeling_unirep,UniRepForLM,Magic number,forward,168,/Volumes/BrokeExt/NICHE/songlab-cal_tape/tape/models/modeling_unirep.py,Magic number 2 used in forward.
songlab-cal_tape.tape.models,modeling_unirep,UniRepForLM,Magic number,forward,172,/Volumes/BrokeExt/NICHE/songlab-cal_tape/tape/models/modeling_unirep.py,Magic number 2 used in forward.
songlab-cal_tape.tape.models,modeling_unirep,UniRepForValuePrediction,Magic number,forward,202,/Volumes/BrokeExt/NICHE/songlab-cal_tape/tape/models/modeling_unirep.py,Magic number 2 used in forward.
songlab-cal_tape.tape.models,modeling_unirep,UniRepForValuePrediction,Magic number,forward,203,/Volumes/BrokeExt/NICHE/songlab-cal_tape/tape/models/modeling_unirep.py,Magic number 2 used in forward.
songlab-cal_tape.tape.models,modeling_unirep,UniRepForSequenceClassification,Magic number,forward,224,/Volumes/BrokeExt/NICHE/songlab-cal_tape/tape/models/modeling_unirep.py,Magic number 2 used in forward.
songlab-cal_tape.tape.models,modeling_unirep,UniRepForSequenceClassification,Magic number,forward,225,/Volumes/BrokeExt/NICHE/songlab-cal_tape/tape/models/modeling_unirep.py,Magic number 2 used in forward.
songlab-cal_tape.tape.models,modeling_unirep,UniRepForSequenceToSequenceClassification,Magic number,forward,246,/Volumes/BrokeExt/NICHE/songlab-cal_tape/tape/models/modeling_unirep.py,Magic number 2 used in forward.
songlab-cal_tape.tape.models,modeling_unirep,UniRepForSequenceToSequenceClassification,Magic number,forward,247,/Volumes/BrokeExt/NICHE/songlab-cal_tape/tape/models/modeling_unirep.py,Magic number 2 used in forward.
songlab-cal_tape.tape.models,modeling_unirep,UniRepForContactPrediction,Magic number,forward,267,/Volumes/BrokeExt/NICHE/songlab-cal_tape/tape/models/modeling_unirep.py,Magic number 2 used in forward.
songlab-cal_tape.tape.models,modeling_unirep,UniRepForContactPrediction,Magic number,forward,268,/Volumes/BrokeExt/NICHE/songlab-cal_tape/tape/models/modeling_unirep.py,Magic number 2 used in forward.
songlab-cal_tape.tape.models,modeling_utils,ProteinConfig,Complex method,from_pretrained,85 - 187,/Volumes/BrokeExt/NICHE/songlab-cal_tape/tape/models/modeling_utils.py,"Method 'from_pretrained' has a cyclomatic complexity of 8, exceeding the max of 6."
songlab-cal_tape.tape.models,modeling_utils,ProteinModel,Complex method,from_pretrained,375 - 594,/Volumes/BrokeExt/NICHE/songlab-cal_tape/tape/models/modeling_utils.py,"Method 'from_pretrained' has a cyclomatic complexity of 24, exceeding the max of 6."
songlab-cal_tape.tape.models,modeling_utils,SequenceToSequenceClassificationHead,Long identifier,,816,/Volumes/BrokeExt/NICHE/songlab-cal_tape/tape/models/modeling_utils.py,Identifier'SequenceToSequenceClassificationHead' exceeds the maximum length of 30 characters.
songlab-cal_tape.tape.models,modeling_utils,ProteinConfig,Long method,from_pretrained,85 - 187,/Volumes/BrokeExt/NICHE/songlab-cal_tape/tape/models/modeling_utils.py,Method 'from_pretrained' is too long (44 lines).
songlab-cal_tape.tape.models,modeling_utils,ProteinModel,Long method,from_pretrained,375 - 594,/Volumes/BrokeExt/NICHE/songlab-cal_tape/tape/models/modeling_utils.py,Method 'from_pretrained' is too long (107 lines).
songlab-cal_tape.tape.models,modeling_utils,,Long statement,prune_linear_layer,598,/Volumes/BrokeExt/NICHE/songlab-cal_tape/tape/models/modeling_utils.py,A line with 185 chars in prune_linear_layer exceeds the maximum length of 120 characters.
songlab-cal_tape.tape.models,modeling_utils,,Long statement,gelu,632,/Volumes/BrokeExt/NICHE/songlab-cal_tape/tape/models/modeling_utils.py,A line with 320 chars in gelu exceeds the maximum length of 120 characters.
songlab-cal_tape.tape.models,modeling_utils,ProteinConfig,Long statement,save_pretrained,72,/Volumes/BrokeExt/NICHE/songlab-cal_tape/tape/models/modeling_utils.py,A line with 192 chars in save_pretrained exceeds the maximum length of 120 characters.
songlab-cal_tape.tape.models,modeling_utils,ProteinConfig,Long statement,from_pretrained,86,/Volumes/BrokeExt/NICHE/songlab-cal_tape/tape/models/modeling_utils.py,A line with 2987 chars in from_pretrained exceeds the maximum length of 120 characters.
songlab-cal_tape.tape.models,modeling_utils,ProteinModel,Long statement,__init__,250,/Volumes/BrokeExt/NICHE/songlab-cal_tape/tape/models/modeling_utils.py,A line with 255 chars in __init__ exceeds the maximum length of 120 characters.
songlab-cal_tape.tape.models,modeling_utils,ProteinModel,Long statement,_get_resized_embeddings,260,/Volumes/BrokeExt/NICHE/songlab-cal_tape/tape/models/modeling_utils.py,A line with 752 chars in _get_resized_embeddings exceeds the maximum length of 120 characters.
songlab-cal_tape.tape.models,modeling_utils,ProteinModel,Long statement,resize_token_embeddings,304,/Volumes/BrokeExt/NICHE/songlab-cal_tape/tape/models/modeling_utils.py,A line with 775 chars in resize_token_embeddings exceeds the maximum length of 120 characters.
songlab-cal_tape.tape.models,modeling_utils,ProteinModel,Long statement,prune_heads,344,/Volumes/BrokeExt/NICHE/songlab-cal_tape/tape/models/modeling_utils.py,A line with 285 chars in prune_heads exceeds the maximum length of 120 characters.
songlab-cal_tape.tape.models,modeling_utils,ProteinModel,Long statement,save_pretrained,356,/Volumes/BrokeExt/NICHE/songlab-cal_tape/tape/models/modeling_utils.py,A line with 187 chars in save_pretrained exceeds the maximum length of 120 characters.
songlab-cal_tape.tape.models,modeling_utils,ProteinModel,Long statement,from_pretrained,376,/Volumes/BrokeExt/NICHE/songlab-cal_tape/tape/models/modeling_utils.py,A line with 5249 chars in from_pretrained exceeds the maximum length of 120 characters.
songlab-cal_tape.tape.models,modeling_utils,ProteinModel,Long statement,from_pretrained,478,/Volumes/BrokeExt/NICHE/songlab-cal_tape/tape/models/modeling_utils.py,A line with 159 chars in from_pretrained exceeds the maximum length of 120 characters.
songlab-cal_tape.tape.models,modeling_utils,ProteinModel,Long statement,from_pretrained,578,/Volumes/BrokeExt/NICHE/songlab-cal_tape/tape/models/modeling_utils.py,A line with 124 chars in from_pretrained exceeds the maximum length of 120 characters.
songlab-cal_tape.tape.models,modeling_utils,SimpleMLP,Long statement,__init__,686,/Volumes/BrokeExt/NICHE/songlab-cal_tape/tape/models/modeling_utils.py,A line with 174 chars in __init__ exceeds the maximum length of 120 characters.
songlab-cal_tape.tape.models,modeling_utils,SimpleConv,Long statement,__init__,704,/Volumes/BrokeExt/NICHE/songlab-cal_tape/tape/models/modeling_utils.py,A line with 226 chars in __init__ exceeds the maximum length of 120 characters.
songlab-cal_tape.tape.models,modeling_utils,,Long statement,,656,/Volumes/BrokeExt/NICHE/songlab-cal_tape/tape/models/modeling_utils.py,A line with 874 chars in modeling_utils exceeds the maximum length of 120 characters.
songlab-cal_tape.tape.models,modeling_utils,,Magic number,accuracy,623,/Volumes/BrokeExt/NICHE/songlab-cal_tape/tape/models/modeling_utils.py,Magic number 100 used in accuracy.
songlab-cal_tape.tape.models,modeling_utils,,Magic number,gelu,638,/Volumes/BrokeExt/NICHE/songlab-cal_tape/tape/models/modeling_utils.py,Magic number 0.5 used in gelu.
songlab-cal_tape.tape.models,modeling_utils,Accuracy,Magic number,__init__,720,/Volumes/BrokeExt/NICHE/songlab-cal_tape/tape/models/modeling_utils.py,Magic number 100 used in __init__.
songlab-cal_tape.tape.models,modeling_utils,PredictionHeadTransform,Magic number,__init__,733,/Volumes/BrokeExt/NICHE/songlab-cal_tape/tape/models/modeling_utils.py,Magic number 1e-12 used in __init__.
songlab-cal_tape.tape.models,modeling_utils,MLMHead,Magic number,__init__,755,/Volumes/BrokeExt/NICHE/songlab-cal_tape/tape/models/modeling_utils.py,Magic number 1e-12 used in __init__.
songlab-cal_tape.tape.models,modeling_utils,MLMHead,Magic number,__init__,756,/Volumes/BrokeExt/NICHE/songlab-cal_tape/tape/models/modeling_utils.py,Magic number 100 used in __init__.
songlab-cal_tape.tape.models,modeling_utils,SequenceToSequenceClassificationHead,Magic number,__init__,821,/Volumes/BrokeExt/NICHE/songlab-cal_tape/tape/models/modeling_utils.py,Magic number 100 used in __init__.
songlab-cal_tape.tape.models,modeling_utils,PairwiseContactPredictionHead,Magic number,__init__,845,/Volumes/BrokeExt/NICHE/songlab-cal_tape/tape/models/modeling_utils.py,Magic number 100 used in __init__.
songlab-cal_tape.tape.models,modeling_utils,PairwiseContactPredictionHead,Magic number,forward,856,/Volumes/BrokeExt/NICHE/songlab-cal_tape/tape/models/modeling_utils.py,Magic number 2 used in forward.
songlab-cal_tape.tape.utils,_sampler,BucketBatchSampler,Long parameter list,__init__,74 - 85,/Volumes/BrokeExt/NICHE/songlab-cal_tape/tape/utils/_sampler.py,"__init__ has 6 parameters, exceeding the max of 5."
songlab-cal_tape.tape.utils,_sampler,,Long statement,,1,/Volumes/BrokeExt/NICHE/songlab-cal_tape/tape/utils/_sampler.py,A line with 138 chars in _sampler exceeds the maximum length of 120 characters.
songlab-cal_tape.tape.utils,_sampler,BucketBatchSampler,Magic number,__init__,80,/Volumes/BrokeExt/NICHE/songlab-cal_tape/tape/utils/_sampler.py,Magic number 100 used in __init__.
songlab-cal_tape.tape.utils,distributed_utils,ProcessContext,Complex method,join,62 - 122,/Volumes/BrokeExt/NICHE/songlab-cal_tape/tape/utils/distributed_utils.py,"Method 'join' has a cyclomatic complexity of 8, exceeding the max of 6."
songlab-cal_tape.tape.utils,distributed_utils,,Empty catch block,_wrap,39,/Volumes/BrokeExt/NICHE/songlab-cal_tape/tape/utils/distributed_utils.py,Empty catch block found in _wrap.
songlab-cal_tape.tape.utils,distributed_utils,ProcessContext,Long method,join,62 - 122,/Volumes/BrokeExt/NICHE/songlab-cal_tape/tape/utils/distributed_utils.py,Method 'join' is too long (43 lines).
songlab-cal_tape.tape.utils,distributed_utils,,Long parameter list,launch_process_group,125 - 170,/Volumes/BrokeExt/NICHE/songlab-cal_tape/tape/utils/distributed_utils.py,"launch_process_group has 9 parameters, exceeding the max of 5."
songlab-cal_tape.tape.utils,distributed_utils,ProcessContext,Long statement,join,63,/Volumes/BrokeExt/NICHE/songlab-cal_tape/tape/utils/distributed_utils.py,A line with 516 chars in join exceeds the maximum length of 120 characters.
songlab-cal_tape.tape.utils,distributed_utils,,Magic number,launch_process_group,131,/Volumes/BrokeExt/NICHE/songlab-cal_tape/tape/utils/distributed_utils.py,Magic number 29500 used in launch_process_group.
songlab-cal_tape.tape.utils,setup_utils,,Complex method,setup_logging,22 - 52,/Volumes/BrokeExt/NICHE/songlab-cal_tape/tape/utils/setup_utils.py,"Method 'setup_logging' has a cyclomatic complexity of 7, exceeding the max of 6."
songlab-cal_tape.tape.utils,setup_utils,,Long parameter list,setup_loader,97 - 116,/Volumes/BrokeExt/NICHE/songlab-cal_tape/tape/utils/setup_utils.py,"setup_loader has 6 parameters, exceeding the max of 5."
songlab-cal_tape.tape.utils,setup_utils,,Long statement,setup_optimizer,57,/Volumes/BrokeExt/NICHE/songlab-cal_tape/tape/utils/setup_utils.py,A line with 395 chars in setup_optimizer exceeds the maximum length of 120 characters.
songlab-cal_tape.tape.utils,setup_utils,,Long statement,setup_optimizer,70,/Volumes/BrokeExt/NICHE/songlab-cal_tape/tape/utils/setup_utils.py,A line with 252 chars in setup_optimizer exceeds the maximum length of 120 characters.
songlab-cal_tape.tape.utils,setup_utils,,Magic number,setup_optimizer,75,/Volumes/BrokeExt/NICHE/songlab-cal_tape/tape/utils/setup_utils.py,Magic number 0.01 used in setup_optimizer.
songlab-cal_tape.tape.utils,utils,,Empty catch block,int_or_str,24,/Volumes/BrokeExt/NICHE/songlab-cal_tape/tape/utils/utils.py,Empty catch block found in int_or_str.
songlab-cal_tape.tape.utils,utils,,Empty catch block,path_to_datetime,52,/Volumes/BrokeExt/NICHE/songlab-cal_tape/tape/utils/utils.py,Empty catch block found in path_to_datetime.
songlab-cal_tape.tape.utils,utils,,Long identifier,get_num_train_optimization_steps,95,/Volumes/BrokeExt/NICHE/songlab-cal_tape/tape/utils/utils.py,Identifier'get_num_train_optimization_steps' exceeds the maximum length of 30 characters.
songlab-cal_tape.tape.utils,utils,,Long statement,write_lmdb,249,/Volumes/BrokeExt/NICHE/songlab-cal_tape/tape/utils/utils.py,A line with 375 chars in write_lmdb exceeds the maximum length of 120 characters.
songlab-cal_tape.tape.utils,utils,wrap_cuda_oom_error,Long statement,__exit__,221,/Volumes/BrokeExt/NICHE/songlab-cal_tape/tape/utils/utils.py,A line with 125 chars in __exit__ exceeds the maximum length of 120 characters.
songlab-cal_tape.tape.utils,utils,wrap_cuda_oom_error,Long statement,__exit__,224,/Volumes/BrokeExt/NICHE/songlab-cal_tape/tape/utils/utils.py,A line with 354 chars in __exit__ exceeds the maximum length of 120 characters.
songlab-cal_tape.tape.utils,utils,wrap_cuda_oom_error,Long statement,__exit__,237,/Volumes/BrokeExt/NICHE/songlab-cal_tape/tape/utils/utils.py,A line with 232 chars in __exit__ exceeds the maximum length of 120 characters.
songlab-cal_tape.tape.utils,utils,,Magic number,write_lmdb,248,/Volumes/BrokeExt/NICHE/songlab-cal_tape/tape/utils/utils.py,Magic number 2 used in write_lmdb.
songlab-cal_tape.tape.utils,utils,,Magic number,write_lmdb,248,/Volumes/BrokeExt/NICHE/songlab-cal_tape/tape/utils/utils.py,Magic number 20 used in write_lmdb.
songlab-cal_tape.tape.utils,utils,MetricsAccumulator,Magic number,__init__,103,/Volumes/BrokeExt/NICHE/songlab-cal_tape/tape/utils/utils.py,Magic number 0.95 used in __init__.
songlab-cal_tape.tape.utils,utils,IncrementalNPZ,Magic number,zipfile_factory,294,/Volumes/BrokeExt/NICHE/songlab-cal_tape/tape/utils/utils.py,Magic number 2 used in zipfile_factory.
songlab-cal_tape.tape.utils,utils,IncrementalNPZ,Magic number,zipfile_factory,294,/Volumes/BrokeExt/NICHE/songlab-cal_tape/tape/utils/utils.py,Magic number 5 used in zipfile_factory.
