Package,Module,Class,Smell,Function/Method,Line no,File,Details
JayYip_bert-multitask-learning,setup,,Long statement,,22,/Volumes/BrokeExt/NICHE/JayYip_bert-multitask-learning/setup.py,A line with 576 chars in setup exceeds the maximum length of 120 characters.
JayYip_bert-multitask-learning.m3tl,_nbdev,,Long statement,,195,/Volumes/BrokeExt/NICHE/JayYip_bert-multitask-learning/m3tl/_nbdev.py,A line with 844 chars in _nbdev exceeds the maximum length of 120 characters.
JayYip_bert-multitask-learning.m3tl,base_params,BaseParams,Complex method,prepare_dir,291 - 436,/Volumes/BrokeExt/NICHE/JayYip_bert-multitask-learning/m3tl/base_params.py,"Method 'prepare_dir' has a cyclomatic complexity of 12, exceeding the max of 6."
JayYip_bert-multitask-learning.m3tl,base_params,BaseParams,Complex method,register_problem_type,487 - 524,/Volumes/BrokeExt/NICHE/JayYip_bert-multitask-learning/m3tl/base_params.py,"Method 'register_problem_type' has a cyclomatic complexity of 10, exceeding the max of 6."
JayYip_bert-multitask-learning.m3tl,base_params,BaseParams,Empty catch block,to_json,207,/Volumes/BrokeExt/NICHE/JayYip_bert-multitask-learning/m3tl/base_params.py,Empty catch block found in to_json.
JayYip_bert-multitask-learning.m3tl,base_params,BaseParams,Empty catch block,prepare_dir,379,/Volumes/BrokeExt/NICHE/JayYip_bert-multitask-learning/m3tl/base_params.py,Empty catch block found in prepare_dir.
JayYip_bert-multitask-learning.m3tl,base_params,BaseParams,Empty catch block,prepare_dir,397,/Volumes/BrokeExt/NICHE/JayYip_bert-multitask-learning/m3tl/base_params.py,Empty catch block found in prepare_dir.
JayYip_bert-multitask-learning.m3tl,base_params,BaseParams,Long identifier,,26,/Volumes/BrokeExt/NICHE/JayYip_bert-multitask-learning/m3tl/base_params.py,Identifier'transformer_decoder_config_name' exceeds the maximum length of 30 characters.
JayYip_bert-multitask-learning.m3tl,base_params,BaseParams,Long identifier,,26,/Volumes/BrokeExt/NICHE/JayYip_bert-multitask-learning/m3tl/base_params.py,Identifier'transformer_decoder_tokenizer_name' exceeds the maximum length of 30 characters.
JayYip_bert-multitask-learning.m3tl,base_params,BaseParams,Long identifier,,26,/Volumes/BrokeExt/NICHE/JayYip_bert-multitask-learning/m3tl/base_params.py,Identifier'transformer_decoder_model_loading' exceeds the maximum length of 30 characters.
JayYip_bert-multitask-learning.m3tl,base_params,BaseParams,Long identifier,,26,/Volumes/BrokeExt/NICHE/JayYip_bert-multitask-learning/m3tl/base_params.py,Identifier'transformer_decoder_config_loading' exceeds the maximum length of 30 characters.
JayYip_bert-multitask-learning.m3tl,base_params,BaseParams,Long identifier,,26,/Volumes/BrokeExt/NICHE/JayYip_bert-multitask-learning/m3tl/base_params.py,Identifier'transformer_decoder_tokenizer_loading' exceeds the maximum length of 30 characters.
JayYip_bert-multitask-learning.m3tl,base_params,BaseParams,Long identifier,,26,/Volumes/BrokeExt/NICHE/JayYip_bert-multitask-learning/m3tl/base_params.py,Identifier'available_problem_sampling_strategy' exceeds the maximum length of 30 characters.
JayYip_bert-multitask-learning.m3tl,base_params,BaseParams,Long identifier,,26,/Volumes/BrokeExt/NICHE/JayYip_bert-multitask-learning/m3tl/base_params.py,Identifier'available_loss_combination_strategy' exceeds the maximum length of 30 characters.
JayYip_bert-multitask-learning.m3tl,base_params,BaseParams,Long identifier,register_loss_combination_strategy,735,/Volumes/BrokeExt/NICHE/JayYip_bert-multitask-learning/m3tl/base_params.py,Identifier'register_loss_combination_strategy' exceeds the maximum length of 30 characters.
JayYip_bert-multitask-learning.m3tl,base_params,BaseParams,Long identifier,assign_loss_combination_strategy,747,/Volumes/BrokeExt/NICHE/JayYip_bert-multitask-learning/m3tl/base_params.py,Identifier'assign_loss_combination_strategy' exceeds the maximum length of 30 characters.
JayYip_bert-multitask-learning.m3tl,base_params,BaseParams,Long method,__init__,28 - 193,/Volumes/BrokeExt/NICHE/JayYip_bert-multitask-learning/m3tl/base_params.py,Method '__init__' is too long (113 lines).
JayYip_bert-multitask-learning.m3tl,base_params,BaseParams,Long method,prepare_dir,291 - 436,/Volumes/BrokeExt/NICHE/JayYip_bert-multitask-learning/m3tl/base_params.py,Method 'prepare_dir' is too long (125 lines).
JayYip_bert-multitask-learning.m3tl,base_params,BaseParams,Long parameter list,register_problem_type,487 - 524,/Volumes/BrokeExt/NICHE/JayYip_bert-multitask-learning/m3tl/base_params.py,"register_problem_type has 6 parameters, exceeding the max of 5."
JayYip_bert-multitask-learning.m3tl,base_params,BaseParams,Long statement,from_json,214,/Volumes/BrokeExt/NICHE/JayYip_bert-multitask-learning/m3tl/base_params.py,A line with 258 chars in from_json exceeds the maximum length of 120 characters.
JayYip_bert-multitask-learning.m3tl,base_params,BaseParams,Long statement,from_json,242,/Volumes/BrokeExt/NICHE/JayYip_bert-multitask-learning/m3tl/base_params.py,A line with 122 chars in from_json exceeds the maximum length of 120 characters.
JayYip_bert-multitask-learning.m3tl,base_params,BaseParams,Long statement,prepare_dir,292,/Volumes/BrokeExt/NICHE/JayYip_bert-multitask-learning/m3tl/base_params.py,A line with 412 chars in prepare_dir exceeds the maximum length of 120 characters.
JayYip_bert-multitask-learning.m3tl,base_params,BaseParams,Long statement,prepare_dir,384,/Volumes/BrokeExt/NICHE/JayYip_bert-multitask-learning/m3tl/base_params.py,A line with 129 chars in prepare_dir exceeds the maximum length of 120 characters.
JayYip_bert-multitask-learning.m3tl,base_params,BaseParams,Long statement,prepare_dir,390,/Volumes/BrokeExt/NICHE/JayYip_bert-multitask-learning/m3tl/base_params.py,A line with 131 chars in prepare_dir exceeds the maximum length of 120 characters.
JayYip_bert-multitask-learning.m3tl,base_params,BaseParams,Long statement,prepare_dir,395,/Volumes/BrokeExt/NICHE/JayYip_bert-multitask-learning/m3tl/base_params.py,A line with 131 chars in prepare_dir exceeds the maximum length of 120 characters.
JayYip_bert-multitask-learning.m3tl,base_params,BaseParams,Long statement,prepare_dir,408,/Volumes/BrokeExt/NICHE/JayYip_bert-multitask-learning/m3tl/base_params.py,A line with 127 chars in prepare_dir exceeds the maximum length of 120 characters.
JayYip_bert-multitask-learning.m3tl,base_params,BaseParams,Long statement,prepare_dir,411,/Volumes/BrokeExt/NICHE/JayYip_bert-multitask-learning/m3tl/base_params.py,A line with 136 chars in prepare_dir exceeds the maximum length of 120 characters.
JayYip_bert-multitask-learning.m3tl,base_params,BaseParams,Long statement,prepare_dir,419,/Volumes/BrokeExt/NICHE/JayYip_bert-multitask-learning/m3tl/base_params.py,A line with 131 chars in prepare_dir exceeds the maximum length of 120 characters.
JayYip_bert-multitask-learning.m3tl,base_params,BaseParams,Long statement,update_train_steps,442,/Volumes/BrokeExt/NICHE/JayYip_bert-multitask-learning/m3tl/base_params.py,A line with 415 chars in update_train_steps exceeds the maximum length of 120 characters.
JayYip_bert-multitask-learning.m3tl,base_params,BaseParams,Long statement,register_problem_type,497,/Volumes/BrokeExt/NICHE/JayYip_bert-multitask-learning/m3tl/base_params.py,A line with 123 chars in register_problem_type exceeds the maximum length of 120 characters.
JayYip_bert-multitask-learning.m3tl,base_params,BaseParams,Long statement,get_problem_info,621,/Volumes/BrokeExt/NICHE/JayYip_bert-multitask-learning/m3tl/base_params.py,A line with 313 chars in get_problem_info exceeds the maximum length of 120 characters.
JayYip_bert-multitask-learning.m3tl,base_params,BaseParams,Long statement,calculate_data_sampling_prob,695,/Volumes/BrokeExt/NICHE/JayYip_bert-multitask-learning/m3tl/base_params.py,A line with 139 chars in calculate_data_sampling_prob exceeds the maximum length of 120 characters.
JayYip_bert-multitask-learning.m3tl,base_params,BaseParams,Long statement,assign_mtl_model,731,/Volumes/BrokeExt/NICHE/JayYip_bert-multitask-learning/m3tl/base_params.py,A line with 125 chars in assign_mtl_model exceeds the maximum length of 120 characters.
JayYip_bert-multitask-learning.m3tl,base_params,BaseParams,Long statement,assign_loss_combination_strategy,751,/Volumes/BrokeExt/NICHE/JayYip_bert-multitask-learning/m3tl/base_params.py,A line with 150 chars in assign_loss_combination_strategy exceeds the maximum length of 120 characters.
JayYip_bert-multitask-learning.m3tl,base_params,BaseParams,Long statement,assign_embedding_layer,765,/Volumes/BrokeExt/NICHE/JayYip_bert-multitask-learning/m3tl/base_params.py,A line with 137 chars in assign_embedding_layer exceeds the maximum length of 120 characters.
JayYip_bert-multitask-learning.m3tl,base_params,BaseParams,Magic number,__init__,101,/Volumes/BrokeExt/NICHE/JayYip_bert-multitask-learning/m3tl/base_params.py,Magic number 2e-05 used in __init__.
JayYip_bert-multitask-learning.m3tl,base_params,BaseParams,Magic number,__init__,102,/Volumes/BrokeExt/NICHE/JayYip_bert-multitask-learning/m3tl/base_params.py,Magic number 0.1 used in __init__.
JayYip_bert-multitask-learning.m3tl,base_params,BaseParams,Magic number,__init__,104,/Volumes/BrokeExt/NICHE/JayYip_bert-multitask-learning/m3tl/base_params.py,Magic number 256 used in __init__.
JayYip_bert-multitask-learning.m3tl,base_params,BaseParams,Magic number,__init__,108,/Volumes/BrokeExt/NICHE/JayYip_bert-multitask-learning/m3tl/base_params.py,Magic number 12 used in __init__.
JayYip_bert-multitask-learning.m3tl,base_params,BaseParams,Magic number,__init__,111,/Volumes/BrokeExt/NICHE/JayYip_bert-multitask-learning/m3tl/base_params.py,Magic number 0.5 used in __init__.
JayYip_bert-multitask-learning.m3tl,base_params,BaseParams,Magic number,__init__,128,/Volumes/BrokeExt/NICHE/JayYip_bert-multitask-learning/m3tl/base_params.py,Magic number 100000 used in __init__.
JayYip_bert-multitask-learning.m3tl,base_params,BaseParams,Magic number,__init__,129,/Volumes/BrokeExt/NICHE/JayYip_bert-multitask-learning/m3tl/base_params.py,Magic number 100000 used in __init__.
JayYip_bert-multitask-learning.m3tl,base_params,BaseParams,Magic number,__init__,131,/Volumes/BrokeExt/NICHE/JayYip_bert-multitask-learning/m3tl/base_params.py,Magic number 32 used in __init__.
JayYip_bert-multitask-learning.m3tl,base_params,BaseParams,Magic number,__init__,132,/Volumes/BrokeExt/NICHE/JayYip_bert-multitask-learning/m3tl/base_params.py,Magic number 15 used in __init__.
JayYip_bert-multitask-learning.m3tl,base_params,BaseParams,Magic number,__init__,134,/Volumes/BrokeExt/NICHE/JayYip_bert-multitask-learning/m3tl/base_params.py,Magic number 5000 used in __init__.
JayYip_bert-multitask-learning.m3tl,base_params,BaseParams,Magic number,__init__,138,/Volumes/BrokeExt/NICHE/JayYip_bert-multitask-learning/m3tl/base_params.py,Magic number 200000 used in __init__.
JayYip_bert-multitask-learning.m3tl,base_params,BaseParams,Magic number,__init__,180,/Volumes/BrokeExt/NICHE/JayYip_bert-multitask-learning/m3tl/base_params.py,Magic number 3 used in __init__.
JayYip_bert-multitask-learning.m3tl,base_params,BaseParams,Magic number,__init__,181,/Volumes/BrokeExt/NICHE/JayYip_bert-multitask-learning/m3tl/base_params.py,Magic number 10 used in __init__.
JayYip_bert-multitask-learning.m3tl,base_params,BaseParams,Magic number,__init__,183,/Volumes/BrokeExt/NICHE/JayYip_bert-multitask-learning/m3tl/base_params.py,Magic number 0.6 used in __init__.
JayYip_bert-multitask-learning.m3tl,base_params,BaseParams,Magic number,__init__,184,/Volumes/BrokeExt/NICHE/JayYip_bert-multitask-learning/m3tl/base_params.py,Magic number 90 used in __init__.
JayYip_bert-multitask-learning.m3tl,base_params,BaseParams,Magic number,__init__,187,/Volumes/BrokeExt/NICHE/JayYip_bert-multitask-learning/m3tl/base_params.py,Magic number 10 used in __init__.
JayYip_bert-multitask-learning.m3tl,base_params,BaseParams,Magic number,__init__,188,/Volumes/BrokeExt/NICHE/JayYip_bert-multitask-learning/m3tl/base_params.py,Magic number 0.1 used in __init__.
JayYip_bert-multitask-learning.m3tl,base_params,BaseParams,Magic number,__init__,189,/Volumes/BrokeExt/NICHE/JayYip_bert-multitask-learning/m3tl/base_params.py,Magic number 0.15 used in __init__.
JayYip_bert-multitask-learning.m3tl,base_params,BaseParams,Magic number,__init__,190,/Volumes/BrokeExt/NICHE/JayYip_bert-multitask-learning/m3tl/base_params.py,Magic number 20 used in __init__.
JayYip_bert-multitask-learning.m3tl,base_params,BaseParams,Magic number,__init__,191,/Volumes/BrokeExt/NICHE/JayYip_bert-multitask-learning/m3tl/base_params.py,Magic number 768 used in __init__.
JayYip_bert-multitask-learning.m3tl,base_params,BaseParams,Magic number,__init__,193,/Volumes/BrokeExt/NICHE/JayYip_bert-multitask-learning/m3tl/base_params.py,Magic number 0.02 used in __init__.
JayYip_bert-multitask-learning.m3tl,base_params,BaseParams,Magic number,__init__,53,/Volumes/BrokeExt/NICHE/JayYip_bert-multitask-learning/m3tl/base_params.py,Magic number 2 used in __init__.
JayYip_bert-multitask-learning.m3tl,base_params,BaseParams,Magic number,__init__,136,/Volumes/BrokeExt/NICHE/JayYip_bert-multitask-learning/m3tl/base_params.py,Magic number 32 used in __init__.
JayYip_bert-multitask-learning.m3tl,base_params,BaseParams,Magic number,__init__,136,/Volumes/BrokeExt/NICHE/JayYip_bert-multitask-learning/m3tl/base_params.py,Magic number 32 used in __init__.
JayYip_bert-multitask-learning.m3tl,base_params,BaseParams,Magic number,__init__,136,/Volumes/BrokeExt/NICHE/JayYip_bert-multitask-learning/m3tl/base_params.py,Magic number 32 used in __init__.
JayYip_bert-multitask-learning.m3tl,base_params,BaseParams,Magic number,__init__,136,/Volumes/BrokeExt/NICHE/JayYip_bert-multitask-learning/m3tl/base_params.py,Magic number 16 used in __init__.
JayYip_bert-multitask-learning.m3tl,base_params,BaseParams,Magic number,__init__,137,/Volumes/BrokeExt/NICHE/JayYip_bert-multitask-learning/m3tl/base_params.py,Magic number 30 used in __init__.
JayYip_bert-multitask-learning.m3tl,base_params,BaseParams,Magic number,__init__,137,/Volumes/BrokeExt/NICHE/JayYip_bert-multitask-learning/m3tl/base_params.py,Magic number 64 used in __init__.
JayYip_bert-multitask-learning.m3tl,base_params,BaseParams,Magic number,__init__,137,/Volumes/BrokeExt/NICHE/JayYip_bert-multitask-learning/m3tl/base_params.py,Magic number 128 used in __init__.
JayYip_bert-multitask-learning.m3tl,base_params,BaseParams,Magic number,_copy_or_wait,278,/Volumes/BrokeExt/NICHE/JayYip_bert-multitask-learning/m3tl/base_params.py,Magic number 5 used in _copy_or_wait.
JayYip_bert-multitask-learning.m3tl,base_params,BaseParams,Magic number,update_train_steps,441,/Volumes/BrokeExt/NICHE/JayYip_bert-multitask-learning/m3tl/base_params.py,Magic number 0.1 used in update_train_steps.
JayYip_bert-multitask-learning.m3tl,base_params,DynamicBatchSizeParams,Magic number,__init__,807,/Volumes/BrokeExt/NICHE/JayYip_bert-multitask-learning/m3tl/base_params.py,Magic number 128 used in __init__.
JayYip_bert-multitask-learning.m3tl,base_params,DynamicBatchSizeParams,Magic number,__init__,807,/Volumes/BrokeExt/NICHE/JayYip_bert-multitask-learning/m3tl/base_params.py,Magic number 64 used in __init__.
JayYip_bert-multitask-learning.m3tl,base_params,DynamicBatchSizeParams,Magic number,__init__,807,/Volumes/BrokeExt/NICHE/JayYip_bert-multitask-learning/m3tl/base_params.py,Magic number 32 used in __init__.
JayYip_bert-multitask-learning.m3tl,base_params,DynamicBatchSizeParams,Magic number,__init__,807,/Volumes/BrokeExt/NICHE/JayYip_bert-multitask-learning/m3tl/base_params.py,Magic number 16 used in __init__.
JayYip_bert-multitask-learning.m3tl,input_fn,,Long statement,train_eval_input_fn,29,/Volumes/BrokeExt/NICHE/JayYip_bert-multitask-learning/m3tl/input_fn.py,A line with 287 chars in train_eval_input_fn exceeds the maximum length of 120 characters.
JayYip_bert-multitask-learning.m3tl,input_fn,,Long statement,train_eval_input_fn,75,/Volumes/BrokeExt/NICHE/JayYip_bert-multitask-learning/m3tl/input_fn.py,A line with 202 chars in train_eval_input_fn exceeds the maximum length of 120 characters.
JayYip_bert-multitask-learning.m3tl,input_fn,,Long statement,predict_input_fn,98,/Volumes/BrokeExt/NICHE/JayYip_bert-multitask-learning/m3tl/input_fn.py,A line with 488 chars in predict_input_fn exceeds the maximum length of 120 characters.
JayYip_bert-multitask-learning.m3tl,model_fn,BertMultiTaskBody,Complex method,call,95 - 150,/Volumes/BrokeExt/NICHE/JayYip_bert-multitask-learning/m3tl/model_fn.py,"Method 'call' has a cyclomatic complexity of 10, exceeding the max of 6."
JayYip_bert-multitask-learning.m3tl,model_fn,BertMultiTaskBody,Long statement,__init__,56,/Volumes/BrokeExt/NICHE/JayYip_bert-multitask-learning/m3tl/model_fn.py,A line with 125 chars in __init__ exceeds the maximum length of 120 characters.
JayYip_bert-multitask-learning.m3tl,model_fn,BertMultiTaskBody,Long statement,get_features_for_problem,79,/Volumes/BrokeExt/NICHE/JayYip_bert-multitask-learning/m3tl/model_fn.py,A line with 135 chars in get_features_for_problem exceeds the maximum length of 120 characters.
JayYip_bert-multitask-learning.m3tl,model_fn,BertMultiTaskBody,Long statement,get_features_for_problem,82,/Volumes/BrokeExt/NICHE/JayYip_bert-multitask-learning/m3tl/model_fn.py,A line with 122 chars in get_features_for_problem exceeds the maximum length of 120 characters.
JayYip_bert-multitask-learning.m3tl,model_fn,BertMultiTask,Long statement,__init__,230,/Volumes/BrokeExt/NICHE/JayYip_bert-multitask-learning/m3tl/model_fn.py,A line with 130 chars in __init__ exceeds the maximum length of 120 characters.
JayYip_bert-multitask-learning.m3tl,model_fn,BertMultiTask,Long statement,compile,274,/Volumes/BrokeExt/NICHE/JayYip_bert-multitask-learning/m3tl/model_fn.py,A line with 219 chars in compile exceeds the maximum length of 120 characters.
JayYip_bert-multitask-learning.m3tl,model_fn,BertMultiTask,Long statement,train_step,300,/Volumes/BrokeExt/NICHE/JayYip_bert-multitask-learning/m3tl/model_fn.py,A line with 145 chars in train_step exceeds the maximum length of 120 characters.
JayYip_bert-multitask-learning.m3tl,model_fn,BertMultiTask,Long statement,test_step,333,/Volumes/BrokeExt/NICHE/JayYip_bert-multitask-learning/m3tl/model_fn.py,A line with 881 chars in test_step exceeds the maximum length of 120 characters.
JayYip_bert-multitask-learning.m3tl,modeling,MultiModalBertModel,Long statement,__init__,35,/Volumes/BrokeExt/NICHE/JayYip_bert-multitask-learning/m3tl/modeling.py,A line with 121 chars in __init__ exceeds the maximum length of 120 characters.
JayYip_bert-multitask-learning.m3tl,modeling,MultiModalBertModel,Long statement,call,45,/Volumes/BrokeExt/NICHE/JayYip_bert-multitask-learning/m3tl/modeling.py,A line with 213 chars in call exceeds the maximum length of 120 characters.
JayYip_bert-multitask-learning.m3tl,modeling,MultiModalBertModel,Long statement,get_sequence_output,75,/Volumes/BrokeExt/NICHE/JayYip_bert-multitask-learning/m3tl/modeling.py,A line with 211 chars in get_sequence_output exceeds the maximum length of 120 characters.
JayYip_bert-multitask-learning.m3tl,modeling,MultiModalBertModel,Long statement,get_embedding_output,87,/Volumes/BrokeExt/NICHE/JayYip_bert-multitask-learning/m3tl/modeling.py,A line with 428 chars in get_embedding_output exceeds the maximum length of 120 characters.
JayYip_bert-multitask-learning.m3tl,params,Params,Long method,__init__,19 - 83,/Volumes/BrokeExt/NICHE/JayYip_bert-multitask-learning/m3tl/params.py,Method '__init__' is too long (62 lines).
JayYip_bert-multitask-learning.m3tl,params,Params,Long statement,__init__,22,/Volumes/BrokeExt/NICHE/JayYip_bert-multitask-learning/m3tl/params.py,A line with 257 chars in __init__ exceeds the maximum length of 120 characters.
JayYip_bert-multitask-learning.m3tl,params,Params,Long statement,__init__,27,/Volumes/BrokeExt/NICHE/JayYip_bert-multitask-learning/m3tl/params.py,A line with 276 chars in __init__ exceeds the maximum length of 120 characters.
JayYip_bert-multitask-learning.m3tl,params,Params,Long statement,__init__,32,/Volumes/BrokeExt/NICHE/JayYip_bert-multitask-learning/m3tl/params.py,A line with 244 chars in __init__ exceeds the maximum length of 120 characters.
JayYip_bert-multitask-learning.m3tl,params,Params,Long statement,__init__,37,/Volumes/BrokeExt/NICHE/JayYip_bert-multitask-learning/m3tl/params.py,A line with 235 chars in __init__ exceeds the maximum length of 120 characters.
JayYip_bert-multitask-learning.m3tl,params,Params,Long statement,__init__,42,/Volumes/BrokeExt/NICHE/JayYip_bert-multitask-learning/m3tl/params.py,A line with 247 chars in __init__ exceeds the maximum length of 120 characters.
JayYip_bert-multitask-learning.m3tl,params,Params,Long statement,__init__,47,/Volumes/BrokeExt/NICHE/JayYip_bert-multitask-learning/m3tl/params.py,A line with 252 chars in __init__ exceeds the maximum length of 120 characters.
JayYip_bert-multitask-learning.m3tl,params,Params,Long statement,__init__,52,/Volumes/BrokeExt/NICHE/JayYip_bert-multitask-learning/m3tl/params.py,A line with 255 chars in __init__ exceeds the maximum length of 120 characters.
JayYip_bert-multitask-learning.m3tl,params,Params,Long statement,__init__,58,/Volumes/BrokeExt/NICHE/JayYip_bert-multitask-learning/m3tl/params.py,A line with 280 chars in __init__ exceeds the maximum length of 120 characters.
JayYip_bert-multitask-learning.m3tl,params,Params,Long statement,__init__,65,/Volumes/BrokeExt/NICHE/JayYip_bert-multitask-learning/m3tl/params.py,A line with 331 chars in __init__ exceeds the maximum length of 120 characters.
JayYip_bert-multitask-learning.m3tl,preproc_decorator,,Long Lambda Function,convert_data_to_features_pyspark,146,/Volumes/BrokeExt/NICHE/JayYip_bert-multitask-learning/m3tl/preproc_decorator.py,A Lambda with 147 chars in convert_data_to_features_pyspark exceeds the maximum length of 80 characters.
JayYip_bert-multitask-learning.m3tl,preproc_decorator,,Complex method,convert_legacy_output,31 - 67,/Volumes/BrokeExt/NICHE/JayYip_bert-multitask-learning/m3tl/preproc_decorator.py,"Method 'convert_legacy_output' has a cyclomatic complexity of 9, exceeding the max of 6."
JayYip_bert-multitask-learning.m3tl,preproc_decorator,,Complex method,preprocessing_fn,169 - 299,/Volumes/BrokeExt/NICHE/JayYip_bert-multitask-learning/m3tl/preproc_decorator.py,"Method 'preprocessing_fn' has a cyclomatic complexity of 11, exceeding the max of 6."
JayYip_bert-multitask-learning.m3tl,preproc_decorator,,Long identifier,convert_data_to_features_pyspark,133,/Volumes/BrokeExt/NICHE/JayYip_bert-multitask-learning/m3tl/preproc_decorator.py,Identifier'convert_data_to_features_pyspark' exceeds the maximum length of 30 characters.
JayYip_bert-multitask-learning.m3tl,preproc_decorator,,Long method,preprocessing_fn,169 - 299,/Volumes/BrokeExt/NICHE/JayYip_bert-multitask-learning/m3tl/preproc_decorator.py,Method 'preprocessing_fn' is too long (108 lines).
JayYip_bert-multitask-learning.m3tl,preproc_decorator,,Long parameter list,convert_data_to_features,98 - 130,/Volumes/BrokeExt/NICHE/JayYip_bert-multitask-learning/m3tl/preproc_decorator.py,"convert_data_to_features has 6 parameters, exceeding the max of 5."
JayYip_bert-multitask-learning.m3tl,preproc_decorator,,Long parameter list,convert_data_to_features_pyspark,133 - 149,/Volumes/BrokeExt/NICHE/JayYip_bert-multitask-learning/m3tl/preproc_decorator.py,"convert_data_to_features_pyspark has 6 parameters, exceeding the max of 5."
JayYip_bert-multitask-learning.m3tl,preproc_decorator,,Long statement,convert_legacy_output,32,/Volumes/BrokeExt/NICHE/JayYip_bert-multitask-learning/m3tl/preproc_decorator.py,A line with 218 chars in convert_legacy_output exceeds the maximum length of 120 characters.
JayYip_bert-multitask-learning.m3tl,preproc_decorator,,Long statement,convert_data_to_features,111,/Volumes/BrokeExt/NICHE/JayYip_bert-multitask-learning/m3tl/preproc_decorator.py,A line with 185 chars in convert_data_to_features exceeds the maximum length of 120 characters.
JayYip_bert-multitask-learning.m3tl,preproc_decorator,,Long statement,convert_data_to_features_pyspark,146,/Volumes/BrokeExt/NICHE/JayYip_bert-multitask-learning/m3tl/preproc_decorator.py,A line with 184 chars in convert_data_to_features_pyspark exceeds the maximum length of 120 characters.
JayYip_bert-multitask-learning.m3tl,preproc_decorator,,Long statement,check_if_le_created,156,/Volumes/BrokeExt/NICHE/JayYip_bert-multitask-learning/m3tl/preproc_decorator.py,A line with 346 chars in check_if_le_created exceeds the maximum length of 120 characters.
JayYip_bert-multitask-learning.m3tl,preproc_decorator,,Long statement,preprocessing_fn,170,/Volumes/BrokeExt/NICHE/JayYip_bert-multitask-learning/m3tl/preproc_decorator.py,A line with 870 chars in preprocessing_fn exceeds the maximum length of 120 characters.
JayYip_bert-multitask-learning.m3tl,preproc_decorator,,Long statement,preprocessing_fn,230,/Volumes/BrokeExt/NICHE/JayYip_bert-multitask-learning/m3tl/preproc_decorator.py,A line with 148 chars in preprocessing_fn exceeds the maximum length of 120 characters.
JayYip_bert-multitask-learning.m3tl,preproc_decorator,,Long statement,preprocessing_fn,257,/Volumes/BrokeExt/NICHE/JayYip_bert-multitask-learning/m3tl/preproc_decorator.py,A line with 148 chars in preprocessing_fn exceeds the maximum length of 120 characters.
JayYip_bert-multitask-learning.m3tl,preproc_decorator,,Long statement,preprocessing_fn,266,/Volumes/BrokeExt/NICHE/JayYip_bert-multitask-learning/m3tl/preproc_decorator.py,A line with 180 chars in preprocessing_fn exceeds the maximum length of 120 characters.
JayYip_bert-multitask-learning.m3tl,preproc_decorator,,Long statement,preprocessing_fn,274,/Volumes/BrokeExt/NICHE/JayYip_bert-multitask-learning/m3tl/preproc_decorator.py,A line with 156 chars in preprocessing_fn exceeds the maximum length of 120 characters.
JayYip_bert-multitask-learning.m3tl,preproc_decorator,,Long statement,preprocessing_fn,291,/Volumes/BrokeExt/NICHE/JayYip_bert-multitask-learning/m3tl/preproc_decorator.py,A line with 156 chars in preprocessing_fn exceeds the maximum length of 120 characters.
JayYip_bert-multitask-learning.m3tl,preproc_decorator,,Long statement,,3,/Volumes/BrokeExt/NICHE/JayYip_bert-multitask-learning/m3tl/preproc_decorator.py,A line with 204 chars in preproc_decorator exceeds the maximum length of 120 characters.
JayYip_bert-multitask-learning.m3tl,pyspark_utils,,Long statement,join_dict_of_rdd,103,/Volumes/BrokeExt/NICHE/JayYip_bert-multitask-learning/m3tl/pyspark_utils.py,A line with 318 chars in join_dict_of_rdd exceeds the maximum length of 120 characters.
JayYip_bert-multitask-learning.m3tl,pyspark_utils,,Long statement,join_dict_of_rdd,137,/Volumes/BrokeExt/NICHE/JayYip_bert-multitask-learning/m3tl/pyspark_utils.py,A line with 125 chars in join_dict_of_rdd exceeds the maximum length of 120 characters.
JayYip_bert-multitask-learning.m3tl,pyspark_utils,,Long statement,repar_rdd,184,/Volumes/BrokeExt/NICHE/JayYip_bert-multitask-learning/m3tl/pyspark_utils.py,A line with 164 chars in repar_rdd exceeds the maximum length of 120 characters.
JayYip_bert-multitask-learning.m3tl,pyspark_utils,Hdfs,Long statement,copy,54,/Volumes/BrokeExt/NICHE/JayYip_bert-multitask-learning/m3tl/pyspark_utils.py,A line with 124 chars in copy exceeds the maximum length of 120 characters.
JayYip_bert-multitask-learning.m3tl,pyspark_utils,,Magic number,repar_rdd,183,/Volumes/BrokeExt/NICHE/JayYip_bert-multitask-learning/m3tl/pyspark_utils.py,Magic number 100000 used in repar_rdd.
JayYip_bert-multitask-learning.m3tl,read_write_tfrecord,,Complex method,serialize_fn,56 - 122,/Volumes/BrokeExt/NICHE/JayYip_bert-multitask-learning/m3tl/read_write_tfrecord.py,"Method 'serialize_fn' has a cyclomatic complexity of 9, exceeding the max of 6."
JayYip_bert-multitask-learning.m3tl,read_write_tfrecord,,Complex method,make_tfrecord_local,126 - 169,/Volumes/BrokeExt/NICHE/JayYip_bert-multitask-learning/m3tl/read_write_tfrecord.py,"Method 'make_tfrecord_local' has a cyclomatic complexity of 7, exceeding the max of 6."
JayYip_bert-multitask-learning.m3tl,read_write_tfrecord,,Complex method,chain_processed_data,246 - 286,/Volumes/BrokeExt/NICHE/JayYip_bert-multitask-learning/m3tl/read_write_tfrecord.py,"Method 'chain_processed_data' has a cyclomatic complexity of 7, exceeding the max of 6."
JayYip_bert-multitask-learning.m3tl,read_write_tfrecord,,Complex method,write_tfrecord,289 - 334,/Volumes/BrokeExt/NICHE/JayYip_bert-multitask-learning/m3tl/read_write_tfrecord.py,"Method 'write_tfrecord' has a cyclomatic complexity of 9, exceeding the max of 6."
JayYip_bert-multitask-learning.m3tl,read_write_tfrecord,,Complex method,read_tfrecord,479 - 548,/Volumes/BrokeExt/NICHE/JayYip_bert-multitask-learning/m3tl/read_write_tfrecord.py,"Method 'read_tfrecord' has a cyclomatic complexity of 8, exceeding the max of 6."
JayYip_bert-multitask-learning.m3tl,read_write_tfrecord,,Long identifier,get_dummy_features,415,/Volumes/BrokeExt/NICHE/JayYip_bert-multitask-learning/m3tl/read_write_tfrecord.py,Identifier'common_features_accross_problems' exceeds the maximum length of 30 characters.
JayYip_bert-multitask-learning.m3tl,read_write_tfrecord,,Long method,serialize_fn,56 - 122,/Volumes/BrokeExt/NICHE/JayYip_bert-multitask-learning/m3tl/read_write_tfrecord.py,Method 'serialize_fn' is too long (64 lines).
JayYip_bert-multitask-learning.m3tl,read_write_tfrecord,,Long method,read_tfrecord,479 - 548,/Volumes/BrokeExt/NICHE/JayYip_bert-multitask-learning/m3tl/read_write_tfrecord.py,Method 'read_tfrecord' is too long (57 lines).
JayYip_bert-multitask-learning.m3tl,read_write_tfrecord,,Long parameter list,make_tfrecord_local,126 - 169,/Volumes/BrokeExt/NICHE/JayYip_bert-multitask-learning/m3tl/read_write_tfrecord.py,"make_tfrecord_local has 6 parameters, exceeding the max of 5."
JayYip_bert-multitask-learning.m3tl,read_write_tfrecord,,Long parameter list,make_tfrecord_pyspark,172 - 222,/Volumes/BrokeExt/NICHE/JayYip_bert-multitask-learning/m3tl/read_write_tfrecord.py,"make_tfrecord_pyspark has 6 parameters, exceeding the max of 5."
JayYip_bert-multitask-learning.m3tl,read_write_tfrecord,,Long parameter list,make_tfrecord,225 - 241,/Volumes/BrokeExt/NICHE/JayYip_bert-multitask-learning/m3tl/read_write_tfrecord.py,"make_tfrecord has 6 parameters, exceeding the max of 5."
JayYip_bert-multitask-learning.m3tl,read_write_tfrecord,,Long statement,make_tfrecord_pyspark,193,/Volumes/BrokeExt/NICHE/JayYip_bert-multitask-learning/m3tl/read_write_tfrecord.py,A line with 129 chars in make_tfrecord_pyspark exceeds the maximum length of 120 characters.
JayYip_bert-multitask-learning.m3tl,read_write_tfrecord,,Long statement,make_tfrecord_pyspark,203,/Volumes/BrokeExt/NICHE/JayYip_bert-multitask-learning/m3tl/read_write_tfrecord.py,A line with 218 chars in make_tfrecord_pyspark exceeds the maximum length of 120 characters.
JayYip_bert-multitask-learning.m3tl,read_write_tfrecord,,Long statement,make_tfrecord,229,/Volumes/BrokeExt/NICHE/JayYip_bert-multitask-learning/m3tl/read_write_tfrecord.py,A line with 170 chars in make_tfrecord exceeds the maximum length of 120 characters.
JayYip_bert-multitask-learning.m3tl,read_write_tfrecord,,Long statement,make_tfrecord,236,/Volumes/BrokeExt/NICHE/JayYip_bert-multitask-learning/m3tl/read_write_tfrecord.py,A line with 168 chars in make_tfrecord exceeds the maximum length of 120 characters.
JayYip_bert-multitask-learning.m3tl,read_write_tfrecord,,Long statement,chain_processed_data,281,/Volumes/BrokeExt/NICHE/JayYip_bert-multitask-learning/m3tl/read_write_tfrecord.py,A line with 159 chars in chain_processed_data exceeds the maximum length of 120 characters.
JayYip_bert-multitask-learning.m3tl,read_write_tfrecord,,Long statement,write_tfrecord,290,/Volumes/BrokeExt/NICHE/JayYip_bert-multitask-learning/m3tl/read_write_tfrecord.py,A line with 252 chars in write_tfrecord exceeds the maximum length of 120 characters.
JayYip_bert-multitask-learning.m3tl,read_write_tfrecord,,Long statement,write_tfrecord,320,/Volumes/BrokeExt/NICHE/JayYip_bert-multitask-learning/m3tl/read_write_tfrecord.py,A line with 177 chars in write_tfrecord exceeds the maximum length of 120 characters.
JayYip_bert-multitask-learning.m3tl,read_write_tfrecord,,Long statement,_reshape_tensor,353,/Volumes/BrokeExt/NICHE/JayYip_bert-multitask-learning/m3tl/read_write_tfrecord.py,A line with 157 chars in _reshape_tensor exceeds the maximum length of 120 characters.
JayYip_bert-multitask-learning.m3tl,read_write_tfrecord,,Long statement,reshape_tensors_in_dataset,369,/Volumes/BrokeExt/NICHE/JayYip_bert-multitask-learning/m3tl/read_write_tfrecord.py,A line with 160 chars in reshape_tensors_in_dataset exceeds the maximum length of 120 characters.
JayYip_bert-multitask-learning.m3tl,read_write_tfrecord,,Long statement,get_dummy_features,416,/Volumes/BrokeExt/NICHE/JayYip_bert-multitask-learning/m3tl/read_write_tfrecord.py,A line with 768 chars in get_dummy_features exceeds the maximum length of 120 characters.
JayYip_bert-multitask-learning.m3tl,read_write_tfrecord,,Long statement,get_dummy_features,450,/Volumes/BrokeExt/NICHE/JayYip_bert-multitask-learning/m3tl/read_write_tfrecord.py,A line with 240 chars in get_dummy_features exceeds the maximum length of 120 characters.
JayYip_bert-multitask-learning.m3tl,read_write_tfrecord,,Long statement,add_dummy_features_to_dataset,462,/Volumes/BrokeExt/NICHE/JayYip_bert-multitask-learning/m3tl/read_write_tfrecord.py,A line with 344 chars in add_dummy_features_to_dataset exceeds the maximum length of 120 characters.
JayYip_bert-multitask-learning.m3tl,read_write_tfrecord,,Long statement,read_tfrecord,480,/Volumes/BrokeExt/NICHE/JayYip_bert-multitask-learning/m3tl/read_write_tfrecord.py,A line with 325 chars in read_tfrecord exceeds the maximum length of 120 characters.
JayYip_bert-multitask-learning.m3tl,read_write_tfrecord,,Long statement,read_tfrecord,519,/Volumes/BrokeExt/NICHE/JayYip_bert-multitask-learning/m3tl/read_write_tfrecord.py,A line with 148 chars in read_tfrecord exceeds the maximum length of 120 characters.
JayYip_bert-multitask-learning.m3tl,read_write_tfrecord,,Long statement,read_tfrecord,529,/Volumes/BrokeExt/NICHE/JayYip_bert-multitask-learning/m3tl/read_write_tfrecord.py,A line with 257 chars in read_tfrecord exceeds the maximum length of 120 characters.
JayYip_bert-multitask-learning.m3tl,read_write_tfrecord,,Long statement,read_tfrecord,544,/Volumes/BrokeExt/NICHE/JayYip_bert-multitask-learning/m3tl/read_write_tfrecord.py,A line with 161 chars in read_tfrecord exceeds the maximum length of 120 characters.
JayYip_bert-multitask-learning.m3tl,read_write_tfrecord,,Long statement,,3,/Volumes/BrokeExt/NICHE/JayYip_bert-multitask-learning/m3tl/read_write_tfrecord.py,A line with 304 chars in read_write_tfrecord exceeds the maximum length of 120 characters.
JayYip_bert-multitask-learning.m3tl,read_write_tfrecord,,Magic number,make_tfrecord_local,126,/Volumes/BrokeExt/NICHE/JayYip_bert-multitask-learning/m3tl/read_write_tfrecord.py,Magic number 100000 used in make_tfrecord_local.
JayYip_bert-multitask-learning.m3tl,read_write_tfrecord,,Magic number,make_tfrecord_pyspark,172,/Volumes/BrokeExt/NICHE/JayYip_bert-multitask-learning/m3tl/read_write_tfrecord.py,Magic number 100000 used in make_tfrecord_pyspark.
JayYip_bert-multitask-learning.m3tl,read_write_tfrecord,,Magic number,make_tfrecord,225,/Volumes/BrokeExt/NICHE/JayYip_bert-multitask-learning/m3tl/read_write_tfrecord.py,Magic number 100000 used in make_tfrecord.
JayYip_bert-multitask-learning.m3tl,run_bert_multitask,,Complex method,create_keras_model,37 - 96,/Volumes/BrokeExt/NICHE/JayYip_bert-multitask-learning/m3tl/run_bert_multitask.py,"Method 'create_keras_model' has a cyclomatic complexity of 7, exceeding the max of 6."
JayYip_bert-multitask-learning.m3tl,run_bert_multitask,,Complex method,_train_bert_multitask_keras_model,107 - 178,/Volumes/BrokeExt/NICHE/JayYip_bert-multitask-learning/m3tl/run_bert_multitask.py,"Method '_train_bert_multitask_keras_model' has a cyclomatic complexity of 7, exceeding the max of 6."
JayYip_bert-multitask-learning.m3tl,run_bert_multitask,,Complex method,get_params_ready,182 - 208,/Volumes/BrokeExt/NICHE/JayYip_bert-multitask-learning/m3tl/run_bert_multitask.py,"Method 'get_params_ready' has a cyclomatic complexity of 10, exceeding the max of 6."
JayYip_bert-multitask-learning.m3tl,run_bert_multitask,,Complex method,train_bert_multitask,213 - 325,/Volumes/BrokeExt/NICHE/JayYip_bert-multitask-learning/m3tl/run_bert_multitask.py,"Method 'train_bert_multitask' has a cyclomatic complexity of 16, exceeding the max of 6."
JayYip_bert-multitask-learning.m3tl,run_bert_multitask,,Complex method,trim_checkpoint_for_prediction,339 - 397,/Volumes/BrokeExt/NICHE/JayYip_bert-multitask-learning/m3tl/run_bert_multitask.py,"Method 'trim_checkpoint_for_prediction' has a cyclomatic complexity of 7, exceeding the max of 6."
JayYip_bert-multitask-learning.m3tl,run_bert_multitask,,Complex method,decode_predictions,438 - 508,/Volumes/BrokeExt/NICHE/JayYip_bert-multitask-learning/m3tl/run_bert_multitask.py,"Method 'decode_predictions' has a cyclomatic complexity of 14, exceeding the max of 6."
JayYip_bert-multitask-learning.m3tl,run_bert_multitask,,Complex method,predict_bert_multitask,513 - 573,/Volumes/BrokeExt/NICHE/JayYip_bert-multitask-learning/m3tl/run_bert_multitask.py,"Method 'predict_bert_multitask' has a cyclomatic complexity of 7, exceeding the max of 6."
JayYip_bert-multitask-learning.m3tl,run_bert_multitask,,Long identifier,_train_bert_multitask_keras_model,107,/Volumes/BrokeExt/NICHE/JayYip_bert-multitask-learning/m3tl/run_bert_multitask.py,Identifier'_train_bert_multitask_keras_model' exceeds the maximum length of 30 characters.
JayYip_bert-multitask-learning.m3tl,run_bert_multitask,,Long identifier,create_tensorspec_from_shape_type,329,/Volumes/BrokeExt/NICHE/JayYip_bert-multitask-learning/m3tl/run_bert_multitask.py,Identifier'create_tensorspec_from_shape_type' exceeds the maximum length of 30 characters.
JayYip_bert-multitask-learning.m3tl,run_bert_multitask,,Long method,create_keras_model,37 - 96,/Volumes/BrokeExt/NICHE/JayYip_bert-multitask-learning/m3tl/run_bert_multitask.py,Method 'create_keras_model' is too long (53 lines).
JayYip_bert-multitask-learning.m3tl,run_bert_multitask,,Long method,_train_bert_multitask_keras_model,107 - 178,/Volumes/BrokeExt/NICHE/JayYip_bert-multitask-learning/m3tl/run_bert_multitask.py,Method '_train_bert_multitask_keras_model' is too long (51 lines).
JayYip_bert-multitask-learning.m3tl,run_bert_multitask,,Long method,train_bert_multitask,213 - 325,/Volumes/BrokeExt/NICHE/JayYip_bert-multitask-learning/m3tl/run_bert_multitask.py,Method 'train_bert_multitask' is too long (65 lines).
JayYip_bert-multitask-learning.m3tl,run_bert_multitask,,Long method,trim_checkpoint_for_prediction,339 - 397,/Volumes/BrokeExt/NICHE/JayYip_bert-multitask-learning/m3tl/run_bert_multitask.py,Method 'trim_checkpoint_for_prediction' is too long (43 lines).
JayYip_bert-multitask-learning.m3tl,run_bert_multitask,,Long method,decode_predictions,438 - 508,/Volumes/BrokeExt/NICHE/JayYip_bert-multitask-learning/m3tl/run_bert_multitask.py,Method 'decode_predictions' is too long (71 lines).
JayYip_bert-multitask-learning.m3tl,run_bert_multitask,,Long parameter list,create_keras_model,37 - 96,/Volumes/BrokeExt/NICHE/JayYip_bert-multitask-learning/m3tl/run_bert_multitask.py,"create_keras_model has 6 parameters, exceeding the max of 5."
JayYip_bert-multitask-learning.m3tl,run_bert_multitask,,Long parameter list,_train_bert_multitask_keras_model,107 - 178,/Volumes/BrokeExt/NICHE/JayYip_bert-multitask-learning/m3tl/run_bert_multitask.py,"_train_bert_multitask_keras_model has 7 parameters, exceeding the max of 5."
JayYip_bert-multitask-learning.m3tl,run_bert_multitask,,Long parameter list,get_params_ready,182 - 208,/Volumes/BrokeExt/NICHE/JayYip_bert-multitask-learning/m3tl/run_bert_multitask.py,"get_params_ready has 8 parameters, exceeding the max of 5."
JayYip_bert-multitask-learning.m3tl,run_bert_multitask,,Long parameter list,train_bert_multitask,213 - 325,/Volumes/BrokeExt/NICHE/JayYip_bert-multitask-learning/m3tl/run_bert_multitask.py,"train_bert_multitask has 16 parameters, exceeding the max of 5."
JayYip_bert-multitask-learning.m3tl,run_bert_multitask,,Long parameter list,trim_checkpoint_for_prediction,339 - 397,/Volumes/BrokeExt/NICHE/JayYip_bert-multitask-learning/m3tl/run_bert_multitask.py,"trim_checkpoint_for_prediction has 8 parameters, exceeding the max of 5."
JayYip_bert-multitask-learning.m3tl,run_bert_multitask,,Long parameter list,eval_bert_multitask,402 - 426,/Volumes/BrokeExt/NICHE/JayYip_bert-multitask-learning/m3tl/run_bert_multitask.py,"eval_bert_multitask has 8 parameters, exceeding the max of 5."
JayYip_bert-multitask-learning.m3tl,run_bert_multitask,,Long parameter list,predict_bert_multitask,513 - 573,/Volumes/BrokeExt/NICHE/JayYip_bert-multitask-learning/m3tl/run_bert_multitask.py,"predict_bert_multitask has 11 parameters, exceeding the max of 5."
JayYip_bert-multitask-learning.m3tl,run_bert_multitask,,Long statement,_train_bert_multitask_keras_model,126,/Volumes/BrokeExt/NICHE/JayYip_bert-multitask-learning/m3tl/run_bert_multitask.py,A line with 194 chars in _train_bert_multitask_keras_model exceeds the maximum length of 120 characters.
JayYip_bert-multitask-learning.m3tl,run_bert_multitask,,Long statement,_train_bert_multitask_keras_model,146,/Volumes/BrokeExt/NICHE/JayYip_bert-multitask-learning/m3tl/run_bert_multitask.py,A line with 124 chars in _train_bert_multitask_keras_model exceeds the maximum length of 120 characters.
JayYip_bert-multitask-learning.m3tl,run_bert_multitask,,Long statement,_train_bert_multitask_keras_model,159,/Volumes/BrokeExt/NICHE/JayYip_bert-multitask-learning/m3tl/run_bert_multitask.py,A line with 206 chars in _train_bert_multitask_keras_model exceeds the maximum length of 120 characters.
JayYip_bert-multitask-learning.m3tl,run_bert_multitask,,Long statement,_train_bert_multitask_keras_model,169,/Volumes/BrokeExt/NICHE/JayYip_bert-multitask-learning/m3tl/run_bert_multitask.py,A line with 206 chars in _train_bert_multitask_keras_model exceeds the maximum length of 120 characters.
JayYip_bert-multitask-learning.m3tl,run_bert_multitask,,Long statement,train_bert_multitask,230,/Volumes/BrokeExt/NICHE/JayYip_bert-multitask-learning/m3tl/run_bert_multitask.py,A line with 1858 chars in train_bert_multitask exceeds the maximum length of 120 characters.
JayYip_bert-multitask-learning.m3tl,run_bert_multitask,,Long statement,train_bert_multitask,273,/Volumes/BrokeExt/NICHE/JayYip_bert-multitask-learning/m3tl/run_bert_multitask.py,A line with 134 chars in train_bert_multitask exceeds the maximum length of 120 characters.
JayYip_bert-multitask-learning.m3tl,run_bert_multitask,,Long statement,train_bert_multitask,310,/Volumes/BrokeExt/NICHE/JayYip_bert-multitask-learning/m3tl/run_bert_multitask.py,A line with 147 chars in train_bert_multitask exceeds the maximum length of 120 characters.
JayYip_bert-multitask-learning.m3tl,run_bert_multitask,,Long statement,train_bert_multitask,315,/Volumes/BrokeExt/NICHE/JayYip_bert-multitask-learning/m3tl/run_bert_multitask.py,A line with 192 chars in train_bert_multitask exceeds the maximum length of 120 characters.
JayYip_bert-multitask-learning.m3tl,run_bert_multitask,,Long statement,eval_bert_multitask,414,/Volumes/BrokeExt/NICHE/JayYip_bert-multitask-learning/m3tl/run_bert_multitask.py,A line with 168 chars in eval_bert_multitask exceeds the maximum length of 120 characters.
JayYip_bert-multitask-learning.m3tl,run_bert_multitask,,Long statement,eval_bert_multitask,422,/Volumes/BrokeExt/NICHE/JayYip_bert-multitask-learning/m3tl/run_bert_multitask.py,A line with 154 chars in eval_bert_multitask exceeds the maximum length of 120 characters.
JayYip_bert-multitask-learning.m3tl,run_bert_multitask,,Long statement,decode_predictions,470,/Volumes/BrokeExt/NICHE/JayYip_bert-multitask-learning/m3tl/run_bert_multitask.py,A line with 153 chars in decode_predictions exceeds the maximum length of 120 characters.
JayYip_bert-multitask-learning.m3tl,run_bert_multitask,,Long statement,predict_bert_multitask,525,/Volumes/BrokeExt/NICHE/JayYip_bert-multitask-learning/m3tl/run_bert_multitask.py,A line with 1132 chars in predict_bert_multitask exceeds the maximum length of 120 characters.
JayYip_bert-multitask-learning.m3tl,run_bert_multitask,,Long statement,predict_bert_multitask,545,/Volumes/BrokeExt/NICHE/JayYip_bert-multitask-learning/m3tl/run_bert_multitask.py,A line with 161 chars in predict_bert_multitask exceeds the maximum length of 120 characters.
JayYip_bert-multitask-learning.m3tl,run_bert_multitask,,Long statement,predict_bert_multitask,557,/Volumes/BrokeExt/NICHE/JayYip_bert-multitask-learning/m3tl/run_bert_multitask.py,A line with 157 chars in predict_bert_multitask exceeds the maximum length of 120 characters.
JayYip_bert-multitask-learning.m3tl,run_bert_multitask,,Long statement,,3,/Volumes/BrokeExt/NICHE/JayYip_bert-multitask-learning/m3tl/run_bert_multitask.py,A line with 232 chars in run_bert_multitask exceeds the maximum length of 120 characters.
JayYip_bert-multitask-learning.m3tl,run_bert_multitask,,Magic number,train_bert_multitask,216,/Volumes/BrokeExt/NICHE/JayYip_bert-multitask-learning/m3tl/run_bert_multitask.py,Magic number 10 used in train_bert_multitask.
JayYip_bert-multitask-learning.m3tl,run_bert_multitask,,Magic number,train_bert_multitask,224,/Volumes/BrokeExt/NICHE/JayYip_bert-multitask-learning/m3tl/run_bert_multitask.py,Magic number 0.1 used in train_bert_multitask.
JayYip_bert-multitask-learning.m3tl,run_bert_multitask,,Magic number,decode_predictions,485,/Volumes/BrokeExt/NICHE/JayYip_bert-multitask-learning/m3tl/run_bert_multitask.py,Magic number 0.5 used in decode_predictions.
JayYip_bert-multitask-learning.m3tl,special_tokens,,Long statement,,3,/Volumes/BrokeExt/NICHE/JayYip_bert-multitask-learning/m3tl/special_tokens.py,A line with 137 chars in special_tokens exceeds the maximum length of 120 characters.
JayYip_bert-multitask-learning.m3tl,test_base,,Long identifier,create_dummy_features_hidden_features,220,/Volumes/BrokeExt/NICHE/JayYip_bert-multitask-learning/m3tl/test_base.py,Identifier'create_dummy_features_hidden_features' exceeds the maximum length of 30 characters.
JayYip_bert-multitask-learning.m3tl,test_base,TestBase,Long identifier,get_one_batch_body_model_output,124,/Volumes/BrokeExt/NICHE/JayYip_bert-multitask-learning/m3tl/test_base.py,Identifier'get_one_batch_body_model_output' exceeds the maximum length of 30 characters.
JayYip_bert-multitask-learning.m3tl,test_base,TestBase,Long method,prepare_params,44 - 88,/Volumes/BrokeExt/NICHE/JayYip_bert-multitask-learning/m3tl/test_base.py,Method 'prepare_params' is too long (42 lines).
JayYip_bert-multitask-learning.m3tl,test_base,,Long parameter list,test_top_layer,247 - 263,/Volumes/BrokeExt/NICHE/JayYip_bert-multitask-learning/m3tl/test_base.py,"test_top_layer has 6 parameters, exceeding the max of 5."
JayYip_bert-multitask-learning.m3tl,test_base,,Long statement,test_top_layer,256,/Volumes/BrokeExt/NICHE/JayYip_bert-multitask-learning/m3tl/test_base.py,A line with 146 chars in test_top_layer exceeds the maximum length of 120 characters.
JayYip_bert-multitask-learning.m3tl,test_base,TestBase,Long statement,prepare_params,82,/Volumes/BrokeExt/NICHE/JayYip_bert-multitask-learning/m3tl/test_base.py,A line with 124 chars in prepare_params exceeds the maximum length of 120 characters.
JayYip_bert-multitask-learning.m3tl,test_base,TestBase,Long statement,prepare_params,84,/Volumes/BrokeExt/NICHE/JayYip_bert-multitask-learning/m3tl/test_base.py,A line with 207 chars in prepare_params exceeds the maximum length of 120 characters.
JayYip_bert-multitask-learning.m3tl,test_base,PysparkTestBase,Long statement,prepare_params,210,/Volumes/BrokeExt/NICHE/JayYip_bert-multitask-learning/m3tl/test_base.py,A line with 124 chars in prepare_params exceeds the maximum length of 120 characters.
JayYip_bert-multitask-learning.m3tl,test_base,,Magic number,create_dummy_features_hidden_features,220,/Volumes/BrokeExt/NICHE/JayYip_bert-multitask-learning/m3tl/test_base.py,Magic number 768 used in create_dummy_features_hidden_features.
JayYip_bert-multitask-learning.m3tl,test_base,,Magic number,test_top_layer,251,/Volumes/BrokeExt/NICHE/JayYip_bert-multitask-learning/m3tl/test_base.py,Magic number 2 used in test_top_layer.
JayYip_bert-multitask-learning.m3tl,utils,,Complex method,infer_shape_and_type_from_dict,277 - 311,/Volumes/BrokeExt/NICHE/JayYip_bert-multitask-learning/m3tl/utils.py,"Method 'infer_shape_and_type_from_dict' has a cyclomatic complexity of 11, exceeding the max of 6."
JayYip_bert-multitask-learning.m3tl,utils,,Complex method,create_dict_from_nested_model,433 - 454,/Volumes/BrokeExt/NICHE/JayYip_bert-multitask-learning/m3tl/utils.py,"Method 'create_dict_from_nested_model' has a cyclomatic complexity of 7, exceeding the max of 6."
JayYip_bert-multitask-learning.m3tl,utils,,Long statement,load_transformer_tokenizer,33,/Volumes/BrokeExt/NICHE/JayYip_bert-multitask-learning/m3tl/utils.py,A line with 192 chars in load_transformer_tokenizer exceeds the maximum length of 120 characters.
JayYip_bert-multitask-learning.m3tl,utils,,Long statement,load_transformer_config,50,/Volumes/BrokeExt/NICHE/JayYip_bert-multitask-learning/m3tl/utils.py,A line with 222 chars in load_transformer_config exceeds the maximum length of 120 characters.
JayYip_bert-multitask-learning.m3tl,utils,,Long statement,get_or_make_label_encoder,194,/Volumes/BrokeExt/NICHE/JayYip_bert-multitask-learning/m3tl/utils.py,A line with 454 chars in get_or_make_label_encoder exceeds the maximum length of 120 characters.
JayYip_bert-multitask-learning.m3tl,utils,,Long statement,cluster_alphnum,226,/Volumes/BrokeExt/NICHE/JayYip_bert-multitask-learning/m3tl/utils.py,A line with 192 chars in cluster_alphnum exceeds the maximum length of 120 characters.
JayYip_bert-multitask-learning.m3tl,utils,,Long statement,filter_empty,259,/Volumes/BrokeExt/NICHE/JayYip_bert-multitask-learning/m3tl/utils.py,A line with 210 chars in filter_empty exceeds the maximum length of 120 characters.
JayYip_bert-multitask-learning.m3tl,utils,,Long statement,get_transformer_main_model,315,/Volumes/BrokeExt/NICHE/JayYip_bert-multitask-learning/m3tl/utils.py,A line with 252 chars in get_transformer_main_model exceeds the maximum length of 120 characters.
JayYip_bert-multitask-learning.m3tl,utils,,Long statement,get_shape_list,338,/Volumes/BrokeExt/NICHE/JayYip_bert-multitask-learning/m3tl/utils.py,A line with 589 chars in get_shape_list exceeds the maximum length of 120 characters.
JayYip_bert-multitask-learning.m3tl,utils,,Long statement,dispatch_features,402,/Volumes/BrokeExt/NICHE/JayYip_bert-multitask-learning/m3tl/utils.py,A line with 135 chars in dispatch_features exceeds the maximum length of 120 characters.
JayYip_bert-multitask-learning.m3tl,utils,,Long statement,dispatch_features,405,/Volumes/BrokeExt/NICHE/JayYip_bert-multitask-learning/m3tl/utils.py,A line with 122 chars in dispatch_features exceeds the maximum length of 120 characters.
JayYip_bert-multitask-learning.m3tl,utils,LabelEncoder,Long statement,fit,105,/Volumes/BrokeExt/NICHE/JayYip_bert-multitask-learning/m3tl/utils.py,A line with 222 chars in fit exceeds the maximum length of 120 characters.
JayYip_bert-multitask-learning.m3tl,utils,LabelEncoder,Long statement,fit_transform,130,/Volumes/BrokeExt/NICHE/JayYip_bert-multitask-learning/m3tl/utils.py,A line with 247 chars in fit_transform exceeds the maximum length of 120 characters.
JayYip_bert-multitask-learning.m3tl,utils,LabelEncoder,Long statement,transform,144,/Volumes/BrokeExt/NICHE/JayYip_bert-multitask-learning/m3tl/utils.py,A line with 244 chars in transform exceeds the maximum length of 120 characters.
JayYip_bert-multitask-learning.m3tl,utils,LabelEncoder,Long statement,inverse_transform,160,/Volumes/BrokeExt/NICHE/JayYip_bert-multitask-learning/m3tl/utils.py,A line with 249 chars in inverse_transform exceeds the maximum length of 120 characters.
JayYip_bert-multitask-learning.m3tl,utils,,Long statement,,3,/Volumes/BrokeExt/NICHE/JayYip_bert-multitask-learning/m3tl/utils.py,A line with 598 chars in utils exceeds the maximum length of 120 characters.
JayYip_bert-multitask-learning.m3tl,utils,,Magic number,gather_indexes,373,/Volumes/BrokeExt/NICHE/JayYip_bert-multitask-learning/m3tl/utils.py,Magic number 2 used in gather_indexes.
JayYip_bert-multitask-learning.m3tl.bert_preprocessing,bert_utils,,Complex method,_truncate_seq_pair,11 - 42,/Volumes/BrokeExt/NICHE/JayYip_bert-multitask-learning/m3tl/bert_preprocessing/bert_utils.py,"Method '_truncate_seq_pair' has a cyclomatic complexity of 8, exceeding the max of 6."
JayYip_bert-multitask-learning.m3tl.bert_preprocessing,bert_utils,,Complex method,create_instances_from_document,71 - 189,/Volumes/BrokeExt/NICHE/JayYip_bert-multitask-learning/m3tl/bert_preprocessing/bert_utils.py,"Method 'create_instances_from_document' has a cyclomatic complexity of 19, exceeding the max of 6."
JayYip_bert-multitask-learning.m3tl.bert_preprocessing,bert_utils,,Complex method,create_masked_lm_predictions,200 - 251,/Volumes/BrokeExt/NICHE/JayYip_bert-multitask-learning/m3tl/bert_preprocessing/bert_utils.py,"Method 'create_masked_lm_predictions' has a cyclomatic complexity of 10, exceeding the max of 6."
JayYip_bert-multitask-learning.m3tl.bert_preprocessing,bert_utils,,Long method,create_instances_from_document,71 - 189,/Volumes/BrokeExt/NICHE/JayYip_bert-multitask-learning/m3tl/bert_preprocessing/bert_utils.py,Method 'create_instances_from_document' is too long (99 lines).
JayYip_bert-multitask-learning.m3tl.bert_preprocessing,bert_utils,,Long method,create_masked_lm_predictions,200 - 251,/Volumes/BrokeExt/NICHE/JayYip_bert-multitask-learning/m3tl/bert_preprocessing/bert_utils.py,Method 'create_masked_lm_predictions' is too long (42 lines).
JayYip_bert-multitask-learning.m3tl.bert_preprocessing,bert_utils,,Long parameter list,truncate_seq_pair,45 - 55,/Volumes/BrokeExt/NICHE/JayYip_bert-multitask-learning/m3tl/bert_preprocessing/bert_utils.py,"truncate_seq_pair has 6 parameters, exceeding the max of 5."
JayYip_bert-multitask-learning.m3tl.bert_preprocessing,bert_utils,,Long parameter list,create_instances_from_document,71 - 189,/Volumes/BrokeExt/NICHE/JayYip_bert-multitask-learning/m3tl/bert_preprocessing/bert_utils.py,"create_instances_from_document has 8 parameters, exceeding the max of 5."
JayYip_bert-multitask-learning.m3tl.bert_preprocessing,bert_utils,,Long statement,create_instances_from_document,175,/Volumes/BrokeExt/NICHE/JayYip_bert-multitask-learning/m3tl/bert_preprocessing/bert_utils.py,A line with 145 chars in create_instances_from_document exceeds the maximum length of 120 characters.
JayYip_bert-multitask-learning.m3tl.bert_preprocessing,bert_utils,,Long statement,create_instances_from_document,178,/Volumes/BrokeExt/NICHE/JayYip_bert-multitask-learning/m3tl/bert_preprocessing/bert_utils.py,A line with 174 chars in create_instances_from_document exceeds the maximum length of 120 characters.
JayYip_bert-multitask-learning.m3tl.bert_preprocessing,bert_utils,,Long statement,,3,/Volumes/BrokeExt/NICHE/JayYip_bert-multitask-learning/m3tl/bert_preprocessing/bert_utils.py,A line with 154 chars in bert_utils exceeds the maximum length of 120 characters.
JayYip_bert-multitask-learning.m3tl.bert_preprocessing,bert_utils,,Long statement,,194,/Volumes/BrokeExt/NICHE/JayYip_bert-multitask-learning/m3tl/bert_preprocessing/bert_utils.py,A line with 149 chars in bert_utils exceeds the maximum length of 120 characters.
JayYip_bert-multitask-learning.m3tl.bert_preprocessing,bert_utils,,Magic number,_truncate_seq_pair,39,/Volumes/BrokeExt/NICHE/JayYip_bert-multitask-learning/m3tl/bert_preprocessing/bert_utils.py,Magic number 0.5 used in _truncate_seq_pair.
JayYip_bert-multitask-learning.m3tl.bert_preprocessing,bert_utils,,Magic number,truncate_seq_pair,47,/Volumes/BrokeExt/NICHE/JayYip_bert-multitask-learning/m3tl/bert_preprocessing/bert_utils.py,Magic number 2 used in truncate_seq_pair.
JayYip_bert-multitask-learning.m3tl.bert_preprocessing,bert_utils,,Magic number,truncate_seq_pair,48,/Volumes/BrokeExt/NICHE/JayYip_bert-multitask-learning/m3tl/bert_preprocessing/bert_utils.py,Magic number 2 used in truncate_seq_pair.
JayYip_bert-multitask-learning.m3tl.bert_preprocessing,bert_utils,,Magic number,truncate_seq_pair,50,/Volumes/BrokeExt/NICHE/JayYip_bert-multitask-learning/m3tl/bert_preprocessing/bert_utils.py,Magic number 2 used in truncate_seq_pair.
JayYip_bert-multitask-learning.m3tl.bert_preprocessing,bert_utils,,Magic number,create_instances_from_document,78,/Volumes/BrokeExt/NICHE/JayYip_bert-multitask-learning/m3tl/bert_preprocessing/bert_utils.py,Magic number 3 used in create_instances_from_document.
JayYip_bert-multitask-learning.m3tl.bert_preprocessing,bert_utils,,Magic number,create_instances_from_document,109,/Volumes/BrokeExt/NICHE/JayYip_bert-multitask-learning/m3tl/bert_preprocessing/bert_utils.py,Magic number 2 used in create_instances_from_document.
JayYip_bert-multitask-learning.m3tl.bert_preprocessing,bert_utils,,Magic number,create_instances_from_document,119,/Volumes/BrokeExt/NICHE/JayYip_bert-multitask-learning/m3tl/bert_preprocessing/bert_utils.py,Magic number 0.5 used in create_instances_from_document.
JayYip_bert-multitask-learning.m3tl.bert_preprocessing,bert_utils,,Magic number,create_masked_lm_predictions,228,/Volumes/BrokeExt/NICHE/JayYip_bert-multitask-learning/m3tl/bert_preprocessing/bert_utils.py,Magic number 0.8 used in create_masked_lm_predictions.
JayYip_bert-multitask-learning.m3tl.bert_preprocessing,bert_utils,,Magic number,create_masked_lm_predictions,232,/Volumes/BrokeExt/NICHE/JayYip_bert-multitask-learning/m3tl/bert_preprocessing/bert_utils.py,Magic number 0.5 used in create_masked_lm_predictions.
JayYip_bert-multitask-learning.m3tl.bert_preprocessing,create_bert_features,,Complex method,create_bert_pretraining,57 - 144,/Volumes/BrokeExt/NICHE/JayYip_bert-multitask-learning/m3tl/bert_preprocessing/create_bert_features.py,"Method 'create_bert_pretraining' has a cyclomatic complexity of 10, exceeding the max of 6."
JayYip_bert-multitask-learning.m3tl.bert_preprocessing,create_bert_features,,Complex method,infer_modal,203 - 225,/Volumes/BrokeExt/NICHE/JayYip_bert-multitask-learning/m3tl/bert_preprocessing/create_bert_features.py,"Method 'infer_modal' has a cyclomatic complexity of 11, exceeding the max of 6."
JayYip_bert-multitask-learning.m3tl.bert_preprocessing,create_bert_features,,Complex method,_create_multimodal_bert_features,409 - 520,/Volumes/BrokeExt/NICHE/JayYip_bert-multitask-learning/m3tl/bert_preprocessing/create_bert_features.py,"Method '_create_multimodal_bert_features' has a cyclomatic complexity of 19, exceeding the max of 6."
JayYip_bert-multitask-learning.m3tl.bert_preprocessing,create_bert_features,,Long identifier,_create_multimodal_bert_features,409,/Volumes/BrokeExt/NICHE/JayYip_bert-multitask-learning/m3tl/bert_preprocessing/create_bert_features.py,Identifier'_create_multimodal_bert_features' exceeds the maximum length of 30 characters.
JayYip_bert-multitask-learning.m3tl.bert_preprocessing,create_bert_features,,Long identifier,create_multimodal_bert_features,524,/Volumes/BrokeExt/NICHE/JayYip_bert-multitask-learning/m3tl/bert_preprocessing/create_bert_features.py,Identifier'create_multimodal_bert_features' exceeds the maximum length of 30 characters.
JayYip_bert-multitask-learning.m3tl.bert_preprocessing,create_bert_features,,Long identifier,create_multimodal_bert_features_generator,552,/Volumes/BrokeExt/NICHE/JayYip_bert-multitask-learning/m3tl/bert_preprocessing/create_bert_features.py,Identifier'create_multimodal_bert_features_generator' exceeds the maximum length of 30 characters.
JayYip_bert-multitask-learning.m3tl.bert_preprocessing,create_bert_features,,Long method,create_bert_pretraining,57 - 144,/Volumes/BrokeExt/NICHE/JayYip_bert-multitask-learning/m3tl/bert_preprocessing/create_bert_features.py,Method 'create_bert_pretraining' is too long (75 lines).
JayYip_bert-multitask-learning.m3tl.bert_preprocessing,create_bert_features,,Long method,mask_inputs_for_mask_lm,147 - 194,/Volumes/BrokeExt/NICHE/JayYip_bert-multitask-learning/m3tl/bert_preprocessing/create_bert_features.py,Method 'mask_inputs_for_mask_lm' is too long (42 lines).
JayYip_bert-multitask-learning.m3tl.bert_preprocessing,create_bert_features,,Long method,text_modal_input_handling,257 - 312,/Volumes/BrokeExt/NICHE/JayYip_bert-multitask-learning/m3tl/bert_preprocessing/create_bert_features.py,Method 'text_modal_input_handling' is too long (45 lines).
JayYip_bert-multitask-learning.m3tl.bert_preprocessing,create_bert_features,,Long method,_create_multimodal_bert_features,409 - 520,/Volumes/BrokeExt/NICHE/JayYip_bert-multitask-learning/m3tl/bert_preprocessing/create_bert_features.py,Method '_create_multimodal_bert_features' is too long (103 lines).
JayYip_bert-multitask-learning.m3tl.bert_preprocessing,create_bert_features,,Long parameter list,convert_labels_to_ids,27 - 54,/Volumes/BrokeExt/NICHE/JayYip_bert-multitask-learning/m3tl/bert_preprocessing/create_bert_features.py,"convert_labels_to_ids has 8 parameters, exceeding the max of 5."
JayYip_bert-multitask-learning.m3tl.bert_preprocessing,create_bert_features,,Long parameter list,text_modal_input_handling,257 - 312,/Volumes/BrokeExt/NICHE/JayYip_bert-multitask-learning/m3tl/bert_preprocessing/create_bert_features.py,"text_modal_input_handling has 6 parameters, exceeding the max of 5."
JayYip_bert-multitask-learning.m3tl.bert_preprocessing,create_bert_features,,Long parameter list,array_modal_input_handling,315 - 336,/Volumes/BrokeExt/NICHE/JayYip_bert-multitask-learning/m3tl/bert_preprocessing/create_bert_features.py,"array_modal_input_handling has 6 parameters, exceeding the max of 5."
JayYip_bert-multitask-learning.m3tl.bert_preprocessing,create_bert_features,,Long parameter list,category_modal_input_handling,339 - 372,/Volumes/BrokeExt/NICHE/JayYip_bert-multitask-learning/m3tl/bert_preprocessing/create_bert_features.py,"category_modal_input_handling has 7 parameters, exceeding the max of 5."
JayYip_bert-multitask-learning.m3tl.bert_preprocessing,create_bert_features,,Long parameter list,_create_multimodal_bert_features,409 - 520,/Volumes/BrokeExt/NICHE/JayYip_bert-multitask-learning/m3tl/bert_preprocessing/create_bert_features.py,"_create_multimodal_bert_features has 8 parameters, exceeding the max of 5."
JayYip_bert-multitask-learning.m3tl.bert_preprocessing,create_bert_features,,Long parameter list,create_multimodal_bert_features,524 - 549,/Volumes/BrokeExt/NICHE/JayYip_bert-multitask-learning/m3tl/bert_preprocessing/create_bert_features.py,"create_multimodal_bert_features has 8 parameters, exceeding the max of 5."
JayYip_bert-multitask-learning.m3tl.bert_preprocessing,create_bert_features,,Long parameter list,create_multimodal_bert_features_generator,552 - 576,/Volumes/BrokeExt/NICHE/JayYip_bert-multitask-learning/m3tl/bert_preprocessing/create_bert_features.py,"create_multimodal_bert_features_generator has 8 parameters, exceeding the max of 5."
JayYip_bert-multitask-learning.m3tl.bert_preprocessing,create_bert_features,,Long statement,convert_labels_to_ids,43,/Volumes/BrokeExt/NICHE/JayYip_bert-multitask-learning/m3tl/bert_preprocessing/create_bert_features.py,A line with 143 chars in convert_labels_to_ids exceeds the maximum length of 120 characters.
JayYip_bert-multitask-learning.m3tl.bert_preprocessing,create_bert_features,,Long statement,create_bert_pretraining,89,/Volumes/BrokeExt/NICHE/JayYip_bert-multitask-learning/m3tl/bert_preprocessing/create_bert_features.py,A line with 189 chars in create_bert_pretraining exceeds the maximum length of 120 characters.
JayYip_bert-multitask-learning.m3tl.bert_preprocessing,create_bert_features,,Long statement,create_bert_pretraining,105,/Volumes/BrokeExt/NICHE/JayYip_bert-multitask-learning/m3tl/bert_preprocessing/create_bert_features.py,A line with 220 chars in create_bert_pretraining exceeds the maximum length of 120 characters.
JayYip_bert-multitask-learning.m3tl.bert_preprocessing,create_bert_features,,Long statement,mask_inputs_for_mask_lm,159,/Volumes/BrokeExt/NICHE/JayYip_bert-multitask-learning/m3tl/bert_preprocessing/create_bert_features.py,A line with 214 chars in mask_inputs_for_mask_lm exceeds the maximum length of 120 characters.
JayYip_bert-multitask-learning.m3tl.bert_preprocessing,create_bert_features,,Long statement,mask_inputs_for_mask_lm,170,/Volumes/BrokeExt/NICHE/JayYip_bert-multitask-learning/m3tl/bert_preprocessing/create_bert_features.py,A line with 198 chars in mask_inputs_for_mask_lm exceeds the maximum length of 120 characters.
JayYip_bert-multitask-learning.m3tl.bert_preprocessing,create_bert_features,,Long statement,unify_inputs,229,/Volumes/BrokeExt/NICHE/JayYip_bert-multitask-learning/m3tl/bert_preprocessing/create_bert_features.py,A line with 324 chars in unify_inputs exceeds the maximum length of 120 characters.
JayYip_bert-multitask-learning.m3tl.bert_preprocessing,create_bert_features,,Long statement,text_modal_input_handling,281,/Volumes/BrokeExt/NICHE/JayYip_bert-multitask-learning/m3tl/bert_preprocessing/create_bert_features.py,A line with 201 chars in text_modal_input_handling exceeds the maximum length of 120 characters.
JayYip_bert-multitask-learning.m3tl.bert_preprocessing,create_bert_features,,Long statement,text_modal_input_handling,290,/Volumes/BrokeExt/NICHE/JayYip_bert-multitask-learning/m3tl/bert_preprocessing/create_bert_features.py,A line with 268 chars in text_modal_input_handling exceeds the maximum length of 120 characters.
JayYip_bert-multitask-learning.m3tl.bert_preprocessing,create_bert_features,,Long statement,category_modal_input_handling,360,/Volumes/BrokeExt/NICHE/JayYip_bert-multitask-learning/m3tl/bert_preprocessing/create_bert_features.py,A line with 127 chars in category_modal_input_handling exceeds the maximum length of 120 characters.
JayYip_bert-multitask-learning.m3tl.bert_preprocessing,create_bert_features,,Long statement,_create_multimodal_bert_features,418,/Volumes/BrokeExt/NICHE/JayYip_bert-multitask-learning/m3tl/bert_preprocessing/create_bert_features.py,A line with 138 chars in _create_multimodal_bert_features exceeds the maximum length of 120 characters.
JayYip_bert-multitask-learning.m3tl.bert_preprocessing,create_bert_features,,Long statement,_create_multimodal_bert_features,438,/Volumes/BrokeExt/NICHE/JayYip_bert-multitask-learning/m3tl/bert_preprocessing/create_bert_features.py,A line with 139 chars in _create_multimodal_bert_features exceeds the maximum length of 120 characters.
JayYip_bert-multitask-learning.m3tl.bert_preprocessing,create_bert_features,,Long statement,_create_multimodal_bert_features,456,/Volumes/BrokeExt/NICHE/JayYip_bert-multitask-learning/m3tl/bert_preprocessing/create_bert_features.py,A line with 182 chars in _create_multimodal_bert_features exceeds the maximum length of 120 characters.
JayYip_bert-multitask-learning.m3tl.bert_preprocessing,create_bert_features,,Long statement,_create_multimodal_bert_features,466,/Volumes/BrokeExt/NICHE/JayYip_bert-multitask-learning/m3tl/bert_preprocessing/create_bert_features.py,A line with 165 chars in _create_multimodal_bert_features exceeds the maximum length of 120 characters.
JayYip_bert-multitask-learning.m3tl.bert_preprocessing,create_bert_features,,Long statement,_create_multimodal_bert_features,475,/Volumes/BrokeExt/NICHE/JayYip_bert-multitask-learning/m3tl/bert_preprocessing/create_bert_features.py,A line with 191 chars in _create_multimodal_bert_features exceeds the maximum length of 120 characters.
JayYip_bert-multitask-learning.m3tl.bert_preprocessing,create_bert_features,,Long statement,_create_multimodal_bert_features,494,/Volumes/BrokeExt/NICHE/JayYip_bert-multitask-learning/m3tl/bert_preprocessing/create_bert_features.py,A line with 316 chars in _create_multimodal_bert_features exceeds the maximum length of 120 characters.
JayYip_bert-multitask-learning.m3tl.bert_preprocessing,create_bert_features,,Long statement,create_multimodal_bert_features,533,/Volumes/BrokeExt/NICHE/JayYip_bert-multitask-learning/m3tl/bert_preprocessing/create_bert_features.py,A line with 138 chars in create_multimodal_bert_features exceeds the maximum length of 120 characters.
JayYip_bert-multitask-learning.m3tl.bert_preprocessing,create_bert_features,,Long statement,create_multimodal_bert_features,540,/Volumes/BrokeExt/NICHE/JayYip_bert-multitask-learning/m3tl/bert_preprocessing/create_bert_features.py,A line with 123 chars in create_multimodal_bert_features exceeds the maximum length of 120 characters.
JayYip_bert-multitask-learning.m3tl.bert_preprocessing,create_bert_features,,Long statement,create_multimodal_bert_features_generator,561,/Volumes/BrokeExt/NICHE/JayYip_bert-multitask-learning/m3tl/bert_preprocessing/create_bert_features.py,A line with 138 chars in create_multimodal_bert_features_generator exceeds the maximum length of 120 characters.
JayYip_bert-multitask-learning.m3tl.bert_preprocessing,create_bert_features,,Long statement,create_multimodal_bert_features_generator,568,/Volumes/BrokeExt/NICHE/JayYip_bert-multitask-learning/m3tl/bert_preprocessing/create_bert_features.py,A line with 123 chars in create_multimodal_bert_features_generator exceeds the maximum length of 120 characters.
JayYip_bert-multitask-learning.m3tl.bert_preprocessing,create_bert_features,,Long statement,,3,/Volumes/BrokeExt/NICHE/JayYip_bert-multitask-learning/m3tl/bert_preprocessing/create_bert_features.py,A line with 386 chars in create_bert_features exceeds the maximum length of 120 characters.
JayYip_bert-multitask-learning.m3tl.bert_preprocessing,create_bert_features,,Magic number,create_bert_pretraining,134,/Volumes/BrokeExt/NICHE/JayYip_bert-multitask-learning/m3tl/bert_preprocessing/create_bert_features.py,Magic number 3 used in create_bert_pretraining.
JayYip_bert-multitask-learning.m3tl.bert_preprocessing,create_bert_features,,Magic number,mask_inputs_for_mask_lm,147,/Volumes/BrokeExt/NICHE/JayYip_bert-multitask-learning/m3tl/bert_preprocessing/create_bert_features.py,Magic number 0.1 used in mask_inputs_for_mask_lm.
JayYip_bert-multitask-learning.m3tl.bert_preprocessing,create_bert_features,,Magic number,mask_inputs_for_mask_lm,147,/Volumes/BrokeExt/NICHE/JayYip_bert-multitask-learning/m3tl/bert_preprocessing/create_bert_features.py,Magic number 128 used in mask_inputs_for_mask_lm.
JayYip_bert-multitask-learning.m3tl.bert_preprocessing,create_bert_features,,Magic number,mask_inputs_for_mask_lm,147,/Volumes/BrokeExt/NICHE/JayYip_bert-multitask-learning/m3tl/bert_preprocessing/create_bert_features.py,Magic number 20 used in mask_inputs_for_mask_lm.
JayYip_bert-multitask-learning.m3tl.bert_preprocessing,create_bert_features,,Magic number,category_modal_input_handling,359,/Volumes/BrokeExt/NICHE/JayYip_bert-multitask-learning/m3tl/bert_preprocessing/create_bert_features.py,Magic number 2 used in category_modal_input_handling.
JayYip_bert-multitask-learning.m3tl.embedding_layer,base,DefaultMultimodalEmbedding,Complex method,__init__,19 - 90,/Volumes/BrokeExt/NICHE/JayYip_bert-multitask-learning/m3tl/embedding_layer/base.py,"Method '__init__' has a cyclomatic complexity of 7, exceeding the max of 6."
JayYip_bert-multitask-learning.m3tl.embedding_layer,base,DefaultMultimodalEmbedding,Complex method,call,93 - 187,/Volumes/BrokeExt/NICHE/JayYip_bert-multitask-learning/m3tl/embedding_layer/base.py,"Method 'call' has a cyclomatic complexity of 11, exceeding the max of 6."
JayYip_bert-multitask-learning.m3tl.embedding_layer,base,DuplicateAugMultimodalEmbedding,Complex method,call,199 - 326,/Volumes/BrokeExt/NICHE/JayYip_bert-multitask-learning/m3tl/embedding_layer/base.py,"Method 'call' has a cyclomatic complexity of 15, exceeding the max of 6."
JayYip_bert-multitask-learning.m3tl.embedding_layer,base,DuplicateAugMultimodalEmbedding,Long identifier,,193,/Volumes/BrokeExt/NICHE/JayYip_bert-multitask-learning/m3tl/embedding_layer/base.py,Identifier'DuplicateAugMultimodalEmbedding' exceeds the maximum length of 30 characters.
JayYip_bert-multitask-learning.m3tl.embedding_layer,base,DuplicateAugMultimodalEmbedding,Long identifier,call,199,/Volumes/BrokeExt/NICHE/JayYip_bert-multitask-learning/m3tl/embedding_layer/base.py,Identifier'dup_data_aug_loss_multiplier_name' exceeds the maximum length of 30 characters.
JayYip_bert-multitask-learning.m3tl.embedding_layer,base,DefaultMultimodalEmbedding,Long method,__init__,19 - 90,/Volumes/BrokeExt/NICHE/JayYip_bert-multitask-learning/m3tl/embedding_layer/base.py,Method '__init__' is too long (55 lines).
JayYip_bert-multitask-learning.m3tl.embedding_layer,base,DefaultMultimodalEmbedding,Long method,call,93 - 187,/Volumes/BrokeExt/NICHE/JayYip_bert-multitask-learning/m3tl/embedding_layer/base.py,Method 'call' is too long (91 lines).
JayYip_bert-multitask-learning.m3tl.embedding_layer,base,DuplicateAugMultimodalEmbedding,Long method,call,199 - 326,/Volumes/BrokeExt/NICHE/JayYip_bert-multitask-learning/m3tl/embedding_layer/base.py,Method 'call' is too long (115 lines).
JayYip_bert-multitask-learning.m3tl.embedding_layer,base,DefaultMultimodalEmbedding,Long statement,__init__,36,/Volumes/BrokeExt/NICHE/JayYip_bert-multitask-learning/m3tl/embedding_layer/base.py,A line with 174 chars in __init__ exceeds the maximum length of 120 characters.
JayYip_bert-multitask-learning.m3tl.embedding_layer,base,DefaultMultimodalEmbedding,Long statement,__init__,41,/Volumes/BrokeExt/NICHE/JayYip_bert-multitask-learning/m3tl/embedding_layer/base.py,A line with 153 chars in __init__ exceeds the maximum length of 120 characters.
JayYip_bert-multitask-learning.m3tl.embedding_layer,base,DefaultMultimodalEmbedding,Long statement,__init__,46,/Volumes/BrokeExt/NICHE/JayYip_bert-multitask-learning/m3tl/embedding_layer/base.py,A line with 445 chars in __init__ exceeds the maximum length of 120 characters.
JayYip_bert-multitask-learning.m3tl.embedding_layer,base,DefaultMultimodalEmbedding,Long statement,__init__,66,/Volumes/BrokeExt/NICHE/JayYip_bert-multitask-learning/m3tl/embedding_layer/base.py,A line with 150 chars in __init__ exceeds the maximum length of 120 characters.
JayYip_bert-multitask-learning.m3tl.embedding_layer,base,DefaultMultimodalEmbedding,Long statement,__init__,70,/Volumes/BrokeExt/NICHE/JayYip_bert-multitask-learning/m3tl/embedding_layer/base.py,A line with 128 chars in __init__ exceeds the maximum length of 120 characters.
JayYip_bert-multitask-learning.m3tl.embedding_layer,base,DefaultMultimodalEmbedding,Long statement,__init__,74,/Volumes/BrokeExt/NICHE/JayYip_bert-multitask-learning/m3tl/embedding_layer/base.py,A line with 162 chars in __init__ exceeds the maximum length of 120 characters.
JayYip_bert-multitask-learning.m3tl.embedding_layer,base,DefaultMultimodalEmbedding,Long statement,__init__,81,/Volumes/BrokeExt/NICHE/JayYip_bert-multitask-learning/m3tl/embedding_layer/base.py,A line with 122 chars in __init__ exceeds the maximum length of 120 characters.
JayYip_bert-multitask-learning.m3tl.embedding_layer,base,DefaultMultimodalEmbedding,Long statement,call,100,/Volumes/BrokeExt/NICHE/JayYip_bert-multitask-learning/m3tl/embedding_layer/base.py,A line with 261 chars in call exceeds the maximum length of 120 characters.
JayYip_bert-multitask-learning.m3tl.embedding_layer,base,DefaultMultimodalEmbedding,Long statement,call,184,/Volumes/BrokeExt/NICHE/JayYip_bert-multitask-learning/m3tl/embedding_layer/base.py,A line with 127 chars in call exceeds the maximum length of 120 characters.
JayYip_bert-multitask-learning.m3tl.embedding_layer,base,DuplicateAugMultimodalEmbedding,Long statement,call,203,/Volumes/BrokeExt/NICHE/JayYip_bert-multitask-learning/m3tl/embedding_layer/base.py,A line with 175 chars in call exceeds the maximum length of 120 characters.
JayYip_bert-multitask-learning.m3tl.embedding_layer,base,DuplicateAugMultimodalEmbedding,Long statement,call,239,/Volumes/BrokeExt/NICHE/JayYip_bert-multitask-learning/m3tl/embedding_layer/base.py,A line with 261 chars in call exceeds the maximum length of 120 characters.
JayYip_bert-multitask-learning.m3tl.embedding_layer,base,DuplicateAugMultimodalEmbedding,Long statement,call,323,/Volumes/BrokeExt/NICHE/JayYip_bert-multitask-learning/m3tl/embedding_layer/base.py,A line with 127 chars in call exceeds the maximum length of 120 characters.
JayYip_bert-multitask-learning.m3tl.loss_strategy,base,LossCombinationStrategyBase,Long identifier,extract_loss_metric_dict_from_history,23,/Volumes/BrokeExt/NICHE/JayYip_bert-multitask-learning/m3tl/loss_strategy/base.py,Identifier'extract_loss_metric_dict_from_history' exceeds the maximum length of 30 characters.
JayYip_bert-multitask-learning.m3tl.mtl_model,base,MTLBase,Long statement,extract_feature,25,/Volumes/BrokeExt/NICHE/JayYip_bert-multitask-learning/m3tl/mtl_model/base.py,A line with 135 chars in extract_feature exceeds the maximum length of 120 characters.
JayYip_bert-multitask-learning.m3tl.mtl_model,base,MTLBase,Long statement,extract_feature,34,/Volumes/BrokeExt/NICHE/JayYip_bert-multitask-learning/m3tl/mtl_model/base.py,A line with 133 chars in extract_feature exceeds the maximum length of 120 characters.
JayYip_bert-multitask-learning.m3tl.mtl_model,base,BasicMTL,Long statement,call,55,/Volumes/BrokeExt/NICHE/JayYip_bert-multitask-learning/m3tl/mtl_model/base.py,A line with 177 chars in call exceeds the maximum length of 120 characters.
JayYip_bert-multitask-learning.m3tl.mtl_model,mmoe,MMoE,Long statement,__init__,20,/Volumes/BrokeExt/NICHE/JayYip_bert-multitask-learning/m3tl/mtl_model/mmoe.py,A line with 122 chars in __init__ exceeds the maximum length of 120 characters.
JayYip_bert-multitask-learning.m3tl.mtl_model,mmoe,MMoE,Long statement,build,27,/Volumes/BrokeExt/NICHE/JayYip_bert-multitask-learning/m3tl/mtl_model/mmoe.py,A line with 131 chars in build exceeds the maximum length of 120 characters.
JayYip_bert-multitask-learning.m3tl.mtl_model,mmoe,MMoE,Long statement,call,40,/Volumes/BrokeExt/NICHE/JayYip_bert-multitask-learning/m3tl/mtl_model/mmoe.py,A line with 125 chars in call exceeds the maximum length of 120 characters.
JayYip_bert-multitask-learning.m3tl.mtl_model,mmoe,MMoE,Long statement,call,57,/Volumes/BrokeExt/NICHE/JayYip_bert-multitask-learning/m3tl/mtl_model/mmoe.py,A line with 171 chars in call exceeds the maximum length of 120 characters.
JayYip_bert-multitask-learning.m3tl.mtl_model,mmoe,MMoE,Long statement,call,60,/Volumes/BrokeExt/NICHE/JayYip_bert-multitask-learning/m3tl/mtl_model/mmoe.py,A line with 144 chars in call exceeds the maximum length of 120 characters.
JayYip_bert-multitask-learning.m3tl.predefined_problems,cws_data,,Complex method,_process_text_files,47 - 114,/Volumes/BrokeExt/NICHE/JayYip_bert-multitask-learning/m3tl/predefined_problems/cws_data.py,"Method '_process_text_files' has a cyclomatic complexity of 13, exceeding the max of 6."
JayYip_bert-multitask-learning.m3tl.predefined_problems,cws_data,,Complex method,get_cws_fn,117 - 179,/Volumes/BrokeExt/NICHE/JayYip_bert-multitask-learning/m3tl/predefined_problems/cws_data.py,"Method 'get_cws_fn' has a cyclomatic complexity of 9, exceeding the max of 6."
JayYip_bert-multitask-learning.m3tl.predefined_problems,cws_data,,Long method,_process_text_files,47 - 114,/Volumes/BrokeExt/NICHE/JayYip_bert-multitask-learning/m3tl/predefined_problems/cws_data.py,Method '_process_text_files' is too long (63 lines).
JayYip_bert-multitask-learning.m3tl.predefined_problems,cws_data,,Long method,get_cws_fn,117 - 179,/Volumes/BrokeExt/NICHE/JayYip_bert-multitask-learning/m3tl/predefined_problems/cws_data.py,Method 'get_cws_fn' is too long (62 lines).
JayYip_bert-multitask-learning.m3tl.predefined_problems,cws_data,,Long statement,,3,/Volumes/BrokeExt/NICHE/JayYip_bert-multitask-learning/m3tl/predefined_problems/cws_data.py,A line with 188 chars in cws_data exceeds the maximum length of 120 characters.
JayYip_bert-multitask-learning.m3tl.predefined_problems,cws_data,,Magic number,_process_text_files,88,/Volumes/BrokeExt/NICHE/JayYip_bert-multitask-learning/m3tl/predefined_problems/cws_data.py,Magic number 299 used in _process_text_files.
JayYip_bert-multitask-learning.m3tl.predefined_problems,cws_data,,Magic number,get_cws_fn,146,/Volumes/BrokeExt/NICHE/JayYip_bert-multitask-learning/m3tl/predefined_problems/cws_data.py,Magic number 299 used in get_cws_fn.
JayYip_bert-multitask-learning.m3tl.predefined_problems,ner_data,,Complex method,read_ner_data,75 - 132,/Volumes/BrokeExt/NICHE/JayYip_bert-multitask-learning/m3tl/predefined_problems/ner_data.py,"Method 'read_ner_data' has a cyclomatic complexity of 9, exceeding the max of 6."
JayYip_bert-multitask-learning.m3tl.predefined_problems,ner_data,,Complex method,read_bosonnlp_data,174 - 255,/Volumes/BrokeExt/NICHE/JayYip_bert-multitask-learning/m3tl/predefined_problems/ner_data.py,"Method 'read_bosonnlp_data' has a cyclomatic complexity of 15, exceeding the max of 6."
JayYip_bert-multitask-learning.m3tl.predefined_problems,ner_data,,Complex method,read_msra,258 - 314,/Volumes/BrokeExt/NICHE/JayYip_bert-multitask-learning/m3tl/predefined_problems/ner_data.py,"Method 'read_msra' has a cyclomatic complexity of 11, exceeding the max of 6."
JayYip_bert-multitask-learning.m3tl.predefined_problems,ner_data,,Long identifier,chinese_literature_ent_type_process_fn,61,/Volumes/BrokeExt/NICHE/JayYip_bert-multitask-learning/m3tl/predefined_problems/ner_data.py,Identifier'chinese_literature_ent_type_process_fn' exceeds the maximum length of 30 characters.
JayYip_bert-multitask-learning.m3tl.predefined_problems,ner_data,,Long method,read_ner_data,75 - 132,/Volumes/BrokeExt/NICHE/JayYip_bert-multitask-learning/m3tl/predefined_problems/ner_data.py,Method 'read_ner_data' is too long (49 lines).
JayYip_bert-multitask-learning.m3tl.predefined_problems,ner_data,,Long method,read_bosonnlp_data,174 - 255,/Volumes/BrokeExt/NICHE/JayYip_bert-multitask-learning/m3tl/predefined_problems/ner_data.py,Method 'read_bosonnlp_data' is too long (77 lines).
JayYip_bert-multitask-learning.m3tl.predefined_problems,ner_data,,Long method,read_msra,258 - 314,/Volumes/BrokeExt/NICHE/JayYip_bert-multitask-learning/m3tl/predefined_problems/ner_data.py,Method 'read_msra' is too long (52 lines).
JayYip_bert-multitask-learning.m3tl.predefined_problems,ner_data,,Long statement,gold_horse_ent_type_process_fn,28,/Volumes/BrokeExt/NICHE/JayYip_bert-multitask-learning/m3tl/predefined_problems/ner_data.py,A line with 596 chars in gold_horse_ent_type_process_fn exceeds the maximum length of 120 characters.
JayYip_bert-multitask-learning.m3tl.predefined_problems,ner_data,,Long statement,chinese_literature_ent_type_process_fn,62,/Volumes/BrokeExt/NICHE/JayYip_bert-multitask-learning/m3tl/predefined_problems/ner_data.py,A line with 129 chars in chinese_literature_ent_type_process_fn exceeds the maximum length of 120 characters.
JayYip_bert-multitask-learning.m3tl.predefined_problems,ner_data,,Long statement,read_ner_data,76,/Volumes/BrokeExt/NICHE/JayYip_bert-multitask-learning/m3tl/predefined_problems/ner_data.py,A line with 199 chars in read_ner_data exceeds the maximum length of 120 characters.
JayYip_bert-multitask-learning.m3tl.predefined_problems,ner_data,,Long statement,read_bosonnlp_data,190,/Volumes/BrokeExt/NICHE/JayYip_bert-multitask-learning/m3tl/predefined_problems/ner_data.py,A line with 191 chars in read_bosonnlp_data exceeds the maximum length of 120 characters.
JayYip_bert-multitask-learning.m3tl.predefined_problems,ner_data,,Long statement,read_bosonnlp_data,245,/Volumes/BrokeExt/NICHE/JayYip_bert-multitask-learning/m3tl/predefined_problems/ner_data.py,A line with 140 chars in read_bosonnlp_data exceeds the maximum length of 120 characters.
JayYip_bert-multitask-learning.m3tl.predefined_problems,ner_data,,Long statement,read_msra,304,/Volumes/BrokeExt/NICHE/JayYip_bert-multitask-learning/m3tl/predefined_problems/ner_data.py,A line with 140 chars in read_msra exceeds the maximum length of 120 characters.
JayYip_bert-multitask-learning.m3tl.predefined_problems,ner_data,,Long statement,,3,/Volumes/BrokeExt/NICHE/JayYip_bert-multitask-learning/m3tl/predefined_problems/ner_data.py,A line with 262 chars in ner_data exceeds the maximum length of 120 characters.
JayYip_bert-multitask-learning.m3tl.predefined_problems,ner_data,,Magic number,read_bosonnlp_data,174,/Volumes/BrokeExt/NICHE/JayYip_bert-multitask-learning/m3tl/predefined_problems/ner_data.py,Magic number 0.2 used in read_bosonnlp_data.
JayYip_bert-multitask-learning.m3tl.predefined_problems,test_data,,Long identifier,get_fake_contrastive_learning_fn,123,/Volumes/BrokeExt/NICHE/JayYip_bert-multitask-learning/m3tl/predefined_problems/test_data.py,Identifier'get_fake_contrastive_learning_fn' exceeds the maximum length of 30 characters.
JayYip_bert-multitask-learning.m3tl.predefined_problems,test_data,,Long method,generate_fake_data,48 - 112,/Volumes/BrokeExt/NICHE/JayYip_bert-multitask-learning/m3tl/predefined_problems/test_data.py,Method 'generate_fake_data' is too long (57 lines).
JayYip_bert-multitask-learning.m3tl.predefined_problems,test_data,,Long statement,generate_fake_data,59,/Volumes/BrokeExt/NICHE/JayYip_bert-multitask-learning/m3tl/predefined_problems/test_data.py,A line with 258 chars in generate_fake_data exceeds the maximum length of 120 characters.
JayYip_bert-multitask-learning.m3tl.predefined_problems,test_data,,Long statement,generate_fake_data,76,/Volumes/BrokeExt/NICHE/JayYip_bert-multitask-learning/m3tl/predefined_problems/test_data.py,A line with 157 chars in generate_fake_data exceeds the maximum length of 120 characters.
JayYip_bert-multitask-learning.m3tl.predefined_problems,test_data,,Long statement,generate_fake_data,93,/Volumes/BrokeExt/NICHE/JayYip_bert-multitask-learning/m3tl/predefined_problems/test_data.py,A line with 196 chars in generate_fake_data exceeds the maximum length of 120 characters.
JayYip_bert-multitask-learning.m3tl.predefined_problems,test_data,,Long statement,get_fake_contrastive_learning_fn,126,/Volumes/BrokeExt/NICHE/JayYip_bert-multitask-learning/m3tl/predefined_problems/test_data.py,A line with 154 chars in get_fake_contrastive_learning_fn exceeds the maximum length of 120 characters.
JayYip_bert-multitask-learning.m3tl.predefined_problems,test_data,,Long statement,get_weibo_fake_cls_fn,139,/Volumes/BrokeExt/NICHE/JayYip_bert-multitask-learning/m3tl/predefined_problems/test_data.py,A line with 154 chars in get_weibo_fake_cls_fn exceeds the maximum length of 120 characters.
JayYip_bert-multitask-learning.m3tl.predefined_problems,test_data,,Long statement,get_weibo_masklm,175,/Volumes/BrokeExt/NICHE/JayYip_bert-multitask-learning/m3tl/predefined_problems/test_data.py,A line with 121 chars in get_weibo_masklm exceeds the maximum length of 120 characters.
JayYip_bert-multitask-learning.m3tl.predefined_problems,test_data,,Long statement,get_weibo_premask_mlm,184,/Volumes/BrokeExt/NICHE/JayYip_bert-multitask-learning/m3tl/predefined_problems/test_data.py,A line with 121 chars in get_weibo_premask_mlm exceeds the maximum length of 120 characters.
JayYip_bert-multitask-learning.m3tl.predefined_problems,test_data,,Long statement,pyspark_fake_cls,210,/Volumes/BrokeExt/NICHE/JayYip_bert-multitask-learning/m3tl/predefined_problems/test_data.py,A line with 138 chars in pyspark_fake_cls exceeds the maximum length of 120 characters.
JayYip_bert-multitask-learning.m3tl.predefined_problems,test_data,,Long statement,pyspark_fake_cls,216,/Volumes/BrokeExt/NICHE/JayYip_bert-multitask-learning/m3tl/predefined_problems/test_data.py,A line with 121 chars in pyspark_fake_cls exceeds the maximum length of 120 characters.
JayYip_bert-multitask-learning.m3tl.predefined_problems,test_data,,Long statement,pyspark_fake_seq_tag,223,/Volumes/BrokeExt/NICHE/JayYip_bert-multitask-learning/m3tl/predefined_problems/test_data.py,A line with 129 chars in pyspark_fake_seq_tag exceeds the maximum length of 120 characters.
JayYip_bert-multitask-learning.m3tl.predefined_problems,test_data,,Long statement,pyspark_fake_multi_cls,230,/Volumes/BrokeExt/NICHE/JayYip_bert-multitask-learning/m3tl/predefined_problems/test_data.py,A line with 129 chars in pyspark_fake_multi_cls exceeds the maximum length of 120 characters.
JayYip_bert-multitask-learning.m3tl.predefined_problems,test_data,,Long statement,,3,/Volumes/BrokeExt/NICHE/JayYip_bert-multitask-learning/m3tl/predefined_problems/test_data.py,A line with 376 chars in test_data exceeds the maximum length of 120 characters.
JayYip_bert-multitask-learning.m3tl.predefined_problems,test_data,,Magic number,_gen_label,37,/Volumes/BrokeExt/NICHE/JayYip_bert-multitask-learning/m3tl/predefined_problems/test_data.py,Magic number 0.1 used in _gen_label.
JayYip_bert-multitask-learning.m3tl.problem_types,cls,,Long identifier,cls_get_or_make_label_encoder_fn,69,/Volumes/BrokeExt/NICHE/JayYip_bert-multitask-learning/m3tl/problem_types/cls.py,Identifier'cls_get_or_make_label_encoder_fn' exceeds the maximum length of 30 characters.
JayYip_bert-multitask-learning.m3tl.problem_types,cls,Classification,Long statement,call,55,/Volumes/BrokeExt/NICHE/JayYip_bert-multitask-learning/m3tl/problem_types/cls.py,A line with 122 chars in call exceeds the maximum length of 120 characters.
JayYip_bert-multitask-learning.m3tl.problem_types,contrastive_learning,ContrastiveLearning,Long identifier,,92,/Volumes/BrokeExt/NICHE/JayYip_bert-multitask-learning/m3tl/problem_types/contrastive_learning.py,Identifier'contrastive_learning_model_name' exceeds the maximum length of 30 characters.
JayYip_bert-multitask-learning.m3tl.problem_types,contrastive_learning,,Long identifier,contrastive_learning_get_or_make_label_encoder_fn,106,/Volumes/BrokeExt/NICHE/JayYip_bert-multitask-learning/m3tl/problem_types/contrastive_learning.py,Identifier'contrastive_learning_get_or_make_label_encoder_fn' exceeds the maximum length of 30 characters.
JayYip_bert-multitask-learning.m3tl.problem_types,contrastive_learning,,Long identifier,contrastive_learning_label_handling_fn,123,/Volumes/BrokeExt/NICHE/JayYip_bert-multitask-learning/m3tl/problem_types/contrastive_learning.py,Identifier'contrastive_learning_label_handling_fn' exceeds the maximum length of 30 characters.
JayYip_bert-multitask-learning.m3tl.problem_types,contrastive_learning,SimCSE,Long statement,__init__,31,/Volumes/BrokeExt/NICHE/JayYip_bert-multitask-learning/m3tl/problem_types/contrastive_learning.py,A line with 125 chars in __init__ exceeds the maximum length of 120 characters.
JayYip_bert-multitask-learning.m3tl.problem_types,contrastive_learning,SimCSE,Long statement,__init__,35,/Volumes/BrokeExt/NICHE/JayYip_bert-multitask-learning/m3tl/problem_types/contrastive_learning.py,A line with 159 chars in __init__ exceeds the maximum length of 120 characters.
JayYip_bert-multitask-learning.m3tl.problem_types,contrastive_learning,ContrastiveLearning,Long statement,__init__,98,/Volumes/BrokeExt/NICHE/JayYip_bert-multitask-learning/m3tl/problem_types/contrastive_learning.py,A line with 160 chars in __init__ exceeds the maximum length of 120 characters.
JayYip_bert-multitask-learning.m3tl.problem_types,contrastive_learning,,Long statement,,3,/Volumes/BrokeExt/NICHE/JayYip_bert-multitask-learning/m3tl/problem_types/contrastive_learning.py,A line with 172 chars in contrastive_learning exceeds the maximum length of 120 characters.
JayYip_bert-multitask-learning.m3tl.problem_types,masklm,,Long identifier,masklm_get_or_make_label_encoder_fn,93,/Volumes/BrokeExt/NICHE/JayYip_bert-multitask-learning/m3tl/problem_types/masklm.py,Identifier'masklm_get_or_make_label_encoder_fn' exceeds the maximum length of 30 characters.
JayYip_bert-multitask-learning.m3tl.problem_types,multi_cls,,Long identifier,multi_cls_get_or_make_label_encoder_fn,74,/Volumes/BrokeExt/NICHE/JayYip_bert-multitask-learning/m3tl/problem_types/multi_cls.py,Identifier'multi_cls_get_or_make_label_encoder_fn' exceeds the maximum length of 30 characters.
JayYip_bert-multitask-learning.m3tl.problem_types,premask_mlm,,Long identifier,premask_mlm_get_or_make_label_encoder_fn,88,/Volumes/BrokeExt/NICHE/JayYip_bert-multitask-learning/m3tl/problem_types/premask_mlm.py,Identifier'premask_mlm_get_or_make_label_encoder_fn' exceeds the maximum length of 30 characters.
JayYip_bert-multitask-learning.m3tl.problem_types,premask_mlm,,Long statement,premask_mlm_get_or_make_label_encoder_fn,89,/Volumes/BrokeExt/NICHE/JayYip_bert-multitask-learning/m3tl/problem_types/premask_mlm.py,A line with 137 chars in premask_mlm_get_or_make_label_encoder_fn exceeds the maximum length of 120 characters.
JayYip_bert-multitask-learning.m3tl.problem_types,premask_mlm,,Long statement,premask_mlm_label_handling_fn,108,/Volumes/BrokeExt/NICHE/JayYip_bert-multitask-learning/m3tl/problem_types/premask_mlm.py,A line with 193 chars in premask_mlm_label_handling_fn exceeds the maximum length of 120 characters.
JayYip_bert-multitask-learning.m3tl.problem_types,premask_mlm,,Magic number,premask_mlm_label_handling_fn,100,/Volumes/BrokeExt/NICHE/JayYip_bert-multitask-learning/m3tl/problem_types/premask_mlm.py,Magic number 20 used in premask_mlm_label_handling_fn.
JayYip_bert-multitask-learning.m3tl.problem_types,pretrain,,Long identifier,pretrain_get_or_make_label_encoder_fn,112,/Volumes/BrokeExt/NICHE/JayYip_bert-multitask-learning/m3tl/problem_types/pretrain.py,Identifier'pretrain_get_or_make_label_encoder_fn' exceeds the maximum length of 30 characters.
JayYip_bert-multitask-learning.m3tl.problem_types,pretrain,PreTrain,Long method,call,51 - 109,/Volumes/BrokeExt/NICHE/JayYip_bert-multitask-learning/m3tl/problem_types/pretrain.py,Method 'call' is too long (51 lines).
JayYip_bert-multitask-learning.m3tl.problem_types,pretrain,PreTrain,Long statement,__init__,44,/Volumes/BrokeExt/NICHE/JayYip_bert-multitask-learning/m3tl/problem_types/pretrain.py,A line with 134 chars in __init__ exceeds the maximum length of 120 characters.
JayYip_bert-multitask-learning.m3tl.problem_types,regression,,Long identifier,regression_get_or_make_label_encoder_fn,54,/Volumes/BrokeExt/NICHE/JayYip_bert-multitask-learning/m3tl/problem_types/regression.py,Identifier'regression_get_or_make_label_encoder_fn' exceeds the maximum length of 30 characters.
JayYip_bert-multitask-learning.m3tl.problem_types,seq2seq_text,,Long identifier,seq2seq_text_get_or_make_label_encoder_fn,93,/Volumes/BrokeExt/NICHE/JayYip_bert-multitask-learning/m3tl/problem_types/seq2seq_text.py,Identifier'seq2seq_text_get_or_make_label_encoder_fn' exceeds the maximum length of 30 characters.
JayYip_bert-multitask-learning.m3tl.problem_types,seq2seq_text,,Long statement,seq2seq_text_get_or_make_label_encoder_fn,98,/Volumes/BrokeExt/NICHE/JayYip_bert-multitask-learning/m3tl/problem_types/seq2seq_text.py,A line with 131 chars in seq2seq_text_get_or_make_label_encoder_fn exceeds the maximum length of 120 characters.
JayYip_bert-multitask-learning.m3tl.problem_types,seq2seq_text,Seq2Seq,Long statement,call,77,/Volumes/BrokeExt/NICHE/JayYip_bert-multitask-learning/m3tl/problem_types/seq2seq_text.py,A line with 235 chars in call exceeds the maximum length of 120 characters.
JayYip_bert-multitask-learning.m3tl.problem_types,seq2seq_text,Seq2Seq,Long statement,call,86,/Volumes/BrokeExt/NICHE/JayYip_bert-multitask-learning/m3tl/problem_types/seq2seq_text.py,A line with 122 chars in call exceeds the maximum length of 120 characters.
JayYip_bert-multitask-learning.m3tl.problem_types,seq2seq_text,,Magic number,pad_wrapper,108,/Volumes/BrokeExt/NICHE/JayYip_bert-multitask-learning/m3tl/problem_types/seq2seq_text.py,Magic number 90 used in pad_wrapper.
JayYip_bert-multitask-learning.m3tl.problem_types,seq_tag,,Long identifier,seq_tag_get_or_make_label_encoder_fn,105,/Volumes/BrokeExt/NICHE/JayYip_bert-multitask-learning/m3tl/problem_types/seq_tag.py,Identifier'seq_tag_get_or_make_label_encoder_fn' exceeds the maximum length of 30 characters.
JayYip_bert-multitask-learning.m3tl.problem_types,seq_tag,,Long statement,seq_tag_label_handling_fn,157,/Volumes/BrokeExt/NICHE/JayYip_bert-multitask-learning/m3tl/problem_types/seq_tag.py,A line with 127 chars in seq_tag_label_handling_fn exceeds the maximum length of 120 characters.
JayYip_bert-multitask-learning.m3tl.problem_types,seq_tag,SequenceLabel,Long statement,return_crf_result,60,/Volumes/BrokeExt/NICHE/JayYip_bert-multitask-learning/m3tl/problem_types/seq_tag.py,A line with 125 chars in return_crf_result exceeds the maximum length of 120 characters.
JayYip_bert-multitask-learning.m3tl.problem_types,seq_tag,,Long statement,,3,/Volumes/BrokeExt/NICHE/JayYip_bert-multitask-learning/m3tl/problem_types/seq_tag.py,A line with 122 chars in seq_tag exceeds the maximum length of 120 characters.
JayYip_bert-multitask-learning.m3tl.problem_types,vector_fit,,Long identifier,vector_fit_get_or_make_label_encoder_fn,49,/Volumes/BrokeExt/NICHE/JayYip_bert-multitask-learning/m3tl/problem_types/vector_fit.py,Identifier'vector_fit_get_or_make_label_encoder_fn' exceeds the maximum length of 30 characters.
JayYip_bert-multitask-learning.tests,test_nbs,,Complex method,before_test,29 - 65,/Volumes/BrokeExt/NICHE/JayYip_bert-multitask-learning/tests/test_nbs.py,"Method 'before_test' has a cyclomatic complexity of 8, exceeding the max of 6."
JayYip_bert-multitask-learning.tests,test_nbs,,Complex method,nbdev_test_nbs,112 - 146,/Volumes/BrokeExt/NICHE/JayYip_bert-multitask-learning/tests/test_nbs.py,"Method 'nbdev_test_nbs' has a cyclomatic complexity of 8, exceeding the max of 6."
JayYip_bert-multitask-learning.tests,test_nbs,,Long statement,nbdev_test_nbs,113,/Volumes/BrokeExt/NICHE/JayYip_bert-multitask-learning/tests/test_nbs.py,A line with 335 chars in nbdev_test_nbs exceeds the maximum length of 120 characters.
