Package,Module,Class,Function,LOC,CC,PC
Open-Debin_Emotion-FAN,baseline_afew,,main,48,4,0
Open-Debin_Emotion-FAN,baseline_afew,,train,50,4,5
Open-Debin_Emotion-FAN,baseline_afew,,val,39,3,3
Open-Debin_Emotion-FAN,baseline_ck_plus,,main,47,4,0
Open-Debin_Emotion-FAN,baseline_ck_plus,,train,47,4,4
Open-Debin_Emotion-FAN,baseline_ck_plus,,val,39,3,2
Open-Debin_Emotion-FAN,fan_afew_traintest,,main,52,4,0
Open-Debin_Emotion-FAN,fan_afew_traintest,,train,48,4,4
Open-Debin_Emotion-FAN,fan_afew_traintest,,val,43,5,3
Open-Debin_Emotion-FAN,fan_ckplus_traintest,,main,51,4,0
Open-Debin_Emotion-FAN,fan_ckplus_traintest,,train,50,4,4
Open-Debin_Emotion-FAN,fan_ckplus_traintest,,val,45,5,3
Open-Debin_Emotion-FAN.basic_code,data_generator,VideoDataset,__init__,3,1,5
Open-Debin_Emotion-FAN.basic_code,data_generator,VideoDataset,__getitem__,6,2,1
Open-Debin_Emotion-FAN.basic_code,data_generator,VideoDataset,__len__,2,1,0
Open-Debin_Emotion-FAN.basic_code,data_generator,TripleImageDataset,__init__,4,1,4
Open-Debin_Emotion-FAN.basic_code,data_generator,TripleImageDataset,__getitem__,14,4,1
Open-Debin_Emotion-FAN.basic_code,data_generator,TripleImageDataset,__len__,2,1,0
Open-Debin_Emotion-FAN.basic_code,data_generator,TenFold_VideoDataset,__init__,4,1,6
Open-Debin_Emotion-FAN.basic_code,data_generator,TenFold_VideoDataset,__getitem__,6,2,1
Open-Debin_Emotion-FAN.basic_code,data_generator,TenFold_VideoDataset,__len__,2,1,0
Open-Debin_Emotion-FAN.basic_code,data_generator,TenFold_TripleImageDataset,__init__,4,1,6
Open-Debin_Emotion-FAN.basic_code,data_generator,TenFold_TripleImageDataset,__getitem__,14,4,1
Open-Debin_Emotion-FAN.basic_code,data_generator,TenFold_TripleImageDataset,__len__,2,1,0
Open-Debin_Emotion-FAN.basic_code,data_generator,,load_imgs_tsn,50,5,3
Open-Debin_Emotion-FAN.basic_code,data_generator,,load_imgs_total_frame,27,3,3
Open-Debin_Emotion-FAN.basic_code,data_generator,,load_imgs_tenfold_totalframe,48,13,5
Open-Debin_Emotion-FAN.basic_code,data_generator,,load_imgs_tsn_tenfold,67,14,5
Open-Debin_Emotion-FAN.basic_code,load,,ckplus_faces_baseline,22,1,5
Open-Debin_Emotion-FAN.basic_code,load,,ckplus_faces_fan,23,1,5
Open-Debin_Emotion-FAN.basic_code,load,,afew_faces_baseline,22,1,6
Open-Debin_Emotion-FAN.basic_code,load,,afew_faces_fan,22,1,6
Open-Debin_Emotion-FAN.basic_code,load,,model_parameters,13,3,2
Open-Debin_Emotion-FAN.basic_code,networks,BasicBlock,__init__,9,1,4
Open-Debin_Emotion-FAN.basic_code,networks,BasicBlock,forward,12,2,1
Open-Debin_Emotion-FAN.basic_code,networks,Bottleneck,__init__,12,1,4
Open-Debin_Emotion-FAN.basic_code,networks,Bottleneck,forward,15,2,1
Open-Debin_Emotion-FAN.basic_code,networks,ResNet_AT,__init__,30,4,5
Open-Debin_Emotion-FAN.basic_code,networks,ResNet_AT,_make_layer,14,4,4
Open-Debin_Emotion-FAN.basic_code,networks,ResNet_AT,forward,95,12,7
Open-Debin_Emotion-FAN.basic_code,networks,,sigmoid,2,1,1
Open-Debin_Emotion-FAN.basic_code,networks,,norm_angle,3,1,1
Open-Debin_Emotion-FAN.basic_code,networks,,conv3x3,3,1,3
Open-Debin_Emotion-FAN.basic_code,networks,,resnet18_at,3,1,1
Open-Debin_Emotion-FAN.basic_code,util,AverageMeter,__init__,2,1,0
Open-Debin_Emotion-FAN.basic_code,util,AverageMeter,reset,5,1,0
Open-Debin_Emotion-FAN.basic_code,util,AverageMeter,update,5,1,2
Open-Debin_Emotion-FAN.basic_code,util,Logger,__init__,10,4,3
Open-Debin_Emotion-FAN.basic_code,util,Logger,print,6,3,3
Open-Debin_Emotion-FAN.basic_code,util,Logger,write,3,1,1
Open-Debin_Emotion-FAN.basic_code,util,,accuracy,11,2,3
Open-Debin_Emotion-FAN.basic_code,util,,save_checkpoint,7,2,2
Open-Debin_Emotion-FAN.basic_code,util,,time_now,4,1,0
Open-Debin_Emotion-FAN.data.face_alignment_code,frame2face_afew,threadFun,__init__,4,1,2
Open-Debin_Emotion-FAN.data.face_alignment_code,frame2face_afew,threadFun,run,2,1,0
Open-Debin_Emotion-FAN.data.face_alignment_code,frame2face_afew,,main,16,4,3
Open-Debin_Emotion-FAN.data.face_alignment_code,frame2face_afew,,makefile,3,2,1
Open-Debin_Emotion-FAN.data.face_alignment_code,frame2face_afew,,run_threads,11,4,2
Open-Debin_Emotion-FAN.data.face_alignment_code,frame2face_afew,,frame2face,4,1,6
Open-Debin_Emotion-FAN.data.face_alignment_code,frame2face_ckplus,threadFun,__init__,4,1,2
Open-Debin_Emotion-FAN.data.face_alignment_code,frame2face_ckplus,threadFun,run,2,1,0
Open-Debin_Emotion-FAN.data.face_alignment_code,frame2face_ckplus,,main,16,4,3
Open-Debin_Emotion-FAN.data.face_alignment_code,frame2face_ckplus,,makefile,3,2,1
Open-Debin_Emotion-FAN.data.face_alignment_code,frame2face_ckplus,,run_threads,11,4,2
Open-Debin_Emotion-FAN.data.face_alignment_code,frame2face_ckplus,,frame2face,4,1,6
Open-Debin_Emotion-FAN.data.face_alignment_code,video2frame_afew,threadFun,__init__,4,1,2
Open-Debin_Emotion-FAN.data.face_alignment_code,video2frame_afew,threadFun,run,2,1,0
Open-Debin_Emotion-FAN.data.face_alignment_code,video2frame_afew,,main,12,4,3
Open-Debin_Emotion-FAN.data.face_alignment_code,video2frame_afew,,is_video_file,2,1,1
Open-Debin_Emotion-FAN.data.face_alignment_code,video2frame_afew,,makefile,3,2,1
Open-Debin_Emotion-FAN.data.face_alignment_code,video2frame_afew,,run_threads,11,4,2
Open-Debin_Emotion-FAN.data.face_alignment_code,video2frame_afew,,video2frame,4,1,2
Open-Debin_Emotion-FAN.data.face_alignment_code.lib,face_align_cuda,,main,15,7,0
Open-Debin_Emotion-FAN.data.face_alignment_code.lib,face_align_cuda,,face_alignment,31,7,1
Open-Debin_Emotion-FAN.data.face_alignment_code.lib,face_align_cuda,,claheColor,8,1,1
Open-Debin_Emotion-FAN.data.face_alignment_code.lib,face_align_cuda,,hisEqulColor,7,1,1
Open-Debin_Emotion-FAN.data.face_alignment_code.lib,face_align_cuda,,LinearEqual,21,8,1
Open-Debin_Emotion-FAN.data.face_alignment_code.lib,face_align_cuda,,is_image_file,2,1,1
Open-Debin_Emotion-FAN.data.face_alignment_code.lib,face_align_cuda,,apply_cnn_detection,5,1,1
