Package,Module,Class,Function,LOC,CC,PC
PacktPublishing_Advanced-Deep-Learning-with-Keras.chapter10-policy,policygradient-car-10.1.1,PolicyAgent,__init__,10,1,1
PacktPublishing_Advanced-Deep-Learning-with-Keras.chapter10-policy,policygradient-car-10.1.1,PolicyAgent,reset_memory,3,1,0
PacktPublishing_Advanced-Deep-Learning-with-Keras.chapter10-policy,policygradient-car-10.1.1,PolicyAgent,remember,2,1,1
PacktPublishing_Advanced-Deep-Learning-with-Keras.chapter10-policy,policygradient-car-10.1.1,PolicyAgent,action,9,1,1
PacktPublishing_Advanced-Deep-Learning-with-Keras.chapter10-policy,policygradient-car-10.1.1,PolicyAgent,logp,6,1,1
PacktPublishing_Advanced-Deep-Learning-with-Keras.chapter10-policy,policygradient-car-10.1.1,PolicyAgent,entropy,6,1,1
PacktPublishing_Advanced-Deep-Learning-with-Keras.chapter10-policy,policygradient-car-10.1.1,PolicyAgent,build_autoencoder,31,1,0
PacktPublishing_Advanced-Deep-Learning-with-Keras.chapter10-policy,policygradient-car-10.1.1,PolicyAgent,train_autoencoder,8,1,2
PacktPublishing_Advanced-Deep-Learning-with-Keras.chapter10-policy,policygradient-car-10.1.1,PolicyAgent,build_actor_critic,52,1,0
PacktPublishing_Advanced-Deep-Learning-with-Keras.chapter10-policy,policygradient-car-10.1.1,PolicyAgent,logp_loss,6,0,2
PacktPublishing_Advanced-Deep-Learning-with-Keras.chapter10-policy,policygradient-car-10.1.1,PolicyAgent,value_loss,4,1,2
PacktPublishing_Advanced-Deep-Learning-with-Keras.chapter10-policy,policygradient-car-10.1.1,PolicyAgent,save_weights,6,2,3
PacktPublishing_Advanced-Deep-Learning-with-Keras.chapter10-policy,policygradient-car-10.1.1,PolicyAgent,load_weights,5,2,2
PacktPublishing_Advanced-Deep-Learning-with-Keras.chapter10-policy,policygradient-car-10.1.1,PolicyAgent,load_encoder_weights,3,1,1
PacktPublishing_Advanced-Deep-Learning-with-Keras.chapter10-policy,policygradient-car-10.1.1,PolicyAgent,act,4,1,1
PacktPublishing_Advanced-Deep-Learning-with-Keras.chapter10-policy,policygradient-car-10.1.1,PolicyAgent,value,4,1,1
PacktPublishing_Advanced-Deep-Learning-with-Keras.chapter10-policy,policygradient-car-10.1.1,PolicyAgent,get_entropy,4,1,1
PacktPublishing_Advanced-Deep-Learning-with-Keras.chapter10-policy,policygradient-car-10.1.1,REINFORCEAgent,__init__,3,1,1
PacktPublishing_Advanced-Deep-Learning-with-Keras.chapter10-policy,policygradient-car-10.1.1,REINFORCEAgent,train_by_episode,15,4,0
PacktPublishing_Advanced-Deep-Learning-with-Keras.chapter10-policy,policygradient-car-10.1.1,REINFORCEAgent,train,14,1,2
PacktPublishing_Advanced-Deep-Learning-with-Keras.chapter10-policy,policygradient-car-10.1.1,REINFORCEBaselineAgent,__init__,3,1,1
PacktPublishing_Advanced-Deep-Learning-with-Keras.chapter10-policy,policygradient-car-10.1.1,REINFORCEBaselineAgent,train,19,1,2
PacktPublishing_Advanced-Deep-Learning-with-Keras.chapter10-policy,policygradient-car-10.1.1,A2CAgent,__init__,5,1,1
PacktPublishing_Advanced-Deep-Learning-with-Keras.chapter10-policy,policygradient-car-10.1.1,A2CAgent,train_by_episode,12,2,1
PacktPublishing_Advanced-Deep-Learning-with-Keras.chapter10-policy,policygradient-car-10.1.1,A2CAgent,train,21,1,2
PacktPublishing_Advanced-Deep-Learning-with-Keras.chapter10-policy,policygradient-car-10.1.1,ActorCriticAgent,__init__,3,1,1
PacktPublishing_Advanced-Deep-Learning-with-Keras.chapter10-policy,policygradient-car-10.1.1,ActorCriticAgent,train,23,2,2
PacktPublishing_Advanced-Deep-Learning-with-Keras.chapter10-policy,policygradient-car-10.1.1,,softplusk,3,1,1
PacktPublishing_Advanced-Deep-Learning-with-Keras.chapter10-policy,policygradient-car-10.1.1,,setup_parser,37,1,0
PacktPublishing_Advanced-Deep-Learning-with-Keras.chapter10-policy,policygradient-car-10.1.1,,setup_files,32,7,1
PacktPublishing_Advanced-Deep-Learning-with-Keras.chapter10-policy,policygradient-car-10.1.1,,setup_agent,30,7,2
PacktPublishing_Advanced-Deep-Learning-with-Keras.chapter10-policy,policygradient-car-10.1.1,,setup_writer,13,1,2
PacktPublishing_Advanced-Deep-Learning-with-Keras.chapter11-detection,boxes,,nms,58,7,4
PacktPublishing_Advanced-Deep-Learning-with-Keras.chapter11-detection,boxes,,show_boxes,82,8,6
PacktPublishing_Advanced-Deep-Learning-with-Keras.chapter11-detection,boxes,,show_anchors,64,8,7
PacktPublishing_Advanced-Deep-Learning-with-Keras.chapter11-detection,common_utils,,print_log,3,2,2
PacktPublishing_Advanced-Deep-Learning-with-Keras.chapter11-detection,config,,anchor_aspect_ratios,3,1,0
PacktPublishing_Advanced-Deep-Learning-with-Keras.chapter11-detection,data_generator,DataGenerator,__init__,13,1,6
PacktPublishing_Advanced-Deep-Learning-with-Keras.chapter11-detection,data_generator,DataGenerator,__len__,3,1,0
PacktPublishing_Advanced-Deep-Learning-with-Keras.chapter11-detection,data_generator,DataGenerator,__getitem__,6,1,1
PacktPublishing_Advanced-Deep-Learning-with-Keras.chapter11-detection,data_generator,DataGenerator,on_epoch_end,3,2,0
PacktPublishing_Advanced-Deep-Learning-with-Keras.chapter11-detection,data_generator,DataGenerator,get_n_boxes,5,2,0
PacktPublishing_Advanced-Deep-Learning-with-Keras.chapter11-detection,data_generator,DataGenerator,apply_random_noise,5,2,2
PacktPublishing_Advanced-Deep-Learning-with-Keras.chapter11-detection,data_generator,DataGenerator,apply_random_intensity_rescale,6,2,2
PacktPublishing_Advanced-Deep-Learning-with-Keras.chapter11-detection,data_generator,DataGenerator,apply_random_exposure_adjust,5,2,2
PacktPublishing_Advanced-Deep-Learning-with-Keras.chapter11-detection,data_generator,DataGenerator,__data_generation,56,4,1
PacktPublishing_Advanced-Deep-Learning-with-Keras.chapter11-detection,label_utils,,get_box_color,5,1,1
PacktPublishing_Advanced-Deep-Learning-with-Keras.chapter11-detection,label_utils,,get_box_rgbcolor,5,1,1
PacktPublishing_Advanced-Deep-Learning-with-Keras.chapter11-detection,label_utils,,index2class,3,1,1
PacktPublishing_Advanced-Deep-Learning-with-Keras.chapter11-detection,label_utils,,class2index,3,1,1
PacktPublishing_Advanced-Deep-Learning-with-Keras.chapter11-detection,label_utils,,load_csv,7,2,1
PacktPublishing_Advanced-Deep-Learning-with-Keras.chapter11-detection,label_utils,,get_label_dictionary,32,9,2
PacktPublishing_Advanced-Deep-Learning-with-Keras.chapter11-detection,label_utils,,build_label_dictionary,9,1,1
PacktPublishing_Advanced-Deep-Learning-with-Keras.chapter11-detection,label_utils,,show_labels,21,3,3
PacktPublishing_Advanced-Deep-Learning-with-Keras.chapter11-detection,layer_utils,,anchor_sizes,9,2,1
PacktPublishing_Advanced-Deep-Learning-with-Keras.chapter11-detection,layer_utils,,anchor_boxes,36,2,5
PacktPublishing_Advanced-Deep-Learning-with-Keras.chapter11-detection,layer_utils,,centroid2minmax,8,1,1
PacktPublishing_Advanced-Deep-Learning-with-Keras.chapter11-detection,layer_utils,,minmax2centroid,10,1,1
PacktPublishing_Advanced-Deep-Learning-with-Keras.chapter11-detection,layer_utils,,intersection,21,1,2
PacktPublishing_Advanced-Deep-Learning-with-Keras.chapter11-detection,layer_utils,,union,18,1,3
PacktPublishing_Advanced-Deep-Learning-with-Keras.chapter11-detection,layer_utils,,iou,5,1,2
PacktPublishing_Advanced-Deep-Learning-with-Keras.chapter11-detection,layer_utils,,get_gt_data,51,4,6
PacktPublishing_Advanced-Deep-Learning-with-Keras.chapter11-detection,loss,,focal_loss_ce,5,1,2
PacktPublishing_Advanced-Deep-Learning-with-Keras.chapter11-detection,loss,,focal_loss_binary,17,1,2
PacktPublishing_Advanced-Deep-Learning-with-Keras.chapter11-detection,loss,,focal_loss_categorical,10,1,2
PacktPublishing_Advanced-Deep-Learning-with-Keras.chapter11-detection,loss,,mask_offset,7,1,2
PacktPublishing_Advanced-Deep-Learning-with-Keras.chapter11-detection,loss,,l1_loss,3,1,2
PacktPublishing_Advanced-Deep-Learning-with-Keras.chapter11-detection,loss,,smooth_l1_loss,3,1,2
PacktPublishing_Advanced-Deep-Learning-with-Keras.chapter11-detection,model,,conv2d,8,1,5
PacktPublishing_Advanced-Deep-Learning-with-Keras.chapter11-detection,model,,conv_layer,11,2,7
PacktPublishing_Advanced-Deep-Learning-with-Keras.chapter11-detection,model,,build_ssd,80,3,5
PacktPublishing_Advanced-Deep-Learning-with-Keras.chapter11-detection,model_utils,,lr_scheduler,21,9,1
PacktPublishing_Advanced-Deep-Learning-with-Keras.chapter11-detection,model_utils,,ssd_parser,124,1,0
PacktPublishing_Advanced-Deep-Learning-with-Keras.chapter11-detection,resnet,,resnet_layer,22,6,7
PacktPublishing_Advanced-Deep-Learning-with-Keras.chapter11-detection,resnet,,resnet_v1,51,9,3
PacktPublishing_Advanced-Deep-Learning-with-Keras.chapter11-detection,resnet,,resnet_v2,74,9,3
PacktPublishing_Advanced-Deep-Learning-with-Keras.chapter11-detection,resnet,,build_resnet,16,4,4
PacktPublishing_Advanced-Deep-Learning-with-Keras.chapter11-detection,ssd-11.6.1,SSD,__init__,6,1,1
PacktPublishing_Advanced-Deep-Learning-with-Keras.chapter11-detection,ssd-11.6.1,SSD,build_model,14,1,0
PacktPublishing_Advanced-Deep-Learning-with-Keras.chapter11-detection,ssd-11.6.1,SSD,build_dictionary,7,1,0
PacktPublishing_Advanced-Deep-Learning-with-Keras.chapter11-detection,ssd-11.6.1,SSD,build_generator,8,1,0
PacktPublishing_Advanced-Deep-Learning-with-Keras.chapter11-detection,ssd-11.6.1,SSD,train,46,9,0
PacktPublishing_Advanced-Deep-Learning-with-Keras.chapter11-detection,ssd-11.6.1,SSD,restore_weights,7,2,0
PacktPublishing_Advanced-Deep-Learning-with-Keras.chapter11-detection,ssd-11.6.1,SSD,detect_objects,7,1,1
PacktPublishing_Advanced-Deep-Learning-with-Keras.chapter11-detection,ssd-11.6.1,SSD,evaluate,13,2,2
PacktPublishing_Advanced-Deep-Learning-with-Keras.chapter11-detection,ssd-11.6.1,SSD,evaluate_test,64,6,0
PacktPublishing_Advanced-Deep-Learning-with-Keras.chapter11-detection,ssd-11.6.1,SSD,print_summary,8,2,0
PacktPublishing_Advanced-Deep-Learning-with-Keras.chapter11-detection,video,VideoDemo,__init__,8,1,5
PacktPublishing_Advanced-Deep-Learning-with-Keras.chapter11-detection,video,VideoDemo,initialize,13,3,0
PacktPublishing_Advanced-Deep-Learning-with-Keras.chapter11-detection,video,VideoDemo,loop,20,5,0
PacktPublishing_Advanced-Deep-Learning-with-Keras.chapter11-detection,video_demo,VideoDemo,__init__,9,1,6
PacktPublishing_Advanced-Deep-Learning-with-Keras.chapter11-detection,video_demo,VideoDemo,initialize,13,3,0
PacktPublishing_Advanced-Deep-Learning-with-Keras.chapter11-detection,video_demo,VideoDemo,loop,102,9,0
PacktPublishing_Advanced-Deep-Learning-with-Keras.chapter11-detection.utils,json2csv,,load_json,4,1,2
PacktPublishing_Advanced-Deep-Learning-with-Keras.chapter11-detection.utils,resize_json,,load_json,4,1,2
PacktPublishing_Advanced-Deep-Learning-with-Keras.chapter11-detection.utils,video_capture,VideoCapture,__init__,7,1,5
PacktPublishing_Advanced-Deep-Learning-with-Keras.chapter11-detection.utils,video_capture,VideoCapture,initialize,7,2,0
PacktPublishing_Advanced-Deep-Learning-with-Keras.chapter11-detection.utils,video_capture,VideoCapture,loop,27,4,0
PacktPublishing_Advanced-Deep-Learning-with-Keras.chapter12-segmentation,data_generator,DataGenerator,__init__,8,1,2
PacktPublishing_Advanced-Deep-Learning-with-Keras.chapter12-segmentation,data_generator,DataGenerator,get_dictionary,9,1,0
PacktPublishing_Advanced-Deep-Learning-with-Keras.chapter12-segmentation,data_generator,DataGenerator,__len__,3,1,0
PacktPublishing_Advanced-Deep-Learning-with-Keras.chapter12-segmentation,data_generator,DataGenerator,__getitem__,6,1,1
PacktPublishing_Advanced-Deep-Learning-with-Keras.chapter12-segmentation,data_generator,DataGenerator,on_epoch_end,3,2,0
PacktPublishing_Advanced-Deep-Learning-with-Keras.chapter12-segmentation,data_generator,DataGenerator,__data_generation,16,2,1
PacktPublishing_Advanced-Deep-Learning-with-Keras.chapter12-segmentation,fcn-12.3.1,FCN,__init__,7,1,1
PacktPublishing_Advanced-Deep-Learning-with-Keras.chapter12-segmentation,fcn-12.3.1,FCN,build_model,11,1,0
PacktPublishing_Advanced-Deep-Learning-with-Keras.chapter12-segmentation,fcn-12.3.1,FCN,eval_init,15,2,0
PacktPublishing_Advanced-Deep-Learning-with-Keras.chapter12-segmentation,fcn-12.3.1,FCN,preload_test,7,1,0
PacktPublishing_Advanced-Deep-Learning-with-Keras.chapter12-segmentation,fcn-12.3.1,FCN,train,15,1,0
PacktPublishing_Advanced-Deep-Learning-with-Keras.chapter12-segmentation,fcn-12.3.1,FCN,restore_weights,7,2,0
PacktPublishing_Advanced-Deep-Learning-with-Keras.chapter12-segmentation,fcn-12.3.1,FCN,segment_objects,13,2,2
PacktPublishing_Advanced-Deep-Learning-with-Keras.chapter12-segmentation,fcn-12.3.1,FCN,evaluate,31,4,2
PacktPublishing_Advanced-Deep-Learning-with-Keras.chapter12-segmentation,fcn-12.3.1,FCN,eval,63,9,0
PacktPublishing_Advanced-Deep-Learning-with-Keras.chapter12-segmentation,fcn-12.3.1,FCN,print_summary,11,2,0
PacktPublishing_Advanced-Deep-Learning-with-Keras.chapter12-segmentation,model,,conv_layer,13,2,7
PacktPublishing_Advanced-Deep-Learning-with-Keras.chapter12-segmentation,model,,tconv_layer,11,1,5
PacktPublishing_Advanced-Deep-Learning-with-Keras.chapter12-segmentation,model,,build_fcn,34,2,3
PacktPublishing_Advanced-Deep-Learning-with-Keras.chapter12-segmentation,model_utils,,lr_scheduler,10,4,1
PacktPublishing_Advanced-Deep-Learning-with-Keras.chapter12-segmentation,model_utils,,parser,96,1,0
PacktPublishing_Advanced-Deep-Learning-with-Keras.chapter12-segmentation,resnet,,resnet_layer,22,6,7
PacktPublishing_Advanced-Deep-Learning-with-Keras.chapter12-segmentation,resnet,,resnet_v1,37,8,3
PacktPublishing_Advanced-Deep-Learning-with-Keras.chapter12-segmentation,resnet,,resnet_v2,60,8,3
PacktPublishing_Advanced-Deep-Learning-with-Keras.chapter12-segmentation,resnet,,features_pyramid,18,2,2
PacktPublishing_Advanced-Deep-Learning-with-Keras.chapter12-segmentation,resnet,,build_resnet,16,4,4
PacktPublishing_Advanced-Deep-Learning-with-Keras.chapter12-segmentation.utils,generate_gt_segmentation,,load_json,4,1,2
PacktPublishing_Advanced-Deep-Learning-with-Keras.chapter12-segmentation.utils,generate_gt_segmentation,,generate_dataset,91,8,1
PacktPublishing_Advanced-Deep-Learning-with-Keras.chapter12-segmentation.utils,plot_history,,plot_history,15,2,1
PacktPublishing_Advanced-Deep-Learning-with-Keras.chapter13-mi-unsupervised,data_generator,DataGenerator,__init__,9,1,5
PacktPublishing_Advanced-Deep-Learning-with-Keras.chapter13-mi-unsupervised,data_generator,DataGenerator,__len__,2,1,0
PacktPublishing_Advanced-Deep-Learning-with-Keras.chapter13-mi-unsupervised,data_generator,DataGenerator,__getitem__,4,1,1
PacktPublishing_Advanced-Deep-Learning-with-Keras.chapter13-mi-unsupervised,data_generator,DataGenerator,_dataset,19,3,0
PacktPublishing_Advanced-Deep-Learning-with-Keras.chapter13-mi-unsupervised,data_generator,DataGenerator,on_epoch_end,3,2,0
PacktPublishing_Advanced-Deep-Learning-with-Keras.chapter13-mi-unsupervised,data_generator,DataGenerator,random_crop,16,2,3
PacktPublishing_Advanced-Deep-Learning-with-Keras.chapter13-mi-unsupervised,data_generator,DataGenerator,random_rotate,6,1,3
PacktPublishing_Advanced-Deep-Learning-with-Keras.chapter13-mi-unsupervised,data_generator,DataGenerator,__data_generation,47,6,2
PacktPublishing_Advanced-Deep-Learning-with-Keras.chapter13-mi-unsupervised,iic-13.5.1,IIC,__init__,10,1,2
PacktPublishing_Advanced-Deep-Learning-with-Keras.chapter13-mi-unsupervised,iic-13.5.1,IIC,build_model,14,2,0
PacktPublishing_Advanced-Deep-Learning-with-Keras.chapter13-mi-unsupervised,iic-13.5.1,IIC,mi_loss,21,1,2
PacktPublishing_Advanced-Deep-Learning-with-Keras.chapter13-mi-unsupervised,iic-13.5.1,IIC,train,11,1,0
PacktPublishing_Advanced-Deep-Learning-with-Keras.chapter13-mi-unsupervised,iic-13.5.1,IIC,load_eval_dataset,9,2,0
PacktPublishing_Advanced-Deep-Learning-with-Keras.chapter13-mi-unsupervised,iic-13.5.1,IIC,load_weights,9,3,0
PacktPublishing_Advanced-Deep-Learning-with-Keras.chapter13-mi-unsupervised,iic-13.5.1,IIC,eval,31,6,0
PacktPublishing_Advanced-Deep-Learning-with-Keras.chapter13-mi-unsupervised,iic-13.5.1,IIC,model,2,1,0
PacktPublishing_Advanced-Deep-Learning-with-Keras.chapter13-mi-unsupervised,mine-13.8.1,SimpleMINE,__init__,7,1,4
PacktPublishing_Advanced-Deep-Learning-with-Keras.chapter13-mi-unsupervised,mine-13.8.1,SimpleMINE,build_model,14,1,3
PacktPublishing_Advanced-Deep-Learning-with-Keras.chapter13-mi-unsupervised,mine-13.8.1,SimpleMINE,mi_loss,8,1,2
PacktPublishing_Advanced-Deep-Learning-with-Keras.chapter13-mi-unsupervised,mine-13.8.1,SimpleMINE,train,37,3,0
PacktPublishing_Advanced-Deep-Learning-with-Keras.chapter13-mi-unsupervised,mine-13.8.1,SimpleMINE,model,2,1,0
PacktPublishing_Advanced-Deep-Learning-with-Keras.chapter13-mi-unsupervised,mine-13.8.1,LinearClassifier,__init__,3,1,2
PacktPublishing_Advanced-Deep-Learning-with-Keras.chapter13-mi-unsupervised,mine-13.8.1,LinearClassifier,build_model,13,1,2
PacktPublishing_Advanced-Deep-Learning-with-Keras.chapter13-mi-unsupervised,mine-13.8.1,LinearClassifier,train,6,1,2
PacktPublishing_Advanced-Deep-Learning-with-Keras.chapter13-mi-unsupervised,mine-13.8.1,LinearClassifier,eval,12,1,2
PacktPublishing_Advanced-Deep-Learning-with-Keras.chapter13-mi-unsupervised,mine-13.8.1,LinearClassifier,model,2,1,0
PacktPublishing_Advanced-Deep-Learning-with-Keras.chapter13-mi-unsupervised,mine-13.8.1,MINE,__init__,13,1,2
PacktPublishing_Advanced-Deep-Learning-with-Keras.chapter13-mi-unsupervised,mine-13.8.1,MINE,build_model,30,1,0
PacktPublishing_Advanced-Deep-Learning-with-Keras.chapter13-mi-unsupervised,mine-13.8.1,MINE,mi_loss,9,1,2
PacktPublishing_Advanced-Deep-Learning-with-Keras.chapter13-mi-unsupervised,mine-13.8.1,MINE,train,11,1,0
PacktPublishing_Advanced-Deep-Learning-with-Keras.chapter13-mi-unsupervised,mine-13.8.1,MINE,load_eval_dataset,13,2,0
PacktPublishing_Advanced-Deep-Learning-with-Keras.chapter13-mi-unsupervised,mine-13.8.1,MINE,load_weights,10,3,0
PacktPublishing_Advanced-Deep-Learning-with-Keras.chapter13-mi-unsupervised,mine-13.8.1,MINE,eval,22,5,0
PacktPublishing_Advanced-Deep-Learning-with-Keras.chapter13-mi-unsupervised,mine-13.8.1,MINE,model,2,1,0
PacktPublishing_Advanced-Deep-Learning-with-Keras.chapter13-mi-unsupervised,mine-13.8.1,MINE,encoder,2,1,0
PacktPublishing_Advanced-Deep-Learning-with-Keras.chapter13-mi-unsupervised,mine-13.8.1,MINE,classifier,2,1,0
PacktPublishing_Advanced-Deep-Learning-with-Keras.chapter13-mi-unsupervised,mine-13.8.1,,sample,14,1,4
PacktPublishing_Advanced-Deep-Learning-with-Keras.chapter13-mi-unsupervised,mine-13.8.1,,compute_mi,15,1,2
PacktPublishing_Advanced-Deep-Learning-with-Keras.chapter13-mi-unsupervised,utils,AccuracyCallback,__init__,3,1,1
PacktPublishing_Advanced-Deep-Learning-with-Keras.chapter13-mi-unsupervised,utils,AccuracyCallback,on_epoch_end,2,1,2
PacktPublishing_Advanced-Deep-Learning-with-Keras.chapter13-mi-unsupervised,utils,,unsupervised_labels,9,2,4
PacktPublishing_Advanced-Deep-Learning-with-Keras.chapter13-mi-unsupervised,utils,,center_crop,8,1,2
PacktPublishing_Advanced-Deep-Learning-with-Keras.chapter13-mi-unsupervised,utils,,lr_schedule,6,1,1
PacktPublishing_Advanced-Deep-Learning-with-Keras.chapter13-mi-unsupervised,vgg,VGG,__init__,6,1,2
PacktPublishing_Advanced-Deep-Learning-with-Keras.chapter13-mi-unsupervised,vgg,VGG,build_model,5,1,0
PacktPublishing_Advanced-Deep-Learning-with-Keras.chapter13-mi-unsupervised,vgg,VGG,model,2,1,0
PacktPublishing_Advanced-Deep-Learning-with-Keras.chapter13-mi-unsupervised,vgg,VGG,make_layers,18,5,4
PacktPublishing_Advanced-Deep-Learning-with-Keras.chapter2-deep-networks,densenet-cifar10-2.4.1,,lr_schedule,13,5,1
PacktPublishing_Advanced-Deep-Learning-with-Keras.chapter2-deep-networks,resnet-cifar10-2.2.1,,lr_schedule,13,5,1
PacktPublishing_Advanced-Deep-Learning-with-Keras.chapter2-deep-networks,resnet-cifar10-2.2.1,,resnet_layer,22,6,7
PacktPublishing_Advanced-Deep-Learning-with-Keras.chapter2-deep-networks,resnet-cifar10-2.2.1,,resnet_v1,40,8,3
PacktPublishing_Advanced-Deep-Learning-with-Keras.chapter2-deep-networks,resnet-cifar10-2.2.1,,resnet_v2,64,8,3
PacktPublishing_Advanced-Deep-Learning-with-Keras.chapter3-autoencoders,autoencoder-2dim-mnist-3.2.2,,plot_results,49,4,4
PacktPublishing_Advanced-Deep-Learning-with-Keras.chapter3-autoencoders,colorization-autoencoder-cifar10-3.4.1,,rgb2gray,3,1,1
PacktPublishing_Advanced-Deep-Learning-with-Keras.chapter4-gan,cgan-mnist-4.3.1,,build_generator,24,3,3
PacktPublishing_Advanced-Deep-Learning-with-Keras.chapter4-gan,cgan-mnist-4.3.1,,build_discriminator,25,3,3
PacktPublishing_Advanced-Deep-Learning-with-Keras.chapter4-gan,cgan-mnist-4.3.1,,train,78,3,3
PacktPublishing_Advanced-Deep-Learning-with-Keras.chapter4-gan,cgan-mnist-4.3.1,,plot_images,21,3,6
PacktPublishing_Advanced-Deep-Learning-with-Keras.chapter4-gan,cgan-mnist-4.3.1,,build_and_train_models,41,1,0
PacktPublishing_Advanced-Deep-Learning-with-Keras.chapter4-gan,cgan-mnist-4.3.1,,test_generator,16,2,2
PacktPublishing_Advanced-Deep-Learning-with-Keras.chapter4-gan,dcgan-mnist-4.2.1,,build_generator,23,3,2
PacktPublishing_Advanced-Deep-Learning-with-Keras.chapter4-gan,dcgan-mnist-4.2.1,,build_discriminator,22,3,1
PacktPublishing_Advanced-Deep-Learning-with-Keras.chapter4-gan,dcgan-mnist-4.2.1,,train,60,3,3
PacktPublishing_Advanced-Deep-Learning-with-Keras.chapter4-gan,dcgan-mnist-4.2.1,,plot_images,20,3,5
PacktPublishing_Advanced-Deep-Learning-with-Keras.chapter4-gan,dcgan-mnist-4.2.1,,build_and_train_models,35,1,0
PacktPublishing_Advanced-Deep-Learning-with-Keras.chapter4-gan,dcgan-mnist-4.2.1,,test_generator,6,1,1
PacktPublishing_Advanced-Deep-Learning-with-Keras.chapter5-improved-gan,acgan-mnist-5.3.1,,train,91,3,3
PacktPublishing_Advanced-Deep-Learning-with-Keras.chapter5-improved-gan,acgan-mnist-5.3.1,,build_and_train_models,48,1,0
PacktPublishing_Advanced-Deep-Learning-with-Keras.chapter5-improved-gan,acgan-mnist-5.3.1,,test_generator,16,2,2
PacktPublishing_Advanced-Deep-Learning-with-Keras.chapter5-improved-gan,lsgan-mnist-5.2.1,,build_and_train_models,37,1,0
PacktPublishing_Advanced-Deep-Learning-with-Keras.chapter5-improved-gan,wgan-mnist-5.1.2,,train,90,5,3
PacktPublishing_Advanced-Deep-Learning-with-Keras.chapter5-improved-gan,wgan-mnist-5.1.2,,wasserstein_loss,2,1,2
PacktPublishing_Advanced-Deep-Learning-with-Keras.chapter5-improved-gan,wgan-mnist-5.1.2,,build_and_train_models,41,1,0
PacktPublishing_Advanced-Deep-Learning-with-Keras.chapter6-disentangled-gan,infogan-mnist-6.1.1,,train,115,4,3
PacktPublishing_Advanced-Deep-Learning-with-Keras.chapter6-disentangled-gan,infogan-mnist-6.1.1,,mi_loss,4,1,2
PacktPublishing_Advanced-Deep-Learning-with-Keras.chapter6-disentangled-gan,infogan-mnist-6.1.1,,build_and_train_models,60,1,1
PacktPublishing_Advanced-Deep-Learning-with-Keras.chapter6-disentangled-gan,infogan-mnist-6.1.1,,test_generator,39,6,3
PacktPublishing_Advanced-Deep-Learning-with-Keras.chapter6-disentangled-gan,stackedgan-mnist-6.2.1,,build_encoder,22,1,3
PacktPublishing_Advanced-Deep-Learning-with-Keras.chapter6-disentangled-gan,stackedgan-mnist-6.2.1,,build_generator,13,1,3
PacktPublishing_Advanced-Deep-Learning-with-Keras.chapter6-disentangled-gan,stackedgan-mnist-6.2.1,,build_discriminator,12,1,2
PacktPublishing_Advanced-Deep-Learning-with-Keras.chapter6-disentangled-gan,stackedgan-mnist-6.2.1,,train,121,3,3
PacktPublishing_Advanced-Deep-Learning-with-Keras.chapter6-disentangled-gan,stackedgan-mnist-6.2.1,,plot_images,25,3,5
PacktPublishing_Advanced-Deep-Learning-with-Keras.chapter6-disentangled-gan,stackedgan-mnist-6.2.1,,train_encoder,17,1,4
PacktPublishing_Advanced-Deep-Learning-with-Keras.chapter6-disentangled-gan,stackedgan-mnist-6.2.1,,build_and_train_models,91,1,0
PacktPublishing_Advanced-Deep-Learning-with-Keras.chapter6-disentangled-gan,stackedgan-mnist-6.2.1,,test_generator,36,6,3
PacktPublishing_Advanced-Deep-Learning-with-Keras.chapter7-cross-domain-gan,cifar10_utils,,load_data,19,1,0
PacktPublishing_Advanced-Deep-Learning-with-Keras.chapter7-cross-domain-gan,cyclegan-7.1.1,,encoder_layer,16,3,6
PacktPublishing_Advanced-Deep-Learning-with-Keras.chapter7-cross-domain-gan,cyclegan-7.1.1,,decoder_layer,17,3,7
PacktPublishing_Advanced-Deep-Learning-with-Keras.chapter7-cross-domain-gan,cyclegan-7.1.1,,build_generator,41,1,4
PacktPublishing_Advanced-Deep-Learning-with-Keras.chapter7-cross-domain-gan,cyclegan-7.1.1,,build_discriminator,37,2,4
PacktPublishing_Advanced-Deep-Learning-with-Keras.chapter7-cross-domain-gan,cyclegan-7.1.1,,train_cyclegan,66,4,5
PacktPublishing_Advanced-Deep-Learning-with-Keras.chapter7-cross-domain-gan,cyclegan-7.1.1,,build_cyclegan,80,2,6
PacktPublishing_Advanced-Deep-Learning-with-Keras.chapter7-cross-domain-gan,cyclegan-7.1.1,,graycifar10_cross_colorcifar10,40,2,1
PacktPublishing_Advanced-Deep-Learning-with-Keras.chapter7-cross-domain-gan,cyclegan-7.1.1,,mnist_cross_svhn,39,2,1
PacktPublishing_Advanced-Deep-Learning-with-Keras.chapter7-cross-domain-gan,mnist_svhn_utils,,get_datadir,10,3,0
PacktPublishing_Advanced-Deep-Learning-with-Keras.chapter7-cross-domain-gan,mnist_svhn_utils,,load_data,36,1,0
PacktPublishing_Advanced-Deep-Learning-with-Keras.chapter7-cross-domain-gan,mnist_svhn_utils,,loadmat,8,1,1
PacktPublishing_Advanced-Deep-Learning-with-Keras.chapter7-cross-domain-gan,other_utils,,rgb2gray,3,1,1
PacktPublishing_Advanced-Deep-Learning-with-Keras.chapter7-cross-domain-gan,other_utils,,display_images,30,6,5
PacktPublishing_Advanced-Deep-Learning-with-Keras.chapter7-cross-domain-gan,other_utils,,test_generator,47,1,7
PacktPublishing_Advanced-Deep-Learning-with-Keras.chapter7-cross-domain-gan,other_utils,,load_data,29,1,4
PacktPublishing_Advanced-Deep-Learning-with-Keras.chapter8-vae,cvae-cnn-mnist-8.2.1,,sampling,7,1,1
PacktPublishing_Advanced-Deep-Learning-with-Keras.chapter8-vae,cvae-cnn-mnist-8.2.1,,plot_results,49,4,5
PacktPublishing_Advanced-Deep-Learning-with-Keras.chapter8-vae,vae-cnn-mnist-8.1.2,,sampling,7,1,1
PacktPublishing_Advanced-Deep-Learning-with-Keras.chapter8-vae,vae-cnn-mnist-8.1.2,,plot_results,49,4,4
PacktPublishing_Advanced-Deep-Learning-with-Keras.chapter8-vae,vae-mlp-mnist-8.1.1,,sampling,7,1,1
PacktPublishing_Advanced-Deep-Learning-with-Keras.chapter8-vae,vae-mlp-mnist-8.1.1,,plot_results,49,4,4
PacktPublishing_Advanced-Deep-Learning-with-Keras.chapter9-drl,dqn-cartpole-9.6.1,DQNAgent,__init__,18,1,3
PacktPublishing_Advanced-Deep-Learning-with-Keras.chapter9-drl,dqn-cartpole-9.6.1,DQNAgent,build_model,12,1,2
PacktPublishing_Advanced-Deep-Learning-with-Keras.chapter9-drl,dqn-cartpole-9.6.1,DQNAgent,save_weights,2,1,0
PacktPublishing_Advanced-Deep-Learning-with-Keras.chapter9-drl,dqn-cartpole-9.6.1,DQNAgent,update_weights,2,1,0
PacktPublishing_Advanced-Deep-Learning-with-Keras.chapter9-drl,dqn-cartpole-9.6.1,DQNAgent,act,8,1,1
PacktPublishing_Advanced-Deep-Learning-with-Keras.chapter9-drl,dqn-cartpole-9.6.1,DQNAgent,remember,4,1,5
PacktPublishing_Advanced-Deep-Learning-with-Keras.chapter9-drl,dqn-cartpole-9.6.1,DQNAgent,get_target_q_value,7,1,2
PacktPublishing_Advanced-Deep-Learning-with-Keras.chapter9-drl,dqn-cartpole-9.6.1,DQNAgent,replay,26,3,1
PacktPublishing_Advanced-Deep-Learning-with-Keras.chapter9-drl,dqn-cartpole-9.6.1,DQNAgent,update_epsilon,3,2,0
PacktPublishing_Advanced-Deep-Learning-with-Keras.chapter9-drl,dqn-cartpole-9.6.1,DDQNAgent,__init__,13,1,3
PacktPublishing_Advanced-Deep-Learning-with-Keras.chapter9-drl,dqn-cartpole-9.6.1,DDQNAgent,get_target_q_value,8,1,2
PacktPublishing_Advanced-Deep-Learning-with-Keras.chapter9-drl,q-frozenlake-9.5.1,QAgent,__init__,20,3,5
PacktPublishing_Advanced-Deep-Learning-with-Keras.chapter9-drl,q-frozenlake-9.5.1,QAgent,act,7,2,2
PacktPublishing_Advanced-Deep-Learning-with-Keras.chapter9-drl,q-frozenlake-9.5.1,QAgent,update_q_table,8,1,4
PacktPublishing_Advanced-Deep-Learning-with-Keras.chapter9-drl,q-frozenlake-9.5.1,QAgent,print_q_table,3,1,0
PacktPublishing_Advanced-Deep-Learning-with-Keras.chapter9-drl,q-frozenlake-9.5.1,QAgent,save_q_table,2,1,0
PacktPublishing_Advanced-Deep-Learning-with-Keras.chapter9-drl,q-frozenlake-9.5.1,QAgent,load_q_table,2,1,0
PacktPublishing_Advanced-Deep-Learning-with-Keras.chapter9-drl,q-frozenlake-9.5.1,QAgent,update_epsilon,3,2,0
PacktPublishing_Advanced-Deep-Learning-with-Keras.chapter9-drl,q-learning-9.3.1,QWorld,__init__,13,1,0
PacktPublishing_Advanced-Deep-Learning-with-Keras.chapter9-drl,q-learning-9.3.1,QWorld,reset,3,1,0
PacktPublishing_Advanced-Deep-Learning-with-Keras.chapter9-drl,q-learning-9.3.1,QWorld,is_in_win_state,2,1,0
PacktPublishing_Advanced-Deep-Learning-with-Keras.chapter9-drl,q-learning-9.3.1,QWorld,init_reward_table,6,1,0
PacktPublishing_Advanced-Deep-Learning-with-Keras.chapter9-drl,q-learning-9.3.1,QWorld,init_transition_table,29,1,0
PacktPublishing_Advanced-Deep-Learning-with-Keras.chapter9-drl,q-learning-9.3.1,QWorld,step,7,2,1
PacktPublishing_Advanced-Deep-Learning-with-Keras.chapter9-drl,q-learning-9.3.1,QWorld,act,9,1,0
PacktPublishing_Advanced-Deep-Learning-with-Keras.chapter9-drl,q-learning-9.3.1,QWorld,update_q_table,5,1,4
PacktPublishing_Advanced-Deep-Learning-with-Keras.chapter9-drl,q-learning-9.3.1,QWorld,print_q_table,3,1,0
PacktPublishing_Advanced-Deep-Learning-with-Keras.chapter9-drl,q-learning-9.3.1,QWorld,update_epsilon,3,2,0
PacktPublishing_Advanced-Deep-Learning-with-Keras.chapter9-drl,q-learning-9.3.1,QWorld,print_cell,27,13,1
PacktPublishing_Advanced-Deep-Learning-with-Keras.chapter9-drl,q-learning-9.3.1,QWorld,print_world,13,4,2
PacktPublishing_Advanced-Deep-Learning-with-Keras.chapter9-drl,q-learning-9.3.1,,print_episode,12,3,2
PacktPublishing_Advanced-Deep-Learning-with-Keras.chapter9-drl,q-learning-9.3.1,,print_status,9,2,4
PacktPublishing_Advanced-Deep-Learning-with-Keras.lib,common_utils,AccuracyCallback,__init__,3,1,1
PacktPublishing_Advanced-Deep-Learning-with-Keras.lib,common_utils,AccuracyCallback,on_epoch_end,2,1,2
PacktPublishing_Advanced-Deep-Learning-with-Keras.lib,common_utils,,print_log,3,2,2
PacktPublishing_Advanced-Deep-Learning-with-Keras.lib,gan,,generator,41,7,5
PacktPublishing_Advanced-Deep-Learning-with-Keras.lib,gan,,discriminator,48,7,4
PacktPublishing_Advanced-Deep-Learning-with-Keras.lib,gan,,train,61,3,3
PacktPublishing_Advanced-Deep-Learning-with-Keras.lib,gan,,plot_images,24,5,7
PacktPublishing_Advanced-Deep-Learning-with-Keras.lib,gan,,test_generator,6,1,1
