Package,Module,Class,Function,LOC,CC,PC
Lyken17_pytorch-OpCounter..github.workflows,date_extraction,,func,9,2,1
Lyken17_pytorch-OpCounter.tests,test_conv2d,TestUtils,test_conv2d_no_bias,10,1,0
Lyken17_pytorch-OpCounter.tests,test_conv2d,TestUtils,test_conv2d,10,1,0
Lyken17_pytorch-OpCounter.tests,test_conv2d,TestUtils,test_conv2d_random,17,2,0
Lyken17_pytorch-OpCounter.tests,test_matmul,TestUtils,test_matmul_case2,6,1,0
Lyken17_pytorch-OpCounter.tests,test_matmul,TestUtils,test_matmul_case2,7,2,0
Lyken17_pytorch-OpCounter.tests,test_matmul,TestUtils,test_conv2d,6,1,0
Lyken17_pytorch-OpCounter.tests,test_relu,TestUtils,test_relu,7,1,0
Lyken17_pytorch-OpCounter.tests,test_utils,TestUtils,test_clever_format_returns_formatted_number,5,1,0
Lyken17_pytorch-OpCounter.tests,test_utils,TestUtils,test_clever_format_returns_formatted_numbers,5,1,0
Lyken17_pytorch-OpCounter.thop,fx_profile,,count_clamp,2,1,2
Lyken17_pytorch-OpCounter.thop,fx_profile,,count_mul,2,1,2
Lyken17_pytorch-OpCounter.thop,fx_profile,,count_matmul,6,1,2
Lyken17_pytorch-OpCounter.thop,fx_profile,,count_fn_linear,5,2,2
Lyken17_pytorch-OpCounter.thop,fx_profile,,count_fn_conv2d,14,3,2
Lyken17_pytorch-OpCounter.thop,fx_profile,,count_nn_linear,2,1,3
Lyken17_pytorch-OpCounter.thop,fx_profile,,count_zero_ops,2,1,3
Lyken17_pytorch-OpCounter.thop,fx_profile,,count_nn_conv2d,10,1,3
Lyken17_pytorch-OpCounter.thop,fx_profile,,count_nn_bn2d,5,1,3
Lyken17_pytorch-OpCounter.thop,fx_profile,,null_print,2,1,0
Lyken17_pytorch-OpCounter.thop,fx_profile,,fx_profile,86,15,3
Lyken17_pytorch-OpCounter.thop,onnx_profile,OnnxProfile,__init__,2,1,0
Lyken17_pytorch-OpCounter.thop,onnx_profile,OnnxProfile,calculate_params,10,3,1
Lyken17_pytorch-OpCounter.thop,onnx_profile,OnnxProfile,create_dict,26,8,3
Lyken17_pytorch-OpCounter.thop,onnx_profile,OnnxProfile,nodes_counter,7,1,2
Lyken17_pytorch-OpCounter.thop,onnx_profile,OnnxProfile,calculate_macs,15,2,1
Lyken17_pytorch-OpCounter.thop,profile,,profile_origin,72,22,5
Lyken17_pytorch-OpCounter.thop,profile,,profile,75,15,6
Lyken17_pytorch-OpCounter.thop,rnn_hooks,,_count_rnn_cell,5,2,3
Lyken17_pytorch-OpCounter.thop,rnn_hooks,,count_rnn_cell,5,1,3
Lyken17_pytorch-OpCounter.thop,rnn_hooks,,_count_gru_cell,12,3,3
Lyken17_pytorch-OpCounter.thop,rnn_hooks,,count_gru_cell,5,1,3
Lyken17_pytorch-OpCounter.thop,rnn_hooks,,_count_lstm_cell,9,2,3
Lyken17_pytorch-OpCounter.thop,rnn_hooks,,count_lstm_cell,5,1,3
Lyken17_pytorch-OpCounter.thop,rnn_hooks,,count_rnn,28,6,3
Lyken17_pytorch-OpCounter.thop,rnn_hooks,,count_gru,28,6,3
Lyken17_pytorch-OpCounter.thop,rnn_hooks,,count_lstm,28,6,3
Lyken17_pytorch-OpCounter.thop,utils,,colorful_print,6,1,2
Lyken17_pytorch-OpCounter.thop,utils,,clever_format,17,7,2
Lyken17_pytorch-OpCounter.thop.vision,basic_hooks,,count_parameters,5,2,3
Lyken17_pytorch-OpCounter.thop.vision,basic_hooks,,zero_ops,2,1,3
Lyken17_pytorch-OpCounter.thop.vision,basic_hooks,,count_convNd,11,1,3
Lyken17_pytorch-OpCounter.thop.vision,basic_hooks,,count_convNd_ver2,4,1,3
Lyken17_pytorch-OpCounter.thop.vision,basic_hooks,,count_normalization,6,3,3
Lyken17_pytorch-OpCounter.thop.vision,basic_hooks,,count_prelu,5,2,3
Lyken17_pytorch-OpCounter.thop.vision,basic_hooks,,count_relu,4,1,3
Lyken17_pytorch-OpCounter.thop.vision,basic_hooks,,count_softmax,5,1,3
Lyken17_pytorch-OpCounter.thop.vision,basic_hooks,,count_avgpool,3,1,3
Lyken17_pytorch-OpCounter.thop.vision,basic_hooks,,count_adap_avgpool,8,1,3
Lyken17_pytorch-OpCounter.thop.vision,basic_hooks,,count_upsample,12,2,3
Lyken17_pytorch-OpCounter.thop.vision,basic_hooks,,count_linear,4,1,3
Lyken17_pytorch-OpCounter.thop.vision,calc_func,,l_prod,5,2,1
Lyken17_pytorch-OpCounter.thop.vision,calc_func,,l_sum,5,2,1
Lyken17_pytorch-OpCounter.thop.vision,calc_func,,calculate_parameters,5,2,1
Lyken17_pytorch-OpCounter.thop.vision,calc_func,,calculate_zero_ops,2,1,0
Lyken17_pytorch-OpCounter.thop.vision,calc_func,,calculate_conv2d_flops,4,1,5
Lyken17_pytorch-OpCounter.thop.vision,calc_func,,calculate_conv,4,1,5
Lyken17_pytorch-OpCounter.thop.vision,calc_func,,calculate_norm,2,1,1
Lyken17_pytorch-OpCounter.thop.vision,calc_func,,calculate_relu_flops,2,1,1
Lyken17_pytorch-OpCounter.thop.vision,calc_func,,calculate_relu,3,1,1
Lyken17_pytorch-OpCounter.thop.vision,calc_func,,calculate_softmax,6,1,2
Lyken17_pytorch-OpCounter.thop.vision,calc_func,,calculate_avgpool,2,1,1
Lyken17_pytorch-OpCounter.thop.vision,calc_func,,calculate_adaptive_avg,4,1,2
Lyken17_pytorch-OpCounter.thop.vision,calc_func,,calculate_upsample,13,5,2
Lyken17_pytorch-OpCounter.thop.vision,calc_func,,calculate_linear,2,1,2
Lyken17_pytorch-OpCounter.thop.vision,calc_func,,counter_matmul,4,1,2
Lyken17_pytorch-OpCounter.thop.vision,calc_func,,counter_mul,2,1,1
Lyken17_pytorch-OpCounter.thop.vision,calc_func,,counter_pow,2,1,1
Lyken17_pytorch-OpCounter.thop.vision,calc_func,,counter_sqrt,2,1,1
Lyken17_pytorch-OpCounter.thop.vision,calc_func,,counter_div,2,1,1
Lyken17_pytorch-OpCounter.thop.vision,onnx_counter,,onnx_counter_matmul,9,1,2
Lyken17_pytorch-OpCounter.thop.vision,onnx_counter,,onnx_counter_add,8,2,2
Lyken17_pytorch-OpCounter.thop.vision,onnx_counter,,onnx_counter_conv,39,10,2
Lyken17_pytorch-OpCounter.thop.vision,onnx_counter,,onnx_counter_constant,5,1,2
Lyken17_pytorch-OpCounter.thop.vision,onnx_counter,,onnx_counter_mul,9,2,2
Lyken17_pytorch-OpCounter.thop.vision,onnx_counter,,onnx_counter_bn,6,1,2
Lyken17_pytorch-OpCounter.thop.vision,onnx_counter,,onnx_counter_relu,6,1,2
Lyken17_pytorch-OpCounter.thop.vision,onnx_counter,,onnx_counter_reducemean,15,5,2
Lyken17_pytorch-OpCounter.thop.vision,onnx_counter,,onnx_counter_sub,6,1,2
Lyken17_pytorch-OpCounter.thop.vision,onnx_counter,,onnx_counter_pow,9,2,2
Lyken17_pytorch-OpCounter.thop.vision,onnx_counter,,onnx_counter_sqrt,6,1,2
Lyken17_pytorch-OpCounter.thop.vision,onnx_counter,,onnx_counter_div,9,2,2
Lyken17_pytorch-OpCounter.thop.vision,onnx_counter,,onnx_counter_instance,6,1,2
Lyken17_pytorch-OpCounter.thop.vision,onnx_counter,,onnx_counter_softmax,9,1,2
Lyken17_pytorch-OpCounter.thop.vision,onnx_counter,,onnx_counter_pad,6,1,2
Lyken17_pytorch-OpCounter.thop.vision,onnx_counter,,onnx_counter_averagepool,25,9,2
Lyken17_pytorch-OpCounter.thop.vision,onnx_counter,,onnx_counter_flatten,7,1,2
Lyken17_pytorch-OpCounter.thop.vision,onnx_counter,,onnx_counter_gemm,8,1,2
Lyken17_pytorch-OpCounter.thop.vision,onnx_counter,,onnx_counter_maxpool,25,9,2
Lyken17_pytorch-OpCounter.thop.vision,onnx_counter,,onnx_counter_globalaveragepool,6,1,2
Lyken17_pytorch-OpCounter.thop.vision,onnx_counter,,onnx_counter_concat,10,2,2
Lyken17_pytorch-OpCounter.thop.vision,onnx_counter,,onnx_counter_clip,6,1,2
