Package,Module,Class,Smell,Function/Method,Line no,File,Details
hysts_pytorch_image_classification,train,,Complex method,train,107 - 242,/Volumes/BrokeExt/NICHE/hysts_pytorch_image_classification/train.py,"Method 'train' has a cyclomatic complexity of 20, exceeding the max of 6."
hysts_pytorch_image_classification,train,,Complex method,validate,245 - 324,/Volumes/BrokeExt/NICHE/hysts_pytorch_image_classification/train.py,"Method 'validate' has a cyclomatic complexity of 12, exceeding the max of 6."
hysts_pytorch_image_classification,train,,Complex method,main,327 - 445,/Volumes/BrokeExt/NICHE/hysts_pytorch_image_classification/train.py,"Method 'main' has a cyclomatic complexity of 21, exceeding the max of 6."
hysts_pytorch_image_classification,train,,Long method,train,107 - 242,/Volumes/BrokeExt/NICHE/hysts_pytorch_image_classification/train.py,Method 'train' is too long (130 lines).
hysts_pytorch_image_classification,train,,Long method,validate,245 - 324,/Volumes/BrokeExt/NICHE/hysts_pytorch_image_classification/train.py,Method 'validate' is too long (75 lines).
hysts_pytorch_image_classification,train,,Long method,main,327 - 445,/Volumes/BrokeExt/NICHE/hysts_pytorch_image_classification/train.py,Method 'main' is too long (103 lines).
hysts_pytorch_image_classification,train,,Long parameter list,train,107 - 242,/Volumes/BrokeExt/NICHE/hysts_pytorch_image_classification/train.py,"train has 10 parameters, exceeding the max of 5."
hysts_pytorch_image_classification,train,,Long parameter list,validate,245 - 324,/Volumes/BrokeExt/NICHE/hysts_pytorch_image_classification/train.py,"validate has 7 parameters, exceeding the max of 5."
hysts_pytorch_image_classification,train,,Long statement,subdivide_batch,82,/Volumes/BrokeExt/NICHE/hysts_pytorch_image_classification/train.py,A line with 125 chars in subdivide_batch exceeds the maximum length of 120 characters.
hysts_pytorch_image_classification,train,,Long statement,train,213,/Volumes/BrokeExt/NICHE/hysts_pytorch_image_classification/train.py,A line with 246 chars in train exceeds the maximum length of 120 characters.
hysts_pytorch_image_classification,train,,Long statement,main,339,/Volumes/BrokeExt/NICHE/hysts_pytorch_image_classification/train.py,A line with 176 chars in main exceeds the maximum length of 120 characters.
hysts_pytorch_image_classification,train,,Long statement,main,381,/Volumes/BrokeExt/NICHE/hysts_pytorch_image_classification/train.py,A line with 129 chars in main exceeds the maximum length of 120 characters.
hysts_pytorch_image_classification,train,,Long statement,main,424,/Volumes/BrokeExt/NICHE/hysts_pytorch_image_classification/train.py,A line with 124 chars in main exceeds the maximum length of 120 characters.
hysts_pytorch_image_classification,train,,Magic number,train,142,/Volumes/BrokeExt/NICHE/hysts_pytorch_image_classification/train.py,Magic number 2 used in train.
hysts_pytorch_image_classification.pytorch_image_classification.collators,cutmix,CutMixCollator,Long message chain,__init__,37,/Volumes/BrokeExt/NICHE/hysts_pytorch_image_classification/pytorch_image_classification/collators/cutmix.py,"A long message chain has 4 attributes/calls chained together, more than the recommended 3 in the following statement: self.alpha = config.augmentation.cutmix.alpha."
hysts_pytorch_image_classification.pytorch_image_classification.collators,cutmix,,Magic number,cutmix,19,/Volumes/BrokeExt/NICHE/hysts_pytorch_image_classification/pytorch_image_classification/collators/cutmix.py,Magic number 2 used in cutmix.
hysts_pytorch_image_classification.pytorch_image_classification.collators,mixup,MixupCollator,Long message chain,__init__,25,/Volumes/BrokeExt/NICHE/hysts_pytorch_image_classification/pytorch_image_classification/collators/mixup.py,"A long message chain has 4 attributes/calls chained together, more than the recommended 3 in the following statement: self.alpha = config.augmentation.mixup.alpha."
hysts_pytorch_image_classification.pytorch_image_classification.collators,ricap,RICAPCollator,Long message chain,__init__,40,/Volumes/BrokeExt/NICHE/hysts_pytorch_image_classification/pytorch_image_classification/collators/ricap.py,"A long message chain has 4 attributes/calls chained together, more than the recommended 3 in the following statement: self.beta = config.augmentation.ricap.beta."
hysts_pytorch_image_classification.pytorch_image_classification.collators,ricap,,Magic number,ricap,12,/Volumes/BrokeExt/NICHE/hysts_pytorch_image_classification/pytorch_image_classification/collators/ricap.py,Magic number 2 used in ricap.
hysts_pytorch_image_classification.pytorch_image_classification.config,__init__,,Magic number,update_config,10,/Volumes/BrokeExt/NICHE/hysts_pytorch_image_classification/pytorch_image_classification/config/__init__.py,Magic number 32 used in update_config.
hysts_pytorch_image_classification.pytorch_image_classification.config,__init__,,Magic number,update_config,11,/Volumes/BrokeExt/NICHE/hysts_pytorch_image_classification/pytorch_image_classification/config/__init__.py,Magic number 3 used in update_config.
hysts_pytorch_image_classification.pytorch_image_classification.config,__init__,,Magic number,update_config,16,/Volumes/BrokeExt/NICHE/hysts_pytorch_image_classification/pytorch_image_classification/config/__init__.py,Magic number 28 used in update_config.
hysts_pytorch_image_classification.pytorch_image_classification.config,__init__,,Magic number,update_config,18,/Volumes/BrokeExt/NICHE/hysts_pytorch_image_classification/pytorch_image_classification/config/__init__.py,Magic number 10 used in update_config.
hysts_pytorch_image_classification.pytorch_image_classification.datasets,dataloader,,Long method,create_dataloader,18 - 75,/Volumes/BrokeExt/NICHE/hysts_pytorch_image_classification/pytorch_image_classification/datasets/dataloader.py,Method 'create_dataloader' is too long (56 lines).
hysts_pytorch_image_classification.pytorch_image_classification.datasets,dataloader,,Long statement,create_dataloader,37,/Volumes/BrokeExt/NICHE/hysts_pytorch_image_classification/pytorch_image_classification/datasets/dataloader.py,A line with 155 chars in create_dataloader exceeds the maximum length of 120 characters.
hysts_pytorch_image_classification.pytorch_image_classification.datasets,dataloader,,Long statement,create_dataloader,41,/Volumes/BrokeExt/NICHE/hysts_pytorch_image_classification/pytorch_image_classification/datasets/dataloader.py,A line with 246 chars in create_dataloader exceeds the maximum length of 120 characters.
hysts_pytorch_image_classification.pytorch_image_classification.datasets,dataloader,,Long statement,create_dataloader,49,/Volumes/BrokeExt/NICHE/hysts_pytorch_image_classification/pytorch_image_classification/datasets/dataloader.py,A line with 161 chars in create_dataloader exceeds the maximum length of 120 characters.
hysts_pytorch_image_classification.pytorch_image_classification.datasets,dataloader,,Long statement,create_dataloader,53,/Volumes/BrokeExt/NICHE/hysts_pytorch_image_classification/pytorch_image_classification/datasets/dataloader.py,A line with 223 chars in create_dataloader exceeds the maximum length of 120 characters.
hysts_pytorch_image_classification.pytorch_image_classification.datasets,dataloader,,Long statement,create_dataloader,67,/Volumes/BrokeExt/NICHE/hysts_pytorch_image_classification/pytorch_image_classification/datasets/dataloader.py,A line with 228 chars in create_dataloader exceeds the maximum length of 120 characters.
hysts_pytorch_image_classification.pytorch_image_classification.datasets,datasets,,Long method,create_dataset,29 - 87,/Volumes/BrokeExt/NICHE/hysts_pytorch_image_classification/pytorch_image_classification/datasets/datasets.py,Method 'create_dataset' is too long (58 lines).
hysts_pytorch_image_classification.pytorch_image_classification.losses,dual_cutout,DualCutoutLoss,Long message chain,__init__,9,/Volumes/BrokeExt/NICHE/hysts_pytorch_image_classification/pytorch_image_classification/losses/dual_cutout.py,"A long message chain has 4 attributes/calls chained together, more than the recommended 3 in the following statement: self.alpha = config.augmentation.cutout.dual_cutout_alpha."
hysts_pytorch_image_classification.pytorch_image_classification.losses,dual_cutout,DualCutoutLoss,Long statement,__call__,15,/Volumes/BrokeExt/NICHE/hysts_pytorch_image_classification/pytorch_image_classification/losses/dual_cutout.py,A line with 152 chars in __call__ exceeds the maximum length of 120 characters.
hysts_pytorch_image_classification.pytorch_image_classification.losses,dual_cutout,DualCutoutLoss,Magic number,__call__,16,/Volumes/BrokeExt/NICHE/hysts_pytorch_image_classification/pytorch_image_classification/losses/dual_cutout.py,Magic number 0.5 used in __call__.
hysts_pytorch_image_classification.pytorch_image_classification.losses,label_smoothing,LabelSmoothingLoss,Long message chain,__init__,29,/Volumes/BrokeExt/NICHE/hysts_pytorch_image_classification/pytorch_image_classification/losses/label_smoothing.py,"A long message chain has 4 attributes/calls chained together, more than the recommended 3 in the following statement: self.epsilon = config.augmentation.label_smoothing.epsilon."
hysts_pytorch_image_classification.pytorch_image_classification.models,__init__,,Long message chain,apply_data_parallel_wrapper,21,/Volumes/BrokeExt/NICHE/hysts_pytorch_image_classification/pytorch_image_classification/models/__init__.py,"A long message chain has 4 attributes/calls chained together, more than the recommended 3 in the following statement: local_rank = config.train.dist.local_rank."
hysts_pytorch_image_classification.pytorch_image_classification.models,initializer,,Magic number,create_initializer,8,/Volumes/BrokeExt/NICHE/hysts_pytorch_image_classification/pytorch_image_classification/models/initializer.py,Magic number 8 used in create_initializer.
hysts_pytorch_image_classification.pytorch_image_classification.models.cifar,densenet,Network,Long method,__init__,98 - 157,/Volumes/BrokeExt/NICHE/hysts_pytorch_image_classification/pytorch_image_classification/models/cifar/densenet.py,Method '__init__' is too long (51 lines).
hysts_pytorch_image_classification.pytorch_image_classification.models.cifar,densenet,Network,Long statement,__init__,146,/Volumes/BrokeExt/NICHE/hysts_pytorch_image_classification/pytorch_image_classification/models/cifar/densenet.py,A line with 131 chars in __init__ exceeds the maximum length of 120 characters.
hysts_pytorch_image_classification.pytorch_image_classification.models.cifar,densenet,Network,Long statement,_make_stage,162,/Volumes/BrokeExt/NICHE/hysts_pytorch_image_classification/pytorch_image_classification/models/cifar/densenet.py,A line with 124 chars in _make_stage exceeds the maximum length of 120 characters.
hysts_pytorch_image_classification.pytorch_image_classification.models.cifar,densenet,BottleneckBlock,Magic number,__init__,38,/Volumes/BrokeExt/NICHE/hysts_pytorch_image_classification/pytorch_image_classification/models/cifar/densenet.py,Magic number 4 used in __init__.
hysts_pytorch_image_classification.pytorch_image_classification.models.cifar,densenet,Network,Magic number,__init__,111,/Volumes/BrokeExt/NICHE/hysts_pytorch_image_classification/pytorch_image_classification/models/cifar/densenet.py,Magic number 3 used in __init__.
hysts_pytorch_image_classification.pytorch_image_classification.models.cifar,densenet,Network,Magic number,__init__,115,/Volumes/BrokeExt/NICHE/hysts_pytorch_image_classification/pytorch_image_classification/models/cifar/densenet.py,Magic number 6 used in __init__.
hysts_pytorch_image_classification.pytorch_image_classification.models.cifar,densenet,Network,Magic number,__init__,118,/Volumes/BrokeExt/NICHE/hysts_pytorch_image_classification/pytorch_image_classification/models/cifar/densenet.py,Magic number 2 used in __init__.
hysts_pytorch_image_classification.pytorch_image_classification.models.cifar,densenet,Network,Magic number,__init__,123,/Volumes/BrokeExt/NICHE/hysts_pytorch_image_classification/pytorch_image_classification/models/cifar/densenet.py,Magic number 2 used in __init__.
hysts_pytorch_image_classification.pytorch_image_classification.models.cifar,densenet,Network,Magic number,__init__,111,/Volumes/BrokeExt/NICHE/hysts_pytorch_image_classification/pytorch_image_classification/models/cifar/densenet.py,Magic number 4 used in __init__.
hysts_pytorch_image_classification.pytorch_image_classification.models.cifar,densenet,Network,Magic number,__init__,112,/Volumes/BrokeExt/NICHE/hysts_pytorch_image_classification/pytorch_image_classification/models/cifar/densenet.py,Magic number 4 used in __init__.
hysts_pytorch_image_classification.pytorch_image_classification.models.cifar,densenet,Network,Magic number,__init__,115,/Volumes/BrokeExt/NICHE/hysts_pytorch_image_classification/pytorch_image_classification/models/cifar/densenet.py,Magic number 4 used in __init__.
hysts_pytorch_image_classification.pytorch_image_classification.models.cifar,densenet,Network,Magic number,__init__,116,/Volumes/BrokeExt/NICHE/hysts_pytorch_image_classification/pytorch_image_classification/models/cifar/densenet.py,Magic number 4 used in __init__.
hysts_pytorch_image_classification.pytorch_image_classification.models.cifar,densenet,Network,Magic number,__init__,112,/Volumes/BrokeExt/NICHE/hysts_pytorch_image_classification/pytorch_image_classification/models/cifar/densenet.py,Magic number 3 used in __init__.
hysts_pytorch_image_classification.pytorch_image_classification.models.cifar,densenet,Network,Magic number,__init__,116,/Volumes/BrokeExt/NICHE/hysts_pytorch_image_classification/pytorch_image_classification/models/cifar/densenet.py,Magic number 6 used in __init__.
hysts_pytorch_image_classification.pytorch_image_classification.models.cifar,pyramidnet,Network,Long method,__init__,111 - 174,/Volumes/BrokeExt/NICHE/hysts_pytorch_image_classification/pytorch_image_classification/models/cifar/pyramidnet.py,Method '__init__' is too long (53 lines).
hysts_pytorch_image_classification.pytorch_image_classification.models.cifar,pyramidnet,Network,Long statement,__init__,149,/Volumes/BrokeExt/NICHE/hysts_pytorch_image_classification/pytorch_image_classification/models/cifar/pyramidnet.py,A line with 130 chars in __init__ exceeds the maximum length of 120 characters.
hysts_pytorch_image_classification.pytorch_image_classification.models.cifar,pyramidnet,Network,Long statement,__init__,163,/Volumes/BrokeExt/NICHE/hysts_pytorch_image_classification/pytorch_image_classification/models/cifar/pyramidnet.py,A line with 131 chars in __init__ exceeds the maximum length of 120 characters.
hysts_pytorch_image_classification.pytorch_image_classification.models.cifar,pyramidnet,Network,Magic number,__init__,123,/Volumes/BrokeExt/NICHE/hysts_pytorch_image_classification/pytorch_image_classification/models/cifar/pyramidnet.py,Magic number 6 used in __init__.
hysts_pytorch_image_classification.pytorch_image_classification.models.cifar,pyramidnet,Network,Magic number,__init__,127,/Volumes/BrokeExt/NICHE/hysts_pytorch_image_classification/pytorch_image_classification/models/cifar/pyramidnet.py,Magic number 9 used in __init__.
hysts_pytorch_image_classification.pytorch_image_classification.models.cifar,pyramidnet,Network,Magic number,__init__,123,/Volumes/BrokeExt/NICHE/hysts_pytorch_image_classification/pytorch_image_classification/models/cifar/pyramidnet.py,Magic number 2 used in __init__.
hysts_pytorch_image_classification.pytorch_image_classification.models.cifar,pyramidnet,Network,Magic number,__init__,124,/Volumes/BrokeExt/NICHE/hysts_pytorch_image_classification/pytorch_image_classification/models/cifar/pyramidnet.py,Magic number 2 used in __init__.
hysts_pytorch_image_classification.pytorch_image_classification.models.cifar,pyramidnet,Network,Magic number,__init__,127,/Volumes/BrokeExt/NICHE/hysts_pytorch_image_classification/pytorch_image_classification/models/cifar/pyramidnet.py,Magic number 2 used in __init__.
hysts_pytorch_image_classification.pytorch_image_classification.models.cifar,pyramidnet,Network,Magic number,__init__,128,/Volumes/BrokeExt/NICHE/hysts_pytorch_image_classification/pytorch_image_classification/models/cifar/pyramidnet.py,Magic number 2 used in __init__.
hysts_pytorch_image_classification.pytorch_image_classification.models.cifar,pyramidnet,Network,Magic number,__init__,124,/Volumes/BrokeExt/NICHE/hysts_pytorch_image_classification/pytorch_image_classification/models/cifar/pyramidnet.py,Magic number 6 used in __init__.
hysts_pytorch_image_classification.pytorch_image_classification.models.cifar,pyramidnet,Network,Magic number,__init__,128,/Volumes/BrokeExt/NICHE/hysts_pytorch_image_classification/pytorch_image_classification/models/cifar/pyramidnet.py,Magic number 9 used in __init__.
hysts_pytorch_image_classification.pytorch_image_classification.models.cifar,pyramidnet,Network,Magic number,__init__,132,/Volumes/BrokeExt/NICHE/hysts_pytorch_image_classification/pytorch_image_classification/models/cifar/pyramidnet.py,Magic number 3 used in __init__.
hysts_pytorch_image_classification.pytorch_image_classification.models.cifar,resnet,Network,Long method,__init__,107 - 168,/Volumes/BrokeExt/NICHE/hysts_pytorch_image_classification/pytorch_image_classification/models/cifar/resnet.py,Method '__init__' is too long (52 lines).
hysts_pytorch_image_classification.pytorch_image_classification.models.cifar,resnet,BasicBlock,Long statement,__init__,32,/Volumes/BrokeExt/NICHE/hysts_pytorch_image_classification/pytorch_image_classification/models/cifar/resnet.py,A line with 123 chars in __init__ exceeds the maximum length of 120 characters.
hysts_pytorch_image_classification.pytorch_image_classification.models.cifar,resnet,BottleneckBlock,Long statement,__init__,86,/Volumes/BrokeExt/NICHE/hysts_pytorch_image_classification/pytorch_image_classification/models/cifar/resnet.py,A line with 123 chars in __init__ exceeds the maximum length of 120 characters.
hysts_pytorch_image_classification.pytorch_image_classification.models.cifar,resnet,Network,Long statement,__init__,157,/Volumes/BrokeExt/NICHE/hysts_pytorch_image_classification/pytorch_image_classification/models/cifar/resnet.py,A line with 131 chars in __init__ exceeds the maximum length of 120 characters.
hysts_pytorch_image_classification.pytorch_image_classification.models.cifar,resnet,Network,Magic number,__init__,118,/Volumes/BrokeExt/NICHE/hysts_pytorch_image_classification/pytorch_image_classification/models/cifar/resnet.py,Magic number 6 used in __init__.
hysts_pytorch_image_classification.pytorch_image_classification.models.cifar,resnet,Network,Magic number,__init__,122,/Volumes/BrokeExt/NICHE/hysts_pytorch_image_classification/pytorch_image_classification/models/cifar/resnet.py,Magic number 9 used in __init__.
hysts_pytorch_image_classification.pytorch_image_classification.models.cifar,resnet,Network,Magic number,__init__,118,/Volumes/BrokeExt/NICHE/hysts_pytorch_image_classification/pytorch_image_classification/models/cifar/resnet.py,Magic number 2 used in __init__.
hysts_pytorch_image_classification.pytorch_image_classification.models.cifar,resnet,Network,Magic number,__init__,119,/Volumes/BrokeExt/NICHE/hysts_pytorch_image_classification/pytorch_image_classification/models/cifar/resnet.py,Magic number 2 used in __init__.
hysts_pytorch_image_classification.pytorch_image_classification.models.cifar,resnet,Network,Magic number,__init__,122,/Volumes/BrokeExt/NICHE/hysts_pytorch_image_classification/pytorch_image_classification/models/cifar/resnet.py,Magic number 2 used in __init__.
hysts_pytorch_image_classification.pytorch_image_classification.models.cifar,resnet,Network,Magic number,__init__,123,/Volumes/BrokeExt/NICHE/hysts_pytorch_image_classification/pytorch_image_classification/models/cifar/resnet.py,Magic number 2 used in __init__.
hysts_pytorch_image_classification.pytorch_image_classification.models.cifar,resnet,Network,Magic number,__init__,127,/Volumes/BrokeExt/NICHE/hysts_pytorch_image_classification/pytorch_image_classification/models/cifar/resnet.py,Magic number 2 used in __init__.
hysts_pytorch_image_classification.pytorch_image_classification.models.cifar,resnet,Network,Magic number,__init__,128,/Volumes/BrokeExt/NICHE/hysts_pytorch_image_classification/pytorch_image_classification/models/cifar/resnet.py,Magic number 4 used in __init__.
hysts_pytorch_image_classification.pytorch_image_classification.models.cifar,resnet,Network,Magic number,__init__,119,/Volumes/BrokeExt/NICHE/hysts_pytorch_image_classification/pytorch_image_classification/models/cifar/resnet.py,Magic number 6 used in __init__.
hysts_pytorch_image_classification.pytorch_image_classification.models.cifar,resnet,Network,Magic number,__init__,123,/Volumes/BrokeExt/NICHE/hysts_pytorch_image_classification/pytorch_image_classification/models/cifar/resnet.py,Magic number 9 used in __init__.
hysts_pytorch_image_classification.pytorch_image_classification.models.cifar,resnet_preact,BottleneckBlock,Long method,__init__,80 - 131,/Volumes/BrokeExt/NICHE/hysts_pytorch_image_classification/pytorch_image_classification/models/cifar/resnet_preact.py,Method '__init__' is too long (41 lines).
hysts_pytorch_image_classification.pytorch_image_classification.models.cifar,resnet_preact,Network,Long method,__init__,158 - 225,/Volumes/BrokeExt/NICHE/hysts_pytorch_image_classification/pytorch_image_classification/models/cifar/resnet_preact.py,Method '__init__' is too long (58 lines).
hysts_pytorch_image_classification.pytorch_image_classification.models.cifar,resnet_preact,BasicBlock,Long parameter list,__init__,11 - 53,/Volumes/BrokeExt/NICHE/hysts_pytorch_image_classification/pytorch_image_classification/models/cifar/resnet_preact.py,"__init__ has 6 parameters, exceeding the max of 5."
hysts_pytorch_image_classification.pytorch_image_classification.models.cifar,resnet_preact,BottleneckBlock,Long parameter list,__init__,80 - 131,/Volumes/BrokeExt/NICHE/hysts_pytorch_image_classification/pytorch_image_classification/models/cifar/resnet_preact.py,"__init__ has 6 parameters, exceeding the max of 5."
hysts_pytorch_image_classification.pytorch_image_classification.models.cifar,resnet_preact,Network,Long parameter list,_make_stage,227 - 250,/Volumes/BrokeExt/NICHE/hysts_pytorch_image_classification/pytorch_image_classification/models/cifar/resnet_preact.py,"_make_stage has 6 parameters, exceeding the max of 5."
hysts_pytorch_image_classification.pytorch_image_classification.models.cifar,resnet_preact,BasicBlock,Long statement,__init__,45,/Volumes/BrokeExt/NICHE/hysts_pytorch_image_classification/pytorch_image_classification/models/cifar/resnet_preact.py,A line with 123 chars in __init__ exceeds the maximum length of 120 characters.
hysts_pytorch_image_classification.pytorch_image_classification.models.cifar,resnet_preact,BottleneckBlock,Long statement,__init__,123,/Volumes/BrokeExt/NICHE/hysts_pytorch_image_classification/pytorch_image_classification/models/cifar/resnet_preact.py,A line with 123 chars in __init__ exceeds the maximum length of 120 characters.
hysts_pytorch_image_classification.pytorch_image_classification.models.cifar,resnet_preact,Network,Long statement,__init__,192,/Volumes/BrokeExt/NICHE/hysts_pytorch_image_classification/pytorch_image_classification/models/cifar/resnet_preact.py,A line with 121 chars in __init__ exceeds the maximum length of 120 characters.
hysts_pytorch_image_classification.pytorch_image_classification.models.cifar,resnet_preact,Network,Long statement,__init__,198,/Volumes/BrokeExt/NICHE/hysts_pytorch_image_classification/pytorch_image_classification/models/cifar/resnet_preact.py,A line with 121 chars in __init__ exceeds the maximum length of 120 characters.
hysts_pytorch_image_classification.pytorch_image_classification.models.cifar,resnet_preact,Network,Long statement,__init__,204,/Volumes/BrokeExt/NICHE/hysts_pytorch_image_classification/pytorch_image_classification/models/cifar/resnet_preact.py,A line with 121 chars in __init__ exceeds the maximum length of 120 characters.
hysts_pytorch_image_classification.pytorch_image_classification.models.cifar,resnet_preact,Network,Long statement,__init__,214,/Volumes/BrokeExt/NICHE/hysts_pytorch_image_classification/pytorch_image_classification/models/cifar/resnet_preact.py,A line with 131 chars in __init__ exceeds the maximum length of 120 characters.
hysts_pytorch_image_classification.pytorch_image_classification.models.cifar,resnet_preact,Network,Long statement,_make_stage,233,/Volumes/BrokeExt/NICHE/hysts_pytorch_image_classification/pytorch_image_classification/models/cifar/resnet_preact.py,A line with 166 chars in _make_stage exceeds the maximum length of 120 characters.
hysts_pytorch_image_classification.pytorch_image_classification.models.cifar,resnet_preact,Network,Long statement,_make_stage,242,/Volumes/BrokeExt/NICHE/hysts_pytorch_image_classification/pytorch_image_classification/models/cifar/resnet_preact.py,A line with 161 chars in _make_stage exceeds the maximum length of 120 characters.
hysts_pytorch_image_classification.pytorch_image_classification.models.cifar,resnet_preact,Network,Magic number,__init__,172,/Volumes/BrokeExt/NICHE/hysts_pytorch_image_classification/pytorch_image_classification/models/cifar/resnet_preact.py,Magic number 6 used in __init__.
hysts_pytorch_image_classification.pytorch_image_classification.models.cifar,resnet_preact,Network,Magic number,__init__,176,/Volumes/BrokeExt/NICHE/hysts_pytorch_image_classification/pytorch_image_classification/models/cifar/resnet_preact.py,Magic number 9 used in __init__.
hysts_pytorch_image_classification.pytorch_image_classification.models.cifar,resnet_preact,Network,Magic number,__init__,172,/Volumes/BrokeExt/NICHE/hysts_pytorch_image_classification/pytorch_image_classification/models/cifar/resnet_preact.py,Magic number 2 used in __init__.
hysts_pytorch_image_classification.pytorch_image_classification.models.cifar,resnet_preact,Network,Magic number,__init__,173,/Volumes/BrokeExt/NICHE/hysts_pytorch_image_classification/pytorch_image_classification/models/cifar/resnet_preact.py,Magic number 2 used in __init__.
hysts_pytorch_image_classification.pytorch_image_classification.models.cifar,resnet_preact,Network,Magic number,__init__,176,/Volumes/BrokeExt/NICHE/hysts_pytorch_image_classification/pytorch_image_classification/models/cifar/resnet_preact.py,Magic number 2 used in __init__.
hysts_pytorch_image_classification.pytorch_image_classification.models.cifar,resnet_preact,Network,Magic number,__init__,177,/Volumes/BrokeExt/NICHE/hysts_pytorch_image_classification/pytorch_image_classification/models/cifar/resnet_preact.py,Magic number 2 used in __init__.
hysts_pytorch_image_classification.pytorch_image_classification.models.cifar,resnet_preact,Network,Magic number,__init__,181,/Volumes/BrokeExt/NICHE/hysts_pytorch_image_classification/pytorch_image_classification/models/cifar/resnet_preact.py,Magic number 2 used in __init__.
hysts_pytorch_image_classification.pytorch_image_classification.models.cifar,resnet_preact,Network,Magic number,__init__,182,/Volumes/BrokeExt/NICHE/hysts_pytorch_image_classification/pytorch_image_classification/models/cifar/resnet_preact.py,Magic number 4 used in __init__.
hysts_pytorch_image_classification.pytorch_image_classification.models.cifar,resnet_preact,Network,Magic number,__init__,173,/Volumes/BrokeExt/NICHE/hysts_pytorch_image_classification/pytorch_image_classification/models/cifar/resnet_preact.py,Magic number 6 used in __init__.
hysts_pytorch_image_classification.pytorch_image_classification.models.cifar,resnet_preact,Network,Magic number,__init__,177,/Volumes/BrokeExt/NICHE/hysts_pytorch_image_classification/pytorch_image_classification/models/cifar/resnet_preact.py,Magic number 9 used in __init__.
hysts_pytorch_image_classification.pytorch_image_classification.models.cifar,resnext,Network,Long method,__init__,66 - 123,/Volumes/BrokeExt/NICHE/hysts_pytorch_image_classification/pytorch_image_classification/models/cifar/resnext.py,Method '__init__' is too long (48 lines).
hysts_pytorch_image_classification.pytorch_image_classification.models.cifar,resnext,BottleneckBlock,Long parameter list,__init__,11 - 54,/Volumes/BrokeExt/NICHE/hysts_pytorch_image_classification/pytorch_image_classification/models/cifar/resnext.py,"__init__ has 6 parameters, exceeding the max of 5."
hysts_pytorch_image_classification.pytorch_image_classification.models.cifar,resnext,BottleneckBlock,Long statement,__init__,25,/Volumes/BrokeExt/NICHE/hysts_pytorch_image_classification/pytorch_image_classification/models/cifar/resnext.py,A line with 137 chars in __init__ exceeds the maximum length of 120 characters.
hysts_pytorch_image_classification.pytorch_image_classification.models.cifar,resnext,BottleneckBlock,Long statement,__init__,45,/Volumes/BrokeExt/NICHE/hysts_pytorch_image_classification/pytorch_image_classification/models/cifar/resnext.py,A line with 123 chars in __init__ exceeds the maximum length of 120 characters.
hysts_pytorch_image_classification.pytorch_image_classification.models.cifar,resnext,Network,Long statement,__init__,79,/Volumes/BrokeExt/NICHE/hysts_pytorch_image_classification/pytorch_image_classification/models/cifar/resnext.py,A line with 157 chars in __init__ exceeds the maximum length of 120 characters.
hysts_pytorch_image_classification.pytorch_image_classification.models.cifar,resnext,Network,Long statement,__init__,112,/Volumes/BrokeExt/NICHE/hysts_pytorch_image_classification/pytorch_image_classification/models/cifar/resnext.py,A line with 131 chars in __init__ exceeds the maximum length of 120 characters.
hysts_pytorch_image_classification.pytorch_image_classification.models.cifar,resnext,Network,Long statement,_make_stage,131,/Volumes/BrokeExt/NICHE/hysts_pytorch_image_classification/pytorch_image_classification/models/cifar/resnext.py,A line with 131 chars in _make_stage exceeds the maximum length of 120 characters.
hysts_pytorch_image_classification.pytorch_image_classification.models.cifar,resnext,Network,Long statement,_make_stage,141,/Volumes/BrokeExt/NICHE/hysts_pytorch_image_classification/pytorch_image_classification/models/cifar/resnext.py,A line with 127 chars in _make_stage exceeds the maximum length of 120 characters.
hysts_pytorch_image_classification.pytorch_image_classification.models.cifar,resnext,BottleneckBlock,Magic number,__init__,15,/Volumes/BrokeExt/NICHE/hysts_pytorch_image_classification/pytorch_image_classification/models/cifar/resnext.py,Magic number 2 used in __init__.
hysts_pytorch_image_classification.pytorch_image_classification.models.cifar,resnext,Network,Magic number,__init__,75,/Volumes/BrokeExt/NICHE/hysts_pytorch_image_classification/pytorch_image_classification/models/cifar/resnext.py,Magic number 9 used in __init__.
hysts_pytorch_image_classification.pytorch_image_classification.models.cifar,resnext,Network,Magic number,__init__,75,/Volumes/BrokeExt/NICHE/hysts_pytorch_image_classification/pytorch_image_classification/models/cifar/resnext.py,Magic number 2 used in __init__.
hysts_pytorch_image_classification.pytorch_image_classification.models.cifar,resnext,Network,Magic number,__init__,76,/Volumes/BrokeExt/NICHE/hysts_pytorch_image_classification/pytorch_image_classification/models/cifar/resnext.py,Magic number 2 used in __init__.
hysts_pytorch_image_classification.pytorch_image_classification.models.cifar,resnext,Network,Magic number,__init__,76,/Volumes/BrokeExt/NICHE/hysts_pytorch_image_classification/pytorch_image_classification/models/cifar/resnext.py,Magic number 9 used in __init__.
hysts_pytorch_image_classification.pytorch_image_classification.models.cifar,resnext,Network,Magic number,__init__,82,/Volumes/BrokeExt/NICHE/hysts_pytorch_image_classification/pytorch_image_classification/models/cifar/resnext.py,Magic number 2 used in __init__.
hysts_pytorch_image_classification.pytorch_image_classification.models.cifar,resnext,Network,Magic number,__init__,83,/Volumes/BrokeExt/NICHE/hysts_pytorch_image_classification/pytorch_image_classification/models/cifar/resnext.py,Magic number 4 used in __init__.
hysts_pytorch_image_classification.pytorch_image_classification.models.cifar,se_resnet_preact,Network,Long message chain,__init__,198,/Volumes/BrokeExt/NICHE/hysts_pytorch_image_classification/pytorch_image_classification/models/cifar/se_resnet_preact.py,"A long message chain has 4 attributes/calls chained together, more than the recommended 3 in the following statement: initial_channels = config.model.se_resnet_preact.initial_channels."
hysts_pytorch_image_classification.pytorch_image_classification.models.cifar,se_resnet_preact,Network,Long message chain,__init__,199,/Volumes/BrokeExt/NICHE/hysts_pytorch_image_classification/pytorch_image_classification/models/cifar/se_resnet_preact.py,"A long message chain has 4 attributes/calls chained together, more than the recommended 3 in the following statement: block_type = config.model.se_resnet_preact.block_type."
hysts_pytorch_image_classification.pytorch_image_classification.models.cifar,se_resnet_preact,Network,Long message chain,__init__,200,/Volumes/BrokeExt/NICHE/hysts_pytorch_image_classification/pytorch_image_classification/models/cifar/se_resnet_preact.py,"A long message chain has 4 attributes/calls chained together, more than the recommended 3 in the following statement: depth = config.model.se_resnet_preact.depth."
hysts_pytorch_image_classification.pytorch_image_classification.models.cifar,se_resnet_preact,Network,Long message chain,__init__,201,/Volumes/BrokeExt/NICHE/hysts_pytorch_image_classification/pytorch_image_classification/models/cifar/se_resnet_preact.py,"A long message chain has 4 attributes/calls chained together, more than the recommended 3 in the following statement: self._remove_first_relu = config.model.se_resnet_preact.remove_first_relu."
hysts_pytorch_image_classification.pytorch_image_classification.models.cifar,se_resnet_preact,Network,Long message chain,__init__,202,/Volumes/BrokeExt/NICHE/hysts_pytorch_image_classification/pytorch_image_classification/models/cifar/se_resnet_preact.py,"A long message chain has 4 attributes/calls chained together, more than the recommended 3 in the following statement: self._add_last_bn = config.model.se_resnet_preact.add_last_bn."
hysts_pytorch_image_classification.pytorch_image_classification.models.cifar,se_resnet_preact,Network,Long message chain,__init__,203,/Volumes/BrokeExt/NICHE/hysts_pytorch_image_classification/pytorch_image_classification/models/cifar/se_resnet_preact.py,"A long message chain has 4 attributes/calls chained together, more than the recommended 3 in the following statement: preact_stage = config.model.se_resnet_preact.preact_stage."
hysts_pytorch_image_classification.pytorch_image_classification.models.cifar,se_resnet_preact,Network,Long message chain,__init__,204,/Volumes/BrokeExt/NICHE/hysts_pytorch_image_classification/pytorch_image_classification/models/cifar/se_resnet_preact.py,"A long message chain has 4 attributes/calls chained together, more than the recommended 3 in the following statement: se_reduction = config.model.se_resnet_preact.se_reduction."
hysts_pytorch_image_classification.pytorch_image_classification.models.cifar,se_resnet_preact,BottleneckBlock,Long method,__init__,113 - 167,/Volumes/BrokeExt/NICHE/hysts_pytorch_image_classification/pytorch_image_classification/models/cifar/se_resnet_preact.py,Method '__init__' is too long (42 lines).
hysts_pytorch_image_classification.pytorch_image_classification.models.cifar,se_resnet_preact,Network,Long method,__init__,195 - 264,/Volumes/BrokeExt/NICHE/hysts_pytorch_image_classification/pytorch_image_classification/models/cifar/se_resnet_preact.py,Method '__init__' is too long (60 lines).
hysts_pytorch_image_classification.pytorch_image_classification.models.cifar,se_resnet_preact,BasicBlock,Long parameter list,__init__,40 - 85,/Volumes/BrokeExt/NICHE/hysts_pytorch_image_classification/pytorch_image_classification/models/cifar/se_resnet_preact.py,"__init__ has 7 parameters, exceeding the max of 5."
hysts_pytorch_image_classification.pytorch_image_classification.models.cifar,se_resnet_preact,BottleneckBlock,Long parameter list,__init__,113 - 167,/Volumes/BrokeExt/NICHE/hysts_pytorch_image_classification/pytorch_image_classification/models/cifar/se_resnet_preact.py,"__init__ has 7 parameters, exceeding the max of 5."
hysts_pytorch_image_classification.pytorch_image_classification.models.cifar,se_resnet_preact,Network,Long parameter list,_make_stage,266 - 291,/Volumes/BrokeExt/NICHE/hysts_pytorch_image_classification/pytorch_image_classification/models/cifar/se_resnet_preact.py,"_make_stage has 7 parameters, exceeding the max of 5."
hysts_pytorch_image_classification.pytorch_image_classification.models.cifar,se_resnet_preact,BasicBlock,Long statement,__init__,77,/Volumes/BrokeExt/NICHE/hysts_pytorch_image_classification/pytorch_image_classification/models/cifar/se_resnet_preact.py,A line with 123 chars in __init__ exceeds the maximum length of 120 characters.
hysts_pytorch_image_classification.pytorch_image_classification.models.cifar,se_resnet_preact,BottleneckBlock,Long statement,__init__,159,/Volumes/BrokeExt/NICHE/hysts_pytorch_image_classification/pytorch_image_classification/models/cifar/se_resnet_preact.py,A line with 123 chars in __init__ exceeds the maximum length of 120 characters.
hysts_pytorch_image_classification.pytorch_image_classification.models.cifar,se_resnet_preact,Network,Long statement,__init__,229,/Volumes/BrokeExt/NICHE/hysts_pytorch_image_classification/pytorch_image_classification/models/cifar/se_resnet_preact.py,A line with 148 chars in __init__ exceeds the maximum length of 120 characters.
hysts_pytorch_image_classification.pytorch_image_classification.models.cifar,se_resnet_preact,Network,Long statement,__init__,236,/Volumes/BrokeExt/NICHE/hysts_pytorch_image_classification/pytorch_image_classification/models/cifar/se_resnet_preact.py,A line with 148 chars in __init__ exceeds the maximum length of 120 characters.
hysts_pytorch_image_classification.pytorch_image_classification.models.cifar,se_resnet_preact,Network,Long statement,__init__,243,/Volumes/BrokeExt/NICHE/hysts_pytorch_image_classification/pytorch_image_classification/models/cifar/se_resnet_preact.py,A line with 148 chars in __init__ exceeds the maximum length of 120 characters.
hysts_pytorch_image_classification.pytorch_image_classification.models.cifar,se_resnet_preact,Network,Long statement,__init__,254,/Volumes/BrokeExt/NICHE/hysts_pytorch_image_classification/pytorch_image_classification/models/cifar/se_resnet_preact.py,A line with 131 chars in __init__ exceeds the maximum length of 120 characters.
hysts_pytorch_image_classification.pytorch_image_classification.models.cifar,se_resnet_preact,Network,Long statement,_make_stage,272,/Volumes/BrokeExt/NICHE/hysts_pytorch_image_classification/pytorch_image_classification/models/cifar/se_resnet_preact.py,A line with 193 chars in _make_stage exceeds the maximum length of 120 characters.
hysts_pytorch_image_classification.pytorch_image_classification.models.cifar,se_resnet_preact,Network,Long statement,_make_stage,282,/Volumes/BrokeExt/NICHE/hysts_pytorch_image_classification/pytorch_image_classification/models/cifar/se_resnet_preact.py,A line with 188 chars in _make_stage exceeds the maximum length of 120 characters.
hysts_pytorch_image_classification.pytorch_image_classification.models.cifar,se_resnet_preact,Network,Magic number,__init__,209,/Volumes/BrokeExt/NICHE/hysts_pytorch_image_classification/pytorch_image_classification/models/cifar/se_resnet_preact.py,Magic number 6 used in __init__.
hysts_pytorch_image_classification.pytorch_image_classification.models.cifar,se_resnet_preact,Network,Magic number,__init__,213,/Volumes/BrokeExt/NICHE/hysts_pytorch_image_classification/pytorch_image_classification/models/cifar/se_resnet_preact.py,Magic number 9 used in __init__.
hysts_pytorch_image_classification.pytorch_image_classification.models.cifar,se_resnet_preact,Network,Magic number,__init__,209,/Volumes/BrokeExt/NICHE/hysts_pytorch_image_classification/pytorch_image_classification/models/cifar/se_resnet_preact.py,Magic number 2 used in __init__.
hysts_pytorch_image_classification.pytorch_image_classification.models.cifar,se_resnet_preact,Network,Magic number,__init__,210,/Volumes/BrokeExt/NICHE/hysts_pytorch_image_classification/pytorch_image_classification/models/cifar/se_resnet_preact.py,Magic number 2 used in __init__.
hysts_pytorch_image_classification.pytorch_image_classification.models.cifar,se_resnet_preact,Network,Magic number,__init__,213,/Volumes/BrokeExt/NICHE/hysts_pytorch_image_classification/pytorch_image_classification/models/cifar/se_resnet_preact.py,Magic number 2 used in __init__.
hysts_pytorch_image_classification.pytorch_image_classification.models.cifar,se_resnet_preact,Network,Magic number,__init__,214,/Volumes/BrokeExt/NICHE/hysts_pytorch_image_classification/pytorch_image_classification/models/cifar/se_resnet_preact.py,Magic number 2 used in __init__.
hysts_pytorch_image_classification.pytorch_image_classification.models.cifar,se_resnet_preact,Network,Magic number,__init__,218,/Volumes/BrokeExt/NICHE/hysts_pytorch_image_classification/pytorch_image_classification/models/cifar/se_resnet_preact.py,Magic number 2 used in __init__.
hysts_pytorch_image_classification.pytorch_image_classification.models.cifar,se_resnet_preact,Network,Magic number,__init__,219,/Volumes/BrokeExt/NICHE/hysts_pytorch_image_classification/pytorch_image_classification/models/cifar/se_resnet_preact.py,Magic number 4 used in __init__.
hysts_pytorch_image_classification.pytorch_image_classification.models.cifar,se_resnet_preact,Network,Magic number,__init__,210,/Volumes/BrokeExt/NICHE/hysts_pytorch_image_classification/pytorch_image_classification/models/cifar/se_resnet_preact.py,Magic number 6 used in __init__.
hysts_pytorch_image_classification.pytorch_image_classification.models.cifar,se_resnet_preact,Network,Magic number,__init__,214,/Volumes/BrokeExt/NICHE/hysts_pytorch_image_classification/pytorch_image_classification/models/cifar/se_resnet_preact.py,Magic number 9 used in __init__.
hysts_pytorch_image_classification.pytorch_image_classification.models.cifar,shake_shake,Network,Long method,__init__,100 - 159,/Volumes/BrokeExt/NICHE/hysts_pytorch_image_classification/pytorch_image_classification/models/cifar/shake_shake.py,Method '__init__' is too long (50 lines).
hysts_pytorch_image_classification.pytorch_image_classification.models.cifar,shake_shake,Network,Long statement,__init__,148,/Volumes/BrokeExt/NICHE/hysts_pytorch_image_classification/pytorch_image_classification/models/cifar/shake_shake.py,A line with 131 chars in __init__ exceeds the maximum length of 120 characters.
hysts_pytorch_image_classification.pytorch_image_classification.models.cifar,shake_shake,Network,Magic number,__init__,113,/Volumes/BrokeExt/NICHE/hysts_pytorch_image_classification/pytorch_image_classification/models/cifar/shake_shake.py,Magic number 6 used in __init__.
hysts_pytorch_image_classification.pytorch_image_classification.models.cifar,shake_shake,Network,Magic number,__init__,113,/Volumes/BrokeExt/NICHE/hysts_pytorch_image_classification/pytorch_image_classification/models/cifar/shake_shake.py,Magic number 2 used in __init__.
hysts_pytorch_image_classification.pytorch_image_classification.models.cifar,shake_shake,Network,Magic number,__init__,114,/Volumes/BrokeExt/NICHE/hysts_pytorch_image_classification/pytorch_image_classification/models/cifar/shake_shake.py,Magic number 2 used in __init__.
hysts_pytorch_image_classification.pytorch_image_classification.models.cifar,shake_shake,Network,Magic number,__init__,118,/Volumes/BrokeExt/NICHE/hysts_pytorch_image_classification/pytorch_image_classification/models/cifar/shake_shake.py,Magic number 2 used in __init__.
hysts_pytorch_image_classification.pytorch_image_classification.models.cifar,shake_shake,Network,Magic number,__init__,119,/Volumes/BrokeExt/NICHE/hysts_pytorch_image_classification/pytorch_image_classification/models/cifar/shake_shake.py,Magic number 4 used in __init__.
hysts_pytorch_image_classification.pytorch_image_classification.models.cifar,shake_shake,Network,Magic number,__init__,114,/Volumes/BrokeExt/NICHE/hysts_pytorch_image_classification/pytorch_image_classification/models/cifar/shake_shake.py,Magic number 6 used in __init__.
hysts_pytorch_image_classification.pytorch_image_classification.models.cifar,vgg,Network,Long statement,__init__,29,/Volumes/BrokeExt/NICHE/hysts_pytorch_image_classification/pytorch_image_classification/models/cifar/vgg.py,A line with 131 chars in __init__ exceeds the maximum length of 120 characters.
hysts_pytorch_image_classification.pytorch_image_classification.models.cifar,wrn,Network,Long method,__init__,67 - 127,/Volumes/BrokeExt/NICHE/hysts_pytorch_image_classification/pytorch_image_classification/models/cifar/wrn.py,Method '__init__' is too long (51 lines).
hysts_pytorch_image_classification.pytorch_image_classification.models.cifar,wrn,Network,Long parameter list,_make_stage,129 - 148,/Volumes/BrokeExt/NICHE/hysts_pytorch_image_classification/pytorch_image_classification/models/cifar/wrn.py,"_make_stage has 6 parameters, exceeding the max of 5."
hysts_pytorch_image_classification.pytorch_image_classification.models.cifar,wrn,BasicBlock,Long statement,__init__,35,/Volumes/BrokeExt/NICHE/hysts_pytorch_image_classification/pytorch_image_classification/models/cifar/wrn.py,A line with 123 chars in __init__ exceeds the maximum length of 120 characters.
hysts_pytorch_image_classification.pytorch_image_classification.models.cifar,wrn,Network,Long statement,__init__,80,/Volumes/BrokeExt/NICHE/hysts_pytorch_image_classification/pytorch_image_classification/models/cifar/wrn.py,A line with 157 chars in __init__ exceeds the maximum length of 120 characters.
hysts_pytorch_image_classification.pytorch_image_classification.models.cifar,wrn,Network,Long statement,__init__,116,/Volumes/BrokeExt/NICHE/hysts_pytorch_image_classification/pytorch_image_classification/models/cifar/wrn.py,A line with 131 chars in __init__ exceeds the maximum length of 120 characters.
hysts_pytorch_image_classification.pytorch_image_classification.models.cifar,wrn,Network,Magic number,__init__,77,/Volumes/BrokeExt/NICHE/hysts_pytorch_image_classification/pytorch_image_classification/models/cifar/wrn.py,Magic number 6 used in __init__.
hysts_pytorch_image_classification.pytorch_image_classification.models.cifar,wrn,Network,Magic number,__init__,77,/Volumes/BrokeExt/NICHE/hysts_pytorch_image_classification/pytorch_image_classification/models/cifar/wrn.py,Magic number 4 used in __init__.
hysts_pytorch_image_classification.pytorch_image_classification.models.cifar,wrn,Network,Magic number,__init__,78,/Volumes/BrokeExt/NICHE/hysts_pytorch_image_classification/pytorch_image_classification/models/cifar/wrn.py,Magic number 4 used in __init__.
hysts_pytorch_image_classification.pytorch_image_classification.models.cifar,wrn,Network,Magic number,__init__,78,/Volumes/BrokeExt/NICHE/hysts_pytorch_image_classification/pytorch_image_classification/models/cifar/wrn.py,Magic number 6 used in __init__.
hysts_pytorch_image_classification.pytorch_image_classification.models.cifar,wrn,Network,Magic number,__init__,83,/Volumes/BrokeExt/NICHE/hysts_pytorch_image_classification/pytorch_image_classification/models/cifar/wrn.py,Magic number 2 used in __init__.
hysts_pytorch_image_classification.pytorch_image_classification.models.cifar,wrn,Network,Magic number,__init__,84,/Volumes/BrokeExt/NICHE/hysts_pytorch_image_classification/pytorch_image_classification/models/cifar/wrn.py,Magic number 4 used in __init__.
hysts_pytorch_image_classification.pytorch_image_classification.models.functions,shake_shake_function,,Complex method,get_alpha_beta,29 - 49,/Volumes/BrokeExt/NICHE/hysts_pytorch_image_classification/pytorch_image_classification/models/functions/shake_shake_function.py,"Method 'get_alpha_beta' has a cyclomatic complexity of 9, exceeding the max of 6."
hysts_pytorch_image_classification.pytorch_image_classification.models.imagenet,densenet,Network,Long method,__init__,98 - 155,/Volumes/BrokeExt/NICHE/hysts_pytorch_image_classification/pytorch_image_classification/models/imagenet/densenet.py,Method '__init__' is too long (49 lines).
hysts_pytorch_image_classification.pytorch_image_classification.models.imagenet,densenet,Network,Long statement,__init__,144,/Volumes/BrokeExt/NICHE/hysts_pytorch_image_classification/pytorch_image_classification/models/imagenet/densenet.py,A line with 131 chars in __init__ exceeds the maximum length of 120 characters.
hysts_pytorch_image_classification.pytorch_image_classification.models.imagenet,densenet,Network,Long statement,_make_stage,160,/Volumes/BrokeExt/NICHE/hysts_pytorch_image_classification/pytorch_image_classification/models/imagenet/densenet.py,A line with 124 chars in _make_stage exceeds the maximum length of 120 characters.
hysts_pytorch_image_classification.pytorch_image_classification.models.imagenet,densenet,BottleneckBlock,Magic number,__init__,38,/Volumes/BrokeExt/NICHE/hysts_pytorch_image_classification/pytorch_image_classification/models/imagenet/densenet.py,Magic number 4 used in __init__.
hysts_pytorch_image_classification.pytorch_image_classification.models.imagenet,densenet,Network,Magic number,__init__,114,/Volumes/BrokeExt/NICHE/hysts_pytorch_image_classification/pytorch_image_classification/models/imagenet/densenet.py,Magic number 2 used in __init__.
hysts_pytorch_image_classification.pytorch_image_classification.models.imagenet,densenet,Network,Magic number,__init__,118,/Volumes/BrokeExt/NICHE/hysts_pytorch_image_classification/pytorch_image_classification/models/imagenet/densenet.py,Magic number 3 used in __init__.
hysts_pytorch_image_classification.pytorch_image_classification.models.imagenet,pyramidnet,Network,Long method,__init__,111 - 178,/Volumes/BrokeExt/NICHE/hysts_pytorch_image_classification/pytorch_image_classification/models/imagenet/pyramidnet.py,Method '__init__' is too long (57 lines).
hysts_pytorch_image_classification.pytorch_image_classification.models.imagenet,pyramidnet,Network,Long statement,__init__,167,/Volumes/BrokeExt/NICHE/hysts_pytorch_image_classification/pytorch_image_classification/models/imagenet/pyramidnet.py,A line with 131 chars in __init__ exceeds the maximum length of 120 characters.
hysts_pytorch_image_classification.pytorch_image_classification.models.imagenet,resnet,Network,Long method,__init__,107 - 170,/Volumes/BrokeExt/NICHE/hysts_pytorch_image_classification/pytorch_image_classification/models/imagenet/resnet.py,Method '__init__' is too long (54 lines).
hysts_pytorch_image_classification.pytorch_image_classification.models.imagenet,resnet,BasicBlock,Long statement,__init__,32,/Volumes/BrokeExt/NICHE/hysts_pytorch_image_classification/pytorch_image_classification/models/imagenet/resnet.py,A line with 123 chars in __init__ exceeds the maximum length of 120 characters.
hysts_pytorch_image_classification.pytorch_image_classification.models.imagenet,resnet,BottleneckBlock,Long statement,__init__,86,/Volumes/BrokeExt/NICHE/hysts_pytorch_image_classification/pytorch_image_classification/models/imagenet/resnet.py,A line with 123 chars in __init__ exceeds the maximum length of 120 characters.
hysts_pytorch_image_classification.pytorch_image_classification.models.imagenet,resnet,Network,Long statement,__init__,121,/Volumes/BrokeExt/NICHE/hysts_pytorch_image_classification/pytorch_image_classification/models/imagenet/resnet.py,A line with 163 chars in __init__ exceeds the maximum length of 120 characters.
hysts_pytorch_image_classification.pytorch_image_classification.models.imagenet,resnet,Network,Long statement,__init__,159,/Volumes/BrokeExt/NICHE/hysts_pytorch_image_classification/pytorch_image_classification/models/imagenet/resnet.py,A line with 131 chars in __init__ exceeds the maximum length of 120 characters.
hysts_pytorch_image_classification.pytorch_image_classification.models.imagenet,resnet,Network,Magic number,__init__,123,/Volumes/BrokeExt/NICHE/hysts_pytorch_image_classification/pytorch_image_classification/models/imagenet/resnet.py,Magic number 2 used in __init__.
hysts_pytorch_image_classification.pytorch_image_classification.models.imagenet,resnet,Network,Magic number,__init__,124,/Volumes/BrokeExt/NICHE/hysts_pytorch_image_classification/pytorch_image_classification/models/imagenet/resnet.py,Magic number 4 used in __init__.
hysts_pytorch_image_classification.pytorch_image_classification.models.imagenet,resnet,Network,Magic number,__init__,125,/Volumes/BrokeExt/NICHE/hysts_pytorch_image_classification/pytorch_image_classification/models/imagenet/resnet.py,Magic number 8 used in __init__.
hysts_pytorch_image_classification.pytorch_image_classification.models.imagenet,resnet_preact,BottleneckBlock,Long method,__init__,80 - 131,/Volumes/BrokeExt/NICHE/hysts_pytorch_image_classification/pytorch_image_classification/models/imagenet/resnet_preact.py,Method '__init__' is too long (41 lines).
hysts_pytorch_image_classification.pytorch_image_classification.models.imagenet,resnet_preact,Network,Long method,__init__,158 - 229,/Volumes/BrokeExt/NICHE/hysts_pytorch_image_classification/pytorch_image_classification/models/imagenet/resnet_preact.py,Method '__init__' is too long (62 lines).
hysts_pytorch_image_classification.pytorch_image_classification.models.imagenet,resnet_preact,BasicBlock,Long parameter list,__init__,11 - 53,/Volumes/BrokeExt/NICHE/hysts_pytorch_image_classification/pytorch_image_classification/models/imagenet/resnet_preact.py,"__init__ has 6 parameters, exceeding the max of 5."
hysts_pytorch_image_classification.pytorch_image_classification.models.imagenet,resnet_preact,BottleneckBlock,Long parameter list,__init__,80 - 131,/Volumes/BrokeExt/NICHE/hysts_pytorch_image_classification/pytorch_image_classification/models/imagenet/resnet_preact.py,"__init__ has 6 parameters, exceeding the max of 5."
hysts_pytorch_image_classification.pytorch_image_classification.models.imagenet,resnet_preact,Network,Long parameter list,_make_stage,231 - 254,/Volumes/BrokeExt/NICHE/hysts_pytorch_image_classification/pytorch_image_classification/models/imagenet/resnet_preact.py,"_make_stage has 6 parameters, exceeding the max of 5."
hysts_pytorch_image_classification.pytorch_image_classification.models.imagenet,resnet_preact,BasicBlock,Long statement,__init__,45,/Volumes/BrokeExt/NICHE/hysts_pytorch_image_classification/pytorch_image_classification/models/imagenet/resnet_preact.py,A line with 123 chars in __init__ exceeds the maximum length of 120 characters.
hysts_pytorch_image_classification.pytorch_image_classification.models.imagenet,resnet_preact,BottleneckBlock,Long statement,__init__,123,/Volumes/BrokeExt/NICHE/hysts_pytorch_image_classification/pytorch_image_classification/models/imagenet/resnet_preact.py,A line with 123 chars in __init__ exceeds the maximum length of 120 characters.
hysts_pytorch_image_classification.pytorch_image_classification.models.imagenet,resnet_preact,Network,Long statement,__init__,175,/Volumes/BrokeExt/NICHE/hysts_pytorch_image_classification/pytorch_image_classification/models/imagenet/resnet_preact.py,A line with 163 chars in __init__ exceeds the maximum length of 120 characters.
hysts_pytorch_image_classification.pytorch_image_classification.models.imagenet,resnet_preact,Network,Long statement,__init__,218,/Volumes/BrokeExt/NICHE/hysts_pytorch_image_classification/pytorch_image_classification/models/imagenet/resnet_preact.py,A line with 131 chars in __init__ exceeds the maximum length of 120 characters.
hysts_pytorch_image_classification.pytorch_image_classification.models.imagenet,resnet_preact,Network,Long statement,_make_stage,237,/Volumes/BrokeExt/NICHE/hysts_pytorch_image_classification/pytorch_image_classification/models/imagenet/resnet_preact.py,A line with 166 chars in _make_stage exceeds the maximum length of 120 characters.
hysts_pytorch_image_classification.pytorch_image_classification.models.imagenet,resnet_preact,Network,Long statement,_make_stage,246,/Volumes/BrokeExt/NICHE/hysts_pytorch_image_classification/pytorch_image_classification/models/imagenet/resnet_preact.py,A line with 161 chars in _make_stage exceeds the maximum length of 120 characters.
hysts_pytorch_image_classification.pytorch_image_classification.models.imagenet,resnet_preact,Network,Magic number,__init__,177,/Volumes/BrokeExt/NICHE/hysts_pytorch_image_classification/pytorch_image_classification/models/imagenet/resnet_preact.py,Magic number 2 used in __init__.
hysts_pytorch_image_classification.pytorch_image_classification.models.imagenet,resnet_preact,Network,Magic number,__init__,178,/Volumes/BrokeExt/NICHE/hysts_pytorch_image_classification/pytorch_image_classification/models/imagenet/resnet_preact.py,Magic number 4 used in __init__.
hysts_pytorch_image_classification.pytorch_image_classification.models.imagenet,resnet_preact,Network,Magic number,__init__,179,/Volumes/BrokeExt/NICHE/hysts_pytorch_image_classification/pytorch_image_classification/models/imagenet/resnet_preact.py,Magic number 8 used in __init__.
hysts_pytorch_image_classification.pytorch_image_classification.models.imagenet,resnext,Network,Long method,__init__,66 - 127,/Volumes/BrokeExt/NICHE/hysts_pytorch_image_classification/pytorch_image_classification/models/imagenet/resnext.py,Method '__init__' is too long (52 lines).
hysts_pytorch_image_classification.pytorch_image_classification.models.imagenet,resnext,BottleneckBlock,Long parameter list,__init__,11 - 54,/Volumes/BrokeExt/NICHE/hysts_pytorch_image_classification/pytorch_image_classification/models/imagenet/resnext.py,"__init__ has 6 parameters, exceeding the max of 5."
hysts_pytorch_image_classification.pytorch_image_classification.models.imagenet,resnext,BottleneckBlock,Long statement,__init__,25,/Volumes/BrokeExt/NICHE/hysts_pytorch_image_classification/pytorch_image_classification/models/imagenet/resnext.py,A line with 137 chars in __init__ exceeds the maximum length of 120 characters.
hysts_pytorch_image_classification.pytorch_image_classification.models.imagenet,resnext,BottleneckBlock,Long statement,__init__,45,/Volumes/BrokeExt/NICHE/hysts_pytorch_image_classification/pytorch_image_classification/models/imagenet/resnext.py,A line with 123 chars in __init__ exceeds the maximum length of 120 characters.
hysts_pytorch_image_classification.pytorch_image_classification.models.imagenet,resnext,Network,Long statement,__init__,77,/Volumes/BrokeExt/NICHE/hysts_pytorch_image_classification/pytorch_image_classification/models/imagenet/resnext.py,A line with 201 chars in __init__ exceeds the maximum length of 120 characters.
hysts_pytorch_image_classification.pytorch_image_classification.models.imagenet,resnext,Network,Long statement,__init__,116,/Volumes/BrokeExt/NICHE/hysts_pytorch_image_classification/pytorch_image_classification/models/imagenet/resnext.py,A line with 131 chars in __init__ exceeds the maximum length of 120 characters.
hysts_pytorch_image_classification.pytorch_image_classification.models.imagenet,resnext,Network,Long statement,_make_stage,135,/Volumes/BrokeExt/NICHE/hysts_pytorch_image_classification/pytorch_image_classification/models/imagenet/resnext.py,A line with 131 chars in _make_stage exceeds the maximum length of 120 characters.
hysts_pytorch_image_classification.pytorch_image_classification.models.imagenet,resnext,Network,Long statement,_make_stage,145,/Volumes/BrokeExt/NICHE/hysts_pytorch_image_classification/pytorch_image_classification/models/imagenet/resnext.py,A line with 127 chars in _make_stage exceeds the maximum length of 120 characters.
hysts_pytorch_image_classification.pytorch_image_classification.models.imagenet,resnext,BottleneckBlock,Magic number,__init__,15,/Volumes/BrokeExt/NICHE/hysts_pytorch_image_classification/pytorch_image_classification/models/imagenet/resnext.py,Magic number 2 used in __init__.
hysts_pytorch_image_classification.pytorch_image_classification.models.imagenet,resnext,Network,Magic number,__init__,80,/Volumes/BrokeExt/NICHE/hysts_pytorch_image_classification/pytorch_image_classification/models/imagenet/resnext.py,Magic number 2 used in __init__.
hysts_pytorch_image_classification.pytorch_image_classification.models.imagenet,resnext,Network,Magic number,__init__,81,/Volumes/BrokeExt/NICHE/hysts_pytorch_image_classification/pytorch_image_classification/models/imagenet/resnext.py,Magic number 4 used in __init__.
hysts_pytorch_image_classification.pytorch_image_classification.models.imagenet,resnext,Network,Magic number,__init__,82,/Volumes/BrokeExt/NICHE/hysts_pytorch_image_classification/pytorch_image_classification/models/imagenet/resnext.py,Magic number 8 used in __init__.
hysts_pytorch_image_classification.pytorch_image_classification.models.imagenet,vgg,Network,Long statement,__init__,30,/Volumes/BrokeExt/NICHE/hysts_pytorch_image_classification/pytorch_image_classification/models/imagenet/vgg.py,A line with 131 chars in __init__ exceeds the maximum length of 120 characters.
hysts_pytorch_image_classification.pytorch_image_classification.optim,__init__,,Complex method,create_optimizer,29 - 66,/Volumes/BrokeExt/NICHE/hysts_pytorch_image_classification/pytorch_image_classification/optim/__init__.py,"Method 'create_optimizer' has a cyclomatic complexity of 7, exceeding the max of 6."
hysts_pytorch_image_classification.pytorch_image_classification.optim,__init__,,Long statement,create_optimizer,33,/Volumes/BrokeExt/NICHE/hysts_pytorch_image_classification/pytorch_image_classification/optim/__init__.py,A line with 124 chars in create_optimizer exceeds the maximum length of 120 characters.
hysts_pytorch_image_classification.pytorch_image_classification.optim,__init__,,Long statement,create_optimizer,47,/Volumes/BrokeExt/NICHE/hysts_pytorch_image_classification/pytorch_image_classification/optim/__init__.py,A line with 164 chars in create_optimizer exceeds the maximum length of 120 characters.
hysts_pytorch_image_classification.pytorch_image_classification.optim,__init__,,Long statement,create_optimizer,53,/Volumes/BrokeExt/NICHE/hysts_pytorch_image_classification/pytorch_image_classification/optim/__init__.py,A line with 165 chars in create_optimizer exceeds the maximum length of 120 characters.
hysts_pytorch_image_classification.pytorch_image_classification.optim,__init__,,Long statement,create_optimizer,59,/Volumes/BrokeExt/NICHE/hysts_pytorch_image_classification/pytorch_image_classification/optim/__init__.py,A line with 153 chars in create_optimizer exceeds the maximum length of 120 characters.
hysts_pytorch_image_classification.pytorch_image_classification.optim,adabound,AdaBound,Complex method,__init__,241 - 271,/Volumes/BrokeExt/NICHE/hysts_pytorch_image_classification/pytorch_image_classification/optim/adabound.py,"Method '__init__' has a cyclomatic complexity of 7, exceeding the max of 6."
hysts_pytorch_image_classification.pytorch_image_classification.optim,adabound,AdaBound,Complex method,step,278 - 354,/Volumes/BrokeExt/NICHE/hysts_pytorch_image_classification/pytorch_image_classification/optim/adabound.py,"Method 'step' has a cyclomatic complexity of 11, exceeding the max of 6."
hysts_pytorch_image_classification.pytorch_image_classification.optim,adabound,AdaBoundW,Complex method,__init__,383 - 413,/Volumes/BrokeExt/NICHE/hysts_pytorch_image_classification/pytorch_image_classification/optim/adabound.py,"Method '__init__' has a cyclomatic complexity of 7, exceeding the max of 6."
hysts_pytorch_image_classification.pytorch_image_classification.optim,adabound,AdaBoundW,Complex method,step,420 - 498,/Volumes/BrokeExt/NICHE/hysts_pytorch_image_classification/pytorch_image_classification/optim/adabound.py,"Method 'step' has a cyclomatic complexity of 11, exceeding the max of 6."
hysts_pytorch_image_classification.pytorch_image_classification.optim,adabound,AdaBound,Long method,step,278 - 354,/Volumes/BrokeExt/NICHE/hysts_pytorch_image_classification/pytorch_image_classification/optim/adabound.py,Method 'step' is too long (70 lines).
hysts_pytorch_image_classification.pytorch_image_classification.optim,adabound,AdaBoundW,Long method,step,420 - 498,/Volumes/BrokeExt/NICHE/hysts_pytorch_image_classification/pytorch_image_classification/optim/adabound.py,Method 'step' is too long (72 lines).
hysts_pytorch_image_classification.pytorch_image_classification.optim,adabound,AdaBound,Long parameter list,__init__,241 - 271,/Volumes/BrokeExt/NICHE/hysts_pytorch_image_classification/pytorch_image_classification/optim/adabound.py,"__init__ has 8 parameters, exceeding the max of 5."
hysts_pytorch_image_classification.pytorch_image_classification.optim,adabound,AdaBoundW,Long parameter list,__init__,383 - 413,/Volumes/BrokeExt/NICHE/hysts_pytorch_image_classification/pytorch_image_classification/optim/adabound.py,"__init__ has 8 parameters, exceeding the max of 5."
hysts_pytorch_image_classification.pytorch_image_classification.optim,adabound,AdaBound,Long statement,__init__,262,/Volumes/BrokeExt/NICHE/hysts_pytorch_image_classification/pytorch_image_classification/optim/adabound.py,A line with 122 chars in __init__ exceeds the maximum length of 120 characters.
hysts_pytorch_image_classification.pytorch_image_classification.optim,adabound,AdaBound,Long statement,step,279,/Volumes/BrokeExt/NICHE/hysts_pytorch_image_classification/pytorch_image_classification/optim/adabound.py,A line with 189 chars in step exceeds the maximum length of 120 characters.
hysts_pytorch_image_classification.pytorch_image_classification.optim,adabound,AdaBoundW,Long statement,__init__,404,/Volumes/BrokeExt/NICHE/hysts_pytorch_image_classification/pytorch_image_classification/optim/adabound.py,A line with 122 chars in __init__ exceeds the maximum length of 120 characters.
hysts_pytorch_image_classification.pytorch_image_classification.optim,adabound,AdaBoundW,Long statement,step,421,/Volumes/BrokeExt/NICHE/hysts_pytorch_image_classification/pytorch_image_classification/optim/adabound.py,A line with 189 chars in step exceeds the maximum length of 120 characters.
hysts_pytorch_image_classification.pytorch_image_classification.optim,adabound,,Long statement,,1,/Volumes/BrokeExt/NICHE/hysts_pytorch_image_classification/pytorch_image_classification/optim/adabound.py,A line with 11703 chars in adabound exceeds the maximum length of 120 characters.
hysts_pytorch_image_classification.pytorch_image_classification.optim,adabound,AdaBound,Magic number,__init__,243,/Volumes/BrokeExt/NICHE/hysts_pytorch_image_classification/pytorch_image_classification/optim/adabound.py,Magic number 0.001 used in __init__.
hysts_pytorch_image_classification.pytorch_image_classification.optim,adabound,AdaBound,Magic number,__init__,245,/Volumes/BrokeExt/NICHE/hysts_pytorch_image_classification/pytorch_image_classification/optim/adabound.py,Magic number 0.1 used in __init__.
hysts_pytorch_image_classification.pytorch_image_classification.optim,adabound,AdaBound,Magic number,__init__,246,/Volumes/BrokeExt/NICHE/hysts_pytorch_image_classification/pytorch_image_classification/optim/adabound.py,Magic number 0.001 used in __init__.
hysts_pytorch_image_classification.pytorch_image_classification.optim,adabound,AdaBound,Magic number,__init__,247,/Volumes/BrokeExt/NICHE/hysts_pytorch_image_classification/pytorch_image_classification/optim/adabound.py,Magic number 1e-08 used in __init__.
hysts_pytorch_image_classification.pytorch_image_classification.optim,adabound,AdaBound,Magic number,__init__,244,/Volumes/BrokeExt/NICHE/hysts_pytorch_image_classification/pytorch_image_classification/optim/adabound.py,Magic number 0.9 used in __init__.
hysts_pytorch_image_classification.pytorch_image_classification.optim,adabound,AdaBound,Magic number,__init__,244,/Volumes/BrokeExt/NICHE/hysts_pytorch_image_classification/pytorch_image_classification/optim/adabound.py,Magic number 0.999 used in __init__.
hysts_pytorch_image_classification.pytorch_image_classification.optim,adabound,AdaBoundW,Magic number,__init__,385,/Volumes/BrokeExt/NICHE/hysts_pytorch_image_classification/pytorch_image_classification/optim/adabound.py,Magic number 0.001 used in __init__.
hysts_pytorch_image_classification.pytorch_image_classification.optim,adabound,AdaBoundW,Magic number,__init__,387,/Volumes/BrokeExt/NICHE/hysts_pytorch_image_classification/pytorch_image_classification/optim/adabound.py,Magic number 0.1 used in __init__.
hysts_pytorch_image_classification.pytorch_image_classification.optim,adabound,AdaBoundW,Magic number,__init__,388,/Volumes/BrokeExt/NICHE/hysts_pytorch_image_classification/pytorch_image_classification/optim/adabound.py,Magic number 0.001 used in __init__.
hysts_pytorch_image_classification.pytorch_image_classification.optim,adabound,AdaBoundW,Magic number,__init__,389,/Volumes/BrokeExt/NICHE/hysts_pytorch_image_classification/pytorch_image_classification/optim/adabound.py,Magic number 1e-08 used in __init__.
hysts_pytorch_image_classification.pytorch_image_classification.optim,adabound,AdaBoundW,Magic number,__init__,386,/Volumes/BrokeExt/NICHE/hysts_pytorch_image_classification/pytorch_image_classification/optim/adabound.py,Magic number 0.9 used in __init__.
hysts_pytorch_image_classification.pytorch_image_classification.optim,adabound,AdaBoundW,Magic number,__init__,386,/Volumes/BrokeExt/NICHE/hysts_pytorch_image_classification/pytorch_image_classification/optim/adabound.py,Magic number 0.999 used in __init__.
hysts_pytorch_image_classification.pytorch_image_classification.optim,lars,LARSOptimizer,Complex method,step,27 - 64,/Volumes/BrokeExt/NICHE/hysts_pytorch_image_classification/pytorch_image_classification/optim/lars.py,"Method 'step' has a cyclomatic complexity of 7, exceeding the max of 6."
hysts_pytorch_image_classification.pytorch_image_classification.optim,lars,LARSOptimizer,Long parameter list,__init__,5 - 25,/Volumes/BrokeExt/NICHE/hysts_pytorch_image_classification/pytorch_image_classification/optim/lars.py,"__init__ has 6 parameters, exceeding the max of 5."
hysts_pytorch_image_classification.pytorch_image_classification.optim,lars,LARSOptimizer,Magic number,__init__,10,/Volumes/BrokeExt/NICHE/hysts_pytorch_image_classification/pytorch_image_classification/optim/lars.py,Magic number 1e-09 used in __init__.
hysts_pytorch_image_classification.pytorch_image_classification.optim,lars,LARSOptimizer,Magic number,__init__,11,/Volumes/BrokeExt/NICHE/hysts_pytorch_image_classification/pytorch_image_classification/optim/lars.py,Magic number 0.01 used in __init__.
hysts_pytorch_image_classification.pytorch_image_classification.scheduler,__init__,,Long message chain,_create_warmup,15,/Volumes/BrokeExt/NICHE/hysts_pytorch_image_classification/pytorch_image_classification/scheduler/__init__.py,"A long message chain has 4 attributes/calls chained together, more than the recommended 3 in the following statement: warmup_type = config.scheduler.warmup.type."
hysts_pytorch_image_classification.pytorch_image_classification.scheduler,__init__,,Long message chain,_create_warmup,19,/Volumes/BrokeExt/NICHE/hysts_pytorch_image_classification/pytorch_image_classification/scheduler/__init__.py,"A long message chain has 4 attributes/calls chained together, more than the recommended 3 in the following statement: warmup_start_factor = config.scheduler.warmup.start_factor."
hysts_pytorch_image_classification.pytorch_image_classification.scheduler,__init__,,Long message chain,create_scheduler,62,/Volumes/BrokeExt/NICHE/hysts_pytorch_image_classification/pytorch_image_classification/scheduler/__init__.py,"A long message chain has 4 attributes/calls chained together, more than the recommended 3 in the following statement: warmup_epochs = config.scheduler.warmup.epochs."
hysts_pytorch_image_classification.pytorch_image_classification.scheduler,__init__,,Long statement,_create_warmup,26,/Volumes/BrokeExt/NICHE/hysts_pytorch_image_classification/pytorch_image_classification/scheduler/__init__.py,A line with 123 chars in _create_warmup exceeds the maximum length of 120 characters.
hysts_pytorch_image_classification.pytorch_image_classification.scheduler,components,CosineScheduler,Long statement,__call__,20,/Volumes/BrokeExt/NICHE/hysts_pytorch_image_classification/pytorch_image_classification/scheduler/components.py,A line with 127 chars in __call__ exceeds the maximum length of 120 characters.
hysts_pytorch_image_classification.pytorch_image_classification.scheduler,components,CosineScheduler,Magic number,__init__,14,/Volumes/BrokeExt/NICHE/hysts_pytorch_image_classification/pytorch_image_classification/scheduler/components.py,Magic number 0.001 used in __init__.
hysts_pytorch_image_classification.pytorch_image_classification.scheduler,components,CosineScheduler,Magic number,__call__,21,/Volumes/BrokeExt/NICHE/hysts_pytorch_image_classification/pytorch_image_classification/scheduler/components.py,Magic number 0.5 used in __call__.
hysts_pytorch_image_classification.pytorch_image_classification.scheduler,components,ExponentialScheduler,Magic number,__init__,26,/Volumes/BrokeExt/NICHE/hysts_pytorch_image_classification/pytorch_image_classification/scheduler/components.py,Magic number 0.001 used in __init__.
hysts_pytorch_image_classification.pytorch_image_classification.scheduler,sgdr,SGDRScheduler,Magic number,__init__,8,/Volumes/BrokeExt/NICHE/hysts_pytorch_image_classification/pytorch_image_classification/scheduler/sgdr.py,Magic number 0.001 used in __init__.
hysts_pytorch_image_classification.pytorch_image_classification.transforms,__init__,,Complex method,_get_dataset_stats,21 - 47,/Volumes/BrokeExt/NICHE/hysts_pytorch_image_classification/pytorch_image_classification/transforms/__init__.py,"Method '_get_dataset_stats' has a cyclomatic complexity of 7, exceeding the max of 6."
hysts_pytorch_image_classification.pytorch_image_classification.transforms,__init__,,Complex method,create_cifar_transform,59 - 85,/Volumes/BrokeExt/NICHE/hysts_pytorch_image_classification/pytorch_image_classification/transforms/__init__.py,"Method 'create_cifar_transform' has a cyclomatic complexity of 7, exceeding the max of 6."
hysts_pytorch_image_classification.pytorch_image_classification.transforms,__init__,,Complex method,create_imagenet_transform,88 - 121,/Volumes/BrokeExt/NICHE/hysts_pytorch_image_classification/pytorch_image_classification/transforms/__init__.py,"Method 'create_imagenet_transform' has a cyclomatic complexity of 9, exceeding the max of 6."
hysts_pytorch_image_classification.pytorch_image_classification.transforms,__init__,,Magic number,_get_dataset_stats,43,/Volumes/BrokeExt/NICHE/hysts_pytorch_image_classification/pytorch_image_classification/transforms/__init__.py,Magic number 0.485 used in _get_dataset_stats.
hysts_pytorch_image_classification.pytorch_image_classification.transforms,__init__,,Magic number,_get_dataset_stats,43,/Volumes/BrokeExt/NICHE/hysts_pytorch_image_classification/pytorch_image_classification/transforms/__init__.py,Magic number 0.456 used in _get_dataset_stats.
hysts_pytorch_image_classification.pytorch_image_classification.transforms,__init__,,Magic number,_get_dataset_stats,43,/Volumes/BrokeExt/NICHE/hysts_pytorch_image_classification/pytorch_image_classification/transforms/__init__.py,Magic number 0.406 used in _get_dataset_stats.
hysts_pytorch_image_classification.pytorch_image_classification.transforms,__init__,,Magic number,_get_dataset_stats,44,/Volumes/BrokeExt/NICHE/hysts_pytorch_image_classification/pytorch_image_classification/transforms/__init__.py,Magic number 0.229 used in _get_dataset_stats.
hysts_pytorch_image_classification.pytorch_image_classification.transforms,__init__,,Magic number,_get_dataset_stats,44,/Volumes/BrokeExt/NICHE/hysts_pytorch_image_classification/pytorch_image_classification/transforms/__init__.py,Magic number 0.224 used in _get_dataset_stats.
hysts_pytorch_image_classification.pytorch_image_classification.transforms,__init__,,Magic number,_get_dataset_stats,44,/Volumes/BrokeExt/NICHE/hysts_pytorch_image_classification/pytorch_image_classification/transforms/__init__.py,Magic number 0.225 used in _get_dataset_stats.
hysts_pytorch_image_classification.pytorch_image_classification.transforms,cutout,Cutout,Magic number,__init__,13,/Volumes/BrokeExt/NICHE/hysts_pytorch_image_classification/pytorch_image_classification/transforms/cutout.py,Magic number 2 used in __init__.
hysts_pytorch_image_classification.pytorch_image_classification.transforms,cutout,Cutout,Magic number,__init__,14,/Volumes/BrokeExt/NICHE/hysts_pytorch_image_classification/pytorch_image_classification/transforms/cutout.py,Magic number 2 used in __init__.
hysts_pytorch_image_classification.pytorch_image_classification.transforms,cutout,Cutout,Magic number,__call__,22,/Volumes/BrokeExt/NICHE/hysts_pytorch_image_classification/pytorch_image_classification/transforms/cutout.py,Magic number 2 used in __call__.
hysts_pytorch_image_classification.pytorch_image_classification.transforms,random_erasing,RandomErasing,Magic number,__call__,20,/Volumes/BrokeExt/NICHE/hysts_pytorch_image_classification/pytorch_image_classification/transforms/random_erasing.py,Magic number 2 used in __call__.
hysts_pytorch_image_classification.pytorch_image_classification.transforms,transforms,RandomHorizontalFlip,Long message chain,__init__,54,/Volumes/BrokeExt/NICHE/hysts_pytorch_image_classification/pytorch_image_classification/transforms/transforms.py,"A long message chain has 4 attributes/calls chained together, more than the recommended 3 in the following statement: self.transform = torchvision.transforms.RandomHorizontalFlip(config.augmentation.random_horizontal_flip.prob)."
hysts_pytorch_image_classification.pytorch_image_classification.transforms,transforms,RandomCrop,Long statement,__init__,32,/Volumes/BrokeExt/NICHE/hysts_pytorch_image_classification/pytorch_image_classification/transforms/transforms.py,A line with 228 chars in __init__ exceeds the maximum length of 120 characters.
hysts_pytorch_image_classification.pytorch_image_classification.transforms,transforms,Normalize,Magic number,__call__,25,/Volumes/BrokeExt/NICHE/hysts_pytorch_image_classification/pytorch_image_classification/transforms/transforms.py,Magic number 255.0 used in __call__.
hysts_pytorch_image_classification.pytorch_image_classification.transforms,transforms,ToTensor,Magic number,_to_tensor,79,/Volumes/BrokeExt/NICHE/hysts_pytorch_image_classification/pytorch_image_classification/transforms/transforms.py,Magic number 3 used in _to_tensor.
hysts_pytorch_image_classification.pytorch_image_classification.utils,logger,,Long statement,_create_color_formatter,56,/Volumes/BrokeExt/NICHE/hysts_pytorch_image_classification/pytorch_image_classification/utils/logger.py,A line with 141 chars in _create_color_formatter exceeds the maximum length of 120 characters.
hysts_pytorch_image_classification.pytorch_image_classification.utils,logger,,Magic number,_create_handlers,41,/Volumes/BrokeExt/NICHE/hysts_pytorch_image_classification/pytorch_image_classification/utils/logger.py,Magic number 2 used in _create_handlers.
hysts_pytorch_image_classification.pytorch_image_classification.utils,logger,,Magic number,_create_handlers,41,/Volumes/BrokeExt/NICHE/hysts_pytorch_image_classification/pytorch_image_classification/utils/logger.py,Magic number 2 used in _create_handlers.
hysts_pytorch_image_classification.pytorch_image_classification.utils,metrics,,Complex method,compute_accuracy,4 - 34,/Volumes/BrokeExt/NICHE/hysts_pytorch_image_classification/pytorch_image_classification/utils/metrics.py,"Method 'compute_accuracy' has a cyclomatic complexity of 9, exceeding the max of 6."
hysts_pytorch_image_classification.pytorch_image_classification.utils,op_count,,Long statement,count_op,9,/Volumes/BrokeExt/NICHE/hysts_pytorch_image_classification/pytorch_image_classification/utils/op_count.py,A line with 161 chars in count_op exceeds the maximum length of 120 characters.
hysts_pytorch_image_classification.pytorch_image_classification.utils,tensorboard,DummyWriter,Long identifier,add_custom_scalars_multilinechart,138,/Volumes/BrokeExt/NICHE/hysts_pytorch_image_classification/pytorch_image_classification/utils/tensorboard.py,Identifier'add_custom_scalars_multilinechart' exceeds the maximum length of 30 characters.
hysts_pytorch_image_classification.pytorch_image_classification.utils,tensorboard,DummyWriter,Long parameter list,add_histogram,24 - 31,/Volumes/BrokeExt/NICHE/hysts_pytorch_image_classification/pytorch_image_classification/utils/tensorboard.py,"add_histogram has 6 parameters, exceeding the max of 5."
hysts_pytorch_image_classification.pytorch_image_classification.utils,tensorboard,DummyWriter,Long parameter list,add_histogram_raw,33 - 44,/Volumes/BrokeExt/NICHE/hysts_pytorch_image_classification/pytorch_image_classification/utils/tensorboard.py,"add_histogram_raw has 10 parameters, exceeding the max of 5."
hysts_pytorch_image_classification.pytorch_image_classification.utils,tensorboard,DummyWriter,Long parameter list,add_image_with_boxes,62 - 70,/Volumes/BrokeExt/NICHE/hysts_pytorch_image_classification/pytorch_image_classification/utils/tensorboard.py,"add_image_with_boxes has 6 parameters, exceeding the max of 5."
hysts_pytorch_image_classification.pytorch_image_classification.utils,tensorboard,DummyWriter,Long parameter list,add_embedding,105 - 112,/Volumes/BrokeExt/NICHE/hysts_pytorch_image_classification/pytorch_image_classification/utils/tensorboard.py,"add_embedding has 6 parameters, exceeding the max of 5."
hysts_pytorch_image_classification.pytorch_image_classification.utils,tensorboard,DummyWriter,Long parameter list,add_pr_curve,114 - 122,/Volumes/BrokeExt/NICHE/hysts_pytorch_image_classification/pytorch_image_classification/utils/tensorboard.py,"add_pr_curve has 7 parameters, exceeding the max of 5."
hysts_pytorch_image_classification.pytorch_image_classification.utils,tensorboard,DummyWriter,Long parameter list,add_pr_curve_raw,124 - 136,/Volumes/BrokeExt/NICHE/hysts_pytorch_image_classification/pytorch_image_classification/utils/tensorboard.py,"add_pr_curve_raw has 11 parameters, exceeding the max of 5."
hysts_pytorch_image_classification.pytorch_image_classification.utils,tensorboard,DummyWriter,Magic number,add_video,84,/Volumes/BrokeExt/NICHE/hysts_pytorch_image_classification/pytorch_image_classification/utils/tensorboard.py,Magic number 4 used in add_video.
hysts_pytorch_image_classification.pytorch_image_classification.utils,tensorboard,DummyWriter,Magic number,add_audio,92,/Volumes/BrokeExt/NICHE/hysts_pytorch_image_classification/pytorch_image_classification/utils/tensorboard.py,Magic number 44100 used in add_audio.
hysts_pytorch_image_classification.pytorch_image_classification.utils,tensorboard,DummyWriter,Magic number,add_pr_curve,119,/Volumes/BrokeExt/NICHE/hysts_pytorch_image_classification/pytorch_image_classification/utils/tensorboard.py,Magic number 127 used in add_pr_curve.
hysts_pytorch_image_classification.pytorch_image_classification.utils,tensorboard,DummyWriter,Magic number,add_pr_curve_raw,133,/Volumes/BrokeExt/NICHE/hysts_pytorch_image_classification/pytorch_image_classification/utils/tensorboard.py,Magic number 127 used in add_pr_curve_raw.
