Package,Module,Class,Function,LOC,CC,PC
jessevig_bertviz.bertviz,head_view,,head_view,180,28,13
jessevig_bertviz.bertviz,model_view,,model_view,191,30,13
jessevig_bertviz.bertviz,neuron_view,,show,56,5,9
jessevig_bertviz.bertviz,neuron_view,,get_attention,131,25,6
jessevig_bertviz.bertviz,neuron_view,,format_special_chars,2,1,1
jessevig_bertviz.bertviz,neuron_view,,format_delimiters,9,4,2
jessevig_bertviz.bertviz,util,,format_attention,14,5,3
jessevig_bertviz.bertviz,util,,num_layers,2,1,1
jessevig_bertviz.bertviz,util,,num_heads,2,1,1
jessevig_bertviz.bertviz,util,,format_special_chars,2,1,1
jessevig_bertviz.bertviz.tests,test_attention,TestAttention,setUp,5,2,0
jessevig_bertviz.bertviz.tests,test_attention,TestAttention,test_bert_attn,69,5,0
jessevig_bertviz.bertviz.tests,test_attention,TestAttention,test_roberta_attn,63,3,0
jessevig_bertviz.bertviz.tests,test_attention,TestAttention,test_gpt2_attn,20,4,0
jessevig_bertviz.bertviz.tests,test_attention,TestAttention,test_xlnet_attn,15,2,0
jessevig_bertviz.bertviz.transformers_neuron_view,file_utils,,url_to_filename,11,2,2
jessevig_bertviz.bertviz.transformers_neuron_view,file_utils,,filename_to_url,18,6,2
jessevig_bertviz.bertviz.transformers_neuron_view,file_utils,,cached_path,22,8,2
jessevig_bertviz.bertviz.transformers_neuron_view,file_utils,,split_s3_path,9,4,1
jessevig_bertviz.bertviz.transformers_neuron_view,file_utils,,s3_request,12,2,1
jessevig_bertviz.bertviz.transformers_neuron_view,file_utils,,s3_etag,5,1,1
jessevig_bertviz.bertviz.transformers_neuron_view,file_utils,,s3_get,4,1,2
jessevig_bertviz.bertviz.transformers_neuron_view,file_utils,,http_get,10,3,2
jessevig_bertviz.bertviz.transformers_neuron_view,file_utils,,get_from_cache,63,19,2
jessevig_bertviz.bertviz.transformers_neuron_view,modeling_bert,BertConfig,__init__,24,6,12
jessevig_bertviz.bertviz.transformers_neuron_view,modeling_bert,BertEmbeddings,__init__,7,1,1
jessevig_bertviz.bertviz.transformers_neuron_view,modeling_bert,BertEmbeddings,forward,14,3,3
jessevig_bertviz.bertviz.transformers_neuron_view,modeling_bert,BertSelfAttention,__init__,14,2,1
jessevig_bertviz.bertviz.transformers_neuron_view,modeling_bert,BertSelfAttention,transpose_for_scores,4,1,1
jessevig_bertviz.bertviz.transformers_neuron_view,modeling_bert,BertSelfAttention,forward,28,3,3
jessevig_bertviz.bertviz.transformers_neuron_view,modeling_bert,BertSelfOutput,__init__,5,1,1
jessevig_bertviz.bertviz.transformers_neuron_view,modeling_bert,BertSelfOutput,forward,5,1,2
jessevig_bertviz.bertviz.transformers_neuron_view,modeling_bert,BertAttention,__init__,4,1,1
jessevig_bertviz.bertviz.transformers_neuron_view,modeling_bert,BertAttention,prune_heads,14,3,1
jessevig_bertviz.bertviz.transformers_neuron_view,modeling_bert,BertAttention,forward,5,1,3
jessevig_bertviz.bertviz.transformers_neuron_view,modeling_bert,BertIntermediate,__init__,7,4,1
jessevig_bertviz.bertviz.transformers_neuron_view,modeling_bert,BertIntermediate,forward,4,1,1
jessevig_bertviz.bertviz.transformers_neuron_view,modeling_bert,BertOutput,__init__,5,1,1
jessevig_bertviz.bertviz.transformers_neuron_view,modeling_bert,BertOutput,forward,5,1,2
jessevig_bertviz.bertviz.transformers_neuron_view,modeling_bert,BertLayer,__init__,5,1,1
jessevig_bertviz.bertviz.transformers_neuron_view,modeling_bert,BertLayer,forward,7,1,3
jessevig_bertviz.bertviz.transformers_neuron_view,modeling_bert,BertEncoder,__init__,5,1,1
jessevig_bertviz.bertviz.transformers_neuron_view,modeling_bert,BertEncoder,forward,20,7,3
jessevig_bertviz.bertviz.transformers_neuron_view,modeling_bert,BertPooler,__init__,4,1,1
jessevig_bertviz.bertviz.transformers_neuron_view,modeling_bert,BertPooler,forward,5,1,1
jessevig_bertviz.bertviz.transformers_neuron_view,modeling_bert,BertPredictionHeadTransform,__init__,8,4,1
jessevig_bertviz.bertviz.transformers_neuron_view,modeling_bert,BertPredictionHeadTransform,forward,5,1,1
jessevig_bertviz.bertviz.transformers_neuron_view,modeling_bert,BertLMPredictionHead,__init__,7,1,1
jessevig_bertviz.bertviz.transformers_neuron_view,modeling_bert,BertLMPredictionHead,forward,4,1,1
jessevig_bertviz.bertviz.transformers_neuron_view,modeling_bert,BertOnlyMLMHead,__init__,3,1,1
jessevig_bertviz.bertviz.transformers_neuron_view,modeling_bert,BertOnlyMLMHead,forward,3,1,1
jessevig_bertviz.bertviz.transformers_neuron_view,modeling_bert,BertOnlyNSPHead,__init__,3,1,1
jessevig_bertviz.bertviz.transformers_neuron_view,modeling_bert,BertOnlyNSPHead,forward,3,1,1
jessevig_bertviz.bertviz.transformers_neuron_view,modeling_bert,BertPreTrainingHeads,__init__,4,1,1
jessevig_bertviz.bertviz.transformers_neuron_view,modeling_bert,BertPreTrainingHeads,forward,4,1,2
jessevig_bertviz.bertviz.transformers_neuron_view,modeling_bert,BertPreTrainedModel,__init__,2,1,0
jessevig_bertviz.bertviz.transformers_neuron_view,modeling_bert,BertPreTrainedModel,init_weights,10,5,1
jessevig_bertviz.bertviz.transformers_neuron_view,modeling_bert,BertModel,__init__,7,1,1
jessevig_bertviz.bertviz.transformers_neuron_view,modeling_bert,BertModel,_resize_token_embeddings,5,1,1
jessevig_bertviz.bertviz.transformers_neuron_view,modeling_bert,BertModel,_prune_heads,4,2,1
jessevig_bertviz.bertviz.transformers_neuron_view,modeling_bert,BertModel,forward,25,6,5
jessevig_bertviz.bertviz.transformers_neuron_view,modeling_bert,BertForPreTraining,__init__,6,1,1
jessevig_bertviz.bertviz.transformers_neuron_view,modeling_bert,BertForPreTraining,tie_weights,4,1,0
jessevig_bertviz.bertviz.transformers_neuron_view,modeling_bert,BertForPreTraining,forward,13,3,7
jessevig_bertviz.bertviz.transformers_neuron_view,modeling_bert,BertForMaskedLM,__init__,6,1,1
jessevig_bertviz.bertviz.transformers_neuron_view,modeling_bert,BertForMaskedLM,tie_weights,4,1,0
jessevig_bertviz.bertviz.transformers_neuron_view,modeling_bert,BertForMaskedLM,forward,11,2,6
jessevig_bertviz.bertviz.transformers_neuron_view,modeling_bert,BertForNextSentencePrediction,__init__,5,1,1
jessevig_bertviz.bertviz.transformers_neuron_view,modeling_bert,BertForNextSentencePrediction,forward,11,2,6
jessevig_bertviz.bertviz.transformers_neuron_view,modeling_bert,BertForSequenceClassification,__init__,7,1,1
jessevig_bertviz.bertviz.transformers_neuron_view,modeling_bert,BertForSequenceClassification,forward,17,3,6
jessevig_bertviz.bertviz.transformers_neuron_view,modeling_bert,BertForMultipleChoice,__init__,6,1,1
jessevig_bertviz.bertviz.transformers_neuron_view,modeling_bert,BertForMultipleChoice,forward,18,2,6
jessevig_bertviz.bertviz.transformers_neuron_view,modeling_bert,BertForTokenClassification,__init__,7,1,1
jessevig_bertviz.bertviz.transformers_neuron_view,modeling_bert,BertForTokenClassification,forward,19,3,6
jessevig_bertviz.bertviz.transformers_neuron_view,modeling_bert,BertForQuestionAnswering,__init__,6,1,1
jessevig_bertviz.bertviz.transformers_neuron_view,modeling_bert,BertForQuestionAnswering,forward,26,5,7
jessevig_bertviz.bertviz.transformers_neuron_view,modeling_bert,,load_tf_weights_in_bert,61,18,3
jessevig_bertviz.bertviz.transformers_neuron_view,modeling_bert,,gelu,3,1,1
jessevig_bertviz.bertviz.transformers_neuron_view,modeling_bert,,swish,2,1,1
jessevig_bertviz.bertviz.transformers_neuron_view,modeling_gpt2,GPT2Config,__init__,33,6,17
jessevig_bertviz.bertviz.transformers_neuron_view,modeling_gpt2,GPT2Config,max_position_embeddings,2,1,0
jessevig_bertviz.bertviz.transformers_neuron_view,modeling_gpt2,GPT2Config,hidden_size,2,1,0
jessevig_bertviz.bertviz.transformers_neuron_view,modeling_gpt2,GPT2Config,num_attention_heads,2,1,0
jessevig_bertviz.bertviz.transformers_neuron_view,modeling_gpt2,GPT2Config,num_hidden_layers,2,1,0
jessevig_bertviz.bertviz.transformers_neuron_view,modeling_gpt2,Attention,__init__,13,1,4
jessevig_bertviz.bertviz.transformers_neuron_view,modeling_gpt2,Attention,prune_heads,13,3,1
jessevig_bertviz.bertviz.transformers_neuron_view,modeling_gpt2,Attention,_attn,15,4,4
jessevig_bertviz.bertviz.transformers_neuron_view,modeling_gpt2,Attention,merge_heads,4,1,1
jessevig_bertviz.bertviz.transformers_neuron_view,modeling_gpt2,Attention,split_heads,7,1,2
jessevig_bertviz.bertviz.transformers_neuron_view,modeling_gpt2,Attention,forward,27,3,3
jessevig_bertviz.bertviz.transformers_neuron_view,modeling_gpt2,MLP,__init__,7,1,2
jessevig_bertviz.bertviz.transformers_neuron_view,modeling_gpt2,MLP,forward,4,1,1
jessevig_bertviz.bertviz.transformers_neuron_view,modeling_gpt2,Block,__init__,7,1,3
jessevig_bertviz.bertviz.transformers_neuron_view,modeling_gpt2,Block,forward,8,1,3
jessevig_bertviz.bertviz.transformers_neuron_view,modeling_gpt2,GPT2PreTrainedModel,__init__,2,1,0
jessevig_bertviz.bertviz.transformers_neuron_view,modeling_gpt2,GPT2PreTrainedModel,init_weights,10,5,1
jessevig_bertviz.bertviz.transformers_neuron_view,modeling_gpt2,GPT2Model,__init__,11,1,1
jessevig_bertviz.bertviz.transformers_neuron_view,modeling_gpt2,GPT2Model,_resize_token_embeddings,3,1,1
jessevig_bertviz.bertviz.transformers_neuron_view,modeling_gpt2,GPT2Model,_prune_heads,4,2,1
jessevig_bertviz.bertviz.transformers_neuron_view,modeling_gpt2,GPT2Model,forward,57,13,5
jessevig_bertviz.bertviz.transformers_neuron_view,modeling_gpt2,GPT2LMHeadModel,__init__,6,1,1
jessevig_bertviz.bertviz.transformers_neuron_view,modeling_gpt2,GPT2LMHeadModel,tie_weights,4,1,0
jessevig_bertviz.bertviz.transformers_neuron_view,modeling_gpt2,GPT2LMHeadModel,forward,16,2,6
jessevig_bertviz.bertviz.transformers_neuron_view,modeling_gpt2,GPT2DoubleHeadsModel,__init__,6,1,1
jessevig_bertviz.bertviz.transformers_neuron_view,modeling_gpt2,GPT2DoubleHeadsModel,tie_weights,4,1,0
jessevig_bertviz.bertviz.transformers_neuron_view,modeling_gpt2,GPT2DoubleHeadsModel,forward,20,3,8
jessevig_bertviz.bertviz.transformers_neuron_view,modeling_gpt2,,load_tf_weights_in_gpt2,48,13,3
jessevig_bertviz.bertviz.transformers_neuron_view,modeling_gpt2,,gelu,2,1,1
jessevig_bertviz.bertviz.transformers_neuron_view,modeling_openai,OpenAIGPTConfig,__init__,34,6,19
jessevig_bertviz.bertviz.transformers_neuron_view,modeling_openai,OpenAIGPTConfig,max_position_embeddings,2,1,0
jessevig_bertviz.bertviz.transformers_neuron_view,modeling_openai,OpenAIGPTConfig,hidden_size,2,1,0
jessevig_bertviz.bertviz.transformers_neuron_view,modeling_openai,OpenAIGPTConfig,num_attention_heads,2,1,0
jessevig_bertviz.bertviz.transformers_neuron_view,modeling_openai,OpenAIGPTConfig,num_hidden_layers,2,1,0
jessevig_bertviz.bertviz.transformers_neuron_view,modeling_openai,Attention,__init__,13,1,4
jessevig_bertviz.bertviz.transformers_neuron_view,modeling_openai,Attention,prune_heads,13,3,1
jessevig_bertviz.bertviz.transformers_neuron_view,modeling_openai,Attention,_attn,14,4,4
jessevig_bertviz.bertviz.transformers_neuron_view,modeling_openai,Attention,merge_heads,4,1,1
jessevig_bertviz.bertviz.transformers_neuron_view,modeling_openai,Attention,split_heads,7,1,2
jessevig_bertviz.bertviz.transformers_neuron_view,modeling_openai,Attention,forward,13,1,2
jessevig_bertviz.bertviz.transformers_neuron_view,modeling_openai,MLP,__init__,7,1,2
jessevig_bertviz.bertviz.transformers_neuron_view,modeling_openai,MLP,forward,4,1,1
jessevig_bertviz.bertviz.transformers_neuron_view,modeling_openai,Block,__init__,7,1,3
jessevig_bertviz.bertviz.transformers_neuron_view,modeling_openai,Block,forward,8,1,2
jessevig_bertviz.bertviz.transformers_neuron_view,modeling_openai,OpenAIGPTPreTrainedModel,__init__,2,1,0
jessevig_bertviz.bertviz.transformers_neuron_view,modeling_openai,OpenAIGPTPreTrainedModel,init_weights,10,5,1
jessevig_bertviz.bertviz.transformers_neuron_view,modeling_openai,OpenAIGPTModel,__init__,9,1,1
jessevig_bertviz.bertviz.transformers_neuron_view,modeling_openai,OpenAIGPTModel,_resize_token_embeddings,3,1,1
jessevig_bertviz.bertviz.transformers_neuron_view,modeling_openai,OpenAIGPTModel,_prune_heads,4,2,1
jessevig_bertviz.bertviz.transformers_neuron_view,modeling_openai,OpenAIGPTModel,forward,48,12,4
jessevig_bertviz.bertviz.transformers_neuron_view,modeling_openai,OpenAIGPTLMHeadModel,__init__,6,1,1
jessevig_bertviz.bertviz.transformers_neuron_view,modeling_openai,OpenAIGPTLMHeadModel,tie_weights,4,1,0
jessevig_bertviz.bertviz.transformers_neuron_view,modeling_openai,OpenAIGPTLMHeadModel,forward,16,2,5
jessevig_bertviz.bertviz.transformers_neuron_view,modeling_openai,OpenAIGPTDoubleHeadsModel,__init__,7,1,1
jessevig_bertviz.bertviz.transformers_neuron_view,modeling_openai,OpenAIGPTDoubleHeadsModel,tie_weights,4,1,0
jessevig_bertviz.bertviz.transformers_neuron_view,modeling_openai,OpenAIGPTDoubleHeadsModel,forward,20,3,7
jessevig_bertviz.bertviz.transformers_neuron_view,modeling_openai,,load_tf_weights_in_openai_gpt,60,12,3
jessevig_bertviz.bertviz.transformers_neuron_view,modeling_openai,,gelu,2,1,1
jessevig_bertviz.bertviz.transformers_neuron_view,modeling_openai,,swish,2,1,1
jessevig_bertviz.bertviz.transformers_neuron_view,modeling_roberta,RobertaEmbeddings,__init__,3,1,1
jessevig_bertviz.bertviz.transformers_neuron_view,modeling_roberta,RobertaEmbeddings,forward,8,2,3
jessevig_bertviz.bertviz.transformers_neuron_view,modeling_roberta,RobertaModel,__init__,4,1,1
jessevig_bertviz.bertviz.transformers_neuron_view,modeling_roberta,RobertaModel,forward,6,2,5
jessevig_bertviz.bertviz.transformers_neuron_view,modeling_roberta,RobertaForMaskedLM,__init__,6,1,1
jessevig_bertviz.bertviz.transformers_neuron_view,modeling_roberta,RobertaForMaskedLM,tie_weights,3,1,0
jessevig_bertviz.bertviz.transformers_neuron_view,modeling_roberta,RobertaForMaskedLM,forward,11,2,6
jessevig_bertviz.bertviz.transformers_neuron_view,modeling_roberta,RobertaLMHead,__init__,6,1,1
jessevig_bertviz.bertviz.transformers_neuron_view,modeling_roberta,RobertaLMHead,forward,6,1,1
jessevig_bertviz.bertviz.transformers_neuron_view,modeling_roberta,RobertaForSequenceClassification,__init__,5,1,1
jessevig_bertviz.bertviz.transformers_neuron_view,modeling_roberta,RobertaForSequenceClassification,forward,16,3,6
jessevig_bertviz.bertviz.transformers_neuron_view,modeling_roberta,RobertaClassificationHead,__init__,5,1,1
jessevig_bertviz.bertviz.transformers_neuron_view,modeling_roberta,RobertaClassificationHead,forward,8,1,1
jessevig_bertviz.bertviz.transformers_neuron_view,modeling_transfo_xl,TransfoXLConfig,__init__,43,7,27
jessevig_bertviz.bertviz.transformers_neuron_view,modeling_transfo_xl,TransfoXLConfig,max_position_embeddings,2,1,0
jessevig_bertviz.bertviz.transformers_neuron_view,modeling_transfo_xl,TransfoXLConfig,vocab_size,2,1,0
jessevig_bertviz.bertviz.transformers_neuron_view,modeling_transfo_xl,TransfoXLConfig,vocab_size,2,1,1
jessevig_bertviz.bertviz.transformers_neuron_view,modeling_transfo_xl,TransfoXLConfig,hidden_size,2,1,0
jessevig_bertviz.bertviz.transformers_neuron_view,modeling_transfo_xl,TransfoXLConfig,num_attention_heads,2,1,0
jessevig_bertviz.bertviz.transformers_neuron_view,modeling_transfo_xl,TransfoXLConfig,num_hidden_layers,2,1,0
jessevig_bertviz.bertviz.transformers_neuron_view,modeling_transfo_xl,PositionalEmbedding,__init__,5,1,1
jessevig_bertviz.bertviz.transformers_neuron_view,modeling_transfo_xl,PositionalEmbedding,forward,7,1,2
jessevig_bertviz.bertviz.transformers_neuron_view,modeling_transfo_xl,PositionwiseFF,__init__,13,1,4
jessevig_bertviz.bertviz.transformers_neuron_view,modeling_transfo_xl,PositionwiseFF,forward,14,2,1
jessevig_bertviz.bertviz.transformers_neuron_view,modeling_transfo_xl,MultiHeadAttn,__init__,21,3,9
jessevig_bertviz.bertviz.transformers_neuron_view,modeling_transfo_xl,MultiHeadAttn,forward,38,10,4
jessevig_bertviz.bertviz.transformers_neuron_view,modeling_transfo_xl,RelMultiHeadAttn,__init__,20,3,12
jessevig_bertviz.bertviz.transformers_neuron_view,modeling_transfo_xl,RelMultiHeadAttn,_parallelogram_mask,9,1,3
jessevig_bertviz.bertviz.transformers_neuron_view,modeling_transfo_xl,RelMultiHeadAttn,_shift,14,3,5
jessevig_bertviz.bertviz.transformers_neuron_view,modeling_transfo_xl,RelMultiHeadAttn,_rel_shift,11,2,2
jessevig_bertviz.bertviz.transformers_neuron_view,modeling_transfo_xl,RelMultiHeadAttn,forward,2,1,4
jessevig_bertviz.bertviz.transformers_neuron_view,modeling_transfo_xl,RelPartialLearnableMultiHeadAttn,__init__,3,1,0
jessevig_bertviz.bertviz.transformers_neuron_view,modeling_transfo_xl,RelPartialLearnableMultiHeadAttn,forward,57,11,5
jessevig_bertviz.bertviz.transformers_neuron_view,modeling_transfo_xl,RelLearnableMultiHeadAttn,__init__,2,1,0
jessevig_bertviz.bertviz.transformers_neuron_view,modeling_transfo_xl,RelLearnableMultiHeadAttn,forward,59,12,7
jessevig_bertviz.bertviz.transformers_neuron_view,modeling_transfo_xl,DecoderLayer,__init__,5,1,5
jessevig_bertviz.bertviz.transformers_neuron_view,modeling_transfo_xl,DecoderLayer,forward,6,1,4
jessevig_bertviz.bertviz.transformers_neuron_view,modeling_transfo_xl,RelLearnableDecoderLayer,__init__,6,1,5
jessevig_bertviz.bertviz.transformers_neuron_view,modeling_transfo_xl,RelLearnableDecoderLayer,forward,7,1,7
jessevig_bertviz.bertviz.transformers_neuron_view,modeling_transfo_xl,RelPartialLearnableDecoderLayer,__init__,6,1,5
jessevig_bertviz.bertviz.transformers_neuron_view,modeling_transfo_xl,RelPartialLearnableDecoderLayer,forward,7,1,5
jessevig_bertviz.bertviz.transformers_neuron_view,modeling_transfo_xl,AdaptiveEmbedding,__init__,23,4,6
jessevig_bertviz.bertviz.transformers_neuron_view,modeling_transfo_xl,AdaptiveEmbedding,forward,29,5,1
jessevig_bertviz.bertviz.transformers_neuron_view,modeling_transfo_xl,TransfoXLPreTrainedModel,__init__,2,1,0
jessevig_bertviz.bertviz.transformers_neuron_view,modeling_transfo_xl,TransfoXLPreTrainedModel,_init_weight,5,3,1
jessevig_bertviz.bertviz.transformers_neuron_view,modeling_transfo_xl,TransfoXLPreTrainedModel,_init_bias,2,1,1
jessevig_bertviz.bertviz.transformers_neuron_view,modeling_transfo_xl,TransfoXLPreTrainedModel,init_weights,38,28,1
jessevig_bertviz.bertviz.transformers_neuron_view,modeling_transfo_xl,TransfoXLPreTrainedModel,set_num_special_tokens,2,1,1
jessevig_bertviz.bertviz.transformers_neuron_view,modeling_transfo_xl,TransfoXLModel,__init__,70,12,1
jessevig_bertviz.bertviz.transformers_neuron_view,modeling_transfo_xl,TransfoXLModel,_resize_token_embeddings,2,1,1
jessevig_bertviz.bertviz.transformers_neuron_view,modeling_transfo_xl,TransfoXLModel,backward_compatible,2,1,0
jessevig_bertviz.bertviz.transformers_neuron_view,modeling_transfo_xl,TransfoXLModel,reset_length,4,1,3
jessevig_bertviz.bertviz.transformers_neuron_view,modeling_transfo_xl,TransfoXLModel,_prune_heads,3,1,1
jessevig_bertviz.bertviz.transformers_neuron_view,modeling_transfo_xl,TransfoXLModel,init_mems,12,2,1
jessevig_bertviz.bertviz.transformers_neuron_view,modeling_transfo_xl,TransfoXLModel,_update_mems,12,2,4
jessevig_bertviz.bertviz.transformers_neuron_view,modeling_transfo_xl,TransfoXLModel,_forward,117,28,3
jessevig_bertviz.bertviz.transformers_neuron_view,modeling_transfo_xl,TransfoXLModel,forward,6,2,3
jessevig_bertviz.bertviz.transformers_neuron_view,modeling_transfo_xl,TransfoXLLMHeadModel,__init__,13,2,1
jessevig_bertviz.bertviz.transformers_neuron_view,modeling_transfo_xl,TransfoXLLMHeadModel,tie_weights,24,13,0
jessevig_bertviz.bertviz.transformers_neuron_view,modeling_transfo_xl,TransfoXLLMHeadModel,reset_length,2,1,3
jessevig_bertviz.bertviz.transformers_neuron_view,modeling_transfo_xl,TransfoXLLMHeadModel,init_mems,2,1,1
jessevig_bertviz.bertviz.transformers_neuron_view,modeling_transfo_xl,TransfoXLLMHeadModel,forward,24,5,4
jessevig_bertviz.bertviz.transformers_neuron_view,modeling_transfo_xl,,build_tf_to_pytorch_map,62,9,2
jessevig_bertviz.bertviz.transformers_neuron_view,modeling_transfo_xl,,load_tf_weights_in_transfo_xl,47,12,3
jessevig_bertviz.bertviz.transformers_neuron_view,modeling_transfo_xl_utilities,ProjectedAdaptiveLogSoftmax,__init__,37,6,6
jessevig_bertviz.bertviz.transformers_neuron_view,modeling_transfo_xl_utilities,ProjectedAdaptiveLogSoftmax,_compute_logit,8,2,4
jessevig_bertviz.bertviz.transformers_neuron_view,modeling_transfo_xl_utilities,ProjectedAdaptiveLogSoftmax,forward,90,19,3
jessevig_bertviz.bertviz.transformers_neuron_view,modeling_transfo_xl_utilities,ProjectedAdaptiveLogSoftmax,log_prob,49,6,1
jessevig_bertviz.bertviz.transformers_neuron_view,modeling_transfo_xl_utilities,LogUniformSampler,__init__,10,1,2
jessevig_bertviz.bertviz.transformers_neuron_view,modeling_transfo_xl_utilities,LogUniformSampler,sample,12,1,1
jessevig_bertviz.bertviz.transformers_neuron_view,modeling_transfo_xl_utilities,,sample_logits,21,1,5
jessevig_bertviz.bertviz.transformers_neuron_view,modeling_utils,PretrainedConfig,__init__,6,1,0
jessevig_bertviz.bertviz.transformers_neuron_view,modeling_utils,PretrainedConfig,save_pretrained,5,1,1
jessevig_bertviz.bertviz.transformers_neuron_view,modeling_utils,PretrainedConfig,from_pretrained,45,8,2
jessevig_bertviz.bertviz.transformers_neuron_view,modeling_utils,PretrainedConfig,from_dict,5,2,2
jessevig_bertviz.bertviz.transformers_neuron_view,modeling_utils,PretrainedConfig,from_json_file,4,1,2
jessevig_bertviz.bertviz.transformers_neuron_view,modeling_utils,PretrainedConfig,__eq__,2,1,1
jessevig_bertviz.bertviz.transformers_neuron_view,modeling_utils,PretrainedConfig,__repr__,2,1,0
jessevig_bertviz.bertviz.transformers_neuron_view,modeling_utils,PretrainedConfig,to_dict,3,1,0
jessevig_bertviz.bertviz.transformers_neuron_view,modeling_utils,PretrainedConfig,to_json_string,2,1,0
jessevig_bertviz.bertviz.transformers_neuron_view,modeling_utils,PretrainedConfig,to_json_file,3,1,1
jessevig_bertviz.bertviz.transformers_neuron_view,modeling_utils,PreTrainedModel,__init__,10,2,1
jessevig_bertviz.bertviz.transformers_neuron_view,modeling_utils,PreTrainedModel,_get_resized_embeddings,13,1,2
jessevig_bertviz.bertviz.transformers_neuron_view,modeling_utils,PreTrainedModel,_tie_or_clone_weights,5,2,2
jessevig_bertviz.bertviz.transformers_neuron_view,modeling_utils,PreTrainedModel,resize_token_embeddings,11,2,1
jessevig_bertviz.bertviz.transformers_neuron_view,modeling_utils,PreTrainedModel,prune_heads,10,1,1
jessevig_bertviz.bertviz.transformers_neuron_view,modeling_utils,PreTrainedModel,save_pretrained,7,1,1
jessevig_bertviz.bertviz.transformers_neuron_view,modeling_utils,PreTrainedModel,from_pretrained,107,26,2
jessevig_bertviz.bertviz.transformers_neuron_view,modeling_utils,Conv1D,__init__,8,1,2
jessevig_bertviz.bertviz.transformers_neuron_view,modeling_utils,Conv1D,forward,5,1,1
jessevig_bertviz.bertviz.transformers_neuron_view,modeling_utils,PoolerStartLogits,__init__,3,1,1
jessevig_bertviz.bertviz.transformers_neuron_view,modeling_utils,PoolerStartLogits,forward,6,2,2
jessevig_bertviz.bertviz.transformers_neuron_view,modeling_utils,PoolerEndLogits,__init__,6,1,1
jessevig_bertviz.bertviz.transformers_neuron_view,modeling_utils,PoolerEndLogits,forward,15,4,4
jessevig_bertviz.bertviz.transformers_neuron_view,modeling_utils,PoolerAnswerClass,__init__,5,1,1
jessevig_bertviz.bertviz.transformers_neuron_view,modeling_utils,PoolerAnswerClass,forward,17,4,4
jessevig_bertviz.bertviz.transformers_neuron_view,modeling_utils,SQuADHead,__init__,7,1,1
jessevig_bertviz.bertviz.transformers_neuron_view,modeling_utils,SQuADHead,forward,52,8,6
jessevig_bertviz.bertviz.transformers_neuron_view,modeling_utils,SequenceSummary,__init__,24,12,1
jessevig_bertviz.bertviz.transformers_neuron_view,modeling_utils,SequenceSummary,forward,23,7,2
jessevig_bertviz.bertviz.transformers_neuron_view,modeling_utils,,prune_linear_layer,20,4,3
jessevig_bertviz.bertviz.transformers_neuron_view,modeling_utils,,prune_conv1d_layer,18,2,3
jessevig_bertviz.bertviz.transformers_neuron_view,modeling_utils,,prune_layer,8,2,3
jessevig_bertviz.bertviz.transformers_neuron_view,modeling_xlm,XLMConfig,__init__,42,6,30
jessevig_bertviz.bertviz.transformers_neuron_view,modeling_xlm,XLMConfig,vocab_size,2,1,0
jessevig_bertviz.bertviz.transformers_neuron_view,modeling_xlm,XLMConfig,vocab_size,2,1,1
jessevig_bertviz.bertviz.transformers_neuron_view,modeling_xlm,XLMConfig,hidden_size,2,1,0
jessevig_bertviz.bertviz.transformers_neuron_view,modeling_xlm,XLMConfig,num_attention_heads,2,1,0
jessevig_bertviz.bertviz.transformers_neuron_view,modeling_xlm,XLMConfig,num_hidden_layers,2,1,0
jessevig_bertviz.bertviz.transformers_neuron_view,modeling_xlm,MultiHeadAttention,__init__,12,1,3
jessevig_bertviz.bertviz.transformers_neuron_view,modeling_xlm,MultiHeadAttention,prune_heads,15,3,1
jessevig_bertviz.bertviz.transformers_neuron_view,modeling_xlm,MultiHeadAttention,forward,48,8,5
jessevig_bertviz.bertviz.transformers_neuron_view,modeling_xlm,TransformerFFN,__init__,6,1,4
jessevig_bertviz.bertviz.transformers_neuron_view,modeling_xlm,TransformerFFN,forward,6,1,1
jessevig_bertviz.bertviz.transformers_neuron_view,modeling_xlm,XLMPreTrainedModel,__init__,2,1,0
jessevig_bertviz.bertviz.transformers_neuron_view,modeling_xlm,XLMPreTrainedModel,init_weights,12,10,1
jessevig_bertviz.bertviz.transformers_neuron_view,modeling_xlm,XLMModel,__init__,41,5,1
jessevig_bertviz.bertviz.transformers_neuron_view,modeling_xlm,XLMModel,_resize_token_embeddings,3,1,1
jessevig_bertviz.bertviz.transformers_neuron_view,modeling_xlm,XLMModel,_prune_heads,4,2,1
jessevig_bertviz.bertviz.transformers_neuron_view,modeling_xlm,XLMModel,forward,76,18,8
jessevig_bertviz.bertviz.transformers_neuron_view,modeling_xlm,XLMPredLayer,__init__,16,2,1
jessevig_bertviz.bertviz.transformers_neuron_view,modeling_xlm,XLMPredLayer,forward,15,4,2
jessevig_bertviz.bertviz.transformers_neuron_view,modeling_xlm,XLMWithLMHeadModel,__init__,6,1,1
jessevig_bertviz.bertviz.transformers_neuron_view,modeling_xlm,XLMWithLMHeadModel,tie_weights,2,1,0
jessevig_bertviz.bertviz.transformers_neuron_view,modeling_xlm,XLMWithLMHeadModel,forward,8,1,9
jessevig_bertviz.bertviz.transformers_neuron_view,modeling_xlm,XLMForSequenceClassification,__init__,6,1,1
jessevig_bertviz.bertviz.transformers_neuron_view,modeling_xlm,XLMForSequenceClassification,forward,17,3,9
jessevig_bertviz.bertviz.transformers_neuron_view,modeling_xlm,XLMForQuestionAnswering,__init__,5,1,1
jessevig_bertviz.bertviz.transformers_neuron_view,modeling_xlm,XLMForQuestionAnswering,forward,9,1,13
jessevig_bertviz.bertviz.transformers_neuron_view,modeling_xlm,,create_sinusoidal_embeddings,9,1,3
jessevig_bertviz.bertviz.transformers_neuron_view,modeling_xlm,,gelu,4,1,1
jessevig_bertviz.bertviz.transformers_neuron_view,modeling_xlm,,get_masks,17,4,4
jessevig_bertviz.bertviz.transformers_neuron_view,modeling_xlnet,XLNetConfig,__init__,41,6,24
jessevig_bertviz.bertviz.transformers_neuron_view,modeling_xlnet,XLNetConfig,max_position_embeddings,2,1,0
jessevig_bertviz.bertviz.transformers_neuron_view,modeling_xlnet,XLNetConfig,vocab_size,2,1,0
jessevig_bertviz.bertviz.transformers_neuron_view,modeling_xlnet,XLNetConfig,vocab_size,2,1,1
jessevig_bertviz.bertviz.transformers_neuron_view,modeling_xlnet,XLNetConfig,hidden_size,2,1,0
jessevig_bertviz.bertviz.transformers_neuron_view,modeling_xlnet,XLNetConfig,num_attention_heads,2,1,0
jessevig_bertviz.bertviz.transformers_neuron_view,modeling_xlnet,XLNetConfig,num_hidden_layers,2,1,0
jessevig_bertviz.bertviz.transformers_neuron_view,modeling_xlnet,XLNetRelativeAttention,__init__,22,2,1
jessevig_bertviz.bertviz.transformers_neuron_view,modeling_xlnet,XLNetRelativeAttention,prune_heads,2,1,1
jessevig_bertviz.bertviz.transformers_neuron_view,modeling_xlnet,XLNetRelativeAttention,rel_shift,7,1,2
jessevig_bertviz.bertviz.transformers_neuron_view,modeling_xlnet,XLNetRelativeAttention,rel_attn_core,21,4,7
jessevig_bertviz.bertviz.transformers_neuron_view,modeling_xlnet,XLNetRelativeAttention,post_attention,7,2,3
jessevig_bertviz.bertviz.transformers_neuron_view,modeling_xlnet,XLNetRelativeAttention,forward,92,13,9
jessevig_bertviz.bertviz.transformers_neuron_view,modeling_xlnet,XLNetFeedForward,__init__,11,4,1
jessevig_bertviz.bertviz.transformers_neuron_view,modeling_xlnet,XLNetFeedForward,forward,9,1,1
jessevig_bertviz.bertviz.transformers_neuron_view,modeling_xlnet,XLNetLayer,__init__,5,1,1
jessevig_bertviz.bertviz.transformers_neuron_view,modeling_xlnet,XLNetLayer,forward,10,2,9
jessevig_bertviz.bertviz.transformers_neuron_view,modeling_xlnet,XLNetPreTrainedModel,__init__,2,1,0
jessevig_bertviz.bertviz.transformers_neuron_view,modeling_xlnet,XLNetPreTrainedModel,init_weights,17,8,1
jessevig_bertviz.bertviz.transformers_neuron_view,modeling_xlnet,XLNetModel,__init__,18,1,1
jessevig_bertviz.bertviz.transformers_neuron_view,modeling_xlnet,XLNetModel,_resize_token_embeddings,3,1,1
jessevig_bertviz.bertviz.transformers_neuron_view,modeling_xlnet,XLNetModel,_prune_heads,2,1,1
jessevig_bertviz.bertviz.transformers_neuron_view,modeling_xlnet,XLNetModel,create_mask,13,2,2
jessevig_bertviz.bertviz.transformers_neuron_view,modeling_xlnet,XLNetModel,cache_mem,12,5,2
jessevig_bertviz.bertviz.transformers_neuron_view,modeling_xlnet,XLNetModel,positional_embedding,7,2,3
jessevig_bertviz.bertviz.transformers_neuron_view,modeling_xlnet,XLNetModel,relative_positional_encoding,34,7,3
jessevig_bertviz.bertviz.transformers_neuron_view,modeling_xlnet,XLNetModel,forward,109,29,8
jessevig_bertviz.bertviz.transformers_neuron_view,modeling_xlnet,XLNetLMHeadModel,__init__,8,1,1
jessevig_bertviz.bertviz.transformers_neuron_view,modeling_xlnet,XLNetLMHeadModel,tie_weights,2,1,0
jessevig_bertviz.bertviz.transformers_neuron_view,modeling_xlnet,XLNetLMHeadModel,forward,14,2,9
jessevig_bertviz.bertviz.transformers_neuron_view,modeling_xlnet,XLNetForSequenceClassification,__init__,7,1,1
jessevig_bertviz.bertviz.transformers_neuron_view,modeling_xlnet,XLNetForSequenceClassification,forward,19,3,9
jessevig_bertviz.bertviz.transformers_neuron_view,modeling_xlnet,XLNetForQuestionAnswering,__init__,9,1,1
jessevig_bertviz.bertviz.transformers_neuron_view,modeling_xlnet,XLNetForQuestionAnswering,forward,57,8,13
jessevig_bertviz.bertviz.transformers_neuron_view,modeling_xlnet,,build_tf_xlnet_to_pytorch_map,58,10,3
jessevig_bertviz.bertviz.transformers_neuron_view,modeling_xlnet,,load_tf_weights_in_xlnet,51,12,3
jessevig_bertviz.bertviz.transformers_neuron_view,modeling_xlnet,,gelu,4,1,1
jessevig_bertviz.bertviz.transformers_neuron_view,modeling_xlnet,,swish,2,1,1
jessevig_bertviz.bertviz.transformers_neuron_view,tokenization_bert,BertTokenizer,__init__,18,3,10
jessevig_bertviz.bertviz.transformers_neuron_view,tokenization_bert,BertTokenizer,vocab_size,2,1,0
jessevig_bertviz.bertviz.transformers_neuron_view,tokenization_bert,BertTokenizer,_tokenize,9,4,1
jessevig_bertviz.bertviz.transformers_neuron_view,tokenization_bert,BertTokenizer,_convert_token_to_id,2,1,1
jessevig_bertviz.bertviz.transformers_neuron_view,tokenization_bert,BertTokenizer,_convert_id_to_token,2,1,1
jessevig_bertviz.bertviz.transformers_neuron_view,tokenization_bert,BertTokenizer,convert_tokens_to_string,3,1,1
jessevig_bertviz.bertviz.transformers_neuron_view,tokenization_bert,BertTokenizer,add_special_tokens_single_sentence,4,1,1
jessevig_bertviz.bertviz.transformers_neuron_view,tokenization_bert,BertTokenizer,add_special_tokens_sentences_pair,6,1,2
jessevig_bertviz.bertviz.transformers_neuron_view,tokenization_bert,BertTokenizer,save_vocabulary,13,4,1
jessevig_bertviz.bertviz.transformers_neuron_view,tokenization_bert,BertTokenizer,from_pretrained,13,6,2
jessevig_bertviz.bertviz.transformers_neuron_view,tokenization_bert,BasicTokenizer,__init__,7,2,3
jessevig_bertviz.bertviz.transformers_neuron_view,tokenization_bert,BasicTokenizer,tokenize,15,5,2
jessevig_bertviz.bertviz.transformers_neuron_view,tokenization_bert,BasicTokenizer,_run_strip_accents,9,3,1
jessevig_bertviz.bertviz.transformers_neuron_view,tokenization_bert,BasicTokenizer,_run_split_on_punc,19,5,2
jessevig_bertviz.bertviz.transformers_neuron_view,tokenization_bert,BasicTokenizer,_tokenize_chinese_chars,11,3,1
jessevig_bertviz.bertviz.transformers_neuron_view,tokenization_bert,BasicTokenizer,_is_chinese_char,11,10,1
jessevig_bertviz.bertviz.transformers_neuron_view,tokenization_bert,BasicTokenizer,_clean_text,11,5,1
jessevig_bertviz.bertviz.transformers_neuron_view,tokenization_bert,WordpieceTokenizer,__init__,4,1,3
jessevig_bertviz.bertviz.transformers_neuron_view,tokenization_bert,WordpieceTokenizer,tokenize,34,9,1
jessevig_bertviz.bertviz.transformers_neuron_view,tokenization_bert,,load_vocab,8,2,1
jessevig_bertviz.bertviz.transformers_neuron_view,tokenization_bert,,whitespace_tokenize,6,1,1
jessevig_bertviz.bertviz.transformers_neuron_view,tokenization_bert,,_is_whitespace,7,2,1
jessevig_bertviz.bertviz.transformers_neuron_view,tokenization_bert,,_is_control,7,2,1
jessevig_bertviz.bertviz.transformers_neuron_view,tokenization_bert,,_is_punctuation,9,6,1
jessevig_bertviz.bertviz.transformers_neuron_view,tokenization_gpt2,GPT2Tokenizer,__init__,12,1,6
jessevig_bertviz.bertviz.transformers_neuron_view,tokenization_gpt2,GPT2Tokenizer,vocab_size,2,1,0
jessevig_bertviz.bertviz.transformers_neuron_view,tokenization_gpt2,GPT2Tokenizer,bpe,38,8,1
jessevig_bertviz.bertviz.transformers_neuron_view,tokenization_gpt2,GPT2Tokenizer,_tokenize,9,3,1
jessevig_bertviz.bertviz.transformers_neuron_view,tokenization_gpt2,GPT2Tokenizer,_convert_token_to_id,2,1,1
jessevig_bertviz.bertviz.transformers_neuron_view,tokenization_gpt2,GPT2Tokenizer,_convert_id_to_token,2,1,1
jessevig_bertviz.bertviz.transformers_neuron_view,tokenization_gpt2,GPT2Tokenizer,convert_tokens_to_string,4,1,1
jessevig_bertviz.bertviz.transformers_neuron_view,tokenization_gpt2,GPT2Tokenizer,save_vocabulary,19,3,1
jessevig_bertviz.bertviz.transformers_neuron_view,tokenization_gpt2,,bytes_to_unicode,14,3,0
jessevig_bertviz.bertviz.transformers_neuron_view,tokenization_gpt2,,get_pairs,8,2,1
jessevig_bertviz.bertviz.transformers_neuron_view,tokenization_openai,OpenAIGPTTokenizer,__init__,17,2,3
jessevig_bertviz.bertviz.transformers_neuron_view,tokenization_openai,OpenAIGPTTokenizer,vocab_size,2,1,0
jessevig_bertviz.bertviz.transformers_neuron_view,tokenization_openai,OpenAIGPTTokenizer,bpe,40,9,1
jessevig_bertviz.bertviz.transformers_neuron_view,tokenization_openai,OpenAIGPTTokenizer,_tokenize,13,4,1
jessevig_bertviz.bertviz.transformers_neuron_view,tokenization_openai,OpenAIGPTTokenizer,_convert_token_to_id,2,1,1
jessevig_bertviz.bertviz.transformers_neuron_view,tokenization_openai,OpenAIGPTTokenizer,_convert_id_to_token,2,1,1
jessevig_bertviz.bertviz.transformers_neuron_view,tokenization_openai,OpenAIGPTTokenizer,convert_tokens_to_string,3,1,1
jessevig_bertviz.bertviz.transformers_neuron_view,tokenization_openai,OpenAIGPTTokenizer,save_vocabulary,19,3,1
jessevig_bertviz.bertviz.transformers_neuron_view,tokenization_openai,,get_pairs,9,2,1
jessevig_bertviz.bertviz.transformers_neuron_view,tokenization_openai,,text_standardize,12,1,1
jessevig_bertviz.bertviz.transformers_neuron_view,tokenization_roberta,RobertaTokenizer,__init__,14,1,10
jessevig_bertviz.bertviz.transformers_neuron_view,tokenization_roberta,RobertaTokenizer,vocab_size,2,1,0
jessevig_bertviz.bertviz.transformers_neuron_view,tokenization_roberta,RobertaTokenizer,bpe,38,8,1
jessevig_bertviz.bertviz.transformers_neuron_view,tokenization_roberta,RobertaTokenizer,_tokenize,9,3,1
jessevig_bertviz.bertviz.transformers_neuron_view,tokenization_roberta,RobertaTokenizer,_convert_token_to_id,2,1,1
jessevig_bertviz.bertviz.transformers_neuron_view,tokenization_roberta,RobertaTokenizer,_convert_id_to_token,2,1,1
jessevig_bertviz.bertviz.transformers_neuron_view,tokenization_roberta,RobertaTokenizer,convert_tokens_to_string,4,1,1
jessevig_bertviz.bertviz.transformers_neuron_view,tokenization_roberta,RobertaTokenizer,add_special_tokens_single_sentence,4,1,1
jessevig_bertviz.bertviz.transformers_neuron_view,tokenization_roberta,RobertaTokenizer,add_special_tokens_sentences_pair,6,1,2
jessevig_bertviz.bertviz.transformers_neuron_view,tokenization_roberta,RobertaTokenizer,save_vocabulary,19,3,1
jessevig_bertviz.bertviz.transformers_neuron_view,tokenization_transfo_xl,TransfoXLTokenizer,__init__,24,6,11
jessevig_bertviz.bertviz.transformers_neuron_view,tokenization_transfo_xl,TransfoXLTokenizer,count_file,12,5,3
jessevig_bertviz.bertviz.transformers_neuron_view,tokenization_transfo_xl,TransfoXLTokenizer,count_sents,8,5,2
jessevig_bertviz.bertviz.transformers_neuron_view,tokenization_transfo_xl,TransfoXLTokenizer,_build_from_file,13,4,1
jessevig_bertviz.bertviz.transformers_neuron_view,tokenization_transfo_xl,TransfoXLTokenizer,save_vocabulary,5,2,1
jessevig_bertviz.bertviz.transformers_neuron_view,tokenization_transfo_xl,TransfoXLTokenizer,build_vocab,20,5,0
jessevig_bertviz.bertviz.transformers_neuron_view,tokenization_transfo_xl,TransfoXLTokenizer,encode_file,14,6,5
jessevig_bertviz.bertviz.transformers_neuron_view,tokenization_transfo_xl,TransfoXLTokenizer,encode_sents,10,6,3
jessevig_bertviz.bertviz.transformers_neuron_view,tokenization_transfo_xl,TransfoXLTokenizer,add_special,5,2,1
jessevig_bertviz.bertviz.transformers_neuron_view,tokenization_transfo_xl,TransfoXLTokenizer,add_symbol,4,2,1
jessevig_bertviz.bertviz.transformers_neuron_view,tokenization_transfo_xl,TransfoXLTokenizer,_convert_id_to_token,3,1,1
jessevig_bertviz.bertviz.transformers_neuron_view,tokenization_transfo_xl,TransfoXLTokenizer,_convert_token_to_id,15,2,1
jessevig_bertviz.bertviz.transformers_neuron_view,tokenization_transfo_xl,TransfoXLTokenizer,convert_tokens_to_string,3,1,1
jessevig_bertviz.bertviz.transformers_neuron_view,tokenization_transfo_xl,TransfoXLTokenizer,convert_to_tensor,2,1,1
jessevig_bertviz.bertviz.transformers_neuron_view,tokenization_transfo_xl,TransfoXLTokenizer,vocab_size,2,1,0
jessevig_bertviz.bertviz.transformers_neuron_view,tokenization_transfo_xl,TransfoXLTokenizer,_tokenize,14,3,3
jessevig_bertviz.bertviz.transformers_neuron_view,tokenization_transfo_xl,LMOrderedIterator,__init__,11,1,5
jessevig_bertviz.bertviz.transformers_neuron_view,tokenization_transfo_xl,LMOrderedIterator,get_batch,10,2,2
jessevig_bertviz.bertviz.transformers_neuron_view,tokenization_transfo_xl,LMOrderedIterator,get_fixlen_iter,3,2,1
jessevig_bertviz.bertviz.transformers_neuron_view,tokenization_transfo_xl,LMOrderedIterator,get_varlen_iter,11,3,4
jessevig_bertviz.bertviz.transformers_neuron_view,tokenization_transfo_xl,LMOrderedIterator,__iter__,2,1,0
jessevig_bertviz.bertviz.transformers_neuron_view,tokenization_transfo_xl,LMShuffledIterator,__init__,9,1,6
jessevig_bertviz.bertviz.transformers_neuron_view,tokenization_transfo_xl,LMShuffledIterator,get_sent_stream,5,2,0
jessevig_bertviz.bertviz.transformers_neuron_view,tokenization_transfo_xl,LMShuffledIterator,stream_iterator,44,9,1
jessevig_bertviz.bertviz.transformers_neuron_view,tokenization_transfo_xl,LMShuffledIterator,__iter__,4,2,0
jessevig_bertviz.bertviz.transformers_neuron_view,tokenization_transfo_xl,LMMultiFileIterator,__init__,8,1,7
jessevig_bertviz.bertviz.transformers_neuron_view,tokenization_transfo_xl,LMMultiFileIterator,get_sent_stream,6,2,1
jessevig_bertviz.bertviz.transformers_neuron_view,tokenization_transfo_xl,LMMultiFileIterator,__iter__,8,4,0
jessevig_bertviz.bertviz.transformers_neuron_view,tokenization_transfo_xl,TransfoXLCorpus,from_pretrained,37,7,3
jessevig_bertviz.bertviz.transformers_neuron_view,tokenization_transfo_xl,TransfoXLCorpus,__init__,6,1,0
jessevig_bertviz.bertviz.transformers_neuron_view,tokenization_transfo_xl,TransfoXLCorpus,build_corpus,34,7,2
jessevig_bertviz.bertviz.transformers_neuron_view,tokenization_transfo_xl,TransfoXLCorpus,get_iterator,14,7,1
jessevig_bertviz.bertviz.transformers_neuron_view,tokenization_transfo_xl,,get_lm_corpus,29,7,2
jessevig_bertviz.bertviz.transformers_neuron_view,tokenization_utils,PreTrainedTokenizer,bos_token,4,2,0
jessevig_bertviz.bertviz.transformers_neuron_view,tokenization_utils,PreTrainedTokenizer,eos_token,4,2,0
jessevig_bertviz.bertviz.transformers_neuron_view,tokenization_utils,PreTrainedTokenizer,unk_token,4,2,0
jessevig_bertviz.bertviz.transformers_neuron_view,tokenization_utils,PreTrainedTokenizer,sep_token,4,2,0
jessevig_bertviz.bertviz.transformers_neuron_view,tokenization_utils,PreTrainedTokenizer,pad_token,4,2,0
jessevig_bertviz.bertviz.transformers_neuron_view,tokenization_utils,PreTrainedTokenizer,cls_token,4,2,0
jessevig_bertviz.bertviz.transformers_neuron_view,tokenization_utils,PreTrainedTokenizer,mask_token,4,2,0
jessevig_bertviz.bertviz.transformers_neuron_view,tokenization_utils,PreTrainedTokenizer,additional_special_tokens,4,2,0
jessevig_bertviz.bertviz.transformers_neuron_view,tokenization_utils,PreTrainedTokenizer,bos_token,2,1,1
jessevig_bertviz.bertviz.transformers_neuron_view,tokenization_utils,PreTrainedTokenizer,eos_token,2,1,1
jessevig_bertviz.bertviz.transformers_neuron_view,tokenization_utils,PreTrainedTokenizer,unk_token,2,1,1
jessevig_bertviz.bertviz.transformers_neuron_view,tokenization_utils,PreTrainedTokenizer,sep_token,2,1,1
jessevig_bertviz.bertviz.transformers_neuron_view,tokenization_utils,PreTrainedTokenizer,pad_token,2,1,1
jessevig_bertviz.bertviz.transformers_neuron_view,tokenization_utils,PreTrainedTokenizer,cls_token,2,1,1
jessevig_bertviz.bertviz.transformers_neuron_view,tokenization_utils,PreTrainedTokenizer,mask_token,2,1,1
jessevig_bertviz.bertviz.transformers_neuron_view,tokenization_utils,PreTrainedTokenizer,additional_special_tokens,2,1,1
jessevig_bertviz.bertviz.transformers_neuron_view,tokenization_utils,PreTrainedTokenizer,__init__,19,9,1
jessevig_bertviz.bertviz.transformers_neuron_view,tokenization_utils,PreTrainedTokenizer,from_pretrained,5,1,1
jessevig_bertviz.bertviz.transformers_neuron_view,tokenization_utils,PreTrainedTokenizer,_from_pretrained,100,24,2
jessevig_bertviz.bertviz.transformers_neuron_view,tokenization_utils,PreTrainedTokenizer,save_pretrained,17,2,1
jessevig_bertviz.bertviz.transformers_neuron_view,tokenization_utils,PreTrainedTokenizer,save_vocabulary,3,1,1
jessevig_bertviz.bertviz.transformers_neuron_view,tokenization_utils,PreTrainedTokenizer,vocab_size,2,1,0
jessevig_bertviz.bertviz.transformers_neuron_view,tokenization_utils,PreTrainedTokenizer,__len__,2,1,0
jessevig_bertviz.bertviz.transformers_neuron_view,tokenization_utils,PreTrainedTokenizer,add_tokens,17,6,1
jessevig_bertviz.bertviz.transformers_neuron_view,tokenization_utils,PreTrainedTokenizer,add_special_tokens,17,8,1
jessevig_bertviz.bertviz.transformers_neuron_view,tokenization_utils,PreTrainedTokenizer,tokenize,14,0,1
jessevig_bertviz.bertviz.transformers_neuron_view,tokenization_utils,PreTrainedTokenizer,_tokenize,3,1,1
jessevig_bertviz.bertviz.transformers_neuron_view,tokenization_utils,PreTrainedTokenizer,convert_tokens_to_ids,12,5,1
jessevig_bertviz.bertviz.transformers_neuron_view,tokenization_utils,PreTrainedTokenizer,_convert_token_to_id_with_added_voc,4,1,1
jessevig_bertviz.bertviz.transformers_neuron_view,tokenization_utils,PreTrainedTokenizer,_convert_token_to_id,2,1,1
jessevig_bertviz.bertviz.transformers_neuron_view,tokenization_utils,PreTrainedTokenizer,encode,14,1,3
jessevig_bertviz.bertviz.transformers_neuron_view,tokenization_utils,PreTrainedTokenizer,add_special_tokens_single_sentence,2,1,1
jessevig_bertviz.bertviz.transformers_neuron_view,tokenization_utils,PreTrainedTokenizer,add_special_tokens_sentences_pair,2,1,2
jessevig_bertviz.bertviz.transformers_neuron_view,tokenization_utils,PreTrainedTokenizer,convert_ids_to_tokens,16,5,2
jessevig_bertviz.bertviz.transformers_neuron_view,tokenization_utils,PreTrainedTokenizer,_convert_id_to_token,2,1,1
jessevig_bertviz.bertviz.transformers_neuron_view,tokenization_utils,PreTrainedTokenizer,convert_tokens_to_string,3,1,1
jessevig_bertviz.bertviz.transformers_neuron_view,tokenization_utils,PreTrainedTokenizer,decode,19,2,3
jessevig_bertviz.bertviz.transformers_neuron_view,tokenization_utils,PreTrainedTokenizer,special_tokens_map,8,3,0
jessevig_bertviz.bertviz.transformers_neuron_view,tokenization_utils,PreTrainedTokenizer,all_special_tokens,8,2,0
jessevig_bertviz.bertviz.transformers_neuron_view,tokenization_utils,PreTrainedTokenizer,all_special_ids,5,1,0
jessevig_bertviz.bertviz.transformers_neuron_view,tokenization_utils,PreTrainedTokenizer,clean_up_tokenization,5,1,1
jessevig_bertviz.bertviz.transformers_neuron_view,tokenization_xlm,XLMTokenizer,__init__,21,2,9
jessevig_bertviz.bertviz.transformers_neuron_view,tokenization_xlm,XLMTokenizer,vocab_size,2,1,0
jessevig_bertviz.bertviz.transformers_neuron_view,tokenization_xlm,XLMTokenizer,bpe,40,9,1
jessevig_bertviz.bertviz.transformers_neuron_view,tokenization_xlm,XLMTokenizer,_tokenize,13,4,1
jessevig_bertviz.bertviz.transformers_neuron_view,tokenization_xlm,XLMTokenizer,_convert_token_to_id,2,1,1
jessevig_bertviz.bertviz.transformers_neuron_view,tokenization_xlm,XLMTokenizer,_convert_id_to_token,2,1,1
jessevig_bertviz.bertviz.transformers_neuron_view,tokenization_xlm,XLMTokenizer,convert_tokens_to_string,3,1,1
jessevig_bertviz.bertviz.transformers_neuron_view,tokenization_xlm,XLMTokenizer,add_special_tokens_single_sentence,4,1,1
jessevig_bertviz.bertviz.transformers_neuron_view,tokenization_xlm,XLMTokenizer,add_special_tokens_sentences_pair,6,1,2
jessevig_bertviz.bertviz.transformers_neuron_view,tokenization_xlm,XLMTokenizer,save_vocabulary,18,3,1
jessevig_bertviz.bertviz.transformers_neuron_view,tokenization_xlm,,get_pairs,9,2,1
jessevig_bertviz.bertviz.transformers_neuron_view,tokenization_xlm,,text_standardize,12,1,1
jessevig_bertviz.bertviz.transformers_neuron_view,tokenization_xlnet,XLNetTokenizer,__init__,17,2,13
jessevig_bertviz.bertviz.transformers_neuron_view,tokenization_xlnet,XLNetTokenizer,vocab_size,2,1,0
jessevig_bertviz.bertviz.transformers_neuron_view,tokenization_xlnet,XLNetTokenizer,__getstate__,4,1,0
jessevig_bertviz.bertviz.transformers_neuron_view,tokenization_xlnet,XLNetTokenizer,__setstate__,9,2,1
jessevig_bertviz.bertviz.transformers_neuron_view,tokenization_xlnet,XLNetTokenizer,preprocess_text,14,6,1
jessevig_bertviz.bertviz.transformers_neuron_view,tokenization_xlnet,XLNetTokenizer,_tokenize,31,14,3
jessevig_bertviz.bertviz.transformers_neuron_view,tokenization_xlnet,XLNetTokenizer,_convert_token_to_id,2,1,1
jessevig_bertviz.bertviz.transformers_neuron_view,tokenization_xlnet,XLNetTokenizer,_convert_id_to_token,5,3,2
jessevig_bertviz.bertviz.transformers_neuron_view,tokenization_xlnet,XLNetTokenizer,convert_tokens_to_string,3,1,1
jessevig_bertviz.bertviz.transformers_neuron_view,tokenization_xlnet,XLNetTokenizer,add_special_tokens_single_sentence,6,1,1
jessevig_bertviz.bertviz.transformers_neuron_view,tokenization_xlnet,XLNetTokenizer,add_special_tokens_sentences_pair,6,1,2
jessevig_bertviz.bertviz.transformers_neuron_view,tokenization_xlnet,XLNetTokenizer,save_vocabulary,9,2,1
