Package,Module,Class,Function,LOC,CC,PC
black0017_MedicalZooPytorch.examples,test_miccai_2019,,main,15,2,0
black0017_MedicalZooPytorch.examples,test_miccai_2019,,get_arguments,31,1,0
black0017_MedicalZooPytorch.examples,train_brats2018_new,,main,15,2,0
black0017_MedicalZooPytorch.examples,train_brats2018_new,,get_arguments,34,1,0
black0017_MedicalZooPytorch.examples,train_brats2019_new,,main,13,2,0
black0017_MedicalZooPytorch.examples,train_brats2019_new,,get_arguments,34,1,0
black0017_MedicalZooPytorch.examples,train_brats2020_new,,main,13,2,0
black0017_MedicalZooPytorch.examples,train_brats2020_new,,get_arguments,34,1,0
black0017_MedicalZooPytorch.examples,train_iseg2017_new,,main,15,2,0
black0017_MedicalZooPytorch.examples,train_iseg2017_new,,get_arguments,34,1,0
black0017_MedicalZooPytorch.examples,train_iseg2019_new,,main,15,2,0
black0017_MedicalZooPytorch.examples,train_iseg2019_new,,get_arguments,35,1,0
black0017_MedicalZooPytorch.examples,train_mrbrains_4_classes,,main,13,2,0
black0017_MedicalZooPytorch.examples,train_mrbrains_4_classes,,get_arguments,32,1,0
black0017_MedicalZooPytorch.examples,train_mrbrains_9_classes,,main,15,2,0
black0017_MedicalZooPytorch.examples,train_mrbrains_9_classes,,get_arguments,32,1,0
black0017_MedicalZooPytorch.lib.augment3D,__init__,RandomChoice,__init__,3,1,2
black0017_MedicalZooPytorch.lib.augment3D,__init__,RandomChoice,__call__,13,3,2
black0017_MedicalZooPytorch.lib.augment3D,__init__,ComposeTransforms,__init__,3,1,2
black0017_MedicalZooPytorch.lib.augment3D,__init__,ComposeTransforms,__call__,13,4,2
black0017_MedicalZooPytorch.lib.augment3D,elastic_deform,ElasticTransform,__init__,5,1,4
black0017_MedicalZooPytorch.lib.augment3D,elastic_deform,ElasticTransform,__call__,2,1,2
black0017_MedicalZooPytorch.lib.augment3D,elastic_deform,,elastic_transform_3d,32,2,6
black0017_MedicalZooPytorch.lib.augment3D,gaussian_noise,GaussianNoise,__init__,3,1,2
black0017_MedicalZooPytorch.lib.augment3D,gaussian_noise,GaussianNoise,__call__,4,1,2
black0017_MedicalZooPytorch.lib.augment3D,gaussian_noise,,random_noise,3,1,3
black0017_MedicalZooPytorch.lib.augment3D,random_crop,RandomCropToLabels,__call__,2,1,2
black0017_MedicalZooPytorch.lib.augment3D,random_crop,,random_crop_to_labels,21,1,2
black0017_MedicalZooPytorch.lib.augment3D,random_flip,RandomFlip,__init__,2,1,0
black0017_MedicalZooPytorch.lib.augment3D,random_flip,RandomFlip,__call__,4,1,2
black0017_MedicalZooPytorch.lib.augment3D,random_flip,,random_flip,10,1,3
black0017_MedicalZooPytorch.lib.augment3D,random_flip,,flip_axis,5,1,2
black0017_MedicalZooPytorch.lib.augment3D,random_rescale,RandomZoom,__init__,3,1,2
black0017_MedicalZooPytorch.lib.augment3D,random_rescale,RandomZoom,__call__,5,2,2
black0017_MedicalZooPytorch.lib.augment3D,random_rescale,,random_zoom,9,1,3
black0017_MedicalZooPytorch.lib.augment3D,random_rotate,RandomRotation,__init__,3,1,2
black0017_MedicalZooPytorch.lib.augment3D,random_rotate,RandomRotation,__call__,7,2,2
black0017_MedicalZooPytorch.lib.augment3D,random_rotate,,random_rotate3D,11,2,3
black0017_MedicalZooPytorch.lib.augment3D,random_shift,RandomShift,__init__,2,1,1
black0017_MedicalZooPytorch.lib.augment3D,random_shift,RandomShift,__call__,5,2,2
black0017_MedicalZooPytorch.lib.augment3D,random_shift,,transform_matrix_offset_center_3d,3,1,4
black0017_MedicalZooPytorch.lib.augment3D,random_shift,,random_shift,7,1,2
black0017_MedicalZooPytorch.lib.losses3D,BCE_dice,BCEDiceLoss,__init__,7,1,3
black0017_MedicalZooPytorch.lib.losses3D,BCE_dice,BCEDiceLoss,forward,6,1,2
black0017_MedicalZooPytorch.lib.losses3D,BaseClass,_AbstractDiceLoss,__init__,9,2,2
black0017_MedicalZooPytorch.lib.losses3D,BaseClass,_AbstractDiceLoss,dice,2,1,3
black0017_MedicalZooPytorch.lib.losses3D,BaseClass,_AbstractDiceLoss,skip_target_channels,5,1,2
black0017_MedicalZooPytorch.lib.losses3D,BaseClass,_AbstractDiceLoss,forward,15,2,2
black0017_MedicalZooPytorch.lib.losses3D,ContrastiveLoss,ContrastiveLoss,__init__,8,1,6
black0017_MedicalZooPytorch.lib.losses3D,ContrastiveLoss,ContrastiveLoss,_compute_cluster_means,13,1,2
black0017_MedicalZooPytorch.lib.losses3D,ContrastiveLoss,ContrastiveLoss,_compute_variance_term,9,1,3
black0017_MedicalZooPytorch.lib.losses3D,ContrastiveLoss,ContrastiveLoss,_compute_distance_term,17,2,2
black0017_MedicalZooPytorch.lib.losses3D,ContrastiveLoss,ContrastiveLoss,_compute_regularizer_term,6,2,2
black0017_MedicalZooPytorch.lib.losses3D,ContrastiveLoss,ContrastiveLoss,forward,13,1,2
black0017_MedicalZooPytorch.lib.losses3D,Dice2D,DiceLoss2D,__init__,8,2,3
black0017_MedicalZooPytorch.lib.losses3D,Dice2D,DiceLoss2D,flatten,2,1,1
black0017_MedicalZooPytorch.lib.losses3D,Dice2D,DiceLoss2D,expand_as_one_hot,9,1,1
black0017_MedicalZooPytorch.lib.losses3D,Dice2D,DiceLoss2D,compute_per_channel_dice,9,1,2
black0017_MedicalZooPytorch.lib.losses3D,Dice2D,DiceLoss2D,forward,5,1,2
black0017_MedicalZooPytorch.lib.losses3D,VAEloss,,loss_vae,16,4,7
black0017_MedicalZooPytorch.lib.losses3D,__init__,SkipLastTargetChannelWrapper,__init__,4,1,2
black0017_MedicalZooPytorch.lib.losses3D,__init__,SkipLastTargetChannelWrapper,forward,7,2,2
black0017_MedicalZooPytorch.lib.losses3D,__init__,_MaskingLossWrapper,__init__,5,1,2
black0017_MedicalZooPytorch.lib.losses3D,__init__,_MaskingLossWrapper,forward,6,1,2
black0017_MedicalZooPytorch.lib.losses3D,__init__,,create_loss,32,4,4
black0017_MedicalZooPytorch.lib.losses3D,basic,,expand_as_one_hot,23,1,3
black0017_MedicalZooPytorch.lib.losses3D,basic,,compute_per_channel_dice,12,2,4
black0017_MedicalZooPytorch.lib.losses3D,basic,,flatten,6,1,1
black0017_MedicalZooPytorch.lib.losses3D,dice,DiceLoss,__init__,5,2,4
black0017_MedicalZooPytorch.lib.losses3D,dice,DiceLoss,dice,2,1,3
black0017_MedicalZooPytorch.lib.losses3D,generalized_dice,GeneralizedDiceLoss,__init__,6,2,4
black0017_MedicalZooPytorch.lib.losses3D,generalized_dice,GeneralizedDiceLoss,dice,18,2,3
black0017_MedicalZooPytorch.lib.losses3D,pixel_wise_cross_entropy,PixelWiseCrossEntropyLoss,__init__,5,1,2
black0017_MedicalZooPytorch.lib.losses3D,pixel_wise_cross_entropy,PixelWiseCrossEntropyLoss,forward,14,2,3
black0017_MedicalZooPytorch.lib.losses3D,tags_angular_loss,TagsAngularLoss,__init__,4,1,2
black0017_MedicalZooPytorch.lib.losses3D,tags_angular_loss,TagsAngularLoss,forward,15,3,3
black0017_MedicalZooPytorch.lib.losses3D,tags_angular_loss,,square_angular_loss,13,1,3
black0017_MedicalZooPytorch.lib.losses3D,weight_cross_entropy,WeightedCrossEntropyLoss,__init__,3,1,1
black0017_MedicalZooPytorch.lib.losses3D,weight_cross_entropy,WeightedCrossEntropyLoss,forward,3,1,2
black0017_MedicalZooPytorch.lib.losses3D,weight_cross_entropy,WeightedCrossEntropyLoss,_class_weights,7,1,1
black0017_MedicalZooPytorch.lib.losses3D,weight_smooth_l1,WeightedSmoothL1Loss,__init__,6,1,4
black0017_MedicalZooPytorch.lib.losses3D,weight_smooth_l1,WeightedSmoothL1Loss,forward,10,2,2
black0017_MedicalZooPytorch.lib.medloaders,COVIDxdataset,COVIDxDataset,__init__,15,3,4
black0017_MedicalZooPytorch.lib.medloaders,COVIDxdataset,COVIDxDataset,__len__,2,1,0
black0017_MedicalZooPytorch.lib.medloaders,COVIDxdataset,COVIDxDataset,__getitem__,4,1,1
black0017_MedicalZooPytorch.lib.medloaders,COVIDxdataset,COVIDxDataset,load_image,8,2,2
black0017_MedicalZooPytorch.lib.medloaders,COVIDxdataset,,read_filepaths,13,3,1
black0017_MedicalZooPytorch.lib.medloaders,Covid_Segmentation_dataset,COVID_Seg_Dataset,__init__,44,8,8
black0017_MedicalZooPytorch.lib.medloaders,Covid_Segmentation_dataset,COVID_Seg_Dataset,__len__,2,1,0
black0017_MedicalZooPytorch.lib.medloaders,Covid_Segmentation_dataset,COVID_Seg_Dataset,__getitem__,3,1,1
black0017_MedicalZooPytorch.lib.medloaders,__init__,,generate_datasets,113,12,2
black0017_MedicalZooPytorch.lib.medloaders,__init__,,select_full_volume_for_infer,96,11,2
black0017_MedicalZooPytorch.lib.medloaders,brats2018,MICCAIBraTS2018,__init__,69,6,8
black0017_MedicalZooPytorch.lib.medloaders,brats2018,MICCAIBraTS2018,__len__,2,1,0
black0017_MedicalZooPytorch.lib.medloaders,brats2018,MICCAIBraTS2018,__getitem__,12,2,1
black0017_MedicalZooPytorch.lib.medloaders,brats2019,MICCAIBraTS2019,__init__,69,6,8
black0017_MedicalZooPytorch.lib.medloaders,brats2019,MICCAIBraTS2019,__len__,2,1,0
black0017_MedicalZooPytorch.lib.medloaders,brats2019,MICCAIBraTS2019,__getitem__,12,2,1
black0017_MedicalZooPytorch.lib.medloaders,brats2020,MICCAIBraTS2020,__init__,70,6,8
black0017_MedicalZooPytorch.lib.medloaders,brats2020,MICCAIBraTS2020,__len__,2,1,0
black0017_MedicalZooPytorch.lib.medloaders,brats2020,MICCAIBraTS2020,__getitem__,12,2,1
black0017_MedicalZooPytorch.lib.medloaders,covid_ct_dataset,CovidCTDataset,__init__,34,3,5
black0017_MedicalZooPytorch.lib.medloaders,covid_ct_dataset,CovidCTDataset,__len__,2,1,0
black0017_MedicalZooPytorch.lib.medloaders,covid_ct_dataset,CovidCTDataset,__getitem__,8,3,1
black0017_MedicalZooPytorch.lib.medloaders,iseg2017,MRIDatasetISEG2017,__init__,73,7,7
black0017_MedicalZooPytorch.lib.medloaders,iseg2017,MRIDatasetISEG2017,__len__,2,1,0
black0017_MedicalZooPytorch.lib.medloaders,iseg2017,MRIDatasetISEG2017,__getitem__,10,2,1
black0017_MedicalZooPytorch.lib.medloaders,iseg2019,MRIDatasetISEG2019,__init__,59,6,7
black0017_MedicalZooPytorch.lib.medloaders,iseg2019,MRIDatasetISEG2019,__len__,2,1,0
black0017_MedicalZooPytorch.lib.medloaders,iseg2019,MRIDatasetISEG2019,__getitem__,9,2,1
black0017_MedicalZooPytorch.lib.medloaders,ixi_t1_t2,IXIMRIdataset,__init__,26,2,6
black0017_MedicalZooPytorch.lib.medloaders,ixi_t1_t2,IXIMRIdataset,__len__,2,1,0
black0017_MedicalZooPytorch.lib.medloaders,ixi_t1_t2,IXIMRIdataset,__getitem__,9,1,1
black0017_MedicalZooPytorch.lib.medloaders,ixi_t1_t2,IXIMRIdataset,create_input_data,30,6,0
black0017_MedicalZooPytorch.lib.medloaders,medical_image_process,,load_medical_image,22,8,10
black0017_MedicalZooPytorch.lib.medloaders,medical_image_process,,medical_image_transform,8,3,4
black0017_MedicalZooPytorch.lib.medloaders,medical_image_process,,crop_img,26,6,3
black0017_MedicalZooPytorch.lib.medloaders,medical_image_process,,load_affine_matrix,5,1,1
black0017_MedicalZooPytorch.lib.medloaders,medical_image_process,,load_2d_image,8,3,3
black0017_MedicalZooPytorch.lib.medloaders,medical_image_process,,rescale_data_volume,6,1,2
black0017_MedicalZooPytorch.lib.medloaders,medical_image_process,,transform_coordinate_space,10,1,2
black0017_MedicalZooPytorch.lib.medloaders,medical_image_process,,normalize_intensity,28,6,3
black0017_MedicalZooPytorch.lib.medloaders,medical_image_process,,clip_range,11,1,1
black0017_MedicalZooPytorch.lib.medloaders,medical_image_process,,percentile_clip,8,1,3
black0017_MedicalZooPytorch.lib.medloaders,medical_loader_utils,,get_viz_set,22,6,0
black0017_MedicalZooPytorch.lib.medloaders,medical_loader_utils,,fix_seg_map,28,7,2
black0017_MedicalZooPytorch.lib.medloaders,medical_loader_utils,,create_sub_volumes,52,7,0
black0017_MedicalZooPytorch.lib.medloaders,medical_loader_utils,,get_all_sub_volumes,37,5,0
black0017_MedicalZooPytorch.lib.medloaders,medical_loader_utils,,generate_padded_subvolumes,16,1,2
black0017_MedicalZooPytorch.lib.medloaders,medical_loader_utils,,find_random_crop_dim,17,4,2
black0017_MedicalZooPytorch.lib.medloaders,medical_loader_utils,,find3Dlabel_boundaries,7,1,1
black0017_MedicalZooPytorch.lib.medloaders,medical_loader_utils,,find_non_zero_labels_mask,11,1,4
black0017_MedicalZooPytorch.lib.medloaders,miccai_2019_pathology,MICCAI2019_gleason_pathology,__init__,30,5,8
black0017_MedicalZooPytorch.lib.medloaders,miccai_2019_pathology,MICCAI2019_gleason_pathology,__len__,2,1,0
black0017_MedicalZooPytorch.lib.medloaders,miccai_2019_pathology,MICCAI2019_gleason_pathology,__getitem__,8,1,1
black0017_MedicalZooPytorch.lib.medloaders,miccai_2019_pathology,MICCAI2019_gleason_pathology,generate_samples,32,4,0
black0017_MedicalZooPytorch.lib.medloaders,miccai_2019_pathology,MICCAI2019_gleason_pathology,generate_patch,8,3,1
black0017_MedicalZooPytorch.lib.medloaders,miccai_2019_pathology,MICCAI2019_gleason_pathology,norm_img,6,1,1
black0017_MedicalZooPytorch.lib.medloaders,miccai_2019_pathology,MICCAI2019_gleason_pathology,generate_train_labels,3,1,0
black0017_MedicalZooPytorch.lib.medloaders,miccai_2019_pathology,,check_path_in_list,10,2,2
black0017_MedicalZooPytorch.lib.medloaders,miccai_2019_pathology,,get_majority_vote,4,1,1
black0017_MedicalZooPytorch.lib.medloaders,miccai_2019_pathology,,vote,12,3,1
black0017_MedicalZooPytorch.lib.medloaders,miccai_2019_pathology,,preprocess_labels,41,7,1
black0017_MedicalZooPytorch.lib.medloaders,miccai_2019_pathology,,read_labels,11,1,1
black0017_MedicalZooPytorch.lib.medloaders,mrbrains2018,MRIDatasetMRBRAINS2018,__init__,51,3,8
black0017_MedicalZooPytorch.lib.medloaders,mrbrains2018,MRIDatasetMRBRAINS2018,__len__,2,1,0
black0017_MedicalZooPytorch.lib.medloaders,mrbrains2018,MRIDatasetMRBRAINS2018,__getitem__,3,1,1
black0017_MedicalZooPytorch.lib.medzoo,BaseModelClass,BaseModel,__init__,3,1,0
black0017_MedicalZooPytorch.lib.medzoo,BaseModelClass,BaseModel,forward,2,1,1
black0017_MedicalZooPytorch.lib.medzoo,BaseModelClass,BaseModel,test,4,1,0
black0017_MedicalZooPytorch.lib.medzoo,BaseModelClass,BaseModel,device,2,1,0
black0017_MedicalZooPytorch.lib.medzoo,BaseModelClass,BaseModel,restore_checkpoint,13,4,2
black0017_MedicalZooPytorch.lib.medzoo,BaseModelClass,BaseModel,save_checkpoint,23,4,5
black0017_MedicalZooPytorch.lib.medzoo,BaseModelClass,BaseModel,count_params,8,1,0
black0017_MedicalZooPytorch.lib.medzoo,BaseModelClass,BaseModel,inference,7,2,1
black0017_MedicalZooPytorch.lib.medzoo,COVIDNet,Flatten,forward,2,1,1
black0017_MedicalZooPytorch.lib.medzoo,COVIDNet,PEPX,__init__,28,1,2
black0017_MedicalZooPytorch.lib.medzoo,COVIDNet,PEPX,forward,2,1,1
black0017_MedicalZooPytorch.lib.medzoo,COVIDNet,CovidNet,__init__,41,4,2
black0017_MedicalZooPytorch.lib.medzoo,COVIDNet,CovidNet,forward,2,1,1
black0017_MedicalZooPytorch.lib.medzoo,COVIDNet,CovidNet,forward_large_net,36,1,1
black0017_MedicalZooPytorch.lib.medzoo,COVIDNet,CovidNet,forward_small_net,27,1,1
black0017_MedicalZooPytorch.lib.medzoo,COVIDNet,CNN,__init__,13,4,2
black0017_MedicalZooPytorch.lib.medzoo,COVIDNet,CNN,forward,2,1,1
black0017_MedicalZooPytorch.lib.medzoo,DenseVoxelNet,_DenseLayer,__init__,9,2,4
black0017_MedicalZooPytorch.lib.medzoo,DenseVoxelNet,_DenseLayer,forward,5,2,1
black0017_MedicalZooPytorch.lib.medzoo,DenseVoxelNet,_DenseBlock,__init__,5,2,5
black0017_MedicalZooPytorch.lib.medzoo,DenseVoxelNet,_Transition,__init__,8,1,2
black0017_MedicalZooPytorch.lib.medzoo,DenseVoxelNet,_Transition,forward,4,1,1
black0017_MedicalZooPytorch.lib.medzoo,DenseVoxelNet,_Upsampling,__init__,14,1,2
black0017_MedicalZooPytorch.lib.medzoo,DenseVoxelNet,DenseVoxelNet,__init__,18,1,2
black0017_MedicalZooPytorch.lib.medzoo,DenseVoxelNet,DenseVoxelNet,forward,10,1,1
black0017_MedicalZooPytorch.lib.medzoo,DenseVoxelNet,DenseVoxelNet,test,10,1,1
black0017_MedicalZooPytorch.lib.medzoo,DenseVoxelNet,,init_weights,7,3,1
black0017_MedicalZooPytorch.lib.medzoo,Densenet3D,_HyperDenseLayer,__init__,8,1,3
black0017_MedicalZooPytorch.lib.medzoo,Densenet3D,_HyperDenseLayer,forward,6,2,1
black0017_MedicalZooPytorch.lib.medzoo,Densenet3D,_HyperDenseBlock,__init__,13,3,2
black0017_MedicalZooPytorch.lib.medzoo,Densenet3D,_HyperDenseBlockEarlyFusion,__init__,13,3,2
black0017_MedicalZooPytorch.lib.medzoo,Densenet3D,SinglePathDenseNet,__init__,39,5,5
black0017_MedicalZooPytorch.lib.medzoo,Densenet3D,SinglePathDenseNet,forward,8,1,1
black0017_MedicalZooPytorch.lib.medzoo,Densenet3D,SinglePathDenseNet,test,7,1,1
black0017_MedicalZooPytorch.lib.medzoo,Densenet3D,DualPathDenseNet,__init__,28,4,4
black0017_MedicalZooPytorch.lib.medzoo,Densenet3D,DualPathDenseNet,forward,33,2,1
black0017_MedicalZooPytorch.lib.medzoo,Densenet3D,DualPathDenseNet,test,9,1,1
black0017_MedicalZooPytorch.lib.medzoo,Densenet3D,DualSingleDenseNet,__init__,21,3,3
black0017_MedicalZooPytorch.lib.medzoo,Densenet3D,DualSingleDenseNet,forward,29,2,1
black0017_MedicalZooPytorch.lib.medzoo,Densenet3D,DualSingleDenseNet,test,7,1,1
black0017_MedicalZooPytorch.lib.medzoo,HighResNet3D,ConvInit,__init__,8,1,1
black0017_MedicalZooPytorch.lib.medzoo,HighResNet3D,ConvInit,forward,4,1,1
black0017_MedicalZooPytorch.lib.medzoo,HighResNet3D,ConvRed,__init__,8,1,1
black0017_MedicalZooPytorch.lib.medzoo,HighResNet3D,ConvRed,forward,2,1,1
black0017_MedicalZooPytorch.lib.medzoo,HighResNet3D,DilatedConv2,__init__,8,1,1
black0017_MedicalZooPytorch.lib.medzoo,HighResNet3D,DilatedConv2,forward,2,1,1
black0017_MedicalZooPytorch.lib.medzoo,HighResNet3D,DilatedConv4,__init__,8,1,1
black0017_MedicalZooPytorch.lib.medzoo,HighResNet3D,DilatedConv4,forward,2,1,1
black0017_MedicalZooPytorch.lib.medzoo,HighResNet3D,Conv1x1x1,__init__,8,1,2
black0017_MedicalZooPytorch.lib.medzoo,HighResNet3D,Conv1x1x1,forward,2,1,1
black0017_MedicalZooPytorch.lib.medzoo,HighResNet3D,HighResNet3D,__init__,30,3,4
black0017_MedicalZooPytorch.lib.medzoo,HighResNet3D,HighResNet3D,shortcut_pad,13,5,2
black0017_MedicalZooPytorch.lib.medzoo,HighResNet3D,HighResNet3D,create_red,4,1,1
black0017_MedicalZooPytorch.lib.medzoo,HighResNet3D,HighResNet3D,create_dil2,4,1,1
black0017_MedicalZooPytorch.lib.medzoo,HighResNet3D,HighResNet3D,create_dil4,4,1,1
black0017_MedicalZooPytorch.lib.medzoo,HighResNet3D,HighResNet3D,red_forward,6,1,1
black0017_MedicalZooPytorch.lib.medzoo,HighResNet3D,HighResNet3D,dilation2,6,1,2
black0017_MedicalZooPytorch.lib.medzoo,HighResNet3D,HighResNet3D,dilation4,6,1,2
black0017_MedicalZooPytorch.lib.medzoo,HighResNet3D,HighResNet3D,forward,6,1,1
black0017_MedicalZooPytorch.lib.medzoo,HighResNet3D,HighResNet3D,test,6,1,0
black0017_MedicalZooPytorch.lib.medzoo,HighResNet3D,,test_all_modules,23,1,0
black0017_MedicalZooPytorch.lib.medzoo,HyperDensenet,ResidualConv,__init__,18,4,6
black0017_MedicalZooPytorch.lib.medzoo,HyperDensenet,ResidualConv,forward,3,1,1
black0017_MedicalZooPytorch.lib.medzoo,HyperDensenet,HyperDenseNet_2Mod,__init__,26,1,2
black0017_MedicalZooPytorch.lib.medzoo,HyperDensenet,HyperDenseNet_2Mod,forward,59,1,1
black0017_MedicalZooPytorch.lib.medzoo,HyperDensenet,HyperDenseNet_2Mod,test,5,1,1
black0017_MedicalZooPytorch.lib.medzoo,HyperDensenet,HyperDenseNet,__init__,35,1,2
black0017_MedicalZooPytorch.lib.medzoo,HyperDensenet,HyperDenseNet,forward,84,1,1
black0017_MedicalZooPytorch.lib.medzoo,HyperDensenet,HyperDenseNet,test,7,1,1
black0017_MedicalZooPytorch.lib.medzoo,HyperDensenet,,conv,14,4,11
black0017_MedicalZooPytorch.lib.medzoo,HyperDensenet,,upSampleConv_Res,5,1,7
black0017_MedicalZooPytorch.lib.medzoo,HyperDensenet,,conv_block,7,1,7
black0017_MedicalZooPytorch.lib.medzoo,HyperDensenet,,conv_block_1,7,1,2
black0017_MedicalZooPytorch.lib.medzoo,HyperDensenet,,conv_block_Asym,8,1,3
black0017_MedicalZooPytorch.lib.medzoo,HyperDensenet,,conv_block_Asym_Inception,12,1,5
black0017_MedicalZooPytorch.lib.medzoo,HyperDensenet,,conv_block_Asym_Inception_WithIncreasedFeatMaps,12,1,6
black0017_MedicalZooPytorch.lib.medzoo,HyperDensenet,,conv_block_Asym_ERFNet,16,1,6
black0017_MedicalZooPytorch.lib.medzoo,HyperDensenet,,conv_block_3_3,7,1,2
black0017_MedicalZooPytorch.lib.medzoo,HyperDensenet,,conv_decod_block,7,1,3
black0017_MedicalZooPytorch.lib.medzoo,HyperDensenet,,dilation_conv_block,7,1,5
black0017_MedicalZooPytorch.lib.medzoo,HyperDensenet,,maxpool,3,1,0
black0017_MedicalZooPytorch.lib.medzoo,HyperDensenet,,avrgpool05,3,1,0
black0017_MedicalZooPytorch.lib.medzoo,HyperDensenet,,avrgpool025,3,1,0
black0017_MedicalZooPytorch.lib.medzoo,HyperDensenet,,avrgpool0125,3,1,0
black0017_MedicalZooPytorch.lib.medzoo,HyperDensenet,,maxpool,3,1,0
black0017_MedicalZooPytorch.lib.medzoo,HyperDensenet,,maxpool_1_4,3,1,0
black0017_MedicalZooPytorch.lib.medzoo,HyperDensenet,,maxpool_1_8,3,1,0
black0017_MedicalZooPytorch.lib.medzoo,HyperDensenet,,maxpool_1_16,3,1,0
black0017_MedicalZooPytorch.lib.medzoo,HyperDensenet,,maxpool_1_32,2,1,0
black0017_MedicalZooPytorch.lib.medzoo,HyperDensenet,,conv_block_3,8,1,3
black0017_MedicalZooPytorch.lib.medzoo,HyperDensenet,,classificationNet,11,1,1
black0017_MedicalZooPytorch.lib.medzoo,HyperDensenet,,croppCenter,9,1,2
black0017_MedicalZooPytorch.lib.medzoo,HyperDensenet,,convBlock,14,1,8
black0017_MedicalZooPytorch.lib.medzoo,HyperDensenet,,convBatch,7,1,8
black0017_MedicalZooPytorch.lib.medzoo,ResNet3DMedNet,BasicBlock,__init__,9,1,5
black0017_MedicalZooPytorch.lib.medzoo,ResNet3DMedNet,BasicBlock,forward,12,2,1
black0017_MedicalZooPytorch.lib.medzoo,ResNet3DMedNet,Bottleneck,__init__,11,1,5
black0017_MedicalZooPytorch.lib.medzoo,ResNet3DMedNet,Bottleneck,forward,15,2,1
black0017_MedicalZooPytorch.lib.medzoo,ResNet3DMedNet,TranspConvNet,__init__,21,1,2
black0017_MedicalZooPytorch.lib.medzoo,ResNet3DMedNet,TranspConvNet,forward,7,1,1
black0017_MedicalZooPytorch.lib.medzoo,ResNet3DMedNet,ResNetMed3D,__init__,41,4,8
black0017_MedicalZooPytorch.lib.medzoo,ResNet3DMedNet,ResNetMed3D,_downsample_basic_block,8,2,3
black0017_MedicalZooPytorch.lib.medzoo,ResNet3DMedNet,ResNetMed3D,_make_layer,21,5,6
black0017_MedicalZooPytorch.lib.medzoo,ResNet3DMedNet,ResNetMed3D,forward,13,2,1
black0017_MedicalZooPytorch.lib.medzoo,ResNet3DMedNet,ResNetMed3D,test,5,1,0
black0017_MedicalZooPytorch.lib.medzoo,ResNet3DMedNet,,conv3x3x3,10,2,5
black0017_MedicalZooPytorch.lib.medzoo,ResNet3DMedNet,,conv1x1x1,6,1,3
black0017_MedicalZooPytorch.lib.medzoo,ResNet3DMedNet,,find_padding,4,1,2
black0017_MedicalZooPytorch.lib.medzoo,ResNet3DMedNet,,generate_resnet3d,27,8,3
black0017_MedicalZooPytorch.lib.medzoo,ResNet3D_VAE,GreenBlock,__init__,17,3,3
black0017_MedicalZooPytorch.lib.medzoo,ResNet3D_VAE,GreenBlock,forward,6,1,1
black0017_MedicalZooPytorch.lib.medzoo,ResNet3D_VAE,DownBlock,__init__,4,1,2
black0017_MedicalZooPytorch.lib.medzoo,ResNet3D_VAE,DownBlock,forward,2,1,1
black0017_MedicalZooPytorch.lib.medzoo,ResNet3D_VAE,BlueBlock,__init__,4,1,2
black0017_MedicalZooPytorch.lib.medzoo,ResNet3D_VAE,BlueBlock,forward,2,1,1
black0017_MedicalZooPytorch.lib.medzoo,ResNet3D_VAE,UpBlock1,__init__,4,1,2
black0017_MedicalZooPytorch.lib.medzoo,ResNet3D_VAE,UpBlock1,forward,2,1,1
black0017_MedicalZooPytorch.lib.medzoo,ResNet3D_VAE,UpBlock2,__init__,5,1,2
black0017_MedicalZooPytorch.lib.medzoo,ResNet3D_VAE,UpBlock2,forward,2,1,1
black0017_MedicalZooPytorch.lib.medzoo,ResNet3D_VAE,ResNetEncoder,__init__,20,1,2
black0017_MedicalZooPytorch.lib.medzoo,ResNet3D_VAE,ResNetEncoder,forward,16,1,1
black0017_MedicalZooPytorch.lib.medzoo,ResNet3D_VAE,Decoder,__init__,12,1,2
black0017_MedicalZooPytorch.lib.medzoo,ResNet3D_VAE,Decoder,forward,9,1,4
black0017_MedicalZooPytorch.lib.medzoo,ResNet3D_VAE,VAE,__init__,32,1,3
black0017_MedicalZooPytorch.lib.medzoo,ResNet3D_VAE,VAE,forward,18,1,1
black0017_MedicalZooPytorch.lib.medzoo,ResNet3D_VAE,ResNet3dVAE,__init__,11,1,4
black0017_MedicalZooPytorch.lib.medzoo,ResNet3D_VAE,ResNet3dVAE,forward,5,1,1
black0017_MedicalZooPytorch.lib.medzoo,ResNet3D_VAE,ResNet3dVAE,test,8,1,0
black0017_MedicalZooPytorch.lib.medzoo,ResNet3D_VAE,,reparametrize,4,1,2
black0017_MedicalZooPytorch.lib.medzoo,ResNet3D_VAE,,test_enc_dec,11,1,0
black0017_MedicalZooPytorch.lib.medzoo,ResNet3D_VAE,,testVAE,5,1,0
black0017_MedicalZooPytorch.lib.medzoo,SkipDenseNet3D,_DenseLayer,__init__,13,2,4
black0017_MedicalZooPytorch.lib.medzoo,SkipDenseNet3D,_DenseLayer,forward,5,2,1
black0017_MedicalZooPytorch.lib.medzoo,SkipDenseNet3D,_DenseBlock,__init__,5,2,5
black0017_MedicalZooPytorch.lib.medzoo,SkipDenseNet3D,_Transition,__init__,9,1,2
black0017_MedicalZooPytorch.lib.medzoo,SkipDenseNet3D,SkipDenseNet3D,__init__,51,6,7
black0017_MedicalZooPytorch.lib.medzoo,SkipDenseNet3D,SkipDenseNet3D,forward,18,1,1
black0017_MedicalZooPytorch.lib.medzoo,SkipDenseNet3D,SkipDenseNet3D,test,9,1,1
black0017_MedicalZooPytorch.lib.medzoo,Unet2D,DoubleConv,__init__,9,1,2
black0017_MedicalZooPytorch.lib.medzoo,Unet2D,DoubleConv,forward,3,1,1
black0017_MedicalZooPytorch.lib.medzoo,Unet2D,InConv,__init__,3,1,2
black0017_MedicalZooPytorch.lib.medzoo,Unet2D,InConv,forward,3,1,1
black0017_MedicalZooPytorch.lib.medzoo,Unet2D,Down,__init__,6,1,2
black0017_MedicalZooPytorch.lib.medzoo,Unet2D,Down,forward,3,1,1
black0017_MedicalZooPytorch.lib.medzoo,Unet2D,Up,__init__,7,2,3
black0017_MedicalZooPytorch.lib.medzoo,Unet2D,Up,forward,9,1,2
black0017_MedicalZooPytorch.lib.medzoo,Unet2D,OutConv,__init__,3,1,2
black0017_MedicalZooPytorch.lib.medzoo,Unet2D,OutConv,forward,3,1,1
black0017_MedicalZooPytorch.lib.medzoo,Unet2D,Unet,__init__,14,1,2
black0017_MedicalZooPytorch.lib.medzoo,Unet2D,Unet,forward,12,1,1
black0017_MedicalZooPytorch.lib.medzoo,Unet2D,Unet,test,8,1,1
black0017_MedicalZooPytorch.lib.medzoo,Unet3D,UNet3D,__init__,58,1,3
black0017_MedicalZooPytorch.lib.medzoo,Unet3D,UNet3D,conv_norm_lrelu,5,1,2
black0017_MedicalZooPytorch.lib.medzoo,Unet3D,UNet3D,norm_lrelu_conv,5,1,2
black0017_MedicalZooPytorch.lib.medzoo,Unet3D,UNet3D,lrelu_conv,4,1,2
black0017_MedicalZooPytorch.lib.medzoo,Unet3D,UNet3D,norm_lrelu_upscale_conv_norm_lrelu,9,1,2
black0017_MedicalZooPytorch.lib.medzoo,Unet3D,UNet3D,forward,73,1,1
black0017_MedicalZooPytorch.lib.medzoo,Unet3D,UNet3D,test,7,1,1
black0017_MedicalZooPytorch.lib.medzoo,Vnet,LUConv,__init__,5,1,2
black0017_MedicalZooPytorch.lib.medzoo,Vnet,LUConv,forward,3,1,1
black0017_MedicalZooPytorch.lib.medzoo,Vnet,InputTransition,__init__,7,1,2
black0017_MedicalZooPytorch.lib.medzoo,Vnet,InputTransition,forward,6,1,1
black0017_MedicalZooPytorch.lib.medzoo,Vnet,DownTransition,__init__,11,2,4
black0017_MedicalZooPytorch.lib.medzoo,Vnet,DownTransition,forward,6,1,1
black0017_MedicalZooPytorch.lib.medzoo,Vnet,UpTransition,__init__,11,2,5
black0017_MedicalZooPytorch.lib.medzoo,Vnet,UpTransition,forward,8,1,2
black0017_MedicalZooPytorch.lib.medzoo,Vnet,OutputTransition,__init__,7,1,3
black0017_MedicalZooPytorch.lib.medzoo,Vnet,OutputTransition,forward,4,1,1
black0017_MedicalZooPytorch.lib.medzoo,Vnet,VNet,__init__,14,1,3
black0017_MedicalZooPytorch.lib.medzoo,Vnet,VNet,forward,12,1,1
black0017_MedicalZooPytorch.lib.medzoo,Vnet,VNet,test,7,1,1
black0017_MedicalZooPytorch.lib.medzoo,Vnet,VNetLight,__init__,12,1,3
black0017_MedicalZooPytorch.lib.medzoo,Vnet,VNetLight,forward,10,1,1
black0017_MedicalZooPytorch.lib.medzoo,Vnet,VNetLight,test,7,1,1
black0017_MedicalZooPytorch.lib.medzoo,Vnet,,passthrough,2,1,1
black0017_MedicalZooPytorch.lib.medzoo,Vnet,,ELUCons,5,1,2
black0017_MedicalZooPytorch.lib.medzoo,Vnet,,_make_nConv,5,2,3
black0017_MedicalZooPytorch.lib.medzoo,__init__,,create_model,56,22,1
black0017_MedicalZooPytorch.lib.train,BaseTrainer,BaseTrainer,__init__,28,4,5
black0017_MedicalZooPytorch.lib.train,BaseTrainer,BaseTrainer,_train_epoch,4,1,1
black0017_MedicalZooPytorch.lib.train,BaseTrainer,BaseTrainer,train,42,11,0
black0017_MedicalZooPytorch.lib.train,BaseTrainer,BaseTrainer,_prepare_device,15,4,1
black0017_MedicalZooPytorch.lib.train,train_covid,,train,27,3,6
black0017_MedicalZooPytorch.lib.train,train_covid,,validation,29,4,5
black0017_MedicalZooPytorch.lib.train,train_old,,train_dice,39,3,6
black0017_MedicalZooPytorch.lib.train,train_old,,test_dice,29,2,5
black0017_MedicalZooPytorch.lib.train,train_old,,display_status_4_classes,10,2,10
black0017_MedicalZooPytorch.lib.train,trainer,Trainer,__init__,15,1,7
black0017_MedicalZooPytorch.lib.train,trainer,Trainer,training,18,5,0
black0017_MedicalZooPytorch.lib.train,trainer,Trainer,train_epoch,20,3,1
black0017_MedicalZooPytorch.lib.train,trainer,Trainer,validate_epoch,13,2,1
black0017_MedicalZooPytorch.lib.utils,covid_utils,MetricTracker,__init__,6,1,0
black0017_MedicalZooPytorch.lib.utils,covid_utils,MetricTracker,reset,3,2,0
black0017_MedicalZooPytorch.lib.utils,covid_utils,MetricTracker,update,4,2,4
black0017_MedicalZooPytorch.lib.utils,covid_utils,MetricTracker,update_all_metrics,4,2,4
black0017_MedicalZooPytorch.lib.utils,covid_utils,MetricTracker,avg_Acc,2,1,1
black0017_MedicalZooPytorch.lib.utils,covid_utils,MetricTracker,print_all_metrics,5,2,0
black0017_MedicalZooPytorch.lib.utils,covid_utils,MetricTracker,display_terminal,21,4,4
black0017_MedicalZooPytorch.lib.utils,covid_utils,,accuracy,7,1,2
black0017_MedicalZooPytorch.lib.utils,covid_utils,,print_stats,9,2,5
black0017_MedicalZooPytorch.lib.utils,covid_utils,,print_summary,8,1,5
black0017_MedicalZooPytorch.lib.utils,covid_utils,,read_txt,5,1,1
black0017_MedicalZooPytorch.lib.utils,general,,reproducibility,7,2,2
black0017_MedicalZooPytorch.lib.utils,general,,save_arguments,4,1,2
black0017_MedicalZooPytorch.lib.utils,general,,datestr,3,1,0
black0017_MedicalZooPytorch.lib.utils,general,,shuffle_lists,5,1,0
black0017_MedicalZooPytorch.lib.utils,general,,prepare_input,46,16,5
black0017_MedicalZooPytorch.lib.utils,general,,adjust_opt,13,6,3
black0017_MedicalZooPytorch.lib.utils,general,,make_dirs,6,2,1
black0017_MedicalZooPytorch.lib.utils,general,,save_list,3,1,2
black0017_MedicalZooPytorch.lib.utils,general,,load_list,4,1,1
black0017_MedicalZooPytorch.lib.utils,save_old,,save_checkpoint,6,2,5
black0017_MedicalZooPytorch.lib.utils,save_old,,save_model,15,3,5
black0017_MedicalZooPytorch.lib.utils,save_old,,load_checkpoint,10,2,2
black0017_MedicalZooPytorch.lib.utils,writer_old,,write_score,7,1,6
black0017_MedicalZooPytorch.lib.utils,writer_old,,write_train_val_score,20,1,4
black0017_MedicalZooPytorch.lib.visual3D_temp,BaseWriter,TensorboardWriter,__init__,9,1,1
black0017_MedicalZooPytorch.lib.visual3D_temp,BaseWriter,TensorboardWriter,create_data_structure,10,1,0
black0017_MedicalZooPytorch.lib.visual3D_temp,BaseWriter,TensorboardWriter,display_terminal,27,4,4
black0017_MedicalZooPytorch.lib.visual3D_temp,BaseWriter,TensorboardWriter,create_stats_files,4,1,1
black0017_MedicalZooPytorch.lib.visual3D_temp,BaseWriter,TensorboardWriter,reset,6,2,1
black0017_MedicalZooPytorch.lib.visual3D_temp,BaseWriter,TensorboardWriter,update_scores,12,3,5
black0017_MedicalZooPytorch.lib.visual3D_temp,BaseWriter,TensorboardWriter,write_end_of_epoch,24,2,1
black0017_MedicalZooPytorch.lib.visual3D_temp,conf_matrix,,plot_confusion_matrix,30,6,5
black0017_MedicalZooPytorch.lib.visual3D_temp,conf_matrix,,add_conf_matrix,19,3,3
black0017_MedicalZooPytorch.lib.visual3D_temp,conf_matrix,,expand_as_one_hot,7,1,2
black0017_MedicalZooPytorch.lib.visual3D_temp,viz,,test_padding,20,1,0
black0017_MedicalZooPytorch.lib.visual3D_temp,viz,,roundup,2,1,2
black0017_MedicalZooPytorch.lib.visual3D_temp,viz,,non_overlap_padding,36,2,5
black0017_MedicalZooPytorch.lib.visual3D_temp,viz,,visualize_3D_no_overlap_new,26,2,6
black0017_MedicalZooPytorch.lib.visual3D_temp,viz,,create_3d_subvol,16,3,2
black0017_MedicalZooPytorch.lib.visual3D_temp,viz,,grid_sampler_sub_volume_reshape,2,1,2
black0017_MedicalZooPytorch.lib.visual3D_temp,viz,,find_crop_dims,28,4,3
black0017_MedicalZooPytorch.lib.visual3D_temp,viz,,save_3d_vol,6,1,3
black0017_MedicalZooPytorch.lib.visual3D_temp,viz_2d,,show_mid_slice,16,2,2
black0017_MedicalZooPytorch.lib.visual3D_temp,viz_2d,,show_slices,6,2,1
black0017_MedicalZooPytorch.lib.visual3D_temp,viz_2d,,create_2d_views,18,2,3
black0017_MedicalZooPytorch.lib.visual3D_temp,viz_2d,,seg_map_vizualization_iseg,5,2,1
black0017_MedicalZooPytorch.lib.visual3D_temp,viz_2d,,plot_segm,21,3,3
black0017_MedicalZooPytorch.lib.visual3D_temp,viz_2d,,overlap_2d_image,11,1,0
black0017_MedicalZooPytorch.lib.visual3D_temp,viz_old,,visualize_offline,28,2,6
black0017_MedicalZooPytorch.lib.visual3D_temp,viz_old,,visualize_no_overlap,22,3,7
black0017_MedicalZooPytorch.lib.visual3D_temp,writer,,write_score,9,2,6
black0017_MedicalZooPytorch.lib.visual3D_temp,writer,,write_train_val_score,20,1,4
black0017_MedicalZooPytorch.lib.visual3D_temp,writer,,write_train_val_score,8,2,4
black0017_MedicalZooPytorch.tests,inference,,main,17,2,0
black0017_MedicalZooPytorch.tests,inference,,get_arguments,31,1,0
black0017_MedicalZooPytorch.tests,test_basewriter,,get_arguments,27,1,0
black0017_MedicalZooPytorch.tests,test_basewriter,,TEST_the_writer,19,4,0
black0017_MedicalZooPytorch.tests,test_covid_ct,,main,18,3,0
black0017_MedicalZooPytorch.tests,test_covid_ct,,get_arguments,26,1,0
black0017_MedicalZooPytorch.tests,test_dataloaders,TestDataLoaders,__init__,6,1,3
black0017_MedicalZooPytorch.tests,test_dataloaders,TestDataLoaders,MRBRAINS_4_class,5,1,0
black0017_MedicalZooPytorch.tests,test_dataloaders,TestDataLoaders,MRBRAINS_9_class,5,1,0
black0017_MedicalZooPytorch.tests,test_dataloaders,TestDataLoaders,ISEG2017,7,1,0
black0017_MedicalZooPytorch.tests,test_dataloaders,TestDataLoaders,brats2018,8,1,0
black0017_MedicalZooPytorch.tests,test_dataloaders,TestDataLoaders,miccai2019,9,1,0
black0017_MedicalZooPytorch.tests,test_dataloaders,TestDataLoaders,ixi,7,1,0
black0017_MedicalZooPytorch.tests,test_dataloaders,TestDataLoaders,get_arguments,21,1,0
black0017_MedicalZooPytorch.tests,test_losses3D,TestCriterion,__init__,10,1,3
black0017_MedicalZooPytorch.tests,test_losses3D,TestCriterion,test_BCEDiceLoss,8,2,0
black0017_MedicalZooPytorch.tests,test_losses3D,TestCriterion,test_DiceLoss,5,2,0
black0017_MedicalZooPytorch.tests,test_losses3D,TestCriterion,test_generalized_diceLoss,5,2,0
black0017_MedicalZooPytorch.tests,test_losses3D,TestCriterion,test_WeightedCrossEntropyLoss,5,2,0
black0017_MedicalZooPytorch.tests,test_losses3D,TestCriterion,test_ContrastiveLoss,5,2,0
black0017_MedicalZooPytorch.tests,test_losses3D,TestCriterion,test_PixelWiseCrossEntropyLoss,7,1,0
black0017_MedicalZooPytorch.tests,test_losses3D,TestCriterion,test_TagsAngularLoss,6,1,0
black0017_MedicalZooPytorch.tests,test_losses3D,TestCriterion,test_WeightedSmoothL1Loss,5,2,0
black0017_MedicalZooPytorch.tests,test_models,,main,11,3,0
black0017_MedicalZooPytorch.tests,test_models,,get_arguments,20,1,0
black0017_MedicalZooPytorch.tests,test_vizual,,main,16,2,0
black0017_MedicalZooPytorch.tests,test_vizual,,get_arguments,27,1,0
black0017_MedicalZooPytorch.tests,train_with_trainer_class,,main,19,2,0
black0017_MedicalZooPytorch.tests,train_with_trainer_class,,get_arguments,29,1,0
