Package,Module,Smell,Class/Module,Line no,File,Details
black0017_MedicalZooPytorch.lib.medzoo,BaseModelClass,Wide hierarchy,BaseModel,0,/Volumes/BrokeExt/NICHE/black0017_MedicalZooPytorch/lib/medzoo/BaseModelClass.py,Class 'BaseModel' has a wide hierarchy with 14 direct subclasses.
black0017_MedicalZooPytorch.lib.medzoo,HyperDensenet,Insufficient modularization,HyperDensenet,1,/Volumes/BrokeExt/NICHE/black0017_MedicalZooPytorch/lib/medzoo/HyperDensenet.py,"Module 'HyperDensenet' is insufficiently modularized with NOPM: 25, WMC: 39, NOM: 25."
black0017_MedicalZooPytorch.lib.medzoo,HyperDensenet,Multifaceted abstraction,HyperDensenet,1,/Volumes/BrokeExt/NICHE/black0017_MedicalZooPytorch/lib/medzoo/HyperDensenet.py,"Class 'HyperDensenet' has a high LCOM value of 0.88, indicating it may have multiple responsibilities."
black0017_MedicalZooPytorch.lib.medzoo,ResNet3D_VAE,Multifaceted abstraction,ResNet3D_VAE,1,/Volumes/BrokeExt/NICHE/black0017_MedicalZooPytorch/lib/medzoo/ResNet3D_VAE.py,"Class 'ResNet3D_VAE' has a high LCOM value of 1, indicating it may have multiple responsibilities."
black0017_MedicalZooPytorch.lib.medzoo,Vnet,Multifaceted abstraction,Vnet,1,/Volumes/BrokeExt/NICHE/black0017_MedicalZooPytorch/lib/medzoo/Vnet.py,"Class 'Vnet' has a high LCOM value of 1, indicating it may have multiple responsibilities."
black0017_MedicalZooPytorch.lib.utils,covid_utils,Multifaceted abstraction,covid_utils,1,/Volumes/BrokeExt/NICHE/black0017_MedicalZooPytorch/lib/utils/covid_utils.py,"Class 'covid_utils' has a high LCOM value of 1, indicating it may have multiple responsibilities."
black0017_MedicalZooPytorch.lib.utils,general,Multifaceted abstraction,general,1,/Volumes/BrokeExt/NICHE/black0017_MedicalZooPytorch/lib/utils/general.py,"Class 'general' has a high LCOM value of 1, indicating it may have multiple responsibilities."
