Package,Module,Class,LOC,WMC,NOM,NOPM,NOF,NOPF,LCOM,Fan-in,Fan-out
KevinMusgrave_powerful-benchmarker,delete_slurm_logs,,16,6,1,1,4,4,0,0,0
KevinMusgrave_powerful-benchmarker,kill_all,,0,0,0,0,3,3,-1,0,0
KevinMusgrave_powerful-benchmarker,print_progress,,88,25,8,8,18,18,0,0,0
KevinMusgrave_powerful-benchmarker,simple_slurm,,28,7,3,3,4,4,0.33,0,0
KevinMusgrave_powerful-benchmarker,upload_logs,,12,1,1,1,2,2,0,0,0
KevinMusgrave_powerful-benchmarker.latex,best_accuracy_per_adapter,,40,5,5,5,0,0,0.6,0,0
KevinMusgrave_powerful-benchmarker.latex,best_validator_per_adapter_task,,33,7,2,2,3,3,0,0,0
KevinMusgrave_powerful-benchmarker.latex,color_map_tags,,60,14,9,9,10,10,0.44,0,0
KevinMusgrave_powerful-benchmarker.latex,correlation,,130,19,17,17,4,4,0.24,0,0
KevinMusgrave_powerful-benchmarker.latex,correlation_bar_plot,,53,4,3,3,0,0,0.33,0,0
KevinMusgrave_powerful-benchmarker.latex,correlation_bar_plot_adapter_validator_pairs,,34,4,3,3,1,1,1,0,0
KevinMusgrave_powerful-benchmarker.latex,correlation_bar_plot_single_adapter,,13,2,1,1,0,0,0,0,0
KevinMusgrave_powerful-benchmarker.latex,correlation_diffs,,26,2,1,1,3,3,0,0,0
KevinMusgrave_powerful-benchmarker.latex,correlation_single_adapter,,52,5,3,3,5,5,0.33,0,0
KevinMusgrave_powerful-benchmarker.latex,create_tables,,14,2,1,1,2,2,0,0,0
KevinMusgrave_powerful-benchmarker.latex,pred_acc_using_best_adapter_validator_pairs,,94,5,4,4,3,3,0,0,0
KevinMusgrave_powerful-benchmarker.latex,replace_color_map_tags,,17,2,1,1,5,5,0,0,0
KevinMusgrave_powerful-benchmarker.latex,replace_header_acronyms,,11,2,1,1,3,3,0,0,0
KevinMusgrave_powerful-benchmarker.latex,table_creator,,76,16,3,3,11,11,0,0,0
KevinMusgrave_powerful-benchmarker.latex,utils,,270,26,21,21,2,2,0.57,0,0
KevinMusgrave_powerful-benchmarker.latex,validator_parameter_explanations,,81,2,2,2,0,0,1,0,0
KevinMusgrave_powerful-benchmarker.powerful_benchmarker,delete_exp_groups,,14,4,1,1,3,3,0,0,0
KevinMusgrave_powerful-benchmarker.powerful_benchmarker,delete_experiment,,16,7,2,2,2,2,0,0,0
KevinMusgrave_powerful-benchmarker.powerful_benchmarker,launch_multiple,,9,2,1,1,5,5,0,0,0
KevinMusgrave_powerful-benchmarker.powerful_benchmarker,launch_one,,101,19,6,6,11,11,0.17,0,0
KevinMusgrave_powerful-benchmarker.powerful_benchmarker,main,,241,21,5,5,19,18,0,0,1
KevinMusgrave_powerful-benchmarker.powerful_benchmarker,yaml_creator_helper,,49,3,1,1,4,4,0,0,0
KevinMusgrave_powerful-benchmarker.powerful_benchmarker.configs,__init__,,0,0,0,0,0,0,-1,0,0
KevinMusgrave_powerful-benchmarker.powerful_benchmarker.configs,adda_config,,33,3,0,0,0,0,-1,0,0
