Package,Module,Class,Function,LOC,CC,PC
funcwj_setk.scripts.sptk,apply_adaptive_beamformer,,do_online_beamform,17,2,5
funcwj_setk.scripts.sptk,apply_adaptive_beamformer,,compute_vad_masks,16,3,2
funcwj_setk.scripts.sptk,apply_adaptive_beamformer,,run,106,15,1
funcwj_setk.scripts.sptk,apply_auxiva,,auxiva,25,4,2
funcwj_setk.scripts.sptk,apply_auxiva,,run,19,3,1
funcwj_setk.scripts.sptk,apply_classic_beamformer,,do_online_beamform,11,2,4
funcwj_setk.scripts.sptk,apply_classic_beamformer,,process_doa,5,1,2
funcwj_setk.scripts.sptk,apply_classic_beamformer,,parse_doa,12,2,2
funcwj_setk.scripts.sptk,apply_classic_beamformer,,run,61,6,1
funcwj_setk.scripts.sptk,apply_ds_beamformer,,run,3,1,1
funcwj_setk.scripts.sptk,apply_fixed_beamformer,,run,32,5,1
funcwj_setk.scripts.sptk,apply_ns,,run,31,6,1
funcwj_setk.scripts.sptk,apply_sd_beamformer,,run,3,1,1
funcwj_setk.scripts.sptk,apply_wpd,,run,40,6,1
funcwj_setk.scripts.sptk,apply_wpe,,run,48,6,1
funcwj_setk.scripts.sptk,compute_centroid,,run,30,9,1
funcwj_setk.scripts.sptk,compute_circular_srp,,run,41,6,1
funcwj_setk.scripts.sptk,compute_df_on_geometry,,run,50,8,1
funcwj_setk.scripts.sptk,compute_df_on_mask,,run,37,6,1
funcwj_setk.scripts.sptk,compute_dpcl_label,,run,32,3,1
funcwj_setk.scripts.sptk,compute_fbank,,run,37,4,1
funcwj_setk.scripts.sptk,compute_ipd_and_linear_srp,,compute_spatial_feats,29,5,2
funcwj_setk.scripts.sptk,compute_ipd_and_linear_srp,,run,21,3,1
funcwj_setk.scripts.sptk,compute_mask,,sigmoid,10,1,3
funcwj_setk.scripts.sptk,compute_mask,,tangent,10,1,3
funcwj_setk.scripts.sptk,compute_mask,,compute_mask,31,3,3
funcwj_setk.scripts.sptk,compute_mask,,run,43,6,1
funcwj_setk.scripts.sptk,compute_sdr,AudioReader,__init__,2,1,1
funcwj_setk.scripts.sptk,compute_sdr,AudioReader,__len__,2,1,0
funcwj_setk.scripts.sptk,compute_sdr,AudioReader,__getitem__,6,2,1
funcwj_setk.scripts.sptk,compute_sdr,AudioReader,__iter__,4,2,0
funcwj_setk.scripts.sptk,compute_sdr,Report,__init__,4,1,1
funcwj_setk.scripts.sptk,compute_sdr,Report,add,6,2,2
funcwj_setk.scripts.sptk,compute_sdr,Report,report,10,2,0
funcwj_setk.scripts.sptk,compute_sdr,,run,24,6,1
funcwj_setk.scripts.sptk,compute_si_snr,SpeakersReader,__init__,6,2,1
funcwj_setk.scripts.sptk,compute_si_snr,SpeakersReader,__len__,3,1,0
funcwj_setk.scripts.sptk,compute_si_snr,SpeakersReader,__getitem__,8,2,1
funcwj_setk.scripts.sptk,compute_si_snr,SpeakersReader,__iter__,4,2,0
funcwj_setk.scripts.sptk,compute_si_snr,Report,__init__,4,1,1
funcwj_setk.scripts.sptk,compute_si_snr,Report,add,6,2,2
funcwj_setk.scripts.sptk,compute_si_snr,Report,report,10,2,0
funcwj_setk.scripts.sptk,compute_si_snr,,run,39,11,1
funcwj_setk.scripts.sptk,compute_similar_score,,run,30,7,1
funcwj_setk.scripts.sptk,compute_spectrogram,,run,22,3,1
funcwj_setk.scripts.sptk,compute_steer_vector,,run,31,5,1
funcwj_setk.scripts.sptk,compute_wer,TransReader,__init__,4,1,1
funcwj_setk.scripts.sptk,compute_wer,TransReader,__len__,2,1,0
funcwj_setk.scripts.sptk,compute_wer,TransReader,__getitem__,4,2,1
funcwj_setk.scripts.sptk,compute_wer,TransReader,_check,3,1,1
funcwj_setk.scripts.sptk,compute_wer,TransReader,__iter__,5,3,0
funcwj_setk.scripts.sptk,compute_wer,Report,__init__,5,1,1
funcwj_setk.scripts.sptk,compute_wer,Report,add,7,2,3
funcwj_setk.scripts.sptk,compute_wer,Report,report,11,3,0
funcwj_setk.scripts.sptk,compute_wer,,run,18,5,1
funcwj_setk.scripts.sptk,copy_archive_to_mat,,run,12,3,1
funcwj_setk.scripts.sptk,copy_complex_mat,,write_complex_mat,8,2,2
funcwj_setk.scripts.sptk,copy_complex_mat,,run,25,12,1
funcwj_setk.scripts.sptk,copy_mat_to_archive,,run,34,12,1
funcwj_setk.scripts.sptk,do_ssl,,add_wta,10,2,2
funcwj_setk.scripts.sptk,do_ssl,,get_doa,8,3,7
funcwj_setk.scripts.sptk,do_ssl,,run,73,14,1
funcwj_setk.scripts.sptk,do_vad,VoiceSpliter,__init__,7,2,3
funcwj_setk.scripts.sptk,do_vad,VoiceSpliter,run,18,11,1
funcwj_setk.scripts.sptk,do_vad,VoiceSpliter,report,18,6,1
funcwj_setk.scripts.sptk,do_vad,VoiceSpliter,reset,6,1,0
funcwj_setk.scripts.sptk,do_vad,,run,25,5,1
funcwj_setk.scripts.sptk,estimate_cacgmm_masks,,run,50,7,1
funcwj_setk.scripts.sptk,estimate_cgmm_masks,,run,52,9,1
funcwj_setk.scripts.sptk,oracle_separate,,compute_mask,20,3,3
funcwj_setk.scripts.sptk,oracle_separate,,run,35,6,1
funcwj_setk.scripts.sptk,rir_generate_1d,Room,__init__,5,1,5
funcwj_setk.scripts.sptk,rir_generate_1d,Room,set_mic,11,2,3
funcwj_setk.scripts.sptk,rir_generate_1d,Room,set_spk,4,1,1
funcwj_setk.scripts.sptk,rir_generate_1d,Room,conf,12,1,0
funcwj_setk.scripts.sptk,rir_generate_1d,Room,plot,20,1,3
funcwj_setk.scripts.sptk,rir_generate_1d,Room,rir,59,6,5
funcwj_setk.scripts.sptk,rir_generate_1d,RoomGenerator,__init__,13,3,3
funcwj_setk.scripts.sptk,rir_generate_1d,RoomGenerator,generate,19,1,1
funcwj_setk.scripts.sptk,rir_generate_1d,RirSimulator,__init__,11,3,1
funcwj_setk.scripts.sptk,rir_generate_1d,RirSimulator,_place_mic,7,1,1
funcwj_setk.scripts.sptk,rir_generate_1d,RirSimulator,_max_src_dist,6,1,2
funcwj_setk.scripts.sptk,rir_generate_1d,RirSimulator,_place_spk,41,8,2
funcwj_setk.scripts.sptk,rir_generate_1d,RirSimulator,run_for_instance,31,7,1
funcwj_setk.scripts.sptk,rir_generate_1d,RirSimulator,run,17,5,0
funcwj_setk.scripts.sptk,rir_generate_1d,,run,3,1,1
funcwj_setk.scripts.sptk,rir_generate_2d,Room,__init__,5,1,5
funcwj_setk.scripts.sptk,rir_generate_2d,Room,set_mic,7,1,2
funcwj_setk.scripts.sptk,rir_generate_2d,Room,set_spk,4,1,1
funcwj_setk.scripts.sptk,rir_generate_2d,Room,conf,12,1,0
funcwj_setk.scripts.sptk,rir_generate_2d,Room,plot,20,1,3
funcwj_setk.scripts.sptk,rir_generate_2d,Room,rir,60,6,5
funcwj_setk.scripts.sptk,rir_generate_2d,RoomGenerator,__init__,13,3,3
funcwj_setk.scripts.sptk,rir_generate_2d,RoomGenerator,generate,19,1,1
funcwj_setk.scripts.sptk,rir_generate_2d,RirSimulator,__init__,11,3,1
funcwj_setk.scripts.sptk,rir_generate_2d,RirSimulator,_place_mic,7,1,1
funcwj_setk.scripts.sptk,rir_generate_2d,RirSimulator,_max_src_dist,6,1,2
funcwj_setk.scripts.sptk,rir_generate_2d,RirSimulator,_place_spk,40,7,2
funcwj_setk.scripts.sptk,rir_generate_2d,RirSimulator,run_for_instance,32,7,1
funcwj_setk.scripts.sptk,rir_generate_2d,RirSimulator,run,17,5,0
funcwj_setk.scripts.sptk,rir_generate_2d,,run,3,1,1
funcwj_setk.scripts.sptk,visualize_angular_spectrum,,save_figure,22,1,5
funcwj_setk.scripts.sptk,visualize_angular_spectrum,,run,11,3,1
funcwj_setk.scripts.sptk,visualize_beampattern,,run,26,4,1
funcwj_setk.scripts.sptk,visualize_pca,NumpyReader,__init__,2,1,1
funcwj_setk.scripts.sptk,visualize_pca,NumpyReader,_load,2,1,1
funcwj_setk.scripts.sptk,visualize_pca,,run,17,3,1
funcwj_setk.scripts.sptk,visualize_spectrogram,,save_figure,43,7,7
funcwj_setk.scripts.sptk,visualize_spectrogram,,run,26,4,1
funcwj_setk.scripts.sptk,visualize_tf_matrix,NumpyReader,__init__,2,1,1
funcwj_setk.scripts.sptk,visualize_tf_matrix,NumpyReader,_load,2,1,1
funcwj_setk.scripts.sptk,visualize_tf_matrix,,save_figure,43,7,7
funcwj_setk.scripts.sptk,visualize_tf_matrix,,run,29,8,1
funcwj_setk.scripts.sptk,wav_duration,,ext_open,7,2,2
funcwj_setk.scripts.sptk,wav_duration,,run,25,6,1
funcwj_setk.scripts.sptk,wav_estimate,,run,42,7,1
funcwj_setk.scripts.sptk,wav_separate,,run,59,8,1
funcwj_setk.scripts.sptk,wav_simulate,,coeff_snr,4,1,3
funcwj_setk.scripts.sptk,wav_simulate,,add_room_response,19,2,4
funcwj_setk.scripts.sptk,wav_simulate,,add_speaker,28,7,7
funcwj_setk.scripts.sptk,wav_simulate,,add_point_noise,37,9,9
funcwj_setk.scripts.sptk,wav_simulate,,load_audio,17,3,4
funcwj_setk.scripts.sptk,wav_simulate,,run_simu,131,23,1
funcwj_setk.scripts.sptk,wav_simulate,,run,23,5,1
funcwj_setk.scripts.sptk.libs,beamformer,Beamformer,__init__,2,1,0
funcwj_setk.scripts.sptk.libs,beamformer,Beamformer,beamform,9,3,2
funcwj_setk.scripts.sptk.libs,beamformer,SupervisedBeamformer,__init__,3,1,1
funcwj_setk.scripts.sptk.libs,beamformer,SupervisedBeamformer,compute_covar_mat,12,5,2
funcwj_setk.scripts.sptk.libs,beamformer,SupervisedBeamformer,weight,4,1,2
funcwj_setk.scripts.sptk.libs,beamformer,SupervisedBeamformer,run,8,1,4
funcwj_setk.scripts.sptk.libs,beamformer,OnlineSupervisedBeamformer,__init__,4,1,3
funcwj_setk.scripts.sptk.libs,beamformer,OnlineSupervisedBeamformer,reset_stats,5,1,1
funcwj_setk.scripts.sptk.libs,beamformer,OnlineSupervisedBeamformer,run,11,1,4
funcwj_setk.scripts.sptk.libs,beamformer,FixedBeamformer,__init__,3,1,1
funcwj_setk.scripts.sptk.libs,beamformer,FixedBeamformer,run,4,1,1
funcwj_setk.scripts.sptk.libs,beamformer,DSBeamformer,__init__,3,1,1
funcwj_setk.scripts.sptk.libs,beamformer,DSBeamformer,weight,4,1,4
funcwj_setk.scripts.sptk.libs,beamformer,DSBeamformer,run,10,2,4
funcwj_setk.scripts.sptk.libs,beamformer,LinearDSBeamformer,__init__,3,1,1
funcwj_setk.scripts.sptk.libs,beamformer,LinearDSBeamformer,weight,5,1,4
funcwj_setk.scripts.sptk.libs,beamformer,CircularDSBeamformer,__init__,6,1,3
funcwj_setk.scripts.sptk.libs,beamformer,CircularDSBeamformer,weight,11,1,4
funcwj_setk.scripts.sptk.libs,beamformer,LinearSDBeamformer,__init__,4,1,1
funcwj_setk.scripts.sptk.libs,beamformer,LinearSDBeamformer,weight,16,1,5
funcwj_setk.scripts.sptk.libs,beamformer,CircularSDBeamformer,__init__,5,1,3
funcwj_setk.scripts.sptk.libs,beamformer,CircularSDBeamformer,_compute_distance_mat,16,4,0
funcwj_setk.scripts.sptk.libs,beamformer,CircularSDBeamformer,weight,16,1,5
funcwj_setk.scripts.sptk.libs,beamformer,MvdrBeamformer,__init__,2,1,1
funcwj_setk.scripts.sptk.libs,beamformer,MvdrBeamformer,weight,8,1,2
funcwj_setk.scripts.sptk.libs,beamformer,MpdrBeamformer,__init__,3,1,2
funcwj_setk.scripts.sptk.libs,beamformer,MpdrBeamformer,weight,12,2,3
funcwj_setk.scripts.sptk.libs,beamformer,MpdrBeamformer,run,12,2,4
funcwj_setk.scripts.sptk.libs,beamformer,PmwfBeamformer,__init__,5,1,4
funcwj_setk.scripts.sptk.libs,beamformer,PmwfBeamformer,_snr,8,1,3
funcwj_setk.scripts.sptk.libs,beamformer,PmwfBeamformer,weight,21,5,2
funcwj_setk.scripts.sptk.libs,beamformer,GevdBeamformer,__init__,2,1,1
funcwj_setk.scripts.sptk.libs,beamformer,GevdBeamformer,weight,4,1,2
funcwj_setk.scripts.sptk.libs,beamformer,OnlineGevdBeamformer,__init__,4,1,3
funcwj_setk.scripts.sptk.libs,beamformer,OnlineGevdBeamformer,weight,4,1,2
funcwj_setk.scripts.sptk.libs,beamformer,OnlineMvdrBeamformer,__init__,4,1,3
funcwj_setk.scripts.sptk.libs,beamformer,OnlineMvdrBeamformer,weight,8,1,2
funcwj_setk.scripts.sptk.libs,beamformer,,do_ban,9,1,2
funcwj_setk.scripts.sptk.libs,beamformer,,solve_pevd,27,4,2
funcwj_setk.scripts.sptk.libs,beamformer,,rank1_constraint,11,2,2
funcwj_setk.scripts.sptk.libs,beamformer,,compute_covar,9,1,2
funcwj_setk.scripts.sptk.libs,beamformer,,beam_pattern,16,3,2
funcwj_setk.scripts.sptk.libs,beamformer,,diffuse_covar,10,2,5
funcwj_setk.scripts.sptk.libs,beamformer,,plane_steer_vector,6,1,4
funcwj_setk.scripts.sptk.libs,beamformer,,linear_steer_vector,5,1,5
funcwj_setk.scripts.sptk.libs,beamformer,,circular_steer_vector,9,2,7
funcwj_setk.scripts.sptk.libs,cluster,Covariance,__init__,14,3,2
funcwj_setk.scripts.sptk.libs,cluster,Covariance,mat,9,1,1
funcwj_setk.scripts.sptk.libs,cluster,Covariance,det,7,1,1
funcwj_setk.scripts.sptk.libs,cluster,Distribution,__init__,4,1,1
funcwj_setk.scripts.sptk.libs,cluster,Distribution,check_status,7,3,0
funcwj_setk.scripts.sptk.libs,cluster,Distribution,update_covar,5,1,2
funcwj_setk.scripts.sptk.libs,cluster,Distribution,covar,4,1,1
funcwj_setk.scripts.sptk.libs,cluster,Distribution,log_pdf,4,1,1
funcwj_setk.scripts.sptk.libs,cluster,Distribution,update_parameters,4,1,0
funcwj_setk.scripts.sptk.libs,cluster,CgDistribution,__init__,3,1,2
funcwj_setk.scripts.sptk.libs,cluster,CgDistribution,update_parameters,13,1,3
funcwj_setk.scripts.sptk.libs,cluster,CgDistribution,log_pdf,8,1,1
funcwj_setk.scripts.sptk.libs,cluster,Cgmm,__init__,3,1,2
funcwj_setk.scripts.sptk.libs,cluster,Cgmm,update,6,2,3
funcwj_setk.scripts.sptk.libs,cluster,Cgmm,predict,19,2,2
funcwj_setk.scripts.sptk.libs,cluster,CacgDistribution,__init__,2,1,1
funcwj_setk.scripts.sptk.libs,cluster,CacgDistribution,update_parameters,9,1,4
funcwj_setk.scripts.sptk.libs,cluster,CacgDistribution,log_pdf,15,1,2
funcwj_setk.scripts.sptk.libs,cluster,Cacgmm,__init__,4,1,3
funcwj_setk.scripts.sptk.libs,cluster,Cacgmm,update,9,2,3
funcwj_setk.scripts.sptk.libs,cluster,Cacgmm,predict,19,2,2
funcwj_setk.scripts.sptk.libs,cluster,CgmmTrainer,__init__,43,6,5
funcwj_setk.scripts.sptk.libs,cluster,CgmmTrainer,train,10,2,1
funcwj_setk.scripts.sptk.libs,cluster,CacgmmTrainer,__init__,37,5,6
funcwj_setk.scripts.sptk.libs,cluster,CacgmmTrainer,train,10,2,1
funcwj_setk.scripts.sptk.libs,cluster,,norm_observation,6,1,3
funcwj_setk.scripts.sptk.libs,cluster,,permu_aligner,34,10,2
funcwj_setk.scripts.sptk.libs,data_handler,ext_open,__init__,3,1,2
funcwj_setk.scripts.sptk.libs,data_handler,ext_open,__enter__,3,1,0
funcwj_setk.scripts.sptk.libs,data_handler,ext_open,__exit__,2,1,0
funcwj_setk.scripts.sptk.libs,data_handler,Reader,__init__,3,1,1
funcwj_setk.scripts.sptk.libs,data_handler,Reader,_load,4,1,1
funcwj_setk.scripts.sptk.libs,data_handler,Reader,sample,6,1,1
funcwj_setk.scripts.sptk.libs,data_handler,Reader,__len__,4,1,0
funcwj_setk.scripts.sptk.libs,data_handler,Reader,__contains__,4,1,1
funcwj_setk.scripts.sptk.libs,data_handler,Reader,__iter__,5,2,0
funcwj_setk.scripts.sptk.libs,data_handler,Reader,__getitem__,15,6,1
funcwj_setk.scripts.sptk.libs,data_handler,Reader,get,5,1,2
funcwj_setk.scripts.sptk.libs,data_handler,ScpReader,__init__,6,1,4
funcwj_setk.scripts.sptk.libs,data_handler,DirReader,__init__,7,2,2
funcwj_setk.scripts.sptk.libs,data_handler,Writer,__init__,12,4,3
funcwj_setk.scripts.sptk.libs,data_handler,Writer,__enter__,5,2,0
funcwj_setk.scripts.sptk.libs,data_handler,Writer,__exit__,4,2,0
funcwj_setk.scripts.sptk.libs,data_handler,Writer,check_args,5,2,1
funcwj_setk.scripts.sptk.libs,data_handler,Writer,write,2,1,2
funcwj_setk.scripts.sptk.libs,data_handler,ArchiveReader,__init__,2,1,1
funcwj_setk.scripts.sptk.libs,data_handler,ArchiveReader,__iter__,4,2,0
funcwj_setk.scripts.sptk.libs,data_handler,WaveReader,__init__,5,1,3
funcwj_setk.scripts.sptk.libs,data_handler,WaveReader,read_internal,24,4,3
funcwj_setk.scripts.sptk.libs,data_handler,WaveReader,read,20,2,3
funcwj_setk.scripts.sptk.libs,data_handler,WaveReader,_load,2,1,1
funcwj_setk.scripts.sptk.libs,data_handler,WaveReader,maxabs,3,1,1
funcwj_setk.scripts.sptk.libs,data_handler,WaveReader,duration,3,1,1
funcwj_setk.scripts.sptk.libs,data_handler,WaveReader,nsamps,3,1,1
funcwj_setk.scripts.sptk.libs,data_handler,WaveReader,power,4,1,1
funcwj_setk.scripts.sptk.libs,data_handler,SegmentWaveReader,__init__,8,1,4
funcwj_setk.scripts.sptk.libs,data_handler,SegmentWaveReader,_load,5,1,1
funcwj_setk.scripts.sptk.libs,data_handler,NumpyReader,__init__,2,1,1
funcwj_setk.scripts.sptk.libs,data_handler,NumpyReader,_load,2,1,1
funcwj_setk.scripts.sptk.libs,data_handler,PickleReader,__init__,2,1,1
funcwj_setk.scripts.sptk.libs,data_handler,PickleReader,_load,4,1,1
funcwj_setk.scripts.sptk.libs,data_handler,MatReader,__init__,3,1,2
funcwj_setk.scripts.sptk.libs,data_handler,MatReader,_load,7,2,1
funcwj_setk.scripts.sptk.libs,data_handler,SpectrogramReader,__init__,3,1,2
funcwj_setk.scripts.sptk.libs,data_handler,SpectrogramReader,_load,11,1,1
funcwj_setk.scripts.sptk.libs,data_handler,ScriptReader,__init__,10,2,1
funcwj_setk.scripts.sptk.libs,data_handler,ScriptReader,_open,6,2,2
funcwj_setk.scripts.sptk.libs,data_handler,ScriptReader,_load,5,1,1
funcwj_setk.scripts.sptk.libs,data_handler,BinaryReader,__init__,12,2,3
funcwj_setk.scripts.sptk.libs,data_handler,BinaryReader,_load,6,3,1
funcwj_setk.scripts.sptk.libs,data_handler,ArchiveWriter,__init__,5,2,3
funcwj_setk.scripts.sptk.libs,data_handler,ArchiveWriter,write,11,3,2
funcwj_setk.scripts.sptk.libs,data_handler,WaveWriter,__init__,4,1,4
funcwj_setk.scripts.sptk.libs,data_handler,WaveWriter,write,6,2,2
funcwj_setk.scripts.sptk.libs,data_handler,NumpyWriter,__init__,2,1,2
funcwj_setk.scripts.sptk.libs,data_handler,NumpyWriter,write,6,2,2
funcwj_setk.scripts.sptk.libs,data_handler,MatWriter,__init__,2,1,2
funcwj_setk.scripts.sptk.libs,data_handler,MatWriter,write,6,2,2
funcwj_setk.scripts.sptk.libs,data_handler,,run_command,16,2,2
funcwj_setk.scripts.sptk.libs,data_handler,,pipe_fopen,19,4,3
funcwj_setk.scripts.sptk.libs,data_handler,,_fopen,28,5,2
funcwj_setk.scripts.sptk.libs,data_handler,,_fclose,5,3,2
funcwj_setk.scripts.sptk.libs,data_handler,,parse_scps,24,9,4
funcwj_setk.scripts.sptk.libs,exraw,BinaryWriter,__init__,4,2,2
funcwj_setk.scripts.sptk.libs,exraw,BinaryWriter,__enter__,4,1,0
funcwj_setk.scripts.sptk.libs,exraw,BinaryWriter,__exit__,4,2,0
funcwj_setk.scripts.sptk.libs,exraw,BinaryWriter,write,14,5,2
funcwj_setk.scripts.sptk.libs,exraw,BinaryObjectReader,__init__,2,1,1
funcwj_setk.scripts.sptk.libs,exraw,BinaryObjectReader,_next_key,8,4,1
funcwj_setk.scripts.sptk.libs,exraw,BinaryObjectReader,__iter__,8,3,0
funcwj_setk.scripts.sptk.libs,exraw,BinaryScriptReader,__init__,3,1,1
funcwj_setk.scripts.sptk.libs,exraw,BinaryScriptReader,__len__,2,1,0
funcwj_setk.scripts.sptk.libs,exraw,BinaryScriptReader,__contains__,2,1,1
funcwj_setk.scripts.sptk.libs,exraw,BinaryScriptReader,__getitem__,2,1,1
funcwj_setk.scripts.sptk.libs,exraw,BinaryScriptReader,__iter__,3,2,0
funcwj_setk.scripts.sptk.libs,exraw,BinaryScriptReader,_open,4,2,1
funcwj_setk.scripts.sptk.libs,exraw,BinaryScriptReader,_load,4,1,1
funcwj_setk.scripts.sptk.libs,exraw,BinaryScriptReader,keys,2,1,0
funcwj_setk.scripts.sptk.libs,exraw,,_serialize,19,4,2
funcwj_setk.scripts.sptk.libs,exraw,,_deserialize,28,5,2
funcwj_setk.scripts.sptk.libs,exraw,,_parse_scripts,21,5,1
funcwj_setk.scripts.sptk.libs,exraw,,foo,16,3,1
funcwj_setk.scripts.sptk.libs,kaldi_io,,print_info,3,2,1
funcwj_setk.scripts.sptk.libs,kaldi_io,,throw_on_error,3,2,2
funcwj_setk.scripts.sptk.libs,kaldi_io,,peek_char,5,1,2
funcwj_setk.scripts.sptk.libs,kaldi_io,,expect_space,5,1,1
funcwj_setk.scripts.sptk.libs,kaldi_io,,expect_binary,6,1,1
funcwj_setk.scripts.sptk.libs,kaldi_io,,read_token,10,4,1
funcwj_setk.scripts.sptk.libs,kaldi_io,,write_token,4,1,2
funcwj_setk.scripts.sptk.libs,kaldi_io,,expect_token,5,1,2
funcwj_setk.scripts.sptk.libs,kaldi_io,,read_key,7,2,1
funcwj_setk.scripts.sptk.libs,kaldi_io,,write_binary_symbol,4,1,1
funcwj_setk.scripts.sptk.libs,kaldi_io,,write_bytes,6,1,2
funcwj_setk.scripts.sptk.libs,kaldi_io,,read_int32,8,1,1
funcwj_setk.scripts.sptk.libs,kaldi_io,,write_int32,6,1,2
funcwj_setk.scripts.sptk.libs,kaldi_io,,read_float32,9,1,1
funcwj_setk.scripts.sptk.libs,kaldi_io,,read_common_mat,14,1,1
funcwj_setk.scripts.sptk.libs,kaldi_io,,write_common_mat,12,2,2
funcwj_setk.scripts.sptk.libs,kaldi_io,,read_int32_vec,8,2,2
funcwj_setk.scripts.sptk.libs,kaldi_io,,read_sparse_vec,13,2,1
funcwj_setk.scripts.sptk.libs,kaldi_io,,read_float_vec,14,2,2
funcwj_setk.scripts.sptk.libs,kaldi_io,,write_float_vec,11,2,2
funcwj_setk.scripts.sptk.libs,kaldi_io,,read_sparse_mat,10,2,1
funcwj_setk.scripts.sptk.libs,kaldi_io,,uncompress,35,2,3
funcwj_setk.scripts.sptk.libs,kaldi_io,,read_compress_mat,19,4,1
funcwj_setk.scripts.sptk.libs,kaldi_io,,read_general_mat,12,2,2
funcwj_setk.scripts.sptk.libs,kaldi_io,,read_float_mat_vec,10,2,2
funcwj_setk.scripts.sptk.libs,kaldi_io,,write_float_mat_vec,10,3,2
funcwj_setk.scripts.sptk.libs,kaldi_io,,read_float_ark,9,3,1
funcwj_setk.scripts.sptk.libs,kaldi_io,,read_int32_ali,7,3,1
funcwj_setk.scripts.sptk.libs,kaldi_io,,_test_int32_vec_io,5,2,0
funcwj_setk.scripts.sptk.libs,kaldi_io,,_test_float_mat_io,10,2,0
funcwj_setk.scripts.sptk.libs,metric,,si_snr,14,1,4
funcwj_setk.scripts.sptk.libs,metric,,permute_si_snr,19,2,3
funcwj_setk.scripts.sptk.libs,metric,,permute_ed,13,2,2
funcwj_setk.scripts.sptk.libs,ns,MCRA,__init__,16,1,21
funcwj_setk.scripts.sptk.libs,ns,MCRA,run,145,8,2
funcwj_setk.scripts.sptk.libs,ns,iMCRA,__init__,11,1,14
funcwj_setk.scripts.sptk.libs,ns,iMCRA,run,132,4,2
funcwj_setk.scripts.sptk.libs,opts,,str2tuple,6,1,2
funcwj_setk.scripts.sptk.libs,sampler,UniformSampler,__init__,5,2,1
funcwj_setk.scripts.sptk.libs,sampler,UniformSampler,sample,2,1,0
funcwj_setk.scripts.sptk.libs,spatial,,linear_tdoa_grid,14,2,7
funcwj_setk.scripts.sptk.libs,spatial,,gcc_phat_linear,11,3,5
funcwj_setk.scripts.sptk.libs,spatial,,gcc_phat_diag,14,3,10
funcwj_setk.scripts.sptk.libs,spatial,,srp_phat_linear,22,6,4
funcwj_setk.scripts.sptk.libs,spatial,,msc,21,4,3
funcwj_setk.scripts.sptk.libs,spatial,,ipd,12,1,4
funcwj_setk.scripts.sptk.libs,spatial,,directional_feats,17,3,3
funcwj_setk.scripts.sptk.libs,ssl,,ml_ssl,21,5,6
funcwj_setk.scripts.sptk.libs,ssl,,srp_ssl,17,3,4
funcwj_setk.scripts.sptk.libs,ssl,,music_ssl,16,2,3
funcwj_setk.scripts.sptk.libs,utils,,nextpow2,2,1,1
funcwj_setk.scripts.sptk.libs,utils,,cmat_abs,8,2,1
funcwj_setk.scripts.sptk.libs,utils,,write_wav,11,5,4
funcwj_setk.scripts.sptk.libs,utils,,read_wav,14,4,5
funcwj_setk.scripts.sptk.libs,utils,,forward_stft,26,9,10
funcwj_setk.scripts.sptk.libs,utils,,inverse_stft,20,5,9
funcwj_setk.scripts.sptk.libs,utils,,griffin_lim,22,4,9
funcwj_setk.scripts.sptk.libs,utils,,filekey,11,2,1
funcwj_setk.scripts.sptk.libs,utils,,get_logger,16,1,4
funcwj_setk.scripts.sptk.libs,utils,,check_doa,15,5,3
funcwj_setk.scripts.sptk.libs,wpe,,compute_tap_mat,12,3,3
funcwj_setk.scripts.sptk.libs,wpe,,compute_lambda,15,1,2
funcwj_setk.scripts.sptk.libs,wpe,,wpe_step,9,1,3
funcwj_setk.scripts.sptk.libs,wpe,,wpe,14,2,5
funcwj_setk.scripts.sptk.libs,wpe,,facted_wpd,43,3,7
