Package,Module,Class,Smell,Function/Method,Line no,File,Details
kdexd_virtex,hubconf,,Long statement,resnet50,11,/Volumes/BrokeExt/NICHE/kdexd_virtex/hubconf.py,A line with 539 chars in resnet50 exceeds the maximum length of 120 characters.
kdexd_virtex,setup,,Long statement,get_model_zoo_configs,10,/Volumes/BrokeExt/NICHE/kdexd_virtex/setup.py,A line with 129 chars in get_model_zoo_configs exceeds the maximum length of 120 characters.
kdexd_virtex,setup,,Long statement,,42,/Volumes/BrokeExt/NICHE/kdexd_virtex/setup.py,A line with 273 chars in setup exceeds the maximum length of 120 characters.
kdexd_virtex.docs,conf,,Empty catch block,linkcode_resolve,144,/Volumes/BrokeExt/NICHE/kdexd_virtex/docs/conf.py,Empty catch block found in linkcode_resolve.
kdexd_virtex.docs,conf,,Long statement,linkcode_resolve,124,/Volumes/BrokeExt/NICHE/kdexd_virtex/docs/conf.py,A line with 210 chars in linkcode_resolve exceeds the maximum length of 120 characters.
kdexd_virtex.docs,conf,,Long statement,,35,/Volumes/BrokeExt/NICHE/kdexd_virtex/docs/conf.py,A line with 244 chars in conf exceeds the maximum length of 120 characters.
kdexd_virtex.scripts,build_vocabulary,,Long statement,_read_captions,42,/Volumes/BrokeExt/NICHE/kdexd_virtex/scripts/build_vocabulary.py,A line with 316 chars in _read_captions exceeds the maximum length of 120 characters.
kdexd_virtex.scripts,build_vocabulary,,Long statement,,12,/Volumes/BrokeExt/NICHE/kdexd_virtex/scripts/build_vocabulary.py,A line with 169 chars in build_vocabulary exceeds the maximum length of 120 characters.
kdexd_virtex.scripts,build_vocabulary,,Long statement,,17,/Volumes/BrokeExt/NICHE/kdexd_virtex/scripts/build_vocabulary.py,A line with 157 chars in build_vocabulary exceeds the maximum length of 120 characters.
kdexd_virtex.scripts,build_vocabulary,,Long statement,,25,/Volumes/BrokeExt/NICHE/kdexd_virtex/scripts/build_vocabulary.py,A line with 179 chars in build_vocabulary exceeds the maximum length of 120 characters.
kdexd_virtex.scripts,build_vocabulary,,Long statement,,30,/Volumes/BrokeExt/NICHE/kdexd_virtex/scripts/build_vocabulary.py,A line with 135 chars in build_vocabulary exceeds the maximum length of 120 characters.
kdexd_virtex.scripts,build_vocabulary,,Long statement,,34,/Volumes/BrokeExt/NICHE/kdexd_virtex/scripts/build_vocabulary.py,A line with 144 chars in build_vocabulary exceeds the maximum length of 120 characters.
kdexd_virtex.scripts,build_vocabulary,,Long statement,,89,/Volumes/BrokeExt/NICHE/kdexd_virtex/scripts/build_vocabulary.py,A line with 252 chars in build_vocabulary exceeds the maximum length of 120 characters.
kdexd_virtex.scripts,clf_linear,,Complex method,main,70 - 280,/Volumes/BrokeExt/NICHE/kdexd_virtex/scripts/clf_linear.py,"Method 'main' has a cyclomatic complexity of 17, exceeding the max of 6."
kdexd_virtex.scripts,clf_linear,,Long message chain,main,152,/Volumes/BrokeExt/NICHE/kdexd_virtex/scripts/clf_linear.py,"A long message chain has 4 attributes/calls chained together, more than the recommended 3 in the following statement: torch.nn.init.normal_(model.fc.weight.data, mean=0.0, std=0.01)."
kdexd_virtex.scripts,clf_linear,,Long message chain,main,153,/Volumes/BrokeExt/NICHE/kdexd_virtex/scripts/clf_linear.py,"A long message chain has 4 attributes/calls chained together, more than the recommended 3 in the following statement: torch.nn.init.constant_(model.fc.bias.data, 0.0)."
kdexd_virtex.scripts,clf_linear,,Long method,main,70 - 280,/Volumes/BrokeExt/NICHE/kdexd_virtex/scripts/clf_linear.py,Method 'main' is too long (166 lines).
kdexd_virtex.scripts,clf_linear,,Long statement,main,100,/Volumes/BrokeExt/NICHE/kdexd_virtex/scripts/clf_linear.py,A line with 321 chars in main exceeds the maximum length of 120 characters.
kdexd_virtex.scripts,clf_linear,,Long statement,main,115,/Volumes/BrokeExt/NICHE/kdexd_virtex/scripts/clf_linear.py,A line with 314 chars in main exceeds the maximum length of 120 characters.
kdexd_virtex.scripts,clf_linear,,Long statement,main,139,/Volumes/BrokeExt/NICHE/kdexd_virtex/scripts/clf_linear.py,A line with 123 chars in main exceeds the maximum length of 120 characters.
kdexd_virtex.scripts,clf_linear,,Long statement,,26,/Volumes/BrokeExt/NICHE/kdexd_virtex/scripts/clf_linear.py,A line with 162 chars in clf_linear exceeds the maximum length of 120 characters.
kdexd_virtex.scripts,clf_linear,,Long statement,,34,/Volumes/BrokeExt/NICHE/kdexd_virtex/scripts/clf_linear.py,A line with 137 chars in clf_linear exceeds the maximum length of 120 characters.
kdexd_virtex.scripts,clf_linear,,Long statement,,40,/Volumes/BrokeExt/NICHE/kdexd_virtex/scripts/clf_linear.py,A line with 531 chars in clf_linear exceeds the maximum length of 120 characters.
kdexd_virtex.scripts,clf_linear,,Long statement,,50,/Volumes/BrokeExt/NICHE/kdexd_virtex/scripts/clf_linear.py,A line with 202 chars in clf_linear exceeds the maximum length of 120 characters.
kdexd_virtex.scripts,clf_linear,,Long statement,,55,/Volumes/BrokeExt/NICHE/kdexd_virtex/scripts/clf_linear.py,A line with 249 chars in clf_linear exceeds the maximum length of 120 characters.
kdexd_virtex.scripts,clf_linear,,Long statement,,61,/Volumes/BrokeExt/NICHE/kdexd_virtex/scripts/clf_linear.py,A line with 238 chars in clf_linear exceeds the maximum length of 120 characters.
kdexd_virtex.scripts,clf_linear,,Long statement,,295,/Volumes/BrokeExt/NICHE/kdexd_virtex/scripts/clf_linear.py,A line with 157 chars in clf_linear exceeds the maximum length of 120 characters.
kdexd_virtex.scripts,clf_linear,,Magic number,main,93,/Volumes/BrokeExt/NICHE/kdexd_virtex/scripts/clf_linear.py,Magic number 1000 used in main.
kdexd_virtex.scripts,clf_linear,,Magic number,main,93,/Volumes/BrokeExt/NICHE/kdexd_virtex/scripts/clf_linear.py,Magic number 8142 used in main.
kdexd_virtex.scripts,clf_voc07,,Complex method,main,108 - 243,/Volumes/BrokeExt/NICHE/kdexd_virtex/scripts/clf_voc07.py,"Method 'main' has a cyclomatic complexity of 9, exceeding the max of 6."
kdexd_virtex.scripts,clf_voc07,,Long method,main,108 - 243,/Volumes/BrokeExt/NICHE/kdexd_virtex/scripts/clf_voc07.py,Method 'main' is too long (89 lines).
kdexd_virtex.scripts,clf_voc07,,Long statement,main,131,/Volumes/BrokeExt/NICHE/kdexd_virtex/scripts/clf_voc07.py,A line with 125 chars in main exceeds the maximum length of 120 characters.
kdexd_virtex.scripts,clf_voc07,,Long statement,main,138,/Volumes/BrokeExt/NICHE/kdexd_virtex/scripts/clf_voc07.py,A line with 123 chars in main exceeds the maximum length of 120 characters.
kdexd_virtex.scripts,clf_voc07,,Long statement,main,221,/Volumes/BrokeExt/NICHE/kdexd_virtex/scripts/clf_voc07.py,A line with 143 chars in main exceeds the maximum length of 120 characters.
kdexd_virtex.scripts,clf_voc07,,Long statement,,30,/Volumes/BrokeExt/NICHE/kdexd_virtex/scripts/clf_voc07.py,A line with 137 chars in clf_voc07 exceeds the maximum length of 120 characters.
kdexd_virtex.scripts,clf_voc07,,Long statement,,39,/Volumes/BrokeExt/NICHE/kdexd_virtex/scripts/clf_voc07.py,A line with 531 chars in clf_voc07 exceeds the maximum length of 120 characters.
kdexd_virtex.scripts,clf_voc07,,Magic number,train_test_single_svm,59,/Volumes/BrokeExt/NICHE/kdexd_virtex/scripts/clf_voc07.py,Magic number 0.01 used in train_test_single_svm.
kdexd_virtex.scripts,clf_voc07,,Magic number,train_test_single_svm,59,/Volumes/BrokeExt/NICHE/kdexd_virtex/scripts/clf_voc07.py,Magic number 0.1 used in train_test_single_svm.
kdexd_virtex.scripts,clf_voc07,,Magic number,train_test_single_svm,59,/Volumes/BrokeExt/NICHE/kdexd_virtex/scripts/clf_voc07.py,Magic number 10.0 used in train_test_single_svm.
kdexd_virtex.scripts,clf_voc07,,Magic number,main,183,/Volumes/BrokeExt/NICHE/kdexd_virtex/scripts/clf_voc07.py,Magic number 2 used in main.
kdexd_virtex.scripts,clf_voc07,,Magic number,main,197,/Volumes/BrokeExt/NICHE/kdexd_virtex/scripts/clf_voc07.py,Magic number 2 used in main.
kdexd_virtex.scripts,eval_captioning,,Complex method,main,44 - 109,/Volumes/BrokeExt/NICHE/kdexd_virtex/scripts/eval_captioning.py,"Method 'main' has a cyclomatic complexity of 8, exceeding the max of 6."
kdexd_virtex.scripts,eval_captioning,,Long method,main,44 - 109,/Volumes/BrokeExt/NICHE/kdexd_virtex/scripts/eval_captioning.py,Method 'main' is too long (51 lines).
kdexd_virtex.scripts,eval_captioning,,Long statement,main,60,/Volumes/BrokeExt/NICHE/kdexd_virtex/scripts/eval_captioning.py,A line with 141 chars in main exceeds the maximum length of 120 characters.
kdexd_virtex.scripts,eval_captioning,,Long statement,main,84,/Volumes/BrokeExt/NICHE/kdexd_virtex/scripts/eval_captioning.py,A line with 132 chars in main exceeds the maximum length of 120 characters.
kdexd_virtex.scripts,eval_captioning,,Long statement,,19,/Volumes/BrokeExt/NICHE/kdexd_virtex/scripts/eval_captioning.py,A line with 161 chars in eval_captioning exceeds the maximum length of 120 characters.
kdexd_virtex.scripts,eval_captioning,,Long statement,,23,/Volumes/BrokeExt/NICHE/kdexd_virtex/scripts/eval_captioning.py,A line with 218 chars in eval_captioning exceeds the maximum length of 120 characters.
kdexd_virtex.scripts,eval_captioning,,Long statement,,36,/Volumes/BrokeExt/NICHE/kdexd_virtex/scripts/eval_captioning.py,A line with 211 chars in eval_captioning exceeds the maximum length of 120 characters.
kdexd_virtex.scripts,eval_captioning,,Magic number,main,93,/Volumes/BrokeExt/NICHE/kdexd_virtex/scripts/eval_captioning.py,Magic number 25 used in main.
kdexd_virtex.scripts,eval_detectron2,,Complex method,main,177 - 226,/Volumes/BrokeExt/NICHE/kdexd_virtex/scripts/eval_detectron2.py,"Method 'main' has a cyclomatic complexity of 7, exceeding the max of 6."
kdexd_virtex.scripts,eval_detectron2,,Long message chain,build_detectron2_config,109,/Volumes/BrokeExt/NICHE/kdexd_virtex/scripts/eval_detectron2.py,"A long message chain has 4 attributes/calls chained together, more than the recommended 3 in the following statement: _D2C.MODEL.RESNETS.DEPTH = int((re.search('resnet(\\d+)', _C.MODEL.VISUAL.NAME).group(1) if ('torchvision' in _C.MODEL.VISUAL.NAME) else (re.search('_R_(\\d+)', _C.MODEL.VISUAL.NAME).group(1) if ('detectron2' in _C.MODEL.VISUAL.NAME) else 0)))."
kdexd_virtex.scripts,eval_detectron2,Res5ROIHeadsExtraNorm,Long message chain,_build_res5_block,90,/Volumes/BrokeExt/NICHE/kdexd_virtex/scripts/eval_detectron2.py,"A long message chain has 4 attributes/calls chained together, more than the recommended 3 in the following statement: norm = d2.layers.get_norm(cfg.MODEL.RESNETS.NORM, out_channels)."
kdexd_virtex.scripts,eval_detectron2,,Long statement,build_detectron2_config,109,/Volumes/BrokeExt/NICHE/kdexd_virtex/scripts/eval_detectron2.py,A line with 243 chars in build_detectron2_config exceeds the maximum length of 120 characters.
kdexd_virtex.scripts,eval_detectron2,DownstreamTrainer,Long statement,__init__,140,/Volumes/BrokeExt/NICHE/kdexd_virtex/scripts/eval_detectron2.py,A line with 188 chars in __init__ exceeds the maximum length of 120 characters.
kdexd_virtex.scripts,eval_detectron2,,Long statement,,1,/Volumes/BrokeExt/NICHE/kdexd_virtex/scripts/eval_detectron2.py,A line with 356 chars in eval_detectron2 exceeds the maximum length of 120 characters.
kdexd_virtex.scripts,eval_detectron2,,Long statement,,43,/Volumes/BrokeExt/NICHE/kdexd_virtex/scripts/eval_detectron2.py,A line with 316 chars in eval_detectron2 exceeds the maximum length of 120 characters.
kdexd_virtex.scripts,eval_detectron2,,Long statement,,52,/Volumes/BrokeExt/NICHE/kdexd_virtex/scripts/eval_detectron2.py,A line with 531 chars in eval_detectron2 exceeds the maximum length of 120 characters.
kdexd_virtex.scripts,eval_detectron2,,Long statement,,66,/Volumes/BrokeExt/NICHE/kdexd_virtex/scripts/eval_detectron2.py,A line with 145 chars in eval_detectron2 exceeds the maximum length of 120 characters.
kdexd_virtex.scripts,eval_detectron2,,Long statement,,70,/Volumes/BrokeExt/NICHE/kdexd_virtex/scripts/eval_detectron2.py,A line with 132 chars in eval_detectron2 exceeds the maximum length of 120 characters.
kdexd_virtex.scripts,eval_detectron2,,Long statement,,74,/Volumes/BrokeExt/NICHE/kdexd_virtex/scripts/eval_detectron2.py,A line with 140 chars in eval_detectron2 exceeds the maximum length of 120 characters.
kdexd_virtex.scripts,eval_detectron2,,Long statement,,234,/Volumes/BrokeExt/NICHE/kdexd_virtex/scripts/eval_detectron2.py,A line with 157 chars in eval_detectron2 exceeds the maximum length of 120 characters.
kdexd_virtex.scripts,pretrain_virtex,,Complex method,main,44 - 219,/Volumes/BrokeExt/NICHE/kdexd_virtex/scripts/pretrain_virtex.py,"Method 'main' has a cyclomatic complexity of 13, exceeding the max of 6."
kdexd_virtex.scripts,pretrain_virtex,,Long method,main,44 - 219,/Volumes/BrokeExt/NICHE/kdexd_virtex/scripts/pretrain_virtex.py,Method 'main' is too long (145 lines).
kdexd_virtex.scripts,pretrain_virtex,,Long statement,main,77,/Volumes/BrokeExt/NICHE/kdexd_virtex/scripts/pretrain_virtex.py,A line with 257 chars in main exceeds the maximum length of 120 characters.
kdexd_virtex.scripts,pretrain_virtex,,Long statement,main,87,/Volumes/BrokeExt/NICHE/kdexd_virtex/scripts/pretrain_virtex.py,A line with 232 chars in main exceeds the maximum length of 120 characters.
kdexd_virtex.scripts,pretrain_virtex,,Long statement,main,111,/Volumes/BrokeExt/NICHE/kdexd_virtex/scripts/pretrain_virtex.py,A line with 126 chars in main exceeds the maximum length of 120 characters.
kdexd_virtex.scripts,pretrain_virtex,,Long statement,main,134,/Volumes/BrokeExt/NICHE/kdexd_virtex/scripts/pretrain_virtex.py,A line with 130 chars in main exceeds the maximum length of 120 characters.
kdexd_virtex.scripts,pretrain_virtex,,Long statement,main,173,/Volumes/BrokeExt/NICHE/kdexd_virtex/scripts/pretrain_virtex.py,A line with 150 chars in main exceeds the maximum length of 120 characters.
kdexd_virtex.scripts,pretrain_virtex,,Long statement,,32,/Volumes/BrokeExt/NICHE/kdexd_virtex/scripts/pretrain_virtex.py,A line with 139 chars in pretrain_virtex exceeds the maximum length of 120 characters.
kdexd_virtex.scripts,pretrain_virtex,,Long statement,,36,/Volumes/BrokeExt/NICHE/kdexd_virtex/scripts/pretrain_virtex.py,A line with 201 chars in pretrain_virtex exceeds the maximum length of 120 characters.
kdexd_virtex.scripts,pretrain_virtex,,Long statement,,230,/Volumes/BrokeExt/NICHE/kdexd_virtex/scripts/pretrain_virtex.py,A line with 157 chars in pretrain_virtex exceeds the maximum length of 120 characters.
kdexd_virtex.virtex,config,Config,Long message chain,__init__,109,/Volumes/BrokeExt/NICHE/kdexd_virtex/virtex/config.py,"A long message chain has 4 attributes/calls chained together, more than the recommended 3 in the following statement: _C.DATA.MASKED_LM.MASK_PROPORTION = 0.15."
kdexd_virtex.virtex,config,Config,Long message chain,__init__,111,/Volumes/BrokeExt/NICHE/kdexd_virtex/virtex/config.py,"A long message chain has 4 attributes/calls chained together, more than the recommended 3 in the following statement: _C.DATA.MASKED_LM.MASK_PROBABILITY = 0.85."
kdexd_virtex.virtex,config,Config,Long message chain,__init__,113,/Volumes/BrokeExt/NICHE/kdexd_virtex/virtex/config.py,"A long message chain has 4 attributes/calls chained together, more than the recommended 3 in the following statement: _C.DATA.MASKED_LM.REPLACE_PROBABILITY = 0.1."
kdexd_virtex.virtex,config,Config,Long message chain,__init__,128,/Volumes/BrokeExt/NICHE/kdexd_virtex/virtex/config.py,"A long message chain has 4 attributes/calls chained together, more than the recommended 3 in the following statement: _C.MODEL.VISUAL.NAME = 'torchvision::resnet50'."
kdexd_virtex.virtex,config,Config,Long message chain,__init__,130,/Volumes/BrokeExt/NICHE/kdexd_virtex/virtex/config.py,"A long message chain has 4 attributes/calls chained together, more than the recommended 3 in the following statement: _C.MODEL.VISUAL.FEATURE_SIZE = 2048."
kdexd_virtex.virtex,config,Config,Long message chain,__init__,132,/Volumes/BrokeExt/NICHE/kdexd_virtex/virtex/config.py,"A long message chain has 4 attributes/calls chained together, more than the recommended 3 in the following statement: _C.MODEL.VISUAL.PRETRAINED = False."
kdexd_virtex.virtex,config,Config,Long message chain,__init__,134,/Volumes/BrokeExt/NICHE/kdexd_virtex/virtex/config.py,"A long message chain has 4 attributes/calls chained together, more than the recommended 3 in the following statement: _C.MODEL.VISUAL.FROZEN = False."
kdexd_virtex.virtex,config,Config,Long message chain,__init__,140,/Volumes/BrokeExt/NICHE/kdexd_virtex/virtex/config.py,"A long message chain has 4 attributes/calls chained together, more than the recommended 3 in the following statement: _C.MODEL.TEXTUAL.NAME = 'transdec_postnorm::L1_H2048_A32_F8192'."
kdexd_virtex.virtex,config,Config,Long message chain,__init__,148,/Volumes/BrokeExt/NICHE/kdexd_virtex/virtex/config.py,"A long message chain has 4 attributes/calls chained together, more than the recommended 3 in the following statement: _C.MODEL.TEXTUAL.DROPOUT = 0.1."
kdexd_virtex.virtex,config,Config,Long message chain,__init__,153,/Volumes/BrokeExt/NICHE/kdexd_virtex/virtex/config.py,"A long message chain has 4 attributes/calls chained together, more than the recommended 3 in the following statement: _C.MODEL.DECODER.NAME = 'beam_search'."
kdexd_virtex.virtex,config,Config,Long message chain,__init__,156,/Volumes/BrokeExt/NICHE/kdexd_virtex/virtex/config.py,"A long message chain has 4 attributes/calls chained together, more than the recommended 3 in the following statement: _C.MODEL.DECODER.BEAM_SIZE = 5."
kdexd_virtex.virtex,config,Config,Long message chain,__init__,159,/Volumes/BrokeExt/NICHE/kdexd_virtex/virtex/config.py,"A long message chain has 4 attributes/calls chained together, more than the recommended 3 in the following statement: _C.MODEL.DECODER.NUCLEUS_SIZE = 0.9."
kdexd_virtex.virtex,config,Config,Long message chain,__init__,162,/Volumes/BrokeExt/NICHE/kdexd_virtex/virtex/config.py,"A long message chain has 4 attributes/calls chained together, more than the recommended 3 in the following statement: _C.MODEL.DECODER.MAX_DECODING_STEPS = _C.DATA.MAX_CAPTION_LENGTH."
kdexd_virtex.virtex,config,Config,Long message chain,__init__,184,/Volumes/BrokeExt/NICHE/kdexd_virtex/virtex/config.py,"A long message chain has 4 attributes/calls chained together, more than the recommended 3 in the following statement: _C.OPTIM.LOOKAHEAD.USE = True."
kdexd_virtex.virtex,config,Config,Long message chain,__init__,185,/Volumes/BrokeExt/NICHE/kdexd_virtex/virtex/config.py,"A long message chain has 4 attributes/calls chained together, more than the recommended 3 in the following statement: _C.OPTIM.LOOKAHEAD.ALPHA = 0.5."
kdexd_virtex.virtex,config,Config,Long message chain,__init__,186,/Volumes/BrokeExt/NICHE/kdexd_virtex/virtex/config.py,"A long message chain has 4 attributes/calls chained together, more than the recommended 3 in the following statement: _C.OPTIM.LOOKAHEAD.STEPS = 5."
kdexd_virtex.virtex,config,Config,Long method,__init__,36 - 219,/Volumes/BrokeExt/NICHE/kdexd_virtex/virtex/config.py,Method '__init__' is too long (69 lines).
kdexd_virtex.virtex,config,Config,Long statement,dump,222,/Volumes/BrokeExt/NICHE/kdexd_virtex/virtex/config.py,A line with 125 chars in dump exceeds the maximum length of 120 characters.
kdexd_virtex.virtex,config,Config,Magic number,__init__,72,/Volumes/BrokeExt/NICHE/kdexd_virtex/virtex/config.py,Magic number 10000 used in __init__.
kdexd_virtex.virtex,config,Config,Magic number,__init__,78,/Volumes/BrokeExt/NICHE/kdexd_virtex/virtex/config.py,Magic number 2 used in __init__.
kdexd_virtex.virtex,config,Config,Magic number,__init__,82,/Volumes/BrokeExt/NICHE/kdexd_virtex/virtex/config.py,Magic number 3 used in __init__.
kdexd_virtex.virtex,config,Config,Magic number,__init__,85,/Volumes/BrokeExt/NICHE/kdexd_virtex/virtex/config.py,Magic number 224 used in __init__.
kdexd_virtex.virtex,config,Config,Magic number,__init__,88,/Volumes/BrokeExt/NICHE/kdexd_virtex/virtex/config.py,Magic number 30 used in __init__.
kdexd_virtex.virtex,config,Config,Magic number,__init__,109,/Volumes/BrokeExt/NICHE/kdexd_virtex/virtex/config.py,Magic number 0.15 used in __init__.
kdexd_virtex.virtex,config,Config,Magic number,__init__,111,/Volumes/BrokeExt/NICHE/kdexd_virtex/virtex/config.py,Magic number 0.85 used in __init__.
kdexd_virtex.virtex,config,Config,Magic number,__init__,113,/Volumes/BrokeExt/NICHE/kdexd_virtex/virtex/config.py,Magic number 0.1 used in __init__.
kdexd_virtex.virtex,config,Config,Magic number,__init__,130,/Volumes/BrokeExt/NICHE/kdexd_virtex/virtex/config.py,Magic number 2048 used in __init__.
kdexd_virtex.virtex,config,Config,Magic number,__init__,148,/Volumes/BrokeExt/NICHE/kdexd_virtex/virtex/config.py,Magic number 0.1 used in __init__.
kdexd_virtex.virtex,config,Config,Magic number,__init__,156,/Volumes/BrokeExt/NICHE/kdexd_virtex/virtex/config.py,Magic number 5 used in __init__.
kdexd_virtex.virtex,config,Config,Magic number,__init__,159,/Volumes/BrokeExt/NICHE/kdexd_virtex/virtex/config.py,Magic number 0.9 used in __init__.
kdexd_virtex.virtex,config,Config,Magic number,__init__,174,/Volumes/BrokeExt/NICHE/kdexd_virtex/virtex/config.py,Magic number 0.9 used in __init__.
kdexd_virtex.virtex,config,Config,Magic number,__init__,176,/Volumes/BrokeExt/NICHE/kdexd_virtex/virtex/config.py,Magic number 0.0001 used in __init__.
kdexd_virtex.virtex,config,Config,Magic number,__init__,180,/Volumes/BrokeExt/NICHE/kdexd_virtex/virtex/config.py,Magic number 10.0 used in __init__.
kdexd_virtex.virtex,config,Config,Magic number,__init__,185,/Volumes/BrokeExt/NICHE/kdexd_virtex/virtex/config.py,Magic number 0.5 used in __init__.
kdexd_virtex.virtex,config,Config,Magic number,__init__,186,/Volumes/BrokeExt/NICHE/kdexd_virtex/virtex/config.py,Magic number 5 used in __init__.
kdexd_virtex.virtex,config,Config,Magic number,__init__,193,/Volumes/BrokeExt/NICHE/kdexd_virtex/virtex/config.py,Magic number 256 used in __init__.
kdexd_virtex.virtex,config,Config,Magic number,__init__,195,/Volumes/BrokeExt/NICHE/kdexd_virtex/virtex/config.py,Magic number 0.2 used in __init__.
kdexd_virtex.virtex,config,Config,Magic number,__init__,197,/Volumes/BrokeExt/NICHE/kdexd_virtex/virtex/config.py,Magic number 0.001 used in __init__.
kdexd_virtex.virtex,config,Config,Magic number,__init__,199,/Volumes/BrokeExt/NICHE/kdexd_virtex/virtex/config.py,Magic number 500000 used in __init__.
kdexd_virtex.virtex,config,Config,Magic number,__init__,202,/Volumes/BrokeExt/NICHE/kdexd_virtex/virtex/config.py,Magic number 10000 used in __init__.
kdexd_virtex.virtex,config,Config,Magic number,__init__,209,/Volumes/BrokeExt/NICHE/kdexd_virtex/virtex/config.py,Magic number 0.1 used in __init__.
kdexd_virtex.virtex,factories,TextualHeadFactory,Long message chain,from_config,378,/Volumes/BrokeExt/NICHE/kdexd_virtex/virtex/factories.py,"A long message chain has 4 attributes/calls chained together, more than the recommended 3 in the following statement: name = _C.MODEL.TEXTUAL.NAME."
kdexd_virtex.virtex,factories,Factory,Long statement,__init__,61,/Volumes/BrokeExt/NICHE/kdexd_virtex/virtex/factories.py,A line with 166 chars in __init__ exceeds the maximum length of 120 characters.
kdexd_virtex.virtex,factories,TokenizerFactory,Long statement,from_config,95,/Volumes/BrokeExt/NICHE/kdexd_virtex/virtex/factories.py,A line with 139 chars in from_config exceeds the maximum length of 120 characters.
kdexd_virtex.virtex,factories,PretrainingDatasetFactory,Long statement,from_config,201,/Volumes/BrokeExt/NICHE/kdexd_virtex/virtex/factories.py,A line with 381 chars in from_config exceeds the maximum length of 120 characters.
kdexd_virtex.virtex,factories,PretrainingDatasetFactory,Long statement,from_config,239,/Volumes/BrokeExt/NICHE/kdexd_virtex/virtex/factories.py,A line with 176 chars in from_config exceeds the maximum length of 120 characters.
kdexd_virtex.virtex,factories,DownstreamDatasetFactory,Long statement,from_config,265,/Volumes/BrokeExt/NICHE/kdexd_virtex/virtex/factories.py,A line with 469 chars in from_config exceeds the maximum length of 120 characters.
kdexd_virtex.virtex,factories,DownstreamDatasetFactory,Long statement,from_config,282,/Volumes/BrokeExt/NICHE/kdexd_virtex/virtex/factories.py,A line with 127 chars in from_config exceeds the maximum length of 120 characters.
kdexd_virtex.virtex,factories,VisualBackboneFactory,Long statement,from_config,323,/Volumes/BrokeExt/NICHE/kdexd_virtex/virtex/factories.py,A line with 145 chars in from_config exceeds the maximum length of 120 characters.
kdexd_virtex.virtex,factories,TextualHeadFactory,Long statement,from_config,370,/Volumes/BrokeExt/NICHE/kdexd_virtex/virtex/factories.py,A line with 142 chars in from_config exceeds the maximum length of 120 characters.
kdexd_virtex.virtex,factories,TextualHeadFactory,Long statement,from_config,397,/Volumes/BrokeExt/NICHE/kdexd_virtex/virtex/factories.py,A line with 276 chars in from_config exceeds the maximum length of 120 characters.
kdexd_virtex.virtex,factories,PretrainingModelFactory,Long statement,from_config,430,/Volumes/BrokeExt/NICHE/kdexd_virtex/virtex/factories.py,A line with 135 chars in from_config exceeds the maximum length of 120 characters.
kdexd_virtex.virtex,factories,CaptionDecoderFactory,Long statement,from_config,483,/Volumes/BrokeExt/NICHE/kdexd_virtex/virtex/factories.py,A line with 135 chars in from_config exceeds the maximum length of 120 characters.
kdexd_virtex.virtex,factories,OptimizerFactory,Long statement,from_config,512,/Volumes/BrokeExt/NICHE/kdexd_virtex/virtex/factories.py,A line with 426 chars in from_config exceeds the maximum length of 120 characters.
kdexd_virtex.virtex,factories,LRSchedulerFactory,Long statement,from_config,567,/Volumes/BrokeExt/NICHE/kdexd_virtex/virtex/factories.py,A line with 220 chars in from_config exceeds the maximum length of 120 characters.
kdexd_virtex.virtex,factories,,Long statement,,1,/Volumes/BrokeExt/NICHE/kdexd_virtex/virtex/factories.py,A line with 869 chars in factories exceeds the maximum length of 120 characters.
kdexd_virtex.virtex.data,__init__,,Long statement,,14,/Volumes/BrokeExt/NICHE/kdexd_virtex/virtex/data/__init__.py,A line with 238 chars in __init__ exceeds the maximum length of 120 characters.
kdexd_virtex.virtex.data,tokenizers,SentencePieceBPETokenizer,Long statement,__getstate__,24,/Volumes/BrokeExt/NICHE/kdexd_virtex/virtex/data/tokenizers.py,A line with 172 chars in __getstate__ exceeds the maximum length of 120 characters.
kdexd_virtex.virtex.data,transforms,,Long statement,,91,/Volumes/BrokeExt/NICHE/kdexd_virtex/virtex/data/transforms.py,A line with 174 chars in transforms exceeds the maximum length of 120 characters.
kdexd_virtex.virtex.data.datasets,captioning,CaptioningDataset,Long statement,__getitem__,71,/Volumes/BrokeExt/NICHE/kdexd_virtex/virtex/data/datasets/captioning.py,A line with 322 chars in __getitem__ exceeds the maximum length of 120 characters.
kdexd_virtex.virtex.data.datasets,captioning,CaptioningDataset,Long statement,collate_fn,84,/Volumes/BrokeExt/NICHE/kdexd_virtex/virtex/data/datasets/captioning.py,A line with 135 chars in collate_fn exceeds the maximum length of 120 characters.
kdexd_virtex.virtex.data.datasets,captioning,CaptioningDataset,Long statement,collate_fn,89,/Volumes/BrokeExt/NICHE/kdexd_virtex/virtex/data/datasets/captioning.py,A line with 135 chars in collate_fn exceeds the maximum length of 120 characters.
kdexd_virtex.virtex.data.datasets,captioning,CaptioningDataset,Long statement,collate_fn,94,/Volumes/BrokeExt/NICHE/kdexd_virtex/virtex/data/datasets/captioning.py,A line with 265 chars in collate_fn exceeds the maximum length of 120 characters.
kdexd_virtex.virtex.data.datasets,captioning,CaptioningDataset,Magic number,__init__,36,/Volumes/BrokeExt/NICHE/kdexd_virtex/virtex/data/datasets/captioning.py,Magic number 30 used in __init__.
kdexd_virtex.virtex.data.datasets,classification,MultiLabelClassificationDataset,Long identifier,,97,/Volumes/BrokeExt/NICHE/kdexd_virtex/virtex/data/datasets/classification.py,Identifier'MultiLabelClassificationDataset' exceeds the maximum length of 30 characters.
kdexd_virtex.virtex.data.datasets,classification,TokenClassificationDataset,Long statement,__getitem__,75,/Volumes/BrokeExt/NICHE/kdexd_virtex/virtex/data/datasets/classification.py,A line with 168 chars in __getitem__ exceeds the maximum length of 120 characters.
kdexd_virtex.virtex.data.datasets,classification,TokenClassificationDataset,Long statement,collate_fn,90,/Volumes/BrokeExt/NICHE/kdexd_virtex/virtex/data/datasets/classification.py,A line with 145 chars in collate_fn exceeds the maximum length of 120 characters.
kdexd_virtex.virtex.data.datasets,classification,MultiLabelClassificationDataset,Long statement,__getitem__,170,/Volumes/BrokeExt/NICHE/kdexd_virtex/virtex/data/datasets/classification.py,A line with 160 chars in __getitem__ exceeds the maximum length of 120 characters.
kdexd_virtex.virtex.data.datasets,classification,MultiLabelClassificationDataset,Long statement,collate_fn,185,/Volumes/BrokeExt/NICHE/kdexd_virtex/virtex/data/datasets/classification.py,A line with 145 chars in collate_fn exceeds the maximum length of 120 characters.
kdexd_virtex.virtex.data.datasets,classification,TokenClassificationDataset,Magic number,__init__,41,/Volumes/BrokeExt/NICHE/kdexd_virtex/virtex/data/datasets/classification.py,Magic number 30 used in __init__.
kdexd_virtex.virtex.data.datasets,downstream,ImageNetDataset,Long statement,collate_fn,51,/Volumes/BrokeExt/NICHE/kdexd_virtex/virtex/data/datasets/downstream.py,A line with 121 chars in collate_fn exceeds the maximum length of 120 characters.
kdexd_virtex.virtex.data.datasets,downstream,INaturalist2018Dataset,Long statement,collate_fn,112,/Volumes/BrokeExt/NICHE/kdexd_virtex/virtex/data/datasets/downstream.py,A line with 121 chars in collate_fn exceeds the maximum length of 120 characters.
kdexd_virtex.virtex.data.datasets,downstream,VOC07ClassificationDataset,Long statement,__init__,151,/Volumes/BrokeExt/NICHE/kdexd_virtex/virtex/data/datasets/downstream.py,A line with 131 chars in __init__ exceeds the maximum length of 120 characters.
kdexd_virtex.virtex.data.datasets,downstream,VOC07ClassificationDataset,Long statement,__init__,169,/Volumes/BrokeExt/NICHE/kdexd_virtex/virtex/data/datasets/downstream.py,A line with 186 chars in __init__ exceeds the maximum length of 120 characters.
kdexd_virtex.virtex.data.datasets,downstream,VOC07ClassificationDataset,Long statement,collate_fn,196,/Volumes/BrokeExt/NICHE/kdexd_virtex/virtex/data/datasets/downstream.py,A line with 121 chars in collate_fn exceeds the maximum length of 120 characters.
kdexd_virtex.virtex.data.datasets,masked_lm,MaskedLmDataset,Long parameter list,__init__,16 - 41,/Volumes/BrokeExt/NICHE/kdexd_virtex/virtex/data/datasets/masked_lm.py,"__init__ has 8 parameters, exceeding the max of 5."
kdexd_virtex.virtex.data.datasets,masked_lm,MaskedLmDataset,Long statement,__getitem__,73,/Volumes/BrokeExt/NICHE/kdexd_virtex/virtex/data/datasets/masked_lm.py,A line with 148 chars in __getitem__ exceeds the maximum length of 120 characters.
kdexd_virtex.virtex.data.datasets,masked_lm,MaskedLmDataset,Long statement,__getitem__,93,/Volumes/BrokeExt/NICHE/kdexd_virtex/virtex/data/datasets/masked_lm.py,A line with 312 chars in __getitem__ exceeds the maximum length of 120 characters.
kdexd_virtex.virtex.data.datasets,masked_lm,MaskedLmDataset,Long statement,collate_fn,106,/Volumes/BrokeExt/NICHE/kdexd_virtex/virtex/data/datasets/masked_lm.py,A line with 135 chars in collate_fn exceeds the maximum length of 120 characters.
kdexd_virtex.virtex.data.datasets,masked_lm,MaskedLmDataset,Long statement,collate_fn,111,/Volumes/BrokeExt/NICHE/kdexd_virtex/virtex/data/datasets/masked_lm.py,A line with 133 chars in collate_fn exceeds the maximum length of 120 characters.
kdexd_virtex.virtex.data.datasets,masked_lm,MaskedLmDataset,Long statement,collate_fn,116,/Volumes/BrokeExt/NICHE/kdexd_virtex/virtex/data/datasets/masked_lm.py,A line with 263 chars in collate_fn exceeds the maximum length of 120 characters.
kdexd_virtex.virtex.data.datasets,masked_lm,MaskedLmDataset,Magic number,__init__,22,/Volumes/BrokeExt/NICHE/kdexd_virtex/virtex/data/datasets/masked_lm.py,Magic number 30 used in __init__.
kdexd_virtex.virtex.data.datasets,masked_lm,MaskedLmDataset,Magic number,__init__,23,/Volumes/BrokeExt/NICHE/kdexd_virtex/virtex/data/datasets/masked_lm.py,Magic number 0.15 used in __init__.
kdexd_virtex.virtex.data.datasets,masked_lm,MaskedLmDataset,Magic number,__init__,24,/Volumes/BrokeExt/NICHE/kdexd_virtex/virtex/data/datasets/masked_lm.py,Magic number 0.8 used in __init__.
kdexd_virtex.virtex.data.datasets,masked_lm,MaskedLmDataset,Magic number,__init__,25,/Volumes/BrokeExt/NICHE/kdexd_virtex/virtex/data/datasets/masked_lm.py,Magic number 0.1 used in __init__.
kdexd_virtex.virtex.model_zoo,model_zoo,,Long statement,get,64,/Volumes/BrokeExt/NICHE/kdexd_virtex/virtex/model_zoo/model_zoo.py,A line with 449 chars in get exceeds the maximum length of 120 characters.
kdexd_virtex.virtex.model_zoo,model_zoo,,Long statement,get,98,/Volumes/BrokeExt/NICHE/kdexd_virtex/virtex/model_zoo/model_zoo.py,A line with 156 chars in get exceeds the maximum length of 120 characters.
kdexd_virtex.virtex.model_zoo,model_zoo,,Long statement,,1,/Volumes/BrokeExt/NICHE/kdexd_virtex/virtex/model_zoo/model_zoo.py,A line with 741 chars in model_zoo exceeds the maximum length of 120 characters.
kdexd_virtex.virtex.models,__init__,,Long statement,,13,/Volumes/BrokeExt/NICHE/kdexd_virtex/virtex/models/__init__.py,A line with 161 chars in __init__ exceeds the maximum length of 120 characters.
kdexd_virtex.virtex.models,captioning,CaptioningModel,Long method,forward,71 - 163,/Volumes/BrokeExt/NICHE/kdexd_virtex/virtex/models/captioning.py,Method 'forward' is too long (65 lines).
kdexd_virtex.virtex.models,captioning,CaptioningModel,Long parameter list,__init__,40 - 69,/Volumes/BrokeExt/NICHE/kdexd_virtex/virtex/models/captioning.py,"__init__ has 6 parameters, exceeding the max of 5."
kdexd_virtex.virtex.models,captioning,CaptioningModel,Long statement,forward,72,/Volumes/BrokeExt/NICHE/kdexd_virtex/virtex/models/captioning.py,A line with 1055 chars in forward exceeds the maximum length of 120 characters.
kdexd_virtex.virtex.models,captioning,CaptioningModel,Long statement,forward,111,/Volumes/BrokeExt/NICHE/kdexd_virtex/virtex/models/captioning.py,A line with 144 chars in forward exceeds the maximum length of 120 characters.
kdexd_virtex.virtex.models,captioning,CaptioningModel,Long statement,forward,127,/Volumes/BrokeExt/NICHE/kdexd_virtex/virtex/models/captioning.py,A line with 171 chars in forward exceeds the maximum length of 120 characters.
kdexd_virtex.virtex.models,captioning,CaptioningModel,Long statement,decoding_step,168,/Volumes/BrokeExt/NICHE/kdexd_virtex/virtex/models/captioning.py,A line with 1077 chars in decoding_step exceeds the maximum length of 120 characters.
kdexd_virtex.virtex.models,captioning,CaptioningModel,Long statement,log_predictions,226,/Volumes/BrokeExt/NICHE/kdexd_virtex/virtex/models/captioning.py,A line with 165 chars in log_predictions exceeds the maximum length of 120 characters.
kdexd_virtex.virtex.models,captioning,CaptioningModel,Magic number,__init__,46,/Volumes/BrokeExt/NICHE/kdexd_virtex/virtex/models/captioning.py,Magic number 2 used in __init__.
kdexd_virtex.virtex.models,captioning,CaptioningModel,Magic number,decoding_step,204,/Volumes/BrokeExt/NICHE/kdexd_virtex/virtex/models/captioning.py,Magic number 2 used in decoding_step.
kdexd_virtex.virtex.models,captioning,ForwardCaptioningModel,Magic number,__init__,245,/Volumes/BrokeExt/NICHE/kdexd_virtex/virtex/models/captioning.py,Magic number 2 used in __init__.
kdexd_virtex.virtex.models,captioning,BidirectionalCaptioningModel,Magic number,__init__,269,/Volumes/BrokeExt/NICHE/kdexd_virtex/virtex/models/captioning.py,Magic number 2 used in __init__.
kdexd_virtex.virtex.models,classification,ClassificationModel,Long statement,forward,44,/Volumes/BrokeExt/NICHE/kdexd_virtex/virtex/models/classification.py,A line with 788 chars in forward exceeds the maximum length of 120 characters.
kdexd_virtex.virtex.models,classification,TokenClassificationModel,Long statement,log_predictions,135,/Volumes/BrokeExt/NICHE/kdexd_virtex/virtex/models/classification.py,A line with 164 chars in log_predictions exceeds the maximum length of 120 characters.
kdexd_virtex.virtex.models,classification,MultiLabelClassificationModel,Long statement,log_predictions,169,/Volumes/BrokeExt/NICHE/kdexd_virtex/virtex/models/classification.py,A line with 147 chars in log_predictions exceeds the maximum length of 120 characters.
kdexd_virtex.virtex.models,masked_lm,MaskedLMModel,Long statement,forward,36,/Volumes/BrokeExt/NICHE/kdexd_virtex/virtex/models/masked_lm.py,A line with 813 chars in forward exceeds the maximum length of 120 characters.
kdexd_virtex.virtex.models,masked_lm,MaskedLMModel,Long statement,forward,68,/Volumes/BrokeExt/NICHE/kdexd_virtex/virtex/models/masked_lm.py,A line with 132 chars in forward exceeds the maximum length of 120 characters.
kdexd_virtex.virtex.models,masked_lm,MaskedLMModel,Long statement,log_predictions,101,/Volumes/BrokeExt/NICHE/kdexd_virtex/virtex/models/masked_lm.py,A line with 249 chars in log_predictions exceeds the maximum length of 120 characters.
kdexd_virtex.virtex.modules,embedding,WordAndPositionalEmbedding,Long statement,forward,47,/Volumes/BrokeExt/NICHE/kdexd_virtex/virtex/modules/embedding.py,A line with 419 chars in forward exceeds the maximum length of 120 characters.
kdexd_virtex.virtex.modules,embedding,WordAndPositionalEmbedding,Magic number,__init__,29,/Volumes/BrokeExt/NICHE/kdexd_virtex/virtex/modules/embedding.py,Magic number 30 used in __init__.
kdexd_virtex.virtex.modules,textual_heads,TransformerDecoderTextualHead,Long parameter list,__init__,146 - 200,/Volumes/BrokeExt/NICHE/kdexd_virtex/virtex/modules/textual_heads.py,"__init__ has 11 parameters, exceeding the max of 5."
kdexd_virtex.virtex.modules,textual_heads,TextualHead,Long statement,textual_feature_size,37,/Volumes/BrokeExt/NICHE/kdexd_virtex/virtex/modules/textual_heads.py,A line with 300 chars in textual_feature_size exceeds the maximum length of 120 characters.
kdexd_virtex.virtex.modules,textual_heads,LinearTextualHead,Long statement,forward,69,/Volumes/BrokeExt/NICHE/kdexd_virtex/virtex/modules/textual_heads.py,A line with 572 chars in forward exceeds the maximum length of 120 characters.
kdexd_virtex.virtex.modules,textual_heads,TransformerDecoderTextualHead,Long statement,__init__,171,/Volumes/BrokeExt/NICHE/kdexd_virtex/virtex/modules/textual_heads.py,A line with 168 chars in __init__ exceeds the maximum length of 120 characters.
kdexd_virtex.virtex.modules,textual_heads,TransformerDecoderTextualHead,Long statement,__init__,181,/Volumes/BrokeExt/NICHE/kdexd_virtex/virtex/modules/textual_heads.py,A line with 324 chars in __init__ exceeds the maximum length of 120 characters.
kdexd_virtex.virtex.modules,textual_heads,TransformerDecoderTextualHead,Long statement,forward,222,/Volumes/BrokeExt/NICHE/kdexd_virtex/virtex/modules/textual_heads.py,A line with 780 chars in forward exceeds the maximum length of 120 characters.
kdexd_virtex.virtex.modules,textual_heads,TransformerDecoderTextualHead,Long statement,forward,270,/Volumes/BrokeExt/NICHE/kdexd_virtex/virtex/modules/textual_heads.py,A line with 139 chars in forward exceeds the maximum length of 120 characters.
kdexd_virtex.virtex.modules,textual_heads,TransformerDecoderTextualHead,Long statement,make_future_mask,285,/Volumes/BrokeExt/NICHE/kdexd_virtex/virtex/modules/textual_heads.py,A line with 166 chars in make_future_mask exceeds the maximum length of 120 characters.
kdexd_virtex.virtex.modules,textual_heads,,Long statement,,1,/Volumes/BrokeExt/NICHE/kdexd_virtex/virtex/modules/textual_heads.py,A line with 244 chars in textual_heads exceeds the maximum length of 120 characters.
kdexd_virtex.virtex.modules,textual_heads,TransformerDecoderTextualHead,Magic number,__init__,154,/Volumes/BrokeExt/NICHE/kdexd_virtex/virtex/modules/textual_heads.py,Magic number 0.1 used in __init__.
kdexd_virtex.virtex.modules,textual_heads,TransformerDecoderTextualHead,Magic number,__init__,157,/Volumes/BrokeExt/NICHE/kdexd_virtex/virtex/modules/textual_heads.py,Magic number 30 used in __init__.
kdexd_virtex.virtex.modules,visual_backbones,TorchvisionVisualBackbone,Long statement,forward,56,/Volumes/BrokeExt/NICHE/kdexd_virtex/virtex/modules/visual_backbones.py,A line with 379 chars in forward exceeds the maximum length of 120 characters.
kdexd_virtex.virtex.modules,visual_backbones,TorchvisionVisualBackbone,Long statement,detectron2_backbone_state_dict,77,/Volumes/BrokeExt/NICHE/kdexd_virtex/virtex/modules/visual_backbones.py,A line with 586 chars in detectron2_backbone_state_dict exceeds the maximum length of 120 characters.
kdexd_virtex.virtex.modules,visual_backbones,TorchvisionVisualBackbone,Long statement,detectron2_backbone_state_dict,92,/Volumes/BrokeExt/NICHE/kdexd_virtex/virtex/modules/visual_backbones.py,A line with 242 chars in detectron2_backbone_state_dict exceeds the maximum length of 120 characters.
kdexd_virtex.virtex.modules,visual_backbones,TorchvisionVisualBackbone,Magic number,__init__,37,/Volumes/BrokeExt/NICHE/kdexd_virtex/virtex/modules/visual_backbones.py,Magic number 2048 used in __init__.
kdexd_virtex.virtex.optim,lookahead,Lookahead,Long statement,__getstate__,53,/Volumes/BrokeExt/NICHE/kdexd_virtex/virtex/optim/lookahead.py,A line with 122 chars in __getstate__ exceeds the maximum length of 120 characters.
kdexd_virtex.virtex.optim,lookahead,Lookahead,Long statement,step,83,/Volumes/BrokeExt/NICHE/kdexd_virtex/virtex/optim/lookahead.py,A line with 163 chars in step exceeds the maximum length of 120 characters.
kdexd_virtex.virtex.optim,lookahead,Lookahead,Long statement,load_slow_weights,105,/Volumes/BrokeExt/NICHE/kdexd_virtex/virtex/optim/lookahead.py,A line with 337 chars in load_slow_weights exceeds the maximum length of 120 characters.
kdexd_virtex.virtex.optim,lookahead,Lookahead,Long statement,restore_fast_weights,121,/Volumes/BrokeExt/NICHE/kdexd_virtex/virtex/optim/lookahead.py,A line with 137 chars in restore_fast_weights exceeds the maximum length of 120 characters.
kdexd_virtex.virtex.optim,lookahead,,Long statement,,1,/Volumes/BrokeExt/NICHE/kdexd_virtex/virtex/optim/lookahead.py,A line with 563 chars in lookahead exceeds the maximum length of 120 characters.
kdexd_virtex.virtex.optim,lookahead,Lookahead,Magic number,__init__,36,/Volumes/BrokeExt/NICHE/kdexd_virtex/virtex/optim/lookahead.py,Magic number 5 used in __init__.
kdexd_virtex.virtex.optim,lookahead,Lookahead,Magic number,__init__,36,/Volumes/BrokeExt/NICHE/kdexd_virtex/virtex/optim/lookahead.py,Magic number 0.8 used in __init__.
kdexd_virtex.virtex.optim,lr_scheduler,LinearWarmupMultiStepLR,Long parameter list,__init__,64 - 87,/Volumes/BrokeExt/NICHE/kdexd_virtex/virtex/optim/lr_scheduler.py,"__init__ has 6 parameters, exceeding the max of 5."
kdexd_virtex.virtex.optim,lr_scheduler,LinearWarmupMultiStepLR,Magic number,__init__,70,/Volumes/BrokeExt/NICHE/kdexd_virtex/virtex/optim/lr_scheduler.py,Magic number 0.1 used in __init__.
kdexd_virtex.virtex.optim,lr_scheduler,LinearWarmupCosineAnnealingLR,Magic number,_lr_multiplier,181,/Volumes/BrokeExt/NICHE/kdexd_virtex/virtex/optim/lr_scheduler.py,Magic number 2 used in _lr_multiplier.
kdexd_virtex.virtex.utils,beam_search,AutoRegressiveBeamSearch,Complex method,search,52 - 238,/Volumes/BrokeExt/NICHE/kdexd_virtex/virtex/utils/beam_search.py,"Method 'search' has a cyclomatic complexity of 7, exceeding the max of 6."
kdexd_virtex.virtex.utils,beam_search,AutoRegressiveBeamSearch,Long method,search,52 - 238,/Volumes/BrokeExt/NICHE/kdexd_virtex/virtex/utils/beam_search.py,Method 'search' is too long (130 lines).
kdexd_virtex.virtex.utils,beam_search,AutoRegressiveBeamSearch,Long statement,search,58,/Volumes/BrokeExt/NICHE/kdexd_virtex/virtex/utils/beam_search.py,A line with 1377 chars in search exceeds the maximum length of 120 characters.
kdexd_virtex.virtex.utils,beam_search,AutoRegressiveBeamSearch,Long statement,search,87,/Volumes/BrokeExt/NICHE/kdexd_virtex/virtex/utils/beam_search.py,A line with 123 chars in search exceeds the maximum length of 120 characters.
kdexd_virtex.virtex.utils,beam_search,AutoRegressiveBeamSearch,Long statement,search,112,/Volumes/BrokeExt/NICHE/kdexd_virtex/virtex/utils/beam_search.py,A line with 143 chars in search exceeds the maximum length of 120 characters.
kdexd_virtex.virtex.utils,beam_search,AutoRegressiveBeamSearch,Long statement,search,182,/Volumes/BrokeExt/NICHE/kdexd_virtex/virtex/utils/beam_search.py,A line with 175 chars in search exceeds the maximum length of 120 characters.
kdexd_virtex.virtex.utils,beam_search,AutoRegressiveBeamSearch,Long statement,search,199,/Volumes/BrokeExt/NICHE/kdexd_virtex/virtex/utils/beam_search.py,A line with 182 chars in search exceeds the maximum length of 120 characters.
kdexd_virtex.virtex.utils,beam_search,AutoRegressiveBeamSearch,Long statement,search,224,/Volumes/BrokeExt/NICHE/kdexd_virtex/virtex/utils/beam_search.py,A line with 242 chars in search exceeds the maximum length of 120 characters.
kdexd_virtex.virtex.utils,beam_search,,Long statement,,1,/Volumes/BrokeExt/NICHE/kdexd_virtex/virtex/utils/beam_search.py,A line with 795 chars in beam_search exceeds the maximum length of 120 characters.
kdexd_virtex.virtex.utils,beam_search,AutoRegressiveBeamSearch,Magic number,__init__,43,/Volumes/BrokeExt/NICHE/kdexd_virtex/virtex/utils/beam_search.py,Magic number 50 used in __init__.
kdexd_virtex.virtex.utils,beam_search,AutoRegressiveBeamSearch,Magic number,__init__,44,/Volumes/BrokeExt/NICHE/kdexd_virtex/virtex/utils/beam_search.py,Magic number 5 used in __init__.
kdexd_virtex.virtex.utils,beam_search,AutoRegressiveBeamSearch,Magic number,__init__,45,/Volumes/BrokeExt/NICHE/kdexd_virtex/virtex/utils/beam_search.py,Magic number 2 used in __init__.
kdexd_virtex.virtex.utils,beam_search,AutoRegressiveBeamSearch,Magic number,search,157,/Volumes/BrokeExt/NICHE/kdexd_virtex/virtex/utils/beam_search.py,Magic number 10000 used in search.
kdexd_virtex.virtex.utils,checkpointing,CheckpointManager,Long statement,step,69,/Volumes/BrokeExt/NICHE/kdexd_virtex/virtex/utils/checkpointing.py,A line with 491 chars in step exceeds the maximum length of 120 characters.
kdexd_virtex.virtex.utils,checkpointing,CheckpointManager,Long statement,load,128,/Volumes/BrokeExt/NICHE/kdexd_virtex/virtex/utils/checkpointing.py,A line with 578 chars in load exceeds the maximum length of 120 characters.
kdexd_virtex.virtex.utils,checkpointing,CheckpointManager,Magic number,__init__,51,/Volumes/BrokeExt/NICHE/kdexd_virtex/virtex/utils/checkpointing.py,Magic number 200 used in __init__.
kdexd_virtex.virtex.utils,checkpointing,CheckpointManager,Magic number,__init__,62,/Volumes/BrokeExt/NICHE/kdexd_virtex/virtex/utils/checkpointing.py,Magic number 1e-12 used in __init__.
kdexd_virtex.virtex.utils,checkpointing,CheckpointManager,Magic number,step,96,/Volumes/BrokeExt/NICHE/kdexd_virtex/virtex/utils/checkpointing.py,Magic number 1e-12 used in step.
kdexd_virtex.virtex.utils,common,,Long statement,cycle,15,/Volumes/BrokeExt/NICHE/kdexd_virtex/virtex/utils/common.py,A line with 297 chars in cycle exceeds the maximum length of 120 characters.
kdexd_virtex.virtex.utils,common,,Long statement,common_setup,40,/Volumes/BrokeExt/NICHE/kdexd_virtex/virtex/utils/common.py,A line with 883 chars in common_setup exceeds the maximum length of 120 characters.
kdexd_virtex.virtex.utils,common,,Long statement,common_parser,103,/Volumes/BrokeExt/NICHE/kdexd_virtex/virtex/utils/common.py,A line with 274 chars in common_parser exceeds the maximum length of 120 characters.
kdexd_virtex.virtex.utils,common,,Long statement,common_parser,119,/Volumes/BrokeExt/NICHE/kdexd_virtex/virtex/utils/common.py,A line with 134 chars in common_parser exceeds the maximum length of 120 characters.
kdexd_virtex.virtex.utils,common,,Long statement,common_parser,123,/Volumes/BrokeExt/NICHE/kdexd_virtex/virtex/utils/common.py,A line with 137 chars in common_parser exceeds the maximum length of 120 characters.
kdexd_virtex.virtex.utils,common,,Long statement,common_parser,137,/Volumes/BrokeExt/NICHE/kdexd_virtex/virtex/utils/common.py,A line with 181 chars in common_parser exceeds the maximum length of 120 characters.
kdexd_virtex.virtex.utils,common,,Long statement,common_parser,142,/Volumes/BrokeExt/NICHE/kdexd_virtex/virtex/utils/common.py,A line with 171 chars in common_parser exceeds the maximum length of 120 characters.
kdexd_virtex.virtex.utils,common,,Long statement,common_parser,147,/Volumes/BrokeExt/NICHE/kdexd_virtex/virtex/utils/common.py,A line with 188 chars in common_parser exceeds the maximum length of 120 characters.
kdexd_virtex.virtex.utils,distributed,,Long parameter list,launch,15 - 78,/Volumes/BrokeExt/NICHE/kdexd_virtex/virtex/utils/distributed.py,"launch has 6 parameters, exceeding the max of 5."
kdexd_virtex.virtex.utils,distributed,,Long parameter list,_job_worker,82 - 112,/Volumes/BrokeExt/NICHE/kdexd_virtex/virtex/utils/distributed.py,"_job_worker has 7 parameters, exceeding the max of 5."
kdexd_virtex.virtex.utils,distributed,,Long statement,launch,23,/Volumes/BrokeExt/NICHE/kdexd_virtex/virtex/utils/distributed.py,A line with 1777 chars in launch exceeds the maximum length of 120 characters.
kdexd_virtex.virtex.utils,distributed,,Long statement,launch,68,/Volumes/BrokeExt/NICHE/kdexd_virtex/virtex/utils/distributed.py,A line with 143 chars in launch exceeds the maximum length of 120 characters.
kdexd_virtex.virtex.utils,distributed,,Long statement,is_master_process,132,/Volumes/BrokeExt/NICHE/kdexd_virtex/virtex/utils/distributed.py,A line with 227 chars in is_master_process exceeds the maximum length of 120 characters.
kdexd_virtex.virtex.utils,distributed,,Long statement,average_across_processes,141,/Volumes/BrokeExt/NICHE/kdexd_virtex/virtex/utils/distributed.py,A line with 365 chars in average_across_processes exceeds the maximum length of 120 characters.
kdexd_virtex.virtex.utils,distributed,,Long statement,,1,/Volumes/BrokeExt/NICHE/kdexd_virtex/virtex/utils/distributed.py,A line with 283 chars in distributed exceeds the maximum length of 120 characters.
kdexd_virtex.virtex.utils,distributed,,Magic number,gpu_mem_usage,170,/Volumes/BrokeExt/NICHE/kdexd_virtex/virtex/utils/distributed.py,Magic number 1048576 used in gpu_mem_usage.
kdexd_virtex.virtex.utils,metrics,,Complex method,cider,177 - 264,/Volumes/BrokeExt/NICHE/kdexd_virtex/virtex/utils/metrics.py,"Method 'cider' has a cyclomatic complexity of 9, exceeding the max of 6."
kdexd_virtex.virtex.utils,metrics,,Long method,cider,177 - 264,/Volumes/BrokeExt/NICHE/kdexd_virtex/virtex/utils/metrics.py,Method 'cider' is too long (70 lines).
kdexd_virtex.virtex.utils,metrics,,Long statement,tokenize,126,/Volumes/BrokeExt/NICHE/kdexd_virtex/virtex/utils/metrics.py,A line with 243 chars in tokenize exceeds the maximum length of 120 characters.
kdexd_virtex.virtex.utils,metrics,,Long statement,tokenize,147,/Volumes/BrokeExt/NICHE/kdexd_virtex/virtex/utils/metrics.py,A line with 126 chars in tokenize exceeds the maximum length of 120 characters.
kdexd_virtex.virtex.utils,metrics,,Long statement,tokenize,151,/Volumes/BrokeExt/NICHE/kdexd_virtex/virtex/utils/metrics.py,A line with 158 chars in tokenize exceeds the maximum length of 120 characters.
kdexd_virtex.virtex.utils,metrics,,Long statement,spice,273,/Volumes/BrokeExt/NICHE/kdexd_virtex/virtex/utils/metrics.py,A line with 132 chars in spice exceeds the maximum length of 120 characters.
kdexd_virtex.virtex.utils,metrics,,Long statement,spice,293,/Volumes/BrokeExt/NICHE/kdexd_virtex/virtex/utils/metrics.py,A line with 125 chars in spice exceeds the maximum length of 120 characters.
kdexd_virtex.virtex.utils,metrics,TopkAccuracy,Long statement,__call__,44,/Volumes/BrokeExt/NICHE/kdexd_virtex/virtex/utils/metrics.py,A line with 502 chars in __call__ exceeds the maximum length of 120 characters.
kdexd_virtex.virtex.utils,metrics,CocoCaptionsEvaluator,Long statement,evaluate,96,/Volumes/BrokeExt/NICHE/kdexd_virtex/virtex/utils/metrics.py,A line with 309 chars in evaluate exceeds the maximum length of 120 characters.
kdexd_virtex.virtex.utils,metrics,,Long statement,,1,/Volumes/BrokeExt/NICHE/kdexd_virtex/virtex/utils/metrics.py,A line with 460 chars in metrics exceeds the maximum length of 120 characters.
kdexd_virtex.virtex.utils,metrics,,Magic number,cider,180,/Volumes/BrokeExt/NICHE/kdexd_virtex/virtex/utils/metrics.py,Magic number 4 used in cider.
kdexd_virtex.virtex.utils,metrics,,Magic number,cider,181,/Volumes/BrokeExt/NICHE/kdexd_virtex/virtex/utils/metrics.py,Magic number 6.0 used in cider.
kdexd_virtex.virtex.utils,metrics,,Magic number,cider,186,/Volumes/BrokeExt/NICHE/kdexd_virtex/virtex/utils/metrics.py,Magic number 4 used in cider.
kdexd_virtex.virtex.utils,metrics,,Magic number,cider,261,/Volumes/BrokeExt/NICHE/kdexd_virtex/virtex/utils/metrics.py,Magic number 10.0 used in cider.
kdexd_virtex.virtex.utils,metrics,,Magic number,cider,210,/Volumes/BrokeExt/NICHE/kdexd_virtex/virtex/utils/metrics.py,Magic number 2 used in cider.
kdexd_virtex.virtex.utils,metrics,,Magic number,cider,226,/Volumes/BrokeExt/NICHE/kdexd_virtex/virtex/utils/metrics.py,Magic number 2 used in cider.
kdexd_virtex.virtex.utils,metrics,,Magic number,cider,226,/Volumes/BrokeExt/NICHE/kdexd_virtex/virtex/utils/metrics.py,Magic number 2 used in cider.
kdexd_virtex.virtex.utils,metrics,,Magic number,cider,226,/Volumes/BrokeExt/NICHE/kdexd_virtex/virtex/utils/metrics.py,Magic number 2 used in cider.
kdexd_virtex.virtex.utils,metrics,TopkAccuracy,Magic number,get_result,72,/Volumes/BrokeExt/NICHE/kdexd_virtex/virtex/utils/metrics.py,Magic number 100 used in get_result.
kdexd_virtex.virtex.utils,metrics,TopkAccuracy,Magic number,get_result,72,/Volumes/BrokeExt/NICHE/kdexd_virtex/virtex/utils/metrics.py,Magic number 1e-12 used in get_result.
kdexd_virtex.virtex.utils,metrics,CocoCaptionsEvaluator,Magic number,evaluate,122,/Volumes/BrokeExt/NICHE/kdexd_virtex/virtex/utils/metrics.py,Magic number 100 used in evaluate.
kdexd_virtex.virtex.utils,metrics,CocoCaptionsEvaluator,Magic number,evaluate,122,/Volumes/BrokeExt/NICHE/kdexd_virtex/virtex/utils/metrics.py,Magic number 100 used in evaluate.
kdexd_virtex.virtex.utils,nucleus_sampling,AutoRegressiveNucleusSampling,Long method,search,47 - 123,/Volumes/BrokeExt/NICHE/kdexd_virtex/virtex/utils/nucleus_sampling.py,Method 'search' is too long (63 lines).
kdexd_virtex.virtex.utils,nucleus_sampling,,Long statement,,1,/Volumes/BrokeExt/NICHE/kdexd_virtex/virtex/utils/nucleus_sampling.py,A line with 611 chars in nucleus_sampling exceeds the maximum length of 120 characters.
kdexd_virtex.virtex.utils,nucleus_sampling,AutoRegressiveNucleusSampling,Magic number,__init__,39,/Volumes/BrokeExt/NICHE/kdexd_virtex/virtex/utils/nucleus_sampling.py,Magic number 50 used in __init__.
kdexd_virtex.virtex.utils,nucleus_sampling,AutoRegressiveNucleusSampling,Magic number,__init__,40,/Volumes/BrokeExt/NICHE/kdexd_virtex/virtex/utils/nucleus_sampling.py,Magic number 0.9 used in __init__.
kdexd_virtex.virtex.utils,nucleus_sampling,AutoRegressiveNucleusSampling,Magic number,search,97,/Volumes/BrokeExt/NICHE/kdexd_virtex/virtex/utils/nucleus_sampling.py,Magic number 1000000000000.0 used in search.
kdexd_virtex.virtex.utils,nucleus_sampling,AutoRegressiveNucleusSampling,Magic number,search,101,/Volumes/BrokeExt/NICHE/kdexd_virtex/virtex/utils/nucleus_sampling.py,Magic number 1000000000000.0 used in search.
kdexd_virtex.virtex.utils,timer,Timer,Magic number,__init__,21,/Volumes/BrokeExt/NICHE/kdexd_virtex/virtex/utils/timer.py,Magic number 20 used in __init__.
kdexd_virtex.virtex.utils,timer,Timer,Magic number,eta_hhmm,55,/Volumes/BrokeExt/NICHE/kdexd_virtex/virtex/utils/timer.py,Magic number 3600 used in eta_hhmm.
kdexd_virtex.virtex.utils,timer,Timer,Magic number,eta_hhmm,55,/Volumes/BrokeExt/NICHE/kdexd_virtex/virtex/utils/timer.py,Magic number 60 used in eta_hhmm.
kdexd_virtex.virtex.utils,timer,Timer,Magic number,eta_hhmm,55,/Volumes/BrokeExt/NICHE/kdexd_virtex/virtex/utils/timer.py,Magic number 3600 used in eta_hhmm.
