Package,Module,Class,Smell,Function/Method,Line no,File,Details
Ha0Tang_GestureGAN,train,,Long statement,,57,/Volumes/BrokeExt/NICHE/Ha0Tang_GestureGAN/train.py,A line with 128 chars in train exceeds the maximum length of 120 characters.
Ha0Tang_GestureGAN.data,__init__,,Long statement,find_dataset_using_name,24,/Volumes/BrokeExt/NICHE/Ha0Tang_GestureGAN/data/__init__.py,A line with 150 chars in find_dataset_using_name exceeds the maximum length of 120 characters.
Ha0Tang_GestureGAN.data,__init__,CustomDatasetDataLoader,Long statement,initialize,58,/Volumes/BrokeExt/NICHE/Ha0Tang_GestureGAN/data/__init__.py,A line with 150 chars in initialize exceeds the maximum length of 120 characters.
Ha0Tang_GestureGAN.data,aligned_dataset,AlignedDataset,Long method,__getitem__,22 - 75,/Volumes/BrokeExt/NICHE/Ha0Tang_GestureGAN/data/aligned_dataset.py,Method '__getitem__' is too long (42 lines).
Ha0Tang_GestureGAN.data,aligned_dataset,AlignedDataset,Magic number,__getitem__,60,/Volumes/BrokeExt/NICHE/Ha0Tang_GestureGAN/data/aligned_dataset.py,Magic number 0.5 used in __getitem__.
Ha0Tang_GestureGAN.data,aligned_dataset,AlignedDataset,Magic number,__getitem__,67,/Volumes/BrokeExt/NICHE/Ha0Tang_GestureGAN/data/aligned_dataset.py,Magic number 0.114 used in __getitem__.
Ha0Tang_GestureGAN.data,aligned_dataset,AlignedDataset,Magic number,__getitem__,71,/Volumes/BrokeExt/NICHE/Ha0Tang_GestureGAN/data/aligned_dataset.py,Magic number 0.114 used in __getitem__.
Ha0Tang_GestureGAN.data,aligned_dataset,AlignedDataset,Magic number,__getitem__,67,/Volumes/BrokeExt/NICHE/Ha0Tang_GestureGAN/data/aligned_dataset.py,Magic number 0.299 used in __getitem__.
Ha0Tang_GestureGAN.data,aligned_dataset,AlignedDataset,Magic number,__getitem__,67,/Volumes/BrokeExt/NICHE/Ha0Tang_GestureGAN/data/aligned_dataset.py,Magic number 0.587 used in __getitem__.
Ha0Tang_GestureGAN.data,aligned_dataset,AlignedDataset,Magic number,__getitem__,71,/Volumes/BrokeExt/NICHE/Ha0Tang_GestureGAN/data/aligned_dataset.py,Magic number 0.299 used in __getitem__.
Ha0Tang_GestureGAN.data,aligned_dataset,AlignedDataset,Magic number,__getitem__,71,/Volumes/BrokeExt/NICHE/Ha0Tang_GestureGAN/data/aligned_dataset.py,Magic number 0.587 used in __getitem__.
Ha0Tang_GestureGAN.data,aligned_dataset,AlignedDataset,Magic number,__getitem__,67,/Volumes/BrokeExt/NICHE/Ha0Tang_GestureGAN/data/aligned_dataset.py,Magic number 2 used in __getitem__.
Ha0Tang_GestureGAN.data,aligned_dataset,AlignedDataset,Magic number,__getitem__,71,/Volumes/BrokeExt/NICHE/Ha0Tang_GestureGAN/data/aligned_dataset.py,Magic number 2 used in __getitem__.
Ha0Tang_GestureGAN.data,base_dataset,,Complex method,get_transform,24 - 51,/Volumes/BrokeExt/NICHE/Ha0Tang_GestureGAN/data/base_dataset.py,"Method 'get_transform' has a cyclomatic complexity of 8, exceeding the max of 6."
Ha0Tang_GestureGAN.data,base_dataset,,Long statement,__print_size_warning,97,/Volumes/BrokeExt/NICHE/Ha0Tang_GestureGAN/data/base_dataset.py,A line with 217 chars in __print_size_warning exceeds the maximum length of 120 characters.
Ha0Tang_GestureGAN.data,base_dataset,,Magic number,__adjust,60,/Volumes/BrokeExt/NICHE/Ha0Tang_GestureGAN/data/base_dataset.py,Magic number 4 used in __adjust.
Ha0Tang_GestureGAN.data,base_dataset,,Magic number,__scale_width,80,/Volumes/BrokeExt/NICHE/Ha0Tang_GestureGAN/data/base_dataset.py,Magic number 4 used in __scale_width.
Ha0Tang_GestureGAN.models,__init__,,Long statement,find_model_using_name,23,/Volumes/BrokeExt/NICHE/Ha0Tang_GestureGAN/models/__init__.py,A line with 144 chars in find_model_using_name exceeds the maximum length of 120 characters.
Ha0Tang_GestureGAN.models,base_model,BaseModel,Complex method,__patch_instance_norm_state_dict,104 - 115,/Volumes/BrokeExt/NICHE/Ha0Tang_GestureGAN/models/base_model.py,"Method '__patch_instance_norm_state_dict' has a cyclomatic complexity of 8, exceeding the max of 6."
Ha0Tang_GestureGAN.models,base_model,BaseModel,Long identifier,__patch_instance_norm_state_dict,104,/Volumes/BrokeExt/NICHE/Ha0Tang_GestureGAN/models/base_model.py,Identifier'__patch_instance_norm_state_dict' exceeds the maximum length of 30 characters.
Ha0Tang_GestureGAN.models,gesturegan_onecycle_model,GestureGANOneCycleModel,Long statement,initialize,29,/Volumes/BrokeExt/NICHE/Ha0Tang_GestureGAN/models/gesturegan_onecycle_model.py,A line with 127 chars in initialize exceeds the maximum length of 120 characters.
Ha0Tang_GestureGAN.models,gesturegan_onecycle_model,GestureGANOneCycleModel,Long statement,initialize,41,/Volumes/BrokeExt/NICHE/Ha0Tang_GestureGAN/models/gesturegan_onecycle_model.py,A line with 142 chars in initialize exceeds the maximum length of 120 characters.
Ha0Tang_GestureGAN.models,gesturegan_onecycle_model,GestureGANOneCycleModel,Long statement,initialize,46,/Volumes/BrokeExt/NICHE/Ha0Tang_GestureGAN/models/gesturegan_onecycle_model.py,A line with 147 chars in initialize exceeds the maximum length of 120 characters.
Ha0Tang_GestureGAN.models,gesturegan_onecycle_model,GestureGANOneCycleModel,Long statement,initialize,49,/Volumes/BrokeExt/NICHE/Ha0Tang_GestureGAN/models/gesturegan_onecycle_model.py,A line with 147 chars in initialize exceeds the maximum length of 120 characters.
Ha0Tang_GestureGAN.models,gesturegan_onecycle_model,GestureGANOneCycleModel,Long statement,initialize,65,/Volumes/BrokeExt/NICHE/Ha0Tang_GestureGAN/models/gesturegan_onecycle_model.py,A line with 139 chars in initialize exceeds the maximum length of 120 characters.
Ha0Tang_GestureGAN.models,gesturegan_onecycle_model,GestureGANOneCycleModel,Long statement,backward_G,145,/Volumes/BrokeExt/NICHE/Ha0Tang_GestureGAN/models/gesturegan_onecycle_model.py,A line with 427 chars in backward_G exceeds the maximum length of 120 characters.
Ha0Tang_GestureGAN.models,gesturegan_onecycle_model,GestureGANOneCycleModel,Long statement,backward_G,149,/Volumes/BrokeExt/NICHE/Ha0Tang_GestureGAN/models/gesturegan_onecycle_model.py,A line with 215 chars in backward_G exceeds the maximum length of 120 characters.
Ha0Tang_GestureGAN.models,gesturegan_onecycle_model,GestureGANOneCycleModel,Magic number,backward_D1,102,/Volumes/BrokeExt/NICHE/Ha0Tang_GestureGAN/models/gesturegan_onecycle_model.py,Magic number 0.5 used in backward_D1.
Ha0Tang_GestureGAN.models,gesturegan_onecycle_model,GestureGANOneCycleModel,Magic number,backward_D2,119,/Volumes/BrokeExt/NICHE/Ha0Tang_GestureGAN/models/gesturegan_onecycle_model.py,Magic number 0.5 used in backward_D2.
Ha0Tang_GestureGAN.models,gesturegan_onecycle_model,GestureGANOneCycleModel,Magic number,backward_G,137,/Volumes/BrokeExt/NICHE/Ha0Tang_GestureGAN/models/gesturegan_onecycle_model.py,Magic number 2 used in backward_G.
Ha0Tang_GestureGAN.models,gesturegan_onecycle_model,GestureGANOneCycleModel,Magic number,backward_G,138,/Volumes/BrokeExt/NICHE/Ha0Tang_GestureGAN/models/gesturegan_onecycle_model.py,Magic number 2 used in backward_G.
Ha0Tang_GestureGAN.models,gesturegan_onecycle_model,GestureGANOneCycleModel,Magic number,backward_G,138,/Volumes/BrokeExt/NICHE/Ha0Tang_GestureGAN/models/gesturegan_onecycle_model.py,Magic number 3 used in backward_G.
Ha0Tang_GestureGAN.models,gesturegan_onecycle_model,GestureGANOneCycleModel,Magic number,backward_G,141,/Volumes/BrokeExt/NICHE/Ha0Tang_GestureGAN/models/gesturegan_onecycle_model.py,Magic number 2 used in backward_G.
Ha0Tang_GestureGAN.models,gesturegan_onecycle_model,GestureGANOneCycleModel,Magic number,backward_G,142,/Volumes/BrokeExt/NICHE/Ha0Tang_GestureGAN/models/gesturegan_onecycle_model.py,Magic number 2 used in backward_G.
Ha0Tang_GestureGAN.models,gesturegan_onecycle_model,GestureGANOneCycleModel,Magic number,backward_G,142,/Volumes/BrokeExt/NICHE/Ha0Tang_GestureGAN/models/gesturegan_onecycle_model.py,Magic number 3 used in backward_G.
Ha0Tang_GestureGAN.models,gesturegan_twocycle_model,GestureGANTwoCycleModel,Long statement,initialize,34,/Volumes/BrokeExt/NICHE/Ha0Tang_GestureGAN/models/gesturegan_twocycle_model.py,A line with 136 chars in initialize exceeds the maximum length of 120 characters.
Ha0Tang_GestureGAN.models,gesturegan_twocycle_model,GestureGANTwoCycleModel,Long statement,initialize,41,/Volumes/BrokeExt/NICHE/Ha0Tang_GestureGAN/models/gesturegan_twocycle_model.py,A line with 142 chars in initialize exceeds the maximum length of 120 characters.
Ha0Tang_GestureGAN.models,gesturegan_twocycle_model,GestureGANTwoCycleModel,Long statement,initialize,46,/Volumes/BrokeExt/NICHE/Ha0Tang_GestureGAN/models/gesturegan_twocycle_model.py,A line with 147 chars in initialize exceeds the maximum length of 120 characters.
Ha0Tang_GestureGAN.models,gesturegan_twocycle_model,GestureGANTwoCycleModel,Long statement,initialize,49,/Volumes/BrokeExt/NICHE/Ha0Tang_GestureGAN/models/gesturegan_twocycle_model.py,A line with 147 chars in initialize exceeds the maximum length of 120 characters.
Ha0Tang_GestureGAN.models,gesturegan_twocycle_model,GestureGANTwoCycleModel,Long statement,initialize,65,/Volumes/BrokeExt/NICHE/Ha0Tang_GestureGAN/models/gesturegan_twocycle_model.py,A line with 139 chars in initialize exceeds the maximum length of 120 characters.
Ha0Tang_GestureGAN.models,gesturegan_twocycle_model,GestureGANTwoCycleModel,Long statement,backward_G,192,/Volumes/BrokeExt/NICHE/Ha0Tang_GestureGAN/models/gesturegan_twocycle_model.py,A line with 842 chars in backward_G exceeds the maximum length of 120 characters.
Ha0Tang_GestureGAN.models,gesturegan_twocycle_model,GestureGANTwoCycleModel,Long statement,backward_G,194,/Volumes/BrokeExt/NICHE/Ha0Tang_GestureGAN/models/gesturegan_twocycle_model.py,A line with 159 chars in backward_G exceeds the maximum length of 120 characters.
Ha0Tang_GestureGAN.models,gesturegan_twocycle_model,GestureGANTwoCycleModel,Long statement,backward_G,196,/Volumes/BrokeExt/NICHE/Ha0Tang_GestureGAN/models/gesturegan_twocycle_model.py,A line with 419 chars in backward_G exceeds the maximum length of 120 characters.
Ha0Tang_GestureGAN.models,gesturegan_twocycle_model,GestureGANTwoCycleModel,Magic number,backward_D1,108,/Volumes/BrokeExt/NICHE/Ha0Tang_GestureGAN/models/gesturegan_twocycle_model.py,Magic number 0.5 used in backward_D1.
Ha0Tang_GestureGAN.models,gesturegan_twocycle_model,GestureGANTwoCycleModel,Magic number,backward_D1,117,/Volumes/BrokeExt/NICHE/Ha0Tang_GestureGAN/models/gesturegan_twocycle_model.py,Magic number 0.5 used in backward_D1.
Ha0Tang_GestureGAN.models,gesturegan_twocycle_model,GestureGANTwoCycleModel,Magic number,backward_D2,134,/Volumes/BrokeExt/NICHE/Ha0Tang_GestureGAN/models/gesturegan_twocycle_model.py,Magic number 0.5 used in backward_D2.
Ha0Tang_GestureGAN.models,gesturegan_twocycle_model,GestureGANTwoCycleModel,Magic number,backward_D2,148,/Volumes/BrokeExt/NICHE/Ha0Tang_GestureGAN/models/gesturegan_twocycle_model.py,Magic number 0.5 used in backward_D2.
Ha0Tang_GestureGAN.models,gesturegan_twocycle_model,GestureGANTwoCycleModel,Magic number,backward_G,176,/Volumes/BrokeExt/NICHE/Ha0Tang_GestureGAN/models/gesturegan_twocycle_model.py,Magic number 2 used in backward_G.
Ha0Tang_GestureGAN.models,gesturegan_twocycle_model,GestureGANTwoCycleModel,Magic number,backward_G,177,/Volumes/BrokeExt/NICHE/Ha0Tang_GestureGAN/models/gesturegan_twocycle_model.py,Magic number 2 used in backward_G.
Ha0Tang_GestureGAN.models,gesturegan_twocycle_model,GestureGANTwoCycleModel,Magic number,backward_G,177,/Volumes/BrokeExt/NICHE/Ha0Tang_GestureGAN/models/gesturegan_twocycle_model.py,Magic number 3 used in backward_G.
Ha0Tang_GestureGAN.models,gesturegan_twocycle_model,GestureGANTwoCycleModel,Magic number,backward_G,180,/Volumes/BrokeExt/NICHE/Ha0Tang_GestureGAN/models/gesturegan_twocycle_model.py,Magic number 2 used in backward_G.
Ha0Tang_GestureGAN.models,gesturegan_twocycle_model,GestureGANTwoCycleModel,Magic number,backward_G,181,/Volumes/BrokeExt/NICHE/Ha0Tang_GestureGAN/models/gesturegan_twocycle_model.py,Magic number 2 used in backward_G.
Ha0Tang_GestureGAN.models,gesturegan_twocycle_model,GestureGANTwoCycleModel,Magic number,backward_G,181,/Volumes/BrokeExt/NICHE/Ha0Tang_GestureGAN/models/gesturegan_twocycle_model.py,Magic number 3 used in backward_G.
Ha0Tang_GestureGAN.models,gesturegan_twocycle_model,GestureGANTwoCycleModel,Magic number,backward_G,184,/Volumes/BrokeExt/NICHE/Ha0Tang_GestureGAN/models/gesturegan_twocycle_model.py,Magic number 2 used in backward_G.
Ha0Tang_GestureGAN.models,gesturegan_twocycle_model,GestureGANTwoCycleModel,Magic number,backward_G,185,/Volumes/BrokeExt/NICHE/Ha0Tang_GestureGAN/models/gesturegan_twocycle_model.py,Magic number 2 used in backward_G.
Ha0Tang_GestureGAN.models,gesturegan_twocycle_model,GestureGANTwoCycleModel,Magic number,backward_G,185,/Volumes/BrokeExt/NICHE/Ha0Tang_GestureGAN/models/gesturegan_twocycle_model.py,Magic number 3 used in backward_G.
Ha0Tang_GestureGAN.models,gesturegan_twocycle_model,GestureGANTwoCycleModel,Magic number,backward_G,188,/Volumes/BrokeExt/NICHE/Ha0Tang_GestureGAN/models/gesturegan_twocycle_model.py,Magic number 2 used in backward_G.
Ha0Tang_GestureGAN.models,gesturegan_twocycle_model,GestureGANTwoCycleModel,Magic number,backward_G,189,/Volumes/BrokeExt/NICHE/Ha0Tang_GestureGAN/models/gesturegan_twocycle_model.py,Magic number 2 used in backward_G.
Ha0Tang_GestureGAN.models,gesturegan_twocycle_model,GestureGANTwoCycleModel,Magic number,backward_G,189,/Volumes/BrokeExt/NICHE/Ha0Tang_GestureGAN/models/gesturegan_twocycle_model.py,Magic number 3 used in backward_G.
Ha0Tang_GestureGAN.models,networks,,Complex method,init_weights,39 - 60,/Volumes/BrokeExt/NICHE/Ha0Tang_GestureGAN/models/networks.py,"Method 'init_weights' has a cyclomatic complexity of 11, exceeding the max of 6."
Ha0Tang_GestureGAN.models,networks,ResnetBlock,Complex method,build_conv_block,209 - 239,/Volumes/BrokeExt/NICHE/Ha0Tang_GestureGAN/models/networks.py,"Method 'build_conv_block' has a cyclomatic complexity of 8, exceeding the max of 6."
Ha0Tang_GestureGAN.models,networks,Vgg19,Complex method,__init__,400 - 420,/Volumes/BrokeExt/NICHE/Ha0Tang_GestureGAN/models/networks.py,"Method '__init__' has a cyclomatic complexity of 8, exceeding the max of 6."
Ha0Tang_GestureGAN.models,networks,UnetSkipConnectionBlock,Long method,__init__,274 - 317,/Volumes/BrokeExt/NICHE/Ha0Tang_GestureGAN/models/networks.py,Method '__init__' is too long (41 lines).
Ha0Tang_GestureGAN.models,networks,,Long parameter list,define_G,86 - 100,/Volumes/BrokeExt/NICHE/Ha0Tang_GestureGAN/models/networks.py,"define_G has 9 parameters, exceeding the max of 5."
Ha0Tang_GestureGAN.models,networks,,Long parameter list,define_D,103 - 117,/Volumes/BrokeExt/NICHE/Ha0Tang_GestureGAN/models/networks.py,"define_D has 9 parameters, exceeding the max of 5."
Ha0Tang_GestureGAN.models,networks,ResnetGenerator,Long parameter list,__init__,156 - 197,/Volumes/BrokeExt/NICHE/Ha0Tang_GestureGAN/models/networks.py,"__init__ has 7 parameters, exceeding the max of 5."
Ha0Tang_GestureGAN.models,networks,UnetGenerator,Long parameter list,__init__,251 - 264,/Volumes/BrokeExt/NICHE/Ha0Tang_GestureGAN/models/networks.py,"__init__ has 6 parameters, exceeding the max of 5."
Ha0Tang_GestureGAN.models,networks,UnetSkipConnectionBlock,Long parameter list,__init__,274 - 317,/Volumes/BrokeExt/NICHE/Ha0Tang_GestureGAN/models/networks.py,"__init__ has 8 parameters, exceeding the max of 5."
Ha0Tang_GestureGAN.models,networks,ResnetGenerator,Long statement,__init__,167,/Volumes/BrokeExt/NICHE/Ha0Tang_GestureGAN/models/networks.py,A line with 130 chars in __init__ exceeds the maximum length of 120 characters.
Ha0Tang_GestureGAN.models,networks,ResnetGenerator,Long statement,__init__,176,/Volumes/BrokeExt/NICHE/Ha0Tang_GestureGAN/models/networks.py,A line with 152 chars in __init__ exceeds the maximum length of 120 characters.
Ha0Tang_GestureGAN.models,networks,ResnetGenerator,Long statement,__init__,183,/Volumes/BrokeExt/NICHE/Ha0Tang_GestureGAN/models/networks.py,A line with 130 chars in __init__ exceeds the maximum length of 120 characters.
Ha0Tang_GestureGAN.models,networks,ResnetGenerator,Long statement,__init__,187,/Volumes/BrokeExt/NICHE/Ha0Tang_GestureGAN/models/networks.py,A line with 189 chars in __init__ exceeds the maximum length of 120 characters.
Ha0Tang_GestureGAN.models,networks,UnetGenerator,Long statement,__init__,256,/Volumes/BrokeExt/NICHE/Ha0Tang_GestureGAN/models/networks.py,A line with 128 chars in __init__ exceeds the maximum length of 120 characters.
Ha0Tang_GestureGAN.models,networks,UnetGenerator,Long statement,__init__,258,/Volumes/BrokeExt/NICHE/Ha0Tang_GestureGAN/models/networks.py,A line with 143 chars in __init__ exceeds the maximum length of 120 characters.
Ha0Tang_GestureGAN.models,networks,UnetGenerator,Long statement,__init__,262,/Volumes/BrokeExt/NICHE/Ha0Tang_GestureGAN/models/networks.py,A line with 132 chars in __init__ exceeds the maximum length of 120 characters.
Ha0Tang_GestureGAN.models,networks,NLayerDiscriminator,Long statement,__init__,347,/Volumes/BrokeExt/NICHE/Ha0Tang_GestureGAN/models/networks.py,A line with 171 chars in __init__ exceeds the maximum length of 120 characters.
Ha0Tang_GestureGAN.models,networks,NLayerDiscriminator,Long statement,__init__,356,/Volumes/BrokeExt/NICHE/Ha0Tang_GestureGAN/models/networks.py,A line with 171 chars in __init__ exceeds the maximum length of 120 characters.
Ha0Tang_GestureGAN.models,networks,PixelDiscriminator,Long statement,__init__,382,/Volumes/BrokeExt/NICHE/Ha0Tang_GestureGAN/models/networks.py,A line with 300 chars in __init__ exceeds the maximum length of 120 characters.
Ha0Tang_GestureGAN.models,networks,,Magic number,init_weights,39,/Volumes/BrokeExt/NICHE/Ha0Tang_GestureGAN/models/networks.py,Magic number 0.02 used in init_weights.
Ha0Tang_GestureGAN.models,networks,,Magic number,init_net,63,/Volumes/BrokeExt/NICHE/Ha0Tang_GestureGAN/models/networks.py,Magic number 0.02 used in init_net.
Ha0Tang_GestureGAN.models,networks,,Magic number,define_G,86,/Volumes/BrokeExt/NICHE/Ha0Tang_GestureGAN/models/networks.py,Magic number 0.02 used in define_G.
Ha0Tang_GestureGAN.models,networks,,Magic number,define_D,104,/Volumes/BrokeExt/NICHE/Ha0Tang_GestureGAN/models/networks.py,Magic number 3 used in define_D.
Ha0Tang_GestureGAN.models,networks,,Magic number,define_D,104,/Volumes/BrokeExt/NICHE/Ha0Tang_GestureGAN/models/networks.py,Magic number 0.02 used in define_D.
Ha0Tang_GestureGAN.models,networks,VGGLoss,Magic number,__init__,76,/Volumes/BrokeExt/NICHE/Ha0Tang_GestureGAN/models/networks.py,Magic number 32 used in __init__.
Ha0Tang_GestureGAN.models,networks,VGGLoss,Magic number,__init__,76,/Volumes/BrokeExt/NICHE/Ha0Tang_GestureGAN/models/networks.py,Magic number 16 used in __init__.
Ha0Tang_GestureGAN.models,networks,VGGLoss,Magic number,__init__,76,/Volumes/BrokeExt/NICHE/Ha0Tang_GestureGAN/models/networks.py,Magic number 8 used in __init__.
Ha0Tang_GestureGAN.models,networks,VGGLoss,Magic number,__init__,76,/Volumes/BrokeExt/NICHE/Ha0Tang_GestureGAN/models/networks.py,Magic number 4 used in __init__.
Ha0Tang_GestureGAN.models,networks,ResnetGenerator,Magic number,__init__,156,/Volumes/BrokeExt/NICHE/Ha0Tang_GestureGAN/models/networks.py,Magic number 64 used in __init__.
Ha0Tang_GestureGAN.models,networks,ResnetGenerator,Magic number,__init__,156,/Volumes/BrokeExt/NICHE/Ha0Tang_GestureGAN/models/networks.py,Magic number 6 used in __init__.
Ha0Tang_GestureGAN.models,networks,ResnetGenerator,Magic number,__init__,173,/Volumes/BrokeExt/NICHE/Ha0Tang_GestureGAN/models/networks.py,Magic number 2 used in __init__.
Ha0Tang_GestureGAN.models,networks,ResnetGenerator,Magic number,__init__,181,/Volumes/BrokeExt/NICHE/Ha0Tang_GestureGAN/models/networks.py,Magic number 2 used in __init__.
Ha0Tang_GestureGAN.models,networks,ResnetGenerator,Magic number,__init__,175,/Volumes/BrokeExt/NICHE/Ha0Tang_GestureGAN/models/networks.py,Magic number 2 used in __init__.
Ha0Tang_GestureGAN.models,networks,ResnetGenerator,Magic number,__init__,186,/Volumes/BrokeExt/NICHE/Ha0Tang_GestureGAN/models/networks.py,Magic number 2 used in __init__.
Ha0Tang_GestureGAN.models,networks,UnetGenerator,Magic number,__init__,251,/Volumes/BrokeExt/NICHE/Ha0Tang_GestureGAN/models/networks.py,Magic number 64 used in __init__.
Ha0Tang_GestureGAN.models,networks,NLayerDiscriminator,Magic number,__init__,328,/Volumes/BrokeExt/NICHE/Ha0Tang_GestureGAN/models/networks.py,Magic number 64 used in __init__.
Ha0Tang_GestureGAN.models,networks,NLayerDiscriminator,Magic number,__init__,328,/Volumes/BrokeExt/NICHE/Ha0Tang_GestureGAN/models/networks.py,Magic number 3 used in __init__.
Ha0Tang_GestureGAN.models,networks,NLayerDiscriminator,Magic number,__init__,335,/Volumes/BrokeExt/NICHE/Ha0Tang_GestureGAN/models/networks.py,Magic number 4 used in __init__.
Ha0Tang_GestureGAN.models,networks,PixelDiscriminator,Magic number,__init__,375,/Volumes/BrokeExt/NICHE/Ha0Tang_GestureGAN/models/networks.py,Magic number 64 used in __init__.
Ha0Tang_GestureGAN.options,base_options,BaseOptions,Long statement,initialize,14,/Volumes/BrokeExt/NICHE/Ha0Tang_GestureGAN/options/base_options.py,A line with 205 chars in initialize exceeds the maximum length of 120 characters.
Ha0Tang_GestureGAN.options,base_options,BaseOptions,Long statement,initialize,26,/Volumes/BrokeExt/NICHE/Ha0Tang_GestureGAN/options/base_options.py,A line with 143 chars in initialize exceeds the maximum length of 120 characters.
Ha0Tang_GestureGAN.options,base_options,BaseOptions,Long statement,initialize,27,/Volumes/BrokeExt/NICHE/Ha0Tang_GestureGAN/options/base_options.py,A line with 138 chars in initialize exceeds the maximum length of 120 characters.
Ha0Tang_GestureGAN.options,base_options,BaseOptions,Long statement,initialize,34,/Volumes/BrokeExt/NICHE/Ha0Tang_GestureGAN/options/base_options.py,A line with 146 chars in initialize exceeds the maximum length of 120 characters.
Ha0Tang_GestureGAN.options,base_options,BaseOptions,Long statement,initialize,38,/Volumes/BrokeExt/NICHE/Ha0Tang_GestureGAN/options/base_options.py,A line with 122 chars in initialize exceeds the maximum length of 120 characters.
Ha0Tang_GestureGAN.options,base_options,BaseOptions,Long statement,initialize,41,/Volumes/BrokeExt/NICHE/Ha0Tang_GestureGAN/options/base_options.py,A line with 215 chars in initialize exceeds the maximum length of 120 characters.
Ha0Tang_GestureGAN.options,base_options,BaseOptions,Long statement,initialize,42,/Volumes/BrokeExt/NICHE/Ha0Tang_GestureGAN/options/base_options.py,A line with 184 chars in initialize exceeds the maximum length of 120 characters.
Ha0Tang_GestureGAN.options,base_options,BaseOptions,Long statement,initialize,44,/Volumes/BrokeExt/NICHE/Ha0Tang_GestureGAN/options/base_options.py,A line with 128 chars in initialize exceeds the maximum length of 120 characters.
Ha0Tang_GestureGAN.options,base_options,BaseOptions,Long statement,initialize,47,/Volumes/BrokeExt/NICHE/Ha0Tang_GestureGAN/options/base_options.py,A line with 158 chars in initialize exceeds the maximum length of 120 characters.
Ha0Tang_GestureGAN.options,test_options,TestOptions,Long statement,initialize,11,/Volumes/BrokeExt/NICHE/Ha0Tang_GestureGAN/options/test_options.py,A line with 134 chars in initialize exceeds the maximum length of 120 characters.
Ha0Tang_GestureGAN.options,train_options,TrainOptions,Long statement,initialize,8,/Volumes/BrokeExt/NICHE/Ha0Tang_GestureGAN/options/train_options.py,A line with 167 chars in initialize exceeds the maximum length of 120 characters.
Ha0Tang_GestureGAN.options,train_options,TrainOptions,Long statement,initialize,12,/Volumes/BrokeExt/NICHE/Ha0Tang_GestureGAN/options/train_options.py,A line with 122 chars in initialize exceeds the maximum length of 120 characters.
Ha0Tang_GestureGAN.options,train_options,TrainOptions,Long statement,initialize,14,/Volumes/BrokeExt/NICHE/Ha0Tang_GestureGAN/options/train_options.py,A line with 165 chars in initialize exceeds the maximum length of 120 characters.
Ha0Tang_GestureGAN.options,train_options,TrainOptions,Long statement,initialize,16,/Volumes/BrokeExt/NICHE/Ha0Tang_GestureGAN/options/train_options.py,A line with 134 chars in initialize exceeds the maximum length of 120 characters.
Ha0Tang_GestureGAN.options,train_options,TrainOptions,Long statement,initialize,22,/Volumes/BrokeExt/NICHE/Ha0Tang_GestureGAN/options/train_options.py,A line with 129 chars in initialize exceeds the maximum length of 120 characters.
Ha0Tang_GestureGAN.options,train_options,TrainOptions,Long statement,initialize,23,/Volumes/BrokeExt/NICHE/Ha0Tang_GestureGAN/options/train_options.py,A line with 144 chars in initialize exceeds the maximum length of 120 characters.
Ha0Tang_GestureGAN.options,train_options,TrainOptions,Long statement,initialize,25,/Volumes/BrokeExt/NICHE/Ha0Tang_GestureGAN/options/train_options.py,A line with 121 chars in initialize exceeds the maximum length of 120 characters.
Ha0Tang_GestureGAN.scripts.evaluation.IS,inception_score,,Complex method,_init_inception,55 - 93,/Volumes/BrokeExt/NICHE/Ha0Tang_GestureGAN/scripts/evaluation/IS/inception_score.py,"Method '_init_inception' has a cyclomatic complexity of 8, exceeding the max of 6."
Ha0Tang_GestureGAN.scripts.evaluation.IS,inception_score,,Magic number,get_inception_score,24,/Volumes/BrokeExt/NICHE/Ha0Tang_GestureGAN/scripts/evaluation/IS/inception_score.py,Magic number 10 used in get_inception_score.
Ha0Tang_GestureGAN.scripts.evaluation.IS,inception_score,,Magic number,get_inception_score,34,/Volumes/BrokeExt/NICHE/Ha0Tang_GestureGAN/scripts/evaluation/IS/inception_score.py,Magic number 100 used in get_inception_score.
Ha0Tang_GestureGAN.scripts.evaluation.IS,inception_score,,Magic number,get_inception_score,27,/Volumes/BrokeExt/NICHE/Ha0Tang_GestureGAN/scripts/evaluation/IS/inception_score.py,Magic number 3 used in get_inception_score.
Ha0Tang_GestureGAN.scripts.evaluation.IS,inception_score,,Magic number,get_inception_score,28,/Volumes/BrokeExt/NICHE/Ha0Tang_GestureGAN/scripts/evaluation/IS/inception_score.py,Magic number 10 used in get_inception_score.
Ha0Tang_GestureGAN.util,get_data,GetData,Long statement,get,82,/Volumes/BrokeExt/NICHE/Ha0Tang_GestureGAN/util/get_data.py,A line with 494 chars in get exceeds the maximum length of 120 characters.
Ha0Tang_GestureGAN.util,html,HTML,Magic number,add_images,33,/Volumes/BrokeExt/NICHE/Ha0Tang_GestureGAN/util/html.py,Magic number 400 used in add_images.
Ha0Tang_GestureGAN.util,image_pool,ImagePool,Magic number,query,24,/Volumes/BrokeExt/NICHE/Ha0Tang_GestureGAN/util/image_pool.py,Magic number 0.5 used in query.
Ha0Tang_GestureGAN.util,util,,Long statement,print_numpy,46,/Volumes/BrokeExt/NICHE/Ha0Tang_GestureGAN/util/util.py,A line with 138 chars in print_numpy exceeds the maximum length of 120 characters.
Ha0Tang_GestureGAN.util,util,,Magic number,tensor2im,18,/Volumes/BrokeExt/NICHE/Ha0Tang_GestureGAN/util/util.py,Magic number 255.0 used in tensor2im.
Ha0Tang_GestureGAN.util,util,,Magic number,tensor2im,18,/Volumes/BrokeExt/NICHE/Ha0Tang_GestureGAN/util/util.py,Magic number 2.0 used in tensor2im.
Ha0Tang_GestureGAN.util,visualizer,Visualizer,Complex method,display_current_results,67 - 134,/Volumes/BrokeExt/NICHE/Ha0Tang_GestureGAN/util/visualizer.py,"Method 'display_current_results' has a cyclomatic complexity of 15, exceeding the max of 6."
Ha0Tang_GestureGAN.util,visualizer,Visualizer,Long method,display_current_results,67 - 134,/Volumes/BrokeExt/NICHE/Ha0Tang_GestureGAN/util/visualizer.py,Method 'display_current_results' is too long (67 lines).
Ha0Tang_GestureGAN.util,visualizer,Visualizer,Long statement,__init__,47,/Volumes/BrokeExt/NICHE/Ha0Tang_GestureGAN/util/visualizer.py,A line with 145 chars in __init__ exceeds the maximum length of 120 characters.
Ha0Tang_GestureGAN.util,visualizer,Visualizer,Long statement,throw_visdom_connection_error,63,/Volumes/BrokeExt/NICHE/Ha0Tang_GestureGAN/util/visualizer.py,A line with 305 chars in throw_visdom_connection_error exceeds the maximum length of 120 characters.
Ha0Tang_GestureGAN.util,visualizer,Visualizer,Long statement,display_current_results,73,/Volumes/BrokeExt/NICHE/Ha0Tang_GestureGAN/util/visualizer.py,A line with 286 chars in display_current_results exceeds the maximum length of 120 characters.
Ha0Tang_GestureGAN.util,visualizer,Visualizer,Long statement,plot_current_losses,143,/Volumes/BrokeExt/NICHE/Ha0Tang_GestureGAN/util/visualizer.py,A line with 271 chars in plot_current_losses exceeds the maximum length of 120 characters.
Ha0Tang_GestureGAN.util,visualizer,,Magic number,save_images,11,/Volumes/BrokeExt/NICHE/Ha0Tang_GestureGAN/util/visualizer.py,Magic number 256 used in save_images.
Ha0Tang_GestureGAN.util,visualizer,Visualizer,Magic number,display_current_results,90,/Volumes/BrokeExt/NICHE/Ha0Tang_GestureGAN/util/visualizer.py,Magic number 255 used in display_current_results.
Ha0Tang_GestureGAN.util,visualizer,Visualizer,Magic number,display_current_results,72,/Volumes/BrokeExt/NICHE/Ha0Tang_GestureGAN/util/visualizer.py,Magic number 2 used in display_current_results.
