Package,Module,Class,Function,LOC,CC,PC
Ha0Tang_GestureGAN.data,__init__,CustomDatasetDataLoader,name,2,1,0
Ha0Tang_GestureGAN.data,__init__,CustomDatasetDataLoader,initialize,8,1,1
Ha0Tang_GestureGAN.data,__init__,CustomDatasetDataLoader,load_data,2,1,0
Ha0Tang_GestureGAN.data,__init__,CustomDatasetDataLoader,__len__,2,1,0
Ha0Tang_GestureGAN.data,__init__,CustomDatasetDataLoader,__iter__,5,3,0
Ha0Tang_GestureGAN.data,__init__,,find_dataset_using_name,13,5,1
Ha0Tang_GestureGAN.data,__init__,,get_option_setter,3,1,1
Ha0Tang_GestureGAN.data,__init__,,create_dataset,6,1,1
Ha0Tang_GestureGAN.data,__init__,,CreateDataLoader,4,1,1
Ha0Tang_GestureGAN.data,aligned_dataset,AlignedDataset,modify_commandline_options,2,1,2
Ha0Tang_GestureGAN.data,aligned_dataset,AlignedDataset,initialize,6,1,1
Ha0Tang_GestureGAN.data,aligned_dataset,AlignedDataset,__getitem__,42,6,1
Ha0Tang_GestureGAN.data,aligned_dataset,AlignedDataset,__len__,2,1,0
Ha0Tang_GestureGAN.data,aligned_dataset,AlignedDataset,name,2,1,0
Ha0Tang_GestureGAN.data,base_data_loader,BaseDataLoader,__init__,2,1,0
Ha0Tang_GestureGAN.data,base_data_loader,BaseDataLoader,initialize,3,1,1
Ha0Tang_GestureGAN.data,base_data_loader,BaseDataLoader,load_data,2,1,0
Ha0Tang_GestureGAN.data,base_dataset,BaseDataset,__init__,2,1,0
Ha0Tang_GestureGAN.data,base_dataset,BaseDataset,name,2,1,0
Ha0Tang_GestureGAN.data,base_dataset,BaseDataset,modify_commandline_options,2,1,2
Ha0Tang_GestureGAN.data,base_dataset,BaseDataset,initialize,2,1,1
Ha0Tang_GestureGAN.data,base_dataset,BaseDataset,__len__,2,1,0
Ha0Tang_GestureGAN.data,base_dataset,,get_transform,26,8,1
Ha0Tang_GestureGAN.data,base_dataset,,__adjust,12,4,1
Ha0Tang_GestureGAN.data,base_dataset,,__scale_width,13,3,2
Ha0Tang_GestureGAN.data,base_dataset,,__print_size_warning,7,2,4
Ha0Tang_GestureGAN.data,image_folder,ImageFolder,__init__,11,2,4
Ha0Tang_GestureGAN.data,image_folder,ImageFolder,__getitem__,9,2,1
Ha0Tang_GestureGAN.data,image_folder,ImageFolder,__len__,2,1,0
Ha0Tang_GestureGAN.data,image_folder,,is_image_file,2,1,1
Ha0Tang_GestureGAN.data,image_folder,,make_dataset,9,4,1
Ha0Tang_GestureGAN.data,image_folder,,default_loader,2,1,1
Ha0Tang_GestureGAN.models,__init__,,find_model_using_name,13,5,1
Ha0Tang_GestureGAN.models,__init__,,get_option_setter,3,1,1
Ha0Tang_GestureGAN.models,__init__,,create_model,6,1,1
Ha0Tang_GestureGAN.models,base_model,BaseModel,modify_commandline_options,2,1,2
Ha0Tang_GestureGAN.models,base_model,BaseModel,name,2,1,0
Ha0Tang_GestureGAN.models,base_model,BaseModel,initialize,12,2,1
Ha0Tang_GestureGAN.models,base_model,BaseModel,set_input,2,1,1
Ha0Tang_GestureGAN.models,base_model,BaseModel,forward,2,1,0
Ha0Tang_GestureGAN.models,base_model,BaseModel,setup,6,4,2
Ha0Tang_GestureGAN.models,base_model,BaseModel,eval,5,3,0
Ha0Tang_GestureGAN.models,base_model,BaseModel,test,3,1,0
Ha0Tang_GestureGAN.models,base_model,BaseModel,get_image_paths,2,1,0
Ha0Tang_GestureGAN.models,base_model,BaseModel,optimize_parameters,2,1,0
Ha0Tang_GestureGAN.models,base_model,BaseModel,update_learning_rate,5,2,0
Ha0Tang_GestureGAN.models,base_model,BaseModel,get_current_visuals,6,3,0
Ha0Tang_GestureGAN.models,base_model,BaseModel,get_current_losses,7,3,0
Ha0Tang_GestureGAN.models,base_model,BaseModel,save_networks,12,5,1
Ha0Tang_GestureGAN.models,base_model,BaseModel,__patch_instance_norm_state_dict,12,8,4
Ha0Tang_GestureGAN.models,base_model,BaseModel,load_networks,19,6,1
Ha0Tang_GestureGAN.models,base_model,BaseModel,print_networks,12,5,1
Ha0Tang_GestureGAN.models,base_model,BaseModel,set_requires_grad,7,5,2
Ha0Tang_GestureGAN.models,gesturegan_onecycle_model,GestureGANOneCycleModel,name,2,1,0
Ha0Tang_GestureGAN.models,gesturegan_onecycle_model,GestureGANOneCycleModel,modify_commandline_options,11,2,2
Ha0Tang_GestureGAN.models,gesturegan_onecycle_model,GestureGANOneCycleModel,initialize,38,5,1
Ha0Tang_GestureGAN.models,gesturegan_onecycle_model,GestureGANOneCycleModel,set_input,7,1,1
Ha0Tang_GestureGAN.models,gesturegan_onecycle_model,GestureGANOneCycleModel,forward,7,1,0
Ha0Tang_GestureGAN.models,gesturegan_onecycle_model,GestureGANOneCycleModel,backward_D1,9,1,0
Ha0Tang_GestureGAN.models,gesturegan_onecycle_model,GestureGANOneCycleModel,backward_D2,9,1,0
Ha0Tang_GestureGAN.models,gesturegan_onecycle_model,GestureGANOneCycleModel,backward_G,18,1,0
Ha0Tang_GestureGAN.models,gesturegan_onecycle_model,GestureGANOneCycleModel,optimize_parameters,11,1,0
Ha0Tang_GestureGAN.models,gesturegan_twocycle_model,GestureGANTwoCycleModel,name,2,1,0
Ha0Tang_GestureGAN.models,gesturegan_twocycle_model,GestureGANTwoCycleModel,modify_commandline_options,11,2,2
Ha0Tang_GestureGAN.models,gesturegan_twocycle_model,GestureGANTwoCycleModel,initialize,38,5,1
Ha0Tang_GestureGAN.models,gesturegan_twocycle_model,GestureGANTwoCycleModel,set_input,7,1,1
Ha0Tang_GestureGAN.models,gesturegan_twocycle_model,GestureGANTwoCycleModel,forward,13,1,0
Ha0Tang_GestureGAN.models,gesturegan_twocycle_model,GestureGANTwoCycleModel,backward_D1,13,1,0
Ha0Tang_GestureGAN.models,gesturegan_twocycle_model,GestureGANTwoCycleModel,backward_D2,16,1,0
Ha0Tang_GestureGAN.models,gesturegan_twocycle_model,GestureGANTwoCycleModel,backward_G,30,1,0
Ha0Tang_GestureGAN.models,gesturegan_twocycle_model,GestureGANTwoCycleModel,optimize_parameters,11,1,0
Ha0Tang_GestureGAN.models,networks,VGGLoss,__init__,5,1,1
Ha0Tang_GestureGAN.models,networks,VGGLoss,forward,6,2,2
Ha0Tang_GestureGAN.models,networks,GANLoss,__init__,8,2,3
Ha0Tang_GestureGAN.models,networks,GANLoss,get_target_tensor,6,2,2
Ha0Tang_GestureGAN.models,networks,GANLoss,__call__,3,1,2
Ha0Tang_GestureGAN.models,networks,ResnetGenerator,__init__,37,5,7
Ha0Tang_GestureGAN.models,networks,ResnetGenerator,forward,2,1,1
Ha0Tang_GestureGAN.models,networks,ResnetBlock,__init__,3,1,5
Ha0Tang_GestureGAN.models,networks,ResnetBlock,build_conv_block,28,8,5
Ha0Tang_GestureGAN.models,networks,ResnetBlock,forward,3,1,1
Ha0Tang_GestureGAN.models,networks,UnetGenerator,__init__,10,2,6
Ha0Tang_GestureGAN.models,networks,UnetGenerator,forward,2,1,1
Ha0Tang_GestureGAN.models,networks,UnetSkipConnectionBlock,__init__,41,6,8
Ha0Tang_GestureGAN.models,networks,UnetSkipConnectionBlock,forward,5,1,1
Ha0Tang_GestureGAN.models,networks,NLayerDiscriminator,__init__,35,4,5
Ha0Tang_GestureGAN.models,networks,NLayerDiscriminator,forward,2,1,1
Ha0Tang_GestureGAN.models,networks,PixelDiscriminator,__init__,16,3,4
Ha0Tang_GestureGAN.models,networks,PixelDiscriminator,forward,2,1,1
Ha0Tang_GestureGAN.models,networks,Vgg19,__init__,21,8,1
Ha0Tang_GestureGAN.models,networks,Vgg19,forward,8,1,1
Ha0Tang_GestureGAN.models,networks,,get_norm_layer,10,4,1
Ha0Tang_GestureGAN.models,networks,,get_scheduler,13,2,2
Ha0Tang_GestureGAN.models,networks,,init_weights,21,11,3
Ha0Tang_GestureGAN.models,networks,,init_net,7,2,4
Ha0Tang_GestureGAN.models,networks,,define_G,14,5,9
Ha0Tang_GestureGAN.models,networks,,define_D,13,4,9
Ha0Tang_GestureGAN.options,base_options,BaseOptions,__init__,2,1,0
Ha0Tang_GestureGAN.options,base_options,BaseOptions,initialize,38,1,1
Ha0Tang_GestureGAN.options,base_options,BaseOptions,gather_options,15,2,0
Ha0Tang_GestureGAN.options,base_options,BaseOptions,print_options,17,3,1
Ha0Tang_GestureGAN.options,base_options,BaseOptions,parse,17,5,0
Ha0Tang_GestureGAN.options,test_options,TestOptions,initialize,13,1,1
Ha0Tang_GestureGAN.options,train_options,TrainOptions,initialize,23,1,1
Ha0Tang_GestureGAN.scripts.evaluation.IS,inception_score,,get_inception_score,29,4,2
Ha0Tang_GestureGAN.scripts.evaluation.IS,inception_score,,_init_inception,38,8,0
Ha0Tang_GestureGAN.util,get_data,GetData,__init__,7,1,2
Ha0Tang_GestureGAN.util,get_data,GetData,_print,3,2,1
Ha0Tang_GestureGAN.util,get_data,GetData,_get_options,5,1,1
Ha0Tang_GestureGAN.util,get_data,GetData,_present_options,9,2,0
Ha0Tang_GestureGAN.util,get_data,GetData,_download_data,18,4,2
Ha0Tang_GestureGAN.util,get_data,GetData,get,18,3,2
Ha0Tang_GestureGAN.util,html,HTML,__init__,12,4,3
Ha0Tang_GestureGAN.util,html,HTML,get_image_dir,2,1,0
Ha0Tang_GestureGAN.util,html,HTML,add_header,3,1,1
Ha0Tang_GestureGAN.util,html,HTML,add_table,3,1,1
Ha0Tang_GestureGAN.util,html,HTML,add_images,11,2,4
Ha0Tang_GestureGAN.util,html,HTML,save,5,1,0
Ha0Tang_GestureGAN.util,image_pool,ImagePool,__init__,5,2,1
Ha0Tang_GestureGAN.util,image_pool,ImagePool,query,21,4,1
Ha0Tang_GestureGAN.util,util,,tensor2im,10,2,2
Ha0Tang_GestureGAN.util,util,,diagnose_network,11,4,2
Ha0Tang_GestureGAN.util,util,,save_image,3,1,2
Ha0Tang_GestureGAN.util,util,,print_numpy,8,3,3
Ha0Tang_GestureGAN.util,util,,mkdirs,6,4,1
Ha0Tang_GestureGAN.util,util,,mkdir,3,2,1
Ha0Tang_GestureGAN.util,visualizer,Visualizer,__init__,20,4,1
Ha0Tang_GestureGAN.util,visualizer,Visualizer,reset,2,1,0
Ha0Tang_GestureGAN.util,visualizer,Visualizer,throw_visdom_connection_error,3,1,0
Ha0Tang_GestureGAN.util,visualizer,Visualizer,display_current_results,67,15,3
Ha0Tang_GestureGAN.util,visualizer,Visualizer,plot_current_losses,17,3,4
Ha0Tang_GestureGAN.util,visualizer,Visualizer,print_current_losses,7,2,5
Ha0Tang_GestureGAN.util,visualizer,,save_images,21,4,5
