Package,Module,Smell,Class/Module,Line no,File,Details
quantumiracle_SOTA-RL-Algorithms,sac_pendulum,Multifaceted abstraction,sac_pendulum,1,/Volumes/BrokeExt/NICHE/quantumiracle_SOTA-RL-Algorithms/sac_pendulum.py,"Class 'sac_pendulum' has a high LCOM value of 1, indicating it may have multiple responsibilities."
quantumiracle_SOTA-RL-Algorithms,sac_v2_multiprocess,Multifaceted abstraction,sac_v2_multiprocess,1,/Volumes/BrokeExt/NICHE/quantumiracle_SOTA-RL-Algorithms/sac_v2_multiprocess.py,"Class 'sac_v2_multiprocess' has a high LCOM value of 1, indicating it may have multiple responsibilities."
quantumiracle_SOTA-RL-Algorithms,sac_v2_multiprocess_multi_gpu,Multifaceted abstraction,sac_v2_multiprocess_multi_gpu,1,/Volumes/BrokeExt/NICHE/quantumiracle_SOTA-RL-Algorithms/sac_v2_multiprocess_multi_gpu.py,"Class 'sac_v2_multiprocess_multi_gpu' has a high LCOM value of 1, indicating it may have multiple responsibilities."
quantumiracle_SOTA-RL-Algorithms,td3_multiprocess,Multifaceted abstraction,td3_multiprocess,1,/Volumes/BrokeExt/NICHE/quantumiracle_SOTA-RL-Algorithms/td3_multiprocess.py,"Class 'td3_multiprocess' has a high LCOM value of 1, indicating it may have multiple responsibilities."
quantumiracle_SOTA-RL-Algorithms.POMDP.common,policy_networks,Wide hierarchy,PolicyNetworkBase,0,/Volumes/BrokeExt/NICHE/quantumiracle_SOTA-RL-Algorithms/POMDP/common/policy_networks.py,Class 'PolicyNetworkBase' has a wide hierarchy with 6 direct subclasses.
quantumiracle_SOTA-RL-Algorithms.common,policy_networks,Wide hierarchy,PolicyNetworkBase,0,/Volumes/BrokeExt/NICHE/quantumiracle_SOTA-RL-Algorithms/common/policy_networks.py,Class 'PolicyNetworkBase' has a wide hierarchy with 7 direct subclasses.
