Package,Module,Class,Smell,Function/Method,Line no,File,Details
qiskit-community_qiskit-textbook.qiskit-textbook-src,setup,,Long statement,,3,/Volumes/BrokeExt/NICHE/qiskit-community_qiskit-textbook/qiskit-textbook-src/setup.py,A line with 160 chars in setup exceeds the maximum length of 120 characters.
qiskit-community_qiskit-textbook.qiskit-textbook-src,setup,,Long statement,,7,/Volumes/BrokeExt/NICHE/qiskit-community_qiskit-textbook/qiskit-textbook-src/setup.py,A line with 240 chars in setup exceeds the maximum length of 120 characters.
qiskit-community_qiskit-textbook.qiskit-textbook-src.qiskit_textbook.games,hello_quantum,run_game,Complex method,__init__,21 - 234,/Volumes/BrokeExt/NICHE/qiskit-community_qiskit-textbook/qiskit-textbook-src/qiskit_textbook/games/hello_quantum.py,"Method '__init__' has a cyclomatic complexity of 46, exceeding the max of 6."
qiskit-community_qiskit-textbook.qiskit-textbook-src.qiskit_textbook.games,hello_quantum,pauli_grid,Complex method,__init__,250 - 303,/Volumes/BrokeExt/NICHE/qiskit-community_qiskit-textbook/qiskit-textbook-src/qiskit_textbook/games/hello_quantum.py,"Method '__init__' has a cyclomatic complexity of 7, exceeding the max of 6."
qiskit-community_qiskit-textbook.qiskit-textbook-src.qiskit_textbook.games,hello_quantum,pauli_grid,Complex method,get_rho,306 - 364,/Volumes/BrokeExt/NICHE/qiskit-community_qiskit-textbook/qiskit-textbook-src/qiskit_textbook/games/hello_quantum.py,"Method 'get_rho' has a cyclomatic complexity of 18, exceeding the max of 6."
qiskit-community_qiskit-textbook.qiskit-textbook-src.qiskit_textbook.games,hello_quantum,pauli_grid,Complex method,update_grid,370 - 521,/Volumes/BrokeExt/NICHE/qiskit-community_qiskit-textbook/qiskit-textbook-src/qiskit_textbook/games/hello_quantum.py,"Method 'update_grid' has a cyclomatic complexity of 32, exceeding the max of 6."
qiskit-community_qiskit-textbook.qiskit-textbook-src.qiskit_textbook.games,hello_quantum,run_game,Long method,__init__,21 - 234,/Volumes/BrokeExt/NICHE/qiskit-community_qiskit-textbook/qiskit-textbook-src/qiskit_textbook/games/hello_quantum.py,Method '__init__' is too long (165 lines).
qiskit-community_qiskit-textbook.qiskit-textbook-src.qiskit_textbook.games,hello_quantum,pauli_grid,Long method,get_rho,306 - 364,/Volumes/BrokeExt/NICHE/qiskit-community_qiskit-textbook/qiskit-textbook-src/qiskit_textbook/games/hello_quantum.py,Method 'get_rho' is too long (49 lines).
qiskit-community_qiskit-textbook.qiskit-textbook-src.qiskit_textbook.games,hello_quantum,pauli_grid,Long method,update_grid,370 - 521,/Volumes/BrokeExt/NICHE/qiskit-community_qiskit-textbook/qiskit-textbook-src/qiskit_textbook/games/hello_quantum.py,Method 'update_grid' is too long (123 lines).
qiskit-community_qiskit-textbook.qiskit-textbook-src.qiskit_textbook.games,hello_quantum,run_game,Long parameter list,__init__,21 - 234,/Volumes/BrokeExt/NICHE/qiskit-community_qiskit-textbook/qiskit-textbook-src/qiskit_textbook/games/hello_quantum.py,"__init__ has 10 parameters, exceeding the max of 5."
qiskit-community_qiskit-textbook.qiskit-textbook-src.qiskit_textbook.games,hello_quantum,pauli_grid,Long parameter list,update_grid,370 - 521,/Volumes/BrokeExt/NICHE/qiskit-community_qiskit-textbook/qiskit-textbook-src/qiskit_textbook/games/hello_quantum.py,"update_grid has 8 parameters, exceeding the max of 5."
qiskit-community_qiskit-textbook.qiskit-textbook-src.qiskit_textbook.games,hello_quantum,run_game,Long statement,__init__,22,/Volumes/BrokeExt/NICHE/qiskit-community_qiskit-textbook/qiskit-textbook-src/qiskit_textbook/games/hello_quantum.py,A line with 2127 chars in __init__ exceeds the maximum length of 120 characters.
qiskit-community_qiskit-textbook.qiskit-textbook-src.qiskit_textbook.games,hello_quantum,run_game,Long statement,__init__,59,/Volumes/BrokeExt/NICHE/qiskit-community_qiskit-textbook/qiskit-textbook-src/qiskit_textbook/games/hello_quantum.py,A line with 142 chars in __init__ exceeds the maximum length of 120 characters.
qiskit-community_qiskit-textbook.qiskit-textbook-src.qiskit_textbook.games,hello_quantum,run_game,Long statement,__init__,107,/Volumes/BrokeExt/NICHE/qiskit-community_qiskit-textbook/qiskit-textbook-src/qiskit_textbook/games/hello_quantum.py,A line with 140 chars in __init__ exceeds the maximum length of 120 characters.
qiskit-community_qiskit-textbook.qiskit-textbook-src.qiskit_textbook.games,hello_quantum,run_game,Long statement,__init__,206,/Volumes/BrokeExt/NICHE/qiskit-community_qiskit-textbook/qiskit-textbook-src/qiskit_textbook/games/hello_quantum.py,A line with 140 chars in __init__ exceeds the maximum length of 120 characters.
qiskit-community_qiskit-textbook.qiskit-textbook-src.qiskit_textbook.games,hello_quantum,pauli_grid,Long statement,__init__,251,/Volumes/BrokeExt/NICHE/qiskit-community_qiskit-textbook/qiskit-textbook-src/qiskit_textbook/games/hello_quantum.py,A line with 525 chars in __init__ exceeds the maximum length of 120 characters.
qiskit-community_qiskit-textbook.qiskit-textbook-src.qiskit_textbook.games,hello_quantum,pauli_grid,Long statement,__init__,285,/Volumes/BrokeExt/NICHE/qiskit-community_qiskit-textbook/qiskit-textbook-src/qiskit_textbook/games/hello_quantum.py,A line with 135 chars in __init__ exceeds the maximum length of 120 characters.
qiskit-community_qiskit-textbook.qiskit-textbook-src.qiskit_textbook.games,hello_quantum,pauli_grid,Long statement,__init__,287,/Volumes/BrokeExt/NICHE/qiskit-community_qiskit-textbook/qiskit-textbook-src/qiskit_textbook/games/hello_quantum.py,A line with 135 chars in __init__ exceeds the maximum length of 120 characters.
qiskit-community_qiskit-textbook.qiskit-textbook-src.qiskit_textbook.games,hello_quantum,pauli_grid,Long statement,update_grid,371,/Volumes/BrokeExt/NICHE/qiskit-community_qiskit-textbook/qiskit-textbook-src/qiskit_textbook/games/hello_quantum.py,A line with 866 chars in update_grid exceeds the maximum length of 120 characters.
qiskit-community_qiskit-textbook.qiskit-textbook-src.qiskit_textbook.games,hello_quantum,pauli_grid,Long statement,update_grid,407,/Volumes/BrokeExt/NICHE/qiskit-community_qiskit-textbook/qiskit-textbook-src/qiskit_textbook/games/hello_quantum.py,A line with 268 chars in update_grid exceeds the maximum length of 120 characters.
qiskit-community_qiskit-textbook.qiskit-textbook-src.qiskit_textbook.games,hello_quantum,run_game,Magic number,__init__,21,/Volumes/BrokeExt/NICHE/qiskit-community_qiskit-textbook/qiskit-textbook-src/qiskit_textbook/games/hello_quantum.py,Magic number 0.1 used in __init__.
qiskit-community_qiskit-textbook.qiskit-textbook-src.qiskit_textbook.games,hello_quantum,run_game,Magic number,__init__,21,/Volumes/BrokeExt/NICHE/qiskit-community_qiskit-textbook/qiskit-textbook-src/qiskit_textbook/games/hello_quantum.py,Magic number 1024 used in __init__.
qiskit-community_qiskit-textbook.qiskit-textbook-src.qiskit_textbook.games,hello_quantum,run_game,Magic number,__init__,129,/Volumes/BrokeExt/NICHE/qiskit-community_qiskit-textbook/qiskit-textbook-src/qiskit_textbook/games/hello_quantum.py,Magic number 2 used in __init__.
qiskit-community_qiskit-textbook.qiskit-textbook-src.qiskit_textbook.games,hello_quantum,run_game,Magic number,__init__,66,/Volumes/BrokeExt/NICHE/qiskit-community_qiskit-textbook/qiskit-textbook-src/qiskit_textbook/games/hello_quantum.py,Magic number 10 used in __init__.
qiskit-community_qiskit-textbook.qiskit-textbook-src.qiskit_textbook.games,hello_quantum,pauli_grid,Magic number,__init__,250,/Volumes/BrokeExt/NICHE/qiskit-community_qiskit-textbook/qiskit-textbook-src/qiskit_textbook/games/hello_quantum.py,Magic number 1024 used in __init__.
qiskit-community_qiskit-textbook.qiskit-textbook-src.qiskit_textbook.games,hello_quantum,pauli_grid,Magic number,__init__,290,/Volumes/BrokeExt/NICHE/qiskit-community_qiskit-textbook/qiskit-textbook-src/qiskit_textbook/games/hello_quantum.py,Magic number 5 used in __init__.
qiskit-community_qiskit-textbook.qiskit-textbook-src.qiskit_textbook.games,hello_quantum,pauli_grid,Magic number,__init__,290,/Volumes/BrokeExt/NICHE/qiskit-community_qiskit-textbook/qiskit-textbook-src/qiskit_textbook/games/hello_quantum.py,Magic number 5 used in __init__.
qiskit-community_qiskit-textbook.qiskit-textbook-src.qiskit_textbook.games,hello_quantum,pauli_grid,Magic number,__init__,292,/Volumes/BrokeExt/NICHE/qiskit-community_qiskit-textbook/qiskit-textbook-src/qiskit_textbook/games/hello_quantum.py,Magic number 6 used in __init__.
qiskit-community_qiskit-textbook.qiskit-textbook-src.qiskit_textbook.games,hello_quantum,pauli_grid,Magic number,__init__,292,/Volumes/BrokeExt/NICHE/qiskit-community_qiskit-textbook/qiskit-textbook-src/qiskit_textbook/games/hello_quantum.py,Magic number 6 used in __init__.
qiskit-community_qiskit-textbook.qiskit-textbook-src.qiskit_textbook.games,hello_quantum,pauli_grid,Magic number,__init__,267,/Volumes/BrokeExt/NICHE/qiskit-community_qiskit-textbook/qiskit-textbook-src/qiskit_textbook/games/hello_quantum.py,Magic number 2 used in __init__.
qiskit-community_qiskit-textbook.qiskit-textbook-src.qiskit_textbook.games,hello_quantum,pauli_grid,Magic number,__init__,267,/Volumes/BrokeExt/NICHE/qiskit-community_qiskit-textbook/qiskit-textbook-src/qiskit_textbook/games/hello_quantum.py,Magic number 4 used in __init__.
qiskit-community_qiskit-textbook.qiskit-textbook-src.qiskit_textbook.games,hello_quantum,pauli_grid,Magic number,__init__,267,/Volumes/BrokeExt/NICHE/qiskit-community_qiskit-textbook/qiskit-textbook-src/qiskit_textbook/games/hello_quantum.py,Magic number 2 used in __init__.
qiskit-community_qiskit-textbook.qiskit-textbook-src.qiskit_textbook.games,hello_quantum,pauli_grid,Magic number,__init__,267,/Volumes/BrokeExt/NICHE/qiskit-community_qiskit-textbook/qiskit-textbook-src/qiskit_textbook/games/hello_quantum.py,Magic number 3 used in __init__.
qiskit-community_qiskit-textbook.qiskit-textbook-src.qiskit_textbook.games,hello_quantum,pauli_grid,Magic number,__init__,267,/Volumes/BrokeExt/NICHE/qiskit-community_qiskit-textbook/qiskit-textbook-src/qiskit_textbook/games/hello_quantum.py,Magic number 4 used in __init__.
qiskit-community_qiskit-textbook.qiskit-textbook-src.qiskit_textbook.games,hello_quantum,pauli_grid,Magic number,__init__,267,/Volumes/BrokeExt/NICHE/qiskit-community_qiskit-textbook/qiskit-textbook-src/qiskit_textbook/games/hello_quantum.py,Magic number 3 used in __init__.
qiskit-community_qiskit-textbook.qiskit-textbook-src.qiskit_textbook.games,hello_quantum,pauli_grid,Magic number,__init__,267,/Volumes/BrokeExt/NICHE/qiskit-community_qiskit-textbook/qiskit-textbook-src/qiskit_textbook/games/hello_quantum.py,Magic number 2 used in __init__.
qiskit-community_qiskit-textbook.qiskit-textbook-src.qiskit_textbook.games,hello_quantum,pauli_grid,Magic number,__init__,267,/Volumes/BrokeExt/NICHE/qiskit-community_qiskit-textbook/qiskit-textbook-src/qiskit_textbook/games/hello_quantum.py,Magic number 5 used in __init__.
qiskit-community_qiskit-textbook.qiskit-textbook-src.qiskit_textbook.games,hello_quantum,pauli_grid,Magic number,__init__,267,/Volumes/BrokeExt/NICHE/qiskit-community_qiskit-textbook/qiskit-textbook-src/qiskit_textbook/games/hello_quantum.py,Magic number 5 used in __init__.
qiskit-community_qiskit-textbook.qiskit-textbook-src.qiskit_textbook.games,hello_quantum,pauli_grid,Magic number,__init__,267,/Volumes/BrokeExt/NICHE/qiskit-community_qiskit-textbook/qiskit-textbook-src/qiskit_textbook/games/hello_quantum.py,Magic number 7 used in __init__.
qiskit-community_qiskit-textbook.qiskit-textbook-src.qiskit_textbook.games,hello_quantum,pauli_grid,Magic number,__init__,268,/Volumes/BrokeExt/NICHE/qiskit-community_qiskit-textbook/qiskit-textbook-src/qiskit_textbook/games/hello_quantum.py,Magic number 5 used in __init__.
qiskit-community_qiskit-textbook.qiskit-textbook-src.qiskit_textbook.games,hello_quantum,pauli_grid,Magic number,__init__,268,/Volumes/BrokeExt/NICHE/qiskit-community_qiskit-textbook/qiskit-textbook-src/qiskit_textbook/games/hello_quantum.py,Magic number 3 used in __init__.
qiskit-community_qiskit-textbook.qiskit-textbook-src.qiskit_textbook.games,hello_quantum,pauli_grid,Magic number,__init__,268,/Volumes/BrokeExt/NICHE/qiskit-community_qiskit-textbook/qiskit-textbook-src/qiskit_textbook/games/hello_quantum.py,Magic number 2 used in __init__.
qiskit-community_qiskit-textbook.qiskit-textbook-src.qiskit_textbook.games,hello_quantum,pauli_grid,Magic number,__init__,268,/Volumes/BrokeExt/NICHE/qiskit-community_qiskit-textbook/qiskit-textbook-src/qiskit_textbook/games/hello_quantum.py,Magic number 3 used in __init__.
qiskit-community_qiskit-textbook.qiskit-textbook-src.qiskit_textbook.games,hello_quantum,pauli_grid,Magic number,__init__,268,/Volumes/BrokeExt/NICHE/qiskit-community_qiskit-textbook/qiskit-textbook-src/qiskit_textbook/games/hello_quantum.py,Magic number 4 used in __init__.
qiskit-community_qiskit-textbook.qiskit-textbook-src.qiskit_textbook.games,hello_quantum,pauli_grid,Magic number,__init__,268,/Volumes/BrokeExt/NICHE/qiskit-community_qiskit-textbook/qiskit-textbook-src/qiskit_textbook/games/hello_quantum.py,Magic number 4 used in __init__.
qiskit-community_qiskit-textbook.qiskit-textbook-src.qiskit_textbook.games,hello_quantum,pauli_grid,Magic number,__init__,268,/Volumes/BrokeExt/NICHE/qiskit-community_qiskit-textbook/qiskit-textbook-src/qiskit_textbook/games/hello_quantum.py,Magic number 6 used in __init__.
qiskit-community_qiskit-textbook.qiskit-textbook-src.qiskit_textbook.games,hello_quantum,pauli_grid,Magic number,__init__,268,/Volumes/BrokeExt/NICHE/qiskit-community_qiskit-textbook/qiskit-textbook-src/qiskit_textbook/games/hello_quantum.py,Magic number 6 used in __init__.
qiskit-community_qiskit-textbook.qiskit-textbook-src.qiskit_textbook.games,hello_quantum,pauli_grid,Magic number,__init__,270,/Volumes/BrokeExt/NICHE/qiskit-community_qiskit-textbook/qiskit-textbook-src/qiskit_textbook/games/hello_quantum.py,Magic number 2 used in __init__.
qiskit-community_qiskit-textbook.qiskit-textbook-src.qiskit_textbook.games,hello_quantum,pauli_grid,Magic number,__init__,270,/Volumes/BrokeExt/NICHE/qiskit-community_qiskit-textbook/qiskit-textbook-src/qiskit_textbook/games/hello_quantum.py,Magic number 3 used in __init__.
qiskit-community_qiskit-textbook.qiskit-textbook-src.qiskit_textbook.games,hello_quantum,pauli_grid,Magic number,__init__,270,/Volumes/BrokeExt/NICHE/qiskit-community_qiskit-textbook/qiskit-textbook-src/qiskit_textbook/games/hello_quantum.py,Magic number 2 used in __init__.
qiskit-community_qiskit-textbook.qiskit-textbook-src.qiskit_textbook.games,hello_quantum,pauli_grid,Magic number,__init__,270,/Volumes/BrokeExt/NICHE/qiskit-community_qiskit-textbook/qiskit-textbook-src/qiskit_textbook/games/hello_quantum.py,Magic number 2 used in __init__.
qiskit-community_qiskit-textbook.qiskit-textbook-src.qiskit_textbook.games,hello_quantum,pauli_grid,Magic number,__init__,270,/Volumes/BrokeExt/NICHE/qiskit-community_qiskit-textbook/qiskit-textbook-src/qiskit_textbook/games/hello_quantum.py,Magic number 3 used in __init__.
qiskit-community_qiskit-textbook.qiskit-textbook-src.qiskit_textbook.games,hello_quantum,pauli_grid,Magic number,__init__,270,/Volumes/BrokeExt/NICHE/qiskit-community_qiskit-textbook/qiskit-textbook-src/qiskit_textbook/games/hello_quantum.py,Magic number 3 used in __init__.
qiskit-community_qiskit-textbook.qiskit-textbook-src.qiskit_textbook.games,hello_quantum,pauli_grid,Magic number,__init__,270,/Volumes/BrokeExt/NICHE/qiskit-community_qiskit-textbook/qiskit-textbook-src/qiskit_textbook/games/hello_quantum.py,Magic number 4 used in __init__.
qiskit-community_qiskit-textbook.qiskit-textbook-src.qiskit_textbook.games,hello_quantum,pauli_grid,Magic number,__init__,270,/Volumes/BrokeExt/NICHE/qiskit-community_qiskit-textbook/qiskit-textbook-src/qiskit_textbook/games/hello_quantum.py,Magic number 4 used in __init__.
qiskit-community_qiskit-textbook.qiskit-textbook-src.qiskit_textbook.games,hello_quantum,pauli_grid,Magic number,__init__,270,/Volumes/BrokeExt/NICHE/qiskit-community_qiskit-textbook/qiskit-textbook-src/qiskit_textbook/games/hello_quantum.py,Magic number 5 used in __init__.
qiskit-community_qiskit-textbook.qiskit-textbook-src.qiskit_textbook.games,hello_quantum,pauli_grid,Magic number,__init__,267,/Volumes/BrokeExt/NICHE/qiskit-community_qiskit-textbook/qiskit-textbook-src/qiskit_textbook/games/hello_quantum.py,Magic number 3 used in __init__.
qiskit-community_qiskit-textbook.qiskit-textbook-src.qiskit_textbook.games,hello_quantum,pauli_grid,Magic number,__init__,267,/Volumes/BrokeExt/NICHE/qiskit-community_qiskit-textbook/qiskit-textbook-src/qiskit_textbook/games/hello_quantum.py,Magic number 2 used in __init__.
qiskit-community_qiskit-textbook.qiskit-textbook-src.qiskit_textbook.games,hello_quantum,pauli_grid,Magic number,__init__,268,/Volumes/BrokeExt/NICHE/qiskit-community_qiskit-textbook/qiskit-textbook-src/qiskit_textbook/games/hello_quantum.py,Magic number 2 used in __init__.
qiskit-community_qiskit-textbook.qiskit-textbook-src.qiskit_textbook.games,hello_quantum,pauli_grid,Magic number,__init__,270,/Volumes/BrokeExt/NICHE/qiskit-community_qiskit-textbook/qiskit-textbook-src/qiskit_textbook/games/hello_quantum.py,Magic number 2 used in __init__.
qiskit-community_qiskit-textbook.qiskit-textbook-src.qiskit_textbook.games,hello_quantum,pauli_grid,Magic number,__init__,285,/Volumes/BrokeExt/NICHE/qiskit-community_qiskit-textbook/qiskit-textbook-src/qiskit_textbook/games/hello_quantum.py,Magic number 1.6 used in __init__.
qiskit-community_qiskit-textbook.qiskit-textbook-src.qiskit_textbook.games,hello_quantum,pauli_grid,Magic number,__init__,285,/Volumes/BrokeExt/NICHE/qiskit-community_qiskit-textbook/qiskit-textbook-src/qiskit_textbook/games/hello_quantum.py,Magic number 255 used in __init__.
qiskit-community_qiskit-textbook.qiskit-textbook-src.qiskit_textbook.games,hello_quantum,pauli_grid,Magic number,__init__,285,/Volumes/BrokeExt/NICHE/qiskit-community_qiskit-textbook/qiskit-textbook-src/qiskit_textbook/games/hello_quantum.py,Magic number 72 used in __init__.
qiskit-community_qiskit-textbook.qiskit-textbook-src.qiskit_textbook.games,hello_quantum,pauli_grid,Magic number,__init__,285,/Volumes/BrokeExt/NICHE/qiskit-community_qiskit-textbook/qiskit-textbook-src/qiskit_textbook/games/hello_quantum.py,Magic number 255 used in __init__.
qiskit-community_qiskit-textbook.qiskit-textbook-src.qiskit_textbook.games,hello_quantum,pauli_grid,Magic number,__init__,285,/Volumes/BrokeExt/NICHE/qiskit-community_qiskit-textbook/qiskit-textbook-src/qiskit_textbook/games/hello_quantum.py,Magic number 138 used in __init__.
qiskit-community_qiskit-textbook.qiskit-textbook-src.qiskit_textbook.games,hello_quantum,pauli_grid,Magic number,__init__,285,/Volumes/BrokeExt/NICHE/qiskit-community_qiskit-textbook/qiskit-textbook-src/qiskit_textbook/games/hello_quantum.py,Magic number 255 used in __init__.
qiskit-community_qiskit-textbook.qiskit-textbook-src.qiskit_textbook.games,hello_quantum,pauli_grid,Magic number,__init__,285,/Volumes/BrokeExt/NICHE/qiskit-community_qiskit-textbook/qiskit-textbook-src/qiskit_textbook/games/hello_quantum.py,Magic number 132 used in __init__.
qiskit-community_qiskit-textbook.qiskit-textbook-src.qiskit_textbook.games,hello_quantum,pauli_grid,Magic number,__init__,285,/Volumes/BrokeExt/NICHE/qiskit-community_qiskit-textbook/qiskit-textbook-src/qiskit_textbook/games/hello_quantum.py,Magic number 255 used in __init__.
qiskit-community_qiskit-textbook.qiskit-textbook-src.qiskit_textbook.games,hello_quantum,pauli_grid,Magic number,__init__,285,/Volumes/BrokeExt/NICHE/qiskit-community_qiskit-textbook/qiskit-textbook-src/qiskit_textbook/games/hello_quantum.py,Magic number 177 used in __init__.
qiskit-community_qiskit-textbook.qiskit-textbook-src.qiskit_textbook.games,hello_quantum,pauli_grid,Magic number,__init__,285,/Volumes/BrokeExt/NICHE/qiskit-community_qiskit-textbook/qiskit-textbook-src/qiskit_textbook/games/hello_quantum.py,Magic number 255 used in __init__.
qiskit-community_qiskit-textbook.qiskit-textbook-src.qiskit_textbook.games,hello_quantum,pauli_grid,Magic number,__init__,285,/Volumes/BrokeExt/NICHE/qiskit-community_qiskit-textbook/qiskit-textbook-src/qiskit_textbook/games/hello_quantum.py,Magic number 236 used in __init__.
qiskit-community_qiskit-textbook.qiskit-textbook-src.qiskit_textbook.games,hello_quantum,pauli_grid,Magic number,__init__,285,/Volumes/BrokeExt/NICHE/qiskit-community_qiskit-textbook/qiskit-textbook-src/qiskit_textbook/games/hello_quantum.py,Magic number 255 used in __init__.
qiskit-community_qiskit-textbook.qiskit-textbook-src.qiskit_textbook.games,hello_quantum,pauli_grid,Magic number,__init__,285,/Volumes/BrokeExt/NICHE/qiskit-community_qiskit-textbook/qiskit-textbook-src/qiskit_textbook/games/hello_quantum.py,Magic number 33 used in __init__.
qiskit-community_qiskit-textbook.qiskit-textbook-src.qiskit_textbook.games,hello_quantum,pauli_grid,Magic number,__init__,285,/Volumes/BrokeExt/NICHE/qiskit-community_qiskit-textbook/qiskit-textbook-src/qiskit_textbook/games/hello_quantum.py,Magic number 255 used in __init__.
qiskit-community_qiskit-textbook.qiskit-textbook-src.qiskit_textbook.games,hello_quantum,pauli_grid,Magic number,__init__,285,/Volumes/BrokeExt/NICHE/qiskit-community_qiskit-textbook/qiskit-textbook-src/qiskit_textbook/games/hello_quantum.py,Magic number 114 used in __init__.
qiskit-community_qiskit-textbook.qiskit-textbook-src.qiskit_textbook.games,hello_quantum,pauli_grid,Magic number,__init__,285,/Volumes/BrokeExt/NICHE/qiskit-community_qiskit-textbook/qiskit-textbook-src/qiskit_textbook/games/hello_quantum.py,Magic number 255 used in __init__.
qiskit-community_qiskit-textbook.qiskit-textbook-src.qiskit_textbook.games,hello_quantum,pauli_grid,Magic number,__init__,285,/Volumes/BrokeExt/NICHE/qiskit-community_qiskit-textbook/qiskit-textbook-src/qiskit_textbook/games/hello_quantum.py,Magic number 216 used in __init__.
qiskit-community_qiskit-textbook.qiskit-textbook-src.qiskit_textbook.games,hello_quantum,pauli_grid,Magic number,__init__,285,/Volumes/BrokeExt/NICHE/qiskit-community_qiskit-textbook/qiskit-textbook-src/qiskit_textbook/games/hello_quantum.py,Magic number 255 used in __init__.
qiskit-community_qiskit-textbook.qiskit-textbook-src.qiskit_textbook.games,hello_quantum,pauli_grid,Magic number,__init__,287,/Volumes/BrokeExt/NICHE/qiskit-community_qiskit-textbook/qiskit-textbook-src/qiskit_textbook/games/hello_quantum.py,Magic number 1.6 used in __init__.
qiskit-community_qiskit-textbook.qiskit-textbook-src.qiskit_textbook.games,hello_quantum,pauli_grid,Magic number,__init__,287,/Volumes/BrokeExt/NICHE/qiskit-community_qiskit-textbook/qiskit-textbook-src/qiskit_textbook/games/hello_quantum.py,Magic number 255 used in __init__.
qiskit-community_qiskit-textbook.qiskit-textbook-src.qiskit_textbook.games,hello_quantum,pauli_grid,Magic number,__init__,287,/Volumes/BrokeExt/NICHE/qiskit-community_qiskit-textbook/qiskit-textbook-src/qiskit_textbook/games/hello_quantum.py,Magic number 72 used in __init__.
qiskit-community_qiskit-textbook.qiskit-textbook-src.qiskit_textbook.games,hello_quantum,pauli_grid,Magic number,__init__,287,/Volumes/BrokeExt/NICHE/qiskit-community_qiskit-textbook/qiskit-textbook-src/qiskit_textbook/games/hello_quantum.py,Magic number 255 used in __init__.
qiskit-community_qiskit-textbook.qiskit-textbook-src.qiskit_textbook.games,hello_quantum,pauli_grid,Magic number,__init__,287,/Volumes/BrokeExt/NICHE/qiskit-community_qiskit-textbook/qiskit-textbook-src/qiskit_textbook/games/hello_quantum.py,Magic number 138 used in __init__.
qiskit-community_qiskit-textbook.qiskit-textbook-src.qiskit_textbook.games,hello_quantum,pauli_grid,Magic number,__init__,287,/Volumes/BrokeExt/NICHE/qiskit-community_qiskit-textbook/qiskit-textbook-src/qiskit_textbook/games/hello_quantum.py,Magic number 255 used in __init__.
qiskit-community_qiskit-textbook.qiskit-textbook-src.qiskit_textbook.games,hello_quantum,pauli_grid,Magic number,__init__,287,/Volumes/BrokeExt/NICHE/qiskit-community_qiskit-textbook/qiskit-textbook-src/qiskit_textbook/games/hello_quantum.py,Magic number 132 used in __init__.
qiskit-community_qiskit-textbook.qiskit-textbook-src.qiskit_textbook.games,hello_quantum,pauli_grid,Magic number,__init__,287,/Volumes/BrokeExt/NICHE/qiskit-community_qiskit-textbook/qiskit-textbook-src/qiskit_textbook/games/hello_quantum.py,Magic number 255 used in __init__.
qiskit-community_qiskit-textbook.qiskit-textbook-src.qiskit_textbook.games,hello_quantum,pauli_grid,Magic number,__init__,287,/Volumes/BrokeExt/NICHE/qiskit-community_qiskit-textbook/qiskit-textbook-src/qiskit_textbook/games/hello_quantum.py,Magic number 177 used in __init__.
qiskit-community_qiskit-textbook.qiskit-textbook-src.qiskit_textbook.games,hello_quantum,pauli_grid,Magic number,__init__,287,/Volumes/BrokeExt/NICHE/qiskit-community_qiskit-textbook/qiskit-textbook-src/qiskit_textbook/games/hello_quantum.py,Magic number 255 used in __init__.
qiskit-community_qiskit-textbook.qiskit-textbook-src.qiskit_textbook.games,hello_quantum,pauli_grid,Magic number,__init__,287,/Volumes/BrokeExt/NICHE/qiskit-community_qiskit-textbook/qiskit-textbook-src/qiskit_textbook/games/hello_quantum.py,Magic number 236 used in __init__.
qiskit-community_qiskit-textbook.qiskit-textbook-src.qiskit_textbook.games,hello_quantum,pauli_grid,Magic number,__init__,287,/Volumes/BrokeExt/NICHE/qiskit-community_qiskit-textbook/qiskit-textbook-src/qiskit_textbook/games/hello_quantum.py,Magic number 255 used in __init__.
qiskit-community_qiskit-textbook.qiskit-textbook-src.qiskit_textbook.games,hello_quantum,pauli_grid,Magic number,__init__,287,/Volumes/BrokeExt/NICHE/qiskit-community_qiskit-textbook/qiskit-textbook-src/qiskit_textbook/games/hello_quantum.py,Magic number 33 used in __init__.
qiskit-community_qiskit-textbook.qiskit-textbook-src.qiskit_textbook.games,hello_quantum,pauli_grid,Magic number,__init__,287,/Volumes/BrokeExt/NICHE/qiskit-community_qiskit-textbook/qiskit-textbook-src/qiskit_textbook/games/hello_quantum.py,Magic number 255 used in __init__.
qiskit-community_qiskit-textbook.qiskit-textbook-src.qiskit_textbook.games,hello_quantum,pauli_grid,Magic number,__init__,287,/Volumes/BrokeExt/NICHE/qiskit-community_qiskit-textbook/qiskit-textbook-src/qiskit_textbook/games/hello_quantum.py,Magic number 114 used in __init__.
qiskit-community_qiskit-textbook.qiskit-textbook-src.qiskit_textbook.games,hello_quantum,pauli_grid,Magic number,__init__,287,/Volumes/BrokeExt/NICHE/qiskit-community_qiskit-textbook/qiskit-textbook-src/qiskit_textbook/games/hello_quantum.py,Magic number 255 used in __init__.
qiskit-community_qiskit-textbook.qiskit-textbook-src.qiskit_textbook.games,hello_quantum,pauli_grid,Magic number,__init__,287,/Volumes/BrokeExt/NICHE/qiskit-community_qiskit-textbook/qiskit-textbook-src/qiskit_textbook/games/hello_quantum.py,Magic number 216 used in __init__.
qiskit-community_qiskit-textbook.qiskit-textbook-src.qiskit_textbook.games,hello_quantum,pauli_grid,Magic number,__init__,287,/Volumes/BrokeExt/NICHE/qiskit-community_qiskit-textbook/qiskit-textbook-src/qiskit_textbook/games/hello_quantum.py,Magic number 255 used in __init__.
qiskit-community_qiskit-textbook.qiskit-textbook-src.qiskit_textbook.games,hello_quantum,pauli_grid,Magic number,get_rho,364,/Volumes/BrokeExt/NICHE/qiskit-community_qiskit-textbook/qiskit-textbook-src/qiskit_textbook/games/hello_quantum.py,Magic number 2 used in get_rho.
qiskit-community_qiskit-textbook.qiskit-textbook-src.qiskit_textbook.games,hello_quantum,pauli_grid,Magic number,get_rho,353,/Volumes/BrokeExt/NICHE/qiskit-community_qiskit-textbook/qiskit-textbook-src/qiskit_textbook/games/hello_quantum.py,Magic number 2 used in get_rho.
qiskit-community_qiskit-textbook.qiskit-textbook-src.qiskit_textbook.games,hello_quantum,pauli_grid,Magic number,get_rho,354,/Volumes/BrokeExt/NICHE/qiskit-community_qiskit-textbook/qiskit-textbook-src/qiskit_textbook/games/hello_quantum.py,Magic number 2 used in get_rho.
qiskit-community_qiskit-textbook.qiskit-textbook-src.qiskit_textbook.games,hello_quantum,pauli_grid,Magic number,update_grid,452,/Volumes/BrokeExt/NICHE/qiskit-community_qiskit-textbook/qiskit-textbook-src/qiskit_textbook/games/hello_quantum.py,Magic number 0.6 used in update_grid.
qiskit-community_qiskit-textbook.qiskit-textbook-src.qiskit_textbook.games,hello_quantum,pauli_grid,Magic number,update_grid,449,/Volumes/BrokeExt/NICHE/qiskit-community_qiskit-textbook/qiskit-textbook-src/qiskit_textbook/games/hello_quantum.py,Magic number 0.98 used in update_grid.
qiskit-community_qiskit-textbook.qiskit-textbook-src.qiskit_textbook.games,hello_quantum,pauli_grid,Magic number,update_grid,450,/Volumes/BrokeExt/NICHE/qiskit-community_qiskit-textbook/qiskit-textbook-src/qiskit_textbook/games/hello_quantum.py,Magic number 0.75 used in update_grid.
qiskit-community_qiskit-textbook.qiskit-textbook-src.qiskit_textbook.games,hello_quantum,pauli_grid,Magic number,update_grid,451,/Volumes/BrokeExt/NICHE/qiskit-community_qiskit-textbook/qiskit-textbook-src/qiskit_textbook/games/hello_quantum.py,Magic number 0.12 used in update_grid.
qiskit-community_qiskit-textbook.qiskit-textbook-src.qiskit_textbook.games,hello_quantum,pauli_grid,Magic number,update_grid,416,/Volumes/BrokeExt/NICHE/qiskit-community_qiskit-textbook/qiskit-textbook-src/qiskit_textbook/games/hello_quantum.py,Magic number 2 used in update_grid.
qiskit-community_qiskit-textbook.qiskit-textbook-src.qiskit_textbook.games,hello_quantum,pauli_grid,Magic number,update_grid,464,/Volumes/BrokeExt/NICHE/qiskit-community_qiskit-textbook/qiskit-textbook-src/qiskit_textbook/games/hello_quantum.py,Magic number 2 used in update_grid.
qiskit-community_qiskit-textbook.qiskit-textbook-src.qiskit_textbook.games,hello_quantum,pauli_grid,Magic number,update_grid,474,/Volumes/BrokeExt/NICHE/qiskit-community_qiskit-textbook/qiskit-textbook-src/qiskit_textbook/games/hello_quantum.py,Magic number 2 used in update_grid.
qiskit-community_qiskit-textbook.qiskit-textbook-src.qiskit_textbook.games,hello_quantum,pauli_grid,Magic number,update_grid,421,/Volumes/BrokeExt/NICHE/qiskit-community_qiskit-textbook/qiskit-textbook-src/qiskit_textbook/games/hello_quantum.py,Magic number 2 used in update_grid.
qiskit-community_qiskit-textbook.qiskit-textbook-src.qiskit_textbook.games,hello_quantum,pauli_grid,Magic number,update_grid,421,/Volumes/BrokeExt/NICHE/qiskit-community_qiskit-textbook/qiskit-textbook-src/qiskit_textbook/games/hello_quantum.py,Magic number 2 used in update_grid.
qiskit-community_qiskit-textbook.qiskit-textbook-src.qiskit_textbook.games,hello_quantum,pauli_grid,Magic number,update_grid,422,/Volumes/BrokeExt/NICHE/qiskit-community_qiskit-textbook/qiskit-textbook-src/qiskit_textbook/games/hello_quantum.py,Magic number 2 used in update_grid.
qiskit-community_qiskit-textbook.qiskit-textbook-src.qiskit_textbook.games,hello_quantum,pauli_grid,Magic number,update_grid,422,/Volumes/BrokeExt/NICHE/qiskit-community_qiskit-textbook/qiskit-textbook-src/qiskit_textbook/games/hello_quantum.py,Magic number 2 used in update_grid.
qiskit-community_qiskit-textbook.qiskit-textbook-src.qiskit_textbook.games,hello_quantum,pauli_grid,Magic number,update_grid,488,/Volumes/BrokeExt/NICHE/qiskit-community_qiskit-textbook/qiskit-textbook-src/qiskit_textbook/games/hello_quantum.py,Magic number 0.05 used in update_grid.
qiskit-community_qiskit-textbook.qiskit-textbook-src.qiskit_textbook.games,hello_quantum,pauli_grid,Magic number,update_grid,488,/Volumes/BrokeExt/NICHE/qiskit-community_qiskit-textbook/qiskit-textbook-src/qiskit_textbook/games/hello_quantum.py,Magic number 0.04 used in update_grid.
qiskit-community_qiskit-textbook.qiskit-textbook-src.qiskit_textbook.games,hello_quantum,pauli_grid,Magic number,update_grid,430,/Volumes/BrokeExt/NICHE/qiskit-community_qiskit-textbook/qiskit-textbook-src/qiskit_textbook/games/hello_quantum.py,Magic number 2 used in update_grid.
qiskit-community_qiskit-textbook.qiskit-textbook-src.qiskit_textbook.games,hello_quantum,pauli_grid,Magic number,update_grid,430,/Volumes/BrokeExt/NICHE/qiskit-community_qiskit-textbook/qiskit-textbook-src/qiskit_textbook/games/hello_quantum.py,Magic number 2 used in update_grid.
qiskit-community_qiskit-textbook.qiskit-textbook-src.qiskit_textbook.games,hello_quantum,pauli_grid,Magic number,update_grid,431,/Volumes/BrokeExt/NICHE/qiskit-community_qiskit-textbook/qiskit-textbook-src/qiskit_textbook/games/hello_quantum.py,Magic number 2 used in update_grid.
qiskit-community_qiskit-textbook.qiskit-textbook-src.qiskit_textbook.games,hello_quantum,pauli_grid,Magic number,update_grid,431,/Volumes/BrokeExt/NICHE/qiskit-community_qiskit-textbook/qiskit-textbook-src/qiskit_textbook/games/hello_quantum.py,Magic number 2 used in update_grid.
qiskit-community_qiskit-textbook.qiskit-textbook-src.qiskit_textbook.games,hello_quantum,pauli_grid,Magic number,update_grid,440,/Volumes/BrokeExt/NICHE/qiskit-community_qiskit-textbook/qiskit-textbook-src/qiskit_textbook/games/hello_quantum.py,Magic number 2 used in update_grid.
qiskit-community_qiskit-textbook.qiskit-textbook-src.qiskit_textbook.games,hello_quantum,pauli_grid,Magic number,update_grid,440,/Volumes/BrokeExt/NICHE/qiskit-community_qiskit-textbook/qiskit-textbook-src/qiskit_textbook/games/hello_quantum.py,Magic number 2 used in update_grid.
qiskit-community_qiskit-textbook.qiskit-textbook-src.qiskit_textbook.games,hello_quantum,pauli_grid,Magic number,update_grid,441,/Volumes/BrokeExt/NICHE/qiskit-community_qiskit-textbook/qiskit-textbook-src/qiskit_textbook/games/hello_quantum.py,Magic number 2 used in update_grid.
qiskit-community_qiskit-textbook.qiskit-textbook-src.qiskit_textbook.games,hello_quantum,pauli_grid,Magic number,update_grid,441,/Volumes/BrokeExt/NICHE/qiskit-community_qiskit-textbook/qiskit-textbook-src/qiskit_textbook/games/hello_quantum.py,Magic number 2 used in update_grid.
qiskit-community_qiskit-textbook.qiskit-textbook-src.qiskit_textbook.games,hello_quantum,pauli_grid,Magic number,update_grid,487,/Volumes/BrokeExt/NICHE/qiskit-community_qiskit-textbook/qiskit-textbook-src/qiskit_textbook/games/hello_quantum.py,Magic number 0.5 used in update_grid.
qiskit-community_qiskit-textbook.qiskit-textbook-src.qiskit_textbook.games,hello_quantum,pauli_grid,Magic number,update_grid,487,/Volumes/BrokeExt/NICHE/qiskit-community_qiskit-textbook/qiskit-textbook-src/qiskit_textbook/games/hello_quantum.py,Magic number 0.5 used in update_grid.
qiskit-community_qiskit-textbook.qiskit-textbook-src.qiskit_textbook.games,qiskit_game_engine,QiskitGameEngine,Long method,__init__,56 - 115,/Volumes/BrokeExt/NICHE/qiskit-community_qiskit-textbook/qiskit-textbook-src/qiskit_textbook/games/qiskit_game_engine.py,Method '__init__' is too long (47 lines).
qiskit-community_qiskit-textbook.qiskit-textbook-src.qiskit_textbook.games,qiskit_game_engine,QiskitGameEngine,Long statement,__init__,80,/Volumes/BrokeExt/NICHE/qiskit-community_qiskit-textbook/qiskit-textbook-src/qiskit_textbook/games/qiskit_game_engine.py,A line with 221 chars in __init__ exceeds the maximum length of 120 characters.
qiskit-community_qiskit-textbook.qiskit-textbook-src.qiskit_textbook.games,qiskit_game_engine,Screen,Magic number,__init__,34,/Volumes/BrokeExt/NICHE/qiskit-community_qiskit-textbook/qiskit-textbook-src/qiskit_textbook/games/qiskit_game_engine.py,Magic number 8 used in __init__.
qiskit-community_qiskit-textbook.qiskit-textbook-src.qiskit_textbook.games,qiskit_game_engine,QiskitGameEngine,Magic number,__init__,56,/Volumes/BrokeExt/NICHE/qiskit-community_qiskit-textbook/qiskit-textbook-src/qiskit_textbook/games/qiskit_game_engine.py,Magic number 8 used in __init__.
qiskit-community_qiskit-textbook.qiskit-textbook-src.qiskit_textbook.problems,__init__,,Complex method,dj_problem_oracle,5 - 29,/Volumes/BrokeExt/NICHE/qiskit-community_qiskit-textbook/qiskit-textbook-src/qiskit_textbook/problems/__init__.py,"Method 'dj_problem_oracle' has a cyclomatic complexity of 7, exceeding the max of 6."
qiskit-community_qiskit-textbook.qiskit-textbook-src.qiskit_textbook.problems,__init__,,Complex method,hsp_oracle,31 - 85,/Volumes/BrokeExt/NICHE/qiskit-community_qiskit-textbook/qiskit-textbook-src/qiskit_textbook/problems/__init__.py,"Method 'hsp_oracle' has a cyclomatic complexity of 12, exceeding the max of 6."
qiskit-community_qiskit-textbook.qiskit-textbook-src.qiskit_textbook.problems,__init__,,Long statement,hsp_oracle,37,/Volumes/BrokeExt/NICHE/qiskit-community_qiskit-textbook/qiskit-textbook-src/qiskit_textbook/problems/__init__.py,A line with 536 chars in hsp_oracle exceeds the maximum length of 120 characters.
qiskit-community_qiskit-textbook.qiskit-textbook-src.qiskit_textbook.problems,__init__,,Magic number,dj_problem_oracle,12,/Volumes/BrokeExt/NICHE/qiskit-community_qiskit-textbook/qiskit-textbook-src/qiskit_textbook/problems/__init__.py,Magic number 2 used in dj_problem_oracle.
qiskit-community_qiskit-textbook.qiskit-textbook-src.qiskit_textbook.problems,__init__,,Magic number,dj_problem_oracle,15,/Volumes/BrokeExt/NICHE/qiskit-community_qiskit-textbook/qiskit-textbook-src/qiskit_textbook/problems/__init__.py,Magic number 3 used in dj_problem_oracle.
qiskit-community_qiskit-textbook.qiskit-textbook-src.qiskit_textbook.problems,__init__,,Magic number,dj_problem_oracle,22,/Volumes/BrokeExt/NICHE/qiskit-community_qiskit-textbook/qiskit-textbook-src/qiskit_textbook/problems/__init__.py,Magic number 4 used in dj_problem_oracle.
qiskit-community_qiskit-textbook.qiskit-textbook-src.qiskit_textbook.problems,__init__,,Magic number,hsp_oracle,51,/Volumes/BrokeExt/NICHE/qiskit-community_qiskit-textbook/qiskit-textbook-src/qiskit_textbook/problems/__init__.py,Magic number 4 used in hsp_oracle.
qiskit-community_qiskit-textbook.qiskit-textbook-src.qiskit_textbook.problems,__init__,,Magic number,grover_problem_oracle,89,/Volumes/BrokeExt/NICHE/qiskit-community_qiskit-textbook/qiskit-textbook-src/qiskit_textbook/problems/__init__.py,Magic number 3 used in grover_problem_oracle.
qiskit-community_qiskit-textbook.qiskit-textbook-src.qiskit_textbook.problems,__init__,,Magic number,grover_problem_oracle,93,/Volumes/BrokeExt/NICHE/qiskit-community_qiskit-textbook/qiskit-textbook-src/qiskit_textbook/problems/__init__.py,Magic number 2 used in grover_problem_oracle.
qiskit-community_qiskit-textbook.qiskit-textbook-src.qiskit_textbook.tools,__init__,,Complex method,unitary2latex,44 - 63,/Volumes/BrokeExt/NICHE/qiskit-community_qiskit-textbook/qiskit-textbook-src/qiskit_textbook/tools/__init__.py,"Method 'unitary2latex' has a cyclomatic complexity of 7, exceeding the max of 6."
qiskit-community_qiskit-textbook.qiskit-textbook-src.qiskit_textbook.tools,__init__,,Complex method,num_to_latex,86 - 162,/Volumes/BrokeExt/NICHE/qiskit-community_qiskit-textbook/qiskit-textbook-src/qiskit_textbook/tools/__init__.py,"Method 'num_to_latex' has a cyclomatic complexity of 7, exceeding the max of 6."
qiskit-community_qiskit-textbook.qiskit-textbook-src.qiskit_textbook.tools,__init__,,Long method,num_to_latex,86 - 162,/Volumes/BrokeExt/NICHE/qiskit-community_qiskit-textbook/qiskit-textbook-src/qiskit_textbook/tools/__init__.py,Method 'num_to_latex' is too long (64 lines).
qiskit-community_qiskit-textbook.qiskit-textbook-src.qiskit_textbook.tools,__init__,,Long statement,num_to_latex,87,/Volumes/BrokeExt/NICHE/qiskit-community_qiskit-textbook/qiskit-textbook-src/qiskit_textbook/tools/__init__.py,A line with 404 chars in num_to_latex exceeds the maximum length of 120 characters.
qiskit-community_qiskit-textbook.qiskit-textbook-src.qiskit_textbook.tools,__init__,,Long statement,vector_to_latex,165,/Volumes/BrokeExt/NICHE/qiskit-community_qiskit-textbook/qiskit-textbook-src/qiskit_textbook/tools/__init__.py,A line with 460 chars in vector_to_latex exceeds the maximum length of 120 characters.
qiskit-community_qiskit-textbook.qiskit-textbook-src.qiskit_textbook.tools,__init__,,Long statement,matrix_to_latex,186,/Volumes/BrokeExt/NICHE/qiskit-community_qiskit-textbook/qiskit-textbook-src/qiskit_textbook/tools/__init__.py,A line with 464 chars in matrix_to_latex exceeds the maximum length of 120 characters.
qiskit-community_qiskit-textbook.qiskit-textbook-src.qiskit_textbook.tools,__init__,,Long statement,array_to_latex,208,/Volumes/BrokeExt/NICHE/qiskit-community_qiskit-textbook/qiskit-textbook-src/qiskit_textbook/tools/__init__.py,A line with 784 chars in array_to_latex exceeds the maximum length of 120 characters.
qiskit-community_qiskit-textbook.qiskit-textbook-src.qiskit_textbook.tools,__init__,,Magic number,vector2latex,8,/Volumes/BrokeExt/NICHE/qiskit-community_qiskit-textbook/qiskit-textbook-src/qiskit_textbook/tools/__init__.py,Magic number 5 used in vector2latex.
qiskit-community_qiskit-textbook.qiskit-textbook-src.qiskit_textbook.tools,__init__,,Magic number,vector2latex,19,/Volumes/BrokeExt/NICHE/qiskit-community_qiskit-textbook/qiskit-textbook-src/qiskit_textbook/tools/__init__.py,Magic number 4 used in vector2latex.
qiskit-community_qiskit-textbook.qiskit-textbook-src.qiskit_textbook.tools,__init__,,Magic number,unitary2latex,44,/Volumes/BrokeExt/NICHE/qiskit-community_qiskit-textbook/qiskit-textbook-src/qiskit_textbook/tools/__init__.py,Magic number 5 used in unitary2latex.
qiskit-community_qiskit-textbook.qiskit-textbook-src.qiskit_textbook.tools,__init__,,Magic number,unitary2latex,57,/Volumes/BrokeExt/NICHE/qiskit-community_qiskit-textbook/qiskit-textbook-src/qiskit_textbook/tools/__init__.py,Magic number 2 used in unitary2latex.
qiskit-community_qiskit-textbook.qiskit-textbook-src.qiskit_textbook.tools,__init__,,Magic number,random_state,76,/Volumes/BrokeExt/NICHE/qiskit-community_qiskit-textbook/qiskit-textbook-src/qiskit_textbook/tools/__init__.py,Magic number 1j used in random_state.
qiskit-community_qiskit-textbook.qiskit-textbook-src.qiskit_textbook.tools,__init__,,Magic number,random_state,80,/Volumes/BrokeExt/NICHE/qiskit-community_qiskit-textbook/qiskit-textbook-src/qiskit_textbook/tools/__init__.py,Magic number 2 used in random_state.
qiskit-community_qiskit-textbook.qiskit-textbook-src.qiskit_textbook.tools,__init__,,Magic number,num_to_latex,86,/Volumes/BrokeExt/NICHE/qiskit-community_qiskit-textbook/qiskit-textbook-src/qiskit_textbook/tools/__init__.py,Magic number 5 used in num_to_latex.
qiskit-community_qiskit-textbook.qiskit-textbook-src.qiskit_textbook.tools,__init__,,Magic number,num_to_latex,130,/Volumes/BrokeExt/NICHE/qiskit-community_qiskit-textbook/qiskit-textbook-src/qiskit_textbook/tools/__init__.py,Magic number 20 used in num_to_latex.
qiskit-community_qiskit-textbook.qiskit-textbook-src.qiskit_textbook.tools,__init__,,Magic number,vector_to_latex,164,/Volumes/BrokeExt/NICHE/qiskit-community_qiskit-textbook/qiskit-textbook-src/qiskit_textbook/tools/__init__.py,Magic number 5 used in vector_to_latex.
qiskit-community_qiskit-textbook.qiskit-textbook-src.qiskit_textbook.tools,__init__,,Magic number,vector_to_latex,181,/Volumes/BrokeExt/NICHE/qiskit-community_qiskit-textbook/qiskit-textbook-src/qiskit_textbook/tools/__init__.py,Magic number 4 used in vector_to_latex.
qiskit-community_qiskit-textbook.qiskit-textbook-src.qiskit_textbook.tools,__init__,,Magic number,matrix_to_latex,185,/Volumes/BrokeExt/NICHE/qiskit-community_qiskit-textbook/qiskit-textbook-src/qiskit_textbook/tools/__init__.py,Magic number 5 used in matrix_to_latex.
qiskit-community_qiskit-textbook.qiskit-textbook-src.qiskit_textbook.tools,__init__,,Magic number,matrix_to_latex,202,/Volumes/BrokeExt/NICHE/qiskit-community_qiskit-textbook/qiskit-textbook-src/qiskit_textbook/tools/__init__.py,Magic number 2 used in matrix_to_latex.
qiskit-community_qiskit-textbook.qiskit-textbook-src.qiskit_textbook.tools,__init__,,Magic number,array_to_latex,207,/Volumes/BrokeExt/NICHE/qiskit-community_qiskit-textbook/qiskit-textbook-src/qiskit_textbook/tools/__init__.py,Magic number 5 used in array_to_latex.
qiskit-community_qiskit-textbook.qiskit-textbook-src.qiskit_textbook.tools,__init__,,Magic number,array_to_latex,230,/Volumes/BrokeExt/NICHE/qiskit-community_qiskit-textbook/qiskit-textbook-src/qiskit_textbook/tools/__init__.py,Magic number 2 used in array_to_latex.
qiskit-community_qiskit-textbook.qiskit-textbook-src.qiskit_textbook.widgets,__init__,,Complex conditional,bv_widget,310,/Volumes/BrokeExt/NICHE/qiskit-community_qiskit-textbook/qiskit-textbook-src/qiskit_textbook/widgets/__init__.py,"A conditional in bv_widget has 4 conditions, more than the recommended maximum 3 conditions."
qiskit-community_qiskit-textbook.qiskit-textbook-src.qiskit_textbook.widgets,__init__,,Complex conditional,dj_widget,477,/Volumes/BrokeExt/NICHE/qiskit-community_qiskit-textbook/qiskit-textbook-src/qiskit_textbook/widgets/__init__.py,"A conditional in dj_widget has 4 conditions, more than the recommended maximum 3 conditions."
qiskit-community_qiskit-textbook.qiskit-textbook-src.qiskit_textbook.widgets,__init__,,Complex method,gate_demo,156 - 229,/Volumes/BrokeExt/NICHE/qiskit-community_qiskit-textbook/qiskit-textbook-src/qiskit_textbook/widgets/__init__.py,"Method 'gate_demo' has a cyclomatic complexity of 13, exceeding the max of 6."
qiskit-community_qiskit-textbook.qiskit-textbook-src.qiskit_textbook.widgets,__init__,,Complex method,bv_widget,232 - 374,/Volumes/BrokeExt/NICHE/qiskit-community_qiskit-textbook/qiskit-textbook-src/qiskit_textbook/widgets/__init__.py,"Method 'bv_widget' has a cyclomatic complexity of 31, exceeding the max of 6."
qiskit-community_qiskit-textbook.qiskit-textbook-src.qiskit_textbook.widgets,__init__,,Complex method,dj_widget,377 - 537,/Volumes/BrokeExt/NICHE/qiskit-community_qiskit-textbook/qiskit-textbook-src/qiskit_textbook/widgets/__init__.py,"Method 'dj_widget' has a cyclomatic complexity of 32, exceeding the max of 6."
qiskit-community_qiskit-textbook.qiskit-textbook-src.qiskit_textbook.widgets,__init__,,Long method,gate_demo,156 - 229,/Volumes/BrokeExt/NICHE/qiskit-community_qiskit-textbook/qiskit-textbook-src/qiskit_textbook/widgets/__init__.py,Method 'gate_demo' is too long (68 lines).
qiskit-community_qiskit-textbook.qiskit-textbook-src.qiskit_textbook.widgets,__init__,,Long method,bv_widget,232 - 374,/Volumes/BrokeExt/NICHE/qiskit-community_qiskit-textbook/qiskit-textbook-src/qiskit_textbook/widgets/__init__.py,Method 'bv_widget' is too long (134 lines).
qiskit-community_qiskit-textbook.qiskit-textbook-src.qiskit_textbook.widgets,__init__,,Long method,dj_widget,377 - 537,/Volumes/BrokeExt/NICHE/qiskit-community_qiskit-textbook/qiskit-textbook-src/qiskit_textbook/widgets/__init__.py,Method 'dj_widget' is too long (152 lines).
qiskit-community_qiskit-textbook.qiskit-textbook-src.qiskit_textbook.widgets,__init__,,Long statement,binary_widget,17,/Volumes/BrokeExt/NICHE/qiskit-community_qiskit-textbook/qiskit-textbook-src/qiskit_textbook/widgets/__init__.py,A line with 145 chars in binary_widget exceeds the maximum length of 120 characters.
qiskit-community_qiskit-textbook.qiskit-textbook-src.qiskit_textbook.widgets,__init__,,Long statement,binary_widget,23,/Volumes/BrokeExt/NICHE/qiskit-community_qiskit-textbook/qiskit-textbook-src/qiskit_textbook/widgets/__init__.py,A line with 125 chars in binary_widget exceeds the maximum length of 120 characters.
qiskit-community_qiskit-textbook.qiskit-textbook-src.qiskit_textbook.widgets,__init__,,Long statement,scalable_circuit,135,/Volumes/BrokeExt/NICHE/qiskit-community_qiskit-textbook/qiskit-textbook-src/qiskit_textbook/widgets/__init__.py,A line with 132 chars in scalable_circuit exceeds the maximum length of 120 characters.
qiskit-community_qiskit-textbook.qiskit-textbook-src.qiskit_textbook.widgets,__init__,,Long statement,bv_widget,256,/Volumes/BrokeExt/NICHE/qiskit-community_qiskit-textbook/qiskit-textbook-src/qiskit_textbook/widgets/__init__.py,A line with 395 chars in bv_widget exceeds the maximum length of 120 characters.
qiskit-community_qiskit-textbook.qiskit-textbook-src.qiskit_textbook.widgets,__init__,,Long statement,dj_widget,423,/Volumes/BrokeExt/NICHE/qiskit-community_qiskit-textbook/qiskit-textbook-src/qiskit_textbook/widgets/__init__.py,A line with 395 chars in dj_widget exceeds the maximum length of 120 characters.
qiskit-community_qiskit-textbook.qiskit-textbook-src.qiskit_textbook.widgets,__init__,,Magic number,binary_widget,12,/Volumes/BrokeExt/NICHE/qiskit-community_qiskit-textbook/qiskit-textbook-src/qiskit_textbook/widgets/__init__.py,Magic number 5 used in binary_widget.
qiskit-community_qiskit-textbook.qiskit-textbook-src.qiskit_textbook.widgets,__init__,,Magic number,binary_widget,38,/Volumes/BrokeExt/NICHE/qiskit-community_qiskit-textbook/qiskit-textbook-src/qiskit_textbook/widgets/__init__.py,Magic number 2 used in binary_widget.
qiskit-community_qiskit-textbook.qiskit-textbook-src.qiskit_textbook.widgets,__init__,,Magic number,binary_widget,32,/Volumes/BrokeExt/NICHE/qiskit-community_qiskit-textbook/qiskit-textbook-src/qiskit_textbook/widgets/__init__.py,Magic number 2 used in binary_widget.
qiskit-community_qiskit-textbook.qiskit-textbook-src.qiskit_textbook.widgets,__init__,,Magic number,state_vector_exercise,63,/Volumes/BrokeExt/NICHE/qiskit-community_qiskit-textbook/qiskit-textbook-src/qiskit_textbook/widgets/__init__.py,Magic number 2 used in state_vector_exercise.
qiskit-community_qiskit-textbook.qiskit-textbook-src.qiskit_textbook.widgets,__init__,,Magic number,state_vector_exercise,62,/Volumes/BrokeExt/NICHE/qiskit-community_qiskit-textbook/qiskit-textbook-src/qiskit_textbook/widgets/__init__.py,Magic number 2 used in state_vector_exercise.
qiskit-community_qiskit-textbook.qiskit-textbook-src.qiskit_textbook.widgets,__init__,,Magic number,state_vector_exercise,62,/Volumes/BrokeExt/NICHE/qiskit-community_qiskit-textbook/qiskit-textbook-src/qiskit_textbook/widgets/__init__.py,Magic number 2 used in state_vector_exercise.
qiskit-community_qiskit-textbook.qiskit-textbook-src.qiskit_textbook.widgets,__init__,,Magic number,state_vector_exercise,64,/Volumes/BrokeExt/NICHE/qiskit-community_qiskit-textbook/qiskit-textbook-src/qiskit_textbook/widgets/__init__.py,Magic number 1.01 used in state_vector_exercise.
qiskit-community_qiskit-textbook.qiskit-textbook-src.qiskit_textbook.widgets,__init__,,Magic number,state_vector_exercise,64,/Volumes/BrokeExt/NICHE/qiskit-community_qiskit-textbook/qiskit-textbook-src/qiskit_textbook/widgets/__init__.py,Magic number 0.99 used in state_vector_exercise.
qiskit-community_qiskit-textbook.qiskit-textbook-src.qiskit_textbook.widgets,__init__,,Magic number,state_vector_exercise,67,/Volumes/BrokeExt/NICHE/qiskit-community_qiskit-textbook/qiskit-textbook-src/qiskit_textbook/widgets/__init__.py,Magic number 0.99 used in state_vector_exercise.
qiskit-community_qiskit-textbook.qiskit-textbook-src.qiskit_textbook.widgets,__init__,,Magic number,state_vector_exercise,67,/Volumes/BrokeExt/NICHE/qiskit-community_qiskit-textbook/qiskit-textbook-src/qiskit_textbook/widgets/__init__.py,Magic number 1.01 used in state_vector_exercise.
qiskit-community_qiskit-textbook.qiskit-textbook-src.qiskit_textbook.widgets,__init__,,Magic number,bloch_calc,104,/Volumes/BrokeExt/NICHE/qiskit-community_qiskit-textbook/qiskit-textbook-src/qiskit_textbook/widgets/__init__.py,Magic number 0.0001 used in bloch_calc.
qiskit-community_qiskit-textbook.qiskit-textbook-src.qiskit_textbook.widgets,__init__,,Magic number,bloch_calc,106,/Volumes/BrokeExt/NICHE/qiskit-community_qiskit-textbook/qiskit-textbook-src/qiskit_textbook/widgets/__init__.py,Magic number 0.0001 used in bloch_calc.
qiskit-community_qiskit-textbook.qiskit-textbook-src.qiskit_textbook.widgets,__init__,,Magic number,bloch_calc,108,/Volumes/BrokeExt/NICHE/qiskit-community_qiskit-textbook/qiskit-textbook-src/qiskit_textbook/widgets/__init__.py,Magic number 0.0001 used in bloch_calc.
qiskit-community_qiskit-textbook.qiskit-textbook-src.qiskit_textbook.widgets,__init__,,Magic number,plot_bloch_vector_spherical,126,/Volumes/BrokeExt/NICHE/qiskit-community_qiskit-textbook/qiskit-textbook-src/qiskit_textbook/widgets/__init__.py,Magic number 2 used in plot_bloch_vector_spherical.
qiskit-community_qiskit-textbook.qiskit-textbook-src.qiskit_textbook.widgets,__init__,,Magic number,bv_widget,308,/Volumes/BrokeExt/NICHE/qiskit-community_qiskit-textbook/qiskit-textbook-src/qiskit_textbook/widgets/__init__.py,Magic number 5000 used in bv_widget.
qiskit-community_qiskit-textbook.qiskit-textbook-src.qiskit_textbook.widgets,__init__,,Magic number,bv_widget,307,/Volumes/BrokeExt/NICHE/qiskit-community_qiskit-textbook/qiskit-textbook-src/qiskit_textbook/widgets/__init__.py,Magic number 2 used in bv_widget.
qiskit-community_qiskit-textbook.qiskit-textbook-src.qiskit_textbook.widgets,__init__,,Magic number,bv_widget,272,/Volumes/BrokeExt/NICHE/qiskit-community_qiskit-textbook/qiskit-textbook-src/qiskit_textbook/widgets/__init__.py,Magic number 2 used in bv_widget.
qiskit-community_qiskit-textbook.qiskit-textbook-src.qiskit_textbook.widgets,__init__,,Magic number,bv_widget,273,/Volumes/BrokeExt/NICHE/qiskit-community_qiskit-textbook/qiskit-textbook-src/qiskit_textbook/widgets/__init__.py,Magic number 2 used in bv_widget.
qiskit-community_qiskit-textbook.qiskit-textbook-src.qiskit_textbook.widgets,__init__,,Magic number,bv_widget,310,/Volumes/BrokeExt/NICHE/qiskit-community_qiskit-textbook/qiskit-textbook-src/qiskit_textbook/widgets/__init__.py,Magic number 9 used in bv_widget.
qiskit-community_qiskit-textbook.qiskit-textbook-src.qiskit_textbook.widgets,__init__,,Magic number,bv_widget,344,/Volumes/BrokeExt/NICHE/qiskit-community_qiskit-textbook/qiskit-textbook-src/qiskit_textbook/widgets/__init__.py,Magic number 18 used in bv_widget.
qiskit-community_qiskit-textbook.qiskit-textbook-src.qiskit_textbook.widgets,__init__,,Magic number,bv_widget,351,/Volumes/BrokeExt/NICHE/qiskit-community_qiskit-textbook/qiskit-textbook-src/qiskit_textbook/widgets/__init__.py,Magic number 18 used in bv_widget.
qiskit-community_qiskit-textbook.qiskit-textbook-src.qiskit_textbook.widgets,__init__,,Magic number,bv_widget,272,/Volumes/BrokeExt/NICHE/qiskit-community_qiskit-textbook/qiskit-textbook-src/qiskit_textbook/widgets/__init__.py,Magic number 2 used in bv_widget.
qiskit-community_qiskit-textbook.qiskit-textbook-src.qiskit_textbook.widgets,__init__,,Magic number,bv_widget,273,/Volumes/BrokeExt/NICHE/qiskit-community_qiskit-textbook/qiskit-textbook-src/qiskit_textbook/widgets/__init__.py,Magic number 2 used in bv_widget.
qiskit-community_qiskit-textbook.qiskit-textbook-src.qiskit_textbook.widgets,__init__,,Magic number,bv_widget,301,/Volumes/BrokeExt/NICHE/qiskit-community_qiskit-textbook/qiskit-textbook-src/qiskit_textbook/widgets/__init__.py,Magic number 2 used in bv_widget.
qiskit-community_qiskit-textbook.qiskit-textbook-src.qiskit_textbook.widgets,__init__,,Magic number,dj_widget,393,/Volumes/BrokeExt/NICHE/qiskit-community_qiskit-textbook/qiskit-textbook-src/qiskit_textbook/widgets/__init__.py,Magic number 2 used in dj_widget.
qiskit-community_qiskit-textbook.qiskit-textbook-src.qiskit_textbook.widgets,__init__,,Magic number,dj_widget,417,/Volumes/BrokeExt/NICHE/qiskit-community_qiskit-textbook/qiskit-textbook-src/qiskit_textbook/widgets/__init__.py,Magic number 3 used in dj_widget.
qiskit-community_qiskit-textbook.qiskit-textbook-src.qiskit_textbook.widgets,__init__,,Magic number,dj_widget,419,/Volumes/BrokeExt/NICHE/qiskit-community_qiskit-textbook/qiskit-textbook-src/qiskit_textbook/widgets/__init__.py,Magic number 5 used in dj_widget.
qiskit-community_qiskit-textbook.qiskit-textbook-src.qiskit_textbook.widgets,__init__,,Magic number,dj_widget,475,/Volumes/BrokeExt/NICHE/qiskit-community_qiskit-textbook/qiskit-textbook-src/qiskit_textbook/widgets/__init__.py,Magic number 5000 used in dj_widget.
qiskit-community_qiskit-textbook.qiskit-textbook-src.qiskit_textbook.widgets,__init__,,Magic number,dj_widget,401,/Volumes/BrokeExt/NICHE/qiskit-community_qiskit-textbook/qiskit-textbook-src/qiskit_textbook/widgets/__init__.py,Magic number 3 used in dj_widget.
qiskit-community_qiskit-textbook.qiskit-textbook-src.qiskit_textbook.widgets,__init__,,Magic number,dj_widget,474,/Volumes/BrokeExt/NICHE/qiskit-community_qiskit-textbook/qiskit-textbook-src/qiskit_textbook/widgets/__init__.py,Magic number 2 used in dj_widget.
qiskit-community_qiskit-textbook.qiskit-textbook-src.qiskit_textbook.widgets,__init__,,Magic number,dj_widget,403,/Volumes/BrokeExt/NICHE/qiskit-community_qiskit-textbook/qiskit-textbook-src/qiskit_textbook/widgets/__init__.py,Magic number 4 used in dj_widget.
qiskit-community_qiskit-textbook.qiskit-textbook-src.qiskit_textbook.widgets,__init__,,Magic number,dj_widget,439,/Volumes/BrokeExt/NICHE/qiskit-community_qiskit-textbook/qiskit-textbook-src/qiskit_textbook/widgets/__init__.py,Magic number 2 used in dj_widget.
qiskit-community_qiskit-textbook.qiskit-textbook-src.qiskit_textbook.widgets,__init__,,Magic number,dj_widget,440,/Volumes/BrokeExt/NICHE/qiskit-community_qiskit-textbook/qiskit-textbook-src/qiskit_textbook/widgets/__init__.py,Magic number 2 used in dj_widget.
qiskit-community_qiskit-textbook.qiskit-textbook-src.qiskit_textbook.widgets,__init__,,Magic number,dj_widget,477,/Volumes/BrokeExt/NICHE/qiskit-community_qiskit-textbook/qiskit-textbook-src/qiskit_textbook/widgets/__init__.py,Magic number 9 used in dj_widget.
qiskit-community_qiskit-textbook.qiskit-textbook-src.qiskit_textbook.widgets,__init__,,Magic number,dj_widget,507,/Volumes/BrokeExt/NICHE/qiskit-community_qiskit-textbook/qiskit-textbook-src/qiskit_textbook/widgets/__init__.py,Magic number 18 used in dj_widget.
qiskit-community_qiskit-textbook.qiskit-textbook-src.qiskit_textbook.widgets,__init__,,Magic number,dj_widget,514,/Volumes/BrokeExt/NICHE/qiskit-community_qiskit-textbook/qiskit-textbook-src/qiskit_textbook/widgets/__init__.py,Magic number 18 used in dj_widget.
qiskit-community_qiskit-textbook.qiskit-textbook-src.qiskit_textbook.widgets,__init__,,Magic number,dj_widget,439,/Volumes/BrokeExt/NICHE/qiskit-community_qiskit-textbook/qiskit-textbook-src/qiskit_textbook/widgets/__init__.py,Magic number 2 used in dj_widget.
qiskit-community_qiskit-textbook.qiskit-textbook-src.qiskit_textbook.widgets,__init__,,Magic number,dj_widget,440,/Volumes/BrokeExt/NICHE/qiskit-community_qiskit-textbook/qiskit-textbook-src/qiskit_textbook/widgets/__init__.py,Magic number 2 used in dj_widget.
qiskit-community_qiskit-textbook.qiskit-textbook-src.qiskit_textbook.widgets,__init__,,Magic number,dj_widget,468,/Volumes/BrokeExt/NICHE/qiskit-community_qiskit-textbook/qiskit-textbook-src/qiskit_textbook/widgets/__init__.py,Magic number 2 used in dj_widget.
qiskit-community_qiskit-textbook.scripts,replace_code_cells,,Complex method,preserve_comments,24 - 45,/Volumes/BrokeExt/NICHE/qiskit-community_qiskit-textbook/scripts/replace_code_cells.py,"Method 'preserve_comments' has a cyclomatic complexity of 8, exceeding the max of 6."
qiskit-community_qiskit-textbook.scripts,replace_code_cells,,Complex method,replace_code_cells,48 - 81,/Volumes/BrokeExt/NICHE/qiskit-community_qiskit-textbook/scripts/replace_code_cells.py,"Method 'replace_code_cells' has a cyclomatic complexity of 7, exceeding the max of 6."
qiskit-community_qiskit-textbook.scripts,replace_code_cells,,Long statement,,3,/Volumes/BrokeExt/NICHE/qiskit-community_qiskit-textbook/scripts/replace_code_cells.py,A line with 385 chars in replace_code_cells exceeds the maximum length of 120 characters.
qiskit-community_qiskit-textbook.scripts,run_notebooks,,Long statement,,3,/Volumes/BrokeExt/NICHE/qiskit-community_qiskit-textbook/scripts/run_notebooks.py,A line with 382 chars in run_notebooks exceeds the maximum length of 120 characters.
qiskit-community_qiskit-textbook.scripts,run_notebooks,,Long statement,,66,/Volumes/BrokeExt/NICHE/qiskit-community_qiskit-textbook/scripts/run_notebooks.py,A line with 151 chars in run_notebooks exceeds the maximum length of 120 characters.
qiskit-community_qiskit-textbook.scripts,run_notebooks_soft,,Long statement,,3,/Volumes/BrokeExt/NICHE/qiskit-community_qiskit-textbook/scripts/run_notebooks_soft.py,A line with 353 chars in run_notebooks_soft exceeds the maximum length of 120 characters.
