Package,Module,Class,Function,LOC,CC,PC
pytorch_tutorials,conf,,reset_seeds,7,1,2
pytorch_tutorials,conf,,setup,6,1,1
pytorch_tutorials,custom_directives,IncludeDirective,run,13,1,0
pytorch_tutorials,custom_directives,GalleryItemDirective,run,43,4,0
pytorch_tutorials,custom_directives,CustomGalleryItemDirective,run,40,5,0
pytorch_tutorials,custom_directives,CustomCardItemDirective,run,43,6,0
pytorch_tutorials,custom_directives,CustomCalloutItemDirective,run,37,5,0
pytorch_tutorials..github.scripts,docathon-label-sync,,main,29,2,0
pytorch_tutorials..jenkins,custom_pandoc_filter,,to_markdown,20,1,2
pytorch_tutorials..jenkins,custom_pandoc_filter,,process_admonitions,53,14,4
pytorch_tutorials..jenkins,custom_pandoc_filter,,process_images,11,4,4
pytorch_tutorials..jenkins,custom_pandoc_filter,,process_grids,22,10,4
pytorch_tutorials..jenkins,custom_pandoc_filter,,is_code_block,2,2,1
pytorch_tutorials..jenkins,custom_pandoc_filter,,process_all,6,3,4
pytorch_tutorials..jenkins,download_data,,size_fmt,11,1,1
pytorch_tutorials..jenkins,download_data,,download_url_to_file,29,8,4
pytorch_tutorials..jenkins,download_data,,unzip,3,1,2
pytorch_tutorials..jenkins,download_data,,download_hymenoptera_data,6,1,0
pytorch_tutorials..jenkins,download_data,,download_nlp_data,6,1,0
pytorch_tutorials..jenkins,download_data,,download_dcgan_data,6,1,0
pytorch_tutorials..jenkins,download_data,,download_lenet_mnist,6,1,0
pytorch_tutorials..jenkins,download_data,,download_gpu_quantization_torchao,6,1,0
pytorch_tutorials..jenkins,download_data,,main,17,11,0
pytorch_tutorials..jenkins,get_files_to_run,,get_all_files,3,1,0
pytorch_tutorials..jenkins,get_files_to_run,,read_metadata,3,1,0
pytorch_tutorials..jenkins,get_files_to_run,,calculate_shards,40,2,2
pytorch_tutorials..jenkins,get_files_to_run,,compute_files_to_keep,7,2,1
pytorch_tutorials..jenkins,get_files_to_run,,remove_other_files,4,3,2
pytorch_tutorials..jenkins,get_files_to_run,,parse_args,7,1,0
pytorch_tutorials..jenkins,get_files_to_run,,main,8,2,0
pytorch_tutorials..jenkins,get_sphinx_filenames,,get_files_for_sphinx,3,1,0
pytorch_tutorials..jenkins,insert_last_verified,,get_git_log_date,14,3,2
pytorch_tutorials..jenkins,insert_last_verified,,get_creation_date,2,1,1
pytorch_tutorials..jenkins,insert_last_verified,,get_last_updated_date,2,1,1
pytorch_tutorials..jenkins,insert_last_verified,,find_source_file,6,2,1
pytorch_tutorials..jenkins,insert_last_verified,,process_json_file,76,13,2
pytorch_tutorials..jenkins,insert_last_verified,,main,13,2,0
pytorch_tutorials..jenkins,post_process_notebooks,,process_video_cell,37,5,1
pytorch_tutorials..jenkins,post_process_notebooks,,remove_html_tag,10,1,1
pytorch_tutorials..jenkins,post_process_notebooks,,walk_dir,7,4,1
pytorch_tutorials..jenkins,post_process_notebooks,,main,3,1,0
pytorch_tutorials..jenkins,remove_runnable_code,,remove_runnable_code,45,19,2
pytorch_tutorials..jenkins,test_files_to_run,TestSharding,test_no_sharding,4,1,0
pytorch_tutorials..jenkins,test_files_to_run,TestSharding,test_sharding,4,1,1
pytorch_tutorials..jenkins,validate_tutorials_built,,tutorial_source_dirs,5,1,0
pytorch_tutorials..jenkins,validate_tutorials_built,,main,27,7,0
pytorch_tutorials.advanced_source,coding_ddpg,,_init,17,1,2
pytorch_tutorials.advanced_source,coding_ddpg,,make_value_estimator,19,6,1
pytorch_tutorials.advanced_source,coding_ddpg,,_loss_actor,7,1,1
pytorch_tutorials.advanced_source,coding_ddpg,,_loss_value,20,1,1
pytorch_tutorials.advanced_source,coding_ddpg,,_forward,25,2,1
pytorch_tutorials.advanced_source,coding_ddpg,,make_env,22,3,1
pytorch_tutorials.advanced_source,coding_ddpg,,make_transformed_env,11,1,1
pytorch_tutorials.advanced_source,coding_ddpg,,parallel_env_constructor,22,0,2
pytorch_tutorials.advanced_source,coding_ddpg,,get_env_stats,7,1,0
pytorch_tutorials.advanced_source,coding_ddpg,,make_ddpg_actor,29,1,2
pytorch_tutorials.advanced_source,coding_ddpg,,make_recorder,15,1,3
pytorch_tutorials.advanced_source,coding_ddpg,,make_replay_buffer,21,2,5
pytorch_tutorials.advanced_source,coding_ddpg,,ceil_div,2,1,2
pytorch_tutorials.advanced_source,dynamic_quantization_tutorial,LSTMModel,__init__,9,1,5
pytorch_tutorials.advanced_source,dynamic_quantization_tutorial,LSTMModel,init_weights,5,1,0
pytorch_tutorials.advanced_source,dynamic_quantization_tutorial,LSTMModel,forward,6,1,2
pytorch_tutorials.advanced_source,dynamic_quantization_tutorial,LSTMModel,init_hidden,4,1,1
pytorch_tutorials.advanced_source,dynamic_quantization_tutorial,Dictionary,__init__,3,1,0
pytorch_tutorials.advanced_source,dynamic_quantization_tutorial,Dictionary,add_word,5,2,1
pytorch_tutorials.advanced_source,dynamic_quantization_tutorial,Dictionary,__len__,2,1,0
pytorch_tutorials.advanced_source,dynamic_quantization_tutorial,Corpus,__init__,5,1,1
pytorch_tutorials.advanced_source,dynamic_quantization_tutorial,Corpus,tokenize,17,5,1
pytorch_tutorials.advanced_source,dynamic_quantization_tutorial,,batchify,4,1,2
pytorch_tutorials.advanced_source,dynamic_quantization_tutorial,,get_batch,5,1,2
pytorch_tutorials.advanced_source,dynamic_quantization_tutorial,,repackage_hidden,5,1,1
pytorch_tutorials.advanced_source,dynamic_quantization_tutorial,,evaluate,12,2,2
pytorch_tutorials.advanced_source,dynamic_quantization_tutorial,,print_size_of_model,4,1,1
pytorch_tutorials.advanced_source,dynamic_quantization_tutorial,,time_model_evaluation,5,1,2
pytorch_tutorials.advanced_source,neural_style_tutorial,ContentLoss,__init__,3,1,1
pytorch_tutorials.advanced_source,neural_style_tutorial,ContentLoss,forward,3,1,1
pytorch_tutorials.advanced_source,neural_style_tutorial,StyleLoss,__init__,3,1,1
pytorch_tutorials.advanced_source,neural_style_tutorial,StyleLoss,forward,4,1,1
pytorch_tutorials.advanced_source,neural_style_tutorial,Normalization,__init__,4,1,2
pytorch_tutorials.advanced_source,neural_style_tutorial,Normalization,forward,2,1,1
pytorch_tutorials.advanced_source,neural_style_tutorial,,image_loader,4,1,1
pytorch_tutorials.advanced_source,neural_style_tutorial,,imshow,8,2,2
pytorch_tutorials.advanced_source,neural_style_tutorial,,gram_matrix,5,1,1
pytorch_tutorials.advanced_source,neural_style_tutorial,,get_style_model_and_losses,43,11,7
pytorch_tutorials.advanced_source,neural_style_tutorial,,get_input_optimizer,3,1,1
pytorch_tutorials.advanced_source,neural_style_tutorial,,run_style_transfer,46,4,9
pytorch_tutorials.advanced_source,numpy_extensions_tutorial,BadFFTFunction,forward,4,1,2
pytorch_tutorials.advanced_source,numpy_extensions_tutorial,BadFFTFunction,backward,4,1,2
pytorch_tutorials.advanced_source,numpy_extensions_tutorial,ScipyConv2dFunction,forward,6,1,4
pytorch_tutorials.advanced_source,numpy_extensions_tutorial,ScipyConv2dFunction,backward,8,1,2
pytorch_tutorials.advanced_source,numpy_extensions_tutorial,ScipyConv2d,__init__,4,1,2
pytorch_tutorials.advanced_source,numpy_extensions_tutorial,ScipyConv2d,forward,2,1,1
pytorch_tutorials.advanced_source,numpy_extensions_tutorial,,incorrect_fft,2,1,1
pytorch_tutorials.advanced_source,pendulum,PendulumEnv,__init__,8,3,3
pytorch_tutorials.advanced_source,pendulum,SinTransform,_apply_transform,2,1,1
pytorch_tutorials.advanced_source,pendulum,SinTransform,_reset,2,1,2
pytorch_tutorials.advanced_source,pendulum,SinTransform,transform_observation_spec,8,1,1
pytorch_tutorials.advanced_source,pendulum,CosTransform,_apply_transform,2,1,1
pytorch_tutorials.advanced_source,pendulum,CosTransform,_reset,2,1,2
pytorch_tutorials.advanced_source,pendulum,CosTransform,transform_observation_spec,8,1,1
pytorch_tutorials.advanced_source,pendulum,,_step,30,1,1
pytorch_tutorials.advanced_source,pendulum,,angle_normalize,2,1,1
pytorch_tutorials.advanced_source,pendulum,,_reset,29,3,1
pytorch_tutorials.advanced_source,pendulum,,_make_spec,27,1,1
pytorch_tutorials.advanced_source,pendulum,,make_composite_from_td,13,1,1
pytorch_tutorials.advanced_source,pendulum,,_set_seed,3,1,1
pytorch_tutorials.advanced_source,pendulum,,gen_params,22,3,2
pytorch_tutorials.advanced_source,pendulum,,simple_rollout,9,2,1
pytorch_tutorials.advanced_source,pendulum,,plot,20,3,0
pytorch_tutorials.advanced_source,python_custom_ops,,crop,4,1,2
pytorch_tutorials.advanced_source,python_custom_ops,,display,2,1,1
pytorch_tutorials.advanced_source,python_custom_ops,,f,2,1,1
pytorch_tutorials.advanced_source,python_custom_ops,,crop,4,1,2
pytorch_tutorials.advanced_source,python_custom_ops,,_,4,1,2
pytorch_tutorials.advanced_source,python_custom_ops,,f,2,1,1
pytorch_tutorials.advanced_source,python_custom_ops,,paste,7,1,3
pytorch_tutorials.advanced_source,python_custom_ops,,_,4,1,3
pytorch_tutorials.advanced_source,python_custom_ops,,backward,4,1,2
pytorch_tutorials.advanced_source,python_custom_ops,,setup_context,4,1,3
pytorch_tutorials.advanced_source,python_custom_ops,,numpy_sin,6,1,2
pytorch_tutorials.advanced_source,python_custom_ops,,f,4,1,1
pytorch_tutorials.advanced_source,semi_structured_sparse,,preprocess_validation_function,22,2,2
pytorch_tutorials.advanced_source,semi_structured_sparse,,preprocess_train_function,45,10,2
pytorch_tutorials.advanced_source,semi_structured_sparse,,compute_metrics,54,11,4
pytorch_tutorials.advanced_source,semi_structured_sparse,,measure_execution_time,26,2,3
pytorch_tutorials.advanced_source,super_resolution_with_onnxruntime,SuperResolutionNet,__init__,9,1,2
pytorch_tutorials.advanced_source,super_resolution_with_onnxruntime,SuperResolutionNet,forward,6,1,1
pytorch_tutorials.advanced_source,super_resolution_with_onnxruntime,SuperResolutionNet,_initialize_weights,5,1,0
pytorch_tutorials.advanced_source,super_resolution_with_onnxruntime,,to_numpy,2,1,1
pytorch_tutorials.advanced_source.rpc_ddp_tutorial,main,HybridModel,__init__,5,1,2
pytorch_tutorials.advanced_source.rpc_ddp_tutorial,main,HybridModel,forward,3,1,2
pytorch_tutorials.advanced_source.rpc_ddp_tutorial,main,,_run_trainer,46,6,2
pytorch_tutorials.advanced_source.rpc_ddp_tutorial,main,,run_worker,58,5,2
pytorch_tutorials.advanced_source.torch_script_custom_classes.custom_class_project,custom_test,,do_stacks,4,1,1
pytorch_tutorials.advanced_source.torch_script_custom_classes.custom_class_project,export_attr,Foo,__init__,3,1,0
pytorch_tutorials.advanced_source.torch_script_custom_classes.custom_class_project,export_attr,Foo,forward,2,1,1
pytorch_tutorials.advanced_source.torch_script_custom_classes.custom_class_project,save,Foo,__init__,2,1,0
pytorch_tutorials.advanced_source.torch_script_custom_classes.custom_class_project,save,Foo,forward,3,1,1
pytorch_tutorials.advanced_source.torch_script_custom_ops,test,,compute,2,1,3
pytorch_tutorials.advanced_source.torch_script_custom_ops,test,,compute,3,1,3
pytorch_tutorials.beginner_source,Intro_to_TorchScript_tutorial,MyCell,__init__,2,1,0
pytorch_tutorials.beginner_source,Intro_to_TorchScript_tutorial,MyCell,forward,3,1,2
pytorch_tutorials.beginner_source,Intro_to_TorchScript_tutorial,MyCell,__init__,3,1,0
pytorch_tutorials.beginner_source,Intro_to_TorchScript_tutorial,MyCell,forward,3,1,2
pytorch_tutorials.beginner_source,Intro_to_TorchScript_tutorial,MyDecisionGate,forward,5,1,1
pytorch_tutorials.beginner_source,Intro_to_TorchScript_tutorial,MyCell,__init__,4,1,0
pytorch_tutorials.beginner_source,Intro_to_TorchScript_tutorial,MyCell,forward,3,1,2
pytorch_tutorials.beginner_source,Intro_to_TorchScript_tutorial,MyCell,__init__,3,1,0
pytorch_tutorials.beginner_source,Intro_to_TorchScript_tutorial,MyCell,forward,3,1,2
pytorch_tutorials.beginner_source,Intro_to_TorchScript_tutorial,MyDecisionGate,forward,5,1,1
pytorch_tutorials.beginner_source,Intro_to_TorchScript_tutorial,MyCell,__init__,4,1,1
pytorch_tutorials.beginner_source,Intro_to_TorchScript_tutorial,MyCell,forward,3,1,2
pytorch_tutorials.beginner_source,Intro_to_TorchScript_tutorial,MyRNNLoop,__init__,3,1,0
pytorch_tutorials.beginner_source,Intro_to_TorchScript_tutorial,MyRNNLoop,forward,5,2,1
pytorch_tutorials.beginner_source,Intro_to_TorchScript_tutorial,WrapRNN,__init__,3,1,0
pytorch_tutorials.beginner_source,Intro_to_TorchScript_tutorial,WrapRNN,forward,3,1,1
pytorch_tutorials.beginner_source,chatbot_tutorial,Voc,__init__,7,1,1
pytorch_tutorials.beginner_source,chatbot_tutorial,Voc,addSentence,3,2,1
pytorch_tutorials.beginner_source,chatbot_tutorial,Voc,addWord,8,2,1
pytorch_tutorials.beginner_source,chatbot_tutorial,Voc,trim,17,5,1
pytorch_tutorials.beginner_source,chatbot_tutorial,EncoderRNN,__init__,7,1,4
pytorch_tutorials.beginner_source,chatbot_tutorial,EncoderRNN,forward,7,1,3
pytorch_tutorials.beginner_source,chatbot_tutorial,Attn,__init__,11,4,2
pytorch_tutorials.beginner_source,chatbot_tutorial,Attn,dot_score,2,1,2
pytorch_tutorials.beginner_source,chatbot_tutorial,Attn,general_score,3,1,2
pytorch_tutorials.beginner_source,chatbot_tutorial,Attn,concat_score,3,1,2
pytorch_tutorials.beginner_source,chatbot_tutorial,Attn,forward,9,4,2
pytorch_tutorials.beginner_source,chatbot_tutorial,LuongAttnDecoderRNN,__init__,13,1,6
pytorch_tutorials.beginner_source,chatbot_tutorial,LuongAttnDecoderRNN,forward,13,1,3
pytorch_tutorials.beginner_source,chatbot_tutorial,GreedySearchDecoder,__init__,4,1,2
pytorch_tutorials.beginner_source,chatbot_tutorial,GreedySearchDecoder,forward,17,2,3
pytorch_tutorials.beginner_source,chatbot_tutorial,,printLines,5,2,2
pytorch_tutorials.beginner_source,chatbot_tutorial,,loadLinesAndConversations,24,3,1
pytorch_tutorials.beginner_source,chatbot_tutorial,,extractSentencePairs,11,5,1
pytorch_tutorials.beginner_source,chatbot_tutorial,,unicodeToAscii,5,1,1
pytorch_tutorials.beginner_source,chatbot_tutorial,,normalizeString,6,1,1
pytorch_tutorials.beginner_source,chatbot_tutorial,,readVocs,7,1,2
pytorch_tutorials.beginner_source,chatbot_tutorial,,filterPair,2,2,1
pytorch_tutorials.beginner_source,chatbot_tutorial,,filterPairs,2,1,1
pytorch_tutorials.beginner_source,chatbot_tutorial,,loadPrepareData,12,2,4
pytorch_tutorials.beginner_source,chatbot_tutorial,,trimRareWords,24,8,3
pytorch_tutorials.beginner_source,chatbot_tutorial,,indexesFromSentence,2,1,2
pytorch_tutorials.beginner_source,chatbot_tutorial,,zeroPadding,2,1,2
pytorch_tutorials.beginner_source,chatbot_tutorial,,binaryMatrix,10,4,2
pytorch_tutorials.beginner_source,chatbot_tutorial,,inputVar,6,1,2
pytorch_tutorials.beginner_source,chatbot_tutorial,,outputVar,8,1,2
pytorch_tutorials.beginner_source,chatbot_tutorial,,batch2TrainData,9,2,2
pytorch_tutorials.beginner_source,chatbot_tutorial,,maskNLLLoss,6,1,3
pytorch_tutorials.beginner_source,chatbot_tutorial,,train,47,4,13
pytorch_tutorials.beginner_source,chatbot_tutorial,,trainIters,40,6,18
pytorch_tutorials.beginner_source,chatbot_tutorial,,evaluate,9,1,6
pytorch_tutorials.beginner_source,chatbot_tutorial,,evaluateInput,18,6,4
pytorch_tutorials.beginner_source,data_loading_tutorial,FaceLandmarksDataset,__init__,6,1,3
pytorch_tutorials.beginner_source,data_loading_tutorial,FaceLandmarksDataset,__len__,2,1,0
pytorch_tutorials.beginner_source,data_loading_tutorial,FaceLandmarksDataset,__getitem__,12,3,1
pytorch_tutorials.beginner_source,data_loading_tutorial,Rescale,__init__,3,1,1
pytorch_tutorials.beginner_source,data_loading_tutorial,Rescale,__call__,14,3,1
pytorch_tutorials.beginner_source,data_loading_tutorial,RandomCrop,__init__,7,2,1
pytorch_tutorials.beginner_source,data_loading_tutorial,RandomCrop,__call__,10,1,1
pytorch_tutorials.beginner_source,data_loading_tutorial,ToTensor,__call__,5,1,1
pytorch_tutorials.beginner_source,data_loading_tutorial,,show_landmarks,4,1,2
pytorch_tutorials.beginner_source,data_loading_tutorial,,show_landmarks_batch,14,2,1
pytorch_tutorials.beginner_source,dcgan_faces_tutorial,Generator,__init__,25,1,1
pytorch_tutorials.beginner_source,dcgan_faces_tutorial,Generator,forward,2,1,1
pytorch_tutorials.beginner_source,dcgan_faces_tutorial,Discriminator,__init__,23,1,1
pytorch_tutorials.beginner_source,dcgan_faces_tutorial,Discriminator,forward,2,1,1
pytorch_tutorials.beginner_source,dcgan_faces_tutorial,,weights_init,7,3,1
pytorch_tutorials.beginner_source,deploy_seq2seq_hybrid_frontend_tutorial,Voc,__init__,7,1,1
pytorch_tutorials.beginner_source,deploy_seq2seq_hybrid_frontend_tutorial,Voc,addSentence,3,2,1
pytorch_tutorials.beginner_source,deploy_seq2seq_hybrid_frontend_tutorial,Voc,addWord,8,2,1
pytorch_tutorials.beginner_source,deploy_seq2seq_hybrid_frontend_tutorial,Voc,trim,17,5,1
pytorch_tutorials.beginner_source,deploy_seq2seq_hybrid_frontend_tutorial,EncoderRNN,__init__,7,1,4
pytorch_tutorials.beginner_source,deploy_seq2seq_hybrid_frontend_tutorial,EncoderRNN,forward,7,1,3
pytorch_tutorials.beginner_source,deploy_seq2seq_hybrid_frontend_tutorial,Attn,__init__,11,4,2
pytorch_tutorials.beginner_source,deploy_seq2seq_hybrid_frontend_tutorial,Attn,dot_score,2,1,2
pytorch_tutorials.beginner_source,deploy_seq2seq_hybrid_frontend_tutorial,Attn,general_score,3,1,2
pytorch_tutorials.beginner_source,deploy_seq2seq_hybrid_frontend_tutorial,Attn,concat_score,3,1,2
pytorch_tutorials.beginner_source,deploy_seq2seq_hybrid_frontend_tutorial,Attn,forward,9,4,2
pytorch_tutorials.beginner_source,deploy_seq2seq_hybrid_frontend_tutorial,LuongAttnDecoderRNN,__init__,13,1,6
pytorch_tutorials.beginner_source,deploy_seq2seq_hybrid_frontend_tutorial,LuongAttnDecoderRNN,forward,13,1,3
pytorch_tutorials.beginner_source,deploy_seq2seq_hybrid_frontend_tutorial,GreedySearchDecoder,__init__,7,1,3
pytorch_tutorials.beginner_source,deploy_seq2seq_hybrid_frontend_tutorial,GreedySearchDecoder,forward,17,2,3
pytorch_tutorials.beginner_source,deploy_seq2seq_hybrid_frontend_tutorial,,normalizeString,5,1,1
pytorch_tutorials.beginner_source,deploy_seq2seq_hybrid_frontend_tutorial,,indexesFromSentence,2,1,2
pytorch_tutorials.beginner_source,deploy_seq2seq_hybrid_frontend_tutorial,,evaluate,9,1,4
pytorch_tutorials.beginner_source,deploy_seq2seq_hybrid_frontend_tutorial,,evaluateInput,18,6,2
pytorch_tutorials.beginner_source,deploy_seq2seq_hybrid_frontend_tutorial,,evaluateExample,6,2,3
pytorch_tutorials.beginner_source,fgsm_tutorial,Net,__init__,8,1,0
pytorch_tutorials.beginner_source,fgsm_tutorial,Net,forward,14,1,1
pytorch_tutorials.beginner_source,fgsm_tutorial,,fgsm_attack,5,1,3
pytorch_tutorials.beginner_source,fgsm_tutorial,,denorm,8,3,3
pytorch_tutorials.beginner_source,fgsm_tutorial,,test,59,7,4
pytorch_tutorials.beginner_source,flava_finetuning_tutorial,,transform,14,2,2
pytorch_tutorials.beginner_source,hyperparameter_tuning_tutorial,Net,__init__,8,1,2
pytorch_tutorials.beginner_source,hyperparameter_tuning_tutorial,Net,forward,8,1,1
pytorch_tutorials.beginner_source,hyperparameter_tuning_tutorial,,load_data,11,1,1
pytorch_tutorials.beginner_source,hyperparameter_tuning_tutorial,,train_cifar,94,8,2
pytorch_tutorials.beginner_source,hyperparameter_tuning_tutorial,,test_accuracy,16,2,2
pytorch_tutorials.beginner_source,hyperparameter_tuning_tutorial,,main,43,3,3
pytorch_tutorials.beginner_source,knowledge_distillation_tutorial,DeepNN,__init__,20,1,1
pytorch_tutorials.beginner_source,knowledge_distillation_tutorial,DeepNN,forward,5,1,1
pytorch_tutorials.beginner_source,knowledge_distillation_tutorial,LightNN,__init__,16,1,1
pytorch_tutorials.beginner_source,knowledge_distillation_tutorial,LightNN,forward,5,1,1
pytorch_tutorials.beginner_source,knowledge_distillation_tutorial,ModifiedDeepNNCosine,__init__,20,1,1
pytorch_tutorials.beginner_source,knowledge_distillation_tutorial,ModifiedDeepNNCosine,forward,6,1,1
pytorch_tutorials.beginner_source,knowledge_distillation_tutorial,ModifiedLightNNCosine,__init__,16,1,1
pytorch_tutorials.beginner_source,knowledge_distillation_tutorial,ModifiedLightNNCosine,forward,5,1,1
pytorch_tutorials.beginner_source,knowledge_distillation_tutorial,ModifiedDeepNNRegressor,__init__,20,1,1
pytorch_tutorials.beginner_source,knowledge_distillation_tutorial,ModifiedDeepNNRegressor,forward,6,1,1
pytorch_tutorials.beginner_source,knowledge_distillation_tutorial,ModifiedLightNNRegressor,__init__,19,1,1
pytorch_tutorials.beginner_source,knowledge_distillation_tutorial,ModifiedLightNNRegressor,forward,6,1,1
pytorch_tutorials.beginner_source,knowledge_distillation_tutorial,,train,23,3,5
pytorch_tutorials.beginner_source,knowledge_distillation_tutorial,,test,17,2,3
pytorch_tutorials.beginner_source,knowledge_distillation_tutorial,,train_knowledge_distillation,38,3,9
pytorch_tutorials.beginner_source,knowledge_distillation_tutorial,,train_cosine_loss,37,3,8
pytorch_tutorials.beginner_source,knowledge_distillation_tutorial,,test_multiple_outputs,17,2,3
pytorch_tutorials.beginner_source,knowledge_distillation_tutorial,,train_mse_loss,37,3,8
pytorch_tutorials.beginner_source,nn_tutorial,Mnist_Logistic,__init__,4,1,0
pytorch_tutorials.beginner_source,nn_tutorial,Mnist_Logistic,forward,2,1,1
pytorch_tutorials.beginner_source,nn_tutorial,Mnist_Logistic,__init__,3,1,0
pytorch_tutorials.beginner_source,nn_tutorial,Mnist_Logistic,forward,2,1,1
pytorch_tutorials.beginner_source,nn_tutorial,Mnist_CNN,__init__,5,1,0
pytorch_tutorials.beginner_source,nn_tutorial,Mnist_CNN,forward,7,1,1
pytorch_tutorials.beginner_source,nn_tutorial,Lambda,__init__,3,1,1
pytorch_tutorials.beginner_source,nn_tutorial,Lambda,forward,2,1,1
pytorch_tutorials.beginner_source,nn_tutorial,WrappedDataLoader,__init__,3,1,2
pytorch_tutorials.beginner_source,nn_tutorial,WrappedDataLoader,__len__,2,1,0
pytorch_tutorials.beginner_source,nn_tutorial,WrappedDataLoader,__iter__,3,2,0
pytorch_tutorials.beginner_source,nn_tutorial,,log_softmax,2,1,1
pytorch_tutorials.beginner_source,nn_tutorial,,model,2,1,1
pytorch_tutorials.beginner_source,nn_tutorial,,nll,2,1,2
pytorch_tutorials.beginner_source,nn_tutorial,,accuracy,3,1,2
pytorch_tutorials.beginner_source,nn_tutorial,,model,2,1,1
pytorch_tutorials.beginner_source,nn_tutorial,,fit,15,4,0
pytorch_tutorials.beginner_source,nn_tutorial,,get_model,3,1,0
pytorch_tutorials.beginner_source,nn_tutorial,,loss_batch,7,2,5
pytorch_tutorials.beginner_source,nn_tutorial,,fit,14,3,6
pytorch_tutorials.beginner_source,nn_tutorial,,get_data,5,1,3
pytorch_tutorials.beginner_source,nn_tutorial,,preprocess,2,1,1
pytorch_tutorials.beginner_source,nn_tutorial,,preprocess,2,1,2
pytorch_tutorials.beginner_source,nn_tutorial,,preprocess,2,1,2
pytorch_tutorials.beginner_source,profiler,MyModule,__init__,3,1,3
pytorch_tutorials.beginner_source,profiler,MyModule,forward,8,1,2
pytorch_tutorials.beginner_source,profiler,MyModule,__init__,3,1,3
pytorch_tutorials.beginner_source,profiler,MyModule,forward,7,1,2
pytorch_tutorials.beginner_source,transfer_learning_tutorial,,imshow,10,2,2
pytorch_tutorials.beginner_source,transfer_learning_tutorial,,train_model,67,9,5
pytorch_tutorials.beginner_source,transfer_learning_tutorial,,visualize_model,24,4,2
pytorch_tutorials.beginner_source,transfer_learning_tutorial,,visualize_model_predictions,17,1,2
pytorch_tutorials.beginner_source.basics,buildmodel_tutorial,NeuralNetwork,__init__,10,1,0
pytorch_tutorials.beginner_source.basics,buildmodel_tutorial,NeuralNetwork,forward,4,1,1
pytorch_tutorials.beginner_source.basics,data_tutorial,CustomImageDataset,__init__,5,1,4
pytorch_tutorials.beginner_source.basics,data_tutorial,CustomImageDataset,__len__,2,1,0
pytorch_tutorials.beginner_source.basics,data_tutorial,CustomImageDataset,__getitem__,9,3,1
pytorch_tutorials.beginner_source.basics,data_tutorial,,__init__,5,1,4
pytorch_tutorials.beginner_source.basics,data_tutorial,,__len__,2,1,0
pytorch_tutorials.beginner_source.basics,data_tutorial,,__getitem__,9,3,1
pytorch_tutorials.beginner_source.basics,optimization_tutorial,NeuralNetwork,__init__,10,1,0
pytorch_tutorials.beginner_source.basics,optimization_tutorial,NeuralNetwork,forward,4,1,1
pytorch_tutorials.beginner_source.basics,optimization_tutorial,,train_loop,16,3,4
pytorch_tutorials.beginner_source.basics,optimization_tutorial,,test_loop,13,2,3
pytorch_tutorials.beginner_source.basics,quickstart_tutorial,NeuralNetwork,__init__,10,1,0
pytorch_tutorials.beginner_source.basics,quickstart_tutorial,NeuralNetwork,forward,4,1,1
pytorch_tutorials.beginner_source.basics,quickstart_tutorial,,train,18,3,4
pytorch_tutorials.beginner_source.basics,quickstart_tutorial,,test,14,2,3
pytorch_tutorials.beginner_source.blitz,cifar10_tutorial,Net,__init__,8,1,0
pytorch_tutorials.beginner_source.blitz,cifar10_tutorial,Net,forward,8,1,1
pytorch_tutorials.beginner_source.blitz,cifar10_tutorial,,imshow,5,1,1
pytorch_tutorials.beginner_source.blitz,data_parallel_tutorial,RandomDataset,__init__,3,1,2
pytorch_tutorials.beginner_source.blitz,data_parallel_tutorial,RandomDataset,__getitem__,2,1,1
pytorch_tutorials.beginner_source.blitz,data_parallel_tutorial,RandomDataset,__len__,2,1,0
pytorch_tutorials.beginner_source.blitz,data_parallel_tutorial,Model,__init__,3,1,2
pytorch_tutorials.beginner_source.blitz,data_parallel_tutorial,Model,forward,5,1,1
pytorch_tutorials.beginner_source.blitz,neural_networks_tutorial,Net,__init__,7,1,0
pytorch_tutorials.beginner_source.blitz,neural_networks_tutorial,Net,forward,10,1,1
pytorch_tutorials.beginner_source.examples_autograd,polynomial_custom_function,LegendrePolynomial3,forward,5,1,2
pytorch_tutorials.beginner_source.examples_autograd,polynomial_custom_function,LegendrePolynomial3,backward,5,1,2
pytorch_tutorials.beginner_source.examples_nn,dynamic_net,DynamicNet,__init__,9,1,0
pytorch_tutorials.beginner_source.examples_nn,dynamic_net,DynamicNet,forward,7,2,1
pytorch_tutorials.beginner_source.examples_nn,dynamic_net,DynamicNet,string,4,1,0
pytorch_tutorials.beginner_source.examples_nn,polynomial_module,Polynomial3,__init__,8,1,0
pytorch_tutorials.beginner_source.examples_nn,polynomial_module,Polynomial3,forward,4,1,1
pytorch_tutorials.beginner_source.examples_nn,polynomial_module,Polynomial3,string,4,1,0
pytorch_tutorials.beginner_source.hybrid_frontend,learning_hybrid_frontend_through_example_tutorial,TracedModule,forward,3,1,1
pytorch_tutorials.beginner_source.hybrid_frontend,learning_hybrid_frontend_through_example_tutorial,ScriptModule,forward,5,2,1
pytorch_tutorials.beginner_source.hybrid_frontend,learning_hybrid_frontend_through_example_tutorial,Net,__init__,8,1,0
pytorch_tutorials.beginner_source.hybrid_frontend,learning_hybrid_frontend_through_example_tutorial,Net,forward,6,1,1
pytorch_tutorials.beginner_source.hybrid_frontend,learning_hybrid_frontend_through_example_tutorial,,fn,2,1,1
pytorch_tutorials.beginner_source.hybrid_frontend,learning_hybrid_frontend_through_example_tutorial,,script_fn,5,2,1
pytorch_tutorials.beginner_source.introyt,autogradyt_tutorial,TinyModel,__init__,5,1,0
pytorch_tutorials.beginner_source.introyt,autogradyt_tutorial,TinyModel,forward,5,1,1
pytorch_tutorials.beginner_source.introyt,autogradyt_tutorial,,add_tensors1,2,1,2
pytorch_tutorials.beginner_source.introyt,autogradyt_tutorial,,add_tensors2,2,1,2
pytorch_tutorials.beginner_source.introyt,autogradyt_tutorial,,exp_adder,2,1,2
pytorch_tutorials.beginner_source.introyt,autogradyt_tutorial,,do_some_doubling,5,2,1
pytorch_tutorials.beginner_source.introyt,captumyt,,baseline_func,2,1,1
pytorch_tutorials.beginner_source.introyt,captumyt,,full_img_transform,6,1,1
pytorch_tutorials.beginner_source.introyt,introyt1_tutorial,LeNet,__init__,7,1,0
pytorch_tutorials.beginner_source.introyt,introyt1_tutorial,LeNet,forward,8,1,1
pytorch_tutorials.beginner_source.introyt,introyt1_tutorial,LeNet,num_flat_features,6,2,1
pytorch_tutorials.beginner_source.introyt,introyt1_tutorial,Net,__init__,8,1,0
pytorch_tutorials.beginner_source.introyt,introyt1_tutorial,Net,forward,8,1,1
pytorch_tutorials.beginner_source.introyt,introyt1_tutorial,,imshow,4,1,1
pytorch_tutorials.beginner_source.introyt,introyt1_tutorial,,imshow,4,1,1
pytorch_tutorials.beginner_source.introyt,modelsyt_tutorial,TinyModel,__init__,6,1,0
pytorch_tutorials.beginner_source.introyt,modelsyt_tutorial,TinyModel,forward,6,1,1
pytorch_tutorials.beginner_source.introyt,modelsyt_tutorial,LeNet,__init__,7,1,0
pytorch_tutorials.beginner_source.introyt,modelsyt_tutorial,LeNet,forward,8,1,1
pytorch_tutorials.beginner_source.introyt,modelsyt_tutorial,LeNet,num_flat_features,6,2,1
pytorch_tutorials.beginner_source.introyt,modelsyt_tutorial,LSTMTagger,__init__,6,1,4
pytorch_tutorials.beginner_source.introyt,modelsyt_tutorial,LSTMTagger,forward,6,1,1
pytorch_tutorials.beginner_source.introyt,tensorboardyt_tutorial,Net,__init__,8,1,0
pytorch_tutorials.beginner_source.introyt,tensorboardyt_tutorial,Net,forward,8,1,1
pytorch_tutorials.beginner_source.introyt,tensorboardyt_tutorial,,matplotlib_imshow,9,3,2
pytorch_tutorials.beginner_source.introyt,tensorboardyt_tutorial,,select_n_random,4,1,3
pytorch_tutorials.beginner_source.introyt,trainingyt,GarmentClassifier,__init__,8,1,0
pytorch_tutorials.beginner_source.introyt,trainingyt,GarmentClassifier,forward,8,1,1
pytorch_tutorials.beginner_source.introyt,trainingyt,,matplotlib_imshow,9,3,2
pytorch_tutorials.beginner_source.introyt,trainingyt,,train_one_epoch,29,3,2
pytorch_tutorials.beginner_source.nlp,advanced_tutorial,BiLSTM_CRF,__init__,16,1,4
pytorch_tutorials.beginner_source.nlp,advanced_tutorial,BiLSTM_CRF,init_hidden,3,1,0
pytorch_tutorials.beginner_source.nlp,advanced_tutorial,BiLSTM_CRF,_forward_alg,24,3,1
pytorch_tutorials.beginner_source.nlp,advanced_tutorial,BiLSTM_CRF,_get_lstm_features,7,1,1
pytorch_tutorials.beginner_source.nlp,advanced_tutorial,BiLSTM_CRF,_score_sentence,8,2,2
pytorch_tutorials.beginner_source.nlp,advanced_tutorial,BiLSTM_CRF,_viterbi_decode,34,4,1
pytorch_tutorials.beginner_source.nlp,advanced_tutorial,BiLSTM_CRF,neg_log_likelihood,5,1,2
pytorch_tutorials.beginner_source.nlp,advanced_tutorial,BiLSTM_CRF,forward,4,1,1
pytorch_tutorials.beginner_source.nlp,advanced_tutorial,,argmax,3,1,1
pytorch_tutorials.beginner_source.nlp,advanced_tutorial,,prepare_sequence,3,1,2
pytorch_tutorials.beginner_source.nlp,advanced_tutorial,,log_sum_exp,5,1,1
pytorch_tutorials.beginner_source.nlp,deep_learning_tutorial,BoWClassifier,__init__,3,1,2
pytorch_tutorials.beginner_source.nlp,deep_learning_tutorial,BoWClassifier,forward,2,1,1
pytorch_tutorials.beginner_source.nlp,deep_learning_tutorial,,make_bow_vector,5,2,2
pytorch_tutorials.beginner_source.nlp,deep_learning_tutorial,,make_target,2,1,2
pytorch_tutorials.beginner_source.nlp,sequence_models_tutorial,LSTMTagger,__init__,6,1,4
pytorch_tutorials.beginner_source.nlp,sequence_models_tutorial,LSTMTagger,forward,6,1,1
pytorch_tutorials.beginner_source.nlp,sequence_models_tutorial,,prepare_sequence,3,1,2
pytorch_tutorials.beginner_source.nlp,word_embeddings_tutorial,NGramLanguageModeler,__init__,5,1,3
pytorch_tutorials.beginner_source.nlp,word_embeddings_tutorial,NGramLanguageModeler,forward,6,1,1
pytorch_tutorials.beginner_source.nlp,word_embeddings_tutorial,CBOW,__init__,2,1,0
pytorch_tutorials.beginner_source.nlp,word_embeddings_tutorial,CBOW,forward,2,1,1
pytorch_tutorials.beginner_source.nlp,word_embeddings_tutorial,,make_context_vector,3,1,2
pytorch_tutorials.beginner_source.onnx,export_simple_model_to_onnx_tutorial,MyModel,__init__,7,1,0
pytorch_tutorials.beginner_source.onnx,export_simple_model_to_onnx_tutorial,MyModel,forward,8,1,1
pytorch_tutorials.beginner_source.onnx,export_simple_model_to_onnx_tutorial,,to_numpy,2,1,1
pytorch_tutorials.beginner_source.onnx,onnx_registry_tutorial,Model,forward,2,1,2
pytorch_tutorials.beginner_source.onnx,onnx_registry_tutorial,CustomGelu,forward,2,1,1
pytorch_tutorials.beginner_source.onnx,onnx_registry_tutorial,CustomFoo,forward,2,1,1
pytorch_tutorials.beginner_source.onnx,onnx_registry_tutorial,,custom_aten_add,3,1,3
pytorch_tutorials.beginner_source.onnx,onnx_registry_tutorial,,to_numpy,2,1,1
pytorch_tutorials.beginner_source.onnx,onnx_registry_tutorial,,custom_aten_gelu,2,1,2
pytorch_tutorials.beginner_source.onnx,onnx_registry_tutorial,,to_numpy,2,1,1
pytorch_tutorials.beginner_source.onnx,onnx_registry_tutorial,,addandround_op,2,1,1
pytorch_tutorials.beginner_source.onnx,onnx_registry_tutorial,,addandround_op_impl_abstract,2,1,1
pytorch_tutorials.beginner_source.onnx,onnx_registry_tutorial,,addandround_op_impl,2,1,1
pytorch_tutorials.beginner_source.onnx,onnx_registry_tutorial,,custom_addandround,4,1,1
pytorch_tutorials.intermediate_source,_torch_export_nightly_tutorial,MyModule,__init__,3,1,0
pytorch_tutorials.intermediate_source,_torch_export_nightly_tutorial,MyModule,forward,2,1,2
pytorch_tutorials.intermediate_source,_torch_export_nightly_tutorial,MyModule2,__init__,3,1,0
pytorch_tutorials.intermediate_source,_torch_export_nightly_tutorial,MyModule2,forward,2,1,2
pytorch_tutorials.intermediate_source,_torch_export_nightly_tutorial,M,__init__,3,1,0
pytorch_tutorials.intermediate_source,_torch_export_nightly_tutorial,M,forward,2,1,1
pytorch_tutorials.intermediate_source,_torch_export_nightly_tutorial,M,__init__,3,1,0
pytorch_tutorials.intermediate_source,_torch_export_nightly_tutorial,M,forward,2,1,1
pytorch_tutorials.intermediate_source,_torch_export_nightly_tutorial,,bad1,4,1,1
pytorch_tutorials.intermediate_source,_torch_export_nightly_tutorial,,bad2,3,1,1
pytorch_tutorials.intermediate_source,_torch_export_nightly_tutorial,,bad3,3,1,1
pytorch_tutorials.intermediate_source,_torch_export_nightly_tutorial,,bad4,7,2,1
pytorch_tutorials.intermediate_source,_torch_export_nightly_tutorial,,bad1_fixed,6,-1,1
pytorch_tutorials.intermediate_source,_torch_export_nightly_tutorial,,dynamic_shapes_example1,3,1,1
pytorch_tutorials.intermediate_source,_torch_export_nightly_tutorial,,dynamic_shapes_example2,2,1,2
pytorch_tutorials.intermediate_source,_torch_export_nightly_tutorial,,dynamic_shapes_example3,4,1,2
pytorch_tutorials.intermediate_source,_torch_export_nightly_tutorial,,suggested_fixes,9,1,0
pytorch_tutorials.intermediate_source,_torch_export_nightly_tutorial,,sin,4,1,1
pytorch_tutorials.intermediate_source,_torch_export_nightly_tutorial,,_,2,1,1
pytorch_tutorials.intermediate_source,_torch_export_nightly_tutorial,,nonzero,4,1,1
pytorch_tutorials.intermediate_source,_torch_export_nightly_tutorial,,_,6,1,1
pytorch_tutorials.intermediate_source,_torch_export_nightly_tutorial,,custom_op_example,6,1,1
pytorch_tutorials.intermediate_source,_torch_export_nightly_tutorial,,cond_predicate,5,2,1
pytorch_tutorials.intermediate_source,autograd_saved_tensors_hooks_tutorial,Model,__init__,3,1,0
pytorch_tutorials.intermediate_source,autograd_saved_tensors_hooks_tutorial,Model,forward,4,1,1
pytorch_tutorials.intermediate_source,autograd_saved_tensors_hooks_tutorial,SaveToCpu,__init__,3,1,1
pytorch_tutorials.intermediate_source,autograd_saved_tensors_hooks_tutorial,SaveToCpu,forward,3,1,0
pytorch_tutorials.intermediate_source,autograd_saved_tensors_hooks_tutorial,SelfDeletingTempFile,__init__,2,1,0
pytorch_tutorials.intermediate_source,autograd_saved_tensors_hooks_tutorial,SelfDeletingTempFile,__del__,2,1,0
pytorch_tutorials.intermediate_source,autograd_saved_tensors_hooks_tutorial,SaveToDisk,__init__,3,1,1
pytorch_tutorials.intermediate_source,autograd_saved_tensors_hooks_tutorial,SaveToDisk,forward,3,1,0
pytorch_tutorials.intermediate_source,autograd_saved_tensors_hooks_tutorial,,f,2,1,1
pytorch_tutorials.intermediate_source,autograd_saved_tensors_hooks_tutorial,,pack_hook,3,1,1
pytorch_tutorials.intermediate_source,autograd_saved_tensors_hooks_tutorial,,unpack_hook,3,1,1
pytorch_tutorials.intermediate_source,autograd_saved_tensors_hooks_tutorial,,pack,3,1,1
pytorch_tutorials.intermediate_source,autograd_saved_tensors_hooks_tutorial,,unpack,2,1,1
pytorch_tutorials.intermediate_source,autograd_saved_tensors_hooks_tutorial,,pack,3,1,1
pytorch_tutorials.intermediate_source,autograd_saved_tensors_hooks_tutorial,,unpack,3,1,1
pytorch_tutorials.intermediate_source,autograd_saved_tensors_hooks_tutorial,,pack_hook,2,1,1
pytorch_tutorials.intermediate_source,autograd_saved_tensors_hooks_tutorial,,unpack_hook,3,1,1
pytorch_tutorials.intermediate_source,autograd_saved_tensors_hooks_tutorial,,pack_hook,4,1,1
pytorch_tutorials.intermediate_source,autograd_saved_tensors_hooks_tutorial,,unpack_hook,2,1,1
pytorch_tutorials.intermediate_source,autograd_saved_tensors_hooks_tutorial,,pack_hook,4,1,1
pytorch_tutorials.intermediate_source,autograd_saved_tensors_hooks_tutorial,,unpack_hook,4,1,1
pytorch_tutorials.intermediate_source,autograd_saved_tensors_hooks_tutorial,,pack_hook,4,1,1
pytorch_tutorials.intermediate_source,autograd_saved_tensors_hooks_tutorial,,unpack_hook,2,1,1
pytorch_tutorials.intermediate_source,autograd_saved_tensors_hooks_tutorial,,pack_hook,6,1,1
pytorch_tutorials.intermediate_source,autograd_saved_tensors_hooks_tutorial,,unpack_hook,4,1,1
pytorch_tutorials.intermediate_source,ax_multiobjective_nas_tutorial,MyTensorboardMetric,_get_event_multiplexer_for_trial,5,1,1
pytorch_tutorials.intermediate_source,ax_multiobjective_nas_tutorial,MyTensorboardMetric,is_available_while_running,2,1,1
pytorch_tutorials.intermediate_source,ax_multiobjective_nas_tutorial,,trainer,24,2,8
pytorch_tutorials.intermediate_source,char_rnn_classification_tutorial,NamesDataset,__init__,21,4,1
pytorch_tutorials.intermediate_source,char_rnn_classification_tutorial,NamesDataset,__len__,2,1,0
pytorch_tutorials.intermediate_source,char_rnn_classification_tutorial,NamesDataset,__getitem__,6,1,1
pytorch_tutorials.intermediate_source,char_rnn_classification_tutorial,CharRNN,__init__,5,1,3
pytorch_tutorials.intermediate_source,char_rnn_classification_tutorial,CharRNN,forward,5,1,1
pytorch_tutorials.intermediate_source,char_rnn_classification_tutorial,,unicodeToAscii,6,2,1
pytorch_tutorials.intermediate_source,char_rnn_classification_tutorial,,letterToIndex,2,1,1
pytorch_tutorials.intermediate_source,char_rnn_classification_tutorial,,lineToTensor,5,2,1
pytorch_tutorials.intermediate_source,char_rnn_classification_tutorial,,label_from_output,4,1,2
pytorch_tutorials.intermediate_source,char_rnn_classification_tutorial,,train,39,5,7
pytorch_tutorials.intermediate_source,char_rnn_classification_tutorial,,evaluate,23,4,3
pytorch_tutorials.intermediate_source,char_rnn_generation_tutorial,RNN,__init__,8,1,3
pytorch_tutorials.intermediate_source,char_rnn_generation_tutorial,RNN,forward,9,1,3
pytorch_tutorials.intermediate_source,char_rnn_generation_tutorial,RNN,initHidden,2,1,0
pytorch_tutorials.intermediate_source,char_rnn_generation_tutorial,,findFiles,2,1,1
pytorch_tutorials.intermediate_source,char_rnn_generation_tutorial,,unicodeToAscii,6,2,1
pytorch_tutorials.intermediate_source,char_rnn_generation_tutorial,,readLines,3,1,1
pytorch_tutorials.intermediate_source,char_rnn_generation_tutorial,,randomChoice,2,1,1
pytorch_tutorials.intermediate_source,char_rnn_generation_tutorial,,randomTrainingPair,4,1,0
pytorch_tutorials.intermediate_source,char_rnn_generation_tutorial,,categoryTensor,5,1,1
pytorch_tutorials.intermediate_source,char_rnn_generation_tutorial,,inputTensor,6,2,1
pytorch_tutorials.intermediate_source,char_rnn_generation_tutorial,,targetTensor,4,1,1
pytorch_tutorials.intermediate_source,char_rnn_generation_tutorial,,randomTrainingExample,6,1,0
pytorch_tutorials.intermediate_source,char_rnn_generation_tutorial,,train,13,3,3
pytorch_tutorials.intermediate_source,char_rnn_generation_tutorial,,timeSince,6,1,1
pytorch_tutorials.intermediate_source,char_rnn_generation_tutorial,,sample,20,3,2
pytorch_tutorials.intermediate_source,char_rnn_generation_tutorial,,samples,3,2,2
pytorch_tutorials.intermediate_source,custom_function_conv_bn_tutorial,Conv2D,forward,3,1,3
pytorch_tutorials.intermediate_source,custom_function_conv_bn_tutorial,Conv2D,backward,3,1,2
pytorch_tutorials.intermediate_source,custom_function_conv_bn_tutorial,BatchNorm,forward,15,1,3
pytorch_tutorials.intermediate_source,custom_function_conv_bn_tutorial,BatchNorm,backward,3,1,2
pytorch_tutorials.intermediate_source,custom_function_conv_bn_tutorial,FusedConvBN2DFunction,forward,17,1,4
pytorch_tutorials.intermediate_source,custom_function_conv_bn_tutorial,FusedConvBN2DFunction,backward,7,1,2
pytorch_tutorials.intermediate_source,custom_function_conv_bn_tutorial,FusedConvBN,__init__,9,1,7
pytorch_tutorials.intermediate_source,custom_function_conv_bn_tutorial,FusedConvBN,forward,2,1,1
pytorch_tutorials.intermediate_source,custom_function_conv_bn_tutorial,FusedConvBN,reset_parameters,2,1,0
pytorch_tutorials.intermediate_source,custom_function_conv_bn_tutorial,Net,__init__,14,2,1
pytorch_tutorials.intermediate_source,custom_function_conv_bn_tutorial,Net,forward,26,4,1
pytorch_tutorials.intermediate_source,custom_function_conv_bn_tutorial,,convolution_backward,4,1,3
pytorch_tutorials.intermediate_source,custom_function_conv_bn_tutorial,,unsqueeze_all,2,1,1
pytorch_tutorials.intermediate_source,custom_function_conv_bn_tutorial,,batch_norm_backward,15,1,6
pytorch_tutorials.intermediate_source,custom_function_conv_bn_tutorial,,train,13,3,5
pytorch_tutorials.intermediate_source,custom_function_conv_bn_tutorial,,test,17,2,3
pytorch_tutorials.intermediate_source,ensembling,SimpleMLP,__init__,5,1,0
pytorch_tutorials.intermediate_source,ensembling,SimpleMLP,forward,8,1,1
pytorch_tutorials.intermediate_source,ensembling,,fmodel,2,1,3
pytorch_tutorials.intermediate_source,flask_rest_api_tutorial,,hello,2,1,0
pytorch_tutorials.intermediate_source,flask_rest_api_tutorial,,predict,2,1,0
pytorch_tutorials.intermediate_source,flask_rest_api_tutorial,,transform_image,9,1,1
pytorch_tutorials.intermediate_source,flask_rest_api_tutorial,,get_prediction,5,1,1
pytorch_tutorials.intermediate_source,flask_rest_api_tutorial,,get_prediction,6,1,1
pytorch_tutorials.intermediate_source,forward_ad_usage,Fn,forward,4,1,2
pytorch_tutorials.intermediate_source,forward_ad_usage,Fn,jvp,4,1,2
pytorch_tutorials.intermediate_source,forward_ad_usage,,fn,2,1,2
pytorch_tutorials.intermediate_source,forward_ad_usage,,fn,2,1,2
pytorch_tutorials.intermediate_source,forward_ad_usage,,func_params_only,2,1,1
pytorch_tutorials.intermediate_source,fx_conv_bn_fuser,WrappedBatchNorm,__init__,3,1,0
pytorch_tutorials.intermediate_source,fx_conv_bn_fuser,WrappedBatchNorm,forward,2,1,1
pytorch_tutorials.intermediate_source,fx_conv_bn_fuser,M,__init__,10,1,0
pytorch_tutorials.intermediate_source,fx_conv_bn_fuser,M,forward,7,1,1
pytorch_tutorials.intermediate_source,fx_conv_bn_fuser,,fuse_conv_bn_eval,9,2,2
pytorch_tutorials.intermediate_source,fx_conv_bn_fuser,,fuse_conv_bn_weights,11,4,7
pytorch_tutorials.intermediate_source,fx_conv_bn_fuser,,_parent_name,5,1,1
pytorch_tutorials.intermediate_source,fx_conv_bn_fuser,,replace_node_module,4,1,3
pytorch_tutorials.intermediate_source,fx_conv_bn_fuser,,fuse,30,6,1
pytorch_tutorials.intermediate_source,fx_conv_bn_fuser,,benchmark,7,3,2
pytorch_tutorials.intermediate_source,fx_profiling_tutorial,ProfilingInterpreter,__init__,5,1,1
pytorch_tutorials.intermediate_source,fx_profiling_tutorial,ProfilingInterpreter,run,6,1,0
pytorch_tutorials.intermediate_source,fx_profiling_tutorial,ProfilingInterpreter,run_node,7,1,1
pytorch_tutorials.intermediate_source,fx_profiling_tutorial,ProfilingInterpreter,summary,19,3,1
pytorch_tutorials.intermediate_source,inductor_debug_cpu,,foo1,5,1,2
pytorch_tutorials.intermediate_source,inductor_debug_cpu,,neg1,2,1,1
pytorch_tutorials.intermediate_source,inductor_debug_cpu,,forward1,8,1,2
pytorch_tutorials.intermediate_source,inductor_debug_cpu,,neg2,2,1,1
pytorch_tutorials.intermediate_source,inductor_debug_cpu,,foo2,5,1,2
pytorch_tutorials.intermediate_source,inductor_debug_cpu,,neg3,2,1,1
pytorch_tutorials.intermediate_source,inductor_debug_cpu,,forward2,4,1,1
pytorch_tutorials.intermediate_source,inductor_debug_cpu,,trace_handler,3,1,1
pytorch_tutorials.intermediate_source,inductor_debug_cpu,,func,7,1,5
pytorch_tutorials.intermediate_source,jacobians_hessians,,predict,2,1,3
pytorch_tutorials.intermediate_source,jacobians_hessians,,compute_jac,4,1,1
pytorch_tutorials.intermediate_source,jacobians_hessians,,get_perf,7,2,4
pytorch_tutorials.intermediate_source,jacobians_hessians,,predict_with_output_summed,2,1,3
pytorch_tutorials.intermediate_source,jacobians_hessians,,hvp,2,1,3
pytorch_tutorials.intermediate_source,jacobians_hessians,,f,2,1,1
pytorch_tutorials.intermediate_source,jacobians_hessians,,hvp_revrev,3,1,3
pytorch_tutorials.intermediate_source,mario_rl_tutorial,SkipFrame,__init__,3,1,2
pytorch_tutorials.intermediate_source,mario_rl_tutorial,SkipFrame,step,9,3,1
pytorch_tutorials.intermediate_source,mario_rl_tutorial,GrayScaleObservation,__init__,4,1,1
pytorch_tutorials.intermediate_source,mario_rl_tutorial,GrayScaleObservation,permute_orientation,4,1,1
pytorch_tutorials.intermediate_source,mario_rl_tutorial,GrayScaleObservation,observation,5,1,1
pytorch_tutorials.intermediate_source,mario_rl_tutorial,ResizeObservation,__init__,8,2,2
pytorch_tutorials.intermediate_source,mario_rl_tutorial,ResizeObservation,observation,6,1,1
pytorch_tutorials.intermediate_source,mario_rl_tutorial,Mario,__init__,2,1,0
pytorch_tutorials.intermediate_source,mario_rl_tutorial,Mario,act,2,1,1
pytorch_tutorials.intermediate_source,mario_rl_tutorial,Mario,cache,2,1,1
pytorch_tutorials.intermediate_source,mario_rl_tutorial,Mario,recall,2,1,0
pytorch_tutorials.intermediate_source,mario_rl_tutorial,Mario,learn,2,1,0
pytorch_tutorials.intermediate_source,mario_rl_tutorial,Mario,__init__,12,1,3
pytorch_tutorials.intermediate_source,mario_rl_tutorial,Mario,act,16,2,1
pytorch_tutorials.intermediate_source,mario_rl_tutorial,Mario,__init__,4,1,3
pytorch_tutorials.intermediate_source,mario_rl_tutorial,Mario,cache,13,1,5
pytorch_tutorials.intermediate_source,mario_rl_tutorial,Mario,recall,6,1,0
pytorch_tutorials.intermediate_source,mario_rl_tutorial,MarioNet,__init__,12,4,2
pytorch_tutorials.intermediate_source,mario_rl_tutorial,MarioNet,forward,5,2,2
pytorch_tutorials.intermediate_source,mario_rl_tutorial,MarioNet,__build_cnn,13,1,2
pytorch_tutorials.intermediate_source,mario_rl_tutorial,Mario,__init__,3,1,3
pytorch_tutorials.intermediate_source,mario_rl_tutorial,Mario,td_estimate,5,1,2
pytorch_tutorials.intermediate_source,mario_rl_tutorial,Mario,td_target,7,1,3
pytorch_tutorials.intermediate_source,mario_rl_tutorial,Mario,__init__,4,1,3
pytorch_tutorials.intermediate_source,mario_rl_tutorial,Mario,update_Q_online,6,1,2
pytorch_tutorials.intermediate_source,mario_rl_tutorial,Mario,sync_Q_target,2,1,0
pytorch_tutorials.intermediate_source,mario_rl_tutorial,Mario,save,9,1,0
pytorch_tutorials.intermediate_source,mario_rl_tutorial,Mario,__init__,5,1,3
pytorch_tutorials.intermediate_source,mario_rl_tutorial,Mario,learn,14,3,0
pytorch_tutorials.intermediate_source,mario_rl_tutorial,MetricLogger,__init__,22,1,1
pytorch_tutorials.intermediate_source,mario_rl_tutorial,MetricLogger,log_step,7,2,3
pytorch_tutorials.intermediate_source,mario_rl_tutorial,MetricLogger,log_episode,12,2,0
pytorch_tutorials.intermediate_source,mario_rl_tutorial,MetricLogger,init_episode,6,1,0
pytorch_tutorials.intermediate_source,mario_rl_tutorial,MetricLogger,record,35,2,3
pytorch_tutorials.intermediate_source,memory_format_tutorial,,contains_cl,9,6,1
pytorch_tutorials.intermediate_source,memory_format_tutorial,,print_inputs,9,5,2
pytorch_tutorials.intermediate_source,memory_format_tutorial,,check_wrapper,29,7,1
pytorch_tutorials.intermediate_source,memory_format_tutorial,,attribute,12,5,1
pytorch_tutorials.intermediate_source,mnist_train_nas,MnistModel,__init__,32,3,0
pytorch_tutorials.intermediate_source,mnist_train_nas,MnistModel,forward,3,1,1
pytorch_tutorials.intermediate_source,mnist_train_nas,MnistModel,training_step,5,1,2
pytorch_tutorials.intermediate_source,mnist_train_nas,MnistModel,validation_step,8,1,2
pytorch_tutorials.intermediate_source,mnist_train_nas,MnistModel,configure_optimizers,3,1,0
pytorch_tutorials.intermediate_source,mnist_train_nas,MnistModel,prepare_data,3,1,0
pytorch_tutorials.intermediate_source,mnist_train_nas,MnistModel,setup,3,1,1
pytorch_tutorials.intermediate_source,mnist_train_nas,MnistModel,train_dataloader,2,1,0
pytorch_tutorials.intermediate_source,mnist_train_nas,MnistModel,val_dataloader,2,1,0
pytorch_tutorials.intermediate_source,mnist_train_nas,,parse_args,16,1,0
pytorch_tutorials.intermediate_source,mnist_train_nas,,run_training_job,23,1,0
pytorch_tutorials.intermediate_source,neural_tangent_kernels,CNN,__init__,6,1,0
pytorch_tutorials.intermediate_source,neural_tangent_kernels,CNN,forward,9,1,1
pytorch_tutorials.intermediate_source,neural_tangent_kernels,,fnet_single,2,1,2
pytorch_tutorials.intermediate_source,neural_tangent_kernels,,empirical_ntk_jacobian_contraction,10,1,4
pytorch_tutorials.intermediate_source,neural_tangent_kernels,,empirical_ntk_jacobian_contraction,19,4,5
pytorch_tutorials.intermediate_source,neural_tangent_kernels,,empirical_ntk_ntk_vps,28,-2,5
pytorch_tutorials.intermediate_source,optimizer_step_in_backward_tutorial,,train,6,1,2
pytorch_tutorials.intermediate_source,optimizer_step_in_backward_tutorial,,optimizer_hook,3,1,1
pytorch_tutorials.intermediate_source,optimizer_step_in_backward_tutorial,,train,4,1,1
pytorch_tutorials.intermediate_source,parametrizations,LinearSymmetric,__init__,3,1,1
pytorch_tutorials.intermediate_source,parametrizations,LinearSymmetric,forward,3,1,1
pytorch_tutorials.intermediate_source,parametrizations,Symmetric,forward,2,1,1
pytorch_tutorials.intermediate_source,parametrizations,Skew,forward,3,1,1
pytorch_tutorials.intermediate_source,parametrizations,NoisyParametrization,forward,3,1,1
pytorch_tutorials.intermediate_source,parametrizations,CayleyMap,__init__,3,1,1
pytorch_tutorials.intermediate_source,parametrizations,CayleyMap,forward,2,1,1
pytorch_tutorials.intermediate_source,parametrizations,MatrixExponential,forward,2,1,1
pytorch_tutorials.intermediate_source,parametrizations,Skew,forward,3,1,1
pytorch_tutorials.intermediate_source,parametrizations,Skew,right_inverse,2,1,1
pytorch_tutorials.intermediate_source,parametrizations,CayleyMap,__init__,3,1,1
pytorch_tutorials.intermediate_source,parametrizations,CayleyMap,forward,2,1,1
pytorch_tutorials.intermediate_source,parametrizations,CayleyMap,right_inverse,2,1,1
pytorch_tutorials.intermediate_source,parametrizations,PruningParametrization,__init__,4,1,2
pytorch_tutorials.intermediate_source,parametrizations,PruningParametrization,forward,2,1,1
pytorch_tutorials.intermediate_source,parametrizations,PruningParametrization,right_inverse,2,1,1
pytorch_tutorials.intermediate_source,parametrizations,,symmetric,2,1,1
pytorch_tutorials.intermediate_source,per_sample_grads,SimpleCNN,__init__,6,1,0
pytorch_tutorials.intermediate_source,per_sample_grads,SimpleCNN,forward,12,1,1
pytorch_tutorials.intermediate_source,per_sample_grads,,loss_fn,2,1,2
pytorch_tutorials.intermediate_source,per_sample_grads,,compute_grad,6,1,2
pytorch_tutorials.intermediate_source,per_sample_grads,,compute_sample_grads,5,1,2
pytorch_tutorials.intermediate_source,per_sample_grads,,compute_loss,6,1,4
pytorch_tutorials.intermediate_source,per_sample_grads,,get_perf,7,2,4
pytorch_tutorials.intermediate_source,pinmem_nonblock,,inner,11,2,2
pytorch_tutorials.intermediate_source,pinmem_nonblock,,benchmark_with_profiler,19,4,2
pytorch_tutorials.intermediate_source,pinmem_nonblock,,timer,9,1,1
pytorch_tutorials.intermediate_source,pinmem_nonblock,,copy_to_device,5,2,0
pytorch_tutorials.intermediate_source,pinmem_nonblock,,copy_to_device_nonblocking,6,2,0
pytorch_tutorials.intermediate_source,pinmem_nonblock,,profile_mem,5,1,1
pytorch_tutorials.intermediate_source,pinmem_nonblock,,pin_copy_to_device,5,2,0
pytorch_tutorials.intermediate_source,pinmem_nonblock,,pin_copy_to_device_nonblocking,6,2,0
pytorch_tutorials.intermediate_source,pruning_tutorial,LeNet,__init__,7,1,0
pytorch_tutorials.intermediate_source,pruning_tutorial,LeNet,forward,8,1,1
pytorch_tutorials.intermediate_source,pruning_tutorial,FooBarPruningMethod,compute_mask,4,1,2
pytorch_tutorials.intermediate_source,pruning_tutorial,,foobar_unstructured,4,1,2
pytorch_tutorials.intermediate_source,reinforcement_q_learning,ReplayMemory,__init__,2,1,1
pytorch_tutorials.intermediate_source,reinforcement_q_learning,ReplayMemory,push,2,1,0
pytorch_tutorials.intermediate_source,reinforcement_q_learning,ReplayMemory,sample,2,1,1
pytorch_tutorials.intermediate_source,reinforcement_q_learning,ReplayMemory,__len__,2,1,0
pytorch_tutorials.intermediate_source,reinforcement_q_learning,DQN,__init__,5,1,2
pytorch_tutorials.intermediate_source,reinforcement_q_learning,DQN,forward,4,1,1
pytorch_tutorials.intermediate_source,reinforcement_q_learning,,select_action,14,1,1
pytorch_tutorials.intermediate_source,reinforcement_q_learning,,plot_durations,22,5,1
pytorch_tutorials.intermediate_source,reinforcement_q_learning,,optimize_model,23,2,0
pytorch_tutorials.intermediate_source,scaled_dot_product_attention_tutorial,CausalSelfAttention,__init__,10,1,5
pytorch_tutorials.intermediate_source,scaled_dot_product_attention_tutorial,CausalSelfAttention,forward,19,2,1
pytorch_tutorials.intermediate_source,scaled_dot_product_attention_tutorial,,benchmark_torch_function_in_microseconds,5,1,1
pytorch_tutorials.intermediate_source,scaled_dot_product_attention_tutorial,,generate_rand_batch,27,1,6
pytorch_tutorials.intermediate_source,seq2seq_translation_tutorial,Lang,__init__,6,1,1
pytorch_tutorials.intermediate_source,seq2seq_translation_tutorial,Lang,addSentence,3,2,1
pytorch_tutorials.intermediate_source,seq2seq_translation_tutorial,Lang,addWord,8,2,1
pytorch_tutorials.intermediate_source,seq2seq_translation_tutorial,EncoderRNN,__init__,6,1,3
pytorch_tutorials.intermediate_source,seq2seq_translation_tutorial,EncoderRNN,forward,4,1,1
pytorch_tutorials.intermediate_source,seq2seq_translation_tutorial,DecoderRNN,__init__,5,1,2
pytorch_tutorials.intermediate_source,seq2seq_translation_tutorial,DecoderRNN,forward,19,3,3
pytorch_tutorials.intermediate_source,seq2seq_translation_tutorial,DecoderRNN,forward_step,6,1,2
pytorch_tutorials.intermediate_source,seq2seq_translation_tutorial,BahdanauAttention,__init__,5,1,1
pytorch_tutorials.intermediate_source,seq2seq_translation_tutorial,BahdanauAttention,forward,6,1,2
pytorch_tutorials.intermediate_source,seq2seq_translation_tutorial,AttnDecoderRNN,__init__,7,1,3
pytorch_tutorials.intermediate_source,seq2seq_translation_tutorial,AttnDecoderRNN,forward,24,3,3
pytorch_tutorials.intermediate_source,seq2seq_translation_tutorial,AttnDecoderRNN,forward_step,8,1,3
pytorch_tutorials.intermediate_source,seq2seq_translation_tutorial,,unicodeToAscii,5,1,1
pytorch_tutorials.intermediate_source,seq2seq_translation_tutorial,,normalizeString,5,1,1
pytorch_tutorials.intermediate_source,seq2seq_translation_tutorial,,readLangs,13,2,3
pytorch_tutorials.intermediate_source,seq2seq_translation_tutorial,,filterPair,4,2,1
pytorch_tutorials.intermediate_source,seq2seq_translation_tutorial,,filterPairs,2,1,1
pytorch_tutorials.intermediate_source,seq2seq_translation_tutorial,,prepareData,13,2,3
pytorch_tutorials.intermediate_source,seq2seq_translation_tutorial,,indexesFromSentence,2,1,2
pytorch_tutorials.intermediate_source,seq2seq_translation_tutorial,,tensorFromSentence,4,1,2
pytorch_tutorials.intermediate_source,seq2seq_translation_tutorial,,tensorsFromPair,4,1,1
pytorch_tutorials.intermediate_source,seq2seq_translation_tutorial,,get_dataloader,17,2,1
pytorch_tutorials.intermediate_source,seq2seq_translation_tutorial,,train_epoch,22,2,6
pytorch_tutorials.intermediate_source,seq2seq_translation_tutorial,,asMinutes,4,1,1
pytorch_tutorials.intermediate_source,seq2seq_translation_tutorial,,timeSince,6,1,2
pytorch_tutorials.intermediate_source,seq2seq_translation_tutorial,,train,24,4,7
pytorch_tutorials.intermediate_source,seq2seq_translation_tutorial,,showPlot,6,1,1
pytorch_tutorials.intermediate_source,seq2seq_translation_tutorial,,evaluate,17,3,5
pytorch_tutorials.intermediate_source,seq2seq_translation_tutorial,,evaluateRandomly,9,2,3
pytorch_tutorials.intermediate_source,seq2seq_translation_tutorial,,showAttention,11,1,3
pytorch_tutorials.intermediate_source,seq2seq_translation_tutorial,,evaluateAndShowAttention,5,1,1
pytorch_tutorials.intermediate_source,spatial_transformer_tutorial,Net,__init__,22,1,0
pytorch_tutorials.intermediate_source,spatial_transformer_tutorial,Net,stn,8,1,1
pytorch_tutorials.intermediate_source,spatial_transformer_tutorial,Net,forward,9,1,1
pytorch_tutorials.intermediate_source,spatial_transformer_tutorial,,train,14,3,1
pytorch_tutorials.intermediate_source,spatial_transformer_tutorial,,test,19,2,0
pytorch_tutorials.intermediate_source,spatial_transformer_tutorial,,convert_image_np,7,1,1
pytorch_tutorials.intermediate_source,spatial_transformer_tutorial,,visualize_stn,21,1,0
pytorch_tutorials.intermediate_source,tensorboard_profiler_tutorial,,train,7,1,1
pytorch_tutorials.intermediate_source,torch_compile_tutorial,MyModule,__init__,3,1,0
pytorch_tutorials.intermediate_source,torch_compile_tutorial,MyModule,forward,2,1,1
pytorch_tutorials.intermediate_source,torch_compile_tutorial,OuterModule,__init__,4,1,0
pytorch_tutorials.intermediate_source,torch_compile_tutorial,OuterModule,forward,3,1,1
pytorch_tutorials.intermediate_source,torch_compile_tutorial,,foo,4,1,2
pytorch_tutorials.intermediate_source,torch_compile_tutorial,,opt_foo2,4,1,2
pytorch_tutorials.intermediate_source,torch_compile_tutorial,,nested_function,2,1,1
pytorch_tutorials.intermediate_source,torch_compile_tutorial,,outer_function,4,1,2
pytorch_tutorials.intermediate_source,torch_compile_tutorial,,complex_conjugate,2,1,1
pytorch_tutorials.intermediate_source,torch_compile_tutorial,,complex_function,3,1,2
pytorch_tutorials.intermediate_source,torch_compile_tutorial,,outer_function,5,1,0
pytorch_tutorials.intermediate_source,torch_compile_tutorial,,timed,8,1,1
pytorch_tutorials.intermediate_source,torch_compile_tutorial,,generate_data,5,1,1
pytorch_tutorials.intermediate_source,torch_compile_tutorial,,init_model,2,1,0
pytorch_tutorials.intermediate_source,torch_compile_tutorial,,train,6,1,2
pytorch_tutorials.intermediate_source,torch_compile_tutorial,,f1,4,1,2
pytorch_tutorials.intermediate_source,torch_compile_tutorial,,test_fns,4,1,3
pytorch_tutorials.intermediate_source,torch_compile_tutorial,,f2,2,1,2
pytorch_tutorials.intermediate_source,torch_compile_tutorial,,f3,6,1,1
pytorch_tutorials.intermediate_source,torch_compile_tutorial,,custom_backend,4,1,2
pytorch_tutorials.intermediate_source,torch_compile_tutorial,,bar,5,2,2
pytorch_tutorials.intermediate_source,torch_export_tutorial,MyModule,__init__,3,1,0
pytorch_tutorials.intermediate_source,torch_export_tutorial,MyModule,forward,2,1,2
pytorch_tutorials.intermediate_source,torch_export_tutorial,Bad1,forward,4,1,1
pytorch_tutorials.intermediate_source,torch_export_tutorial,Bad2,forward,3,1,1
pytorch_tutorials.intermediate_source,torch_export_tutorial,Bad3,forward,3,1,1
pytorch_tutorials.intermediate_source,torch_export_tutorial,Bad4,forward,7,2,1
pytorch_tutorials.intermediate_source,torch_export_tutorial,Bad2,forward,3,1,1
pytorch_tutorials.intermediate_source,torch_export_tutorial,Bad3,forward,3,1,1
pytorch_tutorials.intermediate_source,torch_export_tutorial,Bad4,forward,7,2,1
pytorch_tutorials.intermediate_source,torch_export_tutorial,Bad1Fixed,forward,6,-1,1
pytorch_tutorials.intermediate_source,torch_export_tutorial,DynamicModel,__init__,3,1,0
pytorch_tutorials.intermediate_source,torch_export_tutorial,DynamicModel,forward,6,1,4
pytorch_tutorials.intermediate_source,torch_export_tutorial,DynamicModel,__init__,3,1,0
pytorch_tutorials.intermediate_source,torch_export_tutorial,DynamicModel,forward,6,1,4
pytorch_tutorials.intermediate_source,torch_export_tutorial,DynamicModel,__init__,3,1,0
pytorch_tutorials.intermediate_source,torch_export_tutorial,DynamicModel,forward,11,1,4
pytorch_tutorials.intermediate_source,torch_export_tutorial,Foo,forward,3,1,2
pytorch_tutorials.intermediate_source,torch_export_tutorial,CustomOpExample,forward,5,1,1
pytorch_tutorials.intermediate_source,torch_export_tutorial,M,__init__,3,1,0
pytorch_tutorials.intermediate_source,torch_export_tutorial,M,forward,2,1,1
pytorch_tutorials.intermediate_source,torch_export_tutorial,M,__init__,3,1,0
pytorch_tutorials.intermediate_source,torch_export_tutorial,M,forward,2,1,1
pytorch_tutorials.intermediate_source,torch_export_tutorial,M,__init__,3,1,0
pytorch_tutorials.intermediate_source,torch_export_tutorial,M,forward,3,1,1
pytorch_tutorials.intermediate_source,torch_export_tutorial,,custom_op,3,1,1
pytorch_tutorials.intermediate_source,torch_export_tutorial,,custom_op_meta,2,1,1
pytorch_tutorials.intermediate_source,torch_export_tutorial,,cond_predicate,5,2,1
pytorch_tutorials.intermediate_source,torchrec_intro_tutorial,ExampleAwaitable,__init__,3,1,1
pytorch_tutorials.intermediate_source,torchrec_intro_tutorial,ExampleAwaitable,_wait_impl,2,1,0
pytorch_tutorials.intermediate_source,torchrec_intro_tutorial,InferenceModule,__init__,3,1,1
pytorch_tutorials.intermediate_source,torchrec_intro_tutorial,InferenceModule,forward,2,1,1
pytorch_tutorials.intermediate_source,torchvision_tutorial,PennFudanDataset,__init__,5,1,2
pytorch_tutorials.intermediate_source,torchvision_tutorial,PennFudanDataset,__getitem__,25,2,1
pytorch_tutorials.intermediate_source,torchvision_tutorial,PennFudanDataset,__len__,2,1,0
pytorch_tutorials.intermediate_source,torchvision_tutorial,,get_model_instance_segmentation,12,1,1
pytorch_tutorials.intermediate_source,torchvision_tutorial,,get_transform,7,2,1
pytorch_tutorials.intermediate_source,transformer_building_blocks,MultiHeadAttention,__init__,17,3,9
pytorch_tutorials.intermediate_source,transformer_building_blocks,MultiHeadAttention,forward,27,5,5
pytorch_tutorials.intermediate_source,transformer_building_blocks,InputProjection,__init__,6,1,5
pytorch_tutorials.intermediate_source,transformer_building_blocks,InputProjection,forward,2,1,1
pytorch_tutorials.intermediate_source,transformer_building_blocks,PackedInputProjection,__init__,4,1,5
pytorch_tutorials.intermediate_source,transformer_building_blocks,PackedInputProjection,forward,2,1,1
pytorch_tutorials.intermediate_source,transformer_building_blocks,SwiGLUFFN,__init__,10,2,6
pytorch_tutorials.intermediate_source,transformer_building_blocks,SwiGLUFFN,forward,2,1,1
pytorch_tutorials.intermediate_source,transformer_building_blocks,PackedSwiGLUFFN,__init__,9,2,6
pytorch_tutorials.intermediate_source,transformer_building_blocks,PackedSwiGLUFFN,forward,3,1,1
pytorch_tutorials.intermediate_source,transformer_building_blocks,,zipf_sentence_lengths,9,4,2
pytorch_tutorials.intermediate_source,transformer_building_blocks,,gen_batch,21,2,7
pytorch_tutorials.intermediate_source,transformer_building_blocks,,benchmark,8,1,1
pytorch_tutorials.intermediate_source,transformer_building_blocks,,generate_alibi_bias,7,0,1
pytorch_tutorials.intermediate_source,transformer_building_blocks,,causal_mask,2,1,4
pytorch_tutorials.prototype_source,fx_graph_mode_ptq_dynamic,LSTMModel,__init__,9,1,5
pytorch_tutorials.prototype_source,fx_graph_mode_ptq_dynamic,LSTMModel,init_weights,5,1,0
pytorch_tutorials.prototype_source,fx_graph_mode_ptq_dynamic,LSTMModel,forward,6,1,2
pytorch_tutorials.prototype_source,fx_graph_mode_ptq_dynamic,Dictionary,__init__,3,1,0
pytorch_tutorials.prototype_source,fx_graph_mode_ptq_dynamic,Dictionary,add_word,5,2,1
pytorch_tutorials.prototype_source,fx_graph_mode_ptq_dynamic,Dictionary,__len__,2,1,0
pytorch_tutorials.prototype_source,fx_graph_mode_ptq_dynamic,Corpus,__init__,5,1,1
pytorch_tutorials.prototype_source,fx_graph_mode_ptq_dynamic,Corpus,tokenize,17,5,1
pytorch_tutorials.prototype_source,fx_graph_mode_ptq_dynamic,,init_hidden,9,2,2
pytorch_tutorials.prototype_source,fx_graph_mode_ptq_dynamic,,batchify,4,1,2
pytorch_tutorials.prototype_source,fx_graph_mode_ptq_dynamic,,get_batch,5,1,2
pytorch_tutorials.prototype_source,fx_graph_mode_ptq_dynamic,,repackage_hidden,5,1,1
pytorch_tutorials.prototype_source,fx_graph_mode_ptq_dynamic,,evaluate,12,2,2
pytorch_tutorials.prototype_source,fx_graph_mode_ptq_dynamic,,print_size_of_model,4,1,1
pytorch_tutorials.prototype_source,fx_graph_mode_ptq_dynamic,,time_model_evaluation,5,1,2
pytorch_tutorials.prototype_source,gpu_quantization_torchao_tutorial,,benchmark,10,2,1
pytorch_tutorials.prototype_source,gpu_quantization_torchao_tutorial,,get_sam_model,8,2,2
pytorch_tutorials.prototype_source,maskedtensor_adagrad,,_make_sparse,5,2,3
pytorch_tutorials.prototype_source,nestedtensor,MultiHeadAttention,__init__,11,1,6
pytorch_tutorials.prototype_source,nestedtensor,MultiHeadAttention,forward,14,1,3
pytorch_tutorials.prototype_source,nestedtensor,,zipf_sentence_lengths,9,4,2
pytorch_tutorials.prototype_source,nestedtensor,,gen_batch,15,1,5
pytorch_tutorials.prototype_source,nestedtensor,,jagged_to_padded,4,1,2
pytorch_tutorials.prototype_source,nestedtensor,,benchmark,7,1,1
pytorch_tutorials.prototype_source,numeric_suite_tutorial,MyOutputLogger,__init__,2,1,0
pytorch_tutorials.prototype_source,numeric_suite_tutorial,MyOutputLogger,forward,2,1,1
pytorch_tutorials.prototype_source,numeric_suite_tutorial,MyShadowLogger,__init__,2,1,0
pytorch_tutorials.prototype_source,numeric_suite_tutorial,MyShadowLogger,forward,2,1,2
pytorch_tutorials.prototype_source,numeric_suite_tutorial,LSTMModel,__init__,8,1,5
pytorch_tutorials.prototype_source,numeric_suite_tutorial,LSTMModel,init_weights,5,1,0
pytorch_tutorials.prototype_source,numeric_suite_tutorial,LSTMModel,forward,5,1,2
pytorch_tutorials.prototype_source,numeric_suite_tutorial,LSTMModel,init_hidden,4,1,1
pytorch_tutorials.prototype_source,numeric_suite_tutorial,,compute_error,4,1,2
pytorch_tutorials.prototype_source,torchscript_freezing,Net,__init__,8,1,0
pytorch_tutorials.prototype_source,torchscript_freezing,Net,forward,13,1,1
pytorch_tutorials.prototype_source,torchscript_freezing,Net,version,2,1,0
pytorch_tutorials.prototype_source,vmap_recipe,,model,2,1,1
pytorch_tutorials.prototype_source,vmap_recipe,,f,2,1,1
pytorch_tutorials.prototype_source,vmap_recipe,,get_vjp,2,1,1
pytorch_tutorials.prototype_source,vmap_recipe,,model,2,1,2
pytorch_tutorials.prototype_source,vmap_recipe,,grad_sample,2,1,1
pytorch_tutorials.recipes_source,compiling_optimizer_lr_scheduler,,fn,3,1,0
pytorch_tutorials.recipes_source,compiling_optimizer_lr_scheduler,,fn,3,1,0
pytorch_tutorials.recipes_source,regional_compilation,Layer,__init__,6,1,0
pytorch_tutorials.recipes_source,regional_compilation,Layer,forward,7,1,1
pytorch_tutorials.recipes_source,regional_compilation,Model,__init__,9,2,1
pytorch_tutorials.recipes_source,regional_compilation,Model,forward,5,2,1
pytorch_tutorials.recipes_source,regional_compilation,,measure_latency,8,1,2
pytorch_tutorials.recipes_source,torch_export_aoti_python,,timed,18,4,1
pytorch_tutorials.recipes_source.recipes,amp_recipe,,start_timer,7,1,0
pytorch_tutorials.recipes_source.recipes,amp_recipe,,end_timer_and_print,6,1,1
pytorch_tutorials.recipes_source.recipes,amp_recipe,,make_model,7,2,3
pytorch_tutorials.recipes_source.recipes,benchmark,,batched_dot_mul_sum,2,1,2
pytorch_tutorials.recipes_source.recipes,benchmark,,batched_dot_bmm,4,1,2
pytorch_tutorials.recipes_source.recipes,benchmark,,pretty_print,2,1,1
pytorch_tutorials.recipes_source.recipes,defining_a_neural_network,Net,__init__,8,1,0
pytorch_tutorials.recipes_source.recipes,defining_a_neural_network,Net,__init__,8,1,0
pytorch_tutorials.recipes_source.recipes,defining_a_neural_network,Net,forward,14,1,1
pytorch_tutorials.recipes_source.recipes,dynamic_quantization,lstm_for_demonstration,__init__,3,1,3
pytorch_tutorials.recipes_source.recipes,dynamic_quantization,lstm_for_demonstration,forward,3,1,2
pytorch_tutorials.recipes_source.recipes,dynamic_quantization,,print_size_of_model,6,1,2
pytorch_tutorials.recipes_source.recipes,module_load_state_dict_tips,SomeModule,__init__,3,1,1
pytorch_tutorials.recipes_source.recipes,module_load_state_dict_tips,SomeModule,forward,2,1,1
pytorch_tutorials.recipes_source.recipes,module_load_state_dict_tips,,my_special_routine,2,1,2
pytorch_tutorials.recipes_source.recipes,module_load_state_dict_tips,,my_processing_function,5,1,2
pytorch_tutorials.recipes_source.recipes,profiler_recipe,,trace_handler,4,1,1
pytorch_tutorials.recipes_source.recipes,reasoning_about_shapes,Net,__init__,8,1,0
pytorch_tutorials.recipes_source.recipes,reasoning_about_shapes,Net,forward,8,1,1
pytorch_tutorials.recipes_source.recipes,reasoning_about_shapes,,fw_hook,2,1,3
pytorch_tutorials.recipes_source.recipes,swap_tensors,MyQuantizedLinearWeight,__new__,9,1,3
pytorch_tutorials.recipes_source.recipes,swap_tensors,MyQuantizedLinearWeight,__init__,3,1,2
pytorch_tutorials.recipes_source.recipes,swap_tensors,MyQuantizedLinearWeight,__repr__,2,1,0
pytorch_tutorials.recipes_source.recipes,swap_tensors,MyQuantizedLinearWeight,__torch_dispatch__,8,2,5
pytorch_tutorials.recipes_source.recipes,swap_tensors,,custom_torch_function,9,2,5
pytorch_tutorials.recipes_source.recipes,swap_tensors,,fn,6,2,1
pytorch_tutorials.recipes_source.recipes,tensorboard_with_pytorch,,train_model,8,2,1
pytorch_tutorials.recipes_source.recipes,timer_quick_start,,group_by_file,8,2,1
pytorch_tutorials.recipes_source.recipes,timer_quick_start,,extract_fn_name,3,1,1
pytorch_tutorials.recipes_source.recipes,tuning_guide,,gelu,2,1,1
pytorch_tutorials.recipes_source.recipes,warmstarting_model_using_parameters_from_a_different_model,NetA,__init__,8,1,0
pytorch_tutorials.recipes_source.recipes,warmstarting_model_using_parameters_from_a_different_model,NetA,forward,8,1,1
pytorch_tutorials.recipes_source.recipes,warmstarting_model_using_parameters_from_a_different_model,NetB,__init__,8,1,0
pytorch_tutorials.recipes_source.recipes,warmstarting_model_using_parameters_from_a_different_model,NetB,forward,8,1,1
pytorch_tutorials.recipes_source.recipes,what_is_state_dict,Net,__init__,8,1,0
pytorch_tutorials.recipes_source.recipes,what_is_state_dict,Net,forward,8,1,1
pytorch_tutorials.recipes_source.recipes,zeroing_out_gradients,Net,__init__,8,1,0
pytorch_tutorials.recipes_source.recipes,zeroing_out_gradients,Net,forward,8,1,1
