Package,Module,Class,Function,LOC,CC,PC
kdexd_virtex,hubconf,,resnet50,11,2,1
kdexd_virtex,setup,,get_model_zoo_configs,22,6,0
kdexd_virtex.docs,conf,,linkcode_resolve,32,5,2
kdexd_virtex.scripts,build_vocabulary,,_read_captions,8,2,1
kdexd_virtex.scripts,clf_linear,,main,166,17,1
kdexd_virtex.scripts,clf_voc07,,train_test_single_svm,32,3,1
kdexd_virtex.scripts,clf_voc07,,main,89,9,1
kdexd_virtex.scripts,eval_captioning,,main,51,8,1
kdexd_virtex.scripts,eval_detectron2,Res5ROIHeadsExtraNorm,_build_res5_block,5,1,1
kdexd_virtex.scripts,eval_detectron2,DownstreamTrainer,__init__,14,3,2
kdexd_virtex.scripts,eval_detectron2,DownstreamTrainer,build_evaluator,11,3,4
kdexd_virtex.scripts,eval_detectron2,DownstreamTrainer,test,8,4,3
kdexd_virtex.scripts,eval_detectron2,,build_detectron2_config,15,1,2
kdexd_virtex.scripts,eval_detectron2,,main,37,7,1
kdexd_virtex.scripts,pretrain_virtex,,main,145,13,1
kdexd_virtex.virtex,config,Config,__init__,69,2,2
kdexd_virtex.virtex,config,Config,dump,3,1,1
kdexd_virtex.virtex,config,Config,__getattr__,2,1,1
kdexd_virtex.virtex,config,Config,__str__,2,1,0
kdexd_virtex.virtex,config,Config,__repr__,2,1,0
kdexd_virtex.virtex,factories,Factory,__init__,6,1,0
kdexd_virtex.virtex,factories,Factory,create,4,2,2
kdexd_virtex.virtex,factories,Factory,from_config,2,1,2
kdexd_virtex.virtex,factories,TokenizerFactory,from_config,9,1,2
kdexd_virtex.virtex,factories,ImageTransformsFactory,create,8,2,2
kdexd_virtex.virtex,factories,ImageTransformsFactory,from_config,2,1,2
kdexd_virtex.virtex,factories,PretrainingDatasetFactory,from_config,29,6,3
kdexd_virtex.virtex,factories,DownstreamDatasetFactory,from_config,23,4,3
kdexd_virtex.virtex,factories,VisualBackboneFactory,from_config,14,1,2
kdexd_virtex.virtex,factories,TextualHeadFactory,from_config,33,2,2
kdexd_virtex.virtex,factories,PretrainingModelFactory,from_config,27,4,2
kdexd_virtex.virtex,factories,CaptionDecoderFactory,from_config,13,3,2
kdexd_virtex.virtex,factories,OptimizerFactory,from_config,19,4,3
kdexd_virtex.virtex,factories,LRSchedulerFactory,from_config,11,2,3
kdexd_virtex.virtex.data,tokenizers,SentencePieceBPETokenizer,__init__,4,1,1
kdexd_virtex.virtex.data,tokenizers,SentencePieceBPETokenizer,__getstate__,6,1,0
kdexd_virtex.virtex.data,tokenizers,SentencePieceBPETokenizer,__setstate__,4,1,1
kdexd_virtex.virtex.data,tokenizers,SentencePieceBPETokenizer,get_vocab_size,2,1,0
kdexd_virtex.virtex.data,tokenizers,SentencePieceBPETokenizer,token_to_id,2,1,1
kdexd_virtex.virtex.data,tokenizers,SentencePieceBPETokenizer,id_to_token,2,1,1
kdexd_virtex.virtex.data,tokenizers,SentencePieceBPETokenizer,encode,2,1,1
kdexd_virtex.virtex.data,tokenizers,SentencePieceBPETokenizer,decode,2,1,1
kdexd_virtex.virtex.data,transforms,HorizontalFlip,targets,2,1,0
kdexd_virtex.virtex.data,transforms,HorizontalFlip,apply,2,1,1
kdexd_virtex.virtex.data,transforms,HorizontalFlip,apply_to_caption,7,1,1
kdexd_virtex.virtex.data,transforms,RandomResizedSquareCrop,__init__,2,1,1
kdexd_virtex.virtex.data,transforms,CenterSquareCrop,__init__,2,1,1
kdexd_virtex.virtex.data,transforms,SquareResize,__init__,2,1,1
kdexd_virtex.virtex.data.datasets,captioning,CaptioningDataset,__init__,8,1,5
kdexd_virtex.virtex.data.datasets,captioning,CaptioningDataset,__len__,2,1,0
kdexd_virtex.virtex.data.datasets,captioning,CaptioningDataset,__getitem__,20,1,1
kdexd_virtex.virtex.data.datasets,captioning,CaptioningDataset,collate_fn,18,1,1
kdexd_virtex.virtex.data.datasets,classification,TokenClassificationDataset,__init__,7,1,5
kdexd_virtex.virtex.data.datasets,classification,TokenClassificationDataset,__len__,2,1,0
kdexd_virtex.virtex.data.datasets,classification,TokenClassificationDataset,__getitem__,18,1,1
kdexd_virtex.virtex.data.datasets,classification,TokenClassificationDataset,collate_fn,11,1,1
kdexd_virtex.virtex.data.datasets,classification,MultiLabelClassificationDataset,__init__,22,2,3
kdexd_virtex.virtex.data.datasets,classification,MultiLabelClassificationDataset,__len__,2,1,0
kdexd_virtex.virtex.data.datasets,classification,MultiLabelClassificationDataset,__getitem__,12,1,1
kdexd_virtex.virtex.data.datasets,classification,MultiLabelClassificationDataset,collate_fn,11,1,1
kdexd_virtex.virtex.data.datasets,coco_captions,CocoCaptionsDataset,__init__,22,2,2
kdexd_virtex.virtex.data.datasets,coco_captions,CocoCaptionsDataset,__len__,2,1,0
kdexd_virtex.virtex.data.datasets,coco_captions,CocoCaptionsDataset,__getitem__,5,1,1
kdexd_virtex.virtex.data.datasets,downstream,ImageNetDataset,__init__,3,1,3
kdexd_virtex.virtex.data.datasets,downstream,ImageNetDataset,__getitem__,8,1,1
kdexd_virtex.virtex.data.datasets,downstream,ImageNetDataset,collate_fn,5,1,1
kdexd_virtex.virtex.data.datasets,downstream,INaturalist2018Dataset,__init__,14,1,3
kdexd_virtex.virtex.data.datasets,downstream,INaturalist2018Dataset,__len__,2,1,0
kdexd_virtex.virtex.data.datasets,downstream,INaturalist2018Dataset,__getitem__,11,1,1
kdexd_virtex.virtex.data.datasets,downstream,INaturalist2018Dataset,collate_fn,5,1,1
kdexd_virtex.virtex.data.datasets,downstream,VOC07ClassificationDataset,__init__,31,3,3
kdexd_virtex.virtex.data.datasets,downstream,VOC07ClassificationDataset,__len__,2,1,0
kdexd_virtex.virtex.data.datasets,downstream,VOC07ClassificationDataset,__getitem__,10,1,1
kdexd_virtex.virtex.data.datasets,downstream,VOC07ClassificationDataset,collate_fn,5,1,1
kdexd_virtex.virtex.data.datasets,downstream,ImageDirectoryDataset,__init__,3,1,2
kdexd_virtex.virtex.data.datasets,downstream,ImageDirectoryDataset,__len__,2,1,0
kdexd_virtex.virtex.data.datasets,downstream,ImageDirectoryDataset,__getitem__,8,1,1
kdexd_virtex.virtex.data.datasets,masked_lm,MaskedLmDataset,__init__,13,1,8
kdexd_virtex.virtex.data.datasets,masked_lm,MaskedLmDataset,__len__,2,1,0
kdexd_virtex.virtex.data.datasets,masked_lm,MaskedLmDataset,__getitem__,39,5,1
kdexd_virtex.virtex.data.datasets,masked_lm,MaskedLmDataset,collate_fn,18,1,1
kdexd_virtex.virtex.data.datasets,masked_lm,MaskedLmDataset,_random_token_index,2,1,0
kdexd_virtex.virtex.model_zoo,model_zoo,,get,30,4,2
kdexd_virtex.virtex.models,captioning,CaptioningModel,__init__,17,2,6
kdexd_virtex.virtex.models,captioning,CaptioningModel,forward,65,5,1
kdexd_virtex.virtex.models,captioning,CaptioningModel,decoding_step,19,3,2
kdexd_virtex.virtex.models,captioning,CaptioningModel,log_predictions,13,2,2
kdexd_virtex.virtex.models,captioning,ForwardCaptioningModel,__init__,9,1,5
kdexd_virtex.virtex.models,captioning,BidirectionalCaptioningModel,__init__,9,1,5
kdexd_virtex.virtex.models,classification,ClassificationModel,__init__,5,1,3
kdexd_virtex.virtex.models,classification,ClassificationModel,forward,28,3,1
kdexd_virtex.virtex.models,classification,TokenClassificationModel,log_predictions,17,2,2
kdexd_virtex.virtex.models,classification,MultiLabelClassificationModel,log_predictions,17,2,2
kdexd_virtex.virtex.models,masked_lm,MaskedLMModel,__init__,6,1,2
kdexd_virtex.virtex.models,masked_lm,MaskedLMModel,forward,23,2,1
kdexd_virtex.virtex.models,masked_lm,MaskedLMModel,log_predictions,15,2,2
kdexd_virtex.virtex.modules,embedding,WordAndPositionalEmbedding,__init__,10,1,5
kdexd_virtex.virtex.modules,embedding,WordAndPositionalEmbedding,forward,11,1,1
kdexd_virtex.virtex.modules,embedding,WordAndPositionalEmbedding,_create_position_indices,7,1,1
kdexd_virtex.virtex.modules,textual_heads,TextualHead,__init__,5,1,3
kdexd_virtex.virtex.modules,textual_heads,TextualHead,textual_feature_size,4,1,0
kdexd_virtex.virtex.modules,textual_heads,LinearTextualHead,__init__,4,1,2
kdexd_virtex.virtex.modules,textual_heads,LinearTextualHead,forward,9,1,3
kdexd_virtex.virtex.modules,textual_heads,TransformerDecoderTextualHead,__init__,35,1,11
kdexd_virtex.virtex.modules,textual_heads,TransformerDecoderTextualHead,_init_weights,10,5,1
kdexd_virtex.virtex.modules,textual_heads,TransformerDecoderTextualHead,forward,26,2,3
kdexd_virtex.virtex.modules,textual_heads,TransformerDecoderTextualHead,make_future_mask,7,1,3
kdexd_virtex.virtex.modules,visual_backbones,VisualBackbone,__init__,3,1,1
kdexd_virtex.virtex.modules,visual_backbones,TorchvisionVisualBackbone,__init__,10,3,4
kdexd_virtex.virtex.modules,visual_backbones,TorchvisionVisualBackbone,forward,10,3,1
kdexd_virtex.virtex.modules,visual_backbones,TorchvisionVisualBackbone,detectron2_backbone_state_dict,29,4,0
kdexd_virtex.virtex.optim,lookahead,Lookahead,__init__,11,3,3
kdexd_virtex.virtex.optim,lookahead,Lookahead,__getstate__,8,1,0
kdexd_virtex.virtex.optim,lookahead,Lookahead,param_groups,2,1,0
kdexd_virtex.virtex.optim,lookahead,Lookahead,zero_grad,2,1,0
kdexd_virtex.virtex.optim,lookahead,Lookahead,state_dict,2,1,0
kdexd_virtex.virtex.optim,lookahead,Lookahead,load_state_dict,7,3,1
kdexd_virtex.virtex.optim,lookahead,Lookahead,step,16,4,1
kdexd_virtex.virtex.optim,lookahead,Lookahead,load_slow_weights,9,3,0
kdexd_virtex.virtex.optim,lookahead,Lookahead,restore_fast_weights,8,3,0
kdexd_virtex.virtex.optim,lr_scheduler,LinearWarmupNoDecayLR,__init__,7,1,4
kdexd_virtex.virtex.optim,lr_scheduler,LinearWarmupNoDecayLR,_lr_multiplier,3,1,1
kdexd_virtex.virtex.optim,lr_scheduler,LinearWarmupMultiStepLR,__init__,11,1,6
kdexd_virtex.virtex.optim,lr_scheduler,LinearWarmupMultiStepLR,_lr_multiplier,8,2,1
kdexd_virtex.virtex.optim,lr_scheduler,LinearWarmupLinearDecayLR,__init__,7,1,4
kdexd_virtex.virtex.optim,lr_scheduler,LinearWarmupLinearDecayLR,_lr_multiplier,8,2,1
kdexd_virtex.virtex.optim,lr_scheduler,LinearWarmupCosineAnnealingLR,__init__,7,1,4
kdexd_virtex.virtex.optim,lr_scheduler,LinearWarmupCosineAnnealingLR,_lr_multiplier,9,2,1
kdexd_virtex.virtex.utils,beam_search,AutoRegressiveBeamSearch,__init__,5,2,4
kdexd_virtex.virtex.utils,beam_search,AutoRegressiveBeamSearch,search,130,7,3
kdexd_virtex.virtex.utils,checkpointing,CheckpointManager,__init__,7,1,2
kdexd_virtex.virtex.utils,checkpointing,CheckpointManager,step,20,5,2
kdexd_virtex.virtex.utils,checkpointing,CheckpointManager,_state_dict,10,3,0
kdexd_virtex.virtex.utils,checkpointing,CheckpointManager,remove_earliest_checkpoint,3,1,0
kdexd_virtex.virtex.utils,checkpointing,CheckpointManager,load,28,5,1
kdexd_virtex.virtex.utils,common,,cycle,17,5,3
kdexd_virtex.virtex.utils,common,,common_setup,27,4,3
kdexd_virtex.virtex.utils,common,,common_parser,40,1,1
kdexd_virtex.virtex.utils,distributed,,launch,19,2,6
kdexd_virtex.virtex.utils,distributed,,_job_worker,17,2,7
kdexd_virtex.virtex.utils,distributed,,synchronize,3,2,0
kdexd_virtex.virtex.utils,distributed,,get_world_size,2,1,0
kdexd_virtex.virtex.utils,distributed,,get_rank,2,1,0
kdexd_virtex.virtex.utils,distributed,,is_master_process,4,1,0
kdexd_virtex.virtex.utils,distributed,,average_across_processes,11,5,1
kdexd_virtex.virtex.utils,distributed,,gpu_mem_usage,8,1,0
kdexd_virtex.virtex.utils,metrics,TopkAccuracy,__init__,3,1,1
kdexd_virtex.virtex.utils,metrics,TopkAccuracy,reset,3,1,0
kdexd_virtex.virtex.utils,metrics,TopkAccuracy,__call__,11,2,2
kdexd_virtex.virtex.utils,metrics,TopkAccuracy,get_result,2,1,0
kdexd_virtex.virtex.utils,metrics,CocoCaptionsEvaluator,__init__,6,2,1
kdexd_virtex.virtex.utils,metrics,CocoCaptionsEvaluator,evaluate,13,3,1
kdexd_virtex.virtex.utils,metrics,,tokenize,34,2,1
kdexd_virtex.virtex.utils,metrics,,cider,70,9,4
kdexd_virtex.virtex.utils,metrics,,spice,28,1,2
kdexd_virtex.virtex.utils,nucleus_sampling,AutoRegressiveNucleusSampling,__init__,5,1,3
kdexd_virtex.virtex.utils,nucleus_sampling,AutoRegressiveNucleusSampling,search,63,4,2
kdexd_virtex.virtex.utils,timer,Timer,__init__,5,1,3
kdexd_virtex.virtex.utils,timer,Timer,tic,2,1,0
kdexd_virtex.virtex.utils,timer,Timer,toc,4,1,0
kdexd_virtex.virtex.utils,timer,Timer,stats,5,1,0
kdexd_virtex.virtex.utils,timer,Timer,eta_hhmm,7,1,0
