Package,Module,Class,Smell,Function/Method,Line no,File,Details
persephone-tools_persephone,conftest,,Complex method,pytest_runtest_setup,21 - 42,/Volumes/BrokeExt/NICHE/persephone-tools_persephone/conftest.py,"Method 'pytest_runtest_setup' has a cyclomatic complexity of 7, exceeding the max of 6."
persephone-tools_persephone,conftest,,Long statement,pytest_addoption,10,/Volumes/BrokeExt/NICHE/persephone-tools_persephone/conftest.py,A line with 198 chars in pytest_addoption exceeds the maximum length of 120 characters.
persephone-tools_persephone,conftest,,Long statement,pytest_addoption,14,/Volumes/BrokeExt/NICHE/persephone-tools_persephone/conftest.py,A line with 190 chars in pytest_addoption exceeds the maximum length of 120 characters.
persephone-tools_persephone,conftest,,Long statement,pytest_runtest_setup,22,/Volumes/BrokeExt/NICHE/persephone-tools_persephone/conftest.py,A line with 639 chars in pytest_runtest_setup exceeds the maximum length of 120 characters.
persephone-tools_persephone,conftest,,Long statement,,1,/Volumes/BrokeExt/NICHE/persephone-tools_persephone/conftest.py,A line with 176 chars in conftest exceeds the maximum length of 120 characters.
persephone-tools_persephone,setup,,Long statement,,3,/Volumes/BrokeExt/NICHE/persephone-tools_persephone/setup.py,A line with 911 chars in setup exceeds the maximum length of 120 characters.
persephone-tools_persephone.docs,conf,,Long statement,,41,/Volumes/BrokeExt/NICHE/persephone-tools_persephone/docs/conf.py,A line with 171 chars in conf exceeds the maximum length of 120 characters.
persephone-tools_persephone.docs,conf,,Long statement,,158,/Volumes/BrokeExt/NICHE/persephone-tools_persephone/docs/conf.py,A line with 151 chars in conf exceeds the maximum length of 120 characters.
persephone-tools_persephone.persephone,config,,Long statement,,1,/Volumes/BrokeExt/NICHE/persephone-tools_persephone/persephone/config.py,A line with 305 chars in config exceeds the maximum length of 120 characters.
persephone-tools_persephone.persephone,config,,Long statement,,27,/Volumes/BrokeExt/NICHE/persephone-tools_persephone/persephone/config.py,A line with 126 chars in config exceeds the maximum length of 120 characters.
persephone-tools_persephone.persephone,corpus,Corpus,Complex method,make_data_splits,397 - 441,/Volumes/BrokeExt/NICHE/persephone-tools_persephone/persephone/corpus.py,"Method 'make_data_splits' has a cyclomatic complexity of 7, exceeding the max of 6."
persephone-tools_persephone.persephone,corpus,,Long identifier,get_untranscribed_prefixes_from_file,69,/Volumes/BrokeExt/NICHE/persephone-tools_persephone/persephone/corpus.py,Identifier'get_untranscribed_prefixes_from_file' exceeds the maximum length of 30 characters.
persephone-tools_persephone.persephone,corpus,Corpus,Long method,__init__,116 - 235,/Volumes/BrokeExt/NICHE/persephone-tools_persephone/persephone/corpus.py,Method '__init__' is too long (53 lines).
persephone-tools_persephone.persephone,corpus,,Long statement,find_untranscribed_wavs,50,/Volumes/BrokeExt/NICHE/persephone-tools_persephone/persephone/corpus.py,A line with 375 chars in find_untranscribed_wavs exceeds the maximum length of 120 characters.
persephone-tools_persephone.persephone,corpus,,Long statement,get_untranscribed_prefixes_from_file,70,/Volumes/BrokeExt/NICHE/persephone-tools_persephone/persephone/corpus.py,A line with 480 chars in get_untranscribed_prefixes_from_file exceeds the maximum length of 120 characters.
persephone-tools_persephone.persephone,corpus,,Long statement,determine_labels,621,/Volumes/BrokeExt/NICHE/persephone-tools_persephone/persephone/corpus.py,A line with 485 chars in determine_labels exceeds the maximum length of 120 characters.
persephone-tools_persephone.persephone,corpus,Corpus,Long statement,__init__,121,/Volumes/BrokeExt/NICHE/persephone-tools_persephone/persephone/corpus.py,A line with 2013 chars in __init__ exceeds the maximum length of 120 characters.
persephone-tools_persephone.persephone,corpus,Corpus,Long statement,__init__,158,/Volumes/BrokeExt/NICHE/persephone-tools_persephone/persephone/corpus.py,A line with 213 chars in __init__ exceeds the maximum length of 120 characters.
persephone-tools_persephone.persephone,corpus,Corpus,Long statement,__init__,188,/Volumes/BrokeExt/NICHE/persephone-tools_persephone/persephone/corpus.py,A line with 131 chars in __init__ exceeds the maximum length of 120 characters.
persephone-tools_persephone.persephone,corpus,Corpus,Long statement,from_elan,245,/Volumes/BrokeExt/NICHE/persephone-tools_persephone/persephone/corpus.py,A line with 1667 chars in from_elan exceeds the maximum length of 120 characters.
persephone-tools_persephone.persephone,corpus,Corpus,Long statement,set_and_check_directories,342,/Volumes/BrokeExt/NICHE/persephone-tools_persephone/persephone/corpus.py,A line with 128 chars in set_and_check_directories exceeds the maximum length of 120 characters.
persephone-tools_persephone.persephone,corpus,Corpus,Long statement,make_data_splits,437,/Volumes/BrokeExt/NICHE/persephone-tools_persephone/persephone/corpus.py,A line with 275 chars in make_data_splits exceeds the maximum length of 120 characters.
persephone-tools_persephone.persephone,corpus,Corpus,Long statement,read_prefixes,452,/Volumes/BrokeExt/NICHE/persephone-tools_persephone/persephone/corpus.py,A line with 123 chars in read_prefixes exceeds the maximum length of 120 characters.
persephone-tools_persephone.persephone,corpus,Corpus,Long statement,get_train_fns,539,/Volumes/BrokeExt/NICHE/persephone-tools_persephone/persephone/corpus.py,A line with 256 chars in get_train_fns exceeds the maximum length of 120 characters.
persephone-tools_persephone.persephone,corpus,Corpus,Long statement,get_untranscribed_prefixes,556,/Volumes/BrokeExt/NICHE/persephone-tools_persephone/persephone/corpus.py,A line with 421 chars in get_untranscribed_prefixes exceeds the maximum length of 120 characters.
persephone-tools_persephone.persephone,corpus,Corpus,Long statement,get_untranscribed_fns,569,/Volumes/BrokeExt/NICHE/persephone-tools_persephone/persephone/corpus.py,A line with 129 chars in get_untranscribed_fns exceeds the maximum length of 120 characters.
persephone-tools_persephone.persephone,corpus,Corpus,Long statement,determine_prefixes,574,/Volumes/BrokeExt/NICHE/persephone-tools_persephone/persephone/corpus.py,A line with 139 chars in determine_prefixes exceeds the maximum length of 120 characters.
persephone-tools_persephone.persephone,corpus,Corpus,Long statement,determine_prefixes,577,/Volumes/BrokeExt/NICHE/persephone-tools_persephone/persephone/corpus.py,A line with 123 chars in determine_prefixes exceeds the maximum length of 120 characters.
persephone-tools_persephone.persephone,corpus,Corpus,Long statement,determine_prefixes,585,/Volumes/BrokeExt/NICHE/persephone-tools_persephone/persephone/corpus.py,A line with 259 chars in determine_prefixes exceeds the maximum length of 120 characters.
persephone-tools_persephone.persephone,corpus,Corpus,Magic number,__init__,119,/Volumes/BrokeExt/NICHE/persephone-tools_persephone/persephone/corpus.py,Magic number 1000 used in __init__.
persephone-tools_persephone.persephone,corpus,Corpus,Magic number,divide_prefixes,469,/Volumes/BrokeExt/NICHE/persephone-tools_persephone/persephone/corpus.py,Magic number 3 used in divide_prefixes.
persephone-tools_persephone.persephone,corpus,Corpus,Magic number,num_feats,517,/Volumes/BrokeExt/NICHE/persephone-tools_persephone/persephone/corpus.py,Magic number 3 used in num_feats.
persephone-tools_persephone.persephone,corpus,Corpus,Magic number,num_feats,520,/Volumes/BrokeExt/NICHE/persephone-tools_persephone/persephone/corpus.py,Magic number 2 used in num_feats.
persephone-tools_persephone.persephone,corpus,Corpus,Magic number,num_feats,519,/Volumes/BrokeExt/NICHE/persephone-tools_persephone/persephone/corpus.py,Magic number 2 used in num_feats.
persephone-tools_persephone.persephone,corpus_reader,CorpusReader,Complex method,__init__,28 - 97,/Volumes/BrokeExt/NICHE/persephone-tools_persephone/persephone/corpus_reader.py,"Method '__init__' has a cyclomatic complexity of 9, exceeding the max of 6."
persephone-tools_persephone.persephone,corpus_reader,CorpusReader,Long method,__init__,28 - 97,/Volumes/BrokeExt/NICHE/persephone-tools_persephone/persephone/corpus_reader.py,Method '__init__' is too long (47 lines).
persephone-tools_persephone.persephone,corpus_reader,CorpusReader,Long statement,__init__,29,/Volumes/BrokeExt/NICHE/persephone-tools_persephone/persephone/corpus_reader.py,A line with 604 chars in __init__ exceeds the maximum length of 120 characters.
persephone-tools_persephone.persephone,corpus_reader,CorpusReader,Long statement,__init__,69,/Volumes/BrokeExt/NICHE/persephone-tools_persephone/persephone/corpus_reader.py,A line with 121 chars in __init__ exceeds the maximum length of 120 characters.
persephone-tools_persephone.persephone,corpus_reader,CorpusReader,Long statement,__init__,85,/Volumes/BrokeExt/NICHE/persephone-tools_persephone/persephone/corpus_reader.py,A line with 121 chars in __init__ exceeds the maximum length of 120 characters.
persephone-tools_persephone.persephone,corpus_reader,CorpusReader,Long statement,load_batch,100,/Volumes/BrokeExt/NICHE/persephone-tools_persephone/persephone/corpus_reader.py,A line with 135 chars in load_batch exceeds the maximum length of 120 characters.
persephone-tools_persephone.persephone,corpus_reader,CorpusReader,Long statement,train_batch_gen,133,/Volumes/BrokeExt/NICHE/persephone-tools_persephone/persephone/corpus_reader.py,A line with 130 chars in train_batch_gen exceeds the maximum length of 120 characters.
persephone-tools_persephone.persephone,corpus_reader,CorpusReader,Long statement,human_readable_hyp_ref,175,/Volumes/BrokeExt/NICHE/persephone-tools_persephone/persephone/corpus_reader.py,A line with 121 chars in human_readable_hyp_ref exceeds the maximum length of 120 characters.
persephone-tools_persephone.persephone,corpus_reader,CorpusReader,Long statement,human_readable,192,/Volumes/BrokeExt/NICHE/persephone-tools_persephone/persephone/corpus_reader.py,A line with 143 chars in human_readable exceeds the maximum length of 120 characters.
persephone-tools_persephone.persephone,corpus_reader,CorpusReader,Long statement,__repr__,205,/Volumes/BrokeExt/NICHE/persephone-tools_persephone/persephone/corpus_reader.py,A line with 181 chars in __repr__ exceeds the maximum length of 120 characters.
persephone-tools_persephone.persephone,corpus_reader,CorpusReader,Magic number,__init__,52,/Volumes/BrokeExt/NICHE/persephone-tools_persephone/persephone/corpus_reader.py,Magic number 64 used in __init__.
persephone-tools_persephone.persephone,corpus_reader,CorpusReader,Magic number,__init__,75,/Volumes/BrokeExt/NICHE/persephone-tools_persephone/persephone/corpus_reader.py,Magic number 64 used in __init__.
persephone-tools_persephone.persephone,corpus_reader,CorpusReader,Magic number,__init__,78,/Volumes/BrokeExt/NICHE/persephone-tools_persephone/persephone/corpus_reader.py,Magic number 64 used in __init__.
persephone-tools_persephone.persephone,corpus_reader,CorpusReader,Magic number,calc_time,230,/Volumes/BrokeExt/NICHE/persephone-tools_persephone/persephone/corpus_reader.py,Magic number 60 used in calc_time.
persephone-tools_persephone.persephone,corpus_reader,CorpusReader,Magic number,calc_time,230,/Volumes/BrokeExt/NICHE/persephone-tools_persephone/persephone/corpus_reader.py,Magic number 1000 used in calc_time.
persephone-tools_persephone.persephone,corpus_reader,CorpusReader,Magic number,calc_time,230,/Volumes/BrokeExt/NICHE/persephone-tools_persephone/persephone/corpus_reader.py,Magic number 10 used in calc_time.
persephone-tools_persephone.persephone,distance,,Complex method,min_edit_distance_align,53 - 145,/Volumes/BrokeExt/NICHE/persephone-tools_persephone/persephone/distance.py,"Method 'min_edit_distance_align' has a cyclomatic complexity of 13, exceeding the max of 6."
persephone-tools_persephone.persephone,distance,,Complex method,cluster_alignment_errors,150 - 176,/Volumes/BrokeExt/NICHE/persephone-tools_persephone/persephone/distance.py,"Method 'cluster_alignment_errors' has a cyclomatic complexity of 7, exceeding the max of 6."
persephone-tools_persephone.persephone,distance,,Long method,min_edit_distance_align,53 - 145,/Volumes/BrokeExt/NICHE/persephone-tools_persephone/persephone/distance.py,Method 'min_edit_distance_align' is too long (53 lines).
persephone-tools_persephone.persephone,distance,,Long statement,min_edit_distance,14,/Volumes/BrokeExt/NICHE/persephone-tools_persephone/persephone/distance.py,A line with 557 chars in min_edit_distance exceeds the maximum length of 120 characters.
persephone-tools_persephone.persephone,distance,,Long statement,min_edit_distance,46,/Volumes/BrokeExt/NICHE/persephone-tools_persephone/persephone/distance.py,A line with 207 chars in min_edit_distance exceeds the maximum length of 120 characters.
persephone-tools_persephone.persephone,distance,,Long statement,min_edit_distance_align,66,/Volumes/BrokeExt/NICHE/persephone-tools_persephone/persephone/distance.py,A line with 650 chars in min_edit_distance_align exceeds the maximum length of 120 characters.
persephone-tools_persephone.persephone,distance,,Long statement,min_edit_distance_align,102,/Volumes/BrokeExt/NICHE/persephone-tools_persephone/persephone/distance.py,A line with 231 chars in min_edit_distance_align exceeds the maximum length of 120 characters.
persephone-tools_persephone.persephone,distance,,Long statement,cluster_alignment_errors,152,/Volumes/BrokeExt/NICHE/persephone-tools_persephone/persephone/distance.py,A line with 353 chars in cluster_alignment_errors exceeds the maximum length of 120 characters.
persephone-tools_persephone.persephone,distance,,Long statement,word_error_rate,179,/Volumes/BrokeExt/NICHE/persephone-tools_persephone/persephone/distance.py,A line with 443 chars in word_error_rate exceeds the maximum length of 120 characters.
persephone-tools_persephone.persephone,distance,,Magic number,word_error_rate,200,/Volumes/BrokeExt/NICHE/persephone-tools_persephone/persephone/distance.py,Magic number 100 used in word_error_rate.
persephone-tools_persephone.persephone,experiment,,Long statement,_prepare_directory,21,/Volumes/BrokeExt/NICHE/persephone-tools_persephone/persephone/experiment.py,A line with 136 chars in _prepare_directory exceeds the maximum length of 120 characters.
persephone-tools_persephone.persephone,experiment,,Long statement,prep_sub_exp_dir,33,/Volumes/BrokeExt/NICHE/persephone-tools_persephone/persephone/experiment.py,A line with 149 chars in prep_sub_exp_dir exceeds the maximum length of 120 characters.
persephone-tools_persephone.persephone,experiment,,Long statement,prep_exp_dir,40,/Volumes/BrokeExt/NICHE/persephone-tools_persephone/persephone/experiment.py,A line with 461 chars in prep_exp_dir exceeds the maximum length of 120 characters.
persephone-tools_persephone.persephone,experiment,,Long statement,get_simple_model,78,/Volumes/BrokeExt/NICHE/persephone-tools_persephone/persephone/experiment.py,A line with 123 chars in get_simple_model exceeds the maximum length of 120 characters.
persephone-tools_persephone.persephone,experiment,,Magic number,get_simple_model,58,/Volumes/BrokeExt/NICHE/persephone-tools_persephone/persephone/experiment.py,Magic number 2 used in get_simple_model.
persephone-tools_persephone.persephone,experiment,,Magic number,get_simple_model,59,/Volumes/BrokeExt/NICHE/persephone-tools_persephone/persephone/experiment.py,Magic number 250 used in get_simple_model.
persephone-tools_persephone.persephone,experiment,,Magic number,get_simple_model,63,/Volumes/BrokeExt/NICHE/persephone-tools_persephone/persephone/experiment.py,Magic number 512 used in get_simple_model.
persephone-tools_persephone.persephone,experiment,,Magic number,get_simple_model,64,/Volumes/BrokeExt/NICHE/persephone-tools_persephone/persephone/experiment.py,Magic number 16 used in get_simple_model.
persephone-tools_persephone.persephone,experiment,,Magic number,get_simple_model,65,/Volumes/BrokeExt/NICHE/persephone-tools_persephone/persephone/experiment.py,Magic number 128 used in get_simple_model.
persephone-tools_persephone.persephone,experiment,,Magic number,get_simple_model,66,/Volumes/BrokeExt/NICHE/persephone-tools_persephone/persephone/experiment.py,Magic number 4 used in get_simple_model.
persephone-tools_persephone.persephone,experiment,,Magic number,get_simple_model,69,/Volumes/BrokeExt/NICHE/persephone-tools_persephone/persephone/experiment.py,Magic number 4 used in get_simple_model.
persephone-tools_persephone.persephone,model,,Complex method,decode,69 - 154,/Volumes/BrokeExt/NICHE/persephone-tools_persephone/persephone/model.py,"Method 'decode' has a cyclomatic complexity of 10, exceeding the max of 6."
persephone-tools_persephone.persephone,model,Model,Complex method,transcribe,193 - 234,/Volumes/BrokeExt/NICHE/persephone-tools_persephone/persephone/model.py,"Method 'transcribe' has a cyclomatic complexity of 7, exceeding the max of 6."
persephone-tools_persephone.persephone,model,Model,Complex method,train,309 - 502,/Volumes/BrokeExt/NICHE/persephone-tools_persephone/persephone/model.py,"Method 'train' has a cyclomatic complexity of 25, exceeding the max of 6."
persephone-tools_persephone.persephone,model,,Long method,decode,69 - 154,/Volumes/BrokeExt/NICHE/persephone-tools_persephone/persephone/model.py,Method 'decode' is too long (49 lines).
persephone-tools_persephone.persephone,model,Model,Long method,eval,256 - 300,/Volumes/BrokeExt/NICHE/persephone-tools_persephone/persephone/model.py,Method 'eval' is too long (43 lines).
persephone-tools_persephone.persephone,model,Model,Long method,train,309 - 502,/Volumes/BrokeExt/NICHE/persephone-tools_persephone/persephone/model.py,Method 'train' is too long (165 lines).
persephone-tools_persephone.persephone,model,,Long statement,load_metagraph,28,/Volumes/BrokeExt/NICHE/persephone-tools_persephone/persephone/model.py,A line with 227 chars in load_metagraph exceeds the maximum length of 120 characters.
persephone-tools_persephone.persephone,model,,Long statement,dense_to_human_readable,38,/Volumes/BrokeExt/NICHE/persephone-tools_persephone/persephone/model.py,A line with 125 chars in dense_to_human_readable exceeds the maximum length of 120 characters.
persephone-tools_persephone.persephone,model,,Long statement,decode_corpus,59,/Volumes/BrokeExt/NICHE/persephone-tools_persephone/persephone/model.py,A line with 232 chars in decode_corpus exceeds the maximum length of 120 characters.
persephone-tools_persephone.persephone,model,,Long statement,decode,79,/Volumes/BrokeExt/NICHE/persephone-tools_persephone/persephone/model.py,A line with 958 chars in decode exceeds the maximum length of 120 characters.
persephone-tools_persephone.persephone,model,Model,Long statement,transcribe,194,/Volumes/BrokeExt/NICHE/persephone-tools_persephone/persephone/model.py,A line with 148 chars in transcribe exceeds the maximum length of 120 characters.
persephone-tools_persephone.persephone,model,Model,Long statement,decode,247,/Volumes/BrokeExt/NICHE/persephone-tools_persephone/persephone/model.py,A line with 195 chars in decode exceeds the maximum length of 120 characters.
persephone-tools_persephone.persephone,model,Model,Long statement,eval,295,/Volumes/BrokeExt/NICHE/persephone-tools_persephone/persephone/model.py,A line with 171 chars in eval exceeds the maximum length of 120 characters.
persephone-tools_persephone.persephone,model,Model,Long statement,train,313,/Volumes/BrokeExt/NICHE/persephone-tools_persephone/persephone/model.py,A line with 1125 chars in train exceeds the maximum length of 120 characters.
persephone-tools_persephone.persephone,model,Model,Long statement,train,478,/Volumes/BrokeExt/NICHE/persephone-tools_persephone/persephone/model.py,A line with 288 chars in train exceeds the maximum length of 120 characters.
persephone-tools_persephone.persephone,model,Model,Long statement,train,498,/Volumes/BrokeExt/NICHE/persephone-tools_persephone/persephone/model.py,A line with 147 chars in train exceeds the maximum length of 120 characters.
persephone-tools_persephone.persephone,model,,Magic number,decode_corpus,52,/Volumes/BrokeExt/NICHE/persephone-tools_persephone/persephone/model.py,Magic number 64 used in decode_corpus.
persephone-tools_persephone.persephone,model,,Magic number,decode,74,/Volumes/BrokeExt/NICHE/persephone-tools_persephone/persephone/model.py,Magic number 64 used in decode.
persephone-tools_persephone.persephone,model,Model,Magic number,train,309,/Volumes/BrokeExt/NICHE/persephone-tools_persephone/persephone/model.py,Magic number 10 used in train.
persephone-tools_persephone.persephone,model,Model,Magic number,train,309,/Volumes/BrokeExt/NICHE/persephone-tools_persephone/persephone/model.py,Magic number 30 used in train.
persephone-tools_persephone.persephone,model,Model,Magic number,train,310,/Volumes/BrokeExt/NICHE/persephone-tools_persephone/persephone/model.py,Magic number 0.3 used in train.
persephone-tools_persephone.persephone,model,Model,Magic number,train,311,/Volumes/BrokeExt/NICHE/persephone-tools_persephone/persephone/model.py,Magic number 100 used in train.
persephone-tools_persephone.persephone,model,Model,Magic number,train,332,/Volumes/BrokeExt/NICHE/persephone-tools_persephone/persephone/model.py,Magic number 2.0 used in train.
persephone-tools_persephone.persephone,results,,Long statement,filtered_error_rate,19,/Volumes/BrokeExt/NICHE/persephone-tools_persephone/persephone/results.py,A line with 133 chars in filtered_error_rate exceeds the maximum length of 120 characters.
persephone-tools_persephone.persephone,results,,Long statement,latex_header,47,/Volumes/BrokeExt/NICHE/persephone-tools_persephone/persephone/results.py,A line with 363 chars in latex_header exceeds the maximum length of 120 characters.
persephone-tools_persephone.persephone,results,,Long statement,fmt_error_types,109,/Volumes/BrokeExt/NICHE/persephone-tools_persephone/persephone/results.py,A line with 138 chars in fmt_error_types exceeds the maximum length of 120 characters.
persephone-tools_persephone.persephone,results,,Long statement,fmt_error_types,111,/Volumes/BrokeExt/NICHE/persephone-tools_persephone/persephone/results.py,A line with 140 chars in fmt_error_types exceeds the maximum length of 120 characters.
persephone-tools_persephone.persephone,results,,Long statement,fmt_error_types,114,/Volumes/BrokeExt/NICHE/persephone-tools_persephone/persephone/results.py,A line with 138 chars in fmt_error_types exceeds the maximum length of 120 characters.
persephone-tools_persephone.persephone,results,,Long statement,fmt_error_types,125,/Volumes/BrokeExt/NICHE/persephone-tools_persephone/persephone/results.py,A line with 126 chars in fmt_error_types exceeds the maximum length of 120 characters.
persephone-tools_persephone.persephone,results,,Long statement,fmt_confusion_matrix,154,/Volumes/BrokeExt/NICHE/persephone-tools_persephone/persephone/results.py,A line with 129 chars in fmt_confusion_matrix exceeds the maximum length of 120 characters.
persephone-tools_persephone.persephone,results,,Magic number,fmt_confusion_matrix,135,/Volumes/BrokeExt/NICHE/persephone-tools_persephone/persephone/results.py,Magic number 25 used in fmt_confusion_matrix.
persephone-tools_persephone.persephone,rnn_ctc,Model,Long method,__init__,61 - 143,/Volumes/BrokeExt/NICHE/persephone-tools_persephone/persephone/rnn_ctc.py,Method '__init__' is too long (55 lines).
persephone-tools_persephone.persephone,rnn_ctc,Model,Long parameter list,__init__,61 - 143,/Volumes/BrokeExt/NICHE/persephone-tools_persephone/persephone/rnn_ctc.py,"__init__ has 6 parameters, exceeding the max of 5."
persephone-tools_persephone.persephone,rnn_ctc,Model,Long statement,__init__,101,/Volumes/BrokeExt/NICHE/persephone-tools_persephone/persephone/rnn_ctc.py,A line with 151 chars in __init__ exceeds the maximum length of 120 characters.
persephone-tools_persephone.persephone,rnn_ctc,Model,Long statement,__init__,126,/Volumes/BrokeExt/NICHE/persephone-tools_persephone/persephone/rnn_ctc.py,A line with 156 chars in __init__ exceeds the maximum length of 120 characters.
persephone-tools_persephone.persephone,rnn_ctc,Model,Long statement,__init__,135,/Volumes/BrokeExt/NICHE/persephone-tools_persephone/persephone/rnn_ctc.py,A line with 133 chars in __init__ exceeds the maximum length of 120 characters.
persephone-tools_persephone.persephone,rnn_ctc,Model,Magic number,__init__,61,/Volumes/BrokeExt/NICHE/persephone-tools_persephone/persephone/rnn_ctc.py,Magic number 3 used in __init__.
persephone-tools_persephone.persephone,rnn_ctc,Model,Magic number,__init__,62,/Volumes/BrokeExt/NICHE/persephone-tools_persephone/persephone/rnn_ctc.py,Magic number 250 used in __init__.
persephone-tools_persephone.persephone,rnn_ctc,Model,Magic number,__init__,62,/Volumes/BrokeExt/NICHE/persephone-tools_persephone/persephone/rnn_ctc.py,Magic number 100 used in __init__.
persephone-tools_persephone.persephone,rnn_ctc,Model,Magic number,__init__,73,/Volumes/BrokeExt/NICHE/persephone-tools_persephone/persephone/rnn_ctc.py,Magic number 2 used in __init__.
persephone-tools_persephone.persephone,utils,,Empty catch block,is_number,144,/Volumes/BrokeExt/NICHE/persephone-tools_persephone/persephone/utils.py,Empty catch block found in is_number.
persephone-tools_persephone.persephone,utils,,Long statement,target_list_to_sparse_tensor,20,/Volumes/BrokeExt/NICHE/persephone-tools_persephone/persephone/utils.py,A line with 377 chars in target_list_to_sparse_tensor exceeds the maximum length of 120 characters.
persephone-tools_persephone.persephone,utils,,Long statement,collapse,49,/Volumes/BrokeExt/NICHE/persephone-tools_persephone/persephone/utils.py,A line with 139 chars in collapse exceeds the maximum length of 120 characters.
persephone-tools_persephone.persephone,utils,,Long statement,get_prefixes,95,/Volumes/BrokeExt/NICHE/persephone-tools_persephone/persephone/utils.py,A line with 242 chars in get_prefixes exceeds the maximum length of 120 characters.
persephone-tools_persephone.persephone,utils,,Long statement,filter_by_size,120,/Volumes/BrokeExt/NICHE/persephone-tools_persephone/persephone/utils.py,A line with 319 chars in filter_by_size exceeds the maximum length of 120 characters.
persephone-tools_persephone.persephone,utterance,,Long statement,write_transcriptions,47,/Volumes/BrokeExt/NICHE/persephone-tools_persephone/persephone/utterance.py,A line with 442 chars in write_transcriptions exceeds the maximum length of 120 characters.
persephone-tools_persephone.persephone,utterance,,Long statement,remove_empty_text,83,/Volumes/BrokeExt/NICHE/persephone-tools_persephone/persephone/utterance.py,A line with 129 chars in remove_empty_text exceeds the maximum length of 120 characters.
persephone-tools_persephone.persephone,utterance,,Long statement,duration,92,/Volumes/BrokeExt/NICHE/persephone-tools_persephone/persephone/utterance.py,A line with 128 chars in duration exceeds the maximum length of 120 characters.
persephone-tools_persephone.persephone,utterance,,Long statement,total_duration,100,/Volumes/BrokeExt/NICHE/persephone-tools_persephone/persephone/utterance.py,A line with 157 chars in total_duration exceeds the maximum length of 120 characters.
persephone-tools_persephone.persephone,utterance,,Long statement,speaker_durations,116,/Volumes/BrokeExt/NICHE/persephone-tools_persephone/persephone/utterance.py,A line with 135 chars in speaker_durations exceeds the maximum length of 120 characters.
persephone-tools_persephone.persephone,utterance,,Long statement,remove_too_short,130,/Volumes/BrokeExt/NICHE/persephone-tools_persephone/persephone/utterance.py,A line with 224 chars in remove_too_short exceeds the maximum length of 120 characters.
persephone-tools_persephone.persephone,utterance,,Long statement,,5,/Volumes/BrokeExt/NICHE/persephone-tools_persephone/persephone/utterance.py,A line with 187 chars in utterance exceeds the maximum length of 120 characters.
persephone-tools_persephone.persephone,utterance,,Long statement,,12,/Volumes/BrokeExt/NICHE/persephone-tools_persephone/persephone/utterance.py,A line with 1865 chars in utterance exceeds the maximum length of 120 characters.
persephone-tools_persephone.persephone,utterance,,Magic number,remove_too_short,129,/Volumes/BrokeExt/NICHE/persephone-tools_persephone/persephone/utterance.py,Magic number 25 used in remove_too_short.
persephone-tools_persephone.persephone,utterance,,Magic number,remove_too_short,129,/Volumes/BrokeExt/NICHE/persephone-tools_persephone/persephone/utterance.py,Magic number 10 used in remove_too_short.
persephone-tools_persephone.persephone.datasets,bkw,,Long statement,get_en_words,47,/Volumes/BrokeExt/NICHE/persephone-tools_persephone/persephone/datasets/bkw.py,A line with 838 chars in get_en_words exceeds the maximum length of 120 characters.
persephone-tools_persephone.persephone.datasets,bkw,,Long statement,segment_str,98,/Volumes/BrokeExt/NICHE/persephone-tools_persephone/persephone/datasets/bkw.py,A line with 182 chars in segment_str exceeds the maximum length of 120 characters.
persephone-tools_persephone.persephone.datasets,bkw,,Long statement,create_corpus,158,/Volumes/BrokeExt/NICHE/persephone-tools_persephone/persephone/datasets/bkw.py,A line with 205 chars in create_corpus exceeds the maximum length of 120 characters.
persephone-tools_persephone.persephone.datasets,bkw,,Long statement,,20,/Volumes/BrokeExt/NICHE/persephone-tools_persephone/persephone/datasets/bkw.py,A line with 139 chars in bkw exceeds the maximum length of 120 characters.
persephone-tools_persephone.persephone.datasets,na,,Complex method,preprocess_na,67 - 207,/Volumes/BrokeExt/NICHE/persephone-tools_persephone/persephone/datasets/na.py,"Method 'preprocess_na' has a cyclomatic complexity of 9, exceeding the max of 6."
persephone-tools_persephone.persephone.datasets,na,,Complex method,trim_wavs,222 - 265,/Volumes/BrokeExt/NICHE/persephone-tools_persephone/persephone/datasets/na.py,"Method 'trim_wavs' has a cyclomatic complexity of 10, exceeding the max of 6."
persephone-tools_persephone.persephone.datasets,na,,Complex method,prepare_untran,292 - 337,/Volumes/BrokeExt/NICHE/persephone-tools_persephone/persephone/datasets/na.py,"Method 'prepare_untran' has a cyclomatic complexity of 9, exceeding the max of 6."
persephone-tools_persephone.persephone.datasets,na,,Complex method,prepare_feats,340 - 402,/Volumes/BrokeExt/NICHE/persephone-tools_persephone/persephone/datasets/na.py,"Method 'prepare_feats' has a cyclomatic complexity of 15, exceeding the max of 6."
persephone-tools_persephone.persephone.datasets,na,Corpus,Complex method,__init__,492 - 535,/Volumes/BrokeExt/NICHE/persephone-tools_persephone/persephone/datasets/na.py,"Method '__init__' has a cyclomatic complexity of 7, exceeding the max of 6."
persephone-tools_persephone.persephone.datasets,na,,Long method,preprocess_na,67 - 207,/Volumes/BrokeExt/NICHE/persephone-tools_persephone/persephone/datasets/na.py,Method 'preprocess_na' is too long (132 lines).
persephone-tools_persephone.persephone.datasets,na,,Long method,prepare_feats,340 - 402,/Volumes/BrokeExt/NICHE/persephone-tools_persephone/persephone/datasets/na.py,Method 'prepare_feats' is too long (52 lines).
persephone-tools_persephone.persephone.datasets,na,,Long parameter list,prepare_feats,340 - 402,/Volumes/BrokeExt/NICHE/persephone-tools_persephone/persephone/datasets/na.py,"prepare_feats has 6 parameters, exceeding the max of 5."
persephone-tools_persephone.persephone.datasets,na,Corpus,Long parameter list,__init__,492 - 535,/Volumes/BrokeExt/NICHE/persephone-tools_persephone/persephone/datasets/na.py,"__init__ has 7 parameters, exceeding the max of 5."
persephone-tools_persephone.persephone.datasets,na,,Long statement,preprocess_na,192,/Volumes/BrokeExt/NICHE/persephone-tools_persephone/persephone/datasets/na.py,A line with 127 chars in preprocess_na exceeds the maximum length of 120 characters.
persephone-tools_persephone.persephone.datasets,na,,Long statement,trim_wavs,225,/Volumes/BrokeExt/NICHE/persephone-tools_persephone/persephone/datasets/na.py,A line with 148 chars in trim_wavs exceeds the maximum length of 120 characters.
persephone-tools_persephone.persephone.datasets,na,,Long statement,trim_wavs,263,/Volumes/BrokeExt/NICHE/persephone-tools_persephone/persephone/datasets/na.py,A line with 140 chars in trim_wavs exceeds the maximum length of 120 characters.
persephone-tools_persephone.persephone.datasets,na,,Long statement,prepare_untran,327,/Volumes/BrokeExt/NICHE/persephone-tools_persephone/persephone/datasets/na.py,A line with 128 chars in prepare_untran exceeds the maximum length of 120 characters.
persephone-tools_persephone.persephone.datasets,na,,Long statement,make_data_splits,414,/Volumes/BrokeExt/NICHE/persephone-tools_persephone/persephone/datasets/na.py,A line with 206 chars in make_data_splits exceeds the maximum length of 120 characters.
persephone-tools_persephone.persephone.datasets,na,,Long statement,make_data_splits,438,/Volumes/BrokeExt/NICHE/persephone-tools_persephone/persephone/datasets/na.py,A line with 121 chars in make_data_splits exceeds the maximum length of 120 characters.
persephone-tools_persephone.persephone.datasets,na,Corpus,Long statement,make_data_splits,542,/Volumes/BrokeExt/NICHE/persephone-tools_persephone/persephone/datasets/na.py,A line with 139 chars in make_data_splits exceeds the maximum length of 120 characters.
persephone-tools_persephone.persephone.datasets,na,Corpus,Long statement,make_data_splits,547,/Volumes/BrokeExt/NICHE/persephone-tools_persephone/persephone/datasets/na.py,A line with 122 chars in make_data_splits exceeds the maximum length of 120 characters.
persephone-tools_persephone.persephone.datasets,na,Corpus,Long statement,make_data_splits,552,/Volumes/BrokeExt/NICHE/persephone-tools_persephone/persephone/datasets/na.py,A line with 144 chars in make_data_splits exceeds the maximum length of 120 characters.
persephone-tools_persephone.persephone.datasets,na,Corpus,Long statement,output_story_prefixes,565,/Volumes/BrokeExt/NICHE/persephone-tools_persephone/persephone/datasets/na.py,A line with 127 chars in output_story_prefixes exceeds the maximum length of 120 characters.
persephone-tools_persephone.persephone.datasets,na,Corpus,Long statement,__repr__,575,/Volumes/BrokeExt/NICHE/persephone-tools_persephone/persephone/datasets/na.py,A line with 336 chars in __repr__ exceeds the maximum length of 120 characters.
persephone-tools_persephone.persephone.datasets,na,,Long statement,,39,/Volumes/BrokeExt/NICHE/persephone-tools_persephone/persephone/datasets/na.py,A line with 246 chars in na exceeds the maximum length of 120 characters.
persephone-tools_persephone.persephone.datasets,na,,Long statement,,43,/Volumes/BrokeExt/NICHE/persephone-tools_persephone/persephone/datasets/na.py,A line with 208 chars in na exceeds the maximum length of 120 characters.
persephone-tools_persephone.persephone.datasets,na,,Magic number,preprocess_na,113,/Volumes/BrokeExt/NICHE/persephone-tools_persephone/persephone/datasets/na.py,Magic number 3 used in preprocess_na.
persephone-tools_persephone.persephone.datasets,na,,Magic number,preprocess_na,118,/Volumes/BrokeExt/NICHE/persephone-tools_persephone/persephone/datasets/na.py,Magic number 3 used in preprocess_na.
persephone-tools_persephone.persephone.datasets,na,,Magic number,preprocess_na,124,/Volumes/BrokeExt/NICHE/persephone-tools_persephone/persephone/datasets/na.py,Magic number 3 used in preprocess_na.
persephone-tools_persephone.persephone.datasets,na,,Magic number,preprocess_na,129,/Volumes/BrokeExt/NICHE/persephone-tools_persephone/persephone/datasets/na.py,Magic number 2 used in preprocess_na.
persephone-tools_persephone.persephone.datasets,na,,Magic number,preprocess_na,134,/Volumes/BrokeExt/NICHE/persephone-tools_persephone/persephone/datasets/na.py,Magic number 2 used in preprocess_na.
persephone-tools_persephone.persephone.datasets,na,,Magic number,preprocess_na,136,/Volumes/BrokeExt/NICHE/persephone-tools_persephone/persephone/datasets/na.py,Magic number 2 used in preprocess_na.
persephone-tools_persephone.persephone.datasets,na,,Magic number,preprocess_na,143,/Volumes/BrokeExt/NICHE/persephone-tools_persephone/persephone/datasets/na.py,Magic number 2 used in preprocess_na.
persephone-tools_persephone.persephone.datasets,na,,Magic number,preprocess_na,103,/Volumes/BrokeExt/NICHE/persephone-tools_persephone/persephone/datasets/na.py,Magic number 4 used in preprocess_na.
persephone-tools_persephone.persephone.datasets,na,,Magic number,preprocess_na,135,/Volumes/BrokeExt/NICHE/persephone-tools_persephone/persephone/datasets/na.py,Magic number 2 used in preprocess_na.
persephone-tools_persephone.persephone.datasets,na,,Magic number,preprocess_na,137,/Volumes/BrokeExt/NICHE/persephone-tools_persephone/persephone/datasets/na.py,Magic number 2 used in preprocess_na.
persephone-tools_persephone.persephone.datasets,na,,Magic number,preprocess_na,104,/Volumes/BrokeExt/NICHE/persephone-tools_persephone/persephone/datasets/na.py,Magic number 4 used in preprocess_na.
persephone-tools_persephone.persephone.datasets,na,,Magic number,preprocess_na,104,/Volumes/BrokeExt/NICHE/persephone-tools_persephone/persephone/datasets/na.py,Magic number 4 used in preprocess_na.
persephone-tools_persephone.persephone.datasets,na,,Magic number,preprocess_na,106,/Volumes/BrokeExt/NICHE/persephone-tools_persephone/persephone/datasets/na.py,Magic number 2 used in preprocess_na.
persephone-tools_persephone.persephone.datasets,na,,Magic number,preprocess_na,108,/Volumes/BrokeExt/NICHE/persephone-tools_persephone/persephone/datasets/na.py,Magic number 2 used in preprocess_na.
persephone-tools_persephone.persephone.datasets,na,,Magic number,preprocess_na,110,/Volumes/BrokeExt/NICHE/persephone-tools_persephone/persephone/datasets/na.py,Magic number 3 used in preprocess_na.
persephone-tools_persephone.persephone.datasets,na,,Magic number,preprocess_na,115,/Volumes/BrokeExt/NICHE/persephone-tools_persephone/persephone/datasets/na.py,Magic number 3 used in preprocess_na.
persephone-tools_persephone.persephone.datasets,na,,Magic number,preprocess_na,117,/Volumes/BrokeExt/NICHE/persephone-tools_persephone/persephone/datasets/na.py,Magic number 3 used in preprocess_na.
persephone-tools_persephone.persephone.datasets,na,,Magic number,preprocess_na,120,/Volumes/BrokeExt/NICHE/persephone-tools_persephone/persephone/datasets/na.py,Magic number 3 used in preprocess_na.
persephone-tools_persephone.persephone.datasets,na,,Magic number,preprocess_na,122,/Volumes/BrokeExt/NICHE/persephone-tools_persephone/persephone/datasets/na.py,Magic number 3 used in preprocess_na.
persephone-tools_persephone.persephone.datasets,na,,Magic number,preprocess_na,126,/Volumes/BrokeExt/NICHE/persephone-tools_persephone/persephone/datasets/na.py,Magic number 3 used in preprocess_na.
persephone-tools_persephone.persephone.datasets,na,,Magic number,preprocess_na,126,/Volumes/BrokeExt/NICHE/persephone-tools_persephone/persephone/datasets/na.py,Magic number 3 used in preprocess_na.
persephone-tools_persephone.persephone.datasets,na,,Magic number,preprocess_na,128,/Volumes/BrokeExt/NICHE/persephone-tools_persephone/persephone/datasets/na.py,Magic number 3 used in preprocess_na.
persephone-tools_persephone.persephone.datasets,na,,Magic number,preprocess_na,131,/Volumes/BrokeExt/NICHE/persephone-tools_persephone/persephone/datasets/na.py,Magic number 2 used in preprocess_na.
persephone-tools_persephone.persephone.datasets,na,,Magic number,preprocess_na,131,/Volumes/BrokeExt/NICHE/persephone-tools_persephone/persephone/datasets/na.py,Magic number 2 used in preprocess_na.
persephone-tools_persephone.persephone.datasets,na,,Magic number,preprocess_na,133,/Volumes/BrokeExt/NICHE/persephone-tools_persephone/persephone/datasets/na.py,Magic number 2 used in preprocess_na.
persephone-tools_persephone.persephone.datasets,na,,Magic number,preprocess_na,145,/Volumes/BrokeExt/NICHE/persephone-tools_persephone/persephone/datasets/na.py,Magic number 2 used in preprocess_na.
persephone-tools_persephone.persephone.datasets,na,,Magic number,preprocess_na,145,/Volumes/BrokeExt/NICHE/persephone-tools_persephone/persephone/datasets/na.py,Magic number 2 used in preprocess_na.
persephone-tools_persephone.persephone.datasets,na,,Magic number,preprocess_na,147,/Volumes/BrokeExt/NICHE/persephone-tools_persephone/persephone/datasets/na.py,Magic number 2 used in preprocess_na.
persephone-tools_persephone.persephone.datasets,na,,Magic number,prepare_untran,318,/Volumes/BrokeExt/NICHE/persephone-tools_persephone/persephone/datasets/na.py,Magic number 10 used in prepare_untran.
persephone-tools_persephone.persephone.datasets,na,,Magic number,prepare_untran,332,/Volumes/BrokeExt/NICHE/persephone-tools_persephone/persephone/datasets/na.py,Magic number 10 used in prepare_untran.
persephone-tools_persephone.persephone.datasets,na,,Magic number,prepare_untran,333,/Volumes/BrokeExt/NICHE/persephone-tools_persephone/persephone/datasets/na.py,Magic number 10 used in prepare_untran.
persephone-tools_persephone.persephone.datasets,na,,Magic number,make_data_splits,412,/Volumes/BrokeExt/NICHE/persephone-tools_persephone/persephone/datasets/na.py,Magic number 1000 used in make_data_splits.
persephone-tools_persephone.persephone.datasets,na,Corpus,Magic number,__init__,495,/Volumes/BrokeExt/NICHE/persephone-tools_persephone/persephone/datasets/na.py,Magic number 1000 used in __init__.
persephone-tools_persephone.persephone.preprocess,elan,Eaf,Empty catch block,time_origin,35,/Volumes/BrokeExt/NICHE/persephone-tools_persephone/persephone/preprocess/elan.py,Empty catch block found in time_origin.
persephone-tools_persephone.persephone.preprocess,elan,,Long statement,utterances_from_eaf,95,/Volumes/BrokeExt/NICHE/persephone-tools_persephone/persephone/preprocess/elan.py,A line with 262 chars in utterances_from_eaf exceeds the maximum length of 120 characters.
persephone-tools_persephone.persephone.preprocess,elan,,Long statement,utterances_from_dir,118,/Volumes/BrokeExt/NICHE/persephone-tools_persephone/persephone/preprocess/elan.py,A line with 587 chars in utterances_from_dir exceeds the maximum length of 120 characters.
persephone-tools_persephone.persephone.preprocess,elan,Eaf,Long statement,initialize_media_descriptor,55,/Volumes/BrokeExt/NICHE/persephone-tools_persephone/persephone/preprocess/elan.py,A line with 222 chars in initialize_media_descriptor exceeds the maximum length of 120 characters.
persephone-tools_persephone.persephone.preprocess,elan,,Magic number,utterances_from_tier,86,/Volumes/BrokeExt/NICHE/persephone-tools_persephone/persephone/preprocess/elan.py,Magic number 2 used in utterances_from_tier.
persephone-tools_persephone.persephone.preprocess,elan,,Magic number,utterances_from_tier,72,/Volumes/BrokeExt/NICHE/persephone-tools_persephone/persephone/preprocess/elan.py,Magic number 2 used in utterances_from_tier.
persephone-tools_persephone.persephone.preprocess,feat_extract,,Complex method,from_dir,117 - 173,/Volumes/BrokeExt/NICHE/persephone-tools_persephone/persephone/preprocess/feat_extract.py,"Method 'from_dir' has a cyclomatic complexity of 12, exceeding the max of 6."
persephone-tools_persephone.persephone.preprocess,feat_extract,,Complex method,kaldi_pitch,188 - 230,/Volumes/BrokeExt/NICHE/persephone-tools_persephone/persephone/preprocess/feat_extract.py,"Method 'kaldi_pitch' has a cyclomatic complexity of 9, exceeding the max of 6."
persephone-tools_persephone.persephone.preprocess,feat_extract,,Long method,from_dir,117 - 173,/Volumes/BrokeExt/NICHE/persephone-tools_persephone/persephone/preprocess/feat_extract.py,Method 'from_dir' is too long (43 lines).
persephone-tools_persephone.persephone.preprocess,feat_extract,,Long statement,from_dir,118,/Volumes/BrokeExt/NICHE/persephone-tools_persephone/persephone/preprocess/feat_extract.py,A line with 218 chars in from_dir exceeds the maximum length of 120 characters.
persephone-tools_persephone.persephone.preprocess,feat_extract,,Long statement,from_dir,159,/Volumes/BrokeExt/NICHE/persephone-tools_persephone/persephone/preprocess/feat_extract.py,A line with 129 chars in from_dir exceeds the maximum length of 120 characters.
persephone-tools_persephone.persephone.preprocess,feat_extract,,Long statement,convert_wav,176,/Volumes/BrokeExt/NICHE/persephone-tools_persephone/persephone/preprocess/feat_extract.py,A line with 203 chars in convert_wav exceeds the maximum length of 120 characters.
persephone-tools_persephone.persephone.preprocess,feat_extract,,Long statement,kaldi_pitch,212,/Volumes/BrokeExt/NICHE/persephone-tools_persephone/persephone/preprocess/feat_extract.py,A line with 139 chars in kaldi_pitch exceeds the maximum length of 120 characters.
persephone-tools_persephone.persephone.preprocess,feat_extract,,Magic number,fbank,55,/Volumes/BrokeExt/NICHE/persephone-tools_persephone/persephone/preprocess/feat_extract.py,Magic number 3 used in fbank.
persephone-tools_persephone.persephone.preprocess,feat_extract,,Magic number,mfcc,70,/Volumes/BrokeExt/NICHE/persephone-tools_persephone/persephone/preprocess/feat_extract.py,Magic number 3 used in mfcc.
persephone-tools_persephone.persephone.preprocess,feat_extract,,Magic number,combine_fbank_and_pitch,81,/Volumes/BrokeExt/NICHE/persephone-tools_persephone/persephone/preprocess/feat_extract.py,Magic number 3 used in combine_fbank_and_pitch.
persephone-tools_persephone.persephone.preprocess,feat_extract,,Magic number,combine_fbank_and_pitch,102,/Volumes/BrokeExt/NICHE/persephone-tools_persephone/persephone/preprocess/feat_extract.py,Magic number 2 used in combine_fbank_and_pitch.
persephone-tools_persephone.persephone.preprocess,feat_extract,,Magic number,combine_fbank_and_pitch,87,/Volumes/BrokeExt/NICHE/persephone-tools_persephone/persephone/preprocess/feat_extract.py,Magic number 2 used in combine_fbank_and_pitch.
persephone-tools_persephone.persephone.preprocess,labels,,Long statement,segment_into_tokens,69,/Volumes/BrokeExt/NICHE/persephone-tools_persephone/persephone/preprocess/labels.py,A line with 532 chars in segment_into_tokens exceeds the maximum length of 120 characters.
persephone-tools_persephone.persephone.preprocess,labels,,Long statement,,10,/Volumes/BrokeExt/NICHE/persephone-tools_persephone/persephone/preprocess/labels.py,A line with 125 chars in labels exceeds the maximum length of 120 characters.
persephone-tools_persephone.persephone.preprocess,labels,,Long statement,,13,/Volumes/BrokeExt/NICHE/persephone-tools_persephone/persephone/preprocess/labels.py,A line with 720 chars in labels exceeds the maximum length of 120 characters.
persephone-tools_persephone.persephone.preprocess,labels,,Long statement,,28,/Volumes/BrokeExt/NICHE/persephone-tools_persephone/persephone/preprocess/labels.py,A line with 257 chars in labels exceeds the maximum length of 120 characters.
persephone-tools_persephone.persephone.preprocess,pangloss,,Complex method,get_sents_times_and_translations,8 - 41,/Volumes/BrokeExt/NICHE/persephone-tools_persephone/persephone/preprocess/pangloss.py,"Method 'get_sents_times_and_translations' has a cyclomatic complexity of 10, exceeding the max of 6."
persephone-tools_persephone.persephone.preprocess,pangloss,,Long identifier,get_sents_times_and_translations,8,/Volumes/BrokeExt/NICHE/persephone-tools_persephone/persephone/preprocess/pangloss.py,Identifier'get_sents_times_and_translations' exceeds the maximum length of 30 characters.
persephone-tools_persephone.persephone.preprocess,wav,,Long statement,trim_wav_ms,20,/Volumes/BrokeExt/NICHE/persephone-tools_persephone/persephone/preprocess/wav.py,A line with 455 chars in trim_wav_ms exceeds the maximum length of 120 characters.
persephone-tools_persephone.persephone.preprocess,wav,,Long statement,trim_wav_pydub,49,/Volumes/BrokeExt/NICHE/persephone-tools_persephone/persephone/preprocess/wav.py,A line with 163 chars in trim_wav_pydub exceeds the maximum length of 120 characters.
persephone-tools_persephone.persephone.preprocess,wav,,Long statement,trim_wav_sox,74,/Volumes/BrokeExt/NICHE/persephone-tools_persephone/persephone/preprocess/wav.py,A line with 138 chars in trim_wav_sox exceeds the maximum length of 120 characters.
persephone-tools_persephone.persephone.preprocess,wav,,Long statement,trim_wav_sox,86,/Volumes/BrokeExt/NICHE/persephone-tools_persephone/persephone/preprocess/wav.py,A line with 155 chars in trim_wav_sox exceeds the maximum length of 120 characters.
persephone-tools_persephone.persephone.preprocess,wav,,Long statement,extract_wavs,92,/Volumes/BrokeExt/NICHE/persephone-tools_persephone/persephone/preprocess/wav.py,A line with 498 chars in extract_wavs exceeds the maximum length of 120 characters.
persephone-tools_persephone.persephone.preprocess,wav,,Magic number,millisecs_to_secs,16,/Volumes/BrokeExt/NICHE/persephone-tools_persephone/persephone/preprocess/wav.py,Magic number 1000 used in millisecs_to_secs.
persephone-tools_persephone.persephone.tests,conftest,,Long method,create_test_corpus,86 - 144,/Volumes/BrokeExt/NICHE/persephone-tools_persephone/persephone/tests/conftest.py,Method 'create_test_corpus' is too long (58 lines).
persephone-tools_persephone.persephone.tests,conftest,,Long statement,make_wav,10,/Volumes/BrokeExt/NICHE/persephone-tools_persephone/persephone/tests/conftest.py,A line with 277 chars in make_wav exceeds the maximum length of 120 characters.
persephone-tools_persephone.persephone.tests,conftest,,Long statement,make_wav,18,/Volumes/BrokeExt/NICHE/persephone-tools_persephone/persephone/tests/conftest.py,A line with 273 chars in make_wav exceeds the maximum length of 120 characters.
persephone-tools_persephone.persephone.tests,conftest,,Magic number,make_wav,17,/Volumes/BrokeExt/NICHE/persephone-tools_persephone/persephone/tests/conftest.py,Magic number 44100.0 used in make_wav.
persephone-tools_persephone.persephone.tests,conftest,,Magic number,make_wav,25,/Volumes/BrokeExt/NICHE/persephone-tools_persephone/persephone/tests/conftest.py,Magic number 8000.0 used in make_wav.
persephone-tools_persephone.persephone.tests,conftest,,Magic number,make_wav,28,/Volumes/BrokeExt/NICHE/persephone-tools_persephone/persephone/tests/conftest.py,Magic number 2 used in make_wav.
persephone-tools_persephone.persephone.tests,conftest,,Magic number,create_sine,45,/Volumes/BrokeExt/NICHE/persephone-tools_persephone/persephone/tests/conftest.py,Magic number 44100.0 used in create_sine.
persephone-tools_persephone.persephone.tests,conftest,,Magic number,create_sine,51,/Volumes/BrokeExt/NICHE/persephone-tools_persephone/persephone/tests/conftest.py,Magic number 261.63 used in create_sine.
persephone-tools_persephone.persephone.tests,conftest,,Magic number,create_sine,52,/Volumes/BrokeExt/NICHE/persephone-tools_persephone/persephone/tests/conftest.py,Magic number 277.18 used in create_sine.
persephone-tools_persephone.persephone.tests,conftest,,Magic number,create_sine,52,/Volumes/BrokeExt/NICHE/persephone-tools_persephone/persephone/tests/conftest.py,Magic number 277.18 used in create_sine.
persephone-tools_persephone.persephone.tests,conftest,,Magic number,create_sine,53,/Volumes/BrokeExt/NICHE/persephone-tools_persephone/persephone/tests/conftest.py,Magic number 293.66 used in create_sine.
persephone-tools_persephone.persephone.tests,conftest,,Magic number,create_sine,54,/Volumes/BrokeExt/NICHE/persephone-tools_persephone/persephone/tests/conftest.py,Magic number 311.13 used in create_sine.
persephone-tools_persephone.persephone.tests,conftest,,Magic number,create_sine,54,/Volumes/BrokeExt/NICHE/persephone-tools_persephone/persephone/tests/conftest.py,Magic number 311.13 used in create_sine.
persephone-tools_persephone.persephone.tests,conftest,,Magic number,create_sine,55,/Volumes/BrokeExt/NICHE/persephone-tools_persephone/persephone/tests/conftest.py,Magic number 329.63 used in create_sine.
persephone-tools_persephone.persephone.tests,conftest,,Magic number,create_sine,56,/Volumes/BrokeExt/NICHE/persephone-tools_persephone/persephone/tests/conftest.py,Magic number 349.23 used in create_sine.
persephone-tools_persephone.persephone.tests,conftest,,Magic number,create_sine,57,/Volumes/BrokeExt/NICHE/persephone-tools_persephone/persephone/tests/conftest.py,Magic number 369.99 used in create_sine.
persephone-tools_persephone.persephone.tests,conftest,,Magic number,create_sine,57,/Volumes/BrokeExt/NICHE/persephone-tools_persephone/persephone/tests/conftest.py,Magic number 369.99 used in create_sine.
persephone-tools_persephone.persephone.tests,conftest,,Magic number,create_sine,58,/Volumes/BrokeExt/NICHE/persephone-tools_persephone/persephone/tests/conftest.py,Magic number 392.0 used in create_sine.
persephone-tools_persephone.persephone.tests,conftest,,Magic number,create_sine,59,/Volumes/BrokeExt/NICHE/persephone-tools_persephone/persephone/tests/conftest.py,Magic number 415.3 used in create_sine.
persephone-tools_persephone.persephone.tests,conftest,,Magic number,create_sine,59,/Volumes/BrokeExt/NICHE/persephone-tools_persephone/persephone/tests/conftest.py,Magic number 415.3 used in create_sine.
persephone-tools_persephone.persephone.tests,conftest,,Magic number,create_sine,60,/Volumes/BrokeExt/NICHE/persephone-tools_persephone/persephone/tests/conftest.py,Magic number 440.0 used in create_sine.
persephone-tools_persephone.persephone.tests,conftest,,Magic number,create_sine,61,/Volumes/BrokeExt/NICHE/persephone-tools_persephone/persephone/tests/conftest.py,Magic number 466.16 used in create_sine.
persephone-tools_persephone.persephone.tests,conftest,,Magic number,create_sine,61,/Volumes/BrokeExt/NICHE/persephone-tools_persephone/persephone/tests/conftest.py,Magic number 466.16 used in create_sine.
persephone-tools_persephone.persephone.tests,conftest,,Magic number,create_sine,62,/Volumes/BrokeExt/NICHE/persephone-tools_persephone/persephone/tests/conftest.py,Magic number 493.88 used in create_sine.
persephone-tools_persephone.persephone.tests,conftest,,Magic number,create_note_sequence,75,/Volumes/BrokeExt/NICHE/persephone-tools_persephone/persephone/tests/conftest.py,Magic number 44100.0 used in create_note_sequence.
persephone-tools_persephone.persephone.tests,conftest,,Magic number,create_test_corpus,142,/Volumes/BrokeExt/NICHE/persephone-tools_persephone/persephone/tests/conftest.py,Magic number 3 used in create_test_corpus.
persephone-tools_persephone.persephone.tests,test_corpus,,Long identifier,test_corpus_with_predefined_data_sets,89,/Volumes/BrokeExt/NICHE/persephone-tools_persephone/persephone/tests/test_corpus.py,Identifier'test_corpus_with_predefined_data_sets' exceeds the maximum length of 30 characters.
persephone-tools_persephone.persephone.tests,test_corpus,,Long identifier,test_create_corpus_label_mismatch,137,/Volumes/BrokeExt/NICHE/persephone-tools_persephone/persephone/tests/test_corpus.py,Identifier'test_create_corpus_label_mismatch' exceeds the maximum length of 30 characters.
persephone-tools_persephone.persephone.tests,test_corpus,,Long identifier,test_untranscribed_wavs,224,/Volumes/BrokeExt/NICHE/persephone-tools_persephone/persephone/tests/test_corpus.py,Identifier'untranscribed_prefixes_phonemes_and_tones' exceeds the maximum length of 30 characters.
persephone-tools_persephone.persephone.tests,test_corpus,,Long identifier,test_untranscribed_prefixes_from_file,248,/Volumes/BrokeExt/NICHE/persephone-tools_persephone/persephone/tests/test_corpus.py,Identifier'test_untranscribed_prefixes_from_file' exceeds the maximum length of 30 characters.
persephone-tools_persephone.persephone.tests,test_corpus,,Long statement,test_corpus_with_predefined_data_sets,90,/Volumes/BrokeExt/NICHE/persephone-tools_persephone/persephone/tests/test_corpus.py,A line with 321 chars in test_corpus_with_predefined_data_sets exceeds the maximum length of 120 characters.
persephone-tools_persephone.persephone.tests,test_corpus,,Long statement,test_create_corpus_label_mismatch,138,/Volumes/BrokeExt/NICHE/persephone-tools_persephone/persephone/tests/test_corpus.py,A line with 137 chars in test_create_corpus_label_mismatch exceeds the maximum length of 120 characters.
persephone-tools_persephone.persephone.tests,test_corpus,,Long statement,test_untranscribed_wavs,242,/Volumes/BrokeExt/NICHE/persephone-tools_persephone/persephone/tests/test_corpus.py,A line with 131 chars in test_untranscribed_wavs exceeds the maximum length of 120 characters.
persephone-tools_persephone.persephone.tests,test_corpus,,Magic number,test_corpus_with_predefined_data_sets,135,/Volumes/BrokeExt/NICHE/persephone-tools_persephone/persephone/tests/test_corpus.py,Magic number 3 used in test_corpus_with_predefined_data_sets.
persephone-tools_persephone.persephone.tests,test_corpus,,Magic number,test_untranscribed_wavs,244,/Volumes/BrokeExt/NICHE/persephone-tools_persephone/persephone/tests/test_corpus.py,Magic number 2 used in test_untranscribed_wavs.
persephone-tools_persephone.persephone.tests,test_corpus,,Magic number,test_untranscribed_prefixes_from_file,260,/Volumes/BrokeExt/NICHE/persephone-tools_persephone/persephone/tests/test_corpus.py,Magic number 3 used in test_untranscribed_prefixes_from_file.
persephone-tools_persephone.persephone.tests,test_distance,,Complex method,test_med_align,51 - 76,/Volumes/BrokeExt/NICHE/persephone-tools_persephone/persephone/tests/test_distance.py,"Method 'test_med_align' has a cyclomatic complexity of 9, exceeding the max of 6."
persephone-tools_persephone.persephone.tests,test_distance,,Long statement,seq_cases,18,/Volumes/BrokeExt/NICHE/persephone-tools_persephone/persephone/tests/test_distance.py,A line with 125 chars in seq_cases exceeds the maximum length of 120 characters.
persephone-tools_persephone.persephone.tests,test_distance,,Magic number,seq_cases,21,/Volumes/BrokeExt/NICHE/persephone-tools_persephone/persephone/tests/test_distance.py,Magic number 3 used in seq_cases.
persephone-tools_persephone.persephone.tests,test_distance,,Magic number,seq_cases,22,/Volumes/BrokeExt/NICHE/persephone-tools_persephone/persephone/tests/test_distance.py,Magic number 2 used in seq_cases.
persephone-tools_persephone.persephone.tests,test_distance,,Magic number,seq_cases,21,/Volumes/BrokeExt/NICHE/persephone-tools_persephone/persephone/tests/test_distance.py,Magic number 3 used in seq_cases.
persephone-tools_persephone.persephone.tests,test_distance,,Magic number,seq_cases,21,/Volumes/BrokeExt/NICHE/persephone-tools_persephone/persephone/tests/test_distance.py,Magic number 5 used in seq_cases.
persephone-tools_persephone.persephone.tests,test_distance,,Magic number,seq_cases,22,/Volumes/BrokeExt/NICHE/persephone-tools_persephone/persephone/tests/test_distance.py,Magic number 3 used in seq_cases.
persephone-tools_persephone.persephone.tests,test_distance,,Magic number,seq_cases,22,/Volumes/BrokeExt/NICHE/persephone-tools_persephone/persephone/tests/test_distance.py,Magic number 5 used in seq_cases.
persephone-tools_persephone.persephone.tests,test_distance,,Magic number,seq_cases,22,/Volumes/BrokeExt/NICHE/persephone-tools_persephone/persephone/tests/test_distance.py,Magic number 3 used in seq_cases.
persephone-tools_persephone.persephone.tests,test_results,,Complex method,test_speaker_results,45 - 104,/Volumes/BrokeExt/NICHE/persephone-tools_persephone/persephone/tests/test_results.py,"Method 'test_speaker_results' has a cyclomatic complexity of 9, exceeding the max of 6."
persephone-tools_persephone.persephone.tests,test_results,,Long method,test_speaker_results,45 - 104,/Volumes/BrokeExt/NICHE/persephone-tools_persephone/persephone/tests/test_results.py,Method 'test_speaker_results' is too long (46 lines).
persephone-tools_persephone.persephone.tests,test_rnn_ctc_model,,Long statement,test_model_train_and_decode,62,/Volumes/BrokeExt/NICHE/persephone-tools_persephone/persephone/tests/test_rnn_ctc_model.py,A line with 235 chars in test_model_train_and_decode exceeds the maximum length of 120 characters.
persephone-tools_persephone.persephone.tests,test_rnn_ctc_model,,Magic number,test_model_train_callback,111,/Volumes/BrokeExt/NICHE/persephone-tools_persephone/persephone/tests/test_rnn_ctc_model.py,Magic number 10 used in test_model_train_callback.
persephone-tools_persephone.persephone.tests,test_transcription_preprocessing,,Long statement,test_unicode_segmentation,48,/Volumes/BrokeExt/NICHE/persephone-tools_persephone/persephone/tests/test_transcription_preprocessing.py,A line with 127 chars in test_unicode_segmentation exceeds the maximum length of 120 characters.
persephone-tools_persephone.persephone.tests,test_utils,,Magic number,test_make_batches,13,/Volumes/BrokeExt/NICHE/persephone-tools_persephone/persephone/tests/test_utils.py,Magic number 2 used in test_make_batches.
persephone-tools_persephone.persephone.tests,test_utils,,Magic number,test_make_batches,13,/Volumes/BrokeExt/NICHE/persephone-tools_persephone/persephone/tests/test_utils.py,Magic number 3 used in test_make_batches.
persephone-tools_persephone.persephone.tests,test_utils,,Magic number,test_make_batches,13,/Volumes/BrokeExt/NICHE/persephone-tools_persephone/persephone/tests/test_utils.py,Magic number 4 used in test_make_batches.
persephone-tools_persephone.persephone.tests,test_utils,,Magic number,test_make_batches,16,/Volumes/BrokeExt/NICHE/persephone-tools_persephone/persephone/tests/test_utils.py,Magic number 4 used in test_make_batches.
persephone-tools_persephone.persephone.tests,test_utils,,Magic number,test_make_batches,20,/Volumes/BrokeExt/NICHE/persephone-tools_persephone/persephone/tests/test_utils.py,Magic number 2 used in test_make_batches.
persephone-tools_persephone.persephone.tests,test_utils,,Magic number,test_make_batches,17,/Volumes/BrokeExt/NICHE/persephone-tools_persephone/persephone/tests/test_utils.py,Magic number 2 used in test_make_batches.
persephone-tools_persephone.persephone.tests,test_utils,,Magic number,test_make_batches,17,/Volumes/BrokeExt/NICHE/persephone-tools_persephone/persephone/tests/test_utils.py,Magic number 3 used in test_make_batches.
persephone-tools_persephone.persephone.tests,test_utils,,Magic number,test_make_batches,17,/Volumes/BrokeExt/NICHE/persephone-tools_persephone/persephone/tests/test_utils.py,Magic number 4 used in test_make_batches.
persephone-tools_persephone.persephone.tests,test_utils,,Magic number,test_make_batches,21,/Volumes/BrokeExt/NICHE/persephone-tools_persephone/persephone/tests/test_utils.py,Magic number 2 used in test_make_batches.
persephone-tools_persephone.persephone.tests,test_utils,,Magic number,test_make_batches,21,/Volumes/BrokeExt/NICHE/persephone-tools_persephone/persephone/tests/test_utils.py,Magic number 3 used in test_make_batches.
persephone-tools_persephone.persephone.tests,test_utils,,Magic number,test_make_batches,21,/Volumes/BrokeExt/NICHE/persephone-tools_persephone/persephone/tests/test_utils.py,Magic number 4 used in test_make_batches.
persephone-tools_persephone.persephone.tests,test_utils,,Magic number,test_make_batches,25,/Volumes/BrokeExt/NICHE/persephone-tools_persephone/persephone/tests/test_utils.py,Magic number 2 used in test_make_batches.
persephone-tools_persephone.persephone.tests,test_utils,,Magic number,test_make_batches,25,/Volumes/BrokeExt/NICHE/persephone-tools_persephone/persephone/tests/test_utils.py,Magic number 3 used in test_make_batches.
persephone-tools_persephone.persephone.tests,test_utils,,Magic number,test_make_batches,25,/Volumes/BrokeExt/NICHE/persephone-tools_persephone/persephone/tests/test_utils.py,Magic number 4 used in test_make_batches.
persephone-tools_persephone.persephone.tests,test_utils,,Magic number,test_zero_batch_size,30,/Volumes/BrokeExt/NICHE/persephone-tools_persephone/persephone/tests/test_utils.py,Magic number 2 used in test_zero_batch_size.
persephone-tools_persephone.persephone.tests,test_utils,,Magic number,test_zero_batch_size,30,/Volumes/BrokeExt/NICHE/persephone-tools_persephone/persephone/tests/test_utils.py,Magic number 3 used in test_zero_batch_size.
persephone-tools_persephone.persephone.tests,test_utils,,Magic number,test_zero_batch_size,30,/Volumes/BrokeExt/NICHE/persephone-tools_persephone/persephone/tests/test_utils.py,Magic number 4 used in test_zero_batch_size.
persephone-tools_persephone.persephone.tests,test_utterance,,Long identifier,test_remove_duplicates_same_time,29,/Volumes/BrokeExt/NICHE/persephone-tools_persephone/persephone/tests/test_utterance.py,Identifier'test_remove_duplicates_same_time' exceeds the maximum length of 30 characters.
persephone-tools_persephone.persephone.tests,test_utterance,,Long method,test_make_speaker_utters,105 - 163,/Volumes/BrokeExt/NICHE/persephone-tools_persephone/persephone/tests/test_utterance.py,Method 'test_make_speaker_utters' is too long (51 lines).
persephone-tools_persephone.persephone.tests,test_utterance,,Long method,test_speaker_durations,165 - 223,/Volumes/BrokeExt/NICHE/persephone-tools_persephone/persephone/tests/test_utterance.py,Method 'test_speaker_durations' is too long (52 lines).
persephone-tools_persephone.persephone.tests,test_utterance,,Long statement,test_too_short,7,/Volumes/BrokeExt/NICHE/persephone-tools_persephone/persephone/tests/test_utterance.py,A line with 310 chars in test_too_short exceeds the maximum length of 120 characters.
persephone-tools_persephone.persephone.tests,test_utterance,,Long statement,test_too_short,16,/Volumes/BrokeExt/NICHE/persephone-tools_persephone/persephone/tests/test_utterance.py,A line with 295 chars in test_too_short exceeds the maximum length of 120 characters.
persephone-tools_persephone.persephone.tests,test_utterance,,Long statement,test_remove_duplicates_same_time,31,/Volumes/BrokeExt/NICHE/persephone-tools_persephone/persephone/tests/test_utterance.py,A line with 176 chars in test_remove_duplicates_same_time exceeds the maximum length of 120 characters.
persephone-tools_persephone.persephone.tests,test_utterance,,Long statement,test_remove_duplicates_same_time,42,/Volumes/BrokeExt/NICHE/persephone-tools_persephone/persephone/tests/test_utterance.py,A line with 176 chars in test_remove_duplicates_same_time exceeds the maximum length of 120 characters.
persephone-tools_persephone.persephone.tests,test_utterance,,Long statement,test_remove_duplicates_same_time,53,/Volumes/BrokeExt/NICHE/persephone-tools_persephone/persephone/tests/test_utterance.py,A line with 179 chars in test_remove_duplicates_same_time exceeds the maximum length of 120 characters.
persephone-tools_persephone.persephone.tests,test_utterance,,Long statement,test_utterance_durations,73,/Volumes/BrokeExt/NICHE/persephone-tools_persephone/persephone/tests/test_utterance.py,A line with 176 chars in test_utterance_durations exceeds the maximum length of 120 characters.
persephone-tools_persephone.persephone.tests,test_utterance,,Long statement,test_utterance_durations,87,/Volumes/BrokeExt/NICHE/persephone-tools_persephone/persephone/tests/test_utterance.py,A line with 177 chars in test_utterance_durations exceeds the maximum length of 120 characters.
persephone-tools_persephone.persephone.tests,test_utterance,,Long statement,test_make_speaker_utters,110,/Volumes/BrokeExt/NICHE/persephone-tools_persephone/persephone/tests/test_utterance.py,A line with 162 chars in test_make_speaker_utters exceeds the maximum length of 120 characters.
persephone-tools_persephone.persephone.tests,test_utterance,,Long statement,test_make_speaker_utters,121,/Volumes/BrokeExt/NICHE/persephone-tools_persephone/persephone/tests/test_utterance.py,A line with 162 chars in test_make_speaker_utters exceeds the maximum length of 120 characters.
persephone-tools_persephone.persephone.tests,test_utterance,,Long statement,test_make_speaker_utters,132,/Volumes/BrokeExt/NICHE/persephone-tools_persephone/persephone/tests/test_utterance.py,A line with 178 chars in test_make_speaker_utters exceeds the maximum length of 120 characters.
persephone-tools_persephone.persephone.tests,test_utterance,,Long statement,test_make_speaker_utters,143,/Volumes/BrokeExt/NICHE/persephone-tools_persephone/persephone/tests/test_utterance.py,A line with 181 chars in test_make_speaker_utters exceeds the maximum length of 120 characters.
persephone-tools_persephone.persephone.tests,test_utterance,,Long statement,test_speaker_durations,169,/Volumes/BrokeExt/NICHE/persephone-tools_persephone/persephone/tests/test_utterance.py,A line with 162 chars in test_speaker_durations exceeds the maximum length of 120 characters.
persephone-tools_persephone.persephone.tests,test_utterance,,Long statement,test_speaker_durations,181,/Volumes/BrokeExt/NICHE/persephone-tools_persephone/persephone/tests/test_utterance.py,A line with 162 chars in test_speaker_durations exceeds the maximum length of 120 characters.
persephone-tools_persephone.persephone.tests,test_utterance,,Long statement,test_speaker_durations,193,/Volumes/BrokeExt/NICHE/persephone-tools_persephone/persephone/tests/test_utterance.py,A line with 179 chars in test_speaker_durations exceeds the maximum length of 120 characters.
persephone-tools_persephone.persephone.tests,test_utterance,,Long statement,test_speaker_durations,206,/Volumes/BrokeExt/NICHE/persephone-tools_persephone/persephone/tests/test_utterance.py,A line with 184 chars in test_speaker_durations exceeds the maximum length of 120 characters.
persephone-tools_persephone.persephone.tests,test_utterance,,Magic number,test_remove_duplicates_same_time,67,/Volumes/BrokeExt/NICHE/persephone-tools_persephone/persephone/tests/test_utterance.py,Magic number 2 used in test_remove_duplicates_same_time.
persephone-tools_persephone.persephone.tests,test_utterance,,Magic number,test_utterance_durations,85,/Volumes/BrokeExt/NICHE/persephone-tools_persephone/persephone/tests/test_utterance.py,Magic number 2 used in test_utterance_durations.
persephone-tools_persephone.persephone.tests,test_utterance,,Magic number,test_utterance_durations,98,/Volumes/BrokeExt/NICHE/persephone-tools_persephone/persephone/tests/test_utterance.py,Magic number 15 used in test_utterance_durations.
persephone-tools_persephone.persephone.tests,test_utterance,,Magic number,test_make_speaker_utters,163,/Volumes/BrokeExt/NICHE/persephone-tools_persephone/persephone/tests/test_utterance.py,Magic number 2 used in test_make_speaker_utters.
persephone-tools_persephone.persephone.tests,test_utterance,,Magic number,test_speaker_durations,179,/Volumes/BrokeExt/NICHE/persephone-tools_persephone/persephone/tests/test_utterance.py,Magic number 2 used in test_speaker_durations.
persephone-tools_persephone.persephone.tests,test_utterance,,Magic number,test_speaker_durations,191,/Volumes/BrokeExt/NICHE/persephone-tools_persephone/persephone/tests/test_utterance.py,Magic number 2 used in test_speaker_durations.
persephone-tools_persephone.persephone.tests,test_utterance,,Magic number,test_speaker_durations,204,/Volumes/BrokeExt/NICHE/persephone-tools_persephone/persephone/tests/test_utterance.py,Magic number 20 used in test_speaker_durations.
persephone-tools_persephone.persephone.tests,test_utterance,,Magic number,test_speaker_durations,216,/Volumes/BrokeExt/NICHE/persephone-tools_persephone/persephone/tests/test_utterance.py,Magic number 900 used in test_speaker_durations.
persephone-tools_persephone.persephone.tests,test_utterance,,Magic number,test_speaker_durations,216,/Volumes/BrokeExt/NICHE/persephone-tools_persephone/persephone/tests/test_utterance.py,Magic number 400 used in test_speaker_durations.
persephone-tools_persephone.persephone.tests.experiments,test_bkw,TestBKW,Long identifier,test_mark_on_rock_rf_xv_duplicate,166,/Volumes/BrokeExt/NICHE/persephone-tools_persephone/persephone/tests/experiments/test_bkw.py,Identifier'test_mark_on_rock_rf_xv_duplicate' exceeds the maximum length of 30 characters.
persephone-tools_persephone.persephone.tests.experiments,test_bkw,,Long statement,prep_org_data,78,/Volumes/BrokeExt/NICHE/persephone-tools_persephone/persephone/tests/experiments/test_bkw.py,A line with 178 chars in prep_org_data exceeds the maximum length of 120 characters.
persephone-tools_persephone.persephone.tests.experiments,test_bkw,TestBKW,Magic number,test_utterances_from_dir,138,/Volumes/BrokeExt/NICHE/persephone-tools_persephone/persephone/tests/experiments/test_bkw.py,Magic number 1036 used in test_utterances_from_dir.
persephone-tools_persephone.persephone.tests.experiments,test_bkw,TestBKW,Magic number,test_utterances_from_dir,139,/Volumes/BrokeExt/NICHE/persephone-tools_persephone/persephone/tests/experiments/test_bkw.py,Magic number 1035 used in test_utterances_from_dir.
persephone-tools_persephone.persephone.tests.experiments,test_bkw,TestBKW,Magic number,test_utterances_from_dir,140,/Volumes/BrokeExt/NICHE/persephone-tools_persephone/persephone/tests/experiments/test_bkw.py,Magic number 1029 used in test_utterances_from_dir.
persephone-tools_persephone.persephone.tests.experiments,test_bkw,TestBKW,Magic number,test_utterances_from_dir,142,/Volumes/BrokeExt/NICHE/persephone-tools_persephone/persephone/tests/experiments/test_bkw.py,Magic number 1028 used in test_utterances_from_dir.
persephone-tools_persephone.persephone.tests.experiments,test_bkw,TestBKW,Magic number,test_utterances_from_dir,145,/Volumes/BrokeExt/NICHE/persephone-tools_persephone/persephone/tests/experiments/test_bkw.py,Magic number 1242 used in test_utterances_from_dir.
persephone-tools_persephone.persephone.tests.experiments,test_bkw,TestBKW,Magic number,test_utterances_from_dir,146,/Volumes/BrokeExt/NICHE/persephone-tools_persephone/persephone/tests/experiments/test_bkw.py,Magic number 631 used in test_utterances_from_dir.
persephone-tools_persephone.persephone.tests.experiments,test_bkw,TestBKW,Magic number,test_utterances_from_dir,147,/Volumes/BrokeExt/NICHE/persephone-tools_persephone/persephone/tests/experiments/test_bkw.py,Magic number 1239 used in test_utterances_from_dir.
persephone-tools_persephone.persephone.tests.experiments,test_bkw,TestBKW,Magic number,test_utterances_from_dir,149,/Volumes/BrokeExt/NICHE/persephone-tools_persephone/persephone/tests/experiments/test_bkw.py,Magic number 631 used in test_utterances_from_dir.
persephone-tools_persephone.persephone.tests.experiments,test_bkw,TestBKW,Magic number,test_utterances_from_dir,152,/Volumes/BrokeExt/NICHE/persephone-tools_persephone/persephone/tests/experiments/test_bkw.py,Magic number 2278 used in test_utterances_from_dir.
persephone-tools_persephone.persephone.tests.experiments,test_bkw,TestBKW,Magic number,test_utterances_from_dir,153,/Volumes/BrokeExt/NICHE/persephone-tools_persephone/persephone/tests/experiments/test_bkw.py,Magic number 1666 used in test_utterances_from_dir.
persephone-tools_persephone.persephone.tests.experiments,test_bkw,TestBKW,Magic number,test_utterances_from_dir,154,/Volumes/BrokeExt/NICHE/persephone-tools_persephone/persephone/tests/experiments/test_bkw.py,Magic number 1899 used in test_utterances_from_dir.
persephone-tools_persephone.persephone.tests.experiments,test_bkw,TestBKW,Magic number,test_utterances_from_dir,156,/Volumes/BrokeExt/NICHE/persephone-tools_persephone/persephone/tests/experiments/test_bkw.py,Magic number 1291 used in test_utterances_from_dir.
persephone-tools_persephone.persephone.tests.experiments,test_bkw,TestBKW,Magic number,test_mark_on_rock_rf_xv_duplicate,180,/Volumes/BrokeExt/NICHE/persephone-tools_persephone/persephone/tests/experiments/test_bkw.py,Magic number 425 used in test_mark_on_rock_rf_xv_duplicate.
persephone-tools_persephone.persephone.tests.experiments,test_bkw,TestBKW,Magic number,test_mark_on_rock_rf_xv_duplicate,181,/Volumes/BrokeExt/NICHE/persephone-tools_persephone/persephone/tests/experiments/test_bkw.py,Magic number 420 used in test_mark_on_rock_rf_xv_duplicate.
persephone-tools_persephone.persephone.tests.experiments,test_bkw,TestBKW,Magic number,test_mark_on_rock_rf_xv_duplicate,182,/Volumes/BrokeExt/NICHE/persephone-tools_persephone/persephone/tests/experiments/test_bkw.py,Magic number 845 used in test_mark_on_rock_rf_xv_duplicate.
persephone-tools_persephone.persephone.tests.experiments,test_bkw,TestBKW,Magic number,test_mark_on_rock_rf_xv_duplicate,183,/Volumes/BrokeExt/NICHE/persephone-tools_persephone/persephone/tests/experiments/test_bkw.py,Magic number 476 used in test_mark_on_rock_rf_xv_duplicate.
persephone-tools_persephone.persephone.tests.experiments,test_bkw,TestBKW,Magic number,test_mark_on_rock_rf_xv_duplicate,185,/Volumes/BrokeExt/NICHE/persephone-tools_persephone/persephone/tests/experiments/test_bkw.py,Magic number 473 used in test_mark_on_rock_rf_xv_duplicate.
persephone-tools_persephone.persephone.tests.experiments,test_bkw,TestBKW,Magic number,test_speaker_durations,236,/Volumes/BrokeExt/NICHE/persephone-tools_persephone/persephone/tests/experiments/test_bkw.py,Magic number 10000 used in test_speaker_durations.
persephone-tools_persephone.persephone.tests.experiments,test_bkw,TestBKW,Magic number,test_utt2spk,328,/Volumes/BrokeExt/NICHE/persephone-tools_persephone/persephone/tests/experiments/test_bkw.py,Magic number 2 used in test_utt2spk.
persephone-tools_persephone.persephone.tests.experiments,test_na,,Long method,test_full_na,128 - 185,/Volumes/BrokeExt/NICHE/persephone-tools_persephone/persephone/tests/experiments/test_na.py,Method 'test_full_na' is too long (41 lines).
persephone-tools_persephone.persephone.tests.experiments,test_na,,Long method,test_load_meta,288 - 369,/Volumes/BrokeExt/NICHE/persephone-tools_persephone/persephone/tests/experiments/test_na.py,Method 'test_load_meta' is too long (62 lines).
persephone-tools_persephone.persephone.tests.experiments,test_na,,Long statement,test_fast,98,/Volumes/BrokeExt/NICHE/persephone-tools_persephone/persephone/tests/experiments/test_na.py,A line with 295 chars in test_fast exceeds the maximum length of 120 characters.
persephone-tools_persephone.persephone.tests.experiments,test_na,,Long statement,test_full_na,158,/Volumes/BrokeExt/NICHE/persephone-tools_persephone/persephone/tests/experiments/test_na.py,A line with 145 chars in test_full_na exceeds the maximum length of 120 characters.
persephone-tools_persephone.persephone.tests.experiments,test_na,,Long statement,preprocess_na,256,/Volumes/BrokeExt/NICHE/persephone-tools_persephone/persephone/tests/experiments/test_na.py,A line with 179 chars in preprocess_na exceeds the maximum length of 120 characters.
persephone-tools_persephone.persephone.tests.experiments,test_na,,Magic number,test_tutorial,95,/Volumes/BrokeExt/NICHE/persephone-tools_persephone/persephone/tests/experiments/test_na.py,Magic number 0.3 used in test_tutorial.
persephone-tools_persephone.persephone.tests.experiments,test_na,,Magic number,test_fast,122,/Volumes/BrokeExt/NICHE/persephone-tools_persephone/persephone/tests/experiments/test_na.py,Magic number 2.0 used in test_fast.
persephone-tools_persephone.persephone.tests.experiments,test_na,,Magic number,test_full_na,185,/Volumes/BrokeExt/NICHE/persephone-tools_persephone/persephone/tests/experiments/test_na.py,Magic number 0.2 used in test_full_na.
persephone-tools_persephone.persephone.tests.experiments,test_na,,Magic number,test_na_preprocess,211,/Volumes/BrokeExt/NICHE/persephone-tools_persephone/persephone/tests/experiments/test_na.py,Magic number 3092 used in test_na_preprocess.
persephone-tools_persephone.persephone.tests.experiments,test_na,,Magic number,test_na_preprocess,212,/Volumes/BrokeExt/NICHE/persephone-tools_persephone/persephone/tests/experiments/test_na.py,Magic number 294 used in test_na_preprocess.
persephone-tools_persephone.persephone.tests.experiments,test_na,,Magic number,test_na_preprocess,213,/Volumes/BrokeExt/NICHE/persephone-tools_persephone/persephone/tests/experiments/test_na.py,Magic number 293 used in test_na_preprocess.
persephone-tools_persephone.persephone.tests.experiments,test_na,,Magic number,test_load_meta,345,/Volumes/BrokeExt/NICHE/persephone-tools_persephone/persephone/tests/experiments/test_na.py,Magic number 2 used in test_load_meta.
