Package,Module,Smell,Class/Module,Line no,File,Details
lukas_ml-class.examples.keras-autoencoder,conditional_autoencoder,Multifaceted abstraction,conditional_autoencoder,1,/Volumes/BrokeExt/NICHE/lukas_ml-class/examples/keras-autoencoder/conditional_autoencoder.py,"Class 'conditional_autoencoder' has a high LCOM value of 1, indicating it may have multiple responsibilities."
lukas_ml-class.examples.keras-puzzle,weights-answer,Multifaceted abstraction,weights-answer,1,/Volumes/BrokeExt/NICHE/lukas_ml-class/examples/keras-puzzle/weights-answer.py,"Class 'weights-answer' has a high LCOM value of 1, indicating it may have multiple responsibilities."
lukas_ml-class.examples.keras-puzzle,weights,Multifaceted abstraction,weights,1,/Volumes/BrokeExt/NICHE/lukas_ml-class/examples/keras-puzzle/weights.py,"Class 'weights' has a high LCOM value of 1, indicating it may have multiple responsibilities."
lukas_ml-class.examples.keras-sign,test,Multifaceted abstraction,test,1,/Volumes/BrokeExt/NICHE/lukas_ml-class/examples/keras-sign/test.py,"Class 'test' has a high LCOM value of 1, indicating it may have multiple responsibilities."
lukas_ml-class.examples.lstm.attention,attention,Multifaceted abstraction,LSTMWithAttention,96,/Volumes/BrokeExt/NICHE/lukas_ml-class/examples/lstm/attention/attention.py,"Class 'LSTMWithAttention' has a high LCOM value of 1, indicating it may have multiple responsibilities."
lukas_ml-class.examples.lstm.attention,train,Multifaceted abstraction,train,1,/Volumes/BrokeExt/NICHE/lukas_ml-class/examples/lstm/attention/train.py,"Class 'train' has a high LCOM value of 1, indicating it may have multiple responsibilities."
lukas_ml-class.examples.lstm.ocr,util,Multifaceted abstraction,util,1,/Volumes/BrokeExt/NICHE/lukas_ml-class/examples/lstm/ocr/util.py,"Class 'util' has a high LCOM value of 1, indicating it may have multiple responsibilities."
