Package,Module,Smell,Class/Module,Line no,File,Details
jaakkopasanen_AutoEq.autoeq,constants,Broken modularization,constants,1,/Volumes/BrokeExt/NICHE/jaakkopasanen_AutoEq/autoeq/constants.py,Module 'constants' contains only data members without any method implementations.
jaakkopasanen_AutoEq.autoeq,frequency_response,Insufficient modularization,FrequencyResponse,34,/Volumes/BrokeExt/NICHE/jaakkopasanen_AutoEq/autoeq/frequency_response.py,"Class 'FrequencyResponse' is insufficiently modularized with NOPM: 29, WMC: 159, NOM: 35."
jaakkopasanen_AutoEq.autoeq,frequency_response,Insufficient modularization,frequency_response,1,/Volumes/BrokeExt/NICHE/jaakkopasanen_AutoEq/autoeq/frequency_response.py,"Module 'frequency_response' is insufficiently modularized with NOPM: 0, WMC: 159, NOM: 0."
jaakkopasanen_AutoEq.autoeq,peq,Broken hierarchy,HighShelf,316,/Volumes/BrokeExt/NICHE/jaakkopasanen_AutoEq/autoeq/peq.py,Class 'HighShelf' and its superclass 'ShelfFilter' may not share a proper 'IS-A' relationship.
jaakkopasanen_AutoEq.autoeq,peq,Broken hierarchy,LowShelf,368,/Volumes/BrokeExt/NICHE/jaakkopasanen_AutoEq/autoeq/peq.py,Class 'LowShelf' and its superclass 'ShelfFilter' may not share a proper 'IS-A' relationship.
jaakkopasanen_AutoEq.autoeq,peq,Broken modularization,OptimizationHistory,421,/Volumes/BrokeExt/NICHE/jaakkopasanen_AutoEq/autoeq/peq.py,Class 'OptimizationHistory' contains only data members without any method implementations.
jaakkopasanen_AutoEq.autoeq,peq,Insufficient modularization,peq,1,/Volumes/BrokeExt/NICHE/jaakkopasanen_AutoEq/autoeq/peq.py,"Module 'peq' is insufficiently modularized with NOPM: 0, WMC: 124, NOM: 0."
jaakkopasanen_AutoEq.autoeq,peq,Multifaceted abstraction,ShelfFilter,286,/Volumes/BrokeExt/NICHE/jaakkopasanen_AutoEq/autoeq/peq.py,"Class 'ShelfFilter' has a high LCOM value of 1, indicating it may have multiple responsibilities."
jaakkopasanen_AutoEq.autoeq,peq,Rebellious hierarchy,ShelfFilter,286,/Volumes/BrokeExt/NICHE/jaakkopasanen_AutoEq/autoeq/peq.py,Class 'ShelfFilter' potentially exhibits a rebellious hierarchy; following method(s) rejects the superclass methods: sharpness_penalty.
jaakkopasanen_AutoEq.autoeq,utils,Multifaceted abstraction,utils,1,/Volumes/BrokeExt/NICHE/jaakkopasanen_AutoEq/autoeq/utils.py,"Class 'utils' has a high LCOM value of 1, indicating it may have multiple responsibilities."
jaakkopasanen_AutoEq.dbtools,constants,Broken modularization,constants,1,/Volumes/BrokeExt/NICHE/jaakkopasanen_AutoEq/dbtools/constants.py,Module 'constants' contains only data members without any method implementations.
jaakkopasanen_AutoEq.dbtools,crawler,Insufficient modularization,Crawler,28,/Volumes/BrokeExt/NICHE/jaakkopasanen_AutoEq/dbtools/crawler.py,"Class 'Crawler' is insufficiently modularized with NOPM: 27, WMC: 93, NOM: 28."
jaakkopasanen_AutoEq.dbtools,crinacle_crawler,Rebellious hierarchy,CrinacleCrawler,19,/Volumes/BrokeExt/NICHE/jaakkopasanen_AutoEq/dbtools/crinacle_crawler.py,"Class 'CrinacleCrawler' potentially exhibits a rebellious hierarchy; following method(s) rejects the superclass methods: measurements_path, source_group_key."
jaakkopasanen_AutoEq.dbtools,crinacle_crawler_base,Rebellious hierarchy,CrinacleCrawlerBase,14,/Volumes/BrokeExt/NICHE/jaakkopasanen_AutoEq/dbtools/crinacle_crawler_base.py,Class 'CrinacleCrawlerBase' potentially exhibits a rebellious hierarchy; following method(s) rejects the superclass methods: measurements_path.
jaakkopasanen_AutoEq.dbtools,headphonecom_crawler,Multifaceted abstraction,HeadphonecomCrawler,14,/Volumes/BrokeExt/NICHE/jaakkopasanen_AutoEq/dbtools/headphonecom_crawler.py,"Class 'HeadphonecomCrawler' has a high LCOM value of 1, indicating it may have multiple responsibilities."
jaakkopasanen_AutoEq.dbtools,headphonecom_crawler,Rebellious hierarchy,HeadphonecomCrawler,14,/Volumes/BrokeExt/NICHE/jaakkopasanen_AutoEq/dbtools/headphonecom_crawler.py,"Class 'HeadphonecomCrawler' potentially exhibits a rebellious hierarchy; following method(s) rejects the superclass methods: measurements_path, crawl, process_group."
jaakkopasanen_AutoEq.dbtools,hypethe_sonics_crawler,Rebellious hierarchy,HypetheSonicsCrawler,21,/Volumes/BrokeExt/NICHE/jaakkopasanen_AutoEq/dbtools/hypethe_sonics_crawler.py,"Class 'HypetheSonicsCrawler' potentially exhibits a rebellious hierarchy; following method(s) rejects the superclass methods: measurements_path, source_group_key."
jaakkopasanen_AutoEq.dbtools,innerfidelity_crawler,Multifaceted abstraction,InnerfidelityCrawler,14,/Volumes/BrokeExt/NICHE/jaakkopasanen_AutoEq/dbtools/innerfidelity_crawler.py,"Class 'InnerfidelityCrawler' has a high LCOM value of 1, indicating it may have multiple responsibilities."
jaakkopasanen_AutoEq.dbtools,innerfidelity_crawler,Rebellious hierarchy,InnerfidelityCrawler,14,/Volumes/BrokeExt/NICHE/jaakkopasanen_AutoEq/dbtools/innerfidelity_crawler.py,"Class 'InnerfidelityCrawler' potentially exhibits a rebellious hierarchy; following method(s) rejects the superclass methods: measurements_path, crawl, process_group."
jaakkopasanen_AutoEq.dbtools,oratory1990_crawler,Rebellious hierarchy,Oratory1990Crawler,26,/Volumes/BrokeExt/NICHE/jaakkopasanen_AutoEq/dbtools/oratory1990_crawler.py,Class 'Oratory1990Crawler' potentially exhibits a rebellious hierarchy; following method(s) rejects the superclass methods: measurements_path.
jaakkopasanen_AutoEq.dbtools,rtings_crawler,Rebellious hierarchy,RtingsCrawler,22,/Volumes/BrokeExt/NICHE/jaakkopasanen_AutoEq/dbtools/rtings_crawler.py,Class 'RtingsCrawler' potentially exhibits a rebellious hierarchy; following method(s) rejects the superclass methods: measurements_path.
jaakkopasanen_AutoEq.dbtools,squig_crawler,Rebellious hierarchy,SquigCrawler,78,/Volumes/BrokeExt/NICHE/jaakkopasanen_AutoEq/dbtools/squig_crawler.py,"Class 'SquigCrawler' potentially exhibits a rebellious hierarchy; following method(s) rejects the superclass methods: measurements_path, source_group_key."
jaakkopasanen_AutoEq.tests,test_csv,Broken modularization,test_csv,1,/Volumes/BrokeExt/NICHE/jaakkopasanen_AutoEq/tests/test_csv.py,Module 'test_csv' contains only data members without any method implementations.
jaakkopasanen_AutoEq.tests,test_csv,Multifaceted abstraction,TestCsv,125,/Volumes/BrokeExt/NICHE/jaakkopasanen_AutoEq/tests/test_csv.py,"Class 'TestCsv' has a high LCOM value of 1, indicating it may have multiple responsibilities."
jaakkopasanen_AutoEq.webapp,main,Multifaceted abstraction,EqualizeRequest,116,/Volumes/BrokeExt/NICHE/jaakkopasanen_AutoEq/webapp/main.py,"Class 'EqualizeRequest' has a high LCOM value of 1, indicating it may have multiple responsibilities."
