Package,Module,Class,Function,LOC,CC,PC
danielhanchen_hyperlearn.__hyperlearn_archive.hyperlearn,base,,isList,2,1,1
danielhanchen_hyperlearn.__hyperlearn_archive.hyperlearn,base,,isArray,2,1,1
danielhanchen_hyperlearn.__hyperlearn_archive.hyperlearn,base,,isIterable,4,2,1
danielhanchen_hyperlearn.__hyperlearn_archive.hyperlearn,base,,isDict,2,1,1
danielhanchen_hyperlearn.__hyperlearn_archive.hyperlearn,base,,array,4,2,1
danielhanchen_hyperlearn.__hyperlearn_archive.hyperlearn,base,,Tensor,13,4,1
danielhanchen_hyperlearn.__hyperlearn_archive.hyperlearn,base,,isTensor,2,1,1
danielhanchen_hyperlearn.__hyperlearn_archive.hyperlearn,base,,Tensors,9,4,0
danielhanchen_hyperlearn.__hyperlearn_archive.hyperlearn,base,,Numpy,11,5,0
danielhanchen_hyperlearn.__hyperlearn_archive.hyperlearn,base,,return_numpy,7,1,1
danielhanchen_hyperlearn.__hyperlearn_archive.hyperlearn,base,,return_torch,7,1,1
danielhanchen_hyperlearn.__hyperlearn_archive.hyperlearn,base,,check,11,1,1
danielhanchen_hyperlearn.__hyperlearn_archive.hyperlearn,base,,T,4,1,1
danielhanchen_hyperlearn.__hyperlearn_archive.hyperlearn,base,,cast,3,1,2
danielhanchen_hyperlearn.__hyperlearn_archive.hyperlearn,base,,constant,3,1,1
danielhanchen_hyperlearn.__hyperlearn_archive.hyperlearn,base,,eps,5,1,1
danielhanchen_hyperlearn.__hyperlearn_archive.hyperlearn,base,,resolution,5,1,1
danielhanchen_hyperlearn.__hyperlearn_archive.hyperlearn,base,,dtype,7,1,1
danielhanchen_hyperlearn.__hyperlearn_archive.hyperlearn,base,,stack,4,2,0
danielhanchen_hyperlearn.__hyperlearn_archive.hyperlearn,base,,einsum,13,3,1
danielhanchen_hyperlearn.__hyperlearn_archive.hyperlearn,base,,squareSum,4,1,1
danielhanchen_hyperlearn.__hyperlearn_archive.hyperlearn,base,,rowSum,6,1,3
danielhanchen_hyperlearn.__hyperlearn_archive.hyperlearn,base,,diagSum,4,1,3
danielhanchen_hyperlearn.__hyperlearn_archive.hyperlearn,exceptions,FutureExceedsMemory,__init__,2,1,1
danielhanchen_hyperlearn.__hyperlearn_archive.hyperlearn,exceptions,FutureExceedsMemory,__str__,2,1,0
danielhanchen_hyperlearn.__hyperlearn_archive.hyperlearn,exceptions,PartialWrongShape,__init__,2,1,1
danielhanchen_hyperlearn.__hyperlearn_archive.hyperlearn,exceptions,PartialWrongShape,__str__,2,1,0
danielhanchen_hyperlearn.__hyperlearn_archive.hyperlearn,linalg,,cholesky,30,6,3
danielhanchen_hyperlearn.__hyperlearn_archive.hyperlearn,linalg,,cholSolve,25,6,3
danielhanchen_hyperlearn.__hyperlearn_archive.hyperlearn,linalg,,lu,16,3,3
danielhanchen_hyperlearn.__hyperlearn_archive.hyperlearn,linalg,,L_process,15,3,3
danielhanchen_hyperlearn.__hyperlearn_archive.hyperlearn,linalg,,triu_process,13,3,3
danielhanchen_hyperlearn.__hyperlearn_archive.hyperlearn,linalg,,qr,20,3,4
danielhanchen_hyperlearn.__hyperlearn_archive.hyperlearn,linalg,,invCholesky,6,1,2
danielhanchen_hyperlearn.__hyperlearn_archive.hyperlearn,linalg,,pinvCholesky,10,1,3
danielhanchen_hyperlearn.__hyperlearn_archive.hyperlearn,linalg,,svd,21,5,4
danielhanchen_hyperlearn.__hyperlearn_archive.hyperlearn,linalg,,pinv,8,2,3
danielhanchen_hyperlearn.__hyperlearn_archive.hyperlearn,linalg,,eigh,36,9,6
danielhanchen_hyperlearn.__hyperlearn_archive.hyperlearn,linalg,,eig,27,6,6
danielhanchen_hyperlearn.__hyperlearn_archive.hyperlearn,linalg,,pinvh,7,1,3
danielhanchen_hyperlearn.__hyperlearn_archive.hyperlearn,linalg,,pinvEig,11,1,3
danielhanchen_hyperlearn.__hyperlearn_archive.hyperlearn,multiprocessing,ParallelReferenceError,__init__,2,1,1
danielhanchen_hyperlearn.__hyperlearn_archive.hyperlearn,multiprocessing,ParallelReferenceError,__str__,2,1,0
danielhanchen_hyperlearn.__hyperlearn_archive.hyperlearn,multiprocessing,ParallelReference,__init__,12,4,3
danielhanchen_hyperlearn.__hyperlearn_archive.hyperlearn,multiprocessing,ParallelReference,__call__,15,4,0
danielhanchen_hyperlearn.__hyperlearn_archive.hyperlearn,multiprocessing,ParallelReference,multiprocess,27,9,0
danielhanchen_hyperlearn.__hyperlearn_archive.hyperlearn,multiprocessing,ParallelReference,process,8,3,1
danielhanchen_hyperlearn.__hyperlearn_archive.hyperlearn,numba,,svd,2,1,1
danielhanchen_hyperlearn.__hyperlearn_archive.hyperlearn,numba,,pinv,2,1,1
danielhanchen_hyperlearn.__hyperlearn_archive.hyperlearn,numba,,eigh,2,1,1
danielhanchen_hyperlearn.__hyperlearn_archive.hyperlearn,numba,,cholesky,2,1,1
danielhanchen_hyperlearn.__hyperlearn_archive.hyperlearn,numba,,lstsq,2,1,2
danielhanchen_hyperlearn.__hyperlearn_archive.hyperlearn,numba,,qr,2,1,1
danielhanchen_hyperlearn.__hyperlearn_archive.hyperlearn,numba,,norm,2,1,2
danielhanchen_hyperlearn.__hyperlearn_archive.hyperlearn,numba,,_0mean,2,1,2
danielhanchen_hyperlearn.__hyperlearn_archive.hyperlearn,numba,,mean,5,2,2
danielhanchen_hyperlearn.__hyperlearn_archive.hyperlearn,numba,,sign,2,1,1
danielhanchen_hyperlearn.__hyperlearn_archive.hyperlearn,numba,,arange,2,1,1
danielhanchen_hyperlearn.__hyperlearn_archive.hyperlearn,numba,,_sum,2,1,2
danielhanchen_hyperlearn.__hyperlearn_archive.hyperlearn,numba,,_abs,2,1,1
danielhanchen_hyperlearn.__hyperlearn_archive.hyperlearn,numba,,maximum,2,1,2
danielhanchen_hyperlearn.__hyperlearn_archive.hyperlearn,numba,,minimum,2,1,2
danielhanchen_hyperlearn.__hyperlearn_archive.hyperlearn,numba,,_min,4,1,2
danielhanchen_hyperlearn.__hyperlearn_archive.hyperlearn,numba,,_max,4,1,2
danielhanchen_hyperlearn.__hyperlearn_archive.hyperlearn,numba,,_sign,4,1,1
danielhanchen_hyperlearn.__hyperlearn_archive.hyperlearn,numba,,multsum,5,2,2
danielhanchen_hyperlearn.__hyperlearn_archive.hyperlearn,numba,,squaresum,5,3,1
danielhanchen_hyperlearn.__hyperlearn_archive.hyperlearn,random,,uniform,13,1,5
danielhanchen_hyperlearn.__hyperlearn_archive.hyperlearn,random,,uniform_vector,5,2,4
danielhanchen_hyperlearn.__hyperlearn_archive.hyperlearn,solvers,,solve,30,8,9
danielhanchen_hyperlearn.__hyperlearn_archive.hyperlearn,solvers,,solveCholesky,16,1,4
danielhanchen_hyperlearn.__hyperlearn_archive.hyperlearn,solvers,,solveSVD,23,9,5
danielhanchen_hyperlearn.__hyperlearn_archive.hyperlearn,solvers,,solvePartial,16,5,5
danielhanchen_hyperlearn.__hyperlearn_archive.hyperlearn,solvers,,solveEig,11,1,4
danielhanchen_hyperlearn.__hyperlearn_archive.hyperlearn,solvers,,lstsq,5,1,2
danielhanchen_hyperlearn.__hyperlearn_archive.hyperlearn,solvers,,solveTLS,21,2,3
danielhanchen_hyperlearn.__hyperlearn_archive.hyperlearn,stats,,corr,15,3,2
danielhanchen_hyperlearn.__hyperlearn_archive.hyperlearn,stats,,qr_stats,8,1,2
danielhanchen_hyperlearn.__hyperlearn_archive.hyperlearn,stats,,svd_stats,9,1,3
danielhanchen_hyperlearn.__hyperlearn_archive.hyperlearn,stats,,ridge_stats,15,1,4
danielhanchen_hyperlearn.__hyperlearn_archive.hyperlearn,utils,lapack,__init__,9,4,3
danielhanchen_hyperlearn.__hyperlearn_archive.hyperlearn,utils,lapack,__repr__,2,1,0
danielhanchen_hyperlearn.__hyperlearn_archive.hyperlearn,utils,lapack,__call__,13,5,0
danielhanchen_hyperlearn.__hyperlearn_archive.hyperlearn,utils,,svd_flip,13,2,3
danielhanchen_hyperlearn.__hyperlearn_archive.hyperlearn,utils,,eig_flip,7,1,1
danielhanchen_hyperlearn.__hyperlearn_archive.hyperlearn,utils,,_svdCond,8,1,4
danielhanchen_hyperlearn.__hyperlearn_archive.hyperlearn,utils,,_eighCond,9,1,2
danielhanchen_hyperlearn.__hyperlearn_archive.hyperlearn,utils,,memoryXTX,7,1,1
danielhanchen_hyperlearn.__hyperlearn_archive.hyperlearn,utils,,memoryCovariance,11,2,1
danielhanchen_hyperlearn.__hyperlearn_archive.hyperlearn,utils,,memorySVD,12,2,1
danielhanchen_hyperlearn.__hyperlearn_archive.hyperlearn,utils,,_float,7,1,1
danielhanchen_hyperlearn.__hyperlearn_archive.hyperlearn,utils,,traceXTX,10,3,1
danielhanchen_hyperlearn.__hyperlearn_archive.hyperlearn,utils,,fastDot,15,1,3
danielhanchen_hyperlearn.__hyperlearn_archive.hyperlearn,utils,,_XTX,6,1,1
danielhanchen_hyperlearn.__hyperlearn_archive.hyperlearn,utils,,_XXT,6,1,1
danielhanchen_hyperlearn.__hyperlearn_archive.hyperlearn,utils,,rowSum_0,15,4,2
danielhanchen_hyperlearn.__hyperlearn_archive.hyperlearn,utils,,rowSum_A,10,3,2
danielhanchen_hyperlearn.__hyperlearn_archive.hyperlearn,utils,,rowSum,6,1,2
danielhanchen_hyperlearn.__hyperlearn_archive.hyperlearn,utils,,_reflect,9,3,1
danielhanchen_hyperlearn.__hyperlearn_archive.hyperlearn,utils,,reflect,5,1,2
danielhanchen_hyperlearn.__hyperlearn_archive.hyperlearn,utils,,addDiagonal,5,1,2
danielhanchen_hyperlearn.__hyperlearn_archive.hyperlearn,utils,,setDiagonal,5,1,2
danielhanchen_hyperlearn.__hyperlearn_archive.hyperlearn.big_data,incremental,,_utilSVD,10,3,4
danielhanchen_hyperlearn.__hyperlearn_archive.hyperlearn.big_data,incremental,,partialSVD,11,3,7
danielhanchen_hyperlearn.__hyperlearn_archive.hyperlearn.big_data,incremental,,partialEig,18,3,7
danielhanchen_hyperlearn.__hyperlearn_archive.hyperlearn.big_data,lsmr,,Orthogonalize,17,2,2
danielhanchen_hyperlearn.__hyperlearn_archive.hyperlearn.big_data,lsmr,,floatType,5,1,1
danielhanchen_hyperlearn.__hyperlearn_archive.hyperlearn.big_data,lsmr,,lsmr,164,18,8
danielhanchen_hyperlearn.__hyperlearn_archive.hyperlearn.big_data,randomized,,randomized_projection,16,5,4
danielhanchen_hyperlearn.__hyperlearn_archive.hyperlearn.big_data,randomized,,randomizedSVD,13,2,5
danielhanchen_hyperlearn.__hyperlearn_archive.hyperlearn.big_data,randomized,,randomizedEig,15,2,5
danielhanchen_hyperlearn.__hyperlearn_archive.hyperlearn.big_data,randomized,,randomizedPinv,16,4,3
danielhanchen_hyperlearn.__hyperlearn_archive.hyperlearn.big_data,truncated,,truncatedEigh,22,3,5
danielhanchen_hyperlearn.__hyperlearn_archive.hyperlearn.big_data,truncated,,truncatedEig,13,2,5
danielhanchen_hyperlearn.__hyperlearn_archive.hyperlearn.big_data,truncated,,truncatedSVD,19,4,6
danielhanchen_hyperlearn.__hyperlearn_archive.hyperlearn.big_data,truncated,,truncatedPinv,16,4,3
danielhanchen_hyperlearn.__hyperlearn_archive.hyperlearn.decomposition,NMF,,intialize_NMF,34,3,5
danielhanchen_hyperlearn.__hyperlearn_archive.hyperlearn.decomposition,NMF,,update_CD_base,39,10,6
danielhanchen_hyperlearn.__hyperlearn_archive.hyperlearn.decomposition,NMF,,nmf_cd,25,6,7
danielhanchen_hyperlearn.__hyperlearn_archive.hyperlearn.decomposition,NMF,,nmf_als,14,4,5
danielhanchen_hyperlearn.__hyperlearn_archive.hyperlearn.decomposition,PCA,PCA,__init__,4,1,5
danielhanchen_hyperlearn.__hyperlearn_archive.hyperlearn.decomposition,PCA,PCA,_fit_svd,3,1,1
danielhanchen_hyperlearn.__hyperlearn_archive.hyperlearn.decomposition,PCA,PCA,_fit_eig,8,1,1
danielhanchen_hyperlearn.__hyperlearn_archive.hyperlearn.decomposition,base,_basePCA,transform,10,4,1
danielhanchen_hyperlearn.__hyperlearn_archive.hyperlearn.decomposition,base,_basePCA,inverse_transform,7,3,1
danielhanchen_hyperlearn.__hyperlearn_archive.hyperlearn.decomposition,base,_basePCA,_store_components,8,1,2
danielhanchen_hyperlearn.__hyperlearn_archive.hyperlearn.decomposition,base,_basePCA,fit,9,3,1
danielhanchen_hyperlearn.__hyperlearn_archive.hyperlearn.discriminant_analysis,QDA,QuadraticDiscriminantAnalysis,__init__,9,1,3
danielhanchen_hyperlearn.__hyperlearn_archive.hyperlearn.discriminant_analysis,QDA,QuadraticDiscriminantAnalysis,fit,15,2,2
danielhanchen_hyperlearn.__hyperlearn_archive.hyperlearn.discriminant_analysis,QDA,QuadraticDiscriminantAnalysis,decision_function,9,2,1
danielhanchen_hyperlearn.__hyperlearn_archive.hyperlearn.discriminant_analysis,QDA,QuadraticDiscriminantAnalysis,predict_proba,6,1,1
danielhanchen_hyperlearn.__hyperlearn_archive.hyperlearn.discriminant_analysis,QDA,QuadraticDiscriminantAnalysis,predict_log_proba,3,1,1
danielhanchen_hyperlearn.__hyperlearn_archive.hyperlearn.discriminant_analysis,QDA,QuadraticDiscriminantAnalysis,predict,4,1,1
danielhanchen_hyperlearn.__hyperlearn_archive.hyperlearn.discriminant_analysis,QDA,,QuadraticDiscriminantAnalysis_partial_fit,16,2,6
danielhanchen_hyperlearn.__hyperlearn_archive.hyperlearn.discriminant_analysis,base,,y_count,5,1,1
danielhanchen_hyperlearn.__hyperlearn_archive.hyperlearn.impute,SVDImpute,,fit,28,6,4
danielhanchen_hyperlearn.__hyperlearn_archive.hyperlearn.impute,SVDImpute,,transform,26,6,8
danielhanchen_hyperlearn.__hyperlearn_archive.hyperlearn.metrics,cosine,,cosine_sim_triangular,21,5,2
danielhanchen_hyperlearn.__hyperlearn_archive.hyperlearn.metrics,cosine,,cosine_dis,9,3,1
danielhanchen_hyperlearn.__hyperlearn_archive.hyperlearn.metrics,cosine,,cosine_dis_triangular,6,1,1
danielhanchen_hyperlearn.__hyperlearn_archive.hyperlearn.metrics,cosine,,cosine_similarity,26,4,5
danielhanchen_hyperlearn.__hyperlearn_archive.hyperlearn.metrics,cosine,,cosine_similarity_sparse,25,4,9
danielhanchen_hyperlearn.__hyperlearn_archive.hyperlearn.metrics,cosine,,cosine_distances,31,4,5
danielhanchen_hyperlearn.__hyperlearn_archive.hyperlearn.metrics,cosine,,cosine_distances_sparse,31,4,9
danielhanchen_hyperlearn.__hyperlearn_archive.hyperlearn.metrics,euclidean,,mult_minus2,8,3,1
danielhanchen_hyperlearn.__hyperlearn_archive.hyperlearn.metrics,euclidean,,_maximum0,12,5,2
danielhanchen_hyperlearn.__hyperlearn_archive.hyperlearn.metrics,euclidean,,euclidean_triangular,30,7,3
danielhanchen_hyperlearn.__hyperlearn_archive.hyperlearn.metrics,euclidean,,euclidean_distances,26,5,5
danielhanchen_hyperlearn.__hyperlearn_archive.hyperlearn.metrics,euclidean,,euclidean_distances_sparse,22,3,9
danielhanchen_hyperlearn.__hyperlearn_archive.hyperlearn.sparse,base,,getDtype,16,7,3
danielhanchen_hyperlearn.__hyperlearn_archive.hyperlearn.sparse,base,,determine_nnz,14,4,2
danielhanchen_hyperlearn.__hyperlearn_archive.hyperlearn.sparse,base,,create_csr,27,5,4
danielhanchen_hyperlearn.__hyperlearn_archive.hyperlearn.sparse,base,,CreateCSR,11,2,2
danielhanchen_hyperlearn.__hyperlearn_archive.hyperlearn.sparse,csr,,sum_A,5,2,5
danielhanchen_hyperlearn.__hyperlearn_archive.hyperlearn.sparse,csr,,sum_0,5,2,5
danielhanchen_hyperlearn.__hyperlearn_archive.hyperlearn.sparse,csr,,sum_1,7,2,5
danielhanchen_hyperlearn.__hyperlearn_archive.hyperlearn.sparse,csr,,mean_A,3,1,5
danielhanchen_hyperlearn.__hyperlearn_archive.hyperlearn.sparse,csr,,mean_0,10,4,5
danielhanchen_hyperlearn.__hyperlearn_archive.hyperlearn.sparse,csr,,mean_1,9,3,5
danielhanchen_hyperlearn.__hyperlearn_archive.hyperlearn.sparse,csr,,add_A,5,2,6
danielhanchen_hyperlearn.__hyperlearn_archive.hyperlearn.sparse,csr,,add_0,6,2,6
danielhanchen_hyperlearn.__hyperlearn_archive.hyperlearn.sparse,csr,,add_1,8,3,6
danielhanchen_hyperlearn.__hyperlearn_archive.hyperlearn.sparse,csr,,div_A,5,2,7
danielhanchen_hyperlearn.__hyperlearn_archive.hyperlearn.sparse,csr,,div_0,6,2,7
danielhanchen_hyperlearn.__hyperlearn_archive.hyperlearn.sparse,csr,,div_1,8,3,7
danielhanchen_hyperlearn.__hyperlearn_archive.hyperlearn.sparse,csr,,mult_A,5,2,7
danielhanchen_hyperlearn.__hyperlearn_archive.hyperlearn.sparse,csr,,mult_0,6,2,7
danielhanchen_hyperlearn.__hyperlearn_archive.hyperlearn.sparse,csr,,mult_1,8,3,7
danielhanchen_hyperlearn.__hyperlearn_archive.hyperlearn.sparse,csr,,min_A,7,3,5
danielhanchen_hyperlearn.__hyperlearn_archive.hyperlearn.sparse,csr,,min_0,8,3,5
danielhanchen_hyperlearn.__hyperlearn_archive.hyperlearn.sparse,csr,,min_1,12,4,5
danielhanchen_hyperlearn.__hyperlearn_archive.hyperlearn.sparse,csr,,max_A,7,3,5
danielhanchen_hyperlearn.__hyperlearn_archive.hyperlearn.sparse,csr,,max_0,8,3,5
danielhanchen_hyperlearn.__hyperlearn_archive.hyperlearn.sparse,csr,,max_1,12,4,5
danielhanchen_hyperlearn.__hyperlearn_archive.hyperlearn.sparse,csr,,diagonal,16,3,5
danielhanchen_hyperlearn.__hyperlearn_archive.hyperlearn.sparse,csr,,_diagonal_add,75,11,8
danielhanchen_hyperlearn.__hyperlearn_archive.hyperlearn.sparse,csr,,diagonal_add,11,2,7
danielhanchen_hyperlearn.__hyperlearn_archive.hyperlearn.sparse,csr,,get_element,12,3,7
danielhanchen_hyperlearn.__hyperlearn_archive.hyperlearn.sparse,csr,,_mat_vec,10,3,6
danielhanchen_hyperlearn.__hyperlearn_archive.hyperlearn.sparse,csr,,_matT_vec,9,3,6
danielhanchen_hyperlearn.__hyperlearn_archive.hyperlearn.sparse,csr,,_mat_mat,15,4,6
danielhanchen_hyperlearn.__hyperlearn_archive.hyperlearn.sparse,csr,,_matT_mat,17,5,6
danielhanchen_hyperlearn.__hyperlearn_archive.hyperlearn.sparse,csr,,XXT_sparse,29,6,5
danielhanchen_hyperlearn.__hyperlearn_archive.hyperlearn.sparse,csr,,_XXT,6,1,6
danielhanchen_hyperlearn.__hyperlearn_archive.hyperlearn.sparse,csr,,rowSum,18,4,4
danielhanchen_hyperlearn.__hyperlearn_archive.hyperlearn.sparse,tcsr,,_XXT_triangular,33,6,5
danielhanchen_hyperlearn.__hyperlearn_archive.hyperlearn.sparse,tcsr,,_XXT,6,1,6
danielhanchen_hyperlearn.__hyperlearn_archive.hyperlearn_new,linalg,,dot,12,1,4
danielhanchen_hyperlearn.__hyperlearn_archive.hyperlearn_new,linalg,,transpose,10,2,3
danielhanchen_hyperlearn.__hyperlearn_archive.hyperlearn_new,linalg,,matmul,86,19,3
danielhanchen_hyperlearn.__hyperlearn_archive.hyperlearn_new,linalg,,cholesky,8,1,3
danielhanchen_hyperlearn.__hyperlearn_archive.hyperlearn_new,linalg,,cho_solve,5,1,3
danielhanchen_hyperlearn.__hyperlearn_archive.hyperlearn_new,linalg,,cho_inv,5,1,2
danielhanchen_hyperlearn.__hyperlearn_archive.hyperlearn_new,linalg,,pinvc,14,1,4
danielhanchen_hyperlearn.__hyperlearn_archive.hyperlearn_new,linalg,,pinvch,9,1,5
danielhanchen_hyperlearn.__hyperlearn_archive.hyperlearn_new,linalg,,lu,16,3,4
danielhanchen_hyperlearn.__hyperlearn_archive.hyperlearn_new,linalg,,pinvl,10,1,4
danielhanchen_hyperlearn.__hyperlearn_archive.hyperlearn_new,linalg,,qr,22,4,4
danielhanchen_hyperlearn.__hyperlearn_archive.hyperlearn_new,linalg,,svd,35,9,5
danielhanchen_hyperlearn.__hyperlearn_archive.hyperlearn_new,linalg,,pinv,7,1,3
danielhanchen_hyperlearn.__hyperlearn_archive.hyperlearn_new,linalg,,eigh,35,7,6
danielhanchen_hyperlearn.__hyperlearn_archive.hyperlearn_new,linalg,,eig,51,9,9
danielhanchen_hyperlearn.__hyperlearn_archive.hyperlearn_new,linalg,,pinvh,10,1,5
danielhanchen_hyperlearn.__hyperlearn_archive.hyperlearn_new,random,,cov,11,4,2
danielhanchen_hyperlearn.__hyperlearn_archive.hyperlearn_new,random,,random,19,2,5
danielhanchen_hyperlearn.__hyperlearn_archive.hyperlearn_new,random,,uniform_vector,5,2,4
danielhanchen_hyperlearn.__hyperlearn_archive.hyperlearn_new,random,,shuffle,2,1,1
danielhanchen_hyperlearn.__hyperlearn_archive.hyperlearn_new,random,,boolean,21,7,2
danielhanchen_hyperlearn.__hyperlearn_archive.hyperlearn_new,random,,randbool,9,2,1
danielhanchen_hyperlearn.__hyperlearn_archive.hyperlearn_new,random,,_choice_p,32,5,4
danielhanchen_hyperlearn.__hyperlearn_archive.hyperlearn_new,random,,_choice_a,2,1,3
danielhanchen_hyperlearn.__hyperlearn_archive.hyperlearn_new,random,,choice,8,2,4
danielhanchen_hyperlearn.__hyperlearn_archive.hyperlearn_new,random,,randint,3,1,3
danielhanchen_hyperlearn.__hyperlearn_archive.hyperlearn_new,random,,normal_1,25,9,4
danielhanchen_hyperlearn.__hyperlearn_archive.hyperlearn_new,random,,normal_32_,8,1,3
danielhanchen_hyperlearn.__hyperlearn_archive.hyperlearn_new,random,,normal_parallel_32,7,2,3
danielhanchen_hyperlearn.__hyperlearn_archive.hyperlearn_new,random,,normal_32,5,1,3
danielhanchen_hyperlearn.__hyperlearn_archive.hyperlearn_new,random,,normal_64_,8,1,3
danielhanchen_hyperlearn.__hyperlearn_archive.hyperlearn_new,random,,normal_parallel_64,7,2,3
danielhanchen_hyperlearn.__hyperlearn_archive.hyperlearn_new,random,,normal_64,5,1,3
danielhanchen_hyperlearn.__hyperlearn_archive.hyperlearn_new,random,,normal,6,1,5
danielhanchen_hyperlearn.__hyperlearn_archive.hyperlearn_new,stats,,corr,24,6,3
danielhanchen_hyperlearn.__hyperlearn_archive.hyperlearn_new,stats,,corr_sum,11,3,1
danielhanchen_hyperlearn.__hyperlearn_archive.hyperlearn_new,utils,,diag_set,4,2,2
danielhanchen_hyperlearn.__hyperlearn_archive.hyperlearn_new,utils,,do_until_success,43,12,5
danielhanchen_hyperlearn.__hyperlearn_archive.hyperlearn_new,utils,,add_jitter,15,6,4
danielhanchen_hyperlearn.__hyperlearn_archive.hyperlearn_new,utils,,triu,11,3,3
danielhanchen_hyperlearn.__hyperlearn_archive.hyperlearn_new,utils,,L_process,12,3,3
danielhanchen_hyperlearn.__hyperlearn_archive.hyperlearn_new,utils,,U_process,15,7,4
danielhanchen_hyperlearn.__hyperlearn_archive.hyperlearn_new,utils,,_reflect,6,3,1
danielhanchen_hyperlearn.__hyperlearn_archive.hyperlearn_new,utils,,_reflect_parallel,6,3,1
danielhanchen_hyperlearn.__hyperlearn_archive.hyperlearn_new,utils,,reflect,5,1,1
danielhanchen_hyperlearn.__hyperlearn_archive.hyperlearn_new,utils,,amax_0,13,4,3
danielhanchen_hyperlearn.__hyperlearn_archive.hyperlearn_new,utils,,amax_0_parallel,13,4,3
danielhanchen_hyperlearn.__hyperlearn_archive.hyperlearn_new,utils,,amax_1,15,4,3
danielhanchen_hyperlearn.__hyperlearn_archive.hyperlearn_new,utils,,amax_1_parallel,15,4,3
danielhanchen_hyperlearn.__hyperlearn_archive.hyperlearn_new,utils,,sign_max,6,2,3
danielhanchen_hyperlearn.__hyperlearn_archive.hyperlearn_new,utils,,svd_flip,15,4,4
danielhanchen_hyperlearn.__hyperlearn_archive.hyperlearn_new,utils,,svd_search,11,4,3
danielhanchen_hyperlearn.__hyperlearn_archive.hyperlearn_new,utils,,svd_condition,21,7,4
danielhanchen_hyperlearn.__hyperlearn_archive.hyperlearn_new,utils,,eig_search,8,3,2
danielhanchen_hyperlearn.__hyperlearn_archive.hyperlearn_new,utils,,eig_condition,20,4,3
danielhanchen_hyperlearn.__hyperlearn_archive.hyperlearn_new,utils,,eigh_search,17,5,2
danielhanchen_hyperlearn.__hyperlearn_archive.hyperlearn_new,utils,,_row_norm,11,3,1
danielhanchen_hyperlearn.__hyperlearn_archive.hyperlearn_new,utils,,_col_norm,9,3,1
danielhanchen_hyperlearn.__hyperlearn_archive.hyperlearn_new,utils,,normA,7,2,1
danielhanchen_hyperlearn.__hyperlearn_archive.hyperlearn_new,utils,,col_norm,4,1,1
danielhanchen_hyperlearn.__hyperlearn_archive.hyperlearn_new,utils,,row_norm,4,1,1
danielhanchen_hyperlearn.__hyperlearn_archive.hyperlearn_new,utils,,_frobenius_norm,9,3,1
danielhanchen_hyperlearn.__hyperlearn_archive.hyperlearn_new,utils,,_frobenius_norm_symmetric,16,3,1
danielhanchen_hyperlearn.__hyperlearn_archive.hyperlearn_new,utils,,frobenius_norm,8,1,2
danielhanchen_hyperlearn.__hyperlearn_archive.hyperlearn_new,utils,,proportion,3,1,1
danielhanchen_hyperlearn.__hyperlearn_archive.hyperlearn_new,utils,,gram_schmidt,24,5,4
danielhanchen_hyperlearn.__hyperlearn_archive.hyperlearn_new,utils,,_unique_int,19,6,1
danielhanchen_hyperlearn.__hyperlearn_archive.hyperlearn_new,utils,,_unique_count,22,6,2
danielhanchen_hyperlearn.__hyperlearn_archive.hyperlearn_new,utils,,_unique_sorted_size,14,3,1
danielhanchen_hyperlearn.__hyperlearn_archive.hyperlearn_new,utils,,_unique_sorted,20,4,1
danielhanchen_hyperlearn.__hyperlearn_archive.hyperlearn_new,utils,,_unique_sorted_count,25,4,1
danielhanchen_hyperlearn.__hyperlearn_archive.hyperlearn_new,utils,,unique_int,6,1,2
danielhanchen_hyperlearn.__hyperlearn_archive.hyperlearn_new,utils,,unique_sorted,6,1,2
danielhanchen_hyperlearn.__hyperlearn_archive.hyperlearn_new.numba,funcs,,svd,2,1,2
danielhanchen_hyperlearn.__hyperlearn_archive.hyperlearn_new.numba,funcs,,lstsq,2,1,2
danielhanchen_hyperlearn.__hyperlearn_archive.hyperlearn_new.numba,funcs,,qr,2,1,1
danielhanchen_hyperlearn.__hyperlearn_archive.hyperlearn_new.numba,funcs,,norm,2,1,1
danielhanchen_hyperlearn.__hyperlearn_archive.hyperlearn_new.numba,funcs,,maximum,2,1,2
danielhanchen_hyperlearn.__hyperlearn_archive.hyperlearn_new.numba,funcs,,minimum,2,1,2
danielhanchen_hyperlearn.__hyperlearn_archive.hyperlearn_new.numba,funcs,,arange,2,1,1
danielhanchen_hyperlearn.__hyperlearn_archive.hyperlearn_new.numba,funcs,,mean_1,10,3,1
danielhanchen_hyperlearn.__hyperlearn_archive.hyperlearn_new.numba,funcs,,mean_0,8,3,1
danielhanchen_hyperlearn.__hyperlearn_archive.hyperlearn_new.numba,funcs,,mean_A,4,1,1
danielhanchen_hyperlearn.__hyperlearn_archive.hyperlearn_new.numba,funcs,,mean,6,1,2
danielhanchen_hyperlearn.__hyperlearn_archive.hyperlearn_new.numba,funcs,,var_0,11,3,1
danielhanchen_hyperlearn.__hyperlearn_archive.hyperlearn_new.numba,funcs,,var_1,14,3,1
danielhanchen_hyperlearn.__hyperlearn_archive.hyperlearn_new.numba,funcs,,var_A,11,3,1
danielhanchen_hyperlearn.__hyperlearn_archive.hyperlearn_new.numba,funcs,,var,6,1,2
danielhanchen_hyperlearn.__hyperlearn_archive.hyperlearn_new.numba,funcs,,std,8,3,2
danielhanchen_hyperlearn.__hyperlearn_archive.hyperlearn_new.randomized,base,,sketch,15,1,4
danielhanchen_hyperlearn.__hyperlearn_archive.hyperlearn_new.randomized,base,,sketch_multiply_left,27,6,3
danielhanchen_hyperlearn.__hyperlearn_archive.hyperlearn_new.randomized,base,,sketch_multiply_right,14,5,3
danielhanchen_hyperlearn.__hyperlearn_archive.hyperlearn_new.randomized,base,,_sketch_right,7,2,5
danielhanchen_hyperlearn.__hyperlearn_archive.hyperlearn_new.randomized,base,,sketch_multiply,12,2,5
danielhanchen_hyperlearn.__hyperlearn_archive.hyperlearn_new.randomized,decomposition,,cur,111,16,7
danielhanchen_hyperlearn.__hyperlearn_archive.hyperlearn_new.randomized,linalg,,select,147,33,8
danielhanchen_hyperlearn.__hyperlearn_archive.hyperlearn_new.randomized,linalg,,matmul,15,3,6
danielhanchen_hyperlearn.__hyperlearn_archive.hyperlearn_new.randomized,linalg,,randomized_projection,41,9,5
danielhanchen_hyperlearn.__hyperlearn_archive.hyperlearn_new.randomized,linalg,,svd,23,4,8
danielhanchen_hyperlearn.__hyperlearn_archive.hyperlearn_new.randomized,linalg,,pinv,96,13,8
danielhanchen_hyperlearn.__hyperlearn_archive.hyperlearn_new.randomized,linalg,,eig,25,4,8
danielhanchen_hyperlearn.__hyperlearn_archive.hyperlearn_new.randomized,linalg,,eigh,11,1,7
danielhanchen_hyperlearn.__hyperlearn_archive.hyperlearn_new.randomized,linalg,,qr,24,5,7
