Package,Module,Class,Function,LOC,CC,PC
open-mmlab_mmfashion,setup,,readme,5,1,0
open-mmlab_mmfashion,setup,,get_version,5,1,1
open-mmlab_mmfashion,setup,,parse_requirements,56,16,2
open-mmlab_mmfashion.configs.fashion_parsing_segmentation,demo,,parse_args,19,1,0
open-mmlab_mmfashion.configs.fashion_parsing_segmentation,demo,,main,7,1,0
open-mmlab_mmfashion.configs.fashion_parsing_segmentation,inference,LoadImage,__call__,10,2,1
open-mmlab_mmfashion.configs.fashion_parsing_segmentation,inference,,init_detector,21,5,3
open-mmlab_mmfashion.configs.fashion_parsing_segmentation,inference,,inference_detector,12,1,2
open-mmlab_mmfashion.configs.fashion_parsing_segmentation,inference,,async_inference_detector,12,1,2
open-mmlab_mmfashion.configs.fashion_parsing_segmentation,inference,,show_result,53,9,7
open-mmlab_mmfashion.configs.fashion_parsing_segmentation,inference,,show_result_pyplot,6,1,5
open-mmlab_mmfashion.data,prepare_attr_pred,,split_img,17,4,0
open-mmlab_mmfashion.data,prepare_attr_pred,,split_attribute,30,6,3
open-mmlab_mmfashion.data,prepare_attr_pred,,split_bbox,27,5,3
open-mmlab_mmfashion.data,prepare_attr_pred,,split_category,27,3,3
open-mmlab_mmfashion.data,prepare_attr_pred,,split_lms,35,8,3
open-mmlab_mmfashion.data,prepare_consumer_to_shop,,split_img,27,3,0
open-mmlab_mmfashion.data,prepare_consumer_to_shop,,split_bbox,29,5,3
open-mmlab_mmfashion.data,prepare_consumer_to_shop,,split_ids,17,3,3
open-mmlab_mmfashion.data,prepare_consumer_to_shop,,split_lms,39,8,3
open-mmlab_mmfashion.data,prepare_in_shop,,split_img,22,5,0
open-mmlab_mmfashion.data,prepare_in_shop,,split_label,24,5,0
open-mmlab_mmfashion.data,prepare_in_shop,,split_ids,20,3,0
open-mmlab_mmfashion.data,prepare_in_shop,,split_bbox,21,4,0
open-mmlab_mmfashion.data,prepare_in_shop,,split_lms,32,8,0
open-mmlab_mmfashion.data,prepare_landmark_detect,,split_img,17,4,0
open-mmlab_mmfashion.data,prepare_landmark_detect,,split_landmark,40,9,3
open-mmlab_mmfashion.data,prepare_landmark_detect,,split_bbox,27,5,3
open-mmlab_mmfashion.demo,test_attr_predictor,,parse_args,21,1,0
open-mmlab_mmfashion.demo,test_attr_predictor,,main,16,2,0
open-mmlab_mmfashion.demo,test_cate_attr_predictor,,parse_args,22,1,0
open-mmlab_mmfashion.demo,test_cate_attr_predictor,,main,18,2,0
open-mmlab_mmfashion.demo,test_fashion_recommender,,parse_args,22,1,0
open-mmlab_mmfashion.demo,test_fashion_recommender,,main,35,5,0
open-mmlab_mmfashion.demo,test_landmark_detector,,parse_args,26,1,0
open-mmlab_mmfashion.demo,test_landmark_detector,,main,24,5,0
open-mmlab_mmfashion.demo,test_retriever,,parse_args,23,1,0
open-mmlab_mmfashion.demo,test_retriever,,_process_embeds,18,3,4
open-mmlab_mmfashion.demo,test_retriever,,main,21,3,0
open-mmlab_mmfashion.mmfashion.apis,env,,init_dist,11,5,2
open-mmlab_mmfashion.mmfashion.apis,env,,_init_dist_pytorch,5,1,1
open-mmlab_mmfashion.mmfashion.apis,env,,_init_dist_mpi,2,1,1
open-mmlab_mmfashion.mmfashion.apis,env,,_init_dist_slurm,13,1,2
open-mmlab_mmfashion.mmfashion.apis,env,,set_random_seed,5,1,1
open-mmlab_mmfashion.mmfashion.apis,env,,get_root_logger,7,2,1
open-mmlab_mmfashion.mmfashion.apis,test_fashion_recommender,,test_fashion_recommender,7,3,6
open-mmlab_mmfashion.mmfashion.apis,test_fashion_recommender,,_process_embeds,16,2,3
open-mmlab_mmfashion.mmfashion.apis,test_fashion_recommender,,_non_dist_test,9,1,4
open-mmlab_mmfashion.mmfashion.apis,test_fashion_recommender,,_dist_test,2,1,4
open-mmlab_mmfashion.mmfashion.apis,test_landmark_detector,,test_landmark_detector,7,3,6
open-mmlab_mmfashion.mmfashion.apis,test_landmark_detector,,_non_dist_test,31,3,4
open-mmlab_mmfashion.mmfashion.apis,test_landmark_detector,,_dist_test,2,1,4
open-mmlab_mmfashion.mmfashion.apis,test_predictor,,test_predictor,7,3,6
open-mmlab_mmfashion.mmfashion.apis,test_predictor,,test_cate_attr_predictor,7,3,6
open-mmlab_mmfashion.mmfashion.apis,test_predictor,,_non_dist_test_attr,24,3,4
open-mmlab_mmfashion.mmfashion.apis,test_predictor,,_non_dist_test_cate_attr,35,3,4
open-mmlab_mmfashion.mmfashion.apis,test_predictor,,_dist_test_attr,2,1,4
open-mmlab_mmfashion.mmfashion.apis,test_predictor,,_dist_test_cate_attr,2,1,4
open-mmlab_mmfashion.mmfashion.apis,test_retriever,,test_retriever,7,3,7
open-mmlab_mmfashion.mmfashion.apis,test_retriever,,_process_embeds,16,2,3
open-mmlab_mmfashion.mmfashion.apis,test_retriever,,_non_dist_test,12,1,5
open-mmlab_mmfashion.mmfashion.apis,test_retriever,,_dist_test,2,1,5
open-mmlab_mmfashion.mmfashion.apis,test_virtual_tryon,,test_geometric_matching,7,3,6
open-mmlab_mmfashion.mmfashion.apis,test_virtual_tryon,,_non_dist_test_gmm,27,4,4
open-mmlab_mmfashion.mmfashion.apis,test_virtual_tryon,,test_tryon,7,3,6
open-mmlab_mmfashion.mmfashion.apis,test_virtual_tryon,,_non_dist_test_tryon,23,3,4
open-mmlab_mmfashion.mmfashion.apis,test_virtual_tryon,,_dist_test,2,1,4
open-mmlab_mmfashion.mmfashion.apis,train_fashion_recommender,,parse_losses,15,5,1
open-mmlab_mmfashion.mmfashion.apis,train_fashion_recommender,,batch_processor,5,1,3
open-mmlab_mmfashion.mmfashion.apis,train_fashion_recommender,,train_fashion_recommender,7,3,6
open-mmlab_mmfashion.mmfashion.apis,train_fashion_recommender,,_dist_train,2,1,4
open-mmlab_mmfashion.mmfashion.apis,train_fashion_recommender,,_non_dist_train,23,3,4
open-mmlab_mmfashion.mmfashion.apis,train_landmark_detector,,parse_losses,15,5,1
open-mmlab_mmfashion.mmfashion.apis,train_landmark_detector,,batch_processor,5,1,3
open-mmlab_mmfashion.mmfashion.apis,train_landmark_detector,,train_landmark_detector,7,3,6
open-mmlab_mmfashion.mmfashion.apis,train_landmark_detector,,_dist_train,2,1,4
open-mmlab_mmfashion.mmfashion.apis,train_landmark_detector,,_non_dist_train,22,3,4
open-mmlab_mmfashion.mmfashion.apis,train_predictor,,parse_losses,15,5,1
open-mmlab_mmfashion.mmfashion.apis,train_predictor,,batch_processor,5,1,3
open-mmlab_mmfashion.mmfashion.apis,train_predictor,,train_predictor,7,3,6
open-mmlab_mmfashion.mmfashion.apis,train_predictor,,_dist_train,2,1,4
open-mmlab_mmfashion.mmfashion.apis,train_predictor,,_non_dist_train,22,3,4
open-mmlab_mmfashion.mmfashion.apis,train_retriever,,parse_losses,15,5,1
open-mmlab_mmfashion.mmfashion.apis,train_retriever,,batch_processor,5,1,3
open-mmlab_mmfashion.mmfashion.apis,train_retriever,,train_retriever,7,3,6
open-mmlab_mmfashion.mmfashion.apis,train_retriever,,_dist_train,2,1,4
open-mmlab_mmfashion.mmfashion.apis,train_retriever,,_non_dist_train,22,3,4
open-mmlab_mmfashion.mmfashion.apis,train_virtual_tryon,,parse_losses,15,5,1
open-mmlab_mmfashion.mmfashion.apis,train_virtual_tryon,,batch_processor,5,1,3
open-mmlab_mmfashion.mmfashion.apis,train_virtual_tryon,,train_geometric_matching,7,3,6
open-mmlab_mmfashion.mmfashion.apis,train_virtual_tryon,,train_tryon,7,3,6
open-mmlab_mmfashion.mmfashion.apis,train_virtual_tryon,,_dist_train,2,1,4
open-mmlab_mmfashion.mmfashion.apis,train_virtual_tryon,,_non_dist_train,23,3,4
open-mmlab_mmfashion.mmfashion.apis,utils,,build_optimizer,9,3,2
open-mmlab_mmfashion.mmfashion.apis,utils,,build_criterion,25,2,1
open-mmlab_mmfashion.mmfashion.core.evaluation,attr_predict_demo,AttrPredictor,__init__,7,2,2
open-mmlab_mmfashion.mmfashion.core.evaluation,attr_predict_demo,AttrPredictor,print_attr_name,3,2,1
open-mmlab_mmfashion.mmfashion.core.evaluation,attr_predict_demo,AttrPredictor,show_prediction,13,5,1
open-mmlab_mmfashion.mmfashion.core.evaluation,attr_predict_eval,AttrCalculator,__init__,31,4,4
open-mmlab_mmfashion.mmfashion.core.evaluation,attr_predict_eval,AttrCalculator,get_dict,7,2,1
open-mmlab_mmfashion.mmfashion.core.evaluation,attr_predict_eval,AttrCalculator,collect,14,6,3
open-mmlab_mmfashion.mmfashion.core.evaluation,attr_predict_eval,AttrCalculator,index_to_attribute_name,4,2,1
open-mmlab_mmfashion.mmfashion.core.evaluation,attr_predict_eval,AttrCalculator,collect_result,13,5,2
open-mmlab_mmfashion.mmfashion.core.evaluation,attr_predict_eval,AttrCalculator,compute_one_recall,14,3,2
open-mmlab_mmfashion.mmfashion.core.evaluation,attr_predict_eval,AttrCalculator,compute_recall,3,2,0
open-mmlab_mmfashion.mmfashion.core.evaluation,attr_predict_eval,AttrCalculator,compute_one_precision,13,3,3
open-mmlab_mmfashion.mmfashion.core.evaluation,attr_predict_eval,AttrCalculator,compute_precision,4,2,0
open-mmlab_mmfashion.mmfashion.core.evaluation,attr_predict_eval,AttrCalculator,compute_one_accuracy,5,2,2
open-mmlab_mmfashion.mmfashion.core.evaluation,attr_predict_eval,AttrCalculator,compute_accuracy,4,2,0
open-mmlab_mmfashion.mmfashion.core.evaluation,attr_predict_eval,AttrCalculator,show_result,15,4,1
open-mmlab_mmfashion.mmfashion.core.evaluation,attr_predict_eval,AttrCalculator,show_per_attr_result,11,3,0
open-mmlab_mmfashion.mmfashion.core.evaluation,cate_predict_demo,CatePredictor,__init__,7,2,2
open-mmlab_mmfashion.mmfashion.core.evaluation,cate_predict_demo,CatePredictor,print_cate_name,3,2,1
open-mmlab_mmfashion.mmfashion.core.evaluation,cate_predict_demo,CatePredictor,show_prediction,13,5,1
open-mmlab_mmfashion.mmfashion.core.evaluation,cate_predict_eval,CateCalculator,__init__,15,2,2
open-mmlab_mmfashion.mmfashion.core.evaluation,cate_predict_eval,CateCalculator,collect,8,7,3
open-mmlab_mmfashion.mmfashion.core.evaluation,cate_predict_eval,CateCalculator,collect_result,13,5,2
open-mmlab_mmfashion.mmfashion.core.evaluation,cate_predict_eval,CateCalculator,compute_one_recall,12,3,2
open-mmlab_mmfashion.mmfashion.core.evaluation,cate_predict_eval,CateCalculator,compute_recall,3,2,0
open-mmlab_mmfashion.mmfashion.core.evaluation,cate_predict_eval,CateCalculator,show_result,10,3,1
open-mmlab_mmfashion.mmfashion.core.evaluation,landmark_detect_eval,LandmarkDetectorEvaluator,__init__,7,1,5
open-mmlab_mmfashion.mmfashion.core.evaluation,landmark_detect_eval,LandmarkDetectorEvaluator,compute_distance,35,5,2
open-mmlab_mmfashion.mmfashion.core.evaluation,landmark_detect_eval,LandmarkDetectorEvaluator,evaluate_landmark_detection,20,1,4
open-mmlab_mmfashion.mmfashion.core.evaluation,landmark_detect_eval,LandmarkDetectorEvaluator,compute_vis_prediction_accuracy,10,5,2
open-mmlab_mmfashion.mmfashion.core.evaluation,retrieval_demo,ClothesRetriever,__init__,8,2,5
open-mmlab_mmfashion.mmfashion.core.evaluation,retrieval_demo,ClothesRetriever,show_topk_retrieved_images,4,2,1
open-mmlab_mmfashion.mmfashion.core.evaluation,retrieval_demo,ClothesRetriever,show_retrieved_images,11,3,2
open-mmlab_mmfashion.mmfashion.core.evaluation,retrieval_eval,Evaluator,__init__,11,2,4
open-mmlab_mmfashion.mmfashion.core.evaluation,retrieval_eval,Evaluator,load_dict,6,2,1
open-mmlab_mmfashion.mmfashion.core.evaluation,retrieval_eval,Evaluator,inverse_dict,8,3,1
open-mmlab_mmfashion.mmfashion.core.evaluation,retrieval_eval,Evaluator,single_query,21,5,4
open-mmlab_mmfashion.mmfashion.core.evaluation,retrieval_eval,Evaluator,show_results,5,2,0
open-mmlab_mmfashion.mmfashion.core.evaluation,retrieval_eval,Evaluator,evaluate,10,3,2
open-mmlab_mmfashion.mmfashion.core.evaluation,retrieval_eval,Evaluator,show_retrieved_images,13,4,2
open-mmlab_mmfashion.mmfashion.core.evaluation,retrieval_eval,Evaluator,get_id_dict,14,3,1
open-mmlab_mmfashion.mmfashion.datasets,Attr_Pred,AttrDataset,__init__,28,4,8
open-mmlab_mmfashion.mmfashion.datasets,Attr_Pred,AttrDataset,get_basic_item,38,5,1
open-mmlab_mmfashion.mmfashion.datasets,Attr_Pred,AttrDataset,__getitem__,2,1,1
open-mmlab_mmfashion.mmfashion.datasets,Attr_Pred,AttrDataset,__len__,2,1,0
open-mmlab_mmfashion.mmfashion.datasets,CP_VTON,CPVTONDataset,__init__,23,2,7
open-mmlab_mmfashion.mmfashion.datasets,CP_VTON,CPVTONDataset,__getitem__,70,5,1
open-mmlab_mmfashion.mmfashion.datasets,CP_VTON,CPVTONDataset,__len__,2,1,0
open-mmlab_mmfashion.mmfashion.datasets,Consumer_to_shop,ConsumerToShopDataset,__init__,101,18,10
open-mmlab_mmfashion.mmfashion.datasets,Consumer_to_shop,ConsumerToShopDataset,get_basic_item,29,4,1
open-mmlab_mmfashion.mmfashion.datasets,Consumer_to_shop,ConsumerToShopDataset,get_three_items,30,2,1
open-mmlab_mmfashion.mmfashion.datasets,Consumer_to_shop,ConsumerToShopDataset,__getitem__,12,1,1
open-mmlab_mmfashion.mmfashion.datasets,Consumer_to_shop,ConsumerToShopDataset,__len__,2,1,0
open-mmlab_mmfashion.mmfashion.datasets,In_shop,InShopDataset,__init__,39,5,10
open-mmlab_mmfashion.mmfashion.datasets,In_shop,InShopDataset,get_basic_item,29,4,1
open-mmlab_mmfashion.mmfashion.datasets,In_shop,InShopDataset,get_three_items,36,4,1
open-mmlab_mmfashion.mmfashion.datasets,In_shop,InShopDataset,__getitem__,5,1,1
open-mmlab_mmfashion.mmfashion.datasets,In_shop,InShopDataset,__len__,2,1,0
open-mmlab_mmfashion.mmfashion.datasets,Landmark_Detect,LandmarkDetectDataset,__init__,25,3,7
open-mmlab_mmfashion.mmfashion.datasets,Landmark_Detect,LandmarkDetectDataset,get_basic_item,51,5,1
open-mmlab_mmfashion.mmfashion.datasets,Landmark_Detect,LandmarkDetectDataset,__getitem__,2,1,1
open-mmlab_mmfashion.mmfashion.datasets,Landmark_Detect,LandmarkDetectDataset,__len__,2,1,0
open-mmlab_mmfashion.mmfashion.datasets,Polyvore_outfit,PolyvoreOutfitDataset,__init__,80,18,10
open-mmlab_mmfashion.mmfashion.datasets,Polyvore_outfit,PolyvoreOutfitDataset,collect_pos_pairs,13,4,0
open-mmlab_mmfashion.mmfashion.datasets,Polyvore_outfit,PolyvoreOutfitDataset,load_typespaces,8,2,1
open-mmlab_mmfashion.mmfashion.datasets,Polyvore_outfit,PolyvoreOutfitDataset,parse_iminfo,13,3,4
open-mmlab_mmfashion.mmfashion.datasets,Polyvore_outfit,PolyvoreOutfitDataset,collect_fitb_questions,12,2,1
open-mmlab_mmfashion.mmfashion.datasets,Polyvore_outfit,PolyvoreOutfitDataset,collect_compatibility_questions,10,2,1
open-mmlab_mmfashion.mmfashion.datasets,Polyvore_outfit,PolyvoreOutfitDataset,get_single_compatibility_score,25,5,4
open-mmlab_mmfashion.mmfashion.datasets,Polyvore_outfit,PolyvoreOutfitDataset,test_compatibility,35,5,2
open-mmlab_mmfashion.mmfashion.datasets,Polyvore_outfit,PolyvoreOutfitDataset,test_fitb,33,5,2
open-mmlab_mmfashion.mmfashion.datasets,Polyvore_outfit,PolyvoreOutfitDataset,load_train_item,14,2,1
open-mmlab_mmfashion.mmfashion.datasets,Polyvore_outfit,PolyvoreOutfitDataset,sample_negative,12,3,2
open-mmlab_mmfashion.mmfashion.datasets,Polyvore_outfit,PolyvoreOutfitDataset,get_typespaces,6,2,2
open-mmlab_mmfashion.mmfashion.datasets,Polyvore_outfit,PolyvoreOutfitDataset,__getitem__,29,1,1
open-mmlab_mmfashion.mmfashion.datasets,Polyvore_outfit,PolyvoreOutfitDataset,shuffle,2,1,0
open-mmlab_mmfashion.mmfashion.datasets,Polyvore_outfit,PolyvoreOutfitDataset,__len__,5,1,0
open-mmlab_mmfashion.mmfashion.datasets,builder,,_concat_dataset,5,2,1
open-mmlab_mmfashion.mmfashion.datasets,builder,,build_dataset,6,2,1
open-mmlab_mmfashion.mmfashion.datasets,dataset_wrappers,ConcatDataset,__init__,8,3,1
open-mmlab_mmfashion.mmfashion.datasets,dataset_wrappers,RepeatDataset,__init__,7,2,2
open-mmlab_mmfashion.mmfashion.datasets,dataset_wrappers,RepeatDataset,__getitem__,2,1,1
open-mmlab_mmfashion.mmfashion.datasets,dataset_wrappers,RepeatDataset,__len__,2,1,0
open-mmlab_mmfashion.mmfashion.datasets,utils,,to_tensor,15,3,1
open-mmlab_mmfashion.mmfashion.datasets,utils,,get_dataset,40,7,1
open-mmlab_mmfashion.mmfashion.datasets.loader,build_loader,,build_dataloader,12,1,6
open-mmlab_mmfashion.mmfashion.datasets.loader,sampler,DistributedSampler,__init__,4,1,4
open-mmlab_mmfashion.mmfashion.datasets.loader,sampler,DistributedSampler,__iter__,12,2,0
open-mmlab_mmfashion.mmfashion.datasets.loader,sampler,GroupSampler,__init__,9,2,2
open-mmlab_mmfashion.mmfashion.datasets.loader,sampler,GroupSampler,__iter__,22,3,0
open-mmlab_mmfashion.mmfashion.datasets.loader,sampler,GroupSampler,__len__,2,1,0
open-mmlab_mmfashion.mmfashion.datasets.loader,sampler,DistributedGroupSampler,__init__,19,4,4
open-mmlab_mmfashion.mmfashion.datasets.loader,sampler,DistributedGroupSampler,__iter__,28,3,0
open-mmlab_mmfashion.mmfashion.datasets.loader,sampler,DistributedGroupSampler,__len__,2,1,0
open-mmlab_mmfashion.mmfashion.datasets.loader,sampler,DistributedGroupSampler,set_epoch,2,1,1
open-mmlab_mmfashion.mmfashion.models,builder,,_build_module,17,8,3
open-mmlab_mmfashion.mmfashion.models,builder,,build,6,1,3
open-mmlab_mmfashion.mmfashion.models,builder,,build_backbone,2,1,1
open-mmlab_mmfashion.mmfashion.models,builder,,build_global_pool,2,1,1
open-mmlab_mmfashion.mmfashion.models,builder,,build_roi_pool,2,1,1
open-mmlab_mmfashion.mmfashion.models,builder,,build_concat,2,1,1
open-mmlab_mmfashion.mmfashion.models,builder,,build_attr_predictor,2,1,1
open-mmlab_mmfashion.mmfashion.models,builder,,build_cate_predictor,2,1,1
open-mmlab_mmfashion.mmfashion.models,builder,,build_embed_extractor,2,1,1
open-mmlab_mmfashion.mmfashion.models,builder,,build_landmark_feature_extractor,2,1,1
open-mmlab_mmfashion.mmfashion.models,builder,,build_visibility_classifier,2,1,1
open-mmlab_mmfashion.mmfashion.models,builder,,build_landmark_regression,2,1,1
open-mmlab_mmfashion.mmfashion.models,builder,,build_landmark_detector,2,1,1
open-mmlab_mmfashion.mmfashion.models,builder,,build_loss,2,1,1
open-mmlab_mmfashion.mmfashion.models,builder,,build_predictor,2,1,1
open-mmlab_mmfashion.mmfashion.models,builder,,build_retriever,2,1,1
open-mmlab_mmfashion.mmfashion.models,builder,,build_type_specific_net,2,1,1
open-mmlab_mmfashion.mmfashion.models,builder,,build_triplet_net,2,1,1
open-mmlab_mmfashion.mmfashion.models,builder,,build_fashion_recommender,2,1,1
open-mmlab_mmfashion.mmfashion.models,builder,,build_feature_extractor,2,1,1
open-mmlab_mmfashion.mmfashion.models,builder,,build_feature_norm,2,1,1
open-mmlab_mmfashion.mmfashion.models,builder,,build_feature_correlation,2,1,1
open-mmlab_mmfashion.mmfashion.models,builder,,build_feature_regression,2,1,1
open-mmlab_mmfashion.mmfashion.models,builder,,build_tps_warp,2,1,1
open-mmlab_mmfashion.mmfashion.models,builder,,build_geometric_matching,2,1,1
open-mmlab_mmfashion.mmfashion.models,builder,,build_unet_skip_connection_block,2,1,1
open-mmlab_mmfashion.mmfashion.models,builder,,build_tryon,2,1,1
open-mmlab_mmfashion.mmfashion.models.attr_cate_predictor,attr_predictor,AttrPredictor,__init__,4,1,3
open-mmlab_mmfashion.mmfashion.models.attr_cate_predictor,attr_predictor,AttrPredictor,forward_train,4,1,2
open-mmlab_mmfashion.mmfashion.models.attr_cate_predictor,attr_predictor,AttrPredictor,forward_test,3,1,1
open-mmlab_mmfashion.mmfashion.models.attr_cate_predictor,attr_predictor,AttrPredictor,forward,5,1,3
open-mmlab_mmfashion.mmfashion.models.attr_cate_predictor,attr_predictor,AttrPredictor,init_weights,4,2,0
open-mmlab_mmfashion.mmfashion.models.attr_cate_predictor,cate_predictor,CatePredictor,__init__,4,1,3
open-mmlab_mmfashion.mmfashion.models.attr_cate_predictor,cate_predictor,CatePredictor,forward_train,4,1,2
open-mmlab_mmfashion.mmfashion.models.attr_cate_predictor,cate_predictor,CatePredictor,forward_test,3,1,1
open-mmlab_mmfashion.mmfashion.models.attr_cate_predictor,cate_predictor,CatePredictor,forward,5,1,3
open-mmlab_mmfashion.mmfashion.models.attr_cate_predictor,cate_predictor,CatePredictor,init_weights,4,2,0
open-mmlab_mmfashion.mmfashion.models.backbones,resnet,BasicBlock,__init__,17,5,8
open-mmlab_mmfashion.mmfashion.models.backbones,resnet,BasicBlock,forward,12,2,1
open-mmlab_mmfashion.mmfashion.models.backbones,resnet,Bottleneck,__init__,14,2,8
open-mmlab_mmfashion.mmfashion.models.backbones,resnet,Bottleneck,forward,15,2,1
open-mmlab_mmfashion.mmfashion.models.backbones,resnet,ResNet,__init__,44,4,6
open-mmlab_mmfashion.mmfashion.models.backbones,resnet,ResNet,init_weights,23,10,1
open-mmlab_mmfashion.mmfashion.models.backbones,resnet,ResNet,_make_layer,27,5,5
open-mmlab_mmfashion.mmfashion.models.backbones,resnet,ResNet,forward,10,1,1
open-mmlab_mmfashion.mmfashion.models.backbones,resnet,,conv3x3,10,1,5
open-mmlab_mmfashion.mmfashion.models.backbones,resnet,,conv1x1,3,1,3
open-mmlab_mmfashion.mmfashion.models.backbones,vgg,Vgg,__init__,6,2,3
open-mmlab_mmfashion.mmfashion.models.backbones,vgg,Vgg,_make_layers,18,4,2
open-mmlab_mmfashion.mmfashion.models.backbones,vgg,Vgg,forward,3,1,1
open-mmlab_mmfashion.mmfashion.models.backbones,vgg,Vgg,init_weights,17,8,1
open-mmlab_mmfashion.mmfashion.models.concats,concat,Concat,__init__,3,1,2
open-mmlab_mmfashion.mmfashion.models.concats,concat,Concat,forward,7,2,2
open-mmlab_mmfashion.mmfashion.models.concats,concat,Concat,init_weights,4,2,0
open-mmlab_mmfashion.mmfashion.models.concats,tps_warp,TPSWarp,__init__,32,2,5
open-mmlab_mmfashion.mmfashion.models.concats,tps_warp,TPSWarp,compute_L_inverse,16,1,2
open-mmlab_mmfashion.mmfashion.models.concats,tps_warp,TPSWarp,apply_transformation,63,4,2
open-mmlab_mmfashion.mmfashion.models.concats,tps_warp,TPSWarp,forward,4,1,1
open-mmlab_mmfashion.mmfashion.models.embed_extractor,embed_extract,EmbedExtractor,__init__,10,2,4
open-mmlab_mmfashion.mmfashion.models.embed_extractor,embed_extract,EmbedExtractor,forward_train,13,1,7
open-mmlab_mmfashion.mmfashion.models.embed_extractor,embed_extract,EmbedExtractor,forward_test,3,1,1
open-mmlab_mmfashion.mmfashion.models.embed_extractor,embed_extract,EmbedExtractor,forward,6,1,8
open-mmlab_mmfashion.mmfashion.models.embed_extractor,embed_extract,EmbedExtractor,init_weights,7,3,0
open-mmlab_mmfashion.mmfashion.models.fashion_recommender,base,BaseFashionRecommender,__init__,2,1,0
open-mmlab_mmfashion.mmfashion.models.fashion_recommender,base,BaseFashionRecommender,forward_test,2,1,1
open-mmlab_mmfashion.mmfashion.models.fashion_recommender,base,BaseFashionRecommender,forward_train,2,1,10
open-mmlab_mmfashion.mmfashion.models.fashion_recommender,base,BaseFashionRecommender,forward,7,1,11
open-mmlab_mmfashion.mmfashion.models.fashion_recommender,base,BaseFashionRecommender,init_weights,4,2,1
open-mmlab_mmfashion.mmfashion.models.fashion_recommender,type_aware_recommend,TypeAwareRecommender,__init__,10,1,7
open-mmlab_mmfashion.mmfashion.models.fashion_recommender,type_aware_recommend,TypeAwareRecommender,forward_train,30,1,10
open-mmlab_mmfashion.mmfashion.models.fashion_recommender,type_aware_recommend,TypeAwareRecommender,forward_test,5,1,1
open-mmlab_mmfashion.mmfashion.models.fashion_recommender,type_aware_recommend,TypeAwareRecommender,init_weights,6,1,1
open-mmlab_mmfashion.mmfashion.models.feature_extractor,feature_correlation,FeatureCorrelation,__init__,2,1,0
open-mmlab_mmfashion.mmfashion.models.feature_extractor,feature_correlation,FeatureCorrelation,forward,9,1,2
open-mmlab_mmfashion.mmfashion.models.feature_extractor,feature_extractor,FeatureExtractor,__init__,19,3,4
open-mmlab_mmfashion.mmfashion.models.feature_extractor,feature_extractor,FeatureExtractor,forward,2,1,1
open-mmlab_mmfashion.mmfashion.models.feature_extractor,feature_extractor,FeatureExtractor,init_weights,12,6,1
open-mmlab_mmfashion.mmfashion.models.feature_extractor,feature_norm,FeatureNorm,__init__,3,1,1
open-mmlab_mmfashion.mmfashion.models.feature_extractor,feature_norm,FeatureNorm,forward,6,1,1
open-mmlab_mmfashion.mmfashion.models.feature_extractor,feature_regression,FeatureRegression,__init__,32,1,3
open-mmlab_mmfashion.mmfashion.models.feature_extractor,feature_regression,FeatureRegression,forward,6,1,1
open-mmlab_mmfashion.mmfashion.models.feature_extractor,feature_regression,FeatureRegression,init_weights,12,6,1
open-mmlab_mmfashion.mmfashion.models.geometric_matching,geometric_matching,GeometricMatching,__init__,13,1,7
open-mmlab_mmfashion.mmfashion.models.geometric_matching,geometric_matching,GeometricMatching,forward,9,1,2
open-mmlab_mmfashion.mmfashion.models.geometric_matching,geometric_matching,GeometricMatching,init_weights,3,1,1
open-mmlab_mmfashion.mmfashion.models.global_pool,global_pool,GlobalPooling,__init__,15,2,4
open-mmlab_mmfashion.mmfashion.models.global_pool,global_pool,GlobalPooling,forward,5,1,1
open-mmlab_mmfashion.mmfashion.models.global_pool,global_pool,GlobalPooling,init_weights,11,7,0
open-mmlab_mmfashion.mmfashion.models.landmark_detector,base,BaseLandmarkDetector,__init__,2,1,0
open-mmlab_mmfashion.mmfashion.models.landmark_detector,base,BaseLandmarkDetector,simple_test,2,1,2
open-mmlab_mmfashion.mmfashion.models.landmark_detector,base,BaseLandmarkDetector,aug_test,2,1,2
open-mmlab_mmfashion.mmfashion.models.landmark_detector,base,BaseLandmarkDetector,forward_test,6,1,1
open-mmlab_mmfashion.mmfashion.models.landmark_detector,base,BaseLandmarkDetector,forward_train,2,1,5
open-mmlab_mmfashion.mmfashion.models.landmark_detector,base,BaseLandmarkDetector,forward,6,1,6
open-mmlab_mmfashion.mmfashion.models.landmark_detector,base,BaseLandmarkDetector,init_weights,4,2,1
open-mmlab_mmfashion.mmfashion.models.landmark_detector,landmark_detector,LandmarkDetector,__init__,12,1,6
open-mmlab_mmfashion.mmfashion.models.landmark_detector,landmark_detector,LandmarkDetector,forward_train,10,1,5
open-mmlab_mmfashion.mmfashion.models.landmark_detector,landmark_detector,LandmarkDetector,simple_test,9,1,1
open-mmlab_mmfashion.mmfashion.models.landmark_detector,landmark_detector,LandmarkDetector,aug_test,8,1,1
open-mmlab_mmfashion.mmfashion.models.landmark_detector,landmark_detector,LandmarkDetector,init_weights,7,1,1
open-mmlab_mmfashion.mmfashion.models.landmark_feature_extractor,landmark_feature_extract,LandmarkFeatureExtractor,__init__,5,1,3
open-mmlab_mmfashion.mmfashion.models.landmark_feature_extractor,landmark_feature_extract,LandmarkFeatureExtractor,forward,4,1,1
open-mmlab_mmfashion.mmfashion.models.landmark_feature_extractor,landmark_feature_extract,LandmarkFeatureExtractor,init_weights,4,2,0
open-mmlab_mmfashion.mmfashion.models.landmark_regression,landmark_regression,LandmarkRegression,__init__,5,1,4
open-mmlab_mmfashion.mmfashion.models.landmark_regression,landmark_regression,LandmarkRegression,forward_train,7,1,4
open-mmlab_mmfashion.mmfashion.models.landmark_regression,landmark_regression,LandmarkRegression,forward_test,3,1,1
open-mmlab_mmfashion.mmfashion.models.landmark_regression,landmark_regression,LandmarkRegression,forward,5,1,5
open-mmlab_mmfashion.mmfashion.models.landmark_regression,landmark_regression,LandmarkRegression,init_weights,4,2,0
open-mmlab_mmfashion.mmfashion.models.losses,bce_with_logit_loss,BCEWithLogitsLoss,__init__,6,1,5
open-mmlab_mmfashion.mmfashion.models.losses,bce_with_logit_loss,BCEWithLogitsLoss,forward,4,1,2
open-mmlab_mmfashion.mmfashion.models.losses,ce_loss,CELoss,__init__,6,1,6
open-mmlab_mmfashion.mmfashion.models.losses,ce_loss,CELoss,forward,10,1,2
open-mmlab_mmfashion.mmfashion.models.losses,cosine_embed_loss,CosineEmbeddingLoss,__init__,4,1,4
open-mmlab_mmfashion.mmfashion.models.losses,cosine_embed_loss,CosineEmbeddingLoss,forward,7,1,3
open-mmlab_mmfashion.mmfashion.models.losses,l1_loss,L1Loss,__init__,5,1,3
open-mmlab_mmfashion.mmfashion.models.losses,l1_loss,L1Loss,forward,2,1,2
open-mmlab_mmfashion.mmfashion.models.losses,loss_norm,L2NormLoss,__init__,3,1,1
open-mmlab_mmfashion.mmfashion.models.losses,loss_norm,L2NormLoss,forward,4,1,4
open-mmlab_mmfashion.mmfashion.models.losses,loss_norm,L1NormLoss,__init__,4,1,2
open-mmlab_mmfashion.mmfashion.models.losses,loss_norm,L1NormLoss,forward,5,2,4
open-mmlab_mmfashion.mmfashion.models.losses,margin_ranking_loss,MarginRankingLoss,__init__,5,1,5
open-mmlab_mmfashion.mmfashion.models.losses,margin_ranking_loss,MarginRankingLoss,forward,7,1,3
open-mmlab_mmfashion.mmfashion.models.losses,margin_ranking_loss,SelectiveMarginLoss,__init__,4,1,2
open-mmlab_mmfashion.mmfashion.models.losses,margin_ranking_loss,SelectiveMarginLoss,forward,6,1,3
open-mmlab_mmfashion.mmfashion.models.losses,mse_loss,MSELoss,__init__,6,1,4
open-mmlab_mmfashion.mmfashion.models.losses,mse_loss,MSELoss,forward,2,1,3
open-mmlab_mmfashion.mmfashion.models.losses,triplet_loss,TripletLoss,__init__,8,1,6
open-mmlab_mmfashion.mmfashion.models.losses,triplet_loss,TripletLoss,forward,29,4,5
open-mmlab_mmfashion.mmfashion.models.losses,vgg_loss,Vgg19,__init__,22,8,1
open-mmlab_mmfashion.mmfashion.models.losses,vgg_loss,Vgg19,forward,8,1,1
open-mmlab_mmfashion.mmfashion.models.losses,vgg_loss,VGGLoss,__init__,7,1,1
open-mmlab_mmfashion.mmfashion.models.losses,vgg_loss,VGGLoss,forward,10,3,2
open-mmlab_mmfashion.mmfashion.models.predictor,base,BasePredictor,__init__,2,1,0
open-mmlab_mmfashion.mmfashion.models.predictor,base,BasePredictor,with_roi_pool,2,2,0
open-mmlab_mmfashion.mmfashion.models.predictor,base,BasePredictor,simple_test,2,1,2
open-mmlab_mmfashion.mmfashion.models.predictor,base,BasePredictor,aug_test,2,1,2
open-mmlab_mmfashion.mmfashion.models.predictor,base,BasePredictor,forward_test,6,1,2
open-mmlab_mmfashion.mmfashion.models.predictor,base,BasePredictor,forward_train,2,1,4
open-mmlab_mmfashion.mmfashion.models.predictor,base,BasePredictor,forward,5,1,5
open-mmlab_mmfashion.mmfashion.models.predictor,base,BasePredictor,init_weights,4,2,1
open-mmlab_mmfashion.mmfashion.models.predictor,global_attr_cate_predictor,GlobalAttrCatePredictor,__init__,7,1,6
open-mmlab_mmfashion.mmfashion.models.predictor,global_attr_cate_predictor,GlobalAttrCatePredictor,forward_train,10,1,4
open-mmlab_mmfashion.mmfashion.models.predictor,global_attr_cate_predictor,GlobalAttrCatePredictor,simple_test,4,1,2
open-mmlab_mmfashion.mmfashion.models.predictor,global_attr_cate_predictor,GlobalAttrCatePredictor,aug_test,7,1,2
open-mmlab_mmfashion.mmfashion.models.predictor,global_attr_cate_predictor,GlobalAttrCatePredictor,forward_test,7,1,2
open-mmlab_mmfashion.mmfashion.models.predictor,global_attr_cate_predictor,GlobalAttrCatePredictor,init_weights,5,1,1
open-mmlab_mmfashion.mmfashion.models.predictor,global_predictor,GlobalPredictor,__init__,5,1,6
open-mmlab_mmfashion.mmfashion.models.predictor,global_predictor,GlobalPredictor,forward_train,7,1,4
open-mmlab_mmfashion.mmfashion.models.predictor,global_predictor,GlobalPredictor,simple_test,4,1,2
open-mmlab_mmfashion.mmfashion.models.predictor,global_predictor,GlobalPredictor,aug_test,6,1,2
open-mmlab_mmfashion.mmfashion.models.predictor,global_predictor,GlobalPredictor,forward_test,6,1,2
open-mmlab_mmfashion.mmfashion.models.predictor,global_predictor,GlobalPredictor,init_weights,4,1,1
open-mmlab_mmfashion.mmfashion.models.predictor,roi_attr_cate_predictor,RoIAttrCatePredictor,__init__,10,1,7
open-mmlab_mmfashion.mmfashion.models.predictor,roi_attr_cate_predictor,RoIAttrCatePredictor,forward_train,10,1,4
open-mmlab_mmfashion.mmfashion.models.predictor,roi_attr_cate_predictor,RoIAttrCatePredictor,simple_test,5,1,2
open-mmlab_mmfashion.mmfashion.models.predictor,roi_attr_cate_predictor,RoIAttrCatePredictor,aug_test,9,1,2
open-mmlab_mmfashion.mmfashion.models.predictor,roi_attr_cate_predictor,RoIAttrCatePredictor,init_weights,7,1,1
open-mmlab_mmfashion.mmfashion.models.predictor,roi_predictor,RoIPredictor,__init__,8,1,7
open-mmlab_mmfashion.mmfashion.models.predictor,roi_predictor,RoIPredictor,forward_train,9,1,4
open-mmlab_mmfashion.mmfashion.models.predictor,roi_predictor,RoIPredictor,simple_test,5,1,2
open-mmlab_mmfashion.mmfashion.models.predictor,roi_predictor,RoIPredictor,aug_test,8,1,2
open-mmlab_mmfashion.mmfashion.models.predictor,roi_predictor,RoIPredictor,init_weights,6,1,1
open-mmlab_mmfashion.mmfashion.models.retriever,base,BaseRetriever,__init__,2,1,0
open-mmlab_mmfashion.mmfashion.models.retriever,base,BaseRetriever,with_roi_pool,2,2,0
open-mmlab_mmfashion.mmfashion.models.retriever,base,BaseRetriever,simple_test,2,1,2
open-mmlab_mmfashion.mmfashion.models.retriever,base,BaseRetriever,aug_test,2,1,2
open-mmlab_mmfashion.mmfashion.models.retriever,base,BaseRetriever,forward_test,6,1,2
open-mmlab_mmfashion.mmfashion.models.retriever,base,BaseRetriever,forward_train,2,1,10
open-mmlab_mmfashion.mmfashion.models.retriever,base,BaseRetriever,forward,7,1,11
open-mmlab_mmfashion.mmfashion.models.retriever,base,BaseRetriever,init_weights,4,2,1
open-mmlab_mmfashion.mmfashion.models.retriever,global_retriever,GlobalRetriever,__init__,10,2,5
open-mmlab_mmfashion.mmfashion.models.retriever,global_retriever,GlobalRetriever,extract_feat,4,1,1
open-mmlab_mmfashion.mmfashion.models.retriever,global_retriever,GlobalRetriever,forward_train,23,3,10
open-mmlab_mmfashion.mmfashion.models.retriever,global_retriever,GlobalRetriever,simple_test,4,1,2
open-mmlab_mmfashion.mmfashion.models.retriever,global_retriever,GlobalRetriever,aug_test,4,1,2
open-mmlab_mmfashion.mmfashion.models.retriever,global_retriever,GlobalRetriever,init_weights,7,2,1
open-mmlab_mmfashion.mmfashion.models.retriever,roi_retriever,RoIRetriever,__init__,15,3,7
open-mmlab_mmfashion.mmfashion.models.retriever,roi_retriever,RoIRetriever,extract_feat,10,2,2
open-mmlab_mmfashion.mmfashion.models.retriever,roi_retriever,RoIRetriever,forward_train,24,3,10
open-mmlab_mmfashion.mmfashion.models.retriever,roi_retriever,RoIRetriever,simple_test,6,1,2
open-mmlab_mmfashion.mmfashion.models.retriever,roi_retriever,RoIRetriever,aug_test,4,1,2
open-mmlab_mmfashion.mmfashion.models.retriever,roi_retriever,RoIRetriever,init_weights,10,3,1
open-mmlab_mmfashion.mmfashion.models.roi_pool,roi_pooling,RoIPooling,__init__,16,1,7
open-mmlab_mmfashion.mmfashion.models.roi_pool,roi_pooling,RoIPooling,forward,30,2,2
open-mmlab_mmfashion.mmfashion.models.roi_pool,roi_pooling,RoIPooling,init_weights,13,6,0
open-mmlab_mmfashion.mmfashion.models.triplet_net,triplet_net,EmbedBranch,__init__,7,1,2
open-mmlab_mmfashion.mmfashion.models.triplet_net,triplet_net,EmbedBranch,forward,7,1,1
open-mmlab_mmfashion.mmfashion.models.triplet_net,triplet_net,TripletNet,__init__,12,2,7
open-mmlab_mmfashion.mmfashion.models.triplet_net,triplet_net,TripletNet,image_forward,10,1,3
open-mmlab_mmfashion.mmfashion.models.triplet_net,triplet_net,TripletNet,embed_forward,12,2,3
open-mmlab_mmfashion.mmfashion.models.triplet_net,triplet_net,TripletNet,text_forward,12,1,6
open-mmlab_mmfashion.mmfashion.models.triplet_net,triplet_net,TripletNet,calc_vse_loss,8,1,5
open-mmlab_mmfashion.mmfashion.models.triplet_net,triplet_net,TripletNet,forward,16,1,12
open-mmlab_mmfashion.mmfashion.models.triplet_net,triplet_net,TripletNet,init_weights,5,2,0
open-mmlab_mmfashion.mmfashion.models.type_specific_net,type_specific_net,ListModule,__init__,6,2,0
open-mmlab_mmfashion.mmfashion.models.type_specific_net,type_specific_net,ListModule,__getitem__,7,4,1
open-mmlab_mmfashion.mmfashion.models.type_specific_net,type_specific_net,ListModule,__iter__,2,1,0
open-mmlab_mmfashion.mmfashion.models.type_specific_net,type_specific_net,ListModule,__len__,2,1,0
open-mmlab_mmfashion.mmfashion.models.type_specific_net,type_specific_net,TypeSpecificNet,__init__,49,11,7
open-mmlab_mmfashion.mmfashion.models.type_specific_net,type_specific_net,TypeSpecificNet,forward_test,19,4,1
open-mmlab_mmfashion.mmfashion.models.type_specific_net,type_specific_net,TypeSpecificNet,forward_train,24,5,2
open-mmlab_mmfashion.mmfashion.models.type_specific_net,type_specific_net,TypeSpecificNet,forward,5,1,3
open-mmlab_mmfashion.mmfashion.models.type_specific_net,type_specific_net,TypeSpecificNet,init_weights,13,9,0
open-mmlab_mmfashion.mmfashion.models.unet,unet_skip_connection_block,UnetSkipConnectionBlock,__init__,58,5,8
open-mmlab_mmfashion.mmfashion.models.unet,unet_skip_connection_block,UnetSkipConnectionBlock,forward,5,1,1
open-mmlab_mmfashion.mmfashion.models.virtual_tryon,geometric_matching,GeometricMatching,__init__,14,1,8
open-mmlab_mmfashion.mmfashion.models.virtual_tryon,geometric_matching,GeometricMatching,forward_feature,9,1,2
open-mmlab_mmfashion.mmfashion.models.virtual_tryon,geometric_matching,GeometricMatching,forward_train,6,1,3
open-mmlab_mmfashion.mmfashion.models.virtual_tryon,geometric_matching,GeometricMatching,forward_test,5,1,3
open-mmlab_mmfashion.mmfashion.models.virtual_tryon,geometric_matching,GeometricMatching,forward,5,1,7
open-mmlab_mmfashion.mmfashion.models.virtual_tryon,geometric_matching,GeometricMatching,init_weights,4,1,1
open-mmlab_mmfashion.mmfashion.models.virtual_tryon,tryon,Tryon,__init__,44,3,13
open-mmlab_mmfashion.mmfashion.models.virtual_tryon,tryon,Tryon,forward_train,12,1,4
open-mmlab_mmfashion.mmfashion.models.virtual_tryon,tryon,Tryon,forward_test,8,1,2
open-mmlab_mmfashion.mmfashion.models.virtual_tryon,tryon,Tryon,forward,5,1,8
open-mmlab_mmfashion.mmfashion.models.virtual_tryon,tryon,Tryon,init_weights,3,2,1
open-mmlab_mmfashion.mmfashion.models.visibility_classifier,visibility_classifier,VisibilityClassifier,__init__,5,1,4
open-mmlab_mmfashion.mmfashion.models.visibility_classifier,visibility_classifier,VisibilityClassifier,forward_train,19,2,2
open-mmlab_mmfashion.mmfashion.models.visibility_classifier,visibility_classifier,VisibilityClassifier,forward_test,9,2,1
open-mmlab_mmfashion.mmfashion.models.visibility_classifier,visibility_classifier,VisibilityClassifier,forward,5,1,3
open-mmlab_mmfashion.mmfashion.models.visibility_classifier,visibility_classifier,VisibilityClassifier,init_weights,4,2,0
open-mmlab_mmfashion.mmfashion.utils,checkpoint,,save_checkpoint,12,2,4
open-mmlab_mmfashion.mmfashion.utils,checkpoint,,load_checkpoint,19,6,4
open-mmlab_mmfashion.mmfashion.utils,checkpoint,,init_weights_from,3,1,2
open-mmlab_mmfashion.mmfashion.utils,checkpoint,,load_state_dict,36,10,4
open-mmlab_mmfashion.mmfashion.utils,image,,get_img_tensor,22,2,3
open-mmlab_mmfashion.mmfashion.utils,image,,save_img,8,3,2
open-mmlab_mmfashion.mmfashion.utils,image,,save_imgs,5,2,3
open-mmlab_mmfashion.mmfashion.utils,image,,show_img,6,1,1
open-mmlab_mmfashion.mmfashion.utils,image,,draw_landmarks,8,2,3
open-mmlab_mmfashion.mmfashion.utils,registry,Registry,__init__,3,1,1
open-mmlab_mmfashion.mmfashion.utils,registry,Registry,__repr__,4,1,0
open-mmlab_mmfashion.mmfashion.utils,registry,Registry,name,2,1,0
open-mmlab_mmfashion.mmfashion.utils,registry,Registry,module_dict,2,1,0
open-mmlab_mmfashion.mmfashion.utils,registry,Registry,get,2,1,1
open-mmlab_mmfashion.mmfashion.utils,registry,Registry,_register_module,10,3,1
open-mmlab_mmfashion.mmfashion.utils,registry,Registry,register_module,3,1,1
open-mmlab_mmfashion.mmfashion.utils,registry,,build_from_cfg,18,8,3
open-mmlab_mmfashion.tools,extract_features,,parse_args,24,1,0
open-mmlab_mmfashion.tools,extract_features,,_process_embeds,16,2,3
open-mmlab_mmfashion.tools,extract_features,,extract_features,11,2,3
open-mmlab_mmfashion.tools,extract_features,,main,14,5,0
open-mmlab_mmfashion.tools,test_cate_attr_predictor,,parse_args,24,1,0
open-mmlab_mmfashion.tools,test_cate_attr_predictor,,main,27,4,0
open-mmlab_mmfashion.tools,test_fashion_recommender,,parse_args,25,1,0
open-mmlab_mmfashion.tools,test_fashion_recommender,,main,21,4,0
open-mmlab_mmfashion.tools,test_landmark_detector,,parse_args,25,1,0
open-mmlab_mmfashion.tools,test_landmark_detector,,main,27,4,0
open-mmlab_mmfashion.tools,test_predictor,,parse_args,24,1,0
open-mmlab_mmfashion.tools,test_predictor,,main,27,4,0
open-mmlab_mmfashion.tools,test_retriever,,parse_args,25,1,0
open-mmlab_mmfashion.tools,test_retriever,,main,31,4,0
open-mmlab_mmfashion.tools,test_virtual_tryon,,parse_args,24,1,0
open-mmlab_mmfashion.tools,test_virtual_tryon,,main,50,6,0
open-mmlab_mmfashion.tools,train_fashion_recommender,,parse_args,24,1,0
open-mmlab_mmfashion.tools,train_fashion_recommender,,main,31,6,0
open-mmlab_mmfashion.tools,train_landmark_detector,,parse_args,23,1,0
open-mmlab_mmfashion.tools,train_landmark_detector,,main,29,6,0
open-mmlab_mmfashion.tools,train_predictor,,parse_args,23,1,0
open-mmlab_mmfashion.tools,train_predictor,,main,30,6,0
open-mmlab_mmfashion.tools,train_retriever,,parse_args,23,1,0
open-mmlab_mmfashion.tools,train_retriever,,main,31,6,0
open-mmlab_mmfashion.tools,train_virtual_tryon,,parse_args,27,1,0
open-mmlab_mmfashion.tools,train_virtual_tryon,,main,44,7,0
