Package,Module,Class,Function,LOC,CC,PC
shibing624_python-tutorial.01_base,multi_process,,task_handler,5,2,2
shibing624_python-tutorial.01_base,multi_process,,main,21,4,0
shibing624_python-tutorial.01_base.练习,大数分解,,fun,10,5,2
shibing624_python-tutorial.01_base.练习,抽奖,,mychoice,5,1,1
shibing624_python-tutorial.02_advanced.练习,类-图书馆系统,Book,__init__,5,1,4
shibing624_python-tutorial.02_advanced.练习,类-图书馆系统,Book,__str__,5,2,0
shibing624_python-tutorial.02_advanced.练习,类-图书馆系统,BookManager,__init__,8,1,1
shibing624_python-tutorial.02_advanced.练习,类-图书馆系统,BookManager,set_init_window,13,1,0
shibing624_python-tutorial.02_advanced.练习,类-图书馆系统,BookManager,show_all_book,4,2,0
shibing624_python-tutorial.02_advanced.练习,类-图书馆系统,BookManager,add_book,18,1,0
shibing624_python-tutorial.02_advanced.练习,类-图书馆系统,BookManager,add_booking,8,1,0
shibing624_python-tutorial.02_advanced.练习,类-图书馆系统,BookManager,check_book,6,2,1
shibing624_python-tutorial.02_advanced.练习,类-图书馆系统,BookManager,lend_book,8,1,0
shibing624_python-tutorial.02_advanced.练习,类-图书馆系统,BookManager,lend_booking,12,3,0
shibing624_python-tutorial.02_advanced.练习,类-图书馆系统,BookManager,return_book,8,1,0
shibing624_python-tutorial.02_advanced.练习,类-图书馆系统,BookManager,return_booking,12,3,0
shibing624_python-tutorial.02_advanced.练习,类-图书馆系统,,gui_start,5,1,0
shibing624_python-tutorial.02_advanced.练习.TheStrayLibrary.utils,database,database,addmysql,11,2,4
shibing624_python-tutorial.02_advanced.练习.TheStrayLibrary.utils,database,database,changemysql,11,2,2
shibing624_python-tutorial.02_advanced.练习.TheStrayLibrary.utils,database,database,checkmysql,12,2,0
shibing624_python-tutorial.02_advanced.练习.TheStrayLibrary.utils,database,database,bulildmysql,18,2,0
shibing624_python-tutorial.02_advanced.练习.TheStrayLibrary.utils,userthinker,Book,__init__,5,1,4
shibing624_python-tutorial.02_advanced.练习.TheStrayLibrary.utils,userthinker,Book,__str__,2,1,0
shibing624_python-tutorial.02_advanced.练习.TheStrayLibrary.utils,userthinker,StrayLibrary,__init__,10,2,1
shibing624_python-tutorial.02_advanced.练习.TheStrayLibrary.utils,userthinker,StrayLibrary,set_init_window,13,1,0
shibing624_python-tutorial.02_advanced.练习.TheStrayLibrary.utils,userthinker,StrayLibrary,show_all_book,4,2,0
shibing624_python-tutorial.02_advanced.练习.TheStrayLibrary.utils,userthinker,StrayLibrary,add_book,18,1,0
shibing624_python-tutorial.02_advanced.练习.TheStrayLibrary.utils,userthinker,StrayLibrary,add_booking,9,1,0
shibing624_python-tutorial.02_advanced.练习.TheStrayLibrary.utils,userthinker,StrayLibrary,check_book,6,2,1
shibing624_python-tutorial.02_advanced.练习.TheStrayLibrary.utils,userthinker,StrayLibrary,lend_book,8,1,0
shibing624_python-tutorial.02_advanced.练习.TheStrayLibrary.utils,userthinker,StrayLibrary,lend_booking,13,3,0
shibing624_python-tutorial.02_advanced.练习.TheStrayLibrary.utils,userthinker,StrayLibrary,return_book,8,1,0
shibing624_python-tutorial.02_advanced.练习.TheStrayLibrary.utils,userthinker,StrayLibrary,return_booking,13,3,0
shibing624_python-tutorial.02_advanced.练习.TheStrayLibrary.utils,userthinker,,gui_start,5,1,0
shibing624_python-tutorial.04_flask.watchlist,__init__,,load_user,4,1,1
shibing624_python-tutorial.04_flask.watchlist,__init__,,inject_user,4,1,0
shibing624_python-tutorial.04_flask.watchlist,commands,,initdb,5,2,1
shibing624_python-tutorial.04_flask.watchlist,commands,,forge,22,2,0
shibing624_python-tutorial.04_flask.watchlist,commands,,admin,14,2,2
shibing624_python-tutorial.04_flask.watchlist,errors,,bad_request,2,1,1
shibing624_python-tutorial.04_flask.watchlist,errors,,page_not_found,2,1,1
shibing624_python-tutorial.04_flask.watchlist,errors,,internal_server_error,2,1,1
shibing624_python-tutorial.04_flask.watchlist,models,User,set_password,2,1,1
shibing624_python-tutorial.04_flask.watchlist,models,User,validate_password,2,1,1
shibing624_python-tutorial.04_flask.watchlist,views,,index,19,2,0
shibing624_python-tutorial.04_flask.watchlist,views,,edit,16,2,1
shibing624_python-tutorial.04_flask.watchlist,views,,delete,6,1,1
shibing624_python-tutorial.04_flask.watchlist,views,,settings,14,2,0
shibing624_python-tutorial.04_flask.watchlist,views,,login,19,3,0
shibing624_python-tutorial.04_flask.watchlist,views,,logout,4,1,0
shibing624_python-tutorial.06_tool,ConvertedToPDF,PDFConverter,__init__,7,2,1
shibing624_python-tutorial.06_tool,ConvertedToPDF,PDFConverter,_enumerate_filename,16,7,1
shibing624_python-tutorial.06_tool,ConvertedToPDF,PDFConverter,_is_legal_postfix,2,2,1
shibing624_python-tutorial.06_tool,ConvertedToPDF,PDFConverter,run_conver,10,2,0
shibing624_python-tutorial.06_tool,ConvertedToPDF,PDFConverter,doc,10,1,1
shibing624_python-tutorial.06_tool,ConvertedToPDF,PDFConverter,docx,2,1,1
shibing624_python-tutorial.06_tool,ConvertedToPDF,PDFConverter,xls,13,1,1
shibing624_python-tutorial.06_tool,ConvertedToPDF,PDFConverter,xlsx,2,1,1
shibing624_python-tutorial.06_tool,ConvertedToPDF,PDFConverter,ppt,10,1,1
shibing624_python-tutorial.06_tool,ConvertedToPDF,PDFConverter,pptx,2,1,1
shibing624_python-tutorial.06_tool,ConvertedToPDF,,main,8,2,1
shibing624_python-tutorial.06_tool,click_demo,,hello,5,1,4
shibing624_python-tutorial.06_tool,dp_money,Dp,__init__,3,1,1
shibing624_python-tutorial.06_tool,dp_money,Dp,dp,13,5,1
shibing624_python-tutorial.06_tool,dp_money,,maxsum,9,3,1
shibing624_python-tutorial.06_tool,logger,,get_logger,15,2,3
shibing624_python-tutorial.06_tool,logger,,set_log_level,2,1,1
shibing624_python-tutorial.06_tool,profile_demo,PrimeIter,__init__,4,1,1
shibing624_python-tutorial.06_tool,profile_demo,PrimeIter,__iter__,2,1,0
shibing624_python-tutorial.06_tool,profile_demo,PrimeIter,__next__,8,3,0
shibing624_python-tutorial.06_tool,profile_demo,,is_prime,5,2,1
shibing624_python-tutorial.06_tool,send_email,,send_mail,44,5,9
