Package,Module,Class,Function,LOC,CC,PC
GoogleCloudPlatform_ml-on-gcp.dlvm.gcp-gpu-utilization-metrics,create_gpu_metrics,,add_new_metric,17,2,3
GoogleCloudPlatform_ml-on-gcp.dlvm.gcp-gpu-utilization-metrics,create_gpu_metrics,,main,10,2,0
GoogleCloudPlatform_ml-on-gcp.dlvm.gcp-gpu-utilization-metrics,report_gpu_metrics,GpuMetrics,all,14,1,1
GoogleCloudPlatform_ml-on-gcp.dlvm.gcp-gpu-utilization-metrics,report_gpu_metrics,GpuMetrics,validate,3,2,2
GoogleCloudPlatform_ml-on-gcp.dlvm.gcp-gpu-utilization-metrics,report_gpu_metrics,,get_args,10,1,0
GoogleCloudPlatform_ml-on-gcp.dlvm.gcp-gpu-utilization-metrics,report_gpu_metrics,,report_metric,22,1,3
GoogleCloudPlatform_ml-on-gcp.dlvm.gcp-gpu-utilization-metrics,report_gpu_metrics,,get_nvidia_smi_utilization,19,3,1
GoogleCloudPlatform_ml-on-gcp.dlvm.gcp-gpu-utilization-metrics,report_gpu_metrics,,get_metric_value,3,1,1
GoogleCloudPlatform_ml-on-gcp.dlvm.gcp-gpu-utilization-metrics,report_gpu_metrics,,report_metrics,16,2,3
GoogleCloudPlatform_ml-on-gcp.dlvm.gcp-gpu-utilization-metrics,report_gpu_metrics,,_get_resource_values,16,1,0
GoogleCloudPlatform_ml-on-gcp.dlvm.gcp-gpu-utilization-metrics,report_gpu_metrics,,main,8,1,1
GoogleCloudPlatform_ml-on-gcp.dlvm.nvidia,inference,,get_classes,7,1,0
GoogleCloudPlatform_ml-on-gcp.dlvm.nvidia,inference,,convert_to_json,7,1,1
GoogleCloudPlatform_ml-on-gcp.dlvm.nvidia,inference,,convert_to_base64,8,1,1
GoogleCloudPlatform_ml-on-gcp.dlvm.nvidia,inference,,model_predict,23,3,1
GoogleCloudPlatform_ml-on-gcp.dlvm.nvidia,inference,,main,17,5,0
GoogleCloudPlatform_ml-on-gcp.dlvm.nvidia.webapp,server,,get_classes,8,1,0
GoogleCloudPlatform_ml-on-gcp.dlvm.nvidia.webapp,server,,convert_to_json,6,1,1
GoogleCloudPlatform_ml-on-gcp.dlvm.nvidia.webapp,server,,convert_to_base64,5,1,1
GoogleCloudPlatform_ml-on-gcp.dlvm.nvidia.webapp,server,,conversion_helper,13,1,2
GoogleCloudPlatform_ml-on-gcp.dlvm.nvidia.webapp,server,,model_predict,19,2,1
GoogleCloudPlatform_ml-on-gcp.dlvm.nvidia.webapp,server,,allowed_file,3,2,1
GoogleCloudPlatform_ml-on-gcp.dlvm.nvidia.webapp,server,,home,2,1,0
GoogleCloudPlatform_ml-on-gcp.dlvm.nvidia.webapp,server,,upload_file,30,5,0
GoogleCloudPlatform_ml-on-gcp.dlvm.tools,convert_b64_api,,convert_to_base64,8,1,1
GoogleCloudPlatform_ml-on-gcp.dlvm.tools,convert_to_base64_resize,,convert_to_base64_resize,10,1,1
GoogleCloudPlatform_ml-on-gcp.dlvm.tools,predict,,get_classes,8,1,0
GoogleCloudPlatform_ml-on-gcp.dlvm.tools,predict,,convert_to_base64,4,1,1
GoogleCloudPlatform_ml-on-gcp.dlvm.tools,predict,,_get_service,3,1,0
GoogleCloudPlatform_ml-on-gcp.dlvm.tools,predict,,_handle_response,9,2,2
GoogleCloudPlatform_ml-on-gcp.dlvm.tools,predict,,_generate_prediction,10,1,3
GoogleCloudPlatform_ml-on-gcp.dlvm.tools,predict,,main,10,4,0
GoogleCloudPlatform_ml-on-gcp.dlvm.tools,tf_serve,,encode,6,1,1
GoogleCloudPlatform_ml-on-gcp.dlvm.tools,tf_serve,,decode,4,1,1
GoogleCloudPlatform_ml-on-gcp.example_zoo,noxfile,,example_zoo_tests,4,1,2
GoogleCloudPlatform_ml-on-gcp.example_zoo.tensorflow.models.keras_cifar_main,cmle_keras_cifar_main_test,,gcs_bucket_prefix,8,2,0
GoogleCloudPlatform_ml-on-gcp.example_zoo.tensorflow.models.keras_cifar_main,cmle_keras_cifar_main_test,,test_keras_cifar_main,13,1,2
GoogleCloudPlatform_ml-on-gcp.example_zoo.tensorflow.models.keras_cifar_main.official.resnet,cifar10_main,Cifar10Model,__init__,20,2,5
GoogleCloudPlatform_ml-on-gcp.example_zoo.tensorflow.models.keras_cifar_main.official.resnet,cifar10_main,,get_filenames,11,1,2
GoogleCloudPlatform_ml-on-gcp.example_zoo.tensorflow.models.keras_cifar_main.official.resnet,cifar10_main,,parse_record,9,1,3
GoogleCloudPlatform_ml-on-gcp.example_zoo.tensorflow.models.keras_cifar_main.official.resnet,cifar10_main,,preprocess_image,13,2,2
GoogleCloudPlatform_ml-on-gcp.example_zoo.tensorflow.models.keras_cifar_main.official.resnet,cifar10_main,,input_fn,15,1,8
GoogleCloudPlatform_ml-on-gcp.example_zoo.tensorflow.models.keras_cifar_main.official.resnet,cifar10_main,,get_synth_input_fn,3,1,1
GoogleCloudPlatform_ml-on-gcp.example_zoo.tensorflow.models.keras_cifar_main.official.resnet,cifar10_main,,cifar10_model_fn,25,0,4
GoogleCloudPlatform_ml-on-gcp.example_zoo.tensorflow.models.keras_cifar_main.official.resnet,cifar10_main,,define_cifar_flags,10,1,0
GoogleCloudPlatform_ml-on-gcp.example_zoo.tensorflow.models.keras_cifar_main.official.resnet,cifar10_main,,run_cifar,13,3,1
GoogleCloudPlatform_ml-on-gcp.example_zoo.tensorflow.models.keras_cifar_main.official.resnet,cifar10_main,,main,3,1,1
GoogleCloudPlatform_ml-on-gcp.example_zoo.tensorflow.models.keras_cifar_main.official.resnet,imagenet_preprocessing,,_decode_crop_and_flip,19,1,3
GoogleCloudPlatform_ml-on-gcp.example_zoo.tensorflow.models.keras_cifar_main.official.resnet,imagenet_preprocessing,,_central_crop,10,1,3
GoogleCloudPlatform_ml-on-gcp.example_zoo.tensorflow.models.keras_cifar_main.official.resnet,imagenet_preprocessing,,_mean_image_subtraction,8,3,3
GoogleCloudPlatform_ml-on-gcp.example_zoo.tensorflow.models.keras_cifar_main.official.resnet,imagenet_preprocessing,,_smallest_size_at_least,9,1,3
GoogleCloudPlatform_ml-on-gcp.example_zoo.tensorflow.models.keras_cifar_main.official.resnet,imagenet_preprocessing,,_aspect_preserving_resize,6,1,2
GoogleCloudPlatform_ml-on-gcp.example_zoo.tensorflow.models.keras_cifar_main.official.resnet,imagenet_preprocessing,,_resize_image,5,1,3
GoogleCloudPlatform_ml-on-gcp.example_zoo.tensorflow.models.keras_cifar_main.official.resnet,imagenet_preprocessing,,preprocess_image,13,2,6
GoogleCloudPlatform_ml-on-gcp.example_zoo.tensorflow.models.keras_cifar_main.official.resnet,resnet_model,Model,__init__,34,7,13
GoogleCloudPlatform_ml-on-gcp.example_zoo.tensorflow.models.keras_cifar_main.official.resnet,resnet_model,Model,_custom_dtype_getter,7,1,4
GoogleCloudPlatform_ml-on-gcp.example_zoo.tensorflow.models.keras_cifar_main.official.resnet,resnet_model,Model,_model_variable_scope,4,1,0
GoogleCloudPlatform_ml-on-gcp.example_zoo.tensorflow.models.keras_cifar_main.official.resnet,resnet_model,Model,__call__,56,6,2
GoogleCloudPlatform_ml-on-gcp.example_zoo.tensorflow.models.keras_cifar_main.official.resnet,resnet_model,,batch_norm,5,1,3
GoogleCloudPlatform_ml-on-gcp.example_zoo.tensorflow.models.keras_cifar_main.official.resnet,resnet_model,,fixed_padding,12,2,3
GoogleCloudPlatform_ml-on-gcp.example_zoo.tensorflow.models.keras_cifar_main.official.resnet,resnet_model,,conv2d_fixed_padding,8,2,5
GoogleCloudPlatform_ml-on-gcp.example_zoo.tensorflow.models.keras_cifar_main.official.resnet,resnet_model,,_building_block_v1,19,2,6
GoogleCloudPlatform_ml-on-gcp.example_zoo.tensorflow.models.keras_cifar_main.official.resnet,resnet_model,,_building_block_v2,16,2,6
GoogleCloudPlatform_ml-on-gcp.example_zoo.tensorflow.models.keras_cifar_main.official.resnet,resnet_model,,_bottleneck_block_v1,24,2,6
GoogleCloudPlatform_ml-on-gcp.example_zoo.tensorflow.models.keras_cifar_main.official.resnet,resnet_model,,_bottleneck_block_v2,21,2,6
GoogleCloudPlatform_ml-on-gcp.example_zoo.tensorflow.models.keras_cifar_main.official.resnet,resnet_model,,block_layer,12,1,9
GoogleCloudPlatform_ml-on-gcp.example_zoo.tensorflow.models.keras_cifar_main.official.resnet,resnet_run_loop,,process_record_dataset,23,3,9
GoogleCloudPlatform_ml-on-gcp.example_zoo.tensorflow.models.keras_cifar_main.official.resnet,resnet_run_loop,,get_synth_input_fn,22,0,5
GoogleCloudPlatform_ml-on-gcp.example_zoo.tensorflow.models.keras_cifar_main.official.resnet,resnet_run_loop,,image_bytes_serving_input_fn,15,0,2
GoogleCloudPlatform_ml-on-gcp.example_zoo.tensorflow.models.keras_cifar_main.official.resnet,resnet_run_loop,,override_flags_and_set_envars_for_gpu_thread_pool,15,1,1
GoogleCloudPlatform_ml-on-gcp.example_zoo.tensorflow.models.keras_cifar_main.official.resnet,resnet_run_loop,,learning_rate_with_decay,17,0,7
GoogleCloudPlatform_ml-on-gcp.example_zoo.tensorflow.models.keras_cifar_main.official.resnet,resnet_run_loop,,resnet_model_fn,100,4,14
GoogleCloudPlatform_ml-on-gcp.example_zoo.tensorflow.models.keras_cifar_main.official.resnet,resnet_run_loop,,resnet_main,117,9,5
GoogleCloudPlatform_ml-on-gcp.example_zoo.tensorflow.models.keras_cifar_main.official.resnet,resnet_run_loop,,define_resnet_flags,47,2,1
GoogleCloudPlatform_ml-on-gcp.example_zoo.tensorflow.models.keras_cifar_main.official.resnet.keras,keras_cifar_main,,learning_rate_schedule,10,3,4
GoogleCloudPlatform_ml-on-gcp.example_zoo.tensorflow.models.keras_cifar_main.official.resnet.keras,keras_cifar_main,,parse_record_keras,5,1,3
GoogleCloudPlatform_ml-on-gcp.example_zoo.tensorflow.models.keras_cifar_main.official.resnet.keras,keras_cifar_main,,run,77,8,1
GoogleCloudPlatform_ml-on-gcp.example_zoo.tensorflow.models.keras_cifar_main.official.resnet.keras,keras_cifar_main,,main,3,1,1
GoogleCloudPlatform_ml-on-gcp.example_zoo.tensorflow.models.keras_cifar_main.official.resnet.keras,keras_common,BatchTimestamp,__init__,3,1,2
GoogleCloudPlatform_ml-on-gcp.example_zoo.tensorflow.models.keras_cifar_main.official.resnet.keras,keras_common,TimeHistory,__init__,7,1,2
GoogleCloudPlatform_ml-on-gcp.example_zoo.tensorflow.models.keras_cifar_main.official.resnet.keras,keras_common,TimeHistory,on_train_begin,2,1,1
GoogleCloudPlatform_ml-on-gcp.example_zoo.tensorflow.models.keras_cifar_main.official.resnet.keras,keras_common,TimeHistory,on_train_end,2,1,1
GoogleCloudPlatform_ml-on-gcp.example_zoo.tensorflow.models.keras_cifar_main.official.resnet.keras,keras_common,TimeHistory,on_batch_begin,7,3,2
GoogleCloudPlatform_ml-on-gcp.example_zoo.tensorflow.models.keras_cifar_main.official.resnet.keras,keras_common,TimeHistory,on_batch_end,11,3,2
GoogleCloudPlatform_ml-on-gcp.example_zoo.tensorflow.models.keras_cifar_main.official.resnet.keras,keras_common,LearningRateBatchScheduler,__init__,7,1,3
GoogleCloudPlatform_ml-on-gcp.example_zoo.tensorflow.models.keras_cifar_main.official.resnet.keras,keras_common,LearningRateBatchScheduler,on_epoch_begin,4,2,2
GoogleCloudPlatform_ml-on-gcp.example_zoo.tensorflow.models.keras_cifar_main.official.resnet.keras,keras_common,LearningRateBatchScheduler,on_batch_begin,12,3,2
GoogleCloudPlatform_ml-on-gcp.example_zoo.tensorflow.models.keras_cifar_main.official.resnet.keras,keras_common,DummyContextManager,__enter__,2,1,0
GoogleCloudPlatform_ml-on-gcp.example_zoo.tensorflow.models.keras_cifar_main.official.resnet.keras,keras_common,DummyContextManager,__exit__,2,1,0
GoogleCloudPlatform_ml-on-gcp.example_zoo.tensorflow.models.keras_cifar_main.official.resnet.keras,keras_common,,get_optimizer,2,1,0
GoogleCloudPlatform_ml-on-gcp.example_zoo.tensorflow.models.keras_cifar_main.official.resnet.keras,keras_common,,get_callbacks,9,1,2
GoogleCloudPlatform_ml-on-gcp.example_zoo.tensorflow.models.keras_cifar_main.official.resnet.keras,keras_common,,build_stats,25,8,3
GoogleCloudPlatform_ml-on-gcp.example_zoo.tensorflow.models.keras_cifar_main.official.resnet.keras,keras_common,,define_keras_flags,13,1,0
GoogleCloudPlatform_ml-on-gcp.example_zoo.tensorflow.models.keras_cifar_main.official.resnet.keras,keras_common,,get_synth_input_fn,23,0,5
GoogleCloudPlatform_ml-on-gcp.example_zoo.tensorflow.models.keras_cifar_main.official.resnet.keras,keras_common,,get_strategy_scope,6,2,1
GoogleCloudPlatform_ml-on-gcp.example_zoo.tensorflow.models.keras_cifar_main.official.resnet.keras,resnet_cifar_model,,identity_building_block,39,2,6
GoogleCloudPlatform_ml-on-gcp.example_zoo.tensorflow.models.keras_cifar_main.official.resnet.keras,resnet_cifar_model,,conv_building_block,49,2,7
GoogleCloudPlatform_ml-on-gcp.example_zoo.tensorflow.models.keras_cifar_main.official.resnet.keras,resnet_cifar_model,,resnet56,91,2,2
GoogleCloudPlatform_ml-on-gcp.example_zoo.tensorflow.models.keras_cifar_main.official.utils.export,export,,build_tensor_serving_input_receiver_fn,10,0,3
GoogleCloudPlatform_ml-on-gcp.example_zoo.tensorflow.models.keras_cifar_main.official.utils.flags,_base,,define_base,75,11,10
GoogleCloudPlatform_ml-on-gcp.example_zoo.tensorflow.models.keras_cifar_main.official.utils.flags,_base,,get_num_gpus,6,1,1
GoogleCloudPlatform_ml-on-gcp.example_zoo.tensorflow.models.keras_cifar_main.official.utils.flags,_benchmark,,define_benchmark,56,2,2
GoogleCloudPlatform_ml-on-gcp.example_zoo.tensorflow.models.keras_cifar_main.official.utils.flags,_device,,require_cloud_storage,14,3,1
GoogleCloudPlatform_ml-on-gcp.example_zoo.tensorflow.models.keras_cifar_main.official.utils.flags,_device,,define_device,30,2,1
GoogleCloudPlatform_ml-on-gcp.example_zoo.tensorflow.models.keras_cifar_main.official.utils.flags,_misc,,define_image,15,2,1
GoogleCloudPlatform_ml-on-gcp.example_zoo.tensorflow.models.keras_cifar_main.official.utils.flags,_performance,,get_tf_dtype,2,1,1
GoogleCloudPlatform_ml-on-gcp.example_zoo.tensorflow.models.keras_cifar_main.official.utils.flags,_performance,,get_loss_scale,4,1,1
GoogleCloudPlatform_ml-on-gcp.example_zoo.tensorflow.models.keras_cifar_main.official.utils.flags,_performance,,define_performance,94,10,10
GoogleCloudPlatform_ml-on-gcp.example_zoo.tensorflow.models.keras_cifar_main.official.utils.flags,core,,set_defaults,3,2,0
GoogleCloudPlatform_ml-on-gcp.example_zoo.tensorflow.models.keras_cifar_main.official.utils.flags,core,,parse_flags,3,2,1
GoogleCloudPlatform_ml-on-gcp.example_zoo.tensorflow.models.keras_cifar_main.official.utils.flags,core,,register_key_flags_in_core,6,1,1
GoogleCloudPlatform_ml-on-gcp.example_zoo.tensorflow.models.keras_cifar_main.official.utils.logs,cloud_lib,,on_gcp,9,1,0
GoogleCloudPlatform_ml-on-gcp.example_zoo.tensorflow.models.keras_cifar_main.official.utils.logs,hooks,ExamplesPerSecondHook,__init__,12,3,5
GoogleCloudPlatform_ml-on-gcp.example_zoo.tensorflow.models.keras_cifar_main.official.utils.logs,hooks,ExamplesPerSecondHook,begin,5,2,0
GoogleCloudPlatform_ml-on-gcp.example_zoo.tensorflow.models.keras_cifar_main.official.utils.logs,hooks,ExamplesPerSecondHook,before_run,3,1,1
GoogleCloudPlatform_ml-on-gcp.example_zoo.tensorflow.models.keras_cifar_main.official.utils.logs,hooks,ExamplesPerSecondHook,after_run,27,4,2
GoogleCloudPlatform_ml-on-gcp.example_zoo.tensorflow.models.keras_cifar_main.official.utils.logs,hooks_helper,,get_train_hooks,16,3,2
GoogleCloudPlatform_ml-on-gcp.example_zoo.tensorflow.models.keras_cifar_main.official.utils.logs,hooks_helper,,get_logging_tensor_hook,7,2,2
GoogleCloudPlatform_ml-on-gcp.example_zoo.tensorflow.models.keras_cifar_main.official.utils.logs,hooks_helper,,get_profiler_hook,3,1,2
GoogleCloudPlatform_ml-on-gcp.example_zoo.tensorflow.models.keras_cifar_main.official.utils.logs,hooks_helper,,get_examples_per_second_hook,5,1,3
GoogleCloudPlatform_ml-on-gcp.example_zoo.tensorflow.models.keras_cifar_main.official.utils.logs,hooks_helper,,get_logging_metric_hook,8,2,2
GoogleCloudPlatform_ml-on-gcp.example_zoo.tensorflow.models.keras_cifar_main.official.utils.logs,logger,BaseBenchmarkLogger,log_evaluation_result,10,4,1
GoogleCloudPlatform_ml-on-gcp.example_zoo.tensorflow.models.keras_cifar_main.official.utils.logs,logger,BaseBenchmarkLogger,log_metric,5,2,5
GoogleCloudPlatform_ml-on-gcp.example_zoo.tensorflow.models.keras_cifar_main.official.utils.logs,logger,BaseBenchmarkLogger,log_run_info,4,1,4
GoogleCloudPlatform_ml-on-gcp.example_zoo.tensorflow.models.keras_cifar_main.official.utils.logs,logger,BaseBenchmarkLogger,on_finish,2,1,1
GoogleCloudPlatform_ml-on-gcp.example_zoo.tensorflow.models.keras_cifar_main.official.utils.logs,logger,BenchmarkFileLogger,__init__,7,2,1
GoogleCloudPlatform_ml-on-gcp.example_zoo.tensorflow.models.keras_cifar_main.official.utils.logs,logger,BenchmarkFileLogger,log_metric,11,3,5
GoogleCloudPlatform_ml-on-gcp.example_zoo.tensorflow.models.keras_cifar_main.official.utils.logs,logger,BenchmarkFileLogger,log_run_info,11,2,4
GoogleCloudPlatform_ml-on-gcp.example_zoo.tensorflow.models.keras_cifar_main.official.utils.logs,logger,BenchmarkFileLogger,on_finish,3,1,1
GoogleCloudPlatform_ml-on-gcp.example_zoo.tensorflow.models.keras_cifar_main.official.utils.logs,logger,BenchmarkBigQueryLogger,__init__,8,1,6
GoogleCloudPlatform_ml-on-gcp.example_zoo.tensorflow.models.keras_cifar_main.official.utils.logs,logger,BenchmarkBigQueryLogger,log_metric,14,2,5
GoogleCloudPlatform_ml-on-gcp.example_zoo.tensorflow.models.keras_cifar_main.official.utils.logs,logger,BenchmarkBigQueryLogger,log_run_info,15,1,4
GoogleCloudPlatform_ml-on-gcp.example_zoo.tensorflow.models.keras_cifar_main.official.utils.logs,logger,BenchmarkBigQueryLogger,on_finish,6,1,1
GoogleCloudPlatform_ml-on-gcp.example_zoo.tensorflow.models.keras_cifar_main.official.utils.logs,logger,,config_benchmark_logger,29,6,1
GoogleCloudPlatform_ml-on-gcp.example_zoo.tensorflow.models.keras_cifar_main.official.utils.logs,logger,,get_benchmark_logger,4,2,0
GoogleCloudPlatform_ml-on-gcp.example_zoo.tensorflow.models.keras_cifar_main.official.utils.logs,logger,,benchmark_context,9,2,1
GoogleCloudPlatform_ml-on-gcp.example_zoo.tensorflow.models.keras_cifar_main.official.utils.logs,logger,,_gather_run_info,19,2,4
GoogleCloudPlatform_ml-on-gcp.example_zoo.tensorflow.models.keras_cifar_main.official.utils.logs,logger,,_process_metric_to_json,14,1,5
GoogleCloudPlatform_ml-on-gcp.example_zoo.tensorflow.models.keras_cifar_main.official.utils.logs,logger,,_collect_tensorflow_info,3,1,1
GoogleCloudPlatform_ml-on-gcp.example_zoo.tensorflow.models.keras_cifar_main.official.utils.logs,logger,,_collect_run_params,13,2,2
GoogleCloudPlatform_ml-on-gcp.example_zoo.tensorflow.models.keras_cifar_main.official.utils.logs,logger,,_collect_tensorflow_environment_variables,4,1,1
GoogleCloudPlatform_ml-on-gcp.example_zoo.tensorflow.models.keras_cifar_main.official.utils.logs,logger,,_collect_cpu_info,15,2,1
GoogleCloudPlatform_ml-on-gcp.example_zoo.tensorflow.models.keras_cifar_main.official.utils.logs,logger,,_collect_gpu_info,11,3,2
GoogleCloudPlatform_ml-on-gcp.example_zoo.tensorflow.models.keras_cifar_main.official.utils.logs,logger,,_collect_memory_info,10,2,1
GoogleCloudPlatform_ml-on-gcp.example_zoo.tensorflow.models.keras_cifar_main.official.utils.logs,logger,,_collect_test_environment,3,2,1
GoogleCloudPlatform_ml-on-gcp.example_zoo.tensorflow.models.keras_cifar_main.official.utils.logs,logger,,_parse_gpu_model,6,2,1
GoogleCloudPlatform_ml-on-gcp.example_zoo.tensorflow.models.keras_cifar_main.official.utils.logs,logger,,_convert_to_json_dict,5,1,1
GoogleCloudPlatform_ml-on-gcp.example_zoo.tensorflow.models.keras_cifar_main.official.utils.logs,metric_hook,LoggingMetricHook,__init__,10,2,5
GoogleCloudPlatform_ml-on-gcp.example_zoo.tensorflow.models.keras_cifar_main.official.utils.logs,metric_hook,LoggingMetricHook,begin,9,3,0
GoogleCloudPlatform_ml-on-gcp.example_zoo.tensorflow.models.keras_cifar_main.official.utils.logs,metric_hook,LoggingMetricHook,after_run,4,2,2
GoogleCloudPlatform_ml-on-gcp.example_zoo.tensorflow.models.keras_cifar_main.official.utils.logs,metric_hook,LoggingMetricHook,end,4,2,1
GoogleCloudPlatform_ml-on-gcp.example_zoo.tensorflow.models.keras_cifar_main.official.utils.logs,metric_hook,LoggingMetricHook,_log_metric,5,2,1
GoogleCloudPlatform_ml-on-gcp.example_zoo.tensorflow.models.keras_cifar_main.official.utils.misc,distribution_utils,,get_distribution_strategy,25,2,3
GoogleCloudPlatform_ml-on-gcp.example_zoo.tensorflow.models.keras_cifar_main.official.utils.misc,distribution_utils,,per_device_batch_size,12,2,2
GoogleCloudPlatform_ml-on-gcp.example_zoo.tensorflow.models.keras_cifar_main.official.utils.misc,model_helpers,,past_stop_threshold,15,3,2
GoogleCloudPlatform_ml-on-gcp.example_zoo.tensorflow.models.keras_cifar_main.official.utils.misc,model_helpers,,generate_synthetic_data,9,2,6
GoogleCloudPlatform_ml-on-gcp.example_zoo.tensorflow.models.keras_cifar_main.official.utils.misc,model_helpers,,apply_clean,5,3,1
GoogleCloudPlatform_ml-on-gcp.example_zoo.tensorflow.models.keras_imagenet_main,cmle_keras_imagenet_main_test,,gcs_bucket_prefix,8,2,0
GoogleCloudPlatform_ml-on-gcp.example_zoo.tensorflow.models.keras_imagenet_main,cmle_keras_imagenet_main_test,,test_keras_imagenet_main,13,1,2
GoogleCloudPlatform_ml-on-gcp.example_zoo.tensorflow.models.keras_imagenet_main.official.resnet,imagenet_main,ImagenetModel,__init__,21,2,5
GoogleCloudPlatform_ml-on-gcp.example_zoo.tensorflow.models.keras_imagenet_main.official.resnet,imagenet_main,,get_filenames,9,1,2
GoogleCloudPlatform_ml-on-gcp.example_zoo.tensorflow.models.keras_imagenet_main.official.resnet,imagenet_main,,_parse_example_proto,26,1,1
GoogleCloudPlatform_ml-on-gcp.example_zoo.tensorflow.models.keras_imagenet_main.official.resnet,imagenet_main,,parse_record,12,1,3
GoogleCloudPlatform_ml-on-gcp.example_zoo.tensorflow.models.keras_imagenet_main.official.resnet,imagenet_main,,input_fn,20,2,8
GoogleCloudPlatform_ml-on-gcp.example_zoo.tensorflow.models.keras_imagenet_main.official.resnet,imagenet_main,,get_synth_input_fn,4,1,1
GoogleCloudPlatform_ml-on-gcp.example_zoo.tensorflow.models.keras_imagenet_main.official.resnet,imagenet_main,,_get_block_sizes,17,2,1
GoogleCloudPlatform_ml-on-gcp.example_zoo.tensorflow.models.keras_imagenet_main.official.resnet,imagenet_main,,imagenet_model_fn,27,2,4
GoogleCloudPlatform_ml-on-gcp.example_zoo.tensorflow.models.keras_imagenet_main.official.resnet,imagenet_main,,define_imagenet_flags,5,1,0
GoogleCloudPlatform_ml-on-gcp.example_zoo.tensorflow.models.keras_imagenet_main.official.resnet,imagenet_main,,run_imagenet,8,3,1
GoogleCloudPlatform_ml-on-gcp.example_zoo.tensorflow.models.keras_imagenet_main.official.resnet,imagenet_main,,main,3,1,1
GoogleCloudPlatform_ml-on-gcp.example_zoo.tensorflow.models.keras_imagenet_main.official.resnet,imagenet_preprocessing,,_decode_crop_and_flip,19,1,3
GoogleCloudPlatform_ml-on-gcp.example_zoo.tensorflow.models.keras_imagenet_main.official.resnet,imagenet_preprocessing,,_central_crop,10,1,3
GoogleCloudPlatform_ml-on-gcp.example_zoo.tensorflow.models.keras_imagenet_main.official.resnet,imagenet_preprocessing,,_mean_image_subtraction,8,3,3
GoogleCloudPlatform_ml-on-gcp.example_zoo.tensorflow.models.keras_imagenet_main.official.resnet,imagenet_preprocessing,,_smallest_size_at_least,9,1,3
GoogleCloudPlatform_ml-on-gcp.example_zoo.tensorflow.models.keras_imagenet_main.official.resnet,imagenet_preprocessing,,_aspect_preserving_resize,6,1,2
GoogleCloudPlatform_ml-on-gcp.example_zoo.tensorflow.models.keras_imagenet_main.official.resnet,imagenet_preprocessing,,_resize_image,5,1,3
GoogleCloudPlatform_ml-on-gcp.example_zoo.tensorflow.models.keras_imagenet_main.official.resnet,imagenet_preprocessing,,preprocess_image,13,2,6
GoogleCloudPlatform_ml-on-gcp.example_zoo.tensorflow.models.keras_imagenet_main.official.resnet,resnet_model,Model,__init__,34,7,13
GoogleCloudPlatform_ml-on-gcp.example_zoo.tensorflow.models.keras_imagenet_main.official.resnet,resnet_model,Model,_custom_dtype_getter,7,1,4
GoogleCloudPlatform_ml-on-gcp.example_zoo.tensorflow.models.keras_imagenet_main.official.resnet,resnet_model,Model,_model_variable_scope,4,1,0
GoogleCloudPlatform_ml-on-gcp.example_zoo.tensorflow.models.keras_imagenet_main.official.resnet,resnet_model,Model,__call__,56,6,2
GoogleCloudPlatform_ml-on-gcp.example_zoo.tensorflow.models.keras_imagenet_main.official.resnet,resnet_model,,batch_norm,5,1,3
GoogleCloudPlatform_ml-on-gcp.example_zoo.tensorflow.models.keras_imagenet_main.official.resnet,resnet_model,,fixed_padding,12,2,3
GoogleCloudPlatform_ml-on-gcp.example_zoo.tensorflow.models.keras_imagenet_main.official.resnet,resnet_model,,conv2d_fixed_padding,8,2,5
GoogleCloudPlatform_ml-on-gcp.example_zoo.tensorflow.models.keras_imagenet_main.official.resnet,resnet_model,,_building_block_v1,19,2,6
GoogleCloudPlatform_ml-on-gcp.example_zoo.tensorflow.models.keras_imagenet_main.official.resnet,resnet_model,,_building_block_v2,16,2,6
GoogleCloudPlatform_ml-on-gcp.example_zoo.tensorflow.models.keras_imagenet_main.official.resnet,resnet_model,,_bottleneck_block_v1,24,2,6
GoogleCloudPlatform_ml-on-gcp.example_zoo.tensorflow.models.keras_imagenet_main.official.resnet,resnet_model,,_bottleneck_block_v2,21,2,6
GoogleCloudPlatform_ml-on-gcp.example_zoo.tensorflow.models.keras_imagenet_main.official.resnet,resnet_model,,block_layer,12,1,9
GoogleCloudPlatform_ml-on-gcp.example_zoo.tensorflow.models.keras_imagenet_main.official.resnet,resnet_run_loop,,process_record_dataset,23,3,9
GoogleCloudPlatform_ml-on-gcp.example_zoo.tensorflow.models.keras_imagenet_main.official.resnet,resnet_run_loop,,get_synth_input_fn,22,0,5
GoogleCloudPlatform_ml-on-gcp.example_zoo.tensorflow.models.keras_imagenet_main.official.resnet,resnet_run_loop,,image_bytes_serving_input_fn,15,0,2
GoogleCloudPlatform_ml-on-gcp.example_zoo.tensorflow.models.keras_imagenet_main.official.resnet,resnet_run_loop,,override_flags_and_set_envars_for_gpu_thread_pool,15,1,1
GoogleCloudPlatform_ml-on-gcp.example_zoo.tensorflow.models.keras_imagenet_main.official.resnet,resnet_run_loop,,learning_rate_with_decay,17,0,7
GoogleCloudPlatform_ml-on-gcp.example_zoo.tensorflow.models.keras_imagenet_main.official.resnet,resnet_run_loop,,resnet_model_fn,100,4,14
GoogleCloudPlatform_ml-on-gcp.example_zoo.tensorflow.models.keras_imagenet_main.official.resnet,resnet_run_loop,,resnet_main,117,9,5
GoogleCloudPlatform_ml-on-gcp.example_zoo.tensorflow.models.keras_imagenet_main.official.resnet,resnet_run_loop,,define_resnet_flags,47,2,1
GoogleCloudPlatform_ml-on-gcp.example_zoo.tensorflow.models.keras_imagenet_main.official.resnet.keras,keras_common,BatchTimestamp,__init__,3,1,2
GoogleCloudPlatform_ml-on-gcp.example_zoo.tensorflow.models.keras_imagenet_main.official.resnet.keras,keras_common,TimeHistory,__init__,7,1,2
GoogleCloudPlatform_ml-on-gcp.example_zoo.tensorflow.models.keras_imagenet_main.official.resnet.keras,keras_common,TimeHistory,on_train_begin,2,1,1
GoogleCloudPlatform_ml-on-gcp.example_zoo.tensorflow.models.keras_imagenet_main.official.resnet.keras,keras_common,TimeHistory,on_train_end,2,1,1
GoogleCloudPlatform_ml-on-gcp.example_zoo.tensorflow.models.keras_imagenet_main.official.resnet.keras,keras_common,TimeHistory,on_batch_begin,7,3,2
GoogleCloudPlatform_ml-on-gcp.example_zoo.tensorflow.models.keras_imagenet_main.official.resnet.keras,keras_common,TimeHistory,on_batch_end,11,3,2
GoogleCloudPlatform_ml-on-gcp.example_zoo.tensorflow.models.keras_imagenet_main.official.resnet.keras,keras_common,LearningRateBatchScheduler,__init__,7,1,3
GoogleCloudPlatform_ml-on-gcp.example_zoo.tensorflow.models.keras_imagenet_main.official.resnet.keras,keras_common,LearningRateBatchScheduler,on_epoch_begin,4,2,2
GoogleCloudPlatform_ml-on-gcp.example_zoo.tensorflow.models.keras_imagenet_main.official.resnet.keras,keras_common,LearningRateBatchScheduler,on_batch_begin,12,3,2
GoogleCloudPlatform_ml-on-gcp.example_zoo.tensorflow.models.keras_imagenet_main.official.resnet.keras,keras_common,DummyContextManager,__enter__,2,1,0
GoogleCloudPlatform_ml-on-gcp.example_zoo.tensorflow.models.keras_imagenet_main.official.resnet.keras,keras_common,DummyContextManager,__exit__,2,1,0
GoogleCloudPlatform_ml-on-gcp.example_zoo.tensorflow.models.keras_imagenet_main.official.resnet.keras,keras_common,,get_optimizer,2,1,0
GoogleCloudPlatform_ml-on-gcp.example_zoo.tensorflow.models.keras_imagenet_main.official.resnet.keras,keras_common,,get_callbacks,9,1,2
GoogleCloudPlatform_ml-on-gcp.example_zoo.tensorflow.models.keras_imagenet_main.official.resnet.keras,keras_common,,build_stats,25,8,3
GoogleCloudPlatform_ml-on-gcp.example_zoo.tensorflow.models.keras_imagenet_main.official.resnet.keras,keras_common,,define_keras_flags,13,1,0
GoogleCloudPlatform_ml-on-gcp.example_zoo.tensorflow.models.keras_imagenet_main.official.resnet.keras,keras_common,,get_synth_input_fn,23,0,5
GoogleCloudPlatform_ml-on-gcp.example_zoo.tensorflow.models.keras_imagenet_main.official.resnet.keras,keras_common,,get_strategy_scope,6,2,1
GoogleCloudPlatform_ml-on-gcp.example_zoo.tensorflow.models.keras_imagenet_main.official.resnet.keras,keras_imagenet_main,,learning_rate_schedule,14,3,4
GoogleCloudPlatform_ml-on-gcp.example_zoo.tensorflow.models.keras_imagenet_main.official.resnet.keras,keras_imagenet_main,,parse_record_keras,5,1,3
GoogleCloudPlatform_ml-on-gcp.example_zoo.tensorflow.models.keras_imagenet_main.official.resnet.keras,keras_imagenet_main,,run,78,8,1
GoogleCloudPlatform_ml-on-gcp.example_zoo.tensorflow.models.keras_imagenet_main.official.resnet.keras,keras_imagenet_main,,main,3,1,1
GoogleCloudPlatform_ml-on-gcp.example_zoo.tensorflow.models.keras_imagenet_main.official.resnet.keras,resnet_model,,identity_block,39,2,5
GoogleCloudPlatform_ml-on-gcp.example_zoo.tensorflow.models.keras_imagenet_main.official.resnet.keras,resnet_model,,conv_block,46,2,6
GoogleCloudPlatform_ml-on-gcp.example_zoo.tensorflow.models.keras_imagenet_main.official.resnet.keras,resnet_model,,resnet50,48,2,1
GoogleCloudPlatform_ml-on-gcp.example_zoo.tensorflow.models.keras_imagenet_main.official.utils.export,export,,build_tensor_serving_input_receiver_fn,10,0,3
GoogleCloudPlatform_ml-on-gcp.example_zoo.tensorflow.models.keras_imagenet_main.official.utils.flags,_base,,define_base,75,11,10
GoogleCloudPlatform_ml-on-gcp.example_zoo.tensorflow.models.keras_imagenet_main.official.utils.flags,_base,,get_num_gpus,6,1,1
GoogleCloudPlatform_ml-on-gcp.example_zoo.tensorflow.models.keras_imagenet_main.official.utils.flags,_benchmark,,define_benchmark,56,2,2
GoogleCloudPlatform_ml-on-gcp.example_zoo.tensorflow.models.keras_imagenet_main.official.utils.flags,_device,,require_cloud_storage,14,3,1
GoogleCloudPlatform_ml-on-gcp.example_zoo.tensorflow.models.keras_imagenet_main.official.utils.flags,_device,,define_device,30,2,1
GoogleCloudPlatform_ml-on-gcp.example_zoo.tensorflow.models.keras_imagenet_main.official.utils.flags,_misc,,define_image,15,2,1
GoogleCloudPlatform_ml-on-gcp.example_zoo.tensorflow.models.keras_imagenet_main.official.utils.flags,_performance,,get_tf_dtype,2,1,1
GoogleCloudPlatform_ml-on-gcp.example_zoo.tensorflow.models.keras_imagenet_main.official.utils.flags,_performance,,get_loss_scale,4,1,1
GoogleCloudPlatform_ml-on-gcp.example_zoo.tensorflow.models.keras_imagenet_main.official.utils.flags,_performance,,define_performance,94,10,10
GoogleCloudPlatform_ml-on-gcp.example_zoo.tensorflow.models.keras_imagenet_main.official.utils.flags,core,,set_defaults,3,2,0
GoogleCloudPlatform_ml-on-gcp.example_zoo.tensorflow.models.keras_imagenet_main.official.utils.flags,core,,parse_flags,3,2,1
GoogleCloudPlatform_ml-on-gcp.example_zoo.tensorflow.models.keras_imagenet_main.official.utils.flags,core,,register_key_flags_in_core,6,1,1
GoogleCloudPlatform_ml-on-gcp.example_zoo.tensorflow.models.keras_imagenet_main.official.utils.logs,cloud_lib,,on_gcp,9,1,0
GoogleCloudPlatform_ml-on-gcp.example_zoo.tensorflow.models.keras_imagenet_main.official.utils.logs,hooks,ExamplesPerSecondHook,__init__,12,3,5
GoogleCloudPlatform_ml-on-gcp.example_zoo.tensorflow.models.keras_imagenet_main.official.utils.logs,hooks,ExamplesPerSecondHook,begin,5,2,0
GoogleCloudPlatform_ml-on-gcp.example_zoo.tensorflow.models.keras_imagenet_main.official.utils.logs,hooks,ExamplesPerSecondHook,before_run,3,1,1
GoogleCloudPlatform_ml-on-gcp.example_zoo.tensorflow.models.keras_imagenet_main.official.utils.logs,hooks,ExamplesPerSecondHook,after_run,27,4,2
GoogleCloudPlatform_ml-on-gcp.example_zoo.tensorflow.models.keras_imagenet_main.official.utils.logs,hooks_helper,,get_train_hooks,16,3,2
GoogleCloudPlatform_ml-on-gcp.example_zoo.tensorflow.models.keras_imagenet_main.official.utils.logs,hooks_helper,,get_logging_tensor_hook,7,2,2
GoogleCloudPlatform_ml-on-gcp.example_zoo.tensorflow.models.keras_imagenet_main.official.utils.logs,hooks_helper,,get_profiler_hook,3,1,2
GoogleCloudPlatform_ml-on-gcp.example_zoo.tensorflow.models.keras_imagenet_main.official.utils.logs,hooks_helper,,get_examples_per_second_hook,5,1,3
GoogleCloudPlatform_ml-on-gcp.example_zoo.tensorflow.models.keras_imagenet_main.official.utils.logs,hooks_helper,,get_logging_metric_hook,8,2,2
GoogleCloudPlatform_ml-on-gcp.example_zoo.tensorflow.models.keras_imagenet_main.official.utils.logs,logger,BaseBenchmarkLogger,log_evaluation_result,10,4,1
GoogleCloudPlatform_ml-on-gcp.example_zoo.tensorflow.models.keras_imagenet_main.official.utils.logs,logger,BaseBenchmarkLogger,log_metric,5,2,5
GoogleCloudPlatform_ml-on-gcp.example_zoo.tensorflow.models.keras_imagenet_main.official.utils.logs,logger,BaseBenchmarkLogger,log_run_info,4,1,4
GoogleCloudPlatform_ml-on-gcp.example_zoo.tensorflow.models.keras_imagenet_main.official.utils.logs,logger,BaseBenchmarkLogger,on_finish,2,1,1
GoogleCloudPlatform_ml-on-gcp.example_zoo.tensorflow.models.keras_imagenet_main.official.utils.logs,logger,BenchmarkFileLogger,__init__,7,2,1
GoogleCloudPlatform_ml-on-gcp.example_zoo.tensorflow.models.keras_imagenet_main.official.utils.logs,logger,BenchmarkFileLogger,log_metric,11,3,5
GoogleCloudPlatform_ml-on-gcp.example_zoo.tensorflow.models.keras_imagenet_main.official.utils.logs,logger,BenchmarkFileLogger,log_run_info,11,2,4
GoogleCloudPlatform_ml-on-gcp.example_zoo.tensorflow.models.keras_imagenet_main.official.utils.logs,logger,BenchmarkFileLogger,on_finish,3,1,1
GoogleCloudPlatform_ml-on-gcp.example_zoo.tensorflow.models.keras_imagenet_main.official.utils.logs,logger,BenchmarkBigQueryLogger,__init__,8,1,6
GoogleCloudPlatform_ml-on-gcp.example_zoo.tensorflow.models.keras_imagenet_main.official.utils.logs,logger,BenchmarkBigQueryLogger,log_metric,14,2,5
GoogleCloudPlatform_ml-on-gcp.example_zoo.tensorflow.models.keras_imagenet_main.official.utils.logs,logger,BenchmarkBigQueryLogger,log_run_info,15,1,4
GoogleCloudPlatform_ml-on-gcp.example_zoo.tensorflow.models.keras_imagenet_main.official.utils.logs,logger,BenchmarkBigQueryLogger,on_finish,6,1,1
GoogleCloudPlatform_ml-on-gcp.example_zoo.tensorflow.models.keras_imagenet_main.official.utils.logs,logger,,config_benchmark_logger,29,6,1
GoogleCloudPlatform_ml-on-gcp.example_zoo.tensorflow.models.keras_imagenet_main.official.utils.logs,logger,,get_benchmark_logger,4,2,0
GoogleCloudPlatform_ml-on-gcp.example_zoo.tensorflow.models.keras_imagenet_main.official.utils.logs,logger,,benchmark_context,9,2,1
GoogleCloudPlatform_ml-on-gcp.example_zoo.tensorflow.models.keras_imagenet_main.official.utils.logs,logger,,_gather_run_info,19,2,4
GoogleCloudPlatform_ml-on-gcp.example_zoo.tensorflow.models.keras_imagenet_main.official.utils.logs,logger,,_process_metric_to_json,14,1,5
GoogleCloudPlatform_ml-on-gcp.example_zoo.tensorflow.models.keras_imagenet_main.official.utils.logs,logger,,_collect_tensorflow_info,3,1,1
GoogleCloudPlatform_ml-on-gcp.example_zoo.tensorflow.models.keras_imagenet_main.official.utils.logs,logger,,_collect_run_params,13,2,2
GoogleCloudPlatform_ml-on-gcp.example_zoo.tensorflow.models.keras_imagenet_main.official.utils.logs,logger,,_collect_tensorflow_environment_variables,4,1,1
GoogleCloudPlatform_ml-on-gcp.example_zoo.tensorflow.models.keras_imagenet_main.official.utils.logs,logger,,_collect_cpu_info,15,2,1
GoogleCloudPlatform_ml-on-gcp.example_zoo.tensorflow.models.keras_imagenet_main.official.utils.logs,logger,,_collect_gpu_info,11,3,2
GoogleCloudPlatform_ml-on-gcp.example_zoo.tensorflow.models.keras_imagenet_main.official.utils.logs,logger,,_collect_memory_info,10,2,1
GoogleCloudPlatform_ml-on-gcp.example_zoo.tensorflow.models.keras_imagenet_main.official.utils.logs,logger,,_collect_test_environment,3,2,1
GoogleCloudPlatform_ml-on-gcp.example_zoo.tensorflow.models.keras_imagenet_main.official.utils.logs,logger,,_parse_gpu_model,6,2,1
GoogleCloudPlatform_ml-on-gcp.example_zoo.tensorflow.models.keras_imagenet_main.official.utils.logs,logger,,_convert_to_json_dict,5,1,1
GoogleCloudPlatform_ml-on-gcp.example_zoo.tensorflow.models.keras_imagenet_main.official.utils.logs,metric_hook,LoggingMetricHook,__init__,10,2,5
GoogleCloudPlatform_ml-on-gcp.example_zoo.tensorflow.models.keras_imagenet_main.official.utils.logs,metric_hook,LoggingMetricHook,begin,9,3,0
GoogleCloudPlatform_ml-on-gcp.example_zoo.tensorflow.models.keras_imagenet_main.official.utils.logs,metric_hook,LoggingMetricHook,after_run,4,2,2
GoogleCloudPlatform_ml-on-gcp.example_zoo.tensorflow.models.keras_imagenet_main.official.utils.logs,metric_hook,LoggingMetricHook,end,4,2,1
GoogleCloudPlatform_ml-on-gcp.example_zoo.tensorflow.models.keras_imagenet_main.official.utils.logs,metric_hook,LoggingMetricHook,_log_metric,5,2,1
GoogleCloudPlatform_ml-on-gcp.example_zoo.tensorflow.models.keras_imagenet_main.official.utils.misc,distribution_utils,,get_distribution_strategy,25,2,3
GoogleCloudPlatform_ml-on-gcp.example_zoo.tensorflow.models.keras_imagenet_main.official.utils.misc,distribution_utils,,per_device_batch_size,12,2,2
GoogleCloudPlatform_ml-on-gcp.example_zoo.tensorflow.models.keras_imagenet_main.official.utils.misc,model_helpers,,past_stop_threshold,15,3,2
GoogleCloudPlatform_ml-on-gcp.example_zoo.tensorflow.models.keras_imagenet_main.official.utils.misc,model_helpers,,generate_synthetic_data,9,2,6
GoogleCloudPlatform_ml-on-gcp.example_zoo.tensorflow.models.keras_imagenet_main.official.utils.misc,model_helpers,,apply_clean,5,3,1
GoogleCloudPlatform_ml-on-gcp.example_zoo.tensorflow.models.mnist,cmle_mnist_test,,gcs_bucket_prefix,8,2,0
GoogleCloudPlatform_ml-on-gcp.example_zoo.tensorflow.models.mnist,cmle_mnist_test,,test_mnist,13,1,2
GoogleCloudPlatform_ml-on-gcp.example_zoo.tensorflow.models.mnist.official.mnist,dataset,,read32,3,1,1
GoogleCloudPlatform_ml-on-gcp.example_zoo.tensorflow.models.mnist.official.mnist,dataset,,check_image_file_header,13,4,1
GoogleCloudPlatform_ml-on-gcp.example_zoo.tensorflow.models.mnist.official.mnist,dataset,,check_labels_file_header,7,2,1
GoogleCloudPlatform_ml-on-gcp.example_zoo.tensorflow.models.mnist.official.mnist,dataset,,download,15,2,2
GoogleCloudPlatform_ml-on-gcp.example_zoo.tensorflow.models.mnist.official.mnist,dataset,,dataset,20,-1,3
GoogleCloudPlatform_ml-on-gcp.example_zoo.tensorflow.models.mnist.official.mnist,dataset,,train,3,1,1
GoogleCloudPlatform_ml-on-gcp.example_zoo.tensorflow.models.mnist.official.mnist,dataset,,test,2,1,1
GoogleCloudPlatform_ml-on-gcp.example_zoo.tensorflow.models.mnist.official.mnist,mnist,,create_model,34,2,1
GoogleCloudPlatform_ml-on-gcp.example_zoo.tensorflow.models.mnist.official.mnist,mnist,,define_mnist_flags,9,1,0
GoogleCloudPlatform_ml-on-gcp.example_zoo.tensorflow.models.mnist.official.mnist,mnist,,model_fn,48,3,4
GoogleCloudPlatform_ml-on-gcp.example_zoo.tensorflow.models.mnist.official.mnist,mnist,,run_mnist,57,4,1
GoogleCloudPlatform_ml-on-gcp.example_zoo.tensorflow.models.mnist.official.mnist,mnist,,main,2,1,1
GoogleCloudPlatform_ml-on-gcp.example_zoo.tensorflow.models.mnist.official.utils.flags,_base,,define_base,75,11,10
GoogleCloudPlatform_ml-on-gcp.example_zoo.tensorflow.models.mnist.official.utils.flags,_base,,get_num_gpus,6,1,1
GoogleCloudPlatform_ml-on-gcp.example_zoo.tensorflow.models.mnist.official.utils.flags,_benchmark,,define_benchmark,56,2,2
GoogleCloudPlatform_ml-on-gcp.example_zoo.tensorflow.models.mnist.official.utils.flags,_device,,require_cloud_storage,14,3,1
GoogleCloudPlatform_ml-on-gcp.example_zoo.tensorflow.models.mnist.official.utils.flags,_device,,define_device,30,2,1
GoogleCloudPlatform_ml-on-gcp.example_zoo.tensorflow.models.mnist.official.utils.flags,_misc,,define_image,15,2,1
GoogleCloudPlatform_ml-on-gcp.example_zoo.tensorflow.models.mnist.official.utils.flags,_performance,,get_tf_dtype,2,1,1
GoogleCloudPlatform_ml-on-gcp.example_zoo.tensorflow.models.mnist.official.utils.flags,_performance,,get_loss_scale,4,1,1
GoogleCloudPlatform_ml-on-gcp.example_zoo.tensorflow.models.mnist.official.utils.flags,_performance,,define_performance,94,10,10
GoogleCloudPlatform_ml-on-gcp.example_zoo.tensorflow.models.mnist.official.utils.flags,core,,set_defaults,3,2,0
GoogleCloudPlatform_ml-on-gcp.example_zoo.tensorflow.models.mnist.official.utils.flags,core,,parse_flags,3,2,1
GoogleCloudPlatform_ml-on-gcp.example_zoo.tensorflow.models.mnist.official.utils.flags,core,,register_key_flags_in_core,6,1,1
GoogleCloudPlatform_ml-on-gcp.example_zoo.tensorflow.models.mnist.official.utils.logs,cloud_lib,,on_gcp,9,1,0
GoogleCloudPlatform_ml-on-gcp.example_zoo.tensorflow.models.mnist.official.utils.logs,hooks,ExamplesPerSecondHook,__init__,12,3,5
GoogleCloudPlatform_ml-on-gcp.example_zoo.tensorflow.models.mnist.official.utils.logs,hooks,ExamplesPerSecondHook,begin,5,2,0
GoogleCloudPlatform_ml-on-gcp.example_zoo.tensorflow.models.mnist.official.utils.logs,hooks,ExamplesPerSecondHook,before_run,3,1,1
GoogleCloudPlatform_ml-on-gcp.example_zoo.tensorflow.models.mnist.official.utils.logs,hooks,ExamplesPerSecondHook,after_run,27,4,2
GoogleCloudPlatform_ml-on-gcp.example_zoo.tensorflow.models.mnist.official.utils.logs,hooks_helper,,get_train_hooks,16,3,2
GoogleCloudPlatform_ml-on-gcp.example_zoo.tensorflow.models.mnist.official.utils.logs,hooks_helper,,get_logging_tensor_hook,7,2,2
GoogleCloudPlatform_ml-on-gcp.example_zoo.tensorflow.models.mnist.official.utils.logs,hooks_helper,,get_profiler_hook,3,1,2
GoogleCloudPlatform_ml-on-gcp.example_zoo.tensorflow.models.mnist.official.utils.logs,hooks_helper,,get_examples_per_second_hook,5,1,3
GoogleCloudPlatform_ml-on-gcp.example_zoo.tensorflow.models.mnist.official.utils.logs,hooks_helper,,get_logging_metric_hook,8,2,2
GoogleCloudPlatform_ml-on-gcp.example_zoo.tensorflow.models.mnist.official.utils.logs,logger,BaseBenchmarkLogger,log_evaluation_result,10,4,1
GoogleCloudPlatform_ml-on-gcp.example_zoo.tensorflow.models.mnist.official.utils.logs,logger,BaseBenchmarkLogger,log_metric,5,2,5
GoogleCloudPlatform_ml-on-gcp.example_zoo.tensorflow.models.mnist.official.utils.logs,logger,BaseBenchmarkLogger,log_run_info,4,1,4
GoogleCloudPlatform_ml-on-gcp.example_zoo.tensorflow.models.mnist.official.utils.logs,logger,BaseBenchmarkLogger,on_finish,2,1,1
GoogleCloudPlatform_ml-on-gcp.example_zoo.tensorflow.models.mnist.official.utils.logs,logger,BenchmarkFileLogger,__init__,7,2,1
GoogleCloudPlatform_ml-on-gcp.example_zoo.tensorflow.models.mnist.official.utils.logs,logger,BenchmarkFileLogger,log_metric,11,3,5
GoogleCloudPlatform_ml-on-gcp.example_zoo.tensorflow.models.mnist.official.utils.logs,logger,BenchmarkFileLogger,log_run_info,11,2,4
GoogleCloudPlatform_ml-on-gcp.example_zoo.tensorflow.models.mnist.official.utils.logs,logger,BenchmarkFileLogger,on_finish,3,1,1
GoogleCloudPlatform_ml-on-gcp.example_zoo.tensorflow.models.mnist.official.utils.logs,logger,BenchmarkBigQueryLogger,__init__,8,1,6
GoogleCloudPlatform_ml-on-gcp.example_zoo.tensorflow.models.mnist.official.utils.logs,logger,BenchmarkBigQueryLogger,log_metric,14,2,5
GoogleCloudPlatform_ml-on-gcp.example_zoo.tensorflow.models.mnist.official.utils.logs,logger,BenchmarkBigQueryLogger,log_run_info,15,1,4
GoogleCloudPlatform_ml-on-gcp.example_zoo.tensorflow.models.mnist.official.utils.logs,logger,BenchmarkBigQueryLogger,on_finish,6,1,1
GoogleCloudPlatform_ml-on-gcp.example_zoo.tensorflow.models.mnist.official.utils.logs,logger,,config_benchmark_logger,29,6,1
GoogleCloudPlatform_ml-on-gcp.example_zoo.tensorflow.models.mnist.official.utils.logs,logger,,get_benchmark_logger,4,2,0
GoogleCloudPlatform_ml-on-gcp.example_zoo.tensorflow.models.mnist.official.utils.logs,logger,,benchmark_context,9,2,1
GoogleCloudPlatform_ml-on-gcp.example_zoo.tensorflow.models.mnist.official.utils.logs,logger,,_gather_run_info,19,2,4
GoogleCloudPlatform_ml-on-gcp.example_zoo.tensorflow.models.mnist.official.utils.logs,logger,,_process_metric_to_json,14,1,5
GoogleCloudPlatform_ml-on-gcp.example_zoo.tensorflow.models.mnist.official.utils.logs,logger,,_collect_tensorflow_info,3,1,1
GoogleCloudPlatform_ml-on-gcp.example_zoo.tensorflow.models.mnist.official.utils.logs,logger,,_collect_run_params,13,2,2
GoogleCloudPlatform_ml-on-gcp.example_zoo.tensorflow.models.mnist.official.utils.logs,logger,,_collect_tensorflow_environment_variables,4,1,1
GoogleCloudPlatform_ml-on-gcp.example_zoo.tensorflow.models.mnist.official.utils.logs,logger,,_collect_cpu_info,15,2,1
GoogleCloudPlatform_ml-on-gcp.example_zoo.tensorflow.models.mnist.official.utils.logs,logger,,_collect_gpu_info,11,3,2
GoogleCloudPlatform_ml-on-gcp.example_zoo.tensorflow.models.mnist.official.utils.logs,logger,,_collect_memory_info,10,2,1
GoogleCloudPlatform_ml-on-gcp.example_zoo.tensorflow.models.mnist.official.utils.logs,logger,,_collect_test_environment,3,2,1
GoogleCloudPlatform_ml-on-gcp.example_zoo.tensorflow.models.mnist.official.utils.logs,logger,,_parse_gpu_model,6,2,1
GoogleCloudPlatform_ml-on-gcp.example_zoo.tensorflow.models.mnist.official.utils.logs,logger,,_convert_to_json_dict,5,1,1
GoogleCloudPlatform_ml-on-gcp.example_zoo.tensorflow.models.mnist.official.utils.logs,metric_hook,LoggingMetricHook,__init__,10,2,5
GoogleCloudPlatform_ml-on-gcp.example_zoo.tensorflow.models.mnist.official.utils.logs,metric_hook,LoggingMetricHook,begin,9,3,0
GoogleCloudPlatform_ml-on-gcp.example_zoo.tensorflow.models.mnist.official.utils.logs,metric_hook,LoggingMetricHook,after_run,4,2,2
GoogleCloudPlatform_ml-on-gcp.example_zoo.tensorflow.models.mnist.official.utils.logs,metric_hook,LoggingMetricHook,end,4,2,1
GoogleCloudPlatform_ml-on-gcp.example_zoo.tensorflow.models.mnist.official.utils.logs,metric_hook,LoggingMetricHook,_log_metric,5,2,1
GoogleCloudPlatform_ml-on-gcp.example_zoo.tensorflow.models.mnist.official.utils.misc,distribution_utils,,get_distribution_strategy,25,2,3
GoogleCloudPlatform_ml-on-gcp.example_zoo.tensorflow.models.mnist.official.utils.misc,distribution_utils,,per_device_batch_size,12,2,2
GoogleCloudPlatform_ml-on-gcp.example_zoo.tensorflow.models.mnist.official.utils.misc,model_helpers,,past_stop_threshold,15,3,2
GoogleCloudPlatform_ml-on-gcp.example_zoo.tensorflow.models.mnist.official.utils.misc,model_helpers,,generate_synthetic_data,9,2,6
GoogleCloudPlatform_ml-on-gcp.example_zoo.tensorflow.models.mnist.official.utils.misc,model_helpers,,apply_clean,5,3,1
GoogleCloudPlatform_ml-on-gcp.example_zoo.tensorflow.models.ncf_main,cmle_ncf_main_test,,gcs_bucket_prefix,8,2,0
GoogleCloudPlatform_ml-on-gcp.example_zoo.tensorflow.models.ncf_main,cmle_ncf_main_test,,test_ncf_main,13,1,2
GoogleCloudPlatform_ml-on-gcp.example_zoo.tensorflow.models.ncf_main.official.datasets,movielens,,_download_and_clean,42,6,2
GoogleCloudPlatform_ml-on-gcp.example_zoo.tensorflow.models.ncf_main.official.datasets,movielens,,_transform_csv,20,6,5
GoogleCloudPlatform_ml-on-gcp.example_zoo.tensorflow.models.ncf_main.official.datasets,movielens,,_regularize_1m_dataset,13,1,1
GoogleCloudPlatform_ml-on-gcp.example_zoo.tensorflow.models.ncf_main.official.datasets,movielens,,_regularize_20m_dataset,13,1,1
GoogleCloudPlatform_ml-on-gcp.example_zoo.tensorflow.models.ncf_main.official.datasets,movielens,,download,5,2,2
GoogleCloudPlatform_ml-on-gcp.example_zoo.tensorflow.models.ncf_main.official.datasets,movielens,,ratings_csv_to_dataframe,3,1,2
GoogleCloudPlatform_ml-on-gcp.example_zoo.tensorflow.models.ncf_main.official.datasets,movielens,,csv_to_joint_dataframe,7,1,2
GoogleCloudPlatform_ml-on-gcp.example_zoo.tensorflow.models.ncf_main.official.datasets,movielens,,integerize_genres,12,2,1
GoogleCloudPlatform_ml-on-gcp.example_zoo.tensorflow.models.ncf_main.official.datasets,movielens,,define_data_download_flags,9,1,0
GoogleCloudPlatform_ml-on-gcp.example_zoo.tensorflow.models.ncf_main.official.datasets,movielens,,main,2,1,1
GoogleCloudPlatform_ml-on-gcp.example_zoo.tensorflow.models.ncf_main.official.recommendation,data_pipeline,DatasetManager,__init__,14,1,5
GoogleCloudPlatform_ml-on-gcp.example_zoo.tensorflow.models.ncf_main.official.recommendation,data_pipeline,DatasetManager,current_data_root,4,1,0
GoogleCloudPlatform_ml-on-gcp.example_zoo.tensorflow.models.ncf_main.official.recommendation,data_pipeline,DatasetManager,buffer_reached,3,2,0
GoogleCloudPlatform_ml-on-gcp.example_zoo.tensorflow.models.ncf_main.official.recommendation,data_pipeline,DatasetManager,_serialize,6,1,1
GoogleCloudPlatform_ml-on-gcp.example_zoo.tensorflow.models.ncf_main.official.recommendation,data_pipeline,DatasetManager,_deserialize,29,0,2
GoogleCloudPlatform_ml-on-gcp.example_zoo.tensorflow.models.ncf_main.official.recommendation,data_pipeline,DatasetManager,put,15,3,2
GoogleCloudPlatform_ml-on-gcp.example_zoo.tensorflow.models.ncf_main.official.recommendation,data_pipeline,DatasetManager,start_construction,6,2,0
GoogleCloudPlatform_ml-on-gcp.example_zoo.tensorflow.models.ncf_main.official.recommendation,data_pipeline,DatasetManager,end_construction,6,2,0
GoogleCloudPlatform_ml-on-gcp.example_zoo.tensorflow.models.ncf_main.official.recommendation,data_pipeline,DatasetManager,data_generator,19,7,1
GoogleCloudPlatform_ml-on-gcp.example_zoo.tensorflow.models.ncf_main.official.recommendation,data_pipeline,DatasetManager,get_dataset,43,5,2
GoogleCloudPlatform_ml-on-gcp.example_zoo.tensorflow.models.ncf_main.official.recommendation,data_pipeline,DatasetManager,make_input_fn,13,1,1
GoogleCloudPlatform_ml-on-gcp.example_zoo.tensorflow.models.ncf_main.official.recommendation,data_pipeline,BaseDataConstructor,__init__,49,4,16
GoogleCloudPlatform_ml-on-gcp.example_zoo.tensorflow.models.ncf_main.official.recommendation,data_pipeline,BaseDataConstructor,__str__,11,1,0
GoogleCloudPlatform_ml-on-gcp.example_zoo.tensorflow.models.ncf_main.official.recommendation,data_pipeline,BaseDataConstructor,_count_batches,3,1,3
GoogleCloudPlatform_ml-on-gcp.example_zoo.tensorflow.models.ncf_main.official.recommendation,data_pipeline,BaseDataConstructor,stop_loop,2,1,0
GoogleCloudPlatform_ml-on-gcp.example_zoo.tensorflow.models.ncf_main.official.recommendation,data_pipeline,BaseDataConstructor,construct_lookup_variables,2,1,0
GoogleCloudPlatform_ml-on-gcp.example_zoo.tensorflow.models.ncf_main.official.recommendation,data_pipeline,BaseDataConstructor,lookup_negative_items,2,1,0
GoogleCloudPlatform_ml-on-gcp.example_zoo.tensorflow.models.ncf_main.official.recommendation,data_pipeline,BaseDataConstructor,_run,9,2,0
GoogleCloudPlatform_ml-on-gcp.example_zoo.tensorflow.models.ncf_main.official.recommendation,data_pipeline,BaseDataConstructor,run,10,2,0
GoogleCloudPlatform_ml-on-gcp.example_zoo.tensorflow.models.ncf_main.official.recommendation,data_pipeline,BaseDataConstructor,_start_shuffle_iterator,10,2,0
GoogleCloudPlatform_ml-on-gcp.example_zoo.tensorflow.models.ncf_main.official.recommendation,data_pipeline,BaseDataConstructor,_get_training_batch,30,2,1
GoogleCloudPlatform_ml-on-gcp.example_zoo.tensorflow.models.ncf_main.official.recommendation,data_pipeline,BaseDataConstructor,_wait_to_construct_train_epoch,8,5,0
GoogleCloudPlatform_ml-on-gcp.example_zoo.tensorflow.models.ncf_main.official.recommendation,data_pipeline,BaseDataConstructor,_construct_training_epoch,15,2,0
GoogleCloudPlatform_ml-on-gcp.example_zoo.tensorflow.models.ncf_main.official.recommendation,data_pipeline,BaseDataConstructor,_assemble_eval_batch,13,2,4
GoogleCloudPlatform_ml-on-gcp.example_zoo.tensorflow.models.ncf_main.official.recommendation,data_pipeline,BaseDataConstructor,_get_eval_batch,16,1,1
GoogleCloudPlatform_ml-on-gcp.example_zoo.tensorflow.models.ncf_main.official.recommendation,data_pipeline,BaseDataConstructor,_construct_eval_epoch,13,2,0
GoogleCloudPlatform_ml-on-gcp.example_zoo.tensorflow.models.ncf_main.official.recommendation,data_pipeline,BaseDataConstructor,make_input_fn,7,2,1
GoogleCloudPlatform_ml-on-gcp.example_zoo.tensorflow.models.ncf_main.official.recommendation,data_pipeline,DummyConstructor,run,2,1,0
GoogleCloudPlatform_ml-on-gcp.example_zoo.tensorflow.models.ncf_main.official.recommendation,data_pipeline,DummyConstructor,stop_loop,2,1,0
GoogleCloudPlatform_ml-on-gcp.example_zoo.tensorflow.models.ncf_main.official.recommendation,data_pipeline,DummyConstructor,make_input_fn,37,1,1
GoogleCloudPlatform_ml-on-gcp.example_zoo.tensorflow.models.ncf_main.official.recommendation,data_pipeline,MaterializedDataConstructor,__init__,4,1,0
GoogleCloudPlatform_ml-on-gcp.example_zoo.tensorflow.models.ncf_main.official.recommendation,data_pipeline,MaterializedDataConstructor,construct_lookup_variables,20,2,0
GoogleCloudPlatform_ml-on-gcp.example_zoo.tensorflow.models.ncf_main.official.recommendation,data_pipeline,MaterializedDataConstructor,lookup_negative_items,4,1,1
GoogleCloudPlatform_ml-on-gcp.example_zoo.tensorflow.models.ncf_main.official.recommendation,data_pipeline,BisectionDataConstructor,__init__,5,1,0
GoogleCloudPlatform_ml-on-gcp.example_zoo.tensorflow.models.ncf_main.official.recommendation,data_pipeline,BisectionDataConstructor,_index_segment,6,1,1
GoogleCloudPlatform_ml-on-gcp.example_zoo.tensorflow.models.ncf_main.official.recommendation,data_pipeline,BisectionDataConstructor,construct_lookup_variables,16,2,0
GoogleCloudPlatform_ml-on-gcp.example_zoo.tensorflow.models.ncf_main.official.recommendation,data_pipeline,BisectionDataConstructor,lookup_negative_items,35,2,1
GoogleCloudPlatform_ml-on-gcp.example_zoo.tensorflow.models.ncf_main.official.recommendation,data_pipeline,,get_constructor,6,2,1
GoogleCloudPlatform_ml-on-gcp.example_zoo.tensorflow.models.ncf_main.official.recommendation,data_preprocessing,,_filter_index_sort,92,7,2
GoogleCloudPlatform_ml-on-gcp.example_zoo.tensorflow.models.ncf_main.official.recommendation,data_preprocessing,,instantiate_pipeline,38,4,5
GoogleCloudPlatform_ml-on-gcp.example_zoo.tensorflow.models.ncf_main.official.recommendation,ncf_main,,construct_estimator,44,4,2
GoogleCloudPlatform_ml-on-gcp.example_zoo.tensorflow.models.ncf_main.official.recommendation,ncf_main,,log_and_get_hooks,21,1,1
GoogleCloudPlatform_ml-on-gcp.example_zoo.tensorflow.models.ncf_main.official.recommendation,ncf_main,,parse_flags,32,3,1
GoogleCloudPlatform_ml-on-gcp.example_zoo.tensorflow.models.ncf_main.official.recommendation,ncf_main,,main,5,1,1
GoogleCloudPlatform_ml-on-gcp.example_zoo.tensorflow.models.ncf_main.official.recommendation,ncf_main,,run_ncf,84,8,1
GoogleCloudPlatform_ml-on-gcp.example_zoo.tensorflow.models.ncf_main.official.recommendation,ncf_main,,define_ncf_flags,125,2,0
GoogleCloudPlatform_ml-on-gcp.example_zoo.tensorflow.models.ncf_main.official.recommendation,neumf_model,,_sparse_to_dense_grads,3,1,1
GoogleCloudPlatform_ml-on-gcp.example_zoo.tensorflow.models.ncf_main.official.recommendation,neumf_model,,neumf_model_fn,60,4,4
GoogleCloudPlatform_ml-on-gcp.example_zoo.tensorflow.models.ncf_main.official.recommendation,neumf_model,,construct_model,53,3,3
GoogleCloudPlatform_ml-on-gcp.example_zoo.tensorflow.models.ncf_main.official.recommendation,neumf_model,,compute_eval_loss_and_metrics,34,0,6
GoogleCloudPlatform_ml-on-gcp.example_zoo.tensorflow.models.ncf_main.official.recommendation,neumf_model,,compute_top_k_and_ndcg,23,2,3
GoogleCloudPlatform_ml-on-gcp.example_zoo.tensorflow.models.ncf_main.official.recommendation,popen_helper,FauxPool,__init__,2,1,0
GoogleCloudPlatform_ml-on-gcp.example_zoo.tensorflow.models.ncf_main.official.recommendation,popen_helper,FauxPool,map,2,1,3
GoogleCloudPlatform_ml-on-gcp.example_zoo.tensorflow.models.ncf_main.official.recommendation,popen_helper,FauxPool,imap,3,2,3
GoogleCloudPlatform_ml-on-gcp.example_zoo.tensorflow.models.ncf_main.official.recommendation,popen_helper,FauxPool,close,2,1,0
GoogleCloudPlatform_ml-on-gcp.example_zoo.tensorflow.models.ncf_main.official.recommendation,popen_helper,FauxPool,terminate,2,1,0
GoogleCloudPlatform_ml-on-gcp.example_zoo.tensorflow.models.ncf_main.official.recommendation,popen_helper,FauxPool,join,2,1,0
GoogleCloudPlatform_ml-on-gcp.example_zoo.tensorflow.models.ncf_main.official.recommendation,popen_helper,,get_forkpool,3,1,3
GoogleCloudPlatform_ml-on-gcp.example_zoo.tensorflow.models.ncf_main.official.recommendation,popen_helper,,get_threadpool,4,1,3
GoogleCloudPlatform_ml-on-gcp.example_zoo.tensorflow.models.ncf_main.official.recommendation,popen_helper,,get_fauxpool,3,1,3
GoogleCloudPlatform_ml-on-gcp.example_zoo.tensorflow.models.ncf_main.official.recommendation,stat_utils,,random_int32,2,1,0
GoogleCloudPlatform_ml-on-gcp.example_zoo.tensorflow.models.ncf_main.official.recommendation,stat_utils,,permutation,7,1,1
GoogleCloudPlatform_ml-on-gcp.example_zoo.tensorflow.models.ncf_main.official.recommendation,stat_utils,,very_slightly_biased_randint,6,1,1
GoogleCloudPlatform_ml-on-gcp.example_zoo.tensorflow.models.ncf_main.official.recommendation,stat_utils,,mask_duplicates,12,2,2
GoogleCloudPlatform_ml-on-gcp.example_zoo.tensorflow.models.ncf_main.official.utils.flags,_base,,define_base,75,11,10
GoogleCloudPlatform_ml-on-gcp.example_zoo.tensorflow.models.ncf_main.official.utils.flags,_base,,get_num_gpus,6,1,1
GoogleCloudPlatform_ml-on-gcp.example_zoo.tensorflow.models.ncf_main.official.utils.flags,_benchmark,,define_benchmark,56,2,2
GoogleCloudPlatform_ml-on-gcp.example_zoo.tensorflow.models.ncf_main.official.utils.flags,_device,,require_cloud_storage,14,3,1
GoogleCloudPlatform_ml-on-gcp.example_zoo.tensorflow.models.ncf_main.official.utils.flags,_device,,define_device,30,2,1
GoogleCloudPlatform_ml-on-gcp.example_zoo.tensorflow.models.ncf_main.official.utils.flags,_misc,,define_image,15,2,1
GoogleCloudPlatform_ml-on-gcp.example_zoo.tensorflow.models.ncf_main.official.utils.flags,_performance,,get_tf_dtype,2,1,1
GoogleCloudPlatform_ml-on-gcp.example_zoo.tensorflow.models.ncf_main.official.utils.flags,_performance,,get_loss_scale,4,1,1
GoogleCloudPlatform_ml-on-gcp.example_zoo.tensorflow.models.ncf_main.official.utils.flags,_performance,,define_performance,94,10,10
GoogleCloudPlatform_ml-on-gcp.example_zoo.tensorflow.models.ncf_main.official.utils.flags,core,,set_defaults,3,2,0
GoogleCloudPlatform_ml-on-gcp.example_zoo.tensorflow.models.ncf_main.official.utils.flags,core,,parse_flags,3,2,1
GoogleCloudPlatform_ml-on-gcp.example_zoo.tensorflow.models.ncf_main.official.utils.flags,core,,register_key_flags_in_core,6,1,1
GoogleCloudPlatform_ml-on-gcp.example_zoo.tensorflow.models.ncf_main.official.utils.logs,cloud_lib,,on_gcp,9,1,0
GoogleCloudPlatform_ml-on-gcp.example_zoo.tensorflow.models.ncf_main.official.utils.logs,hooks,ExamplesPerSecondHook,__init__,12,3,5
GoogleCloudPlatform_ml-on-gcp.example_zoo.tensorflow.models.ncf_main.official.utils.logs,hooks,ExamplesPerSecondHook,begin,5,2,0
GoogleCloudPlatform_ml-on-gcp.example_zoo.tensorflow.models.ncf_main.official.utils.logs,hooks,ExamplesPerSecondHook,before_run,3,1,1
GoogleCloudPlatform_ml-on-gcp.example_zoo.tensorflow.models.ncf_main.official.utils.logs,hooks,ExamplesPerSecondHook,after_run,27,4,2
GoogleCloudPlatform_ml-on-gcp.example_zoo.tensorflow.models.ncf_main.official.utils.logs,hooks_helper,,get_train_hooks,16,3,2
GoogleCloudPlatform_ml-on-gcp.example_zoo.tensorflow.models.ncf_main.official.utils.logs,hooks_helper,,get_logging_tensor_hook,7,2,2
GoogleCloudPlatform_ml-on-gcp.example_zoo.tensorflow.models.ncf_main.official.utils.logs,hooks_helper,,get_profiler_hook,3,1,2
GoogleCloudPlatform_ml-on-gcp.example_zoo.tensorflow.models.ncf_main.official.utils.logs,hooks_helper,,get_examples_per_second_hook,5,1,3
GoogleCloudPlatform_ml-on-gcp.example_zoo.tensorflow.models.ncf_main.official.utils.logs,hooks_helper,,get_logging_metric_hook,8,2,2
GoogleCloudPlatform_ml-on-gcp.example_zoo.tensorflow.models.ncf_main.official.utils.logs,logger,BaseBenchmarkLogger,log_evaluation_result,10,4,1
GoogleCloudPlatform_ml-on-gcp.example_zoo.tensorflow.models.ncf_main.official.utils.logs,logger,BaseBenchmarkLogger,log_metric,5,2,5
GoogleCloudPlatform_ml-on-gcp.example_zoo.tensorflow.models.ncf_main.official.utils.logs,logger,BaseBenchmarkLogger,log_run_info,4,1,4
GoogleCloudPlatform_ml-on-gcp.example_zoo.tensorflow.models.ncf_main.official.utils.logs,logger,BaseBenchmarkLogger,on_finish,2,1,1
GoogleCloudPlatform_ml-on-gcp.example_zoo.tensorflow.models.ncf_main.official.utils.logs,logger,BenchmarkFileLogger,__init__,7,2,1
GoogleCloudPlatform_ml-on-gcp.example_zoo.tensorflow.models.ncf_main.official.utils.logs,logger,BenchmarkFileLogger,log_metric,11,3,5
GoogleCloudPlatform_ml-on-gcp.example_zoo.tensorflow.models.ncf_main.official.utils.logs,logger,BenchmarkFileLogger,log_run_info,11,2,4
GoogleCloudPlatform_ml-on-gcp.example_zoo.tensorflow.models.ncf_main.official.utils.logs,logger,BenchmarkFileLogger,on_finish,3,1,1
GoogleCloudPlatform_ml-on-gcp.example_zoo.tensorflow.models.ncf_main.official.utils.logs,logger,BenchmarkBigQueryLogger,__init__,8,1,6
GoogleCloudPlatform_ml-on-gcp.example_zoo.tensorflow.models.ncf_main.official.utils.logs,logger,BenchmarkBigQueryLogger,log_metric,14,2,5
GoogleCloudPlatform_ml-on-gcp.example_zoo.tensorflow.models.ncf_main.official.utils.logs,logger,BenchmarkBigQueryLogger,log_run_info,15,1,4
GoogleCloudPlatform_ml-on-gcp.example_zoo.tensorflow.models.ncf_main.official.utils.logs,logger,BenchmarkBigQueryLogger,on_finish,6,1,1
GoogleCloudPlatform_ml-on-gcp.example_zoo.tensorflow.models.ncf_main.official.utils.logs,logger,,config_benchmark_logger,29,6,1
GoogleCloudPlatform_ml-on-gcp.example_zoo.tensorflow.models.ncf_main.official.utils.logs,logger,,get_benchmark_logger,4,2,0
GoogleCloudPlatform_ml-on-gcp.example_zoo.tensorflow.models.ncf_main.official.utils.logs,logger,,benchmark_context,9,2,1
GoogleCloudPlatform_ml-on-gcp.example_zoo.tensorflow.models.ncf_main.official.utils.logs,logger,,_gather_run_info,19,2,4
GoogleCloudPlatform_ml-on-gcp.example_zoo.tensorflow.models.ncf_main.official.utils.logs,logger,,_process_metric_to_json,14,1,5
GoogleCloudPlatform_ml-on-gcp.example_zoo.tensorflow.models.ncf_main.official.utils.logs,logger,,_collect_tensorflow_info,3,1,1
GoogleCloudPlatform_ml-on-gcp.example_zoo.tensorflow.models.ncf_main.official.utils.logs,logger,,_collect_run_params,13,2,2
GoogleCloudPlatform_ml-on-gcp.example_zoo.tensorflow.models.ncf_main.official.utils.logs,logger,,_collect_tensorflow_environment_variables,4,1,1
GoogleCloudPlatform_ml-on-gcp.example_zoo.tensorflow.models.ncf_main.official.utils.logs,logger,,_collect_cpu_info,15,2,1
GoogleCloudPlatform_ml-on-gcp.example_zoo.tensorflow.models.ncf_main.official.utils.logs,logger,,_collect_gpu_info,11,3,2
GoogleCloudPlatform_ml-on-gcp.example_zoo.tensorflow.models.ncf_main.official.utils.logs,logger,,_collect_memory_info,10,2,1
GoogleCloudPlatform_ml-on-gcp.example_zoo.tensorflow.models.ncf_main.official.utils.logs,logger,,_collect_test_environment,3,2,1
GoogleCloudPlatform_ml-on-gcp.example_zoo.tensorflow.models.ncf_main.official.utils.logs,logger,,_parse_gpu_model,6,2,1
GoogleCloudPlatform_ml-on-gcp.example_zoo.tensorflow.models.ncf_main.official.utils.logs,logger,,_convert_to_json_dict,5,1,1
GoogleCloudPlatform_ml-on-gcp.example_zoo.tensorflow.models.ncf_main.official.utils.logs,metric_hook,LoggingMetricHook,__init__,10,2,5
GoogleCloudPlatform_ml-on-gcp.example_zoo.tensorflow.models.ncf_main.official.utils.logs,metric_hook,LoggingMetricHook,begin,9,3,0
GoogleCloudPlatform_ml-on-gcp.example_zoo.tensorflow.models.ncf_main.official.utils.logs,metric_hook,LoggingMetricHook,after_run,4,2,2
GoogleCloudPlatform_ml-on-gcp.example_zoo.tensorflow.models.ncf_main.official.utils.logs,metric_hook,LoggingMetricHook,end,4,2,1
GoogleCloudPlatform_ml-on-gcp.example_zoo.tensorflow.models.ncf_main.official.utils.logs,metric_hook,LoggingMetricHook,_log_metric,5,2,1
GoogleCloudPlatform_ml-on-gcp.example_zoo.tensorflow.models.ncf_main.official.utils.logs,mlperf_helper,Logger,__init__,4,1,0
GoogleCloudPlatform_ml-on-gcp.example_zoo.tensorflow.models.ncf_main.official.utils.logs,mlperf_helper,Logger,__call__,7,3,1
GoogleCloudPlatform_ml-on-gcp.example_zoo.tensorflow.models.ncf_main.official.utils.logs,mlperf_helper,Logger,__enter__,2,1,0
GoogleCloudPlatform_ml-on-gcp.example_zoo.tensorflow.models.ncf_main.official.utils.logs,mlperf_helper,Logger,__exit__,3,1,3
GoogleCloudPlatform_ml-on-gcp.example_zoo.tensorflow.models.ncf_main.official.utils.logs,mlperf_helper,Logger,log_file,4,1,0
GoogleCloudPlatform_ml-on-gcp.example_zoo.tensorflow.models.ncf_main.official.utils.logs,mlperf_helper,Logger,enabled,2,1,0
GoogleCloudPlatform_ml-on-gcp.example_zoo.tensorflow.models.ncf_main.official.utils.logs,mlperf_helper,Logger,ncf_print,6,3,6
GoogleCloudPlatform_ml-on-gcp.example_zoo.tensorflow.models.ncf_main.official.utils.logs,mlperf_helper,Logger,set_ncf_root,4,2,1
GoogleCloudPlatform_ml-on-gcp.example_zoo.tensorflow.models.ncf_main.official.utils.logs,mlperf_helper,,parse_line,9,1,1
GoogleCloudPlatform_ml-on-gcp.example_zoo.tensorflow.models.ncf_main.official.utils.logs,mlperf_helper,,unparse_line,7,1,1
GoogleCloudPlatform_ml-on-gcp.example_zoo.tensorflow.models.ncf_main.official.utils.logs,mlperf_helper,,get_mlperf_log,22,2,0
GoogleCloudPlatform_ml-on-gcp.example_zoo.tensorflow.models.ncf_main.official.utils.logs,mlperf_helper,,clear_system_caches,8,3,0
GoogleCloudPlatform_ml-on-gcp.example_zoo.tensorflow.models.ncf_main.official.utils.misc,distribution_utils,,get_distribution_strategy,25,2,3
GoogleCloudPlatform_ml-on-gcp.example_zoo.tensorflow.models.ncf_main.official.utils.misc,distribution_utils,,per_device_batch_size,12,2,2
GoogleCloudPlatform_ml-on-gcp.example_zoo.tensorflow.models.ncf_main.official.utils.misc,model_helpers,,past_stop_threshold,15,3,2
GoogleCloudPlatform_ml-on-gcp.example_zoo.tensorflow.models.ncf_main.official.utils.misc,model_helpers,,generate_synthetic_data,9,2,6
GoogleCloudPlatform_ml-on-gcp.example_zoo.tensorflow.models.ncf_main.official.utils.misc,model_helpers,,apply_clean,5,3,1
GoogleCloudPlatform_ml-on-gcp.example_zoo.tensorflow.probability.bayesian_neural_network,cmle_bayesian_neural_network_test,,gcs_bucket_prefix,8,2,0
GoogleCloudPlatform_ml-on-gcp.example_zoo.tensorflow.probability.bayesian_neural_network,cmle_bayesian_neural_network_test,,test_bayesian_neural_network,13,1,2
GoogleCloudPlatform_ml-on-gcp.example_zoo.tensorflow.probability.bayesian_neural_network.trainer,bayesian_neural_network,,plot_weight_posteriors,18,3,4
GoogleCloudPlatform_ml-on-gcp.example_zoo.tensorflow.probability.bayesian_neural_network.trainer,bayesian_neural_network,,plot_heldout_prediction,22,3,5
GoogleCloudPlatform_ml-on-gcp.example_zoo.tensorflow.probability.bayesian_neural_network.trainer,bayesian_neural_network,,build_input_pipeline,17,1,3
GoogleCloudPlatform_ml-on-gcp.example_zoo.tensorflow.probability.bayesian_neural_network.trainer,bayesian_neural_network,,build_fake_data,18,1,1
GoogleCloudPlatform_ml-on-gcp.example_zoo.tensorflow.probability.bayesian_neural_network.trainer,bayesian_neural_network,,main,111,9,1
GoogleCloudPlatform_ml-on-gcp.example_zoo.tensorflow.probability.bayesian_neural_network.trainer,tfgfile_wrapper,,tfgfile_wrapper,12,1,1
GoogleCloudPlatform_ml-on-gcp.example_zoo.tensorflow.probability.deep_exponential_family,cmle_deep_exponential_family_test,,gcs_bucket_prefix,8,2,0
GoogleCloudPlatform_ml-on-gcp.example_zoo.tensorflow.probability.deep_exponential_family,cmle_deep_exponential_family_test,,test_deep_exponential_family,13,1,2
GoogleCloudPlatform_ml-on-gcp.example_zoo.tensorflow.probability.deep_exponential_family.trainer,deep_exponential_family,,deep_exponential_family,9,1,4
GoogleCloudPlatform_ml-on-gcp.example_zoo.tensorflow.probability.deep_exponential_family.trainer,deep_exponential_family,,trainable_positive_deterministic,7,1,3
GoogleCloudPlatform_ml-on-gcp.example_zoo.tensorflow.probability.deep_exponential_family.trainer,deep_exponential_family,,trainable_gamma,16,1,4
GoogleCloudPlatform_ml-on-gcp.example_zoo.tensorflow.probability.deep_exponential_family.trainer,deep_exponential_family,,deep_exponential_family_variational,8,1,3
GoogleCloudPlatform_ml-on-gcp.example_zoo.tensorflow.probability.deep_exponential_family.trainer,deep_exponential_family,,make_value_setter,9,1,0
GoogleCloudPlatform_ml-on-gcp.example_zoo.tensorflow.probability.deep_exponential_family.trainer,deep_exponential_family,,load_nips2011_papers,30,4,1
GoogleCloudPlatform_ml-on-gcp.example_zoo.tensorflow.probability.deep_exponential_family.trainer,deep_exponential_family,,main,74,8,1
GoogleCloudPlatform_ml-on-gcp.example_zoo.tensorflow.probability.generative_adversarial_network,cmle_generative_adversarial_network_test,,gcs_bucket_prefix,8,2,0
GoogleCloudPlatform_ml-on-gcp.example_zoo.tensorflow.probability.generative_adversarial_network,cmle_generative_adversarial_network_test,,test_generative_adversarial_network,13,1,2
GoogleCloudPlatform_ml-on-gcp.example_zoo.tensorflow.probability.generative_adversarial_network.trainer,generative_adversarial_network,,build_input_pipeline,7,1,2
GoogleCloudPlatform_ml-on-gcp.example_zoo.tensorflow.probability.generative_adversarial_network.trainer,generative_adversarial_network,,build_fake_data,3,1,1
GoogleCloudPlatform_ml-on-gcp.example_zoo.tensorflow.probability.generative_adversarial_network.trainer,generative_adversarial_network,,plot_generated_images,13,2,2
GoogleCloudPlatform_ml-on-gcp.example_zoo.tensorflow.probability.generative_adversarial_network.trainer,generative_adversarial_network,,main,73,5,1
GoogleCloudPlatform_ml-on-gcp.example_zoo.tensorflow.probability.generative_adversarial_network.trainer,tfgfile_wrapper,,tfgfile_wrapper,12,1,1
GoogleCloudPlatform_ml-on-gcp.example_zoo.tensorflow.probability.grammar_vae,cmle_grammar_vae_test,,gcs_bucket_prefix,8,2,0
GoogleCloudPlatform_ml-on-gcp.example_zoo.tensorflow.probability.grammar_vae,cmle_grammar_vae_test,,test_grammar_vae,13,1,2
GoogleCloudPlatform_ml-on-gcp.example_zoo.tensorflow.probability.grammar_vae.trainer,grammar_vae,SmilesGrammar,nonterminal_symbols,3,1,0
GoogleCloudPlatform_ml-on-gcp.example_zoo.tensorflow.probability.grammar_vae.trainer,grammar_vae,SmilesGrammar,alphabet,2,1,0
GoogleCloudPlatform_ml-on-gcp.example_zoo.tensorflow.probability.grammar_vae.trainer,grammar_vae,SmilesGrammar,production_rules,16,1,0
GoogleCloudPlatform_ml-on-gcp.example_zoo.tensorflow.probability.grammar_vae.trainer,grammar_vae,SmilesGrammar,start_symbol,2,1,0
GoogleCloudPlatform_ml-on-gcp.example_zoo.tensorflow.probability.grammar_vae.trainer,grammar_vae,SmilesGrammar,convert_to_string,17,4,1
GoogleCloudPlatform_ml-on-gcp.example_zoo.tensorflow.probability.grammar_vae.trainer,grammar_vae,SmilesGrammar,mask,6,1,3
GoogleCloudPlatform_ml-on-gcp.example_zoo.tensorflow.probability.grammar_vae.trainer,grammar_vae,ProbabilisticGrammar,__init__,7,1,3
GoogleCloudPlatform_ml-on-gcp.example_zoo.tensorflow.probability.grammar_vae.trainer,grammar_vae,ProbabilisticGrammar,__call__,3,1,0
GoogleCloudPlatform_ml-on-gcp.example_zoo.tensorflow.probability.grammar_vae.trainer,grammar_vae,ProbabilisticGrammar,call,25,4,1
GoogleCloudPlatform_ml-on-gcp.example_zoo.tensorflow.probability.grammar_vae.trainer,grammar_vae,ProbabilisticGrammarVariational,__init__,15,1,1
GoogleCloudPlatform_ml-on-gcp.example_zoo.tensorflow.probability.grammar_vae.trainer,grammar_vae,ProbabilisticGrammarVariational,call,7,1,1
GoogleCloudPlatform_ml-on-gcp.example_zoo.tensorflow.probability.grammar_vae.trainer,grammar_vae,,make_value_setter,9,1,0
GoogleCloudPlatform_ml-on-gcp.example_zoo.tensorflow.probability.grammar_vae.trainer,grammar_vae,,main,82,7,1
GoogleCloudPlatform_ml-on-gcp.example_zoo.tensorflow.probability.latent_dirichlet_allocation_distributions,cmle_latent_dirichlet_allocation_distributions_test,,gcs_bucket_prefix,8,2,0
GoogleCloudPlatform_ml-on-gcp.example_zoo.tensorflow.probability.latent_dirichlet_allocation_distributions,cmle_latent_dirichlet_allocation_distributions_test,,test_latent_dirichlet_allocation_distributions,13,1,2
GoogleCloudPlatform_ml-on-gcp.example_zoo.tensorflow.probability.latent_dirichlet_allocation_distributions.trainer,latent_dirichlet_allocation_distributions,,_clip_dirichlet_parameters,2,1,1
GoogleCloudPlatform_ml-on-gcp.example_zoo.tensorflow.probability.latent_dirichlet_allocation_distributions.trainer,latent_dirichlet_allocation_distributions,,make_encoder,19,1,3
GoogleCloudPlatform_ml-on-gcp.example_zoo.tensorflow.probability.latent_dirichlet_allocation_distributions.trainer,latent_dirichlet_allocation_distributions,,make_decoder,15,0,2
GoogleCloudPlatform_ml-on-gcp.example_zoo.tensorflow.probability.latent_dirichlet_allocation_distributions.trainer,latent_dirichlet_allocation_distributions,,make_prior,16,-1,2
GoogleCloudPlatform_ml-on-gcp.example_zoo.tensorflow.probability.latent_dirichlet_allocation_distributions.trainer,latent_dirichlet_allocation_distributions,,model_fn,69,-1,5
GoogleCloudPlatform_ml-on-gcp.example_zoo.tensorflow.probability.latent_dirichlet_allocation_distributions.trainer,latent_dirichlet_allocation_distributions,,get_topics_strings,11,2,5
GoogleCloudPlatform_ml-on-gcp.example_zoo.tensorflow.probability.latent_dirichlet_allocation_distributions.trainer,latent_dirichlet_allocation_distributions,,download,10,2,2
GoogleCloudPlatform_ml-on-gcp.example_zoo.tensorflow.probability.latent_dirichlet_allocation_distributions.trainer,latent_dirichlet_allocation_distributions,,newsgroups_dataset,25,0,4
GoogleCloudPlatform_ml-on-gcp.example_zoo.tensorflow.probability.latent_dirichlet_allocation_distributions.trainer,latent_dirichlet_allocation_distributions,,build_fake_input_fns,14,-1,1
GoogleCloudPlatform_ml-on-gcp.example_zoo.tensorflow.probability.latent_dirichlet_allocation_distributions.trainer,latent_dirichlet_allocation_distributions,,build_input_fns,20,0,2
GoogleCloudPlatform_ml-on-gcp.example_zoo.tensorflow.probability.latent_dirichlet_allocation_distributions.trainer,latent_dirichlet_allocation_distributions,,main,40,8,1
GoogleCloudPlatform_ml-on-gcp.example_zoo.tensorflow.probability.latent_dirichlet_allocation_edward2,cmle_latent_dirichlet_allocation_edward2_test,,gcs_bucket_prefix,8,2,0
GoogleCloudPlatform_ml-on-gcp.example_zoo.tensorflow.probability.latent_dirichlet_allocation_edward2,cmle_latent_dirichlet_allocation_edward2_test,,test_latent_dirichlet_allocation_edward2,13,1,2
GoogleCloudPlatform_ml-on-gcp.example_zoo.tensorflow.probability.latent_dirichlet_allocation_edward2.trainer,latent_dirichlet_allocation_edward2,,_clip_dirichlet_parameters,2,1,1
GoogleCloudPlatform_ml-on-gcp.example_zoo.tensorflow.probability.latent_dirichlet_allocation_edward2.trainer,latent_dirichlet_allocation_edward2,,_softplus_inverse,2,1,1
GoogleCloudPlatform_ml-on-gcp.example_zoo.tensorflow.probability.latent_dirichlet_allocation_edward2.trainer,latent_dirichlet_allocation_edward2,,latent_dirichlet_allocation,6,1,2
GoogleCloudPlatform_ml-on-gcp.example_zoo.tensorflow.probability.latent_dirichlet_allocation_edward2.trainer,latent_dirichlet_allocation_edward2,,make_lda_variational,18,1,3
GoogleCloudPlatform_ml-on-gcp.example_zoo.tensorflow.probability.latent_dirichlet_allocation_edward2.trainer,latent_dirichlet_allocation_edward2,,make_value_setter,9,1,0
GoogleCloudPlatform_ml-on-gcp.example_zoo.tensorflow.probability.latent_dirichlet_allocation_edward2.trainer,latent_dirichlet_allocation_edward2,,model_fn,82,-1,5
GoogleCloudPlatform_ml-on-gcp.example_zoo.tensorflow.probability.latent_dirichlet_allocation_edward2.trainer,latent_dirichlet_allocation_edward2,,get_topics_strings,11,2,5
GoogleCloudPlatform_ml-on-gcp.example_zoo.tensorflow.probability.latent_dirichlet_allocation_edward2.trainer,latent_dirichlet_allocation_edward2,,download,10,2,2
GoogleCloudPlatform_ml-on-gcp.example_zoo.tensorflow.probability.latent_dirichlet_allocation_edward2.trainer,latent_dirichlet_allocation_edward2,,newsgroups_dataset,25,0,4
GoogleCloudPlatform_ml-on-gcp.example_zoo.tensorflow.probability.latent_dirichlet_allocation_edward2.trainer,latent_dirichlet_allocation_edward2,,build_fake_input_fns,14,-1,1
GoogleCloudPlatform_ml-on-gcp.example_zoo.tensorflow.probability.latent_dirichlet_allocation_edward2.trainer,latent_dirichlet_allocation_edward2,,build_input_fns,20,0,2
GoogleCloudPlatform_ml-on-gcp.example_zoo.tensorflow.probability.latent_dirichlet_allocation_edward2.trainer,latent_dirichlet_allocation_edward2,,main,40,8,1
GoogleCloudPlatform_ml-on-gcp.example_zoo.tensorflow.probability.logistic_regression,cmle_logistic_regression_test,,gcs_bucket_prefix,8,2,0
GoogleCloudPlatform_ml-on-gcp.example_zoo.tensorflow.probability.logistic_regression,cmle_logistic_regression_test,,test_logistic_regression,13,1,2
GoogleCloudPlatform_ml-on-gcp.example_zoo.tensorflow.probability.logistic_regression.trainer,logistic_regression,,toy_logistic_data,11,1,3
GoogleCloudPlatform_ml-on-gcp.example_zoo.tensorflow.probability.logistic_regression.trainer,logistic_regression,,visualize_decision,26,3,5
GoogleCloudPlatform_ml-on-gcp.example_zoo.tensorflow.probability.logistic_regression.trainer,logistic_regression,,build_input_pipeline,7,1,3
GoogleCloudPlatform_ml-on-gcp.example_zoo.tensorflow.probability.logistic_regression.trainer,logistic_regression,,main,52,5,1
GoogleCloudPlatform_ml-on-gcp.example_zoo.tensorflow.probability.logistic_regression.trainer,tfgfile_wrapper,,tfgfile_wrapper,12,1,1
GoogleCloudPlatform_ml-on-gcp.example_zoo.tensorflow.probability.vae,cmle_vae_test,,gcs_bucket_prefix,8,2,0
GoogleCloudPlatform_ml-on-gcp.example_zoo.tensorflow.probability.vae,cmle_vae_test,,test_vae,13,1,2
GoogleCloudPlatform_ml-on-gcp.example_zoo.tensorflow.probability.vae.trainer,vae,,_softplus_inverse,2,1,1
GoogleCloudPlatform_ml-on-gcp.example_zoo.tensorflow.probability.vae.trainer,vae,,make_encoder,22,0,3
GoogleCloudPlatform_ml-on-gcp.example_zoo.tensorflow.probability.vae.trainer,vae,,make_decoder,27,0,4
GoogleCloudPlatform_ml-on-gcp.example_zoo.tensorflow.probability.vae.trainer,vae,,make_mixture_prior,19,1,2
GoogleCloudPlatform_ml-on-gcp.example_zoo.tensorflow.probability.vae.trainer,vae,,pack_images,14,1,3
GoogleCloudPlatform_ml-on-gcp.example_zoo.tensorflow.probability.vae.trainer,vae,,image_tile_summary,3,1,4
GoogleCloudPlatform_ml-on-gcp.example_zoo.tensorflow.probability.vae.trainer,vae,,model_fn,78,4,5
GoogleCloudPlatform_ml-on-gcp.example_zoo.tensorflow.probability.vae.trainer,vae,,download,10,2,2
GoogleCloudPlatform_ml-on-gcp.example_zoo.tensorflow.probability.vae.trainer,vae,,static_mnist_dataset,9,0,2
GoogleCloudPlatform_ml-on-gcp.example_zoo.tensorflow.probability.vae.trainer,vae,,build_fake_input_fns,11,-1,1
GoogleCloudPlatform_ml-on-gcp.example_zoo.tensorflow.probability.vae.trainer,vae,,build_input_fns,10,-1,2
GoogleCloudPlatform_ml-on-gcp.example_zoo.tensorflow.probability.vae.trainer,vae,,main,26,5,1
GoogleCloudPlatform_ml-on-gcp.example_zoo.tensorflow.probability.vq_vae,cmle_vq_vae_test,,gcs_bucket_prefix,8,2,0
GoogleCloudPlatform_ml-on-gcp.example_zoo.tensorflow.probability.vq_vae,cmle_vq_vae_test,,test_vq_vae,13,1,2
GoogleCloudPlatform_ml-on-gcp.example_zoo.tensorflow.probability.vq_vae.trainer,tfgfile_wrapper,,tfgfile_wrapper,12,1,1
GoogleCloudPlatform_ml-on-gcp.example_zoo.tensorflow.probability.vq_vae.trainer,vq_vae,VectorQuantizer,__init__,17,1,2
GoogleCloudPlatform_ml-on-gcp.example_zoo.tensorflow.probability.vq_vae.trainer,vq_vae,VectorQuantizer,__call__,13,1,1
GoogleCloudPlatform_ml-on-gcp.example_zoo.tensorflow.probability.vq_vae.trainer,vq_vae,,make_encoder,29,0,4
GoogleCloudPlatform_ml-on-gcp.example_zoo.tensorflow.probability.vq_vae.trainer,vq_vae,,make_decoder,32,0,4
GoogleCloudPlatform_ml-on-gcp.example_zoo.tensorflow.probability.vq_vae.trainer,vq_vae,,add_ema_control_dependencies,22,1,5
GoogleCloudPlatform_ml-on-gcp.example_zoo.tensorflow.probability.vq_vae.trainer,vq_vae,,save_imgs,13,2,2
GoogleCloudPlatform_ml-on-gcp.example_zoo.tensorflow.probability.vq_vae.trainer,vq_vae,,visualize_training,11,2,6
GoogleCloudPlatform_ml-on-gcp.example_zoo.tensorflow.probability.vq_vae.trainer,vq_vae,,build_fake_data,18,1,1
GoogleCloudPlatform_ml-on-gcp.example_zoo.tensorflow.probability.vq_vae.trainer,vq_vae,,download,10,2,2
GoogleCloudPlatform_ml-on-gcp.example_zoo.tensorflow.probability.vq_vae.trainer,vq_vae,,load_bernoulli_mnist_dataset,9,0,2
GoogleCloudPlatform_ml-on-gcp.example_zoo.tensorflow.probability.vq_vae.trainer,vq_vae,,build_input_pipeline,29,5,4
GoogleCloudPlatform_ml-on-gcp.example_zoo.tensorflow.probability.vq_vae.trainer,vq_vae,,main,126,6,1
GoogleCloudPlatform_ml-on-gcp.example_zoo.tools,cmle_package,Pipe,__init__,4,1,3
GoogleCloudPlatform_ml-on-gcp.example_zoo.tools,cmle_package,Pipe,_handle_dir,6,1,0
GoogleCloudPlatform_ml-on-gcp.example_zoo.tools,cmle_package,Pipe,_handle_file,11,3,0
GoogleCloudPlatform_ml-on-gcp.example_zoo.tools,cmle_package,Pipe,run,7,4,0
GoogleCloudPlatform_ml-on-gcp.example_zoo.tools,cmle_package,CMLEPackage,__init__,26,3,2
GoogleCloudPlatform_ml-on-gcp.example_zoo.tools,cmle_package,CMLEPackage,format,2,1,1
GoogleCloudPlatform_ml-on-gcp.example_zoo.tools,cmle_package,CMLEPackage,add_tfgfile_wrapper,14,6,1
GoogleCloudPlatform_ml-on-gcp.example_zoo.tools,cmle_package,CMLEPackage,add_job_dir_flag,15,4,1
GoogleCloudPlatform_ml-on-gcp.example_zoo.tools,cmle_package,CMLEPackage,make_replace_transformation,4,0,2
GoogleCloudPlatform_ml-on-gcp.example_zoo.tools,cmle_package,CMLEPackage,build_pipes,56,7,0
GoogleCloudPlatform_ml-on-gcp.example_zoo.tools,cmle_package,CMLEPackage,name,2,1,0
GoogleCloudPlatform_ml-on-gcp.example_zoo.tools,cmle_package,CMLEPackage,test_name,2,1,0
GoogleCloudPlatform_ml-on-gcp.example_zoo.tools,cmle_package,CMLEPackage,output_script_path,2,2,0
GoogleCloudPlatform_ml-on-gcp.example_zoo.tools,cmle_package,CMLEPackage,output_package_path,2,1,0
GoogleCloudPlatform_ml-on-gcp.example_zoo.tools,cmle_package,CMLEPackage,package_path,5,1,0
GoogleCloudPlatform_ml-on-gcp.example_zoo.tools,cmle_package,CMLEPackage,module_parent,2,1,0
GoogleCloudPlatform_ml-on-gcp.example_zoo.tools,cmle_package,CMLEPackage,module_name,2,1,0
GoogleCloudPlatform_ml-on-gcp.example_zoo.tools,cmle_package,CMLEPackage,output_dir,2,1,0
GoogleCloudPlatform_ml-on-gcp.example_zoo.tools,cmle_package,CMLEPackage,web_url,8,1,0
GoogleCloudPlatform_ml-on-gcp.example_zoo.tools,cmle_package,CMLEPackage,full_path,2,1,0
GoogleCloudPlatform_ml-on-gcp.example_zoo.tools,cmle_package,CMLEPackage,tfgfile_wrapper_import,2,1,0
GoogleCloudPlatform_ml-on-gcp.example_zoo.tools,cmle_package,CMLEPackage,format_dict,16,1,0
GoogleCloudPlatform_ml-on-gcp.example_zoo.tools,cmle_package,CMLEPackage,generate,14,6,0
GoogleCloudPlatform_ml-on-gcp.example_zoo.tools,process,,temp_clone,9,1,2
GoogleCloudPlatform_ml-on-gcp.example_zoo.tools,process,,main,33,5,1
GoogleCloudPlatform_ml-on-gcp.example_zoo.tools,source_finder,SourceFinder,__init__,6,1,2
GoogleCloudPlatform_ml-on-gcp.example_zoo.tools,source_finder,SourceFinder,process,23,6,0
GoogleCloudPlatform_ml-on-gcp.example_zoo.tools,source_finder,SourceFinder,process_script,23,6,1
GoogleCloudPlatform_ml-on-gcp.example_zoo.tools,source_finder,SourceFinder,module_name_to_path,3,1,1
GoogleCloudPlatform_ml-on-gcp.example_zoo.tools,source_finder,SourceFinder,path_to_relative_path,2,1,1
GoogleCloudPlatform_ml-on-gcp.example_zoo.tools.templates,tfgfile_wrapper,,tfgfile_wrapper,12,1,1
GoogleCloudPlatform_ml-on-gcp.gce.burst-training,census-analysis,,main,82,5,4
GoogleCloudPlatform_ml-on-gcp.gce.survival-training.wrapper,train,,generate_trainer,13,0,1
GoogleCloudPlatform_ml-on-gcp.gce.survival-training.wrapper,train,,runner,49,7,5
GoogleCloudPlatform_ml-on-gcp.gce.survival-training.wrapper,train,,generate_checkpoint,8,1,3
GoogleCloudPlatform_ml-on-gcp.gce.survival-training.wrapper,train,,get_checkpoints,5,1,1
GoogleCloudPlatform_ml-on-gcp.gce.survival-training.wrapper,train,,latest_checkpoint,8,1,1
GoogleCloudPlatform_ml-on-gcp.gce.survival-training.wrapper,train,,checkpoint_index,6,1,1
GoogleCloudPlatform_ml-on-gcp.gce.survival-training.wrapper,train,,load_checkpoint,5,1,1
GoogleCloudPlatform_ml-on-gcp.gce.survival-training.wrapper,train,,save_checkpoint,7,1,3
GoogleCloudPlatform_ml-on-gcp.gce.survival-training.wrapper,train_test,TrainTest,setUp,31,2,0
GoogleCloudPlatform_ml-on-gcp.gce.survival-training.wrapper,train_test,TrainTest,tearDown,9,3,0
GoogleCloudPlatform_ml-on-gcp.gce.survival-training.wrapper,train_test,TrainTest,test_get_checkpoints,3,1,0
GoogleCloudPlatform_ml-on-gcp.gce.survival-training.wrapper,train_test,TrainTest,test_checkpoint_index,3,1,0
GoogleCloudPlatform_ml-on-gcp.gce.survival-training.wrapper,train_test,TrainTest,test_latest_checkpoint_1,8,1,0
GoogleCloudPlatform_ml-on-gcp.gce.survival-training.wrapper,train_test,TrainTest,test_latest_checkpoint_2,3,1,0
GoogleCloudPlatform_ml-on-gcp.gce.survival-training.wrapper,train_test,TrainTest,test_save_checkpoint,14,1,0
GoogleCloudPlatform_ml-on-gcp.gce.survival-training.wrapper,train_test,TrainTest,test_runner,19,1,0
GoogleCloudPlatform_ml-on-gcp.gcf.gcf-ai-platform-example,main,,_generate_payload,4,1,1
GoogleCloudPlatform_ml-on-gcp.gcf.gcf-ai-platform-example,main,,_get_model_meta,13,2,4
GoogleCloudPlatform_ml-on-gcp.gcf.gcf-ai-platform-example,main,,_get_model_prediction,11,3,5
GoogleCloudPlatform_ml-on-gcp.gcf.gcf-ai-platform-example,main,,_connect_service,5,1,0
GoogleCloudPlatform_ml-on-gcp.gcf.gcf-ai-platform-example,main,,get_demo_inference_endpoint,12,1,1
GoogleCloudPlatform_ml-on-gcp.gcf.gcf-ai-platform-example,main,,get_demo_inference_meta_endpoint,8,1,0
GoogleCloudPlatform_ml-on-gcp.third_party.rapids,sum,,create_data,3,1,5
GoogleCloudPlatform_ml-on-gcp.third_party.rapids,sum,,run,3,1,1
GoogleCloudPlatform_ml-on-gcp.third_party.rapids,sum,,get_scheduler_info,6,1,0
GoogleCloudPlatform_ml-on-gcp.third_party.rapids,sum,,main,47,6,0
GoogleCloudPlatform_ml-on-gcp.tutorials.sklearn.gae_serve,client,ModelServiceClient,__init__,3,1,2
GoogleCloudPlatform_ml-on-gcp.tutorials.sklearn.gae_serve,client,ModelServiceClient,predict,10,3,1
GoogleCloudPlatform_ml-on-gcp.tutorials.sklearn.gae_serve,main,,_load_model,7,1,0
GoogleCloudPlatform_ml-on-gcp.tutorials.sklearn.gae_serve,main,,index,2,1,0
GoogleCloudPlatform_ml-on-gcp.tutorials.sklearn.gae_serve,main,,predict,4,1,0
GoogleCloudPlatform_ml-on-gcp.tutorials.sklearn.gae_serve,main,,server_error,6,1,1
GoogleCloudPlatform_ml-on-gcp.tutorials.sklearn.hpsearch,gke_parallel,GKEParallel,__init__,29,2,7
GoogleCloudPlatform_ml-on-gcp.tutorials.sklearn.hpsearch,gke_parallel,GKEParallel,_make_job_name,2,1,1
GoogleCloudPlatform_ml-on-gcp.tutorials.sklearn.hpsearch,gke_parallel,GKEParallel,_make_job_body,23,1,3
GoogleCloudPlatform_ml-on-gcp.tutorials.sklearn.hpsearch,gke_parallel,GKEParallel,_deploy_job,4,1,3
GoogleCloudPlatform_ml-on-gcp.tutorials.sklearn.hpsearch,gke_parallel,GKEParallel,_partition_grid,11,2,2
GoogleCloudPlatform_ml-on-gcp.tutorials.sklearn.hpsearch,gke_parallel,GKEParallel,_partition_param_grid,23,3,2
GoogleCloudPlatform_ml-on-gcp.tutorials.sklearn.hpsearch,gke_parallel,GKEParallel,_handle_grid_search,14,2,2
GoogleCloudPlatform_ml-on-gcp.tutorials.sklearn.hpsearch,gke_parallel,GKEParallel,_handle_randomized_search,16,2,2
GoogleCloudPlatform_ml-on-gcp.tutorials.sklearn.hpsearch,gke_parallel,GKEParallel,_partition_space,62,5,1
GoogleCloudPlatform_ml-on-gcp.tutorials.sklearn.hpsearch,gke_parallel,GKEParallel,_partition_search_spaces,14,2,2
GoogleCloudPlatform_ml-on-gcp.tutorials.sklearn.hpsearch,gke_parallel,GKEParallel,_handle_bayes_search,14,2,2
GoogleCloudPlatform_ml-on-gcp.tutorials.sklearn.hpsearch,gke_parallel,GKEParallel,_upload_data,11,5,2
GoogleCloudPlatform_ml-on-gcp.tutorials.sklearn.hpsearch,gke_parallel,GKEParallel,fit,15,5,2
GoogleCloudPlatform_ml-on-gcp.tutorials.sklearn.hpsearch,gke_parallel,GKEParallel,persist,4,1,0
GoogleCloudPlatform_ml-on-gcp.tutorials.sklearn.hpsearch,gke_parallel,GKEParallel,done,8,3,0
GoogleCloudPlatform_ml-on-gcp.tutorials.sklearn.hpsearch,gke_parallel,GKEParallel,cancel,4,2,0
GoogleCloudPlatform_ml-on-gcp.tutorials.sklearn.hpsearch,gke_parallel,GKEParallel,cancelled,2,1,0
GoogleCloudPlatform_ml-on-gcp.tutorials.sklearn.hpsearch,gke_parallel,GKEParallel,result,14,4,1
GoogleCloudPlatform_ml-on-gcp.tutorials.sklearn.hpsearch,gke_parallel,GKEParallel,_aggregate_results,15,6,1
GoogleCloudPlatform_ml-on-gcp.tutorials.sklearn.hpsearch,gke_parallel,GKEParallel,predict,2,1,0
GoogleCloudPlatform_ml-on-gcp.tutorials.sklearn.hpsearch,gke_parallel,GKEParallel,predict_proba,2,1,0
GoogleCloudPlatform_ml-on-gcp.tutorials.sklearn.hpsearch,gke_parallel,GKEParallel,predict_log_proba,2,1,0
GoogleCloudPlatform_ml-on-gcp.tutorials.sklearn.hpsearch.helpers,cloudbuild_helper,,_make_body,19,1,3
GoogleCloudPlatform_ml-on-gcp.tutorials.sklearn.hpsearch.helpers,cloudbuild_helper,,build,7,1,4
GoogleCloudPlatform_ml-on-gcp.tutorials.sklearn.hpsearch.helpers,gcs_helper,,_make_gcs_uri,2,1,2
GoogleCloudPlatform_ml-on-gcp.tutorials.sklearn.hpsearch.helpers,gcs_helper,,_split_uri,6,1,1
GoogleCloudPlatform_ml-on-gcp.tutorials.sklearn.hpsearch.helpers,gcs_helper,,get_blob,5,1,2
GoogleCloudPlatform_ml-on-gcp.tutorials.sklearn.hpsearch.helpers,gcs_helper,,get_uri_blob,3,1,1
GoogleCloudPlatform_ml-on-gcp.tutorials.sklearn.hpsearch.helpers,gcs_helper,,archive_and_upload,10,2,4
GoogleCloudPlatform_ml-on-gcp.tutorials.sklearn.hpsearch.helpers,gcs_helper,,pickle_and_upload,9,1,3
GoogleCloudPlatform_ml-on-gcp.tutorials.sklearn.hpsearch.helpers,gcs_helper,,download_and_unpickle,5,1,2
GoogleCloudPlatform_ml-on-gcp.tutorials.sklearn.hpsearch.helpers,gcs_helper,,download_uri_and_unpickle,4,1,1
GoogleCloudPlatform_ml-on-gcp.tutorials.sklearn.hpsearch.helpers,gke_helper,,create_cluster,33,1,5
GoogleCloudPlatform_ml-on-gcp.tutorials.sklearn.hpsearch.helpers,gke_helper,,get_cluster,4,1,3
GoogleCloudPlatform_ml-on-gcp.tutorials.sklearn.hpsearch.helpers,gke_helper,,delete_cluster,4,1,3
GoogleCloudPlatform_ml-on-gcp.tutorials.sklearn.hpsearch.helpers,kubernetes_helper,,get_nodes,5,1,0
GoogleCloudPlatform_ml-on-gcp.tutorials.sklearn.hpsearch.helpers,kubernetes_helper,,create_job,5,1,2
GoogleCloudPlatform_ml-on-gcp.tutorials.sklearn.hpsearch.helpers,kubernetes_helper,,create_job_from_file,5,1,2
GoogleCloudPlatform_ml-on-gcp.tutorials.sklearn.hpsearch.helpers,kubernetes_helper,,get_pod_logs,11,2,1
GoogleCloudPlatform_ml-on-gcp.tutorials.sklearn.hpsearch.helpers,kubernetes_helper,,delete_job,6,1,2
GoogleCloudPlatform_ml-on-gcp.tutorials.sklearn.hpsearch.helpers,kubernetes_helper,,delete_pod,6,1,2
GoogleCloudPlatform_ml-on-gcp.tutorials.sklearn.hpsearch.helpers,kubernetes_helper,,delete_jobs_pods,9,4,2
GoogleCloudPlatform_ml-on-gcp.tutorials.sklearn.hpsearch.source,gcs_helper,,_make_gcs_uri,2,1,2
GoogleCloudPlatform_ml-on-gcp.tutorials.sklearn.hpsearch.source,gcs_helper,,_split_uri,6,1,1
GoogleCloudPlatform_ml-on-gcp.tutorials.sklearn.hpsearch.source,gcs_helper,,get_blob,5,1,2
GoogleCloudPlatform_ml-on-gcp.tutorials.sklearn.hpsearch.source,gcs_helper,,get_uri_blob,3,1,1
GoogleCloudPlatform_ml-on-gcp.tutorials.sklearn.hpsearch.source,gcs_helper,,archive_and_upload,10,2,4
GoogleCloudPlatform_ml-on-gcp.tutorials.sklearn.hpsearch.source,gcs_helper,,pickle_and_upload,9,1,3
GoogleCloudPlatform_ml-on-gcp.tutorials.sklearn.hpsearch.source,gcs_helper,,download_and_unpickle,5,1,2
GoogleCloudPlatform_ml-on-gcp.tutorials.sklearn.hpsearch.source,gcs_helper,,download_uri_and_unpickle,4,1,1
GoogleCloudPlatform_ml-on-gcp.tutorials.sklearn.hpsearch.source,worker,,execute,21,4,5
GoogleCloudPlatform_ml-on-gcp.tutorials.sklearn.titanic,titanic,,train_model,29,2,2
GoogleCloudPlatform_ml-on-gcp.tutorials.tensorflow.mlflow_gcp.trainer,model,,input_fn,11,3,5
GoogleCloudPlatform_ml-on-gcp.tutorials.tensorflow.mlflow_gcp.trainer,model,,create_keras_model,17,1,2
GoogleCloudPlatform_ml-on-gcp.tutorials.tensorflow.mlflow_gcp.trainer,model_deployment,AIPlatformModel,__init__,3,1,1
GoogleCloudPlatform_ml-on-gcp.tutorials.tensorflow.mlflow_gcp.trainer,model_deployment,AIPlatformModel,model_exists,16,4,1
GoogleCloudPlatform_ml-on-gcp.tutorials.tensorflow.mlflow_gcp.trainer,model_deployment,AIPlatformModel,_list_model_versions,9,2,1
GoogleCloudPlatform_ml-on-gcp.tutorials.tensorflow.mlflow_gcp.trainer,model_deployment,AIPlatformModel,create_model,20,3,2
GoogleCloudPlatform_ml-on-gcp.tutorials.tensorflow.mlflow_gcp.trainer,model_deployment,AIPlatformModel,deploy_model,47,8,4
GoogleCloudPlatform_ml-on-gcp.tutorials.tensorflow.mlflow_gcp.trainer,model_deployment,,_create_service,3,1,0
GoogleCloudPlatform_ml-on-gcp.tutorials.tensorflow.mlflow_gcp.trainer,model_deployment,,copy_artifacts,10,1,2
GoogleCloudPlatform_ml-on-gcp.tutorials.tensorflow.mlflow_gcp.trainer,task,,get_args,87,1,0
GoogleCloudPlatform_ml-on-gcp.tutorials.tensorflow.mlflow_gcp.trainer,task,,_mlflow_log_metrics,5,2,2
GoogleCloudPlatform_ml-on-gcp.tutorials.tensorflow.mlflow_gcp.trainer,task,,train_and_evaluate,141,13,1
GoogleCloudPlatform_ml-on-gcp.tutorials.tensorflow.mlflow_gcp.trainer,utils,,_download_and_clean_file,15,5,2
GoogleCloudPlatform_ml-on-gcp.tutorials.tensorflow.mlflow_gcp.trainer,utils,,download,10,3,1
GoogleCloudPlatform_ml-on-gcp.tutorials.tensorflow.mlflow_gcp.trainer,utils,,preprocess,10,1,1
GoogleCloudPlatform_ml-on-gcp.tutorials.tensorflow.mlflow_gcp.trainer,utils,,standardize,8,3,1
GoogleCloudPlatform_ml-on-gcp.tutorials.tensorflow.mlflow_gcp.trainer,utils,,load_data,18,1,2
GoogleCloudPlatform_ml-on-gcp.tutorials.tensorflow.mlflow_gcp.trainer,utils,,get_run_id,3,1,1
