Package,Module,Class,Function,LOC,CC,PC
malllabiisc_RESIDE,base,Model,__init__,19,2,1
malllabiisc_RESIDE,base,Model,splitBags,27,5,2
malllabiisc_RESIDE,base,Model,getPdata,33,3,1
malllabiisc_RESIDE,base,Model,load_data,18,1,0
malllabiisc_RESIDE,base,Model,padData,9,2,2
malllabiisc_RESIDE,base,Model,getOneHot,9,4,3
malllabiisc_RESIDE,base,Model,add_placeholders,4,1,0
malllabiisc_RESIDE,base,Model,create_feed_dict,4,1,2
malllabiisc_RESIDE,base,Model,add_model,4,1,1
malllabiisc_RESIDE,base,Model,add_loss,7,2,1
malllabiisc_RESIDE,base,Model,add_optimizer,10,3,1
malllabiisc_RESIDE,base,Model,predict,23,3,5
malllabiisc_RESIDE,base,Model,run_epoch,20,3,4
malllabiisc_RESIDE,base,Model,calc_prec_recall_f1,16,6,3
malllabiisc_RESIDE,base,Model,getPscore,15,1,3
malllabiisc_RESIDE,base,Model,fit,56,5,1
malllabiisc_RESIDE,bgwa,BGWA,getBatches,23,4,2
malllabiisc_RESIDE,bgwa,BGWA,add_placeholders,15,1,0
malllabiisc_RESIDE,bgwa,BGWA,pad_dynamic,12,2,3
malllabiisc_RESIDE,bgwa,BGWA,create_feed_dict,23,3,3
malllabiisc_RESIDE,bgwa,BGWA,add_model,71,0,0
malllabiisc_RESIDE,bgwa,BGWA,__init__,4,1,1
malllabiisc_RESIDE,cnnatt,PCNNATT,getBatches,39,7,2
malllabiisc_RESIDE,cnnatt,PCNNATT,add_placeholders,14,1,0
malllabiisc_RESIDE,cnnatt,PCNNATT,pad_dynamic,12,2,3
malllabiisc_RESIDE,cnnatt,PCNNATT,create_feed_dict,20,3,3
malllabiisc_RESIDE,cnnatt,PCNNATT,get_adj,15,5,4
malllabiisc_RESIDE,cnnatt,PCNNATT,add_model,57,1,0
malllabiisc_RESIDE,cnnatt,PCNNATT,__init__,4,1,1
malllabiisc_RESIDE,helper,,getEmbeddings,11,3,3
malllabiisc_RESIDE,helper,,getPhr2vec,15,5,3
malllabiisc_RESIDE,helper,,set_gpu,5,1,1
malllabiisc_RESIDE,helper,,checkFile,4,1,1
malllabiisc_RESIDE,helper,,make_dir,5,2,1
malllabiisc_RESIDE,helper,,debug_nn,12,1,2
malllabiisc_RESIDE,helper,,get_logger,13,1,3
malllabiisc_RESIDE,helper,,getChunks,4,1,2
malllabiisc_RESIDE,helper,,partition,5,1,2
malllabiisc_RESIDE,helper,,mergeList,4,1,1
malllabiisc_RESIDE,pcnnatt,PCNNATT,getBatches,39,7,2
malllabiisc_RESIDE,pcnnatt,PCNNATT,add_placeholders,14,1,0
malllabiisc_RESIDE,pcnnatt,PCNNATT,pad_dynamic,12,2,3
malllabiisc_RESIDE,pcnnatt,PCNNATT,create_feed_dict,20,3,3
malllabiisc_RESIDE,pcnnatt,PCNNATT,get_adj,15,5,4
malllabiisc_RESIDE,pcnnatt,PCNNATT,add_model,65,0,0
malllabiisc_RESIDE,pcnnatt,PCNNATT,__init__,4,1,1
malllabiisc_RESIDE,plot_pr,,loadData,7,1,1
malllabiisc_RESIDE,plot_pr,,plotPR,30,3,1
malllabiisc_RESIDE,relation_alias,,get_probable_rel,8,3,1
malllabiisc_RESIDE,reside,RESIDE,getBatches,26,4,2
malllabiisc_RESIDE,reside,RESIDE,add_placeholders,22,1,0
malllabiisc_RESIDE,reside,RESIDE,pad_dynamic,25,5,6
malllabiisc_RESIDE,reside,RESIDE,create_feed_dict,34,3,3
malllabiisc_RESIDE,reside,RESIDE,get_adj,15,5,4
malllabiisc_RESIDE,reside,RESIDE,GCNLayer,93,7,11
malllabiisc_RESIDE,reside,RESIDE,add_model,102,0,0
malllabiisc_RESIDE,reside,RESIDE,__init__,4,1,1
malllabiisc_RESIDE.online,base_model,Base,padData,9,2,2
malllabiisc_RESIDE.online,base_model,Base,getOneHot,9,4,3
malllabiisc_RESIDE.online,base_model,Base,read_data,94,27,1
malllabiisc_RESIDE.online,base_model,Base,load_data,28,4,0
malllabiisc_RESIDE.online,base_model,Base,add_loss,5,2,1
malllabiisc_RESIDE.online,base_model,Base,add_optimizer,6,2,2
malllabiisc_RESIDE.online,base_model,Base,__init__,17,2,1
malllabiisc_RESIDE.online,base_model,Base,predict,31,6,6
malllabiisc_RESIDE.online,base_model,Base,run_epoch,18,3,3
malllabiisc_RESIDE.online,base_model,Base,calc_prec_recall_f1,14,6,3
malllabiisc_RESIDE.online,bgwa,BGWA,add_placeholders,13,1,0
malllabiisc_RESIDE.online,bgwa,BGWA,pad_dynamic,10,2,3
malllabiisc_RESIDE.online,bgwa,BGWA,create_feed_dict,28,6,3
malllabiisc_RESIDE.online,bgwa,BGWA,add_model,68,0,0
malllabiisc_RESIDE.online,online_reside,RESIDE,add_placeholders,22,1,0
malllabiisc_RESIDE.online,online_reside,RESIDE,pad_dynamic,23,5,6
malllabiisc_RESIDE.online,online_reside,RESIDE,create_feed_dict,30,2,3
malllabiisc_RESIDE.online,online_reside,RESIDE,get_adj,13,5,4
malllabiisc_RESIDE.online,online_reside,RESIDE,GCNLayer,93,7,11
malllabiisc_RESIDE.online,online_reside,RESIDE,add_model,103,0,0
malllabiisc_RESIDE.online,pcnn,PCNN,add_placeholders,13,1,0
malllabiisc_RESIDE.online,pcnn,PCNN,pad_dynamic,10,2,3
malllabiisc_RESIDE.online,pcnn,PCNN,create_feed_dict,28,6,3
malllabiisc_RESIDE.online,pcnn,PCNN,add_model,46,0,0
malllabiisc_RESIDE.online,server,,resideMain,7,1,0
malllabiisc_RESIDE.preproc,generate_pickle,,get_index,3,1,2
malllabiisc_RESIDE.preproc,generate_pickle,,read_file,163,44,1
malllabiisc_RESIDE.preproc,generate_pickle,,get_alias2rel,7,3,1
malllabiisc_RESIDE.preproc,generate_pickle,,get_prob_rels,10,3,1
malllabiisc_RESIDE.preproc,generate_pickle,,getIdMap,5,2,2
malllabiisc_RESIDE.preproc,generate_pickle,,getId,3,1,3
malllabiisc_RESIDE.preproc,generate_pickle,,posMap,4,1,1
malllabiisc_RESIDE.preproc,generate_pickle,,procData,21,3,2
