Package,Module,Class,Smell,Function/Method,Line no,File,Details
robertness_causalML.book,pgmpy_do,,Long statement,do,6,/Volumes/BrokeExt/NICHE/robertness_causalML/book/pgmpy_do.py,A line with 332 chars in do exceeds the maximum length of 120 characters.
robertness_causalML.book,pgmpy_do,,Long statement,do,14,/Volumes/BrokeExt/NICHE/robertness_causalML/book/pgmpy_do.py,A line with 122 chars in do exceeds the maximum length of 120 characters.
robertness_causalML.book.chapter 10,id_utilities,,Complex method,gv_draw,82 - 191,/Volumes/BrokeExt/NICHE/robertness_causalML/book/chapter 10/id_utilities.py,"Method 'gv_draw' has a cyclomatic complexity of 17, exceeding the max of 6."
robertness_causalML.book.chapter 10,id_utilities,,Long method,gv_draw,82 - 191,/Volumes/BrokeExt/NICHE/robertness_causalML/book/chapter 10/id_utilities.py,Method 'gv_draw' is too long (92 lines).
robertness_causalML.book.chapter 10,id_utilities,,Long statement,convert_graph,14,/Volumes/BrokeExt/NICHE/robertness_causalML/book/chapter 10/id_utilities.py,A line with 919 chars in convert_graph exceeds the maximum length of 120 characters.
robertness_causalML.book.chapter 10,id_utilities,,Long statement,check_identifiable,55,/Volumes/BrokeExt/NICHE/robertness_causalML/book/chapter 10/id_utilities.py,A line with 697 chars in check_identifiable exceeds the maximum length of 120 characters.
robertness_causalML.book.chapter 10,id_utilities,,Long statement,gv_draw,83,/Volumes/BrokeExt/NICHE/robertness_causalML/book/chapter 10/id_utilities.py,A line with 370 chars in gv_draw exceeds the maximum length of 120 characters.
robertness_causalML.book.chapter 9,hyp_function,,Complex method,clone,7 - 48,/Volumes/BrokeExt/NICHE/robertness_causalML/book/chapter 9/hyp_function.py,"Method 'clone' has a cyclomatic complexity of 7, exceeding the max of 6."
robertness_causalML.book.chapter 9,hyp_function,,Long statement,clone,8,/Volumes/BrokeExt/NICHE/robertness_causalML/book/chapter 9/hyp_function.py,A line with 618 chars in clone exceeds the maximum length of 120 characters.
robertness_causalML.projects.airbnb santa clara,data_cleaning,,Long parameter list,roi,18 - 28,/Volumes/BrokeExt/NICHE/robertness_causalML/projects/airbnb santa clara/data_cleaning.py,"roi has 6 parameters, exceeding the max of 5."
robertness_causalML.projects.airbnb santa clara,data_cleaning,,Long statement,,41,/Volumes/BrokeExt/NICHE/robertness_causalML/projects/airbnb santa clara/data_cleaning.py,A line with 136 chars in data_cleaning exceeds the maximum length of 120 characters.
robertness_causalML.projects.airbnb santa clara,data_cleaning,,Long statement,,77,/Volumes/BrokeExt/NICHE/robertness_causalML/projects/airbnb santa clara/data_cleaning.py,A line with 190 chars in data_cleaning exceeds the maximum length of 120 characters.
robertness_causalML.projects.airbnb santa clara,data_cleaning,,Magic number,calculate_monthly,4,/Volumes/BrokeExt/NICHE/robertness_causalML/projects/airbnb santa clara/data_cleaning.py,Magic number 12 used in calculate_monthly.
robertness_causalML.projects.airbnb santa clara,data_cleaning,,Magic number,calculate_monthly,5,/Volumes/BrokeExt/NICHE/robertness_causalML/projects/airbnb santa clara/data_cleaning.py,Magic number 12 used in calculate_monthly.
robertness_causalML.projects.airbnb santa clara,data_cleaning,,Magic number,airbnb_income,15,/Volumes/BrokeExt/NICHE/robertness_causalML/projects/airbnb santa clara/data_cleaning.py,Magic number 12 used in airbnb_income.
robertness_causalML.projects.airbnb santa clara,data_cleaning,,Magic number,roi,22,/Volumes/BrokeExt/NICHE/robertness_causalML/projects/airbnb santa clara/data_cleaning.py,Magic number 12 used in roi.
robertness_causalML.projects.airbnb santa clara,pull_addresses,,Long statement,get_address,14,/Volumes/BrokeExt/NICHE/robertness_causalML/projects/airbnb santa clara/pull_addresses.py,A line with 122 chars in get_address exceeds the maximum length of 120 characters.
robertness_causalML.projects.airbnb santa clara,pull_addresses,,Long statement,pull_addresses_0320,37,/Volumes/BrokeExt/NICHE/robertness_causalML/projects/airbnb santa clara/pull_addresses.py,A line with 193 chars in pull_addresses_0320 exceeds the maximum length of 120 characters.
robertness_causalML.projects.airbnb santa clara,pull_addresses,,Long statement,pull_addresses_0719,55,/Volumes/BrokeExt/NICHE/robertness_causalML/projects/airbnb santa clara/pull_addresses.py,A line with 192 chars in pull_addresses_0719 exceeds the maximum length of 120 characters.
robertness_causalML.projects.airbnb santa clara,pull_addresses,,Long statement,pull_addresses_0719,70,/Volumes/BrokeExt/NICHE/robertness_causalML/projects/airbnb santa clara/pull_addresses.py,A line with 202 chars in pull_addresses_0719 exceeds the maximum length of 120 characters.
robertness_causalML.projects.airbnb santa clara,pull_addresses,,Long statement,pull_addresses_0719,85,/Volumes/BrokeExt/NICHE/robertness_causalML/projects/airbnb santa clara/pull_addresses.py,A line with 131 chars in pull_addresses_0719 exceeds the maximum length of 120 characters.
robertness_causalML.projects.airbnb santa clara,pull_addresses,,Magic number,pull_addresses_0719,86,/Volumes/BrokeExt/NICHE/robertness_causalML/projects/airbnb santa clara/pull_addresses.py,Magic number 3 used in pull_addresses_0719.
robertness_causalML.projects.airbnb santa clara,pull_addresses,,Magic number,pull_addresses_0719,86,/Volumes/BrokeExt/NICHE/robertness_causalML/projects/airbnb santa clara/pull_addresses.py,Magic number 3 used in pull_addresses_0719.
robertness_causalML.projects.causal moneyball.Causal-analysis-on-football-transfer-prices.src,fifa_dataset_extractor,,Long statement,,47,/Volumes/BrokeExt/NICHE/robertness_causalML/projects/causal moneyball/Causal-analysis-on-football-transfer-prices/src/fifa_dataset_extractor.py,A line with 134 chars in fifa_dataset_extractor exceeds the maximum length of 120 characters.
robertness_causalML.projects.causal moneyball.Causal-analysis-on-football-transfer-prices.src,wikipedia_extractor,,Long Lambda Function,clean_height_data,58,/Volumes/BrokeExt/NICHE/robertness_causalML/projects/causal moneyball/Causal-analysis-on-football-transfer-prices/src/wikipedia_extractor.py,A Lambda with 82 chars in clean_height_data exceeds the maximum length of 80 characters.
robertness_causalML.projects.causal moneyball.Causal-analysis-on-football-transfer-prices.src,wikipedia_extractor,,Complex method,get_player_nationalities,94 - 119,/Volumes/BrokeExt/NICHE/robertness_causalML/projects/causal moneyball/Causal-analysis-on-football-transfer-prices/src/wikipedia_extractor.py,"Method 'get_player_nationalities' has a cyclomatic complexity of 8, exceeding the max of 6."
robertness_causalML.projects.causal moneyball.Causal-analysis-on-football-transfer-prices.src,wikipedia_extractor,,Complex method,get_player_goals,122 - 165,/Volumes/BrokeExt/NICHE/robertness_causalML/projects/causal moneyball/Causal-analysis-on-football-transfer-prices/src/wikipedia_extractor.py,"Method 'get_player_goals' has a cyclomatic complexity of 9, exceeding the max of 6."
robertness_causalML.projects.causal moneyball.Causal-analysis-on-football-transfer-prices.src,wikipedia_extractor,,Long method,get_player_goals,122 - 165,/Volumes/BrokeExt/NICHE/robertness_causalML/projects/causal moneyball/Causal-analysis-on-football-transfer-prices/src/wikipedia_extractor.py,Method 'get_player_goals' is too long (44 lines).
robertness_causalML.projects.causal moneyball.Causal-analysis-on-football-transfer-prices.src,wikipedia_extractor,,Long statement,clean_height_data,58,/Volumes/BrokeExt/NICHE/robertness_causalML/projects/causal moneyball/Causal-analysis-on-football-transfer-prices/src/wikipedia_extractor.py,A line with 124 chars in clean_height_data exceeds the maximum length of 120 characters.
robertness_causalML.projects.causal moneyball.Causal-analysis-on-football-transfer-prices.src,wikipedia_extractor,,Long statement,get_player_goals,148,/Volumes/BrokeExt/NICHE/robertness_causalML/projects/causal moneyball/Causal-analysis-on-football-transfer-prices/src/wikipedia_extractor.py,A line with 187 chars in get_player_goals exceeds the maximum length of 120 characters.
robertness_causalML.projects.causal moneyball.Causal-analysis-on-football-transfer-prices.src,wikipedia_extractor,,Magic number,get_wikipedia_page,18,/Volumes/BrokeExt/NICHE/robertness_causalML/projects/causal moneyball/Causal-analysis-on-football-transfer-prices/src/wikipedia_extractor.py,Magic number 5 used in get_wikipedia_page.
robertness_causalML.projects.causal moneyball.Causal-analysis-on-football-transfer-prices.src,wikipedia_extractor,,Magic number,clean_height_data,66,/Volumes/BrokeExt/NICHE/robertness_causalML/projects/causal moneyball/Causal-analysis-on-football-transfer-prices/src/wikipedia_extractor.py,Magic number 0.0254 used in clean_height_data.
robertness_causalML.projects.causal moneyball.Causal-analysis-on-football-transfer-prices.src,wikipedia_extractor,,Magic number,clean_height_data,65,/Volumes/BrokeExt/NICHE/robertness_causalML/projects/causal moneyball/Causal-analysis-on-football-transfer-prices/src/wikipedia_extractor.py,Magic number 12 used in clean_height_data.
robertness_causalML.projects.causal moneyball.Causal-analysis-on-football-transfer-prices.src,wikipedia_extractor,,Magic number,clean_height_data,71,/Volumes/BrokeExt/NICHE/robertness_causalML/projects/causal moneyball/Causal-analysis-on-football-transfer-prices/src/wikipedia_extractor.py,Magic number 0.01 used in clean_height_data.
robertness_causalML.projects.causal_scene_generation.causal_model.game_characters.vae_svi,train,,Complex method,train,16 - 115,/Volumes/BrokeExt/NICHE/robertness_causalML/projects/causal_scene_generation/causal_model/game_characters/vae_svi/train.py,"Method 'train' has a cyclomatic complexity of 11, exceeding the max of 6."
robertness_causalML.projects.causal_scene_generation.causal_model.game_characters.vae_svi,train,,Long method,train,16 - 115,/Volumes/BrokeExt/NICHE/robertness_causalML/projects/causal_scene_generation/causal_model/game_characters/vae_svi/train.py,Method 'train' is too long (82 lines).
robertness_causalML.projects.causal_scene_generation.causal_model.game_characters.vae_svi,train,,Long statement,train,32,/Volumes/BrokeExt/NICHE/robertness_causalML/projects/causal_scene_generation/causal_model/game_characters/vae_svi/train.py,A line with 137 chars in train exceeds the maximum length of 120 characters.
robertness_causalML.projects.causal_scene_generation.causal_model.game_characters.vae_svi.models,causal_vae,VAE,Long method,model,34 - 110,/Volumes/BrokeExt/NICHE/robertness_causalML/projects/causal_scene_generation/causal_model/game_characters/vae_svi/models/causal_vae.py,Method 'model' is too long (76 lines).
robertness_causalML.projects.causal_scene_generation.causal_model.game_characters.vae_svi.models,causal_vae,VAE,Long parameter list,model,34 - 110,/Volumes/BrokeExt/NICHE/robertness_causalML/projects/causal_scene_generation/causal_model/game_characters/vae_svi/models/causal_vae.py,"model has 8 parameters, exceeding the max of 5."
robertness_causalML.projects.causal_scene_generation.causal_model.game_characters.vae_svi.models,causal_vae,VAE,Long parameter list,guide,113 - 136,/Volumes/BrokeExt/NICHE/robertness_causalML/projects/causal_scene_generation/causal_model/game_characters/vae_svi/models/causal_vae.py,"guide has 8 parameters, exceeding the max of 5."
robertness_causalML.projects.causal_scene_generation.causal_model.game_characters.vae_svi.models,causal_vae,VAE,Long statement,model,65,/Volumes/BrokeExt/NICHE/robertness_causalML/projects/causal_scene_generation/causal_model/game_characters/vae_svi/models/causal_vae.py,A line with 122 chars in model exceeds the maximum length of 120 characters.
robertness_causalML.projects.causal_scene_generation.causal_model.game_characters.vae_svi.models,causal_vae,VAE,Long statement,model,75,/Volumes/BrokeExt/NICHE/robertness_causalML/projects/causal_scene_generation/causal_model/game_characters/vae_svi/models/causal_vae.py,A line with 156 chars in model exceeds the maximum length of 120 characters.
robertness_causalML.projects.causal_scene_generation.causal_model.game_characters.vae_svi.models,causal_vae,VAE,Long statement,model,80,/Volumes/BrokeExt/NICHE/robertness_causalML/projects/causal_scene_generation/causal_model/game_characters/vae_svi/models/causal_vae.py,A line with 122 chars in model exceeds the maximum length of 120 characters.
robertness_causalML.projects.causal_scene_generation.causal_model.game_characters.vae_svi.models,causal_vae,VAE,Long statement,model,85,/Volumes/BrokeExt/NICHE/robertness_causalML/projects/causal_scene_generation/causal_model/game_characters/vae_svi/models/causal_vae.py,A line with 196 chars in model exceeds the maximum length of 120 characters.
robertness_causalML.projects.causal_scene_generation.causal_model.game_characters.vae_svi.models,causal_vae,VAE,Long statement,model,94,/Volumes/BrokeExt/NICHE/robertness_causalML/projects/causal_scene_generation/causal_model/game_characters/vae_svi/models/causal_vae.py,A line with 121 chars in model exceeds the maximum length of 120 characters.
robertness_causalML.projects.causal_scene_generation.causal_model.game_characters.vae_svi.models,causal_vae,VAE,Long statement,guide,123,/Volumes/BrokeExt/NICHE/robertness_causalML/projects/causal_scene_generation/causal_model/game_characters/vae_svi/models/causal_vae.py,A line with 141 chars in guide exceeds the maximum length of 120 characters.
robertness_causalML.projects.causal_scene_generation.causal_model.game_characters.vae_svi.models,causal_vae,VAE,Long statement,guide,124,/Volumes/BrokeExt/NICHE/robertness_causalML/projects/causal_scene_generation/causal_model/game_characters/vae_svi/models/causal_vae.py,A line with 138 chars in guide exceeds the maximum length of 120 characters.
robertness_causalML.projects.causal_scene_generation.causal_model.game_characters.vae_svi.models,causal_vae,VAE,Long statement,guide,125,/Volumes/BrokeExt/NICHE/robertness_causalML/projects/causal_scene_generation/causal_model/game_characters/vae_svi/models/causal_vae.py,A line with 135 chars in guide exceeds the maximum length of 120 characters.
robertness_causalML.projects.causal_scene_generation.causal_model.game_characters.vae_svi.models,causal_vae,VAE,Long statement,guide,127,/Volumes/BrokeExt/NICHE/robertness_causalML/projects/causal_scene_generation/causal_model/game_characters/vae_svi/models/causal_vae.py,A line with 149 chars in guide exceeds the maximum length of 120 characters.
robertness_causalML.projects.causal_scene_generation.causal_model.game_characters.vae_svi.models,causal_vae,VAE,Long statement,guide,128,/Volumes/BrokeExt/NICHE/robertness_causalML/projects/causal_scene_generation/causal_model/game_characters/vae_svi/models/causal_vae.py,A line with 146 chars in guide exceeds the maximum length of 120 characters.
robertness_causalML.projects.causal_scene_generation.causal_model.game_characters.vae_svi.models,causal_vae,VAE,Long statement,guide,129,/Volumes/BrokeExt/NICHE/robertness_causalML/projects/causal_scene_generation/causal_model/game_characters/vae_svi/models/causal_vae.py,A line with 143 chars in guide exceeds the maximum length of 120 characters.
robertness_causalML.projects.causal_scene_generation.causal_model.game_characters.vae_svi.models,causal_vae,VAE,Long statement,inference_model,160,/Volumes/BrokeExt/NICHE/robertness_causalML/projects/causal_scene_generation/causal_model/game_characters/vae_svi/models/causal_vae.py,A line with 141 chars in inference_model exceeds the maximum length of 120 characters.
robertness_causalML.projects.causal_scene_generation.causal_model.game_characters.vae_svi.models,causal_vae,VAE,Long statement,inference_model,165,/Volumes/BrokeExt/NICHE/robertness_causalML/projects/causal_scene_generation/causal_model/game_characters/vae_svi/models/causal_vae.py,A line with 122 chars in inference_model exceeds the maximum length of 120 characters.
robertness_causalML.projects.causal_scene_generation.causal_model.game_characters.vae_svi.models,causal_vae,VAE,Long statement,inference_model,170,/Volumes/BrokeExt/NICHE/robertness_causalML/projects/causal_scene_generation/causal_model/game_characters/vae_svi/models/causal_vae.py,A line with 179 chars in inference_model exceeds the maximum length of 120 characters.
robertness_causalML.projects.causal_scene_generation.causal_model.game_characters.vae_svi.models,causal_vae,VAE,Long statement,inference_model,177,/Volumes/BrokeExt/NICHE/robertness_causalML/projects/causal_scene_generation/causal_model/game_characters/vae_svi/models/causal_vae.py,A line with 134 chars in inference_model exceeds the maximum length of 120 characters.
robertness_causalML.projects.causal_scene_generation.causal_model.game_characters.vae_svi.models,causal_vae,VAE,Magic number,__init__,15,/Volumes/BrokeExt/NICHE/robertness_causalML/projects/causal_scene_generation/causal_model/game_characters/vae_svi/models/causal_vae.py,Magic number 128 used in __init__.
robertness_causalML.projects.causal_scene_generation.causal_model.game_characters.vae_svi.models,causal_vae,VAE,Magic number,__init__,15,/Volumes/BrokeExt/NICHE/robertness_causalML/projects/causal_scene_generation/causal_model/game_characters/vae_svi/models/causal_vae.py,Magic number 1024 used in __init__.
robertness_causalML.projects.causal_scene_generation.causal_model.game_characters.vae_svi.models,causal_vae,VAE,Magic number,__init__,15,/Volumes/BrokeExt/NICHE/robertness_causalML/projects/causal_scene_generation/causal_model/game_characters/vae_svi/models/causal_vae.py,Magic number 17 used in __init__.
robertness_causalML.projects.causal_scene_generation.causal_model.game_characters.vae_svi.models,decoder,,Long statement,get_seq_decoder,8,/Volumes/BrokeExt/NICHE/robertness_causalML/projects/causal_scene_generation/causal_model/game_characters/vae_svi/models/decoder.py,A line with 636 chars in get_seq_decoder exceeds the maximum length of 120 characters.
robertness_causalML.projects.causal_scene_generation.causal_model.game_characters.vae_svi.models,decoder,,Magic number,get_seq_decoder,7,/Volumes/BrokeExt/NICHE/robertness_causalML/projects/causal_scene_generation/causal_model/game_characters/vae_svi/models/decoder.py,Magic number 1024 used in get_seq_decoder.
robertness_causalML.projects.causal_scene_generation.causal_model.game_characters.vae_svi.models,decoder,,Magic number,get_seq_decoder,7,/Volumes/BrokeExt/NICHE/robertness_causalML/projects/causal_scene_generation/causal_model/game_characters/vae_svi/models/decoder.py,Magic number 3 used in get_seq_decoder.
robertness_causalML.projects.causal_scene_generation.causal_model.game_characters.vae_svi.models,decoder,Decoder,Magic number,__init__,32,/Volumes/BrokeExt/NICHE/robertness_causalML/projects/causal_scene_generation/causal_model/game_characters/vae_svi/models/decoder.py,Magic number 17 used in __init__.
robertness_causalML.projects.causal_scene_generation.causal_model.game_characters.vae_svi.models,encoder,,Long statement,get_cnn_encoder,7,/Volumes/BrokeExt/NICHE/robertness_causalML/projects/causal_scene_generation/causal_model/game_characters/vae_svi/models/encoder.py,A line with 653 chars in get_cnn_encoder exceeds the maximum length of 120 characters.
robertness_causalML.projects.causal_scene_generation.causal_model.game_characters.vae_svi.models,encoder,Encoder,Long statement,forward,46,/Volumes/BrokeExt/NICHE/robertness_causalML/projects/causal_scene_generation/causal_model/game_characters/vae_svi/models/encoder.py,A line with 169 chars in forward exceeds the maximum length of 120 characters.
robertness_causalML.projects.causal_scene_generation.causal_model.game_characters.vae_svi.models,encoder,,Magic number,get_cnn_encoder,6,/Volumes/BrokeExt/NICHE/robertness_causalML/projects/causal_scene_generation/causal_model/game_characters/vae_svi/models/encoder.py,Magic number 3 used in get_cnn_encoder.
robertness_causalML.projects.causal_scene_generation.causal_model.game_characters.vae_svi.models,encoder,Encoder,Magic number,__init__,36,/Volumes/BrokeExt/NICHE/robertness_causalML/projects/causal_scene_generation/causal_model/game_characters/vae_svi/models/encoder.py,Magic number 1024 used in __init__.
robertness_causalML.projects.causal_scene_generation.causal_model.game_characters.vae_svi.models,encoder,Encoder,Magic number,__init__,36,/Volumes/BrokeExt/NICHE/robertness_causalML/projects/causal_scene_generation/causal_model/game_characters/vae_svi/models/encoder.py,Magic number 17 used in __init__.
robertness_causalML.projects.causal_scene_generation.causal_model.game_characters.vae_svi.utils,game_character_dataloader,GameCharacterFullData,Long statement,__getitem__,60,/Volumes/BrokeExt/NICHE/robertness_causalML/projects/causal_scene_generation/causal_model/game_characters/vae_svi/utils/game_character_dataloader.py,A line with 128 chars in __getitem__ exceeds the maximum length of 120 characters.
robertness_causalML.projects.causal_scene_generation.causal_model.game_characters.vae_svi.utils,game_character_dataloader,GameCharacterFullData,Long statement,__getitem__,64,/Volumes/BrokeExt/NICHE/robertness_causalML/projects/causal_scene_generation/causal_model/game_characters/vae_svi/utils/game_character_dataloader.py,A line with 128 chars in __getitem__ exceeds the maximum length of 120 characters.
robertness_causalML.projects.causal_scene_generation.causal_model.game_characters.vae_svi.utils,game_character_dataloader,GameCharacterFullData,Long statement,__getitem__,65,/Volumes/BrokeExt/NICHE/robertness_causalML/projects/causal_scene_generation/causal_model/game_characters/vae_svi/utils/game_character_dataloader.py,A line with 156 chars in __getitem__ exceeds the maximum length of 120 characters.
robertness_causalML.projects.causal_scene_generation.causal_model.game_characters.vae_svi.utils,game_character_dataloader,GameCharacterFullData,Long statement,__getitem__,67,/Volumes/BrokeExt/NICHE/robertness_causalML/projects/causal_scene_generation/causal_model/game_characters/vae_svi/utils/game_character_dataloader.py,A line with 393 chars in __getitem__ exceeds the maximum length of 120 characters.
robertness_causalML.projects.causal_scene_generation.causal_model.game_characters.vae_svi.utils,utils,,Long statement,return_values,18,/Volumes/BrokeExt/NICHE/robertness_causalML/projects/causal_scene_generation/causal_model/game_characters/vae_svi/utils/utils.py,A line with 324 chars in return_values exceeds the maximum length of 120 characters.
robertness_causalML.projects.causal_scene_generation.causal_model.game_characters.vae_svi.utils,utils,,Long statement,return_cpts,31,/Volumes/BrokeExt/NICHE/robertness_causalML/projects/causal_scene_generation/causal_model/game_characters/vae_svi/utils/utils.py,A line with 1257 chars in return_cpts exceeds the maximum length of 120 characters.
robertness_causalML.projects.causal_scene_generation.causal_model.game_characters.vae_svi.utils,utils,,Long statement,return_inverse_cpts,51,/Volumes/BrokeExt/NICHE/robertness_causalML/projects/causal_scene_generation/causal_model/game_characters/vae_svi/utils/utils.py,A line with 3001 chars in return_inverse_cpts exceeds the maximum length of 120 characters.
robertness_causalML.projects.causal_scene_generation.causal_model.game_characters.vae_svi.utils,utils,UnFlatten,Magic number,forward,9,/Volumes/BrokeExt/NICHE/robertness_causalML/projects/causal_scene_generation/causal_model/game_characters/vae_svi/utils/utils.py,Magic number 1024 used in forward.
robertness_causalML.projects.deconfounder latent variable models.box office deconfounder,setup,,Long statement,,5,/Volumes/BrokeExt/NICHE/robertness_causalML/projects/deconfounder latent variable models/box office deconfounder/setup.py,A line with 181 chars in setup exceeds the maximum length of 120 characters.
robertness_causalML.projects.deconfounder latent variable models.box office deconfounder.box_office,data_loader,,Long method,load_tensor_data,10 - 68,/Volumes/BrokeExt/NICHE/robertness_causalML/projects/deconfounder latent variable models/box office deconfounder/box_office/data_loader.py,Method 'load_tensor_data' is too long (41 lines).
robertness_causalML.projects.deconfounder latent variable models.box office deconfounder.box_office,data_loader,,Long statement,load_tensor_data,11,/Volumes/BrokeExt/NICHE/robertness_causalML/projects/deconfounder latent variable models/box office deconfounder/box_office/data_loader.py,A line with 205 chars in load_tensor_data exceeds the maximum length of 120 characters.
robertness_causalML.projects.deconfounder latent variable models.box office deconfounder.box_office,data_loader,,Long statement,load_tensor_data,48,/Volumes/BrokeExt/NICHE/robertness_causalML/projects/deconfounder latent variable models/box office deconfounder/box_office/data_loader.py,A line with 176 chars in load_tensor_data exceeds the maximum length of 120 characters.
robertness_causalML.projects.deconfounder latent variable models.box office deconfounder.box_office,data_loader,,Magic number,load_tensor_data,30,/Volumes/BrokeExt/NICHE/robertness_causalML/projects/deconfounder latent variable models/box office deconfounder/box_office/data_loader.py,Magic number 2 used in load_tensor_data.
robertness_causalML.projects.deconfounder latent variable models.box office deconfounder.box_office,data_loader,,Magic number,load_tensor_data,39,/Volumes/BrokeExt/NICHE/robertness_causalML/projects/deconfounder latent variable models/box office deconfounder/box_office/data_loader.py,Magic number 1000000 used in load_tensor_data.
robertness_causalML.projects.deconfounder latent variable models.box office deconfounder.box_office,data_loader,,Magic number,load_tensor_data,18,/Volumes/BrokeExt/NICHE/robertness_causalML/projects/deconfounder latent variable models/box office deconfounder/box_office/data_loader.py,Magic number 2 used in load_tensor_data.
robertness_causalML.projects.deconfounder latent variable models.box office deconfounder.box_office,data_loader,,Magic number,load_tensor_data,34,/Volumes/BrokeExt/NICHE/robertness_causalML/projects/deconfounder latent variable models/box office deconfounder/box_office/data_loader.py,Magic number 20 used in load_tensor_data.
robertness_causalML.projects.reinforcement learning.causal_reinforcement_learning.src,agent_models,,Empty catch block,get_agent_model,19,/Volumes/BrokeExt/NICHE/robertness_causalML/projects/reinforcement learning/causal_reinforcement_learning/src/agent_models.py,Empty catch block found in get_agent_model.
robertness_causalML.projects.reinforcement learning.causal_reinforcement_learning.src,agent_models,,Long statement,circle,32,/Volumes/BrokeExt/NICHE/robertness_causalML/projects/reinforcement learning/causal_reinforcement_learning/src/agent_models.py,A line with 423 chars in circle exceeds the maximum length of 120 characters.
robertness_causalML.projects.reinforcement learning.causal_reinforcement_learning.src,confounding_mdp,,Long method,main,81 - 126,/Volumes/BrokeExt/NICHE/robertness_causalML/projects/reinforcement learning/causal_reinforcement_learning/src/confounding_mdp.py,Method 'main' is too long (42 lines).
robertness_causalML.projects.reinforcement learning.causal_reinforcement_learning.src,confounding_mdp,,Long statement,trajectory_model,20,/Volumes/BrokeExt/NICHE/robertness_causalML/projects/reinforcement learning/causal_reinforcement_learning/src/confounding_mdp.py,A line with 382 chars in trajectory_model exceeds the maximum length of 120 characters.
robertness_causalML.projects.reinforcement learning.causal_reinforcement_learning.src,confounding_mdp,,Long statement,infer_Q,55,/Volumes/BrokeExt/NICHE/robertness_causalML/projects/reinforcement learning/causal_reinforcement_learning/src/confounding_mdp.py,A line with 324 chars in infer_Q exceeds the maximum length of 120 characters.
robertness_causalML.projects.reinforcement learning.causal_reinforcement_learning.src,confounding_mdp,,Long statement,main,101,/Volumes/BrokeExt/NICHE/robertness_causalML/projects/reinforcement learning/causal_reinforcement_learning/src/confounding_mdp.py,A line with 122 chars in main exceeds the maximum length of 120 characters.
robertness_causalML.projects.reinforcement learning.causal_reinforcement_learning.src,confounding_mdp,,Long statement,main,105,/Volumes/BrokeExt/NICHE/robertness_causalML/projects/reinforcement learning/causal_reinforcement_learning/src/confounding_mdp.py,A line with 128 chars in main exceeds the maximum length of 120 characters.
robertness_causalML.projects.reinforcement learning.causal_reinforcement_learning.src,control_as_inference,,Long identifier,policy_control_as_inference_like,89,/Volumes/BrokeExt/NICHE/robertness_causalML/projects/reinforcement learning/causal_reinforcement_learning/src/control_as_inference.py,Identifier'policy_control_as_inference_like' exceeds the maximum length of 30 characters.
robertness_causalML.projects.reinforcement learning.causal_reinforcement_learning.src,control_as_inference,,Long method,main,179 - 231,/Volumes/BrokeExt/NICHE/robertness_causalML/projects/reinforcement learning/causal_reinforcement_learning/src/control_as_inference.py,Method 'main' is too long (49 lines).
robertness_causalML.projects.reinforcement learning.causal_reinforcement_learning.src,control_as_inference,,Long statement,trajectory_model_frozenlake,21,/Volumes/BrokeExt/NICHE/robertness_causalML/projects/reinforcement learning/causal_reinforcement_learning/src/control_as_inference.py,A line with 367 chars in trajectory_model_frozenlake exceeds the maximum length of 120 characters.
robertness_causalML.projects.reinforcement learning.causal_reinforcement_learning.src,control_as_inference,,Long statement,trajectory_model_mdp,54,/Volumes/BrokeExt/NICHE/robertness_causalML/projects/reinforcement learning/causal_reinforcement_learning/src/control_as_inference.py,A line with 338 chars in trajectory_model_mdp exceeds the maximum length of 120 characters.
robertness_causalML.projects.reinforcement learning.causal_reinforcement_learning.src,control_as_inference,,Long statement,policy_control_as_inference_like,92,/Volumes/BrokeExt/NICHE/robertness_causalML/projects/reinforcement learning/causal_reinforcement_learning/src/control_as_inference.py,A line with 507 chars in policy_control_as_inference_like exceeds the maximum length of 120 characters.
robertness_causalML.projects.reinforcement learning.causal_reinforcement_learning.src,control_as_inference,,Long statement,infer_Q,120,/Volumes/BrokeExt/NICHE/robertness_causalML/projects/reinforcement learning/causal_reinforcement_learning/src/control_as_inference.py,A line with 322 chars in infer_Q exceeds the maximum length of 120 characters.
robertness_causalML.projects.reinforcement learning.causal_reinforcement_learning.src,control_as_inference,,Long statement,infer_Q,130,/Volumes/BrokeExt/NICHE/robertness_causalML/projects/reinforcement learning/causal_reinforcement_learning/src/control_as_inference.py,A line with 147 chars in infer_Q exceeds the maximum length of 120 characters.
robertness_causalML.projects.reinforcement learning.causal_reinforcement_learning.src,control_as_inference,,Long statement,softmax_like,143,/Volumes/BrokeExt/NICHE/robertness_causalML/projects/reinforcement learning/causal_reinforcement_learning/src/control_as_inference.py,A line with 230 chars in softmax_like exceeds the maximum length of 120 characters.
robertness_causalML.projects.reinforcement learning.causal_reinforcement_learning.src,control_as_inference,,Long statement,softmax_like,151,/Volumes/BrokeExt/NICHE/robertness_causalML/projects/reinforcement learning/causal_reinforcement_learning/src/control_as_inference.py,A line with 153 chars in softmax_like exceeds the maximum length of 120 characters.
robertness_causalML.projects.reinforcement learning.causal_reinforcement_learning.src,control_as_inference,,Long statement,,237,/Volumes/BrokeExt/NICHE/robertness_causalML/projects/reinforcement learning/causal_reinforcement_learning/src/control_as_inference.py,A line with 168 chars in control_as_inference exceeds the maximum length of 120 characters.
robertness_causalML.projects.reinforcement learning.causal_reinforcement_learning.src,softmax_presample_policy,,Long statement,trajectory_model,20,/Volumes/BrokeExt/NICHE/robertness_causalML/projects/reinforcement learning/causal_reinforcement_learning/src/softmax_presample_policy.py,A line with 223 chars in trajectory_model exceeds the maximum length of 120 characters.
robertness_causalML.projects.reinforcement learning.causal_reinforcement_learning.src,softmax_presample_policy,,Long statement,softmax_agent_model,49,/Volumes/BrokeExt/NICHE/robertness_causalML/projects/reinforcement learning/causal_reinforcement_learning/src/softmax_presample_policy.py,A line with 208 chars in softmax_agent_model exceeds the maximum length of 120 characters.
robertness_causalML.projects.reinforcement learning.causal_reinforcement_learning.src,softmax_recursive,,Long statement,trajectory_model_frozenlake,20,/Volumes/BrokeExt/NICHE/robertness_causalML/projects/reinforcement learning/causal_reinforcement_learning/src/softmax_recursive.py,A line with 352 chars in trajectory_model_frozenlake exceeds the maximum length of 120 characters.
robertness_causalML.projects.reinforcement learning.causal_reinforcement_learning.src,softmax_recursive,,Long statement,trajectory_model_mdp,56,/Volumes/BrokeExt/NICHE/robertness_causalML/projects/reinforcement learning/causal_reinforcement_learning/src/softmax_recursive.py,A line with 334 chars in trajectory_model_mdp exceeds the maximum length of 120 characters.
robertness_causalML.projects.reinforcement learning.causal_reinforcement_learning.src,softmax_recursive,,Long statement,softmax_agent_model,92,/Volumes/BrokeExt/NICHE/robertness_causalML/projects/reinforcement learning/causal_reinforcement_learning/src/softmax_recursive.py,A line with 296 chars in softmax_agent_model exceeds the maximum length of 120 characters.
robertness_causalML.projects.reinforcement learning.causal_reinforcement_learning.src,softmax_recursive,,Long statement,policy,114,/Volumes/BrokeExt/NICHE/robertness_causalML/projects/reinforcement learning/causal_reinforcement_learning/src/softmax_recursive.py,A line with 194 chars in policy exceeds the maximum length of 120 characters.
robertness_causalML.projects.reinforcement learning.causal_reinforcement_learning.src.envs,cmdp,,Empty catch block,make_cmdp,26,/Volumes/BrokeExt/NICHE/robertness_causalML/projects/reinforcement learning/causal_reinforcement_learning/src/envs/cmdp.py,Empty catch block found in make_cmdp.
robertness_causalML.projects.reinforcement learning.causal_reinforcement_learning.src.envs,cmdp,,Long statement,make_cmdp,9,/Volumes/BrokeExt/NICHE/robertness_causalML/projects/reinforcement learning/causal_reinforcement_learning/src/envs/cmdp.py,A line with 285 chars in make_cmdp exceeds the maximum length of 120 characters.
robertness_causalML.projects.reinforcement learning.causal_reinforcement_learning.src.envs,mdp,,Empty catch block,make_mdp,24,/Volumes/BrokeExt/NICHE/robertness_causalML/projects/reinforcement learning/causal_reinforcement_learning/src/envs/mdp.py,Empty catch block found in make_mdp.
robertness_causalML.projects.reinforcement learning.causal_reinforcement_learning.src.envs,mdp,,Long statement,make_mdp,9,/Volumes/BrokeExt/NICHE/robertness_causalML/projects/reinforcement learning/causal_reinforcement_learning/src/envs/mdp.py,A line with 279 chars in make_mdp exceeds the maximum length of 120 characters.
robertness_causalML.projects.reinforcement learning.causal_reinforcement_learning.src.envs,pomdp,,Empty catch block,make_pomdp,26,/Volumes/BrokeExt/NICHE/robertness_causalML/projects/reinforcement learning/causal_reinforcement_learning/src/envs/pomdp.py,Empty catch block found in make_pomdp.
robertness_causalML.projects.reinforcement learning.causal_reinforcement_learning.src.envs,pomdp,,Long statement,make_pomdp,9,/Volumes/BrokeExt/NICHE/robertness_causalML/projects/reinforcement learning/causal_reinforcement_learning/src/envs/pomdp.py,A line with 291 chars in make_pomdp exceeds the maximum length of 120 characters.
robertness_causalML.projects.reinforcement learning.causal_reinforcement_learning.src.envs,renders,,Long statement,get_render,11,/Volumes/BrokeExt/NICHE/robertness_causalML/projects/reinforcement learning/causal_reinforcement_learning/src/envs/renders.py,A line with 213 chars in get_render exceeds the maximum length of 120 characters.
robertness_causalML.projects.reinforcement learning.causal_reinforcement_learning.src.envs,renders,,Magic number,render_gridworld,43,/Volumes/BrokeExt/NICHE/robertness_causalML/projects/reinforcement learning/causal_reinforcement_learning/src/envs/renders.py,Magic number 5 used in render_gridworld.
robertness_causalML.projects.reinforcement learning.causal_reinforcement_learning.src.envs,renders,,Magic number,render_gridworld,44,/Volumes/BrokeExt/NICHE/robertness_causalML/projects/reinforcement learning/causal_reinforcement_learning/src/envs/renders.py,Magic number 4 used in render_gridworld.
robertness_causalML.projects.reinforcement learning.causal_reinforcement_learning.src.envs,renders,,Magic number,render_gridworld,45,/Volumes/BrokeExt/NICHE/robertness_causalML/projects/reinforcement learning/causal_reinforcement_learning/src/envs/renders.py,Magic number 4 used in render_gridworld.
robertness_causalML.projects.reinforcement learning.causal_reinforcement_learning.src.envs,renders,,Magic number,render_gridworld,47,/Volumes/BrokeExt/NICHE/robertness_causalML/projects/reinforcement learning/causal_reinforcement_learning/src/envs/renders.py,Magic number 4 used in render_gridworld.
robertness_causalML.projects.reinforcement learning.causal_reinforcement_learning.src.envs,renders,,Magic number,render_gridworld,48,/Volumes/BrokeExt/NICHE/robertness_causalML/projects/reinforcement learning/causal_reinforcement_learning/src/envs/renders.py,Magic number 4 used in render_gridworld.
robertness_causalML.projects.reinforcement learning.covid19_confounder,utils,,Long identifier,sample_trajectories_by_batch_size,271,/Volumes/BrokeExt/NICHE/robertness_causalML/projects/reinforcement learning/covid19_confounder/utils.py,Identifier'sample_trajectories_by_batch_size' exceeds the maximum length of 30 characters.
robertness_causalML.projects.reinforcement learning.covid19_confounder,utils,,Long method,plot_sample_trajectory,365 - 416,/Volumes/BrokeExt/NICHE/robertness_causalML/projects/reinforcement learning/covid19_confounder/utils.py,Method 'plot_sample_trajectory' is too long (44 lines).
robertness_causalML.projects.reinforcement learning.covid19_confounder,utils,,Long statement,run_training_loop,195,/Volumes/BrokeExt/NICHE/robertness_causalML/projects/reinforcement learning/covid19_confounder/utils.py,A line with 371 chars in run_training_loop exceeds the maximum length of 120 characters.
robertness_causalML.projects.reinforcement learning.covid19_confounder,utils,,Long statement,sample_n_trajectories,248,/Volumes/BrokeExt/NICHE/robertness_causalML/projects/reinforcement learning/covid19_confounder/utils.py,A line with 478 chars in sample_n_trajectories exceeds the maximum length of 120 characters.
robertness_causalML.projects.reinforcement learning.covid19_confounder,utils,,Long statement,sample_trajectories_by_batch_size,274,/Volumes/BrokeExt/NICHE/robertness_causalML/projects/reinforcement learning/covid19_confounder/utils.py,A line with 554 chars in sample_trajectories_by_batch_size exceeds the maximum length of 120 characters.
robertness_causalML.projects.reinforcement learning.covid19_confounder,utils,,Long statement,sample_trajectory,300,/Volumes/BrokeExt/NICHE/robertness_causalML/projects/reinforcement learning/covid19_confounder/utils.py,A line with 407 chars in sample_trajectory exceeds the maximum length of 120 characters.
robertness_causalML.projects.reinforcement learning.covid19_confounder,utils,,Long statement,wrap_trajectory,343,/Volumes/BrokeExt/NICHE/robertness_causalML/projects/reinforcement learning/covid19_confounder/utils.py,A line with 254 chars in wrap_trajectory exceeds the maximum length of 120 characters.
robertness_causalML.projects.reinforcement learning.covid19_confounder,utils,,Long statement,plot_sample_trajectory,366,/Volumes/BrokeExt/NICHE/robertness_causalML/projects/reinforcement learning/covid19_confounder/utils.py,A line with 215 chars in plot_sample_trajectory exceeds the maximum length of 120 characters.
robertness_causalML.projects.reinforcement learning.covid19_confounder,utils,Policy,Long statement,sample_action,24,/Volumes/BrokeExt/NICHE/robertness_causalML/projects/reinforcement learning/covid19_confounder/utils.py,A line with 218 chars in sample_action exceeds the maximum length of 120 characters.
robertness_causalML.projects.reinforcement learning.covid19_confounder,utils,NNPolicy,Long statement,forward,53,/Volumes/BrokeExt/NICHE/robertness_causalML/projects/reinforcement learning/covid19_confounder/utils.py,A line with 233 chars in forward exceeds the maximum length of 120 characters.
robertness_causalML.projects.reinforcement learning.covid19_confounder,utils,NNPolicy,Long statement,log_prob,66,/Volumes/BrokeExt/NICHE/robertness_causalML/projects/reinforcement learning/covid19_confounder/utils.py,A line with 366 chars in log_prob exceeds the maximum length of 120 characters.
robertness_causalML.projects.reinforcement learning.covid19_confounder,utils,NNPolicy,Long statement,sample_action,86,/Volumes/BrokeExt/NICHE/robertness_causalML/projects/reinforcement learning/covid19_confounder/utils.py,A line with 222 chars in sample_action exceeds the maximum length of 120 characters.
robertness_causalML.projects.reinforcement learning.covid19_confounder,utils,PolicyGradientAgent,Long statement,train,121,/Volumes/BrokeExt/NICHE/robertness_causalML/projects/reinforcement learning/covid19_confounder/utils.py,A line with 384 chars in train exceeds the maximum length of 120 characters.
robertness_causalML.projects.reinforcement learning.covid19_confounder,utils,PolicyGradientAgent,Long statement,train,148,/Volumes/BrokeExt/NICHE/robertness_causalML/projects/reinforcement learning/covid19_confounder/utils.py,A line with 165 chars in train exceeds the maximum length of 120 characters.
robertness_causalML.projects.reinforcement learning.covid19_confounder,utils,PolicyGradientAgent,Long statement,_reward_to_go,164,/Volumes/BrokeExt/NICHE/robertness_causalML/projects/reinforcement learning/covid19_confounder/utils.py,A line with 339 chars in _reward_to_go exceeds the maximum length of 120 characters.
robertness_causalML.projects.reinforcement learning.covid19_confounder,utils,,Magic number,run_training_loop,192,/Volumes/BrokeExt/NICHE/robertness_causalML/projects/reinforcement learning/covid19_confounder/utils.py,Magic number 200 used in run_training_loop.
robertness_causalML.projects.reinforcement learning.covid19_confounder,utils,,Magic number,run_training_loop,192,/Volumes/BrokeExt/NICHE/robertness_causalML/projects/reinforcement learning/covid19_confounder/utils.py,Magic number 100 used in run_training_loop.
robertness_causalML.projects.reinforcement learning.covid19_confounder,utils,,Magic number,run_training_loop,192,/Volumes/BrokeExt/NICHE/robertness_causalML/projects/reinforcement learning/covid19_confounder/utils.py,Magic number 512 used in run_training_loop.
robertness_causalML.projects.reinforcement learning.covid19_confounder,utils,,Magic number,run_training_loop,193,/Volumes/BrokeExt/NICHE/robertness_causalML/projects/reinforcement learning/covid19_confounder/utils.py,Magic number 0.01 used in run_training_loop.
robertness_causalML.projects.reinforcement learning.covid19_confounder,utils,,Magic number,run_training_loop,212,/Volumes/BrokeExt/NICHE/robertness_causalML/projects/reinforcement learning/covid19_confounder/utils.py,Magic number 10 used in run_training_loop.
robertness_causalML.projects.reinforcement learning.covid19_confounder,utils,,Magic number,plot_sample_trajectory,391,/Volumes/BrokeExt/NICHE/robertness_causalML/projects/reinforcement learning/covid19_confounder/utils.py,Magic number 0.7 used in plot_sample_trajectory.
robertness_causalML.projects.reinforcement learning.covid19_confounder,utils,,Magic number,plot_sample_trajectory,393,/Volumes/BrokeExt/NICHE/robertness_causalML/projects/reinforcement learning/covid19_confounder/utils.py,Magic number 0.3 used in plot_sample_trajectory.
robertness_causalML.projects.reinforcement learning.covid19_confounder,utils,NNPolicy,Magic number,__init__,38,/Volumes/BrokeExt/NICHE/robertness_causalML/projects/reinforcement learning/covid19_confounder/utils.py,Magic number 8 used in __init__.
robertness_causalML.projects.reinforcement learning.covid19_confounder,utils,PolicyGradientAgent,Magic number,__init__,114,/Volumes/BrokeExt/NICHE/robertness_causalML/projects/reinforcement learning/covid19_confounder/utils.py,Magic number 0.95 used in __init__.
robertness_causalML.projects.reinforcement learning.covid19_confounder,utils,PolicyGradientAgent,Magic number,__init__,114,/Volumes/BrokeExt/NICHE/robertness_causalML/projects/reinforcement learning/covid19_confounder/utils.py,Magic number 0.001 used in __init__.
robertness_causalML.projects.reinforcement learning.covid19_confounder,utils,PolicyGradientAgent,Magic number,train,145,/Volumes/BrokeExt/NICHE/robertness_causalML/projects/reinforcement learning/covid19_confounder/utils.py,Magic number 1e-08 used in train.
robertness_causalML.projects.reinforcement learning.covid19_confounder.simulators.covid19,experiments,,Long statement,,30,/Volumes/BrokeExt/NICHE/robertness_causalML/projects/reinforcement learning/covid19_confounder/simulators/covid19/experiments.py,A line with 422 chars in experiments exceeds the maximum length of 120 characters.
robertness_causalML.projects.reinforcement learning.covid19_confounder.simulators.covid19,simulator,,Long method,dynamics,119 - 201,/Volumes/BrokeExt/NICHE/robertness_causalML/projects/reinforcement learning/covid19_confounder/simulators/covid19/simulator.py,Method 'dynamics' is too long (53 lines).
robertness_causalML.projects.reinforcement learning.covid19_confounder.simulators.covid19,simulator,,Long statement,dynamics,120,/Volumes/BrokeExt/NICHE/robertness_causalML/projects/reinforcement learning/covid19_confounder/simulators/covid19/simulator.py,A line with 558 chars in dynamics exceeds the maximum length of 120 characters.
robertness_causalML.projects.reinforcement learning.covid19_confounder.simulators.covid19,simulator,,Long statement,dynamics,171,/Volumes/BrokeExt/NICHE/robertness_causalML/projects/reinforcement learning/covid19_confounder/simulators/covid19/simulator.py,A line with 328 chars in dynamics exceeds the maximum length of 120 characters.
robertness_causalML.projects.reinforcement learning.covid19_confounder.simulators.covid19,simulator,,Long statement,dynamics,178,/Volumes/BrokeExt/NICHE/robertness_causalML/projects/reinforcement learning/covid19_confounder/simulators/covid19/simulator.py,A line with 140 chars in dynamics exceeds the maximum length of 120 characters.
robertness_causalML.projects.reinforcement learning.covid19_confounder.simulators.covid19,simulator,,Long statement,dynamics,184,/Volumes/BrokeExt/NICHE/robertness_causalML/projects/reinforcement learning/covid19_confounder/simulators/covid19/simulator.py,A line with 160 chars in dynamics exceeds the maximum length of 120 characters.
robertness_causalML.projects.reinforcement learning.covid19_confounder.simulators.covid19,simulator,,Long statement,dynamics,190,/Volumes/BrokeExt/NICHE/robertness_causalML/projects/reinforcement learning/covid19_confounder/simulators/covid19/simulator.py,A line with 151 chars in dynamics exceeds the maximum length of 120 characters.
robertness_causalML.projects.reinforcement learning.covid19_confounder.simulators.covid19,simulator,,Long statement,simulate,205,/Volumes/BrokeExt/NICHE/robertness_causalML/projects/reinforcement learning/covid19_confounder/simulators/covid19/simulator.py,A line with 925 chars in simulate exceeds the maximum length of 120 characters.
robertness_causalML.projects.reinforcement learning.covid19_confounder.simulators.covid19,simulator,,Long statement,simulate,236,/Volumes/BrokeExt/NICHE/robertness_causalML/projects/reinforcement learning/covid19_confounder/simulators/covid19/simulator.py,A line with 141 chars in simulate exceeds the maximum length of 120 characters.
robertness_causalML.projects.reinforcement learning.covid19_confounder.simulators.covid19,simulator,Intervention,Long statement,__init__,106,/Volumes/BrokeExt/NICHE/robertness_causalML/projects/reinforcement learning/covid19_confounder/simulators/covid19/simulator.py,A line with 274 chars in __init__ exceeds the maximum length of 120 characters.
robertness_causalML.projects.reinforcement learning.covid19_confounder.simulators.covid19,simulator,Intervention,Magic number,__init__,105,/Volumes/BrokeExt/NICHE/robertness_causalML/projects/reinforcement learning/covid19_confounder/simulators/covid19/simulator.py,Magic number 100 used in __init__.
robertness_causalML.projects.reinforcement learning.covid19_confounder.simulators.covid19.environments,confounded_env,,Long identifier,get_intervention,8,/Volumes/BrokeExt/NICHE/robertness_causalML/projects/reinforcement learning/covid19_confounder/simulators/covid19/environments/confounded_env.py,Identifier'action_to_social_distancing_map' exceeds the maximum length of 30 characters.
robertness_causalML.projects.reinforcement learning.covid19_confounder.simulators.covid19.environments,confounded_env,,Long statement,,59,/Volumes/BrokeExt/NICHE/robertness_causalML/projects/reinforcement learning/covid19_confounder/simulators/covid19/environments/confounded_env.py,A line with 230 chars in confounded_env exceeds the maximum length of 120 characters.
robertness_causalML.projects.reinforcement learning.covid19_confounder.simulators.covid19.environments,confounded_env,,Magic number,get_intervention,13,/Volumes/BrokeExt/NICHE/robertness_causalML/projects/reinforcement learning/covid19_confounder/simulators/covid19/environments/confounded_env.py,Magic number 2 used in get_intervention.
robertness_causalML.projects.reinforcement learning.covid19_confounder.simulators.covid19.environments,confounded_env,,Magic number,get_intervention,14,/Volumes/BrokeExt/NICHE/robertness_causalML/projects/reinforcement learning/covid19_confounder/simulators/covid19/environments/confounded_env.py,Magic number 3 used in get_intervention.
robertness_causalML.projects.reinforcement learning.covid19_confounder.simulators.covid19.environments,confounded_env,,Magic number,get_intervention,15,/Volumes/BrokeExt/NICHE/robertness_causalML/projects/reinforcement learning/covid19_confounder/simulators/covid19/environments/confounded_env.py,Magic number 4 used in get_intervention.
robertness_causalML.projects.reinforcement learning.covid19_confounder.simulators.covid19.environments,confounded_env,,Magic number,get_intervention,16,/Volumes/BrokeExt/NICHE/robertness_causalML/projects/reinforcement learning/covid19_confounder/simulators/covid19/environments/confounded_env.py,Magic number 5 used in get_intervention.
robertness_causalML.projects.reinforcement learning.covid19_confounder.simulators.covid19.environments,confounded_env,,Magic number,get_intervention,12,/Volumes/BrokeExt/NICHE/robertness_causalML/projects/reinforcement learning/covid19_confounder/simulators/covid19/environments/confounded_env.py,Magic number 0.75 used in get_intervention.
robertness_causalML.projects.reinforcement learning.covid19_confounder.simulators.covid19.environments,confounded_env,,Magic number,get_intervention,13,/Volumes/BrokeExt/NICHE/robertness_causalML/projects/reinforcement learning/covid19_confounder/simulators/covid19/environments/confounded_env.py,Magic number 0.5 used in get_intervention.
robertness_causalML.projects.reinforcement learning.covid19_confounder.simulators.covid19.environments,confounded_env,,Magic number,get_intervention,14,/Volumes/BrokeExt/NICHE/robertness_causalML/projects/reinforcement learning/covid19_confounder/simulators/covid19/environments/confounded_env.py,Magic number 0.25 used in get_intervention.
robertness_causalML.projects.reinforcement learning.covid19_confounder.simulators.covid19.environments,confounded_env,,Magic number,get_intervention,15,/Volumes/BrokeExt/NICHE/robertness_causalML/projects/reinforcement learning/covid19_confounder/simulators/covid19/environments/confounded_env.py,Magic number 0.1 used in get_intervention.
robertness_causalML.projects.reinforcement learning.covid19_confounder.simulators.covid19.environments,poor_place_env,,Long identifier,get_intervention,8,/Volumes/BrokeExt/NICHE/robertness_causalML/projects/reinforcement learning/covid19_confounder/simulators/covid19/environments/poor_place_env.py,Identifier'action_to_social_distancing_map' exceeds the maximum length of 30 characters.
robertness_causalML.projects.reinforcement learning.covid19_confounder.simulators.covid19.environments,poor_place_env,,Long statement,,59,/Volumes/BrokeExt/NICHE/robertness_causalML/projects/reinforcement learning/covid19_confounder/simulators/covid19/environments/poor_place_env.py,A line with 230 chars in poor_place_env exceeds the maximum length of 120 characters.
robertness_causalML.projects.reinforcement learning.covid19_confounder.simulators.covid19.environments,poor_place_env,,Magic number,get_intervention,19,/Volumes/BrokeExt/NICHE/robertness_causalML/projects/reinforcement learning/covid19_confounder/simulators/covid19/environments/poor_place_env.py,Magic number 0.01 used in get_intervention.
robertness_causalML.projects.reinforcement learning.covid19_confounder.simulators.covid19.environments,poor_place_env,,Magic number,get_intervention,13,/Volumes/BrokeExt/NICHE/robertness_causalML/projects/reinforcement learning/covid19_confounder/simulators/covid19/environments/poor_place_env.py,Magic number 2 used in get_intervention.
robertness_causalML.projects.reinforcement learning.covid19_confounder.simulators.covid19.environments,poor_place_env,,Magic number,get_intervention,14,/Volumes/BrokeExt/NICHE/robertness_causalML/projects/reinforcement learning/covid19_confounder/simulators/covid19/environments/poor_place_env.py,Magic number 3 used in get_intervention.
robertness_causalML.projects.reinforcement learning.covid19_confounder.simulators.covid19.environments,poor_place_env,,Magic number,get_intervention,15,/Volumes/BrokeExt/NICHE/robertness_causalML/projects/reinforcement learning/covid19_confounder/simulators/covid19/environments/poor_place_env.py,Magic number 4 used in get_intervention.
robertness_causalML.projects.reinforcement learning.covid19_confounder.simulators.covid19.environments,poor_place_env,,Magic number,get_intervention,16,/Volumes/BrokeExt/NICHE/robertness_causalML/projects/reinforcement learning/covid19_confounder/simulators/covid19/environments/poor_place_env.py,Magic number 5 used in get_intervention.
robertness_causalML.projects.reinforcement learning.covid19_confounder.simulators.covid19.environments,poor_place_env,,Magic number,get_intervention,12,/Volumes/BrokeExt/NICHE/robertness_causalML/projects/reinforcement learning/covid19_confounder/simulators/covid19/environments/poor_place_env.py,Magic number 0.75 used in get_intervention.
robertness_causalML.projects.reinforcement learning.covid19_confounder.simulators.covid19.environments,poor_place_env,,Magic number,get_intervention,13,/Volumes/BrokeExt/NICHE/robertness_causalML/projects/reinforcement learning/covid19_confounder/simulators/covid19/environments/poor_place_env.py,Magic number 0.5 used in get_intervention.
robertness_causalML.projects.reinforcement learning.covid19_confounder.simulators.covid19.environments,poor_place_env,,Magic number,get_intervention,14,/Volumes/BrokeExt/NICHE/robertness_causalML/projects/reinforcement learning/covid19_confounder/simulators/covid19/environments/poor_place_env.py,Magic number 0.25 used in get_intervention.
robertness_causalML.projects.reinforcement learning.covid19_confounder.simulators.covid19.environments,poor_place_env,,Magic number,get_intervention,15,/Volumes/BrokeExt/NICHE/robertness_causalML/projects/reinforcement learning/covid19_confounder/simulators/covid19/environments/poor_place_env.py,Magic number 0.1 used in get_intervention.
robertness_causalML.projects.reinforcement learning.covid19_confounder.simulators.covid19.environments,poor_place_env,,Magic number,get_reward,40,/Volumes/BrokeExt/NICHE/robertness_causalML/projects/reinforcement learning/covid19_confounder/simulators/covid19/environments/poor_place_env.py,Magic number 10 used in get_reward.
robertness_causalML.projects.reinforcement learning.covid19_confounder.simulators.covid19.environments,rich_place_env,,Long identifier,get_intervention,8,/Volumes/BrokeExt/NICHE/robertness_causalML/projects/reinforcement learning/covid19_confounder/simulators/covid19/environments/rich_place_env.py,Identifier'action_to_social_distancing_map' exceeds the maximum length of 30 characters.
robertness_causalML.projects.reinforcement learning.covid19_confounder.simulators.covid19.environments,rich_place_env,,Long statement,,56,/Volumes/BrokeExt/NICHE/robertness_causalML/projects/reinforcement learning/covid19_confounder/simulators/covid19/environments/rich_place_env.py,A line with 230 chars in rich_place_env exceeds the maximum length of 120 characters.
robertness_causalML.projects.reinforcement learning.covid19_confounder.simulators.covid19.environments,rich_place_env,,Magic number,get_intervention,18,/Volumes/BrokeExt/NICHE/robertness_causalML/projects/reinforcement learning/covid19_confounder/simulators/covid19/environments/rich_place_env.py,Magic number 0.01 used in get_intervention.
robertness_causalML.projects.reinforcement learning.covid19_confounder.simulators.covid19.environments,rich_place_env,,Magic number,get_intervention,13,/Volumes/BrokeExt/NICHE/robertness_causalML/projects/reinforcement learning/covid19_confounder/simulators/covid19/environments/rich_place_env.py,Magic number 2 used in get_intervention.
robertness_causalML.projects.reinforcement learning.covid19_confounder.simulators.covid19.environments,rich_place_env,,Magic number,get_intervention,14,/Volumes/BrokeExt/NICHE/robertness_causalML/projects/reinforcement learning/covid19_confounder/simulators/covid19/environments/rich_place_env.py,Magic number 3 used in get_intervention.
robertness_causalML.projects.reinforcement learning.covid19_confounder.simulators.covid19.environments,rich_place_env,,Magic number,get_intervention,15,/Volumes/BrokeExt/NICHE/robertness_causalML/projects/reinforcement learning/covid19_confounder/simulators/covid19/environments/rich_place_env.py,Magic number 4 used in get_intervention.
robertness_causalML.projects.reinforcement learning.covid19_confounder.simulators.covid19.environments,rich_place_env,,Magic number,get_intervention,16,/Volumes/BrokeExt/NICHE/robertness_causalML/projects/reinforcement learning/covid19_confounder/simulators/covid19/environments/rich_place_env.py,Magic number 5 used in get_intervention.
robertness_causalML.projects.reinforcement learning.covid19_confounder.simulators.covid19.environments,rich_place_env,,Magic number,get_intervention,12,/Volumes/BrokeExt/NICHE/robertness_causalML/projects/reinforcement learning/covid19_confounder/simulators/covid19/environments/rich_place_env.py,Magic number 0.75 used in get_intervention.
robertness_causalML.projects.reinforcement learning.covid19_confounder.simulators.covid19.environments,rich_place_env,,Magic number,get_intervention,13,/Volumes/BrokeExt/NICHE/robertness_causalML/projects/reinforcement learning/covid19_confounder/simulators/covid19/environments/rich_place_env.py,Magic number 0.5 used in get_intervention.
robertness_causalML.projects.reinforcement learning.covid19_confounder.simulators.covid19.environments,rich_place_env,,Magic number,get_intervention,14,/Volumes/BrokeExt/NICHE/robertness_causalML/projects/reinforcement learning/covid19_confounder/simulators/covid19/environments/rich_place_env.py,Magic number 0.25 used in get_intervention.
robertness_causalML.projects.reinforcement learning.covid19_confounder.simulators.covid19.environments,rich_place_env,,Magic number,get_intervention,15,/Volumes/BrokeExt/NICHE/robertness_causalML/projects/reinforcement learning/covid19_confounder/simulators/covid19/environments/rich_place_env.py,Magic number 0.1 used in get_intervention.
robertness_causalML.projects.reinforcement learning.covid19_confounder.simulators.covid19.environments,rich_place_env,,Magic number,get_reward,36,/Volumes/BrokeExt/NICHE/robertness_causalML/projects/reinforcement learning/covid19_confounder/simulators/covid19/environments/rich_place_env.py,Magic number 100000 used in get_reward.
robertness_causalML.projects.reinforcement learning.covid19_confounder.simulators.covid19.environments,starter_env,,Long identifier,get_intervention,8,/Volumes/BrokeExt/NICHE/robertness_causalML/projects/reinforcement learning/covid19_confounder/simulators/covid19/environments/starter_env.py,Identifier'action_to_social_distancing_map' exceeds the maximum length of 30 characters.
robertness_causalML.projects.reinforcement learning.covid19_confounder.simulators.covid19.environments,starter_env,,Long statement,,46,/Volumes/BrokeExt/NICHE/robertness_causalML/projects/reinforcement learning/covid19_confounder/simulators/covid19/environments/starter_env.py,A line with 230 chars in starter_env exceeds the maximum length of 120 characters.
robertness_causalML.projects.reinforcement learning.covid19_confounder.simulators.covid19.environments,starter_env,,Magic number,get_intervention,13,/Volumes/BrokeExt/NICHE/robertness_causalML/projects/reinforcement learning/covid19_confounder/simulators/covid19/environments/starter_env.py,Magic number 2 used in get_intervention.
robertness_causalML.projects.reinforcement learning.covid19_confounder.simulators.covid19.environments,starter_env,,Magic number,get_intervention,14,/Volumes/BrokeExt/NICHE/robertness_causalML/projects/reinforcement learning/covid19_confounder/simulators/covid19/environments/starter_env.py,Magic number 3 used in get_intervention.
robertness_causalML.projects.reinforcement learning.covid19_confounder.simulators.covid19.environments,starter_env,,Magic number,get_intervention,15,/Volumes/BrokeExt/NICHE/robertness_causalML/projects/reinforcement learning/covid19_confounder/simulators/covid19/environments/starter_env.py,Magic number 4 used in get_intervention.
robertness_causalML.projects.reinforcement learning.covid19_confounder.simulators.covid19.environments,starter_env,,Magic number,get_intervention,16,/Volumes/BrokeExt/NICHE/robertness_causalML/projects/reinforcement learning/covid19_confounder/simulators/covid19/environments/starter_env.py,Magic number 5 used in get_intervention.
robertness_causalML.projects.reinforcement learning.covid19_confounder.simulators.covid19.environments,starter_env,,Magic number,get_intervention,12,/Volumes/BrokeExt/NICHE/robertness_causalML/projects/reinforcement learning/covid19_confounder/simulators/covid19/environments/starter_env.py,Magic number 0.75 used in get_intervention.
robertness_causalML.projects.reinforcement learning.covid19_confounder.simulators.covid19.environments,starter_env,,Magic number,get_intervention,13,/Volumes/BrokeExt/NICHE/robertness_causalML/projects/reinforcement learning/covid19_confounder/simulators/covid19/environments/starter_env.py,Magic number 0.5 used in get_intervention.
robertness_causalML.projects.reinforcement learning.covid19_confounder.simulators.covid19.environments,starter_env,,Magic number,get_intervention,14,/Volumes/BrokeExt/NICHE/robertness_causalML/projects/reinforcement learning/covid19_confounder/simulators/covid19/environments/starter_env.py,Magic number 0.25 used in get_intervention.
robertness_causalML.projects.reinforcement learning.covid19_confounder.simulators.covid19.environments,starter_env,,Magic number,get_intervention,15,/Volumes/BrokeExt/NICHE/robertness_causalML/projects/reinforcement learning/covid19_confounder/simulators/covid19/environments/starter_env.py,Magic number 0.1 used in get_intervention.
robertness_causalML.projects.reinforcement learning.covid19_confounder.simulators.covid19.environments,starter_env,,Magic number,get_reward,31,/Volumes/BrokeExt/NICHE/robertness_causalML/projects/reinforcement learning/covid19_confounder/simulators/covid19/environments/starter_env.py,Magic number 100 used in get_reward.
robertness_causalML.projects.reinforcement learning.covid19_confounder.simulators.covid19.environments,starter_env,,Magic number,get_reward,31,/Volumes/BrokeExt/NICHE/robertness_causalML/projects/reinforcement learning/covid19_confounder/simulators/covid19/environments/starter_env.py,Magic number 100 used in get_reward.
robertness_causalML.projects.reinforcement learning.covid19_confounder.simulators.covid19.environments,starter_env,,Magic number,get_reward,31,/Volumes/BrokeExt/NICHE/robertness_causalML/projects/reinforcement learning/covid19_confounder/simulators/covid19/environments/starter_env.py,Magic number 1000 used in get_reward.
robertness_causalML.tutorials,donuts,,Long method,compare,109 - 155,/Volumes/BrokeExt/NICHE/robertness_causalML/tutorials/donuts.py,Method 'compare' is too long (44 lines).
robertness_causalML.tutorials,donuts,,Long statement,compare,132,/Volumes/BrokeExt/NICHE/robertness_causalML/tutorials/donuts.py,A line with 135 chars in compare exceeds the maximum length of 120 characters.
robertness_causalML.tutorials,donuts,,Long statement,compare,137,/Volumes/BrokeExt/NICHE/robertness_causalML/tutorials/donuts.py,A line with 136 chars in compare exceeds the maximum length of 120 characters.
robertness_causalML.tutorials,donuts,,Long statement,compare,144,/Volumes/BrokeExt/NICHE/robertness_causalML/tutorials/donuts.py,A line with 135 chars in compare exceeds the maximum length of 120 characters.
robertness_causalML.tutorials,donuts,,Long statement,compare,149,/Volumes/BrokeExt/NICHE/robertness_causalML/tutorials/donuts.py,A line with 136 chars in compare exceeds the maximum length of 120 characters.
robertness_causalML.tutorials,donuts,,Long statement,get_logprobs,175,/Volumes/BrokeExt/NICHE/robertness_causalML/tutorials/donuts.py,A line with 129 chars in get_logprobs exceeds the maximum length of 120 characters.
robertness_causalML.tutorials,donuts,,Magic number,compare,109,/Volumes/BrokeExt/NICHE/robertness_causalML/tutorials/donuts.py,Magic number 1000 used in compare.
