Package,Module,Class,Function,LOC,CC,PC
robertness_causalML.book,pgmpy_do,,do,29,1,2
robertness_causalML.book.chapter 10,id_utilities,,convert_graph,23,5,2
robertness_causalML.book.chapter 10,id_utilities,,check_identifiable,14,2,3
robertness_causalML.book.chapter 10,id_utilities,,gv_draw,92,17,2
robertness_causalML.book.chapter 9,hyp_function,,clone,34,7,2
robertness_causalML.projects.airbnb santa clara,data_cleaning,,calculate_monthly,6,1,3
robertness_causalML.projects.airbnb santa clara,data_cleaning,,airbnb_income,6,2,3
robertness_causalML.projects.airbnb santa clara,data_cleaning,,roi,8,1,6
robertness_causalML.projects.airbnb santa clara,pull_addresses,,filter_dataframe,2,1,3
robertness_causalML.projects.airbnb santa clara,pull_addresses,,get_address,6,1,2
robertness_causalML.projects.airbnb santa clara,pull_addresses,,generate_csv_data,11,2,2
robertness_causalML.projects.airbnb santa clara,pull_addresses,,pull_addresses_0320,14,1,2
robertness_causalML.projects.airbnb santa clara,pull_addresses,,pull_addresses_0719,32,1,3
robertness_causalML.projects.causal moneyball.Causal-analysis-on-football-transfer-prices.Causal Model notebooks,RWinOut,RWinOutWatcher,__init__,4,1,1
robertness_causalML.projects.causal moneyball.Causal-analysis-on-football-transfer-prices.Causal Model notebooks,RWinOut,RWinOutWatcher,post_execute,6,3,0
robertness_causalML.projects.causal moneyball.Causal-analysis-on-football-transfer-prices.Causal Model notebooks,RWinOut,RWinOutWatcher,run_cell,12,3,1
robertness_causalML.projects.causal moneyball.Causal-analysis-on-football-transfer-prices.Causal Model notebooks,RWinOut,,load_ipython_extension,7,1,1
robertness_causalML.projects.causal moneyball.Causal-analysis-on-football-transfer-prices.src,wikipedia_extractor,,get_player_names,3,1,1
robertness_causalML.projects.causal moneyball.Causal-analysis-on-football-transfer-prices.src,wikipedia_extractor,,get_wikipedia_page,18,6,1
robertness_causalML.projects.causal moneyball.Causal-analysis-on-football-transfer-prices.src,wikipedia_extractor,,extract_infobox_from_wp,10,3,2
robertness_causalML.projects.causal moneyball.Causal-analysis-on-football-transfer-prices.src,wikipedia_extractor,,read_players_infobox,4,1,1
robertness_causalML.projects.causal moneyball.Causal-analysis-on-football-transfer-prices.src,wikipedia_extractor,,clean_height_data,20,4,1
robertness_causalML.projects.causal moneyball.Causal-analysis-on-football-transfer-prices.src,wikipedia_extractor,,get_player_height,10,4,2
robertness_causalML.projects.causal moneyball.Causal-analysis-on-football-transfer-prices.src,wikipedia_extractor,,get_player_nationalities,26,8,2
robertness_causalML.projects.causal moneyball.Causal-analysis-on-football-transfer-prices.src,wikipedia_extractor,,get_player_goals,44,9,2
robertness_causalML.projects.causal_scene_generation.causal_model.game_characters.procedural_generation,game_character_scene,,get_concat_h,5,1,2
robertness_causalML.projects.causal_scene_generation.causal_model.game_characters.procedural_generation,game_character_scene,,draw_duel,13,1,2
robertness_causalML.projects.causal_scene_generation.causal_model.game_characters.vae_svi,train,,train,82,11,2
robertness_causalML.projects.causal_scene_generation.causal_model.game_characters.vae_svi.models,causal_vae,VAE,__init__,14,2,4
robertness_causalML.projects.causal_scene_generation.causal_model.game_characters.vae_svi.models,causal_vae,VAE,model,76,1,8
robertness_causalML.projects.causal_scene_generation.causal_model.game_characters.vae_svi.models,causal_vae,VAE,guide,23,1,8
robertness_causalML.projects.causal_scene_generation.causal_model.game_characters.vae_svi.models,causal_vae,VAE,inference_model,33,1,0
robertness_causalML.projects.causal_scene_generation.causal_model.game_characters.vae_svi.models,causal_vae,VAE,inference_guide,2,1,1
robertness_causalML.projects.causal_scene_generation.causal_model.game_characters.vae_svi.models,causal_vae,VAE,reconstruct_img,5,1,2
robertness_causalML.projects.causal_scene_generation.causal_model.game_characters.vae_svi.models,decoder,Decoder,__init__,5,1,3
robertness_causalML.projects.causal_scene_generation.causal_model.game_characters.vae_svi.models,decoder,Decoder,forward,5,1,2
robertness_causalML.projects.causal_scene_generation.causal_model.game_characters.vae_svi.models,decoder,,get_seq_decoder,22,1,2
robertness_causalML.projects.causal_scene_generation.causal_model.game_characters.vae_svi.models,encoder,Encoder,__init__,6,1,3
robertness_causalML.projects.causal_scene_generation.causal_model.game_characters.vae_svi.models,encoder,Encoder,forward,9,1,2
robertness_causalML.projects.causal_scene_generation.causal_model.game_characters.vae_svi.models,encoder,,get_cnn_encoder,28,1,1
robertness_causalML.projects.causal_scene_generation.causal_model.game_characters.vae_svi.utils,game_character_dataloader,GameCharacterFullData,__init__,10,1,3
robertness_causalML.projects.causal_scene_generation.causal_model.game_characters.vae_svi.utils,game_character_dataloader,GameCharacterFullData,__getitem__,28,3,1
robertness_causalML.projects.causal_scene_generation.causal_model.game_characters.vae_svi.utils,game_character_dataloader,GameCharacterFullData,__len__,5,1,0
robertness_causalML.projects.causal_scene_generation.causal_model.game_characters.vae_svi.utils,game_character_dataloader,,split_tensor,4,1,3
robertness_causalML.projects.causal_scene_generation.causal_model.game_characters.vae_svi.utils,game_character_dataloader,,setup_data_loaders,6,1,4
robertness_causalML.projects.causal_scene_generation.causal_model.game_characters.vae_svi.utils,utils,Flatten,forward,2,1,1
robertness_causalML.projects.causal_scene_generation.causal_model.game_characters.vae_svi.utils,utils,UnFlatten,forward,2,1,2
robertness_causalML.projects.causal_scene_generation.causal_model.game_characters.vae_svi.utils,utils,,convert_prob_string_to_tensor,3,1,2
robertness_causalML.projects.causal_scene_generation.causal_model.game_characters.vae_svi.utils,utils,,return_values,12,1,0
robertness_causalML.projects.causal_scene_generation.causal_model.game_characters.vae_svi.utils,utils,,return_cpts,19,1,0
robertness_causalML.projects.causal_scene_generation.causal_model.game_characters.vae_svi.utils,utils,,return_inverse_cpts,24,1,0
robertness_causalML.projects.causal_scene_generation.causal_model.game_characters.vae_svi.utils,utils,,plot_vae_samples,10,3,1
robertness_causalML.projects.deconfounder latent variable models.box office deconfounder.box_office,causal_estimates,,condCausal,13,3,3
robertness_causalML.projects.deconfounder latent variable models.box office deconfounder.box_office,causal_estimates,,doCausal,13,3,3
robertness_causalML.projects.deconfounder latent variable models.box office deconfounder.box_office,causal_estimates,,causal_effects,14,2,1
robertness_causalML.projects.deconfounder latent variable models.box office deconfounder.box_office,data_loader,,load_tensor_data,41,4,1
robertness_causalML.projects.reinforcement learning.causal_reinforcement_learning.src,agent_models,,__register,5,0,1
robertness_causalML.projects.reinforcement learning.causal_reinforcement_learning.src,agent_models,,get_agent_model,5,1,1
robertness_causalML.projects.reinforcement learning.causal_reinforcement_learning.src,agent_models,,uniform,3,1,3
robertness_causalML.projects.reinforcement learning.causal_reinforcement_learning.src,agent_models,,circle,30,1,3
robertness_causalML.projects.reinforcement learning.causal_reinforcement_learning.src,confounding_mdp,,trajectory_model,17,3,1
robertness_causalML.projects.reinforcement learning.causal_reinforcement_learning.src,confounding_mdp,,infer_Q,14,4,3
robertness_causalML.projects.reinforcement learning.causal_reinforcement_learning.src,confounding_mdp,,main,42,3,0
robertness_causalML.projects.reinforcement learning.causal_reinforcement_learning.src,control_as_inference,,trajectory_model_frozenlake,18,4,1
robertness_causalML.projects.reinforcement learning.causal_reinforcement_learning.src,control_as_inference,,trajectory_model_mdp,19,4,1
robertness_causalML.projects.reinforcement learning.causal_reinforcement_learning.src,control_as_inference,,policy_control_as_inference_like,12,2,1
robertness_causalML.projects.reinforcement learning.causal_reinforcement_learning.src,control_as_inference,,infer_Q,10,2,2
robertness_causalML.projects.reinforcement learning.causal_reinforcement_learning.src,control_as_inference,,softmax_like,26,2,1
robertness_causalML.projects.reinforcement learning.causal_reinforcement_learning.src,control_as_inference,,main,49,5,0
robertness_causalML.projects.reinforcement learning.causal_reinforcement_learning.src,softmax_presample_policy,,trajectory_model,16,3,2
robertness_causalML.projects.reinforcement learning.causal_reinforcement_learning.src,softmax_presample_policy,,softmax_agent_model,9,1,1
robertness_causalML.projects.reinforcement learning.causal_reinforcement_learning.src,softmax_presample_policy,,policy,14,2,2
robertness_causalML.projects.reinforcement learning.causal_reinforcement_learning.src,softmax_presample_policy,,main,20,3,0
robertness_causalML.projects.reinforcement learning.causal_reinforcement_learning.src,softmax_recursive,,trajectory_model_frozenlake,20,4,3
robertness_causalML.projects.reinforcement learning.causal_reinforcement_learning.src,softmax_recursive,,trajectory_model_mdp,20,4,3
robertness_causalML.projects.reinforcement learning.causal_reinforcement_learning.src,softmax_recursive,,softmax_agent_model,9,1,2
robertness_causalML.projects.reinforcement learning.causal_reinforcement_learning.src,softmax_recursive,,policy,12,2,2
robertness_causalML.projects.reinforcement learning.causal_reinforcement_learning.src,softmax_recursive,,main,37,3,0
robertness_causalML.projects.reinforcement learning.causal_reinforcement_learning.src.envs,cmdp,,make_cmdp,14,2,1
robertness_causalML.projects.reinforcement learning.causal_reinforcement_learning.src.envs,frozenlakewrapper,FrozenLakeWrapper,__init__,3,1,1
robertness_causalML.projects.reinforcement learning.causal_reinforcement_learning.src.envs,frozenlakewrapper,FrozenLakeWrapper,step,6,3,1
robertness_causalML.projects.reinforcement learning.causal_reinforcement_learning.src.envs,mdp,,make_mdp,12,2,1
robertness_causalML.projects.reinforcement learning.causal_reinforcement_learning.src.envs,pomdp,,make_pomdp,14,2,1
robertness_causalML.projects.reinforcement learning.causal_reinforcement_learning.src.envs,renders,,get_render,3,1,1
robertness_causalML.projects.reinforcement learning.causal_reinforcement_learning.src.envs,renders,,__register,5,0,1
robertness_causalML.projects.reinforcement learning.causal_reinforcement_learning.src.envs,renders,,render_gridworld,20,5,1
robertness_causalML.projects.reinforcement learning.covid19_confounder,utils,Policy,__init__,4,1,1
robertness_causalML.projects.reinforcement learning.covid19_confounder,utils,Policy,sample_action,3,1,1
robertness_causalML.projects.reinforcement learning.covid19_confounder,utils,NNPolicy,__init__,12,2,4
robertness_causalML.projects.reinforcement learning.covid19_confounder,utils,NNPolicy,forward,3,1,1
robertness_causalML.projects.reinforcement learning.covid19_confounder,utils,NNPolicy,log_prob,7,1,2
robertness_causalML.projects.reinforcement learning.covid19_confounder,utils,NNPolicy,sample_action,14,3,1
robertness_causalML.projects.reinforcement learning.covid19_confounder,utils,PolicyGradientAgent,__init__,4,1,3
robertness_causalML.projects.reinforcement learning.covid19_confounder,utils,PolicyGradientAgent,train,28,2,1
robertness_causalML.projects.reinforcement learning.covid19_confounder,utils,PolicyGradientAgent,_reward_to_go,9,2,1
robertness_causalML.projects.reinforcement learning.covid19_confounder,utils,,run_training_loop,25,3,5
robertness_causalML.projects.reinforcement learning.covid19_confounder,utils,,sample_n_trajectories,8,2,4
robertness_causalML.projects.reinforcement learning.covid19_confounder,utils,,sample_trajectories_by_batch_size,9,2,4
robertness_causalML.projects.reinforcement learning.covid19_confounder,utils,,sample_trajectory,27,5,3
robertness_causalML.projects.reinforcement learning.covid19_confounder,utils,,wrap_trajectory,8,1,5
robertness_causalML.projects.reinforcement learning.covid19_confounder,utils,,get_trajectory_len,2,1,1
robertness_causalML.projects.reinforcement learning.covid19_confounder,utils,,get_trajectory_total_reward,2,1,1
robertness_causalML.projects.reinforcement learning.covid19_confounder,utils,,plot_sample_trajectory,44,4,4
robertness_causalML.projects.reinforcement learning.covid19_confounder.simulators.covid19,experiments,,get_experiments,2,1,0
robertness_causalML.projects.reinforcement learning.covid19_confounder.simulators.covid19,experiments,,sample_initial_states,7,1,1
robertness_causalML.projects.reinforcement learning.covid19_confounder.simulators.covid19,simulator,Intervention,__init__,4,1,1
robertness_causalML.projects.reinforcement learning.covid19_confounder.simulators.covid19,simulator,,dynamics,53,3,4
robertness_causalML.projects.reinforcement learning.covid19_confounder.simulators.covid19,simulator,,simulate,16,1,4
robertness_causalML.projects.reinforcement learning.covid19_confounder.simulators.covid19.environments,confounded_env,,get_intervention,17,1,2
robertness_causalML.projects.reinforcement learning.covid19_confounder.simulators.covid19.environments,confounded_env,,get_reward,7,1,3
robertness_causalML.projects.reinforcement learning.covid19_confounder.simulators.covid19.environments,confounded_env,,observation_space,6,1,0
robertness_causalML.projects.reinforcement learning.covid19_confounder.simulators.covid19.environments,poor_place_env,,get_intervention,17,1,2
robertness_causalML.projects.reinforcement learning.covid19_confounder.simulators.covid19.environments,poor_place_env,,get_reward,7,1,3
robertness_causalML.projects.reinforcement learning.covid19_confounder.simulators.covid19.environments,poor_place_env,,observation_space,6,1,0
robertness_causalML.projects.reinforcement learning.covid19_confounder.simulators.covid19.environments,rich_place_env,,get_intervention,17,1,2
robertness_causalML.projects.reinforcement learning.covid19_confounder.simulators.covid19.environments,rich_place_env,,get_reward,7,1,3
robertness_causalML.projects.reinforcement learning.covid19_confounder.simulators.covid19.environments,rich_place_env,,observation_space,6,1,0
robertness_causalML.projects.reinforcement learning.covid19_confounder.simulators.covid19.environments,starter_env,,get_intervention,14,1,2
robertness_causalML.projects.reinforcement learning.covid19_confounder.simulators.covid19.environments,starter_env,,get_reward,4,1,3
robertness_causalML.projects.reinforcement learning.covid19_confounder.simulators.covid19.environments,starter_env,,observation_space,6,1,0
robertness_causalML.tutorials,donuts,DonutsDataset,__init__,3,1,4
robertness_causalML.tutorials,donuts,DonutsDataset,make_dataset,17,3,4
robertness_causalML.tutorials,donuts,DonutsDataset,__getitem__,2,1,1
robertness_causalML.tutorials,donuts,DonutsDataset,__len__,2,1,0
robertness_causalML.tutorials,donuts,ConditionalAffineTransform,__init__,4,1,2
robertness_causalML.tutorials,donuts,ConditionalAffineTransform,condition,5,1,1
robertness_causalML.tutorials,donuts,,plot,23,1,3
robertness_causalML.tutorials,donuts,,compare,44,2,3
robertness_causalML.tutorials,donuts,,sumall,5,1,1
robertness_causalML.tutorials,donuts,,get_logprobs,4,2,2
robertness_causalML.tutorials,donuts,,visualize,7,1,2
robertness_causalML.tutorials,donuts,,smoke_test,6,1,1
