Package,Module,Class,Smell,Function/Method,Line no,File,Details
firmai_datagene,setup,,Long statement,,6,/Volumes/BrokeExt/NICHE/firmai_datagene/setup.py,A line with 521 chars in setup exceeds the maximum length of 120 characters.
firmai_datagene.datagene,dist_utilities,,Complex method,dtw_path,333 - 358,/Volumes/BrokeExt/NICHE/firmai_datagene/datagene/dist_utilities.py,"Method 'dtw_path' has a cyclomatic complexity of 7, exceeding the max of 6."
firmai_datagene.datagene,dist_utilities,,Long method,pcm,256 - 314,/Volumes/BrokeExt/NICHE/firmai_datagene/datagene/dist_utilities.py,Method 'pcm' is too long (48 lines).
firmai_datagene.datagene,dist_utilities,,Long parameter list,mi,584 - 614,/Volumes/BrokeExt/NICHE/firmai_datagene/datagene/dist_utilities.py,"mi has 6 parameters, exceeding the max of 5."
firmai_datagene.datagene,dist_utilities,,Long parameter list,shuffle_test,894 - 910,/Volumes/BrokeExt/NICHE/firmai_datagene/datagene/dist_utilities.py,"shuffle_test has 6 parameters, exceeding the max of 5."
firmai_datagene.datagene,dist_utilities,,Long statement,curve_length_measure,218,/Volumes/BrokeExt/NICHE/firmai_datagene/datagene/dist_utilities.py,A line with 129 chars in curve_length_measure exceeds the maximum length of 120 characters.
firmai_datagene.datagene,dist_utilities,,Long statement,frechet_dist,237,/Volumes/BrokeExt/NICHE/firmai_datagene/datagene/dist_utilities.py,A line with 132 chars in frechet_dist exceeds the maximum length of 120 characters.
firmai_datagene.datagene,dist_utilities,,Long statement,nearest_distances,368,/Volumes/BrokeExt/NICHE/firmai_datagene/datagene/dist_utilities.py,A line with 159 chars in nearest_distances exceeds the maximum length of 120 characters.
firmai_datagene.datagene,dist_utilities,,Long statement,entropy_nearest,392,/Volumes/BrokeExt/NICHE/firmai_datagene/datagene/dist_utilities.py,A line with 673 chars in entropy_nearest exceeds the maximum length of 120 characters.
firmai_datagene.datagene,dist_utilities,,Long statement,entropy_nearest,414,/Volumes/BrokeExt/NICHE/firmai_datagene/datagene/dist_utilities.py,A line with 280 chars in entropy_nearest exceeds the maximum length of 120 characters.
firmai_datagene.datagene,dist_utilities,,Long statement,mutual_information,425,/Volumes/BrokeExt/NICHE/firmai_datagene/datagene/dist_utilities.py,A line with 422 chars in mutual_information exceeds the maximum length of 120 characters.
firmai_datagene.datagene,dist_utilities,,Long statement,mutual_information_2d,446,/Volumes/BrokeExt/NICHE/firmai_datagene/datagene/dist_utilities.py,A line with 384 chars in mutual_information_2d exceeds the maximum length of 120 characters.
firmai_datagene.datagene,dist_utilities,,Long statement,entropy,541,/Volumes/BrokeExt/NICHE/firmai_datagene/datagene/dist_utilities.py,A line with 217 chars in entropy exceeds the maximum length of 120 characters.
firmai_datagene.datagene,dist_utilities,,Long statement,mi,585,/Volumes/BrokeExt/NICHE/firmai_datagene/datagene/dist_utilities.py,A line with 222 chars in mi exceeds the maximum length of 120 characters.
firmai_datagene.datagene,dist_utilities,,Long statement,kldiv,625,/Volumes/BrokeExt/NICHE/firmai_datagene/datagene/dist_utilities.py,A line with 207 chars in kldiv exceeds the maximum length of 120 characters.
firmai_datagene.datagene,dist_utilities,,Long statement,jaccard,701,/Volumes/BrokeExt/NICHE/firmai_datagene/datagene/dist_utilities.py,A line with 138 chars in jaccard exceeds the maximum length of 120 characters.
firmai_datagene.datagene,dist_utilities,,Long statement,micd,825,/Volumes/BrokeExt/NICHE/firmai_datagene/datagene/dist_utilities.py,A line with 133 chars in micd exceeds the maximum length of 120 characters.
firmai_datagene.datagene,dist_utilities,,Long statement,shuffle_test,895,/Volumes/BrokeExt/NICHE/firmai_datagene/datagene/dist_utilities.py,A line with 322 chars in shuffle_test exceeds the maximum length of 120 characters.
firmai_datagene.datagene,dist_utilities,,Long statement,jensen_shannon_divergence,928,/Volumes/BrokeExt/NICHE/firmai_datagene/datagene/dist_utilities.py,A line with 468 chars in jensen_shannon_divergence exceeds the maximum length of 120 characters.
firmai_datagene.datagene,dist_utilities,,Long statement,ks_statistic,955,/Volumes/BrokeExt/NICHE/firmai_datagene/datagene/dist_utilities.py,A line with 406 chars in ks_statistic exceeds the maximum length of 120 characters.
firmai_datagene.datagene,dist_utilities,,Long statement,ks_statistic_vec,973,/Volumes/BrokeExt/NICHE/firmai_datagene/datagene/dist_utilities.py,A line with 406 chars in ks_statistic_vec exceeds the maximum length of 120 characters.
firmai_datagene.datagene,dist_utilities,,Long statement,ks_statistic_kde,991,/Volumes/BrokeExt/NICHE/firmai_datagene/datagene/dist_utilities.py,A line with 499 chars in ks_statistic_kde exceeds the maximum length of 120 characters.
firmai_datagene.datagene,dist_utilities,,Long statement,js_metric,1007,/Volumes/BrokeExt/NICHE/firmai_datagene/datagene/dist_utilities.py,A line with 699 chars in js_metric exceeds the maximum length of 120 characters.
firmai_datagene.datagene,dist_utilities,,Long statement,kl_divergence,1024,/Volumes/BrokeExt/NICHE/firmai_datagene/datagene/dist_utilities.py,A line with 642 chars in kl_divergence exceeds the maximum length of 120 characters.
firmai_datagene.datagene,dist_utilities,,Long statement,_kl_divergence,1080,/Volumes/BrokeExt/NICHE/firmai_datagene/datagene/dist_utilities.py,A line with 180 chars in _kl_divergence exceeds the maximum length of 120 characters.
firmai_datagene.datagene,dist_utilities,,Long statement,pearson_rho,1157,/Volumes/BrokeExt/NICHE/firmai_datagene/datagene/dist_utilities.py,A line with 215 chars in pearson_rho exceeds the maximum length of 120 characters.
firmai_datagene.datagene,dist_utilities,,Magic number,area_u_c,46,/Volumes/BrokeExt/NICHE/firmai_datagene/datagene/dist_utilities.py,Magic number 0.5 used in area_u_c.
firmai_datagene.datagene,dist_utilities,,Magic number,area_u_c,47,/Volumes/BrokeExt/NICHE/firmai_datagene/datagene/dist_utilities.py,Magic number 0.5 used in area_u_c.
firmai_datagene.datagene,dist_utilities,,Magic number,area_u_c,47,/Volumes/BrokeExt/NICHE/firmai_datagene/datagene/dist_utilities.py,Magic number 0.5 used in area_u_c.
firmai_datagene.datagene,dist_utilities,,Magic number,poly_area,56,/Volumes/BrokeExt/NICHE/firmai_datagene/datagene/dist_utilities.py,Magic number 0.5 used in poly_area.
firmai_datagene.datagene,dist_utilities,,Magic number,is_simple_quad,72,/Volumes/BrokeExt/NICHE/firmai_datagene/datagene/dist_utilities.py,Magic number 2 used in is_simple_quad.
firmai_datagene.datagene,dist_utilities,,Magic number,makeQuad,80,/Volumes/BrokeExt/NICHE/firmai_datagene/datagene/dist_utilities.py,Magic number 2 used in makeQuad.
firmai_datagene.datagene,dist_utilities,,Magic number,makeQuad,80,/Volumes/BrokeExt/NICHE/firmai_datagene/datagene/dist_utilities.py,Magic number 2 used in makeQuad.
firmai_datagene.datagene,dist_utilities,,Magic number,makeQuad,81,/Volumes/BrokeExt/NICHE/firmai_datagene/datagene/dist_utilities.py,Magic number 3 used in makeQuad.
firmai_datagene.datagene,dist_utilities,,Magic number,makeQuad,81,/Volumes/BrokeExt/NICHE/firmai_datagene/datagene/dist_utilities.py,Magic number 2 used in makeQuad.
firmai_datagene.datagene,dist_utilities,,Magic number,makeQuad,81,/Volumes/BrokeExt/NICHE/firmai_datagene/datagene/dist_utilities.py,Magic number 3 used in makeQuad.
firmai_datagene.datagene,dist_utilities,,Magic number,makeQuad,81,/Volumes/BrokeExt/NICHE/firmai_datagene/datagene/dist_utilities.py,Magic number 2 used in makeQuad.
firmai_datagene.datagene,dist_utilities,,Magic number,makeQuad,82,/Volumes/BrokeExt/NICHE/firmai_datagene/datagene/dist_utilities.py,Magic number 3 used in makeQuad.
firmai_datagene.datagene,dist_utilities,,Magic number,makeQuad,82,/Volumes/BrokeExt/NICHE/firmai_datagene/datagene/dist_utilities.py,Magic number 3 used in makeQuad.
firmai_datagene.datagene,dist_utilities,,Magic number,makeQuad,91,/Volumes/BrokeExt/NICHE/firmai_datagene/datagene/dist_utilities.py,Magic number 2 used in makeQuad.
firmai_datagene.datagene,dist_utilities,,Magic number,makeQuad,91,/Volumes/BrokeExt/NICHE/firmai_datagene/datagene/dist_utilities.py,Magic number 2 used in makeQuad.
firmai_datagene.datagene,dist_utilities,,Magic number,makeQuad,92,/Volumes/BrokeExt/NICHE/firmai_datagene/datagene/dist_utilities.py,Magic number 3 used in makeQuad.
firmai_datagene.datagene,dist_utilities,,Magic number,makeQuad,92,/Volumes/BrokeExt/NICHE/firmai_datagene/datagene/dist_utilities.py,Magic number 2 used in makeQuad.
firmai_datagene.datagene,dist_utilities,,Magic number,makeQuad,92,/Volumes/BrokeExt/NICHE/firmai_datagene/datagene/dist_utilities.py,Magic number 3 used in makeQuad.
firmai_datagene.datagene,dist_utilities,,Magic number,makeQuad,92,/Volumes/BrokeExt/NICHE/firmai_datagene/datagene/dist_utilities.py,Magic number 2 used in makeQuad.
firmai_datagene.datagene,dist_utilities,,Magic number,makeQuad,93,/Volumes/BrokeExt/NICHE/firmai_datagene/datagene/dist_utilities.py,Magic number 3 used in makeQuad.
firmai_datagene.datagene,dist_utilities,,Magic number,makeQuad,93,/Volumes/BrokeExt/NICHE/firmai_datagene/datagene/dist_utilities.py,Magic number 3 used in makeQuad.
firmai_datagene.datagene,dist_utilities,,Magic number,makeQuad,100,/Volumes/BrokeExt/NICHE/firmai_datagene/datagene/dist_utilities.py,Magic number 2 used in makeQuad.
firmai_datagene.datagene,dist_utilities,,Magic number,makeQuad,100,/Volumes/BrokeExt/NICHE/firmai_datagene/datagene/dist_utilities.py,Magic number 2 used in makeQuad.
firmai_datagene.datagene,dist_utilities,,Magic number,makeQuad,101,/Volumes/BrokeExt/NICHE/firmai_datagene/datagene/dist_utilities.py,Magic number 2 used in makeQuad.
firmai_datagene.datagene,dist_utilities,,Magic number,makeQuad,101,/Volumes/BrokeExt/NICHE/firmai_datagene/datagene/dist_utilities.py,Magic number 2 used in makeQuad.
firmai_datagene.datagene,dist_utilities,,Magic number,makeQuad,103,/Volumes/BrokeExt/NICHE/firmai_datagene/datagene/dist_utilities.py,Magic number 2 used in makeQuad.
firmai_datagene.datagene,dist_utilities,,Magic number,makeQuad,103,/Volumes/BrokeExt/NICHE/firmai_datagene/datagene/dist_utilities.py,Magic number 2 used in makeQuad.
firmai_datagene.datagene,dist_utilities,,Magic number,makeQuad,104,/Volumes/BrokeExt/NICHE/firmai_datagene/datagene/dist_utilities.py,Magic number 3 used in makeQuad.
firmai_datagene.datagene,dist_utilities,,Magic number,makeQuad,104,/Volumes/BrokeExt/NICHE/firmai_datagene/datagene/dist_utilities.py,Magic number 2 used in makeQuad.
firmai_datagene.datagene,dist_utilities,,Magic number,makeQuad,104,/Volumes/BrokeExt/NICHE/firmai_datagene/datagene/dist_utilities.py,Magic number 3 used in makeQuad.
firmai_datagene.datagene,dist_utilities,,Magic number,makeQuad,104,/Volumes/BrokeExt/NICHE/firmai_datagene/datagene/dist_utilities.py,Magic number 2 used in makeQuad.
firmai_datagene.datagene,dist_utilities,,Magic number,makeQuad,105,/Volumes/BrokeExt/NICHE/firmai_datagene/datagene/dist_utilities.py,Magic number 3 used in makeQuad.
firmai_datagene.datagene,dist_utilities,,Magic number,makeQuad,105,/Volumes/BrokeExt/NICHE/firmai_datagene/datagene/dist_utilities.py,Magic number 3 used in makeQuad.
firmai_datagene.datagene,dist_utilities,,Magic number,area_between_two_curves,151,/Volumes/BrokeExt/NICHE/firmai_datagene/datagene/dist_utilities.py,Magic number 2.0 used in area_between_two_curves.
firmai_datagene.datagene,dist_utilities,,Magic number,get_length,184,/Volumes/BrokeExt/NICHE/firmai_datagene/datagene/dist_utilities.py,Magic number 1e-15 used in get_length.
firmai_datagene.datagene,dist_utilities,,Magic number,get_length,186,/Volumes/BrokeExt/NICHE/firmai_datagene/datagene/dist_utilities.py,Magic number 1e-15 used in get_length.
firmai_datagene.datagene,dist_utilities,,Magic number,curve_length_measure,218,/Volumes/BrokeExt/NICHE/firmai_datagene/datagene/dist_utilities.py,Magic number 2 used in curve_length_measure.
firmai_datagene.datagene,dist_utilities,,Magic number,curve_length_measure,219,/Volumes/BrokeExt/NICHE/firmai_datagene/datagene/dist_utilities.py,Magic number 2 used in curve_length_measure.
firmai_datagene.datagene,dist_utilities,,Magic number,frechet_dist,223,/Volumes/BrokeExt/NICHE/firmai_datagene/datagene/dist_utilities.py,Magic number 2 used in frechet_dist.
firmai_datagene.datagene,dist_utilities,,Magic number,pcm,312,/Volumes/BrokeExt/NICHE/firmai_datagene/datagene/dist_utilities.py,Magic number 0.5 used in pcm.
firmai_datagene.datagene,dist_utilities,,Magic number,entropy_gaussian,385,/Volumes/BrokeExt/NICHE/firmai_datagene/datagene/dist_utilities.py,Magic number 0.5 used in entropy_gaussian.
firmai_datagene.datagene,dist_utilities,,Magic number,entropy_gaussian,385,/Volumes/BrokeExt/NICHE/firmai_datagene/datagene/dist_utilities.py,Magic number 0.5 used in entropy_gaussian.
firmai_datagene.datagene,dist_utilities,,Magic number,entropy_gaussian,388,/Volumes/BrokeExt/NICHE/firmai_datagene/datagene/dist_utilities.py,Magic number 0.5 used in entropy_gaussian.
firmai_datagene.datagene,dist_utilities,,Magic number,entropy_gaussian,388,/Volumes/BrokeExt/NICHE/firmai_datagene/datagene/dist_utilities.py,Magic number 0.5 used in entropy_gaussian.
firmai_datagene.datagene,dist_utilities,,Magic number,entropy_nearest,413,/Volumes/BrokeExt/NICHE/firmai_datagene/datagene/dist_utilities.py,Magic number 0.5 used in entropy_nearest.
firmai_datagene.datagene,dist_utilities,,Magic number,mutual_information,435,/Volumes/BrokeExt/NICHE/firmai_datagene/datagene/dist_utilities.py,Magic number 2 used in mutual_information.
firmai_datagene.datagene,dist_utilities,,Magic number,mutual_information_2d,462,/Volumes/BrokeExt/NICHE/firmai_datagene/datagene/dist_utilities.py,Magic number 256 used in mutual_information_2d.
firmai_datagene.datagene,dist_utilities,,Magic number,mutual_information_2d,462,/Volumes/BrokeExt/NICHE/firmai_datagene/datagene/dist_utilities.py,Magic number 256 used in mutual_information_2d.
firmai_datagene.datagene,dist_utilities,,Magic number,fid_2,515,/Volumes/BrokeExt/NICHE/firmai_datagene/datagene/dist_utilities.py,Magic number 2 used in fid_2.
firmai_datagene.datagene,dist_utilities,,Magic number,inception,521,/Volumes/BrokeExt/NICHE/firmai_datagene/datagene/dist_utilities.py,Magic number 1e-16 used in inception.
firmai_datagene.datagene,dist_utilities,,Magic number,entropy,540,/Volumes/BrokeExt/NICHE/firmai_datagene/datagene/dist_utilities.py,Magic number 3 used in entropy.
firmai_datagene.datagene,dist_utilities,,Magic number,entropy,540,/Volumes/BrokeExt/NICHE/firmai_datagene/datagene/dist_utilities.py,Magic number 2 used in entropy.
firmai_datagene.datagene,dist_utilities,,Magic number,centropy,555,/Volumes/BrokeExt/NICHE/firmai_datagene/datagene/dist_utilities.py,Magic number 3 used in centropy.
firmai_datagene.datagene,dist_utilities,,Magic number,centropy,555,/Volumes/BrokeExt/NICHE/firmai_datagene/datagene/dist_utilities.py,Magic number 2 used in centropy.
firmai_datagene.datagene,dist_utilities,,Magic number,tc,565,/Volumes/BrokeExt/NICHE/firmai_datagene/datagene/dist_utilities.py,Magic number 3 used in tc.
firmai_datagene.datagene,dist_utilities,,Magic number,tc,565,/Volumes/BrokeExt/NICHE/firmai_datagene/datagene/dist_utilities.py,Magic number 2 used in tc.
firmai_datagene.datagene,dist_utilities,,Magic number,ctc,571,/Volumes/BrokeExt/NICHE/firmai_datagene/datagene/dist_utilities.py,Magic number 3 used in ctc.
firmai_datagene.datagene,dist_utilities,,Magic number,ctc,571,/Volumes/BrokeExt/NICHE/firmai_datagene/datagene/dist_utilities.py,Magic number 2 used in ctc.
firmai_datagene.datagene,dist_utilities,,Magic number,corex,578,/Volumes/BrokeExt/NICHE/firmai_datagene/datagene/dist_utilities.py,Magic number 3 used in corex.
firmai_datagene.datagene,dist_utilities,,Magic number,corex,578,/Volumes/BrokeExt/NICHE/firmai_datagene/datagene/dist_utilities.py,Magic number 2 used in corex.
firmai_datagene.datagene,dist_utilities,,Magic number,mi,584,/Volumes/BrokeExt/NICHE/firmai_datagene/datagene/dist_utilities.py,Magic number 3 used in mi.
firmai_datagene.datagene,dist_utilities,,Magic number,mi,584,/Volumes/BrokeExt/NICHE/firmai_datagene/datagene/dist_utilities.py,Magic number 2 used in mi.
firmai_datagene.datagene,dist_utilities,,Magic number,cmi,617,/Volumes/BrokeExt/NICHE/firmai_datagene/datagene/dist_utilities.py,Magic number 3 used in cmi.
firmai_datagene.datagene,dist_utilities,,Magic number,cmi,617,/Volumes/BrokeExt/NICHE/firmai_datagene/datagene/dist_utilities.py,Magic number 2 used in cmi.
firmai_datagene.datagene,dist_utilities,,Magic number,kldiv,624,/Volumes/BrokeExt/NICHE/firmai_datagene/datagene/dist_utilities.py,Magic number 3 used in kldiv.
firmai_datagene.datagene,dist_utilities,,Magic number,kldiv,624,/Volumes/BrokeExt/NICHE/firmai_datagene/datagene/dist_utilities.py,Magic number 2 used in kldiv.
firmai_datagene.datagene,dist_utilities,,Magic number,entropyd,751,/Volumes/BrokeExt/NICHE/firmai_datagene/datagene/dist_utilities.py,Magic number 2 used in entropyd.
firmai_datagene.datagene,dist_utilities,,Magic number,midd,763,/Volumes/BrokeExt/NICHE/firmai_datagene/datagene/dist_utilities.py,Magic number 2 used in midd.
firmai_datagene.datagene,dist_utilities,,Magic number,cmidd,771,/Volumes/BrokeExt/NICHE/firmai_datagene/datagene/dist_utilities.py,Magic number 2 used in cmidd.
firmai_datagene.datagene,dist_utilities,,Magic number,centropyd,782,/Volumes/BrokeExt/NICHE/firmai_datagene/datagene/dist_utilities.py,Magic number 2 used in centropyd.
firmai_datagene.datagene,dist_utilities,,Magic number,tcd,790,/Volumes/BrokeExt/NICHE/firmai_datagene/datagene/dist_utilities.py,Magic number 2 used in tcd.
firmai_datagene.datagene,dist_utilities,,Magic number,ctcd,796,/Volumes/BrokeExt/NICHE/firmai_datagene/datagene/dist_utilities.py,Magic number 2 used in ctcd.
firmai_datagene.datagene,dist_utilities,,Magic number,corexd,802,/Volumes/BrokeExt/NICHE/firmai_datagene/datagene/dist_utilities.py,Magic number 2 used in corexd.
firmai_datagene.datagene,dist_utilities,,Magic number,micd,809,/Volumes/BrokeExt/NICHE/firmai_datagene/datagene/dist_utilities.py,Magic number 3 used in micd.
firmai_datagene.datagene,dist_utilities,,Magic number,micd,809,/Volumes/BrokeExt/NICHE/firmai_datagene/datagene/dist_utilities.py,Magic number 2 used in micd.
firmai_datagene.datagene,dist_utilities,,Magic number,midc,831,/Volumes/BrokeExt/NICHE/firmai_datagene/datagene/dist_utilities.py,Magic number 3 used in midc.
firmai_datagene.datagene,dist_utilities,,Magic number,midc,831,/Volumes/BrokeExt/NICHE/firmai_datagene/datagene/dist_utilities.py,Magic number 2 used in midc.
firmai_datagene.datagene,dist_utilities,,Magic number,centropycd,835,/Volumes/BrokeExt/NICHE/firmai_datagene/datagene/dist_utilities.py,Magic number 3 used in centropycd.
firmai_datagene.datagene,dist_utilities,,Magic number,centropycd,835,/Volumes/BrokeExt/NICHE/firmai_datagene/datagene/dist_utilities.py,Magic number 2 used in centropycd.
firmai_datagene.datagene,dist_utilities,,Magic number,centropydc,839,/Volumes/BrokeExt/NICHE/firmai_datagene/datagene/dist_utilities.py,Magic number 3 used in centropydc.
firmai_datagene.datagene,dist_utilities,,Magic number,centropydc,839,/Volumes/BrokeExt/NICHE/firmai_datagene/datagene/dist_utilities.py,Magic number 2 used in centropydc.
firmai_datagene.datagene,dist_utilities,,Magic number,ctcdc,843,/Volumes/BrokeExt/NICHE/firmai_datagene/datagene/dist_utilities.py,Magic number 3 used in ctcdc.
firmai_datagene.datagene,dist_utilities,,Magic number,ctcdc,843,/Volumes/BrokeExt/NICHE/firmai_datagene/datagene/dist_utilities.py,Magic number 2 used in ctcdc.
firmai_datagene.datagene,dist_utilities,,Magic number,ctccd,850,/Volumes/BrokeExt/NICHE/firmai_datagene/datagene/dist_utilities.py,Magic number 3 used in ctccd.
firmai_datagene.datagene,dist_utilities,,Magic number,ctccd,850,/Volumes/BrokeExt/NICHE/firmai_datagene/datagene/dist_utilities.py,Magic number 2 used in ctccd.
firmai_datagene.datagene,dist_utilities,,Magic number,corexcd,854,/Volumes/BrokeExt/NICHE/firmai_datagene/datagene/dist_utilities.py,Magic number 3 used in corexcd.
firmai_datagene.datagene,dist_utilities,,Magic number,corexcd,854,/Volumes/BrokeExt/NICHE/firmai_datagene/datagene/dist_utilities.py,Magic number 2 used in corexcd.
firmai_datagene.datagene,dist_utilities,,Magic number,corexdc,858,/Volumes/BrokeExt/NICHE/firmai_datagene/datagene/dist_utilities.py,Magic number 3 used in corexdc.
firmai_datagene.datagene,dist_utilities,,Magic number,corexdc,858,/Volumes/BrokeExt/NICHE/firmai_datagene/datagene/dist_utilities.py,Magic number 2 used in corexdc.
firmai_datagene.datagene,dist_utilities,,Magic number,add_noise,864,/Volumes/BrokeExt/NICHE/firmai_datagene/datagene/dist_utilities.py,Magic number 1e-10 used in add_noise.
firmai_datagene.datagene,dist_utilities,,Magic number,avgdigamma,881,/Volumes/BrokeExt/NICHE/firmai_datagene/datagene/dist_utilities.py,Magic number 1e-15 used in avgdigamma.
firmai_datagene.datagene,dist_utilities,,Magic number,build_tree,887,/Volumes/BrokeExt/NICHE/firmai_datagene/datagene/dist_utilities.py,Magic number 20 used in build_tree.
firmai_datagene.datagene,dist_utilities,,Magic number,shuffle_test,894,/Volumes/BrokeExt/NICHE/firmai_datagene/datagene/dist_utilities.py,Magic number 200 used in shuffle_test.
firmai_datagene.datagene,dist_utilities,,Magic number,shuffle_test,894,/Volumes/BrokeExt/NICHE/firmai_datagene/datagene/dist_utilities.py,Magic number 0.95 used in shuffle_test.
firmai_datagene.datagene,dist_utilities,,Magic number,chi2_distance,919,/Volumes/BrokeExt/NICHE/firmai_datagene/datagene/dist_utilities.py,Magic number 1e-10 used in chi2_distance.
firmai_datagene.datagene,dist_utilities,,Magic number,chi2_distance,921,/Volumes/BrokeExt/NICHE/firmai_datagene/datagene/dist_utilities.py,Magic number 0.5 used in chi2_distance.
firmai_datagene.datagene,dist_utilities,,Magic number,jensen_shannon_divergence,950,/Volumes/BrokeExt/NICHE/firmai_datagene/datagene/dist_utilities.py,Magic number 2.0 used in jensen_shannon_divergence.
firmai_datagene.datagene,dist_utilities,,Magic number,jensen_shannon_divergence,952,/Volumes/BrokeExt/NICHE/firmai_datagene/datagene/dist_utilities.py,Magic number 0.5 used in jensen_shannon_divergence.
firmai_datagene.datagene,dist_utilities,,Magic number,js_metric,1020,/Volumes/BrokeExt/NICHE/firmai_datagene/datagene/dist_utilities.py,Magic number 2 used in js_metric.
firmai_datagene.datagene,dist_utilities,,Magic number,js_metric,1021,/Volumes/BrokeExt/NICHE/firmai_datagene/datagene/dist_utilities.py,Magic number 0.5 used in js_metric.
firmai_datagene.datagene,dist_utilities,,Magic number,js_metric,1021,/Volumes/BrokeExt/NICHE/firmai_datagene/datagene/dist_utilities.py,Magic number 2 used in js_metric.
firmai_datagene.datagene,dist_utilities,,Magic number,jensen_shannon_divergence_2,1091,/Volumes/BrokeExt/NICHE/firmai_datagene/datagene/dist_utilities.py,Magic number 0.5 used in jensen_shannon_divergence_2.
firmai_datagene.datagene,dist_utilities,,Magic number,jensen_shannon_divergence_2,1092,/Volumes/BrokeExt/NICHE/firmai_datagene/datagene/dist_utilities.py,Magic number 0.5 used in jensen_shannon_divergence_2.
firmai_datagene.datagene,dist_utilities,,Magic number,renyi_divergence,1098,/Volumes/BrokeExt/NICHE/firmai_datagene/datagene/dist_utilities.py,Magic number 0.99 used in renyi_divergence.
firmai_datagene.datagene,dist_utilities,,Magic number,_fancy,1154,/Volumes/BrokeExt/NICHE/firmai_datagene/datagene/dist_utilities.py,Magic number 2 used in _fancy.
firmai_datagene.datagene,dist_utilities,,Magic number,kulSim,1192,/Volumes/BrokeExt/NICHE/firmai_datagene/datagene/dist_utilities.py,Magic number 0.5 used in kulSim.
firmai_datagene.datagene,dist_utilities,,Magic number,braySim,1202,/Volumes/BrokeExt/NICHE/firmai_datagene/datagene/dist_utilities.py,Magic number 2 used in braySim.
firmai_datagene.datagene,dist_utilities,,Magic number,whitDist,1245,/Volumes/BrokeExt/NICHE/firmai_datagene/datagene/dist_utilities.py,Magic number 0.5 used in whitDist.
firmai_datagene.datagene,distance,,Long statement,_avhash,132,/Volumes/BrokeExt/NICHE/firmai_datagene/datagene/distance.py,A line with 123 chars in _avhash exceeds the maximum length of 120 characters.
firmai_datagene.datagene,distance,,Long statement,entropy_dissimilarity,200,/Volumes/BrokeExt/NICHE/firmai_datagene/datagene/distance.py,A line with 147 chars in entropy_dissimilarity exceeds the maximum length of 120 characters.
firmai_datagene.datagene,distance,,Long statement,entropy_dissimilarity,204,/Volumes/BrokeExt/NICHE/firmai_datagene/datagene/distance.py,A line with 134 chars in entropy_dissimilarity exceeds the maximum length of 120 characters.
firmai_datagene.datagene,distance,,Long statement,matrix_distance,216,/Volumes/BrokeExt/NICHE/firmai_datagene/datagene/distance.py,A line with 144 chars in matrix_distance exceeds the maximum length of 120 characters.
firmai_datagene.datagene,distance,,Long statement,mean_absolute_percentage_error,255,/Volumes/BrokeExt/NICHE/firmai_datagene/datagene/distance.py,A line with 319 chars in mean_absolute_percentage_error exceeds the maximum length of 120 characters.
firmai_datagene.datagene,distance,,Long statement,density_arr,358,/Volumes/BrokeExt/NICHE/firmai_datagene/datagene/distance.py,A line with 201 chars in density_arr exceeds the maximum length of 120 characters.
firmai_datagene.datagene,distance,,Long statement,distribution_distance_map,405,/Volumes/BrokeExt/NICHE/firmai_datagene/datagene/distance.py,A line with 136 chars in distribution_distance_map exceeds the maximum length of 120 characters.
firmai_datagene.datagene,distance,,Long statement,,443,/Volumes/BrokeExt/NICHE/firmai_datagene/datagene/distance.py,A line with 201 chars in distance exceeds the maximum length of 120 characters.
firmai_datagene.datagene,distance,,Magic number,boot_stat,67,/Volumes/BrokeExt/NICHE/firmai_datagene/datagene/distance.py,Magic number 2 used in boot_stat.
firmai_datagene.datagene,distance,,Magic number,boot_stat,68,/Volumes/BrokeExt/NICHE/firmai_datagene/datagene/distance.py,Magic number 2 used in boot_stat.
firmai_datagene.datagene,distance,,Magic number,boot_stat,67,/Volumes/BrokeExt/NICHE/firmai_datagene/datagene/distance.py,Magic number 2 used in boot_stat.
firmai_datagene.datagene,distance,,Magic number,stat_pval,75,/Volumes/BrokeExt/NICHE/firmai_datagene/datagene/distance.py,Magic number 2 used in stat_pval.
firmai_datagene.datagene,distance,,Magic number,stat_pval,76,/Volumes/BrokeExt/NICHE/firmai_datagene/datagene/distance.py,Magic number 2 used in stat_pval.
firmai_datagene.datagene,distance,,Magic number,stat_pval,75,/Volumes/BrokeExt/NICHE/firmai_datagene/datagene/distance.py,Magic number 2 used in stat_pval.
firmai_datagene.datagene,distance,,Magic number,get_thumbnail,104,/Volumes/BrokeExt/NICHE/firmai_datagene/datagene/distance.py,Magic number 128 used in get_thumbnail.
firmai_datagene.datagene,distance,,Magic number,get_thumbnail,104,/Volumes/BrokeExt/NICHE/firmai_datagene/datagene/distance.py,Magic number 128 used in get_thumbnail.
firmai_datagene.datagene,distance,,Magic number,_avhash,131,/Volumes/BrokeExt/NICHE/firmai_datagene/datagene/distance.py,Magic number 64.0 used in _avhash.
firmai_datagene.datagene,distance,,Magic number,hash_simmilarity,147,/Volumes/BrokeExt/NICHE/firmai_datagene/datagene/distance.py,Magic number 64 used in hash_simmilarity.
firmai_datagene.datagene,distance,,Magic number,hash_simmilarity,147,/Volumes/BrokeExt/NICHE/firmai_datagene/datagene/distance.py,Magic number 100 used in hash_simmilarity.
firmai_datagene.datagene,distance,,Magic number,hash_simmilarity,147,/Volumes/BrokeExt/NICHE/firmai_datagene/datagene/distance.py,Magic number 64 used in hash_simmilarity.
firmai_datagene.datagene,distance,,Magic number,pca_extract_explain,300,/Volumes/BrokeExt/NICHE/firmai_datagene/datagene/distance.py,Magic number 0.1 used in pca_extract_explain.
firmai_datagene.datagene,distance,,Magic number,distribution_distance_map,404,/Volumes/BrokeExt/NICHE/firmai_datagene/datagene/distance.py,Magic number 0.5 used in distribution_distance_map.
firmai_datagene.datagene,distance,,Magic number,curve_kde_map,476,/Volumes/BrokeExt/NICHE/firmai_datagene/datagene/distance.py,Magic number 0.01 used in curve_kde_map.
firmai_datagene.datagene,mod_utilities,,Long statement,model_output,95,/Volumes/BrokeExt/NICHE/firmai_datagene/datagene/mod_utilities.py,A line with 168 chars in model_output exceeds the maximum length of 120 characters.
firmai_datagene.datagene,mod_utilities,,Long statement,model_output_cross,147,/Volumes/BrokeExt/NICHE/firmai_datagene/datagene/mod_utilities.py,A line with 168 chars in model_output_cross exceeds the maximum length of 120 characters.
firmai_datagene.datagene,mod_utilities,,Magic number,prepare_df_rand,20,/Volumes/BrokeExt/NICHE/firmai_datagene/datagene/mod_utilities.py,Magic number 2 used in prepare_df_rand.
firmai_datagene.datagene,mod_utilities,,Magic number,prepare_df_rand,21,/Volumes/BrokeExt/NICHE/firmai_datagene/datagene/mod_utilities.py,Magic number 2 used in prepare_df_rand.
firmai_datagene.datagene,mod_utilities,,Magic number,prepare_df_rand,21,/Volumes/BrokeExt/NICHE/firmai_datagene/datagene/mod_utilities.py,Magic number 2 used in prepare_df_rand.
firmai_datagene.datagene,mod_utilities,,Magic number,model_output,67,/Volumes/BrokeExt/NICHE/firmai_datagene/datagene/mod_utilities.py,Magic number 5 used in model_output.
firmai_datagene.datagene,mod_utilities,,Magic number,model_output,71,/Volumes/BrokeExt/NICHE/firmai_datagene/datagene/mod_utilities.py,Magic number 32 used in model_output.
firmai_datagene.datagene,mod_utilities,,Magic number,model_output,72,/Volumes/BrokeExt/NICHE/firmai_datagene/datagene/mod_utilities.py,Magic number 256 used in model_output.
firmai_datagene.datagene,mod_utilities,,Magic number,model_output,93,/Volumes/BrokeExt/NICHE/firmai_datagene/datagene/mod_utilities.py,Magic number 200 used in model_output.
firmai_datagene.datagene,mod_utilities,,Magic number,model_output_cross,117,/Volumes/BrokeExt/NICHE/firmai_datagene/datagene/mod_utilities.py,Magic number 5 used in model_output_cross.
firmai_datagene.datagene,mod_utilities,,Magic number,model_output_cross,123,/Volumes/BrokeExt/NICHE/firmai_datagene/datagene/mod_utilities.py,Magic number 32 used in model_output_cross.
firmai_datagene.datagene,mod_utilities,,Magic number,model_output_cross,124,/Volumes/BrokeExt/NICHE/firmai_datagene/datagene/mod_utilities.py,Magic number 256 used in model_output_cross.
firmai_datagene.datagene,mod_utilities,,Magic number,model_output_cross,145,/Volumes/BrokeExt/NICHE/firmai_datagene/datagene/mod_utilities.py,Magic number 200 used in model_output_cross.
firmai_datagene.datagene,mod_utilities,,Magic number,test_shap,177,/Volumes/BrokeExt/NICHE/firmai_datagene/datagene/mod_utilities.py,Magic number 10 used in test_shap.
firmai_datagene.datagene,mod_utilities,,Magic number,shapley_rank,189,/Volumes/BrokeExt/NICHE/firmai_datagene/datagene/mod_utilities.py,Magic number 10 used in shapley_rank.
firmai_datagene.datagene,mod_utilities,,Magic number,explore_shap,217,/Volumes/BrokeExt/NICHE/firmai_datagene/datagene/mod_utilities.py,Magic number 0.11 used in explore_shap.
firmai_datagene.datagene,transform,,Magic number,mps_decomp_tess,40,/Volumes/BrokeExt/NICHE/firmai_datagene/datagene/transform.py,Magic number 5 used in mps_decomp_tess.
firmai_datagene.datagene,transform,,Magic number,mps_decomp_tess,45,/Volumes/BrokeExt/NICHE/firmai_datagene/datagene/transform.py,Magic number 2 used in mps_decomp_tess.
firmai_datagene.datagene,transform,,Magic number,mps_decomp_4_to_2,52,/Volumes/BrokeExt/NICHE/firmai_datagene/datagene/transform.py,Magic number 5 used in mps_decomp_4_to_2.
firmai_datagene.datagene,transform,,Magic number,mps_decomp_4_to_2,53,/Volumes/BrokeExt/NICHE/firmai_datagene/datagene/transform.py,Magic number 2 used in mps_decomp_4_to_2.
firmai_datagene.datagene,transform,,Magic number,gaf_encode_3_to_4,58,/Volumes/BrokeExt/NICHE/firmai_datagene/datagene/transform.py,Magic number 2 used in gaf_encode_3_to_4.
firmai_datagene.datagene,transform,,Magic number,gaf_encode_3_to_4,58,/Volumes/BrokeExt/NICHE/firmai_datagene/datagene/transform.py,Magic number 2 used in gaf_encode_3_to_4.
firmai_datagene.datagene,transform,,Magic number,mrp_encode_3_to_4,63,/Volumes/BrokeExt/NICHE/firmai_datagene/datagene/transform.py,Magic number 60 used in mrp_encode_3_to_4.
firmai_datagene.datagene,transform,,Magic number,mrp_encode_3_to_4,63,/Volumes/BrokeExt/NICHE/firmai_datagene/datagene/transform.py,Magic number 2 used in mrp_encode_3_to_4.
firmai_datagene.datagene,transform,,Magic number,mrp_encode_3_to_4,63,/Volumes/BrokeExt/NICHE/firmai_datagene/datagene/transform.py,Magic number 2 used in mrp_encode_3_to_4.
firmai_datagene.datagene,transform,,Magic number,gaf_encode_3_to_4,69,/Volumes/BrokeExt/NICHE/firmai_datagene/datagene/transform.py,Magic number 2 used in gaf_encode_3_to_4.
firmai_datagene.datagene,transform,,Magic number,gaf_encode_3_to_4,69,/Volumes/BrokeExt/NICHE/firmai_datagene/datagene/transform.py,Magic number 2 used in gaf_encode_3_to_4.
firmai_datagene.datagene,transform,,Magic number,mtf_encode_3_to_4,75,/Volumes/BrokeExt/NICHE/firmai_datagene/datagene/transform.py,Magic number 3 used in mtf_encode_3_to_4.
firmai_datagene.datagene,transform,,Magic number,mps_decomp_tens,82,/Volumes/BrokeExt/NICHE/firmai_datagene/datagene/transform.py,Magic number 5 used in mps_decomp_tens.
firmai_datagene.datagene,transform,,Magic number,mps_decomp_tens,82,/Volumes/BrokeExt/NICHE/firmai_datagene/datagene/transform.py,Magic number 2 used in mps_decomp_tens.
firmai_datagene.datagene,transform,,Magic number,mps_decomp_tens,87,/Volumes/BrokeExt/NICHE/firmai_datagene/datagene/transform.py,Magic number 2 used in mps_decomp_tens.
firmai_datagene.datagene,transform,,Magic number,mps_decomp_3_to_2,93,/Volumes/BrokeExt/NICHE/firmai_datagene/datagene/transform.py,Magic number 5 used in mps_decomp_3_to_2.
firmai_datagene.datagene,transform,,Magic number,mps_decomp_3_to_2,93,/Volumes/BrokeExt/NICHE/firmai_datagene/datagene/transform.py,Magic number 2 used in mps_decomp_3_to_2.
firmai_datagene.datagene,transform,,Magic number,tucker_decomp_tens,123,/Volumes/BrokeExt/NICHE/firmai_datagene/datagene/transform.py,Magic number 5 used in tucker_decomp_tens.
firmai_datagene.datagene,transform,,Magic number,tucker_decomp_tens,127,/Volumes/BrokeExt/NICHE/firmai_datagene/datagene/transform.py,Magic number 2 used in tucker_decomp_tens.
firmai_datagene.datagene,transform,,Magic number,tucker_decomp_3_to_2,137,/Volumes/BrokeExt/NICHE/firmai_datagene/datagene/transform.py,Magic number 5 used in tucker_decomp_3_to_2.
firmai_datagene.datagene,transform,,Magic number,tucker_decomp_3_to_2,138,/Volumes/BrokeExt/NICHE/firmai_datagene/datagene/transform.py,Magic number 2 used in tucker_decomp_3_to_2.
firmai_datagene.datagene,transform,,Magic number,parafac_decomp_tens,141,/Volumes/BrokeExt/NICHE/firmai_datagene/datagene/transform.py,Magic number 5 used in parafac_decomp_tens.
firmai_datagene.datagene,transform,,Magic number,parafac_decomp_tens,141,/Volumes/BrokeExt/NICHE/firmai_datagene/datagene/transform.py,Magic number 2 used in parafac_decomp_tens.
firmai_datagene.datagene,transform,,Magic number,parafac_decomp_tens,144,/Volumes/BrokeExt/NICHE/firmai_datagene/datagene/transform.py,Magic number 2 used in parafac_decomp_tens.
firmai_datagene.datagene,transform,,Magic number,parafac_decomp_3_to_2,150,/Volumes/BrokeExt/NICHE/firmai_datagene/datagene/transform.py,Magic number 5 used in parafac_decomp_3_to_2.
firmai_datagene.datagene,transform,,Magic number,parafac_decomp_3_to_2,150,/Volumes/BrokeExt/NICHE/firmai_datagene/datagene/transform.py,Magic number 2 used in parafac_decomp_3_to_2.
firmai_datagene.datagene,transform,,Magic number,pca_decomp_mat,162,/Volumes/BrokeExt/NICHE/firmai_datagene/datagene/transform.py,Magic number 5 used in pca_decomp_mat.
firmai_datagene.datagene,transform,,Magic number,pca_decomp_3_to_2,168,/Volumes/BrokeExt/NICHE/firmai_datagene/datagene/transform.py,Magic number 3 used in pca_decomp_3_to_2.
firmai_datagene.datagene,transform,,Magic number,rp_encode_2_to_3,178,/Volumes/BrokeExt/NICHE/firmai_datagene/datagene/transform.py,Magic number 60 used in rp_encode_2_to_3.
firmai_datagene.datagene,transform,,Magic number,mtf_encode_2_to_3,194,/Volumes/BrokeExt/NICHE/firmai_datagene/datagene/transform.py,Magic number 3 used in mtf_encode_2_to_3.
firmai_datagene.datagene,transform,,Magic number,pca_decomp_2_to_2,200,/Volumes/BrokeExt/NICHE/firmai_datagene/datagene/transform.py,Magic number 5 used in pca_decomp_2_to_2.
firmai_datagene.datagene,transform,,Magic number,svd_decomp_2_to_2,211,/Volumes/BrokeExt/NICHE/firmai_datagene/datagene/transform.py,Magic number 2 used in svd_decomp_2_to_2.
firmai_datagene.datagene,transform,,Magic number,hist_2d_mat,242,/Volumes/BrokeExt/NICHE/firmai_datagene/datagene/transform.py,Magic number 4 used in hist_2d_mat.
firmai_datagene.datagene,transform,,Magic number,hist_2d_mat,242,/Volumes/BrokeExt/NICHE/firmai_datagene/datagene/transform.py,Magic number 5 used in hist_2d_mat.
firmai_datagene.datagene,transform,,Magic number,hist_2d_mat,242,/Volumes/BrokeExt/NICHE/firmai_datagene/datagene/transform.py,Magic number 5 used in hist_2d_mat.
firmai_datagene.datagene,transform,,Magic number,hist_2d_2_to_2,250,/Volumes/BrokeExt/NICHE/firmai_datagene/datagene/transform.py,Magic number 4 used in hist_2d_2_to_2.
firmai_datagene.datagene,transform,,Magic number,hist_2d_2_to_2,250,/Volumes/BrokeExt/NICHE/firmai_datagene/datagene/transform.py,Magic number 5 used in hist_2d_2_to_2.
firmai_datagene.datagene,transform,,Magic number,hist_2d_2_to_2,250,/Volumes/BrokeExt/NICHE/firmai_datagene/datagene/transform.py,Magic number 5 used in hist_2d_2_to_2.
firmai_datagene.datagene,transform,,Magic number,prp_encode,258,/Volumes/BrokeExt/NICHE/firmai_datagene/datagene/transform.py,Magic number 0.01 used in prp_encode.
firmai_datagene.datagene,transform,,Magic number,prp_encode,259,/Volumes/BrokeExt/NICHE/firmai_datagene/datagene/transform.py,Magic number 10 used in prp_encode.
firmai_datagene.datagene,transform,,Magic number,GetWindow,274,/Volumes/BrokeExt/NICHE/firmai_datagene/datagene/transform.py,Magic number 10 used in GetWindow.
firmai_datagene.datagene,transform,,Magic number,GetWindow,274,/Volumes/BrokeExt/NICHE/firmai_datagene/datagene/transform.py,Magic number 3 used in GetWindow.
firmai_datagene.datagene,transform,,Magic number,GetNextMean,285,/Volumes/BrokeExt/NICHE/firmai_datagene/datagene/transform.py,Magic number 10 used in GetNextMean.
firmai_datagene.datagene,transform,,Magic number,GetNextMean,285,/Volumes/BrokeExt/NICHE/firmai_datagene/datagene/transform.py,Magic number 3 used in GetNextMean.
firmai_datagene.datagene,transform,,Magic number,sig_encode_vect,321,/Volumes/BrokeExt/NICHE/firmai_datagene/datagene/transform.py,Magic number 10 used in sig_encode_vect.
firmai_datagene.datagene,transform,,Magic number,sig_encode_vect,322,/Volumes/BrokeExt/NICHE/firmai_datagene/datagene/transform.py,Magic number 3 used in sig_encode_vect.
firmai_datagene.datagene,transform,,Magic number,sig_encode_vect,326,/Volumes/BrokeExt/NICHE/firmai_datagene/datagene/transform.py,Magic number 2 used in sig_encode_vect.
firmai_datagene.datagene,transform,,Magic number,sig_encode_vect,346,/Volumes/BrokeExt/NICHE/firmai_datagene/datagene/transform.py,Magic number 2 used in sig_encode_vect.
firmai_datagene.datagene,transform,,Magic number,sig_encode_vect,346,/Volumes/BrokeExt/NICHE/firmai_datagene/datagene/transform.py,Magic number 2 used in sig_encode_vect.
firmai_datagene.datagene,vis_utilities,,Long statement,multi_plot,23,/Volumes/BrokeExt/NICHE/firmai_datagene/datagene/vis_utilities.py,A line with 170 chars in multi_plot exceeds the maximum length of 120 characters.
firmai_datagene.datagene,vis_utilities,,Long statement,gram_array_3d_to_rgb_image,51,/Volumes/BrokeExt/NICHE/firmai_datagene/datagene/vis_utilities.py,A line with 139 chars in gram_array_3d_to_rgb_image exceeds the maximum length of 120 characters.
firmai_datagene.datagene,vis_utilities,,Magic number,pil_to_cv_4d,11,/Volumes/BrokeExt/NICHE/firmai_datagene/datagene/vis_utilities.py,Magic number 3 used in pil_to_cv_4d.
firmai_datagene.datagene,vis_utilities,,Magic number,array_2d_to_grey_image,15,/Volumes/BrokeExt/NICHE/firmai_datagene/datagene/vis_utilities.py,Magic number 120 used in array_2d_to_grey_image.
firmai_datagene.datagene,vis_utilities,,Magic number,array_3d_to_rgb_image,42,/Volumes/BrokeExt/NICHE/firmai_datagene/datagene/vis_utilities.py,Magic number 120 used in array_3d_to_rgb_image.
firmai_datagene.datagene,vis_utilities,,Magic number,gram_array_3d_to_rgb_image,47,/Volumes/BrokeExt/NICHE/firmai_datagene/datagene/vis_utilities.py,Magic number 120 used in gram_array_3d_to_rgb_image.
firmai_datagene.datagene,vis_utilities,,Magic number,array_4d_to_rgba_image,55,/Volumes/BrokeExt/NICHE/firmai_datagene/datagene/vis_utilities.py,Magic number 120 used in array_4d_to_rgba_image.
