Package,Module,Class,Smell,Function/Method,Line no,File,Details
wubinzzu_NeuRec,main,,Long identifier,,28,/Volumes/BrokeExt/NICHE/wubinzzu_NeuRec/main.py,Identifier'per_process_gpu_memory_fraction' exceeds the maximum length of 30 characters.
wubinzzu_NeuRec.data,dataset,Dataset,Complex method,_check_saved_data,48 - 73,/Volumes/BrokeExt/NICHE/wubinzzu_NeuRec/data/dataset.py,"Method '_check_saved_data' has a cyclomatic complexity of 7, exceeding the max of 6."
wubinzzu_NeuRec.data,dataset,Dataset,Complex method,_split_data,132 - 210,/Volumes/BrokeExt/NICHE/wubinzzu_NeuRec/data/dataset.py,"Method '_split_data' has a cyclomatic complexity of 8, exceeding the max of 6."
wubinzzu_NeuRec.data,dataset,Dataset,Long method,_load_data,75 - 130,/Volumes/BrokeExt/NICHE/wubinzzu_NeuRec/data/dataset.py,Method '_load_data' is too long (49 lines).
wubinzzu_NeuRec.data,dataset,Dataset,Long method,_split_data,132 - 210,/Volumes/BrokeExt/NICHE/wubinzzu_NeuRec/data/dataset.py,Method '_split_data' is too long (66 lines).
wubinzzu_NeuRec.data,dataset,Dataset,Long statement,_load_data,121,/Volumes/BrokeExt/NICHE/wubinzzu_NeuRec/data/dataset.py,A line with 129 chars in _load_data exceeds the maximum length of 120 characters.
wubinzzu_NeuRec.data,dataset,Dataset,Long statement,_load_data,123,/Volumes/BrokeExt/NICHE/wubinzzu_NeuRec/data/dataset.py,A line with 125 chars in _load_data exceeds the maximum length of 120 characters.
wubinzzu_NeuRec.data,dataset,Dataset,Long statement,_load_data,127,/Volumes/BrokeExt/NICHE/wubinzzu_NeuRec/data/dataset.py,A line with 133 chars in _load_data exceeds the maximum length of 120 characters.
wubinzzu_NeuRec.data,dataset,Dataset,Long statement,__str__,248,/Volumes/BrokeExt/NICHE/wubinzzu_NeuRec/data/dataset.py,A line with 385 chars in __str__ exceeds the maximum length of 120 characters.
wubinzzu_NeuRec.data,dataset,Dataset,Magic number,__str__,254,/Volumes/BrokeExt/NICHE/wubinzzu_NeuRec/data/dataset.py,Magic number 100 used in __str__.
wubinzzu_NeuRec.data,sampler,,Complex method,_generative_time_order_positive_items,42 - 68,/Volumes/BrokeExt/NICHE/wubinzzu_NeuRec/data/sampler.py,"Method '_generative_time_order_positive_items' has a cyclomatic complexity of 7, exceeding the max of 6."
wubinzzu_NeuRec.data,sampler,,Long identifier,_generative_time_order_positive_items,42,/Volumes/BrokeExt/NICHE/wubinzzu_NeuRec/data/sampler.py,Identifier'_generative_time_order_positive_items' exceeds the maximum length of 30 characters.
wubinzzu_NeuRec.data,sampler,TimeOrderPointwiseSampler,Long parameter list,__init__,231 - 268,/Volumes/BrokeExt/NICHE/wubinzzu_NeuRec/data/sampler.py,"__init__ has 6 parameters, exceeding the max of 5."
wubinzzu_NeuRec.data,sampler,TimeOrderPairwiseSampler,Long parameter list,__init__,308 - 337,/Volumes/BrokeExt/NICHE/wubinzzu_NeuRec/data/sampler.py,"__init__ has 6 parameters, exceeding the max of 5."
wubinzzu_NeuRec.data,sampler,PointwiseSampler,Long statement,__init__,103,/Volumes/BrokeExt/NICHE/wubinzzu_NeuRec/data/sampler.py,A line with 577 chars in __init__ exceeds the maximum length of 120 characters.
wubinzzu_NeuRec.data,sampler,PointwiseSampler,Long statement,__iter__,143,/Volumes/BrokeExt/NICHE/wubinzzu_NeuRec/data/sampler.py,A line with 145 chars in __iter__ exceeds the maximum length of 120 characters.
wubinzzu_NeuRec.data,sampler,PairwiseSampler,Long statement,__init__,171,/Volumes/BrokeExt/NICHE/wubinzzu_NeuRec/data/sampler.py,A line with 576 chars in __init__ exceeds the maximum length of 120 characters.
wubinzzu_NeuRec.data,sampler,PairwiseSampler,Long statement,__iter__,202,/Volumes/BrokeExt/NICHE/wubinzzu_NeuRec/data/sampler.py,A line with 154 chars in __iter__ exceeds the maximum length of 120 characters.
wubinzzu_NeuRec.data,sampler,TimeOrderPointwiseSampler,Long statement,__init__,232,/Volumes/BrokeExt/NICHE/wubinzzu_NeuRec/data/sampler.py,A line with 662 chars in __init__ exceeds the maximum length of 120 characters.
wubinzzu_NeuRec.data,sampler,TimeOrderPointwiseSampler,Long statement,__init__,259,/Volumes/BrokeExt/NICHE/wubinzzu_NeuRec/data/sampler.py,A line with 154 chars in __init__ exceeds the maximum length of 120 characters.
wubinzzu_NeuRec.data,sampler,TimeOrderPointwiseSampler,Long statement,__iter__,278,/Volumes/BrokeExt/NICHE/wubinzzu_NeuRec/data/sampler.py,A line with 174 chars in __iter__ exceeds the maximum length of 120 characters.
wubinzzu_NeuRec.data,sampler,TimeOrderPairwiseSampler,Long statement,__init__,309,/Volumes/BrokeExt/NICHE/wubinzzu_NeuRec/data/sampler.py,A line with 661 chars in __init__ exceeds the maximum length of 120 characters.
wubinzzu_NeuRec.data,sampler,TimeOrderPairwiseSampler,Long statement,__init__,336,/Volumes/BrokeExt/NICHE/wubinzzu_NeuRec/data/sampler.py,A line with 164 chars in __init__ exceeds the maximum length of 120 characters.
wubinzzu_NeuRec.data,sampler,TimeOrderPairwiseSampler,Long statement,__iter__,343,/Volumes/BrokeExt/NICHE/wubinzzu_NeuRec/data/sampler.py,A line with 178 chars in __iter__ exceeds the maximum length of 120 characters.
wubinzzu_NeuRec.data,sampler,PointwiseSampler,Magic number,__init__,102,/Volumes/BrokeExt/NICHE/wubinzzu_NeuRec/data/sampler.py,Magic number 1024 used in __init__.
wubinzzu_NeuRec.data,sampler,PairwiseSampler,Magic number,__init__,170,/Volumes/BrokeExt/NICHE/wubinzzu_NeuRec/data/sampler.py,Magic number 1024 used in __init__.
wubinzzu_NeuRec.data,sampler,TimeOrderPointwiseSampler,Magic number,__init__,231,/Volumes/BrokeExt/NICHE/wubinzzu_NeuRec/data/sampler.py,Magic number 1024 used in __init__.
wubinzzu_NeuRec.data,sampler,TimeOrderPairwiseSampler,Magic number,__init__,308,/Volumes/BrokeExt/NICHE/wubinzzu_NeuRec/data/sampler.py,Magic number 1024 used in __init__.
wubinzzu_NeuRec.data,utils,,Magic number,split_by_ratio,60,/Volumes/BrokeExt/NICHE/wubinzzu_NeuRec/data/utils.py,Magic number 0.8 used in split_by_ratio.
wubinzzu_NeuRec.data,utils,,Magic number,split_by_loo,94,/Volumes/BrokeExt/NICHE/wubinzzu_NeuRec/data/utils.py,Magic number 3 used in split_by_loo.
wubinzzu_NeuRec.evaluator,abstract_evaluator,AbstractEvaluator,Long statement,metrics_info,14,/Volumes/BrokeExt/NICHE/wubinzzu_NeuRec/evaluator/abstract_evaluator.py,A line with 200 chars in metrics_info exceeds the maximum length of 120 characters.
wubinzzu_NeuRec.evaluator,abstract_evaluator,AbstractEvaluator,Long statement,evaluate,23,/Volumes/BrokeExt/NICHE/wubinzzu_NeuRec/evaluator/abstract_evaluator.py,A line with 496 chars in evaluate exceeds the maximum length of 120 characters.
wubinzzu_NeuRec.evaluator,grouped_evaluator,GroupedEvaluator,Long parameter list,__init__,24 - 80,/Volumes/BrokeExt/NICHE/wubinzzu_NeuRec/evaluator/grouped_evaluator.py,"__init__ has 8 parameters, exceeding the max of 5."
wubinzzu_NeuRec.evaluator,grouped_evaluator,GroupedEvaluator,Long statement,__init__,26,/Volumes/BrokeExt/NICHE/wubinzzu_NeuRec/evaluator/grouped_evaluator.py,A line with 1345 chars in __init__ exceeds the maximum length of 120 characters.
wubinzzu_NeuRec.evaluator,grouped_evaluator,GroupedEvaluator,Long statement,__init__,56,/Volumes/BrokeExt/NICHE/wubinzzu_NeuRec/evaluator/grouped_evaluator.py,A line with 151 chars in __init__ exceeds the maximum length of 120 characters.
wubinzzu_NeuRec.evaluator,grouped_evaluator,GroupedEvaluator,Long statement,metrics_info,83,/Volumes/BrokeExt/NICHE/wubinzzu_NeuRec/evaluator/grouped_evaluator.py,A line with 200 chars in metrics_info exceeds the maximum length of 120 characters.
wubinzzu_NeuRec.evaluator,grouped_evaluator,GroupedEvaluator,Long statement,evaluate,92,/Volumes/BrokeExt/NICHE/wubinzzu_NeuRec/evaluator/grouped_evaluator.py,A line with 780 chars in evaluate exceeds the maximum length of 120 characters.
wubinzzu_NeuRec.evaluator,grouped_evaluator,GroupedEvaluator,Magic number,__init__,25,/Volumes/BrokeExt/NICHE/wubinzzu_NeuRec/evaluator/grouped_evaluator.py,Magic number 50 used in __init__.
wubinzzu_NeuRec.evaluator,grouped_evaluator,GroupedEvaluator,Magic number,__init__,25,/Volumes/BrokeExt/NICHE/wubinzzu_NeuRec/evaluator/grouped_evaluator.py,Magic number 1024 used in __init__.
wubinzzu_NeuRec.evaluator,grouped_evaluator,GroupedEvaluator,Magic number,__init__,25,/Volumes/BrokeExt/NICHE/wubinzzu_NeuRec/evaluator/grouped_evaluator.py,Magic number 8 used in __init__.
wubinzzu_NeuRec.evaluator,proxy_evaluator,ProxyEvaluator,Long parameter list,__init__,41 - 84,/Volumes/BrokeExt/NICHE/wubinzzu_NeuRec/evaluator/proxy_evaluator.py,"__init__ has 8 parameters, exceeding the max of 5."
wubinzzu_NeuRec.evaluator,proxy_evaluator,ProxyEvaluator,Long statement,__init__,43,/Volumes/BrokeExt/NICHE/wubinzzu_NeuRec/evaluator/proxy_evaluator.py,A line with 1659 chars in __init__ exceeds the maximum length of 120 characters.
wubinzzu_NeuRec.evaluator,proxy_evaluator,ProxyEvaluator,Long statement,__init__,76,/Volumes/BrokeExt/NICHE/wubinzzu_NeuRec/evaluator/proxy_evaluator.py,A line with 178 chars in __init__ exceeds the maximum length of 120 characters.
wubinzzu_NeuRec.evaluator,proxy_evaluator,ProxyEvaluator,Long statement,__init__,81,/Volumes/BrokeExt/NICHE/wubinzzu_NeuRec/evaluator/proxy_evaluator.py,A line with 151 chars in __init__ exceeds the maximum length of 120 characters.
wubinzzu_NeuRec.evaluator,proxy_evaluator,ProxyEvaluator,Long statement,metrics_info,87,/Volumes/BrokeExt/NICHE/wubinzzu_NeuRec/evaluator/proxy_evaluator.py,A line with 204 chars in metrics_info exceeds the maximum length of 120 characters.
wubinzzu_NeuRec.evaluator,proxy_evaluator,ProxyEvaluator,Long statement,evaluate,96,/Volumes/BrokeExt/NICHE/wubinzzu_NeuRec/evaluator/proxy_evaluator.py,A line with 500 chars in evaluate exceeds the maximum length of 120 characters.
wubinzzu_NeuRec.evaluator,proxy_evaluator,ProxyEvaluator,Magic number,__init__,42,/Volumes/BrokeExt/NICHE/wubinzzu_NeuRec/evaluator/proxy_evaluator.py,Magic number 50 used in __init__.
wubinzzu_NeuRec.evaluator,proxy_evaluator,ProxyEvaluator,Magic number,__init__,42,/Volumes/BrokeExt/NICHE/wubinzzu_NeuRec/evaluator/proxy_evaluator.py,Magic number 1024 used in __init__.
wubinzzu_NeuRec.evaluator,proxy_evaluator,ProxyEvaluator,Magic number,__init__,42,/Volumes/BrokeExt/NICHE/wubinzzu_NeuRec/evaluator/proxy_evaluator.py,Magic number 8 used in __init__.
wubinzzu_NeuRec.evaluator.backend.cpp,uni_evaluator,UniEvaluator,Complex method,__init__,35 - 87,/Volumes/BrokeExt/NICHE/wubinzzu_NeuRec/evaluator/backend/cpp/uni_evaluator.py,"Method '__init__' has a cyclomatic complexity of 7, exceeding the max of 6."
wubinzzu_NeuRec.evaluator.backend.cpp,uni_evaluator,UniEvaluator,Complex method,evaluate,101 - 157,/Volumes/BrokeExt/NICHE/wubinzzu_NeuRec/evaluator/backend/cpp/uni_evaluator.py,"Method 'evaluate' has a cyclomatic complexity of 9, exceeding the max of 6."
wubinzzu_NeuRec.evaluator.backend.cpp,uni_evaluator,UniEvaluator,Long parameter list,__init__,35 - 87,/Volumes/BrokeExt/NICHE/wubinzzu_NeuRec/evaluator/backend/cpp/uni_evaluator.py,"__init__ has 7 parameters, exceeding the max of 5."
wubinzzu_NeuRec.evaluator.backend.cpp,uni_evaluator,UniEvaluator,Long statement,__init__,37,/Volumes/BrokeExt/NICHE/wubinzzu_NeuRec/evaluator/backend/cpp/uni_evaluator.py,A line with 1219 chars in __init__ exceeds the maximum length of 120 characters.
wubinzzu_NeuRec.evaluator.backend.cpp,uni_evaluator,UniEvaluator,Long statement,metrics_info,90,/Volumes/BrokeExt/NICHE/wubinzzu_NeuRec/evaluator/backend/cpp/uni_evaluator.py,A line with 204 chars in metrics_info exceeds the maximum length of 120 characters.
wubinzzu_NeuRec.evaluator.backend.cpp,uni_evaluator,UniEvaluator,Long statement,metrics_info,96,/Volumes/BrokeExt/NICHE/wubinzzu_NeuRec/evaluator/backend/cpp/uni_evaluator.py,A line with 133 chars in metrics_info exceeds the maximum length of 120 characters.
wubinzzu_NeuRec.evaluator.backend.cpp,uni_evaluator,UniEvaluator,Long statement,evaluate,102,/Volumes/BrokeExt/NICHE/wubinzzu_NeuRec/evaluator/backend/cpp/uni_evaluator.py,A line with 512 chars in evaluate exceeds the maximum length of 120 characters.
wubinzzu_NeuRec.evaluator.backend.cpp,uni_evaluator,UniEvaluator,Magic number,__init__,36,/Volumes/BrokeExt/NICHE/wubinzzu_NeuRec/evaluator/backend/cpp/uni_evaluator.py,Magic number 50 used in __init__.
wubinzzu_NeuRec.evaluator.backend.cpp,uni_evaluator,UniEvaluator,Magic number,__init__,36,/Volumes/BrokeExt/NICHE/wubinzzu_NeuRec/evaluator/backend/cpp/uni_evaluator.py,Magic number 1024 used in __init__.
wubinzzu_NeuRec.evaluator.backend.cpp,uni_evaluator,UniEvaluator,Magic number,__init__,36,/Volumes/BrokeExt/NICHE/wubinzzu_NeuRec/evaluator/backend/cpp/uni_evaluator.py,Magic number 8 used in __init__.
wubinzzu_NeuRec.evaluator.backend.python,uni_evaluator,UniEvaluator,Complex method,__init__,32 - 83,/Volumes/BrokeExt/NICHE/wubinzzu_NeuRec/evaluator/backend/python/uni_evaluator.py,"Method '__init__' has a cyclomatic complexity of 7, exceeding the max of 6."
wubinzzu_NeuRec.evaluator.backend.python,uni_evaluator,UniEvaluator,Complex method,evaluate,97 - 152,/Volumes/BrokeExt/NICHE/wubinzzu_NeuRec/evaluator/backend/python/uni_evaluator.py,"Method 'evaluate' has a cyclomatic complexity of 7, exceeding the max of 6."
wubinzzu_NeuRec.evaluator.backend.python,uni_evaluator,UniEvaluator,Long parameter list,__init__,32 - 83,/Volumes/BrokeExt/NICHE/wubinzzu_NeuRec/evaluator/backend/python/uni_evaluator.py,"__init__ has 7 parameters, exceeding the max of 5."
wubinzzu_NeuRec.evaluator.backend.python,uni_evaluator,UniEvaluator,Long statement,__init__,34,/Volumes/BrokeExt/NICHE/wubinzzu_NeuRec/evaluator/backend/python/uni_evaluator.py,A line with 1219 chars in __init__ exceeds the maximum length of 120 characters.
wubinzzu_NeuRec.evaluator.backend.python,uni_evaluator,UniEvaluator,Long statement,metrics_info,86,/Volumes/BrokeExt/NICHE/wubinzzu_NeuRec/evaluator/backend/python/uni_evaluator.py,A line with 204 chars in metrics_info exceeds the maximum length of 120 characters.
wubinzzu_NeuRec.evaluator.backend.python,uni_evaluator,UniEvaluator,Long statement,evaluate,98,/Volumes/BrokeExt/NICHE/wubinzzu_NeuRec/evaluator/backend/python/uni_evaluator.py,A line with 512 chars in evaluate exceeds the maximum length of 120 characters.
wubinzzu_NeuRec.evaluator.backend.python,uni_evaluator,UniEvaluator,Magic number,__init__,33,/Volumes/BrokeExt/NICHE/wubinzzu_NeuRec/evaluator/backend/python/uni_evaluator.py,Magic number 50 used in __init__.
wubinzzu_NeuRec.evaluator.backend.python,uni_evaluator,UniEvaluator,Magic number,__init__,33,/Volumes/BrokeExt/NICHE/wubinzzu_NeuRec/evaluator/backend/python/uni_evaluator.py,Magic number 1024 used in __init__.
wubinzzu_NeuRec.evaluator.backend.python,uni_evaluator,UniEvaluator,Magic number,__init__,33,/Volumes/BrokeExt/NICHE/wubinzzu_NeuRec/evaluator/backend/python/uni_evaluator.py,Magic number 8 used in __init__.
wubinzzu_NeuRec.model,AbstractRecommender,AbstractRecommender,Long statement,__init__,25,/Volumes/BrokeExt/NICHE/wubinzzu_NeuRec/model/AbstractRecommender.py,A line with 267 chars in __init__ exceeds the maximum length of 120 characters.
wubinzzu_NeuRec.model,AbstractRecommender,SocialAbstractRecommender,Long statement,__init__,58,/Volumes/BrokeExt/NICHE/wubinzzu_NeuRec/model/AbstractRecommender.py,A line with 122 chars in __init__ exceeds the maximum length of 120 characters.
wubinzzu_NeuRec.model,AbstractRecommender,,Magic number,_create_logger,13,/Volumes/BrokeExt/NICHE/wubinzzu_NeuRec/model/AbstractRecommender.py,Magic number 150 used in _create_logger.
wubinzzu_NeuRec.model.general_recommender,APR,APR,Long statement,_create_variables,51,/Volumes/BrokeExt/NICHE/wubinzzu_NeuRec/model/general_recommender/APR.py,A line with 132 chars in _create_variables exceeds the maximum length of 120 characters.
wubinzzu_NeuRec.model.general_recommender,APR,APR,Long statement,_create_variables,53,/Volumes/BrokeExt/NICHE/wubinzzu_NeuRec/model/general_recommender/APR.py,A line with 132 chars in _create_variables exceeds the maximum length of 120 characters.
wubinzzu_NeuRec.model.general_recommender,APR,APR,Long statement,train_model,147,/Volumes/BrokeExt/NICHE/wubinzzu_NeuRec/model/general_recommender/APR.py,A line with 134 chars in train_model exceeds the maximum length of 120 characters.
wubinzzu_NeuRec.model.general_recommender,CDAE,CDAE,Long method,train_model,103 - 143,/Volumes/BrokeExt/NICHE/wubinzzu_NeuRec/model/general_recommender/CDAE.py,Method 'train_model' is too long (41 lines).
wubinzzu_NeuRec.model.general_recommender,CDAE,CDAE,Long statement,build_graph,84,/Volumes/BrokeExt/NICHE/wubinzzu_NeuRec/model/general_recommender/CDAE.py,A line with 238 chars in build_graph exceeds the maximum length of 120 characters.
wubinzzu_NeuRec.model.general_recommender,CDAE,,Long statement,,1,/Volumes/BrokeExt/NICHE/wubinzzu_NeuRec/model/general_recommender/CDAE.py,A line with 131 chars in CDAE exceeds the maximum length of 120 characters.
wubinzzu_NeuRec.model.general_recommender,CFGAN,CFGAN,Complex method,train_model,150 - 177,/Volumes/BrokeExt/NICHE/wubinzzu_NeuRec/model/general_recommender/CFGAN.py,"Method 'train_model' has a cyclomatic complexity of 7, exceeding the max of 6."
wubinzzu_NeuRec.model.general_recommender,CFGAN,,Long statement,,1,/Volumes/BrokeExt/NICHE/wubinzzu_NeuRec/model/general_recommender/CFGAN.py,A line with 173 chars in CFGAN exceeds the maximum length of 120 characters.
wubinzzu_NeuRec.model.general_recommender,ConvNCF,ConvNCF,Long statement,_create_loss,123,/Volumes/BrokeExt/NICHE/wubinzzu_NeuRec/model/general_recommender/ConvNCF.py,A line with 238 chars in _create_loss exceeds the maximum length of 120 characters.
wubinzzu_NeuRec.model.general_recommender,ConvNCF,ConvNCF,Long statement,train_model,179,/Volumes/BrokeExt/NICHE/wubinzzu_NeuRec/model/general_recommender/ConvNCF.py,A line with 134 chars in train_model exceeds the maximum length of 120 characters.
wubinzzu_NeuRec.model.general_recommender,ConvNCF,ConvNCF,Magic number,__init__,23,/Volumes/BrokeExt/NICHE/wubinzzu_NeuRec/model/general_recommender/ConvNCF.py,Magic number 2 used in __init__.
wubinzzu_NeuRec.model.general_recommender,DAE,DAE,Long statement,_create_inference,56,/Volumes/BrokeExt/NICHE/wubinzzu_NeuRec/model/general_recommender/DAE.py,A line with 129 chars in _create_inference exceeds the maximum length of 120 characters.
wubinzzu_NeuRec.model.general_recommender,DAE,DAE,Long statement,_create_loss,67,/Volumes/BrokeExt/NICHE/wubinzzu_NeuRec/model/general_recommender/DAE.py,A line with 134 chars in _create_loss exceeds the maximum length of 120 characters.
wubinzzu_NeuRec.model.general_recommender,DAE,DAE,Long statement,train_model,103,/Volumes/BrokeExt/NICHE/wubinzzu_NeuRec/model/general_recommender/DAE.py,A line with 126 chars in train_model exceeds the maximum length of 120 characters.
wubinzzu_NeuRec.model.general_recommender,DAE,,Long statement,,1,/Volumes/BrokeExt/NICHE/wubinzzu_NeuRec/model/general_recommender/DAE.py,A line with 131 chars in DAE exceeds the maximum length of 120 characters.
wubinzzu_NeuRec.model.general_recommender,DMF,DMF,Long statement,train_model,108,/Volumes/BrokeExt/NICHE/wubinzzu_NeuRec/model/general_recommender/DMF.py,A line with 134 chars in train_model exceeds the maximum length of 120 characters.
wubinzzu_NeuRec.model.general_recommender,DMF,,Long statement,,1,/Volumes/BrokeExt/NICHE/wubinzzu_NeuRec/model/general_recommender/DMF.py,A line with 130 chars in DMF exceeds the maximum length of 120 characters.
wubinzzu_NeuRec.model.general_recommender,DeepICF,DeepICF,Long method,_create_variables,69 - 110,/Volumes/BrokeExt/NICHE/wubinzzu_NeuRec/model/general_recommender/DeepICF.py,Method '_create_variables' is too long (42 lines).
wubinzzu_NeuRec.model.general_recommender,DeepICF,DeepICF,Long statement,batch_norm_layer,54,/Volumes/BrokeExt/NICHE/wubinzzu_NeuRec/model/general_recommender/DeepICF.py,A line with 148 chars in batch_norm_layer exceeds the maximum length of 120 characters.
wubinzzu_NeuRec.model.general_recommender,DeepICF,DeepICF,Long statement,batch_norm_layer,56,/Volumes/BrokeExt/NICHE/wubinzzu_NeuRec/model/general_recommender/DeepICF.py,A line with 153 chars in batch_norm_layer exceeds the maximum length of 120 characters.
wubinzzu_NeuRec.model.general_recommender,DeepICF,DeepICF,Long statement,_create_variables,76,/Volumes/BrokeExt/NICHE/wubinzzu_NeuRec/model/general_recommender/DeepICF.py,A line with 126 chars in _create_variables exceeds the maximum length of 120 characters.
wubinzzu_NeuRec.model.general_recommender,DeepICF,DeepICF,Long statement,_create_variables,91,/Volumes/BrokeExt/NICHE/wubinzzu_NeuRec/model/general_recommender/DeepICF.py,A line with 139 chars in _create_variables exceeds the maximum length of 120 characters.
wubinzzu_NeuRec.model.general_recommender,DeepICF,DeepICF,Long statement,_create_variables,94,/Volumes/BrokeExt/NICHE/wubinzzu_NeuRec/model/general_recommender/DeepICF.py,A line with 145 chars in _create_variables exceeds the maximum length of 120 characters.
wubinzzu_NeuRec.model.general_recommender,DeepICF,DeepICF,Long statement,_create_inference,150,/Volumes/BrokeExt/NICHE/wubinzzu_NeuRec/model/general_recommender/DeepICF.py,A line with 150 chars in _create_inference exceeds the maximum length of 120 characters.
wubinzzu_NeuRec.model.general_recommender,DeepICF,DeepICF,Long statement,_create_loss,171,/Volumes/BrokeExt/NICHE/wubinzzu_NeuRec/model/general_recommender/DeepICF.py,A line with 208 chars in _create_loss exceeds the maximum length of 120 characters.
wubinzzu_NeuRec.model.general_recommender,DeepICF,DeepICF,Long statement,train_model,205,/Volumes/BrokeExt/NICHE/wubinzzu_NeuRec/model/general_recommender/DeepICF.py,A line with 142 chars in train_model exceeds the maximum length of 120 characters.
wubinzzu_NeuRec.model.general_recommender,DeepICF,DeepICF,Long statement,train_model,222,/Volumes/BrokeExt/NICHE/wubinzzu_NeuRec/model/general_recommender/DeepICF.py,A line with 134 chars in train_model exceeds the maximum length of 120 characters.
wubinzzu_NeuRec.model.general_recommender,DeepICF,,Long statement,,1,/Volumes/BrokeExt/NICHE/wubinzzu_NeuRec/model/general_recommender/DeepICF.py,A line with 128 chars in DeepICF exceeds the maximum length of 120 characters.
wubinzzu_NeuRec.model.general_recommender,DeepICF,DeepICF,Magic number,__init__,34,/Volumes/BrokeExt/NICHE/wubinzzu_NeuRec/model/general_recommender/DeepICF.py,Magic number 2 used in __init__.
wubinzzu_NeuRec.model.general_recommender,DeepICF,DeepICF,Magic number,_attention_MLP,123,/Volumes/BrokeExt/NICHE/wubinzzu_NeuRec/model/general_recommender/DeepICF.py,Magic number 2 used in _attention_MLP.
wubinzzu_NeuRec.model.general_recommender,FISM,FISM,Complex method,train_model,100 - 144,/Volumes/BrokeExt/NICHE/wubinzzu_NeuRec/model/general_recommender/FISM.py,"Method 'train_model' has a cyclomatic complexity of 7, exceeding the max of 6."
wubinzzu_NeuRec.model.general_recommender,FISM,FISM,Long method,train_model,100 - 144,/Volumes/BrokeExt/NICHE/wubinzzu_NeuRec/model/general_recommender/FISM.py,Method 'train_model' is too long (45 lines).
wubinzzu_NeuRec.model.general_recommender,FISM,FISM,Long statement,_create_loss,81,/Volumes/BrokeExt/NICHE/wubinzzu_NeuRec/model/general_recommender/FISM.py,A line with 151 chars in _create_loss exceeds the maximum length of 120 characters.
wubinzzu_NeuRec.model.general_recommender,FISM,FISM,Long statement,_create_loss,86,/Volumes/BrokeExt/NICHE/wubinzzu_NeuRec/model/general_recommender/FISM.py,A line with 161 chars in _create_loss exceeds the maximum length of 120 characters.
wubinzzu_NeuRec.model.general_recommender,FISM,FISM,Long statement,train_model,104,/Volumes/BrokeExt/NICHE/wubinzzu_NeuRec/model/general_recommender/FISM.py,A line with 149 chars in train_model exceeds the maximum length of 120 characters.
wubinzzu_NeuRec.model.general_recommender,FISM,FISM,Long statement,train_model,106,/Volumes/BrokeExt/NICHE/wubinzzu_NeuRec/model/general_recommender/FISM.py,A line with 152 chars in train_model exceeds the maximum length of 120 characters.
wubinzzu_NeuRec.model.general_recommender,FISM,FISM,Long statement,train_model,110,/Volumes/BrokeExt/NICHE/wubinzzu_NeuRec/model/general_recommender/FISM.py,A line with 142 chars in train_model exceeds the maximum length of 120 characters.
wubinzzu_NeuRec.model.general_recommender,FISM,FISM,Long statement,train_model,141,/Volumes/BrokeExt/NICHE/wubinzzu_NeuRec/model/general_recommender/FISM.py,A line with 127 chars in train_model exceeds the maximum length of 120 characters.
wubinzzu_NeuRec.model.general_recommender,FISM,,Long statement,,1,/Volumes/BrokeExt/NICHE/wubinzzu_NeuRec/model/general_recommender/FISM.py,A line with 139 chars in FISM exceeds the maximum length of 120 characters.
wubinzzu_NeuRec.model.general_recommender,IRGAN,DIS,Long method,__init__,67 - 121,/Volumes/BrokeExt/NICHE/wubinzzu_NeuRec/model/general_recommender/IRGAN.py,Method '__init__' is too long (43 lines).
wubinzzu_NeuRec.model.general_recommender,IRGAN,GEN,Long parameter list,__init__,16 - 63,/Volumes/BrokeExt/NICHE/wubinzzu_NeuRec/model/general_recommender/IRGAN.py,"__init__ has 7 parameters, exceeding the max of 5."
wubinzzu_NeuRec.model.general_recommender,IRGAN,DIS,Long parameter list,__init__,67 - 121,/Volumes/BrokeExt/NICHE/wubinzzu_NeuRec/model/general_recommender/IRGAN.py,"__init__ has 7 parameters, exceeding the max of 5."
wubinzzu_NeuRec.model.general_recommender,IRGAN,GEN,Long statement,__init__,28,/Volumes/BrokeExt/NICHE/wubinzzu_NeuRec/model/general_recommender/IRGAN.py,A line with 153 chars in __init__ exceeds the maximum length of 120 characters.
wubinzzu_NeuRec.model.general_recommender,IRGAN,GEN,Long statement,__init__,31,/Volumes/BrokeExt/NICHE/wubinzzu_NeuRec/model/general_recommender/IRGAN.py,A line with 153 chars in __init__ exceeds the maximum length of 120 characters.
wubinzzu_NeuRec.model.general_recommender,IRGAN,GEN,Long statement,__init__,55,/Volumes/BrokeExt/NICHE/wubinzzu_NeuRec/model/general_recommender/IRGAN.py,A line with 147 chars in __init__ exceeds the maximum length of 120 characters.
wubinzzu_NeuRec.model.general_recommender,IRGAN,GEN,Long statement,__init__,62,/Volumes/BrokeExt/NICHE/wubinzzu_NeuRec/model/general_recommender/IRGAN.py,A line with 123 chars in __init__ exceeds the maximum length of 120 characters.
wubinzzu_NeuRec.model.general_recommender,IRGAN,DIS,Long statement,__init__,79,/Volumes/BrokeExt/NICHE/wubinzzu_NeuRec/model/general_recommender/IRGAN.py,A line with 153 chars in __init__ exceeds the maximum length of 120 characters.
wubinzzu_NeuRec.model.general_recommender,IRGAN,DIS,Long statement,__init__,82,/Volumes/BrokeExt/NICHE/wubinzzu_NeuRec/model/general_recommender/IRGAN.py,A line with 153 chars in __init__ exceeds the maximum length of 120 characters.
wubinzzu_NeuRec.model.general_recommender,IRGAN,DIS,Long statement,__init__,103,/Volumes/BrokeExt/NICHE/wubinzzu_NeuRec/model/general_recommender/IRGAN.py,A line with 174 chars in __init__ exceeds the maximum length of 120 characters.
wubinzzu_NeuRec.model.general_recommender,IRGAN,DIS,Long statement,__init__,117,/Volumes/BrokeExt/NICHE/wubinzzu_NeuRec/model/general_recommender/IRGAN.py,A line with 133 chars in __init__ exceeds the maximum length of 120 characters.
wubinzzu_NeuRec.model.general_recommender,IRGAN,IRGAN,Long statement,build_graph,157,/Volumes/BrokeExt/NICHE/wubinzzu_NeuRec/model/general_recommender/IRGAN.py,A line with 128 chars in build_graph exceeds the maximum length of 120 characters.
wubinzzu_NeuRec.model.general_recommender,IRGAN,IRGAN,Long statement,build_graph,159,/Volumes/BrokeExt/NICHE/wubinzzu_NeuRec/model/general_recommender/IRGAN.py,A line with 121 chars in build_graph exceeds the maximum length of 120 characters.
wubinzzu_NeuRec.model.general_recommender,IRGAN,,Long statement,,1,/Volumes/BrokeExt/NICHE/wubinzzu_NeuRec/model/general_recommender/IRGAN.py,A line with 170 chars in IRGAN exceeds the maximum length of 120 characters.
wubinzzu_NeuRec.model.general_recommender,IRGAN,GEN,Magic number,__init__,16,/Volumes/BrokeExt/NICHE/wubinzzu_NeuRec/model/general_recommender/IRGAN.py,Magic number 0.05 used in __init__.
wubinzzu_NeuRec.model.general_recommender,IRGAN,GEN,Magic number,__init__,16,/Volumes/BrokeExt/NICHE/wubinzzu_NeuRec/model/general_recommender/IRGAN.py,Magic number 0.05 used in __init__.
wubinzzu_NeuRec.model.general_recommender,IRGAN,DIS,Magic number,__init__,67,/Volumes/BrokeExt/NICHE/wubinzzu_NeuRec/model/general_recommender/IRGAN.py,Magic number 0.05 used in __init__.
wubinzzu_NeuRec.model.general_recommender,IRGAN,DIS,Magic number,__init__,67,/Volumes/BrokeExt/NICHE/wubinzzu_NeuRec/model/general_recommender/IRGAN.py,Magic number 0.05 used in __init__.
wubinzzu_NeuRec.model.general_recommender,IRGAN,DIS,Magic number,__init__,111,/Volumes/BrokeExt/NICHE/wubinzzu_NeuRec/model/general_recommender/IRGAN.py,Magic number 2 used in __init__.
wubinzzu_NeuRec.model.general_recommender,IRGAN,DIS,Magic number,__init__,111,/Volumes/BrokeExt/NICHE/wubinzzu_NeuRec/model/general_recommender/IRGAN.py,Magic number 0.5 used in __init__.
wubinzzu_NeuRec.model.general_recommender,IRGAN,IRGAN,Magic number,training_generator,215,/Volumes/BrokeExt/NICHE/wubinzzu_NeuRec/model/general_recommender/IRGAN.py,Magic number 0.2 used in training_generator.
wubinzzu_NeuRec.model.general_recommender,ItemKNN,Compute_Similarity_Euclidean,Complex method,compute_similarity,60 - 214,/Volumes/BrokeExt/NICHE/wubinzzu_NeuRec/model/general_recommender/ItemKNN.py,"Method 'compute_similarity' has a cyclomatic complexity of 18, exceeding the max of 6."
wubinzzu_NeuRec.model.general_recommender,ItemKNN,Compute_Similarity_Python,Complex method,__init__,242 - 317,/Volumes/BrokeExt/NICHE/wubinzzu_NeuRec/model/general_recommender/ItemKNN.py,"Method '__init__' has a cyclomatic complexity of 9, exceeding the max of 6."
wubinzzu_NeuRec.model.general_recommender,ItemKNN,Compute_Similarity_Python,Complex method,compute_similarity,395 - 547,/Volumes/BrokeExt/NICHE/wubinzzu_NeuRec/model/general_recommender/ItemKNN.py,"Method 'compute_similarity' has a cyclomatic complexity of 24, exceeding the max of 6."
wubinzzu_NeuRec.model.general_recommender,ItemKNN,Compute_Similarity_Euclidean,Long identifier,,11,/Volumes/BrokeExt/NICHE/wubinzzu_NeuRec/model/general_recommender/ItemKNN.py,Identifier'relevant_items_partition_sorting' exceeds the maximum length of 30 characters.
wubinzzu_NeuRec.model.general_recommender,ItemKNN,Compute_Similarity_Python,Long identifier,,240,/Volumes/BrokeExt/NICHE/wubinzzu_NeuRec/model/general_recommender/ItemKNN.py,Identifier'relevant_items_partition_sorting' exceeds the maximum length of 30 characters.
wubinzzu_NeuRec.model.general_recommender,ItemKNN,Compute_Similarity_Euclidean,Long method,compute_similarity,60 - 214,/Volumes/BrokeExt/NICHE/wubinzzu_NeuRec/model/general_recommender/ItemKNN.py,Method 'compute_similarity' is too long (132 lines).
wubinzzu_NeuRec.model.general_recommender,ItemKNN,Compute_Similarity_Python,Long method,__init__,242 - 317,/Volumes/BrokeExt/NICHE/wubinzzu_NeuRec/model/general_recommender/ItemKNN.py,Method '__init__' is too long (49 lines).
wubinzzu_NeuRec.model.general_recommender,ItemKNN,Compute_Similarity_Python,Long method,compute_similarity,395 - 547,/Volumes/BrokeExt/NICHE/wubinzzu_NeuRec/model/general_recommender/ItemKNN.py,Method 'compute_similarity' is too long (127 lines).
wubinzzu_NeuRec.model.general_recommender,ItemKNN,Compute_Similarity_Euclidean,Long parameter list,__init__,14 - 58,/Volumes/BrokeExt/NICHE/wubinzzu_NeuRec/model/general_recommender/ItemKNN.py,"__init__ has 7 parameters, exceeding the max of 5."
wubinzzu_NeuRec.model.general_recommender,ItemKNN,Compute_Similarity_Python,Long parameter list,__init__,242 - 317,/Volumes/BrokeExt/NICHE/wubinzzu_NeuRec/model/general_recommender/ItemKNN.py,"__init__ has 8 parameters, exceeding the max of 5."
wubinzzu_NeuRec.model.general_recommender,ItemKNN,Compute_Similarity_Euclidean,Long statement,__init__,16,/Volumes/BrokeExt/NICHE/wubinzzu_NeuRec/model/general_recommender/ItemKNN.py,A line with 850 chars in __init__ exceeds the maximum length of 120 characters.
wubinzzu_NeuRec.model.general_recommender,ItemKNN,Compute_Similarity_Euclidean,Long statement,__init__,52,/Volumes/BrokeExt/NICHE/wubinzzu_NeuRec/model/general_recommender/ItemKNN.py,A line with 193 chars in __init__ exceeds the maximum length of 120 characters.
wubinzzu_NeuRec.model.general_recommender,ItemKNN,Compute_Similarity_Euclidean,Long statement,compute_similarity,61,/Volumes/BrokeExt/NICHE/wubinzzu_NeuRec/model/general_recommender/ItemKNN.py,A line with 222 chars in compute_similarity exceeds the maximum length of 120 characters.
wubinzzu_NeuRec.model.general_recommender,ItemKNN,Compute_Similarity_Euclidean,Long statement,compute_similarity,108,/Volumes/BrokeExt/NICHE/wubinzzu_NeuRec/model/general_recommender/ItemKNN.py,A line with 221 chars in compute_similarity exceeds the maximum length of 120 characters.
wubinzzu_NeuRec.model.general_recommender,ItemKNN,Compute_Similarity,Long statement,__init__,218,/Volumes/BrokeExt/NICHE/wubinzzu_NeuRec/model/general_recommender/ItemKNN.py,A line with 687 chars in __init__ exceeds the maximum length of 120 characters.
wubinzzu_NeuRec.model.general_recommender,ItemKNN,Compute_Similarity_Python,Long statement,__init__,245,/Volumes/BrokeExt/NICHE/wubinzzu_NeuRec/model/general_recommender/ItemKNN.py,A line with 1339 chars in __init__ exceeds the maximum length of 120 characters.
wubinzzu_NeuRec.model.general_recommender,ItemKNN,Compute_Similarity_Python,Long statement,__init__,264,/Volumes/BrokeExt/NICHE/wubinzzu_NeuRec/model/general_recommender/ItemKNN.py,A line with 253 chars in __init__ exceeds the maximum length of 120 characters.
wubinzzu_NeuRec.model.general_recommender,ItemKNN,Compute_Similarity_Python,Long statement,__init__,312,/Volumes/BrokeExt/NICHE/wubinzzu_NeuRec/model/general_recommender/ItemKNN.py,A line with 226 chars in __init__ exceeds the maximum length of 120 characters.
wubinzzu_NeuRec.model.general_recommender,ItemKNN,Compute_Similarity_Python,Long statement,applyAdjustedCosine,345,/Volumes/BrokeExt/NICHE/wubinzzu_NeuRec/model/general_recommender/ItemKNN.py,A line with 170 chars in applyAdjustedCosine exceeds the maximum length of 120 characters.
wubinzzu_NeuRec.model.general_recommender,ItemKNN,Compute_Similarity_Python,Long statement,applyPearsonCorrelation,375,/Volumes/BrokeExt/NICHE/wubinzzu_NeuRec/model/general_recommender/ItemKNN.py,A line with 170 chars in applyPearsonCorrelation exceeds the maximum length of 120 characters.
wubinzzu_NeuRec.model.general_recommender,ItemKNN,Compute_Similarity_Python,Long statement,compute_similarity,396,/Volumes/BrokeExt/NICHE/wubinzzu_NeuRec/model/general_recommender/ItemKNN.py,A line with 222 chars in compute_similarity exceeds the maximum length of 120 characters.
wubinzzu_NeuRec.model.general_recommender,ItemKNN,Compute_Similarity_Python,Long statement,compute_similarity,497,/Volumes/BrokeExt/NICHE/wubinzzu_NeuRec/model/general_recommender/ItemKNN.py,A line with 199 chars in compute_similarity exceeds the maximum length of 120 characters.
wubinzzu_NeuRec.model.general_recommender,ItemKNN,Compute_Similarity_Python,Long statement,compute_similarity,531,/Volumes/BrokeExt/NICHE/wubinzzu_NeuRec/model/general_recommender/ItemKNN.py,A line with 221 chars in compute_similarity exceeds the maximum length of 120 characters.
wubinzzu_NeuRec.model.general_recommender,ItemKNN,ItemKNN,Long statement,build_graph,569,/Volumes/BrokeExt/NICHE/wubinzzu_NeuRec/model/general_recommender/ItemKNN.py,A line with 236 chars in build_graph exceeds the maximum length of 120 characters.
wubinzzu_NeuRec.model.general_recommender,ItemKNN,Compute_Similarity_Euclidean,Magic number,__init__,14,/Volumes/BrokeExt/NICHE/wubinzzu_NeuRec/model/general_recommender/ItemKNN.py,Magic number 100 used in __init__.
wubinzzu_NeuRec.model.general_recommender,ItemKNN,Compute_Similarity_Euclidean,Magic number,compute_similarity,60,/Volumes/BrokeExt/NICHE/wubinzzu_NeuRec/model/general_recommender/ItemKNN.py,Magic number 100 used in compute_similarity.
wubinzzu_NeuRec.model.general_recommender,ItemKNN,Compute_Similarity_Euclidean,Magic number,compute_similarity,105,/Volumes/BrokeExt/NICHE/wubinzzu_NeuRec/model/general_recommender/ItemKNN.py,Magic number 30 used in compute_similarity.
wubinzzu_NeuRec.model.general_recommender,ItemKNN,Compute_Similarity_Euclidean,Magic number,compute_similarity,151,/Volumes/BrokeExt/NICHE/wubinzzu_NeuRec/model/general_recommender/ItemKNN.py,Magic number 2 used in compute_similarity.
wubinzzu_NeuRec.model.general_recommender,ItemKNN,Compute_Similarity_Euclidean,Magic number,compute_similarity,106,/Volumes/BrokeExt/NICHE/wubinzzu_NeuRec/model/general_recommender/ItemKNN.py,Magic number 1e-09 used in compute_similarity.
wubinzzu_NeuRec.model.general_recommender,ItemKNN,Compute_Similarity_Euclidean,Magic number,compute_similarity,169,/Volumes/BrokeExt/NICHE/wubinzzu_NeuRec/model/general_recommender/ItemKNN.py,Magic number 1e-09 used in compute_similarity.
wubinzzu_NeuRec.model.general_recommender,ItemKNN,Compute_Similarity_Euclidean,Magic number,compute_similarity,172,/Volumes/BrokeExt/NICHE/wubinzzu_NeuRec/model/general_recommender/ItemKNN.py,Magic number 1e-09 used in compute_similarity.
wubinzzu_NeuRec.model.general_recommender,ItemKNN,Compute_Similarity_Euclidean,Magic number,compute_similarity,175,/Volumes/BrokeExt/NICHE/wubinzzu_NeuRec/model/general_recommender/ItemKNN.py,Magic number 1e-09 used in compute_similarity.
wubinzzu_NeuRec.model.general_recommender,ItemKNN,Compute_Similarity_Python,Magic number,__init__,242,/Volumes/BrokeExt/NICHE/wubinzzu_NeuRec/model/general_recommender/ItemKNN.py,Magic number 100 used in __init__.
wubinzzu_NeuRec.model.general_recommender,ItemKNN,Compute_Similarity_Python,Magic number,__init__,243,/Volumes/BrokeExt/NICHE/wubinzzu_NeuRec/model/general_recommender/ItemKNN.py,Magic number 0.5 used in __init__.
wubinzzu_NeuRec.model.general_recommender,ItemKNN,Compute_Similarity_Python,Magic number,applyAdjustedCosine,340,/Volumes/BrokeExt/NICHE/wubinzzu_NeuRec/model/general_recommender/ItemKNN.py,Magic number 1000 used in applyAdjustedCosine.
wubinzzu_NeuRec.model.general_recommender,ItemKNN,Compute_Similarity_Python,Magic number,applyPearsonCorrelation,370,/Volumes/BrokeExt/NICHE/wubinzzu_NeuRec/model/general_recommender/ItemKNN.py,Magic number 1000 used in applyPearsonCorrelation.
wubinzzu_NeuRec.model.general_recommender,ItemKNN,Compute_Similarity_Python,Magic number,useOnlyBooleanInteractions,386,/Volumes/BrokeExt/NICHE/wubinzzu_NeuRec/model/general_recommender/ItemKNN.py,Magic number 1000 used in useOnlyBooleanInteractions.
wubinzzu_NeuRec.model.general_recommender,ItemKNN,Compute_Similarity_Python,Magic number,compute_similarity,395,/Volumes/BrokeExt/NICHE/wubinzzu_NeuRec/model/general_recommender/ItemKNN.py,Magic number 100 used in compute_similarity.
wubinzzu_NeuRec.model.general_recommender,ItemKNN,Compute_Similarity_Python,Magic number,compute_similarity,528,/Volumes/BrokeExt/NICHE/wubinzzu_NeuRec/model/general_recommender/ItemKNN.py,Magic number 30 used in compute_similarity.
wubinzzu_NeuRec.model.general_recommender,ItemKNN,Compute_Similarity_Python,Magic number,compute_similarity,529,/Volumes/BrokeExt/NICHE/wubinzzu_NeuRec/model/general_recommender/ItemKNN.py,Magic number 1e-09 used in compute_similarity.
wubinzzu_NeuRec.model.general_recommender,ItemKNN,Compute_Similarity_Python,Magic number,compute_similarity,480,/Volumes/BrokeExt/NICHE/wubinzzu_NeuRec/model/general_recommender/ItemKNN.py,Magic number 1e-06 used in compute_similarity.
wubinzzu_NeuRec.model.general_recommender,ItemKNN,Compute_Similarity_Python,Magic number,compute_similarity,482,/Volumes/BrokeExt/NICHE/wubinzzu_NeuRec/model/general_recommender/ItemKNN.py,Magic number 1e-06 used in compute_similarity.
wubinzzu_NeuRec.model.general_recommender,ItemKNN,Compute_Similarity_Python,Magic number,compute_similarity,489,/Volumes/BrokeExt/NICHE/wubinzzu_NeuRec/model/general_recommender/ItemKNN.py,Magic number 1e-06 used in compute_similarity.
wubinzzu_NeuRec.model.general_recommender,ItemKNN,Compute_Similarity_Python,Magic number,compute_similarity,493,/Volumes/BrokeExt/NICHE/wubinzzu_NeuRec/model/general_recommender/ItemKNN.py,Magic number 1e-06 used in compute_similarity.
wubinzzu_NeuRec.model.general_recommender,ItemKNN,Compute_Similarity_Python,Magic number,compute_similarity,499,/Volumes/BrokeExt/NICHE/wubinzzu_NeuRec/model/general_recommender/ItemKNN.py,Magic number 1e-06 used in compute_similarity.
wubinzzu_NeuRec.model.general_recommender,JCA,JCA,Complex method,train_model,125 - 164,/Volumes/BrokeExt/NICHE/wubinzzu_NeuRec/model/general_recommender/JCA.py,"Method 'train_model' has a cyclomatic complexity of 7, exceeding the max of 6."
wubinzzu_NeuRec.model.general_recommender,JCA,JCA,Long statement,_create_inference,97,/Volumes/BrokeExt/NICHE/wubinzzu_NeuRec/model/general_recommender/JCA.py,A line with 154 chars in _create_inference exceeds the maximum length of 120 characters.
wubinzzu_NeuRec.model.general_recommender,JCA,JCA,Long statement,train_model,150,/Volumes/BrokeExt/NICHE/wubinzzu_NeuRec/model/general_recommender/JCA.py,A line with 328 chars in train_model exceeds the maximum length of 120 characters.
wubinzzu_NeuRec.model.general_recommender,JCA,,Long statement,,1,/Volumes/BrokeExt/NICHE/wubinzzu_NeuRec/model/general_recommender/JCA.py,A line with 133 chars in JCA exceeds the maximum length of 120 characters.
wubinzzu_NeuRec.model.general_recommender,JCA,JCA,Magic number,_create_inference,98,/Volumes/BrokeExt/NICHE/wubinzzu_NeuRec/model/general_recommender/JCA.py,Magic number 2.0 used in _create_inference.
wubinzzu_NeuRec.model.general_recommender,JCA,JCA,Magic number,_create_loss,110,/Volumes/BrokeExt/NICHE/wubinzzu_NeuRec/model/general_recommender/JCA.py,Magic number 0.5 used in _create_loss.
wubinzzu_NeuRec.model.general_recommender,LightGCN,LightGCN,Long method,create_adj_mat,35 - 78,/Volumes/BrokeExt/NICHE/wubinzzu_NeuRec/model/general_recommender/LightGCN.py,Method 'create_adj_mat' is too long (41 lines).
wubinzzu_NeuRec.model.general_recommender,LightGCN,LightGCN,Long statement,build_graph,95,/Volumes/BrokeExt/NICHE/wubinzzu_NeuRec/model/general_recommender/LightGCN.py,A line with 154 chars in build_graph exceeds the maximum length of 120 characters.
wubinzzu_NeuRec.model.general_recommender,LightGCN,LightGCN,Long statement,build_graph,106,/Volumes/BrokeExt/NICHE/wubinzzu_NeuRec/model/general_recommender/LightGCN.py,A line with 121 chars in build_graph exceeds the maximum length of 120 characters.
wubinzzu_NeuRec.model.general_recommender,LightGCN,LightGCN,Long statement,build_graph,110,/Volumes/BrokeExt/NICHE/wubinzzu_NeuRec/model/general_recommender/LightGCN.py,A line with 145 chars in build_graph exceeds the maximum length of 120 characters.
wubinzzu_NeuRec.model.general_recommender,LightGCN,LightGCN,Long statement,build_graph,112,/Volumes/BrokeExt/NICHE/wubinzzu_NeuRec/model/general_recommender/LightGCN.py,A line with 145 chars in build_graph exceeds the maximum length of 120 characters.
wubinzzu_NeuRec.model.general_recommender,LightGCN,LightGCN,Long statement,build_graph,115,/Volumes/BrokeExt/NICHE/wubinzzu_NeuRec/model/general_recommender/LightGCN.py,A line with 136 chars in build_graph exceeds the maximum length of 120 characters.
wubinzzu_NeuRec.model.general_recommender,LightGCN,LightGCN,Long statement,build_graph,121,/Volumes/BrokeExt/NICHE/wubinzzu_NeuRec/model/general_recommender/LightGCN.py,A line with 134 chars in build_graph exceeds the maximum length of 120 characters.
wubinzzu_NeuRec.model.general_recommender,LightGCN,LightGCN,Long statement,build_graph,125,/Volumes/BrokeExt/NICHE/wubinzzu_NeuRec/model/general_recommender/LightGCN.py,A line with 123 chars in build_graph exceeds the maximum length of 120 characters.
wubinzzu_NeuRec.model.general_recommender,LightGCN,,Long statement,,1,/Volumes/BrokeExt/NICHE/wubinzzu_NeuRec/model/general_recommender/LightGCN.py,A line with 226 chars in LightGCN exceeds the maximum length of 120 characters.
wubinzzu_NeuRec.model.general_recommender,MF,MF,Complex method,train_model,85 - 113,/Volumes/BrokeExt/NICHE/wubinzzu_NeuRec/model/general_recommender/MF.py,"Method 'train_model' has a cyclomatic complexity of 7, exceeding the max of 6."
wubinzzu_NeuRec.model.general_recommender,MF,MF,Long statement,_create_variables,49,/Volumes/BrokeExt/NICHE/wubinzzu_NeuRec/model/general_recommender/MF.py,A line with 128 chars in _create_variables exceeds the maximum length of 120 characters.
wubinzzu_NeuRec.model.general_recommender,MF,MF,Long statement,_create_variables,51,/Volumes/BrokeExt/NICHE/wubinzzu_NeuRec/model/general_recommender/MF.py,A line with 128 chars in _create_variables exceeds the maximum length of 120 characters.
wubinzzu_NeuRec.model.general_recommender,MF,MF,Long statement,train_model,110,/Volumes/BrokeExt/NICHE/wubinzzu_NeuRec/model/general_recommender/MF.py,A line with 126 chars in train_model exceeds the maximum length of 120 characters.
wubinzzu_NeuRec.model.general_recommender,MF,,Long statement,,1,/Volumes/BrokeExt/NICHE/wubinzzu_NeuRec/model/general_recommender/MF.py,A line with 206 chars in MF exceeds the maximum length of 120 characters.
wubinzzu_NeuRec.model.general_recommender,MLP,MLP,Complex method,train_model,95 - 124,/Volumes/BrokeExt/NICHE/wubinzzu_NeuRec/model/general_recommender/MLP.py,"Method 'train_model' has a cyclomatic complexity of 7, exceeding the max of 6."
wubinzzu_NeuRec.model.general_recommender,MLP,MLP,Long statement,_create_variables,48,/Volumes/BrokeExt/NICHE/wubinzzu_NeuRec/model/general_recommender/MLP.py,A line with 140 chars in _create_variables exceeds the maximum length of 120 characters.
wubinzzu_NeuRec.model.general_recommender,MLP,MLP,Long statement,_create_variables,50,/Volumes/BrokeExt/NICHE/wubinzzu_NeuRec/model/general_recommender/MLP.py,A line with 140 chars in _create_variables exceeds the maximum length of 120 characters.
wubinzzu_NeuRec.model.general_recommender,MLP,MLP,Long statement,_create_variables,53,/Volumes/BrokeExt/NICHE/wubinzzu_NeuRec/model/general_recommender/MLP.py,A line with 143 chars in _create_variables exceeds the maximum length of 120 characters.
wubinzzu_NeuRec.model.general_recommender,MLP,MLP,Long statement,train_model,102,/Volumes/BrokeExt/NICHE/wubinzzu_NeuRec/model/general_recommender/MLP.py,A line with 129 chars in train_model exceeds the maximum length of 120 characters.
wubinzzu_NeuRec.model.general_recommender,MLP,MLP,Long statement,train_model,121,/Volumes/BrokeExt/NICHE/wubinzzu_NeuRec/model/general_recommender/MLP.py,A line with 134 chars in train_model exceeds the maximum length of 120 characters.
wubinzzu_NeuRec.model.general_recommender,MultiDAE,MultiDAE,Complex method,train_model,93 - 123,/Volumes/BrokeExt/NICHE/wubinzzu_NeuRec/model/general_recommender/MultiDAE.py,"Method 'train_model' has a cyclomatic complexity of 8, exceeding the max of 6."
wubinzzu_NeuRec.model.general_recommender,MultiDAE,MultiDAE,Long statement,train_model,120,/Volumes/BrokeExt/NICHE/wubinzzu_NeuRec/model/general_recommender/MultiDAE.py,A line with 134 chars in train_model exceeds the maximum length of 120 characters.
wubinzzu_NeuRec.model.general_recommender,MultiDAE,MultiDAE,Magic number,_create_loss,80,/Volumes/BrokeExt/NICHE/wubinzzu_NeuRec/model/general_recommender/MultiDAE.py,Magic number 2 used in _create_loss.
wubinzzu_NeuRec.model.general_recommender,MultiDAE,MultiDAE,Magic number,train_model,117,/Volumes/BrokeExt/NICHE/wubinzzu_NeuRec/model/general_recommender/MultiDAE.py,Magic number 0.5 used in train_model.
wubinzzu_NeuRec.model.general_recommender,MultiVAE,MultiVAE,Complex method,train_model,137 - 178,/Volumes/BrokeExt/NICHE/wubinzzu_NeuRec/model/general_recommender/MultiVAE.py,"Method 'train_model' has a cyclomatic complexity of 9, exceeding the max of 6."
wubinzzu_NeuRec.model.general_recommender,MultiVAE,MultiVAE,Long method,train_model,137 - 178,/Volumes/BrokeExt/NICHE/wubinzzu_NeuRec/model/general_recommender/MultiVAE.py,Method 'train_model' is too long (42 lines).
wubinzzu_NeuRec.model.general_recommender,MultiVAE,MultiVAE,Long statement,train_model,175,/Volumes/BrokeExt/NICHE/wubinzzu_NeuRec/model/general_recommender/MultiVAE.py,A line with 134 chars in train_model exceeds the maximum length of 120 characters.
wubinzzu_NeuRec.model.general_recommender,MultiVAE,MultiVAE,Magic number,_create_variables,55,/Volumes/BrokeExt/NICHE/wubinzzu_NeuRec/model/general_recommender/MultiVAE.py,Magic number 2 used in _create_variables.
wubinzzu_NeuRec.model.general_recommender,MultiVAE,MultiVAE,Magic number,_create_loss,124,/Volumes/BrokeExt/NICHE/wubinzzu_NeuRec/model/general_recommender/MultiVAE.py,Magic number 2 used in _create_loss.
wubinzzu_NeuRec.model.general_recommender,MultiVAE,MultiVAE,Magic number,train_model,168,/Volumes/BrokeExt/NICHE/wubinzzu_NeuRec/model/general_recommender/MultiVAE.py,Magic number 0.8 used in train_model.
wubinzzu_NeuRec.model.general_recommender,NAIS,NAIS,Complex method,train_model,178 - 222,/Volumes/BrokeExt/NICHE/wubinzzu_NeuRec/model/general_recommender/NAIS.py,"Method 'train_model' has a cyclomatic complexity of 7, exceeding the max of 6."
wubinzzu_NeuRec.model.general_recommender,NAIS,NAIS,Long method,train_model,178 - 222,/Volumes/BrokeExt/NICHE/wubinzzu_NeuRec/model/general_recommender/NAIS.py,Method 'train_model' is too long (45 lines).
wubinzzu_NeuRec.model.general_recommender,NAIS,NAIS,Long statement,_create_variables,71,/Volumes/BrokeExt/NICHE/wubinzzu_NeuRec/model/general_recommender/NAIS.py,A line with 126 chars in _create_variables exceeds the maximum length of 120 characters.
wubinzzu_NeuRec.model.general_recommender,NAIS,NAIS,Long statement,_create_variables,85,/Volumes/BrokeExt/NICHE/wubinzzu_NeuRec/model/general_recommender/NAIS.py,A line with 139 chars in _create_variables exceeds the maximum length of 120 characters.
wubinzzu_NeuRec.model.general_recommender,NAIS,NAIS,Long statement,_create_variables,88,/Volumes/BrokeExt/NICHE/wubinzzu_NeuRec/model/general_recommender/NAIS.py,A line with 145 chars in _create_variables exceeds the maximum length of 120 characters.
wubinzzu_NeuRec.model.general_recommender,NAIS,NAIS,Long statement,_create_inference,105,/Volumes/BrokeExt/NICHE/wubinzzu_NeuRec/model/general_recommender/NAIS.py,A line with 129 chars in _create_inference exceeds the maximum length of 120 characters.
wubinzzu_NeuRec.model.general_recommender,NAIS,NAIS,Long statement,_create_loss,121,/Volumes/BrokeExt/NICHE/wubinzzu_NeuRec/model/general_recommender/NAIS.py,A line with 151 chars in _create_loss exceeds the maximum length of 120 characters.
wubinzzu_NeuRec.model.general_recommender,NAIS,NAIS,Long statement,_create_loss,126,/Volumes/BrokeExt/NICHE/wubinzzu_NeuRec/model/general_recommender/NAIS.py,A line with 161 chars in _create_loss exceeds the maximum length of 120 characters.
wubinzzu_NeuRec.model.general_recommender,NAIS,NAIS,Long statement,train_model,182,/Volumes/BrokeExt/NICHE/wubinzzu_NeuRec/model/general_recommender/NAIS.py,A line with 149 chars in train_model exceeds the maximum length of 120 characters.
wubinzzu_NeuRec.model.general_recommender,NAIS,NAIS,Long statement,train_model,184,/Volumes/BrokeExt/NICHE/wubinzzu_NeuRec/model/general_recommender/NAIS.py,A line with 152 chars in train_model exceeds the maximum length of 120 characters.
wubinzzu_NeuRec.model.general_recommender,NAIS,NAIS,Long statement,train_model,188,/Volumes/BrokeExt/NICHE/wubinzzu_NeuRec/model/general_recommender/NAIS.py,A line with 142 chars in train_model exceeds the maximum length of 120 characters.
wubinzzu_NeuRec.model.general_recommender,NAIS,NAIS,Long statement,train_model,219,/Volumes/BrokeExt/NICHE/wubinzzu_NeuRec/model/general_recommender/NAIS.py,A line with 134 chars in train_model exceeds the maximum length of 120 characters.
wubinzzu_NeuRec.model.general_recommender,NAIS,,Long statement,,1,/Volumes/BrokeExt/NICHE/wubinzzu_NeuRec/model/general_recommender/NAIS.py,A line with 131 chars in NAIS exceeds the maximum length of 120 characters.
wubinzzu_NeuRec.model.general_recommender,NAIS,NAIS,Magic number,__init__,33,/Volumes/BrokeExt/NICHE/wubinzzu_NeuRec/model/general_recommender/NAIS.py,Magic number 2 used in __init__.
wubinzzu_NeuRec.model.general_recommender,NAIS,NAIS,Magic number,_attention_mlp,162,/Volumes/BrokeExt/NICHE/wubinzzu_NeuRec/model/general_recommender/NAIS.py,Magic number 2 used in _attention_mlp.
wubinzzu_NeuRec.model.general_recommender,NGCF,NGCF,Long statement,_create_variables,55,/Volumes/BrokeExt/NICHE/wubinzzu_NeuRec/model/general_recommender/NGCF.py,A line with 548 chars in _create_variables exceeds the maximum length of 120 characters.
wubinzzu_NeuRec.model.general_recommender,NGCF,NGCF,Long statement,_create_inference,77,/Volumes/BrokeExt/NICHE/wubinzzu_NeuRec/model/general_recommender/NGCF.py,A line with 166 chars in _create_inference exceeds the maximum length of 120 characters.
wubinzzu_NeuRec.model.general_recommender,NGCF,NGCF,Long statement,_create_inference,85,/Volumes/BrokeExt/NICHE/wubinzzu_NeuRec/model/general_recommender/NGCF.py,A line with 133 chars in _create_inference exceeds the maximum length of 120 characters.
wubinzzu_NeuRec.model.general_recommender,NGCF,NGCF,Long statement,train_model,137,/Volumes/BrokeExt/NICHE/wubinzzu_NeuRec/model/general_recommender/NGCF.py,A line with 134 chars in train_model exceeds the maximum length of 120 characters.
wubinzzu_NeuRec.model.general_recommender,NGCF,NGCF,Long statement,_create_ngcf_embed,181,/Volumes/BrokeExt/NICHE/wubinzzu_NeuRec/model/general_recommender/NGCF.py,A line with 126 chars in _create_ngcf_embed exceeds the maximum length of 120 characters.
wubinzzu_NeuRec.model.general_recommender,NGCF,NGCF,Long statement,_create_ngcf_embed,187,/Volumes/BrokeExt/NICHE/wubinzzu_NeuRec/model/general_recommender/NGCF.py,A line with 123 chars in _create_ngcf_embed exceeds the maximum length of 120 characters.
wubinzzu_NeuRec.model.general_recommender,NGCF,NGCF,Long statement,_init_weights,262,/Volumes/BrokeExt/NICHE/wubinzzu_NeuRec/model/general_recommender/NGCF.py,A line with 149 chars in _init_weights exceeds the maximum length of 120 characters.
wubinzzu_NeuRec.model.general_recommender,NGCF,NGCF,Long statement,_init_weights,264,/Volumes/BrokeExt/NICHE/wubinzzu_NeuRec/model/general_recommender/NGCF.py,A line with 149 chars in _init_weights exceeds the maximum length of 120 characters.
wubinzzu_NeuRec.model.general_recommender,NGCF,NGCF,Long statement,_init_weights,271,/Volumes/BrokeExt/NICHE/wubinzzu_NeuRec/model/general_recommender/NGCF.py,A line with 144 chars in _init_weights exceeds the maximum length of 120 characters.
wubinzzu_NeuRec.model.general_recommender,NGCF,NGCF,Long statement,_init_weights,273,/Volumes/BrokeExt/NICHE/wubinzzu_NeuRec/model/general_recommender/NGCF.py,A line with 121 chars in _init_weights exceeds the maximum length of 120 characters.
wubinzzu_NeuRec.model.general_recommender,NGCF,NGCF,Long statement,_init_weights,276,/Volumes/BrokeExt/NICHE/wubinzzu_NeuRec/model/general_recommender/NGCF.py,A line with 144 chars in _init_weights exceeds the maximum length of 120 characters.
wubinzzu_NeuRec.model.general_recommender,NGCF,NGCF,Long statement,_init_weights,278,/Volumes/BrokeExt/NICHE/wubinzzu_NeuRec/model/general_recommender/NGCF.py,A line with 121 chars in _init_weights exceeds the maximum length of 120 characters.
wubinzzu_NeuRec.model.general_recommender,NGCF,NGCF,Long statement,_init_weights,281,/Volumes/BrokeExt/NICHE/wubinzzu_NeuRec/model/general_recommender/NGCF.py,A line with 146 chars in _init_weights exceeds the maximum length of 120 characters.
wubinzzu_NeuRec.model.general_recommender,NGCF,NGCF,Long statement,_init_weights,283,/Volumes/BrokeExt/NICHE/wubinzzu_NeuRec/model/general_recommender/NGCF.py,A line with 123 chars in _init_weights exceeds the maximum length of 120 characters.
wubinzzu_NeuRec.model.general_recommender,NGCF,,Long statement,,1,/Volumes/BrokeExt/NICHE/wubinzzu_NeuRec/model/general_recommender/NGCF.py,A line with 187 chars in NGCF exceeds the maximum length of 120 characters.
wubinzzu_NeuRec.model.general_recommender,NGCF,NGCF,Magic number,__init__,32,/Volumes/BrokeExt/NICHE/wubinzzu_NeuRec/model/general_recommender/NGCF.py,Magic number 100 used in __init__.
wubinzzu_NeuRec.model.general_recommender,NeuMF,NeuMF,Complex method,train_model,123 - 151,/Volumes/BrokeExt/NICHE/wubinzzu_NeuRec/model/general_recommender/NeuMF.py,"Method 'train_model' has a cyclomatic complexity of 7, exceeding the max of 6."
wubinzzu_NeuRec.model.general_recommender,NeuMF,NeuMF,Long statement,_create_variables,54,/Volumes/BrokeExt/NICHE/wubinzzu_NeuRec/model/general_recommender/NeuMF.py,A line with 132 chars in _create_variables exceeds the maximum length of 120 characters.
wubinzzu_NeuRec.model.general_recommender,NeuMF,NeuMF,Long statement,_create_variables,56,/Volumes/BrokeExt/NICHE/wubinzzu_NeuRec/model/general_recommender/NeuMF.py,A line with 132 chars in _create_variables exceeds the maximum length of 120 characters.
wubinzzu_NeuRec.model.general_recommender,NeuMF,NeuMF,Long statement,_create_variables,58,/Volumes/BrokeExt/NICHE/wubinzzu_NeuRec/model/general_recommender/NeuMF.py,A line with 140 chars in _create_variables exceeds the maximum length of 120 characters.
wubinzzu_NeuRec.model.general_recommender,NeuMF,NeuMF,Long statement,_create_variables,60,/Volumes/BrokeExt/NICHE/wubinzzu_NeuRec/model/general_recommender/NeuMF.py,A line with 140 chars in _create_variables exceeds the maximum length of 120 characters.
wubinzzu_NeuRec.model.general_recommender,NeuMF,NeuMF,Long statement,_create_loss,94,/Volumes/BrokeExt/NICHE/wubinzzu_NeuRec/model/general_recommender/NeuMF.py,A line with 142 chars in _create_loss exceeds the maximum length of 120 characters.
wubinzzu_NeuRec.model.general_recommender,NeuMF,NeuMF,Long statement,_create_loss,98,/Volumes/BrokeExt/NICHE/wubinzzu_NeuRec/model/general_recommender/NeuMF.py,A line with 153 chars in _create_loss exceeds the maximum length of 120 characters.
wubinzzu_NeuRec.model.general_recommender,NeuMF,NeuMF,Long statement,train_model,148,/Volumes/BrokeExt/NICHE/wubinzzu_NeuRec/model/general_recommender/NeuMF.py,A line with 134 chars in train_model exceeds the maximum length of 120 characters.
wubinzzu_NeuRec.model.general_recommender,SpectralCF,SpectralCF,Long statement,_create_variables,52,/Volumes/BrokeExt/NICHE/wubinzzu_NeuRec/model/general_recommender/SpectralCF.py,A line with 134 chars in _create_variables exceeds the maximum length of 120 characters.
wubinzzu_NeuRec.model.general_recommender,SpectralCF,SpectralCF,Long statement,_create_variables,54,/Volumes/BrokeExt/NICHE/wubinzzu_NeuRec/model/general_recommender/SpectralCF.py,A line with 134 chars in _create_variables exceeds the maximum length of 120 characters.
wubinzzu_NeuRec.model.general_recommender,SpectralCF,SpectralCF,Long statement,train_model,138,/Volumes/BrokeExt/NICHE/wubinzzu_NeuRec/model/general_recommender/SpectralCF.py,A line with 134 chars in train_model exceeds the maximum length of 120 characters.
wubinzzu_NeuRec.model.general_recommender,SpectralCF,SpectralCF,Long statement,evaluate,145,/Volumes/BrokeExt/NICHE/wubinzzu_NeuRec/model/general_recommender/SpectralCF.py,A line with 124 chars in evaluate exceeds the maximum length of 120 characters.
wubinzzu_NeuRec.model.general_recommender,WRMF,WRMF,Long statement,_create_variables,47,/Volumes/BrokeExt/NICHE/wubinzzu_NeuRec/model/general_recommender/WRMF.py,A line with 128 chars in _create_variables exceeds the maximum length of 120 characters.
wubinzzu_NeuRec.model.general_recommender,WRMF,WRMF,Long statement,_create_variables,48,/Volumes/BrokeExt/NICHE/wubinzzu_NeuRec/model/general_recommender/WRMF.py,A line with 128 chars in _create_variables exceeds the maximum length of 120 characters.
wubinzzu_NeuRec.model.sequential_recommender,Caser,Caser,Complex method,_generate_sequences,144 - 172,/Volumes/BrokeExt/NICHE/wubinzzu_NeuRec/model/sequential_recommender/Caser.py,"Method '_generate_sequences' has a cyclomatic complexity of 7, exceeding the max of 6."
wubinzzu_NeuRec.model.sequential_recommender,Caser,Caser,Empty catch block,build_graph,115,/Volumes/BrokeExt/NICHE/wubinzzu_NeuRec/model/sequential_recommender/Caser.py,Empty catch block found in build_graph.
wubinzzu_NeuRec.model.sequential_recommender,Caser,Caser,Long statement,_create_variable,46,/Volumes/BrokeExt/NICHE/wubinzzu_NeuRec/model/sequential_recommender/Caser.py,A line with 145 chars in _create_variable exceeds the maximum length of 120 characters.
wubinzzu_NeuRec.model.sequential_recommender,Caser,Caser,Long statement,_create_variable,50,/Volumes/BrokeExt/NICHE/wubinzzu_NeuRec/model/sequential_recommender/Caser.py,A line with 144 chars in _create_variable exceeds the maximum length of 120 characters.
wubinzzu_NeuRec.model.sequential_recommender,Caser,Caser,Long statement,_create_variable,57,/Volumes/BrokeExt/NICHE/wubinzzu_NeuRec/model/sequential_recommender/Caser.py,A line with 123 chars in _create_variable exceeds the maximum length of 120 characters.
wubinzzu_NeuRec.model.sequential_recommender,Caser,Caser,Long statement,_create_variable,64,/Volumes/BrokeExt/NICHE/wubinzzu_NeuRec/model/sequential_recommender/Caser.py,A line with 151 chars in _create_variable exceeds the maximum length of 120 characters.
wubinzzu_NeuRec.model.sequential_recommender,Caser,Caser,Long statement,_create_variable,67,/Volumes/BrokeExt/NICHE/wubinzzu_NeuRec/model/sequential_recommender/Caser.py,A line with 156 chars in _create_variable exceeds the maximum length of 120 characters.
wubinzzu_NeuRec.model.sequential_recommender,Caser,,Long statement,,1,/Volumes/BrokeExt/NICHE/wubinzzu_NeuRec/model/sequential_recommender/Caser.py,A line with 207 chars in Caser exceeds the maximum length of 120 characters.
wubinzzu_NeuRec.model.sequential_recommender,FPMC,FPMC,Complex method,train_model,97 - 134,/Volumes/BrokeExt/NICHE/wubinzzu_NeuRec/model/sequential_recommender/FPMC.py,"Method 'train_model' has a cyclomatic complexity of 7, exceeding the max of 6."
wubinzzu_NeuRec.model.sequential_recommender,FPMC,FPMC,Long statement,_create_variables,52,/Volumes/BrokeExt/NICHE/wubinzzu_NeuRec/model/sequential_recommender/FPMC.py,A line with 124 chars in _create_variables exceeds the maximum length of 120 characters.
wubinzzu_NeuRec.model.sequential_recommender,FPMC,FPMC,Long statement,_create_variables,54,/Volumes/BrokeExt/NICHE/wubinzzu_NeuRec/model/sequential_recommender/FPMC.py,A line with 124 chars in _create_variables exceeds the maximum length of 120 characters.
wubinzzu_NeuRec.model.sequential_recommender,FPMC,FPMC,Long statement,_create_variables,56,/Volumes/BrokeExt/NICHE/wubinzzu_NeuRec/model/sequential_recommender/FPMC.py,A line with 124 chars in _create_variables exceeds the maximum length of 120 characters.
wubinzzu_NeuRec.model.sequential_recommender,FPMC,FPMC,Long statement,_create_variables,58,/Volumes/BrokeExt/NICHE/wubinzzu_NeuRec/model/sequential_recommender/FPMC.py,A line with 124 chars in _create_variables exceeds the maximum length of 120 characters.
wubinzzu_NeuRec.model.sequential_recommender,FPMC,FPMC,Long statement,_create_loss,79,/Volumes/BrokeExt/NICHE/wubinzzu_NeuRec/model/sequential_recommender/FPMC.py,A line with 130 chars in _create_loss exceeds the maximum length of 120 characters.
wubinzzu_NeuRec.model.sequential_recommender,FPMC,FPMC,Long statement,_create_loss,83,/Volumes/BrokeExt/NICHE/wubinzzu_NeuRec/model/sequential_recommender/FPMC.py,A line with 132 chars in _create_loss exceeds the maximum length of 120 characters.
wubinzzu_NeuRec.model.sequential_recommender,FPMC,FPMC,Long statement,train_model,103,/Volumes/BrokeExt/NICHE/wubinzzu_NeuRec/model/sequential_recommender/FPMC.py,A line with 135 chars in train_model exceeds the maximum length of 120 characters.
wubinzzu_NeuRec.model.sequential_recommender,FPMC,FPMC,Long statement,train_model,130,/Volumes/BrokeExt/NICHE/wubinzzu_NeuRec/model/sequential_recommender/FPMC.py,A line with 134 chars in train_model exceeds the maximum length of 120 characters.
wubinzzu_NeuRec.model.sequential_recommender,FPMC,,Long statement,,1,/Volumes/BrokeExt/NICHE/wubinzzu_NeuRec/model/sequential_recommender/FPMC.py,A line with 142 chars in FPMC exceeds the maximum length of 120 characters.
wubinzzu_NeuRec.model.sequential_recommender,FPMCplus,FPMCplus,Complex method,train_model,132 - 171,/Volumes/BrokeExt/NICHE/wubinzzu_NeuRec/model/sequential_recommender/FPMCplus.py,"Method 'train_model' has a cyclomatic complexity of 7, exceeding the max of 6."
wubinzzu_NeuRec.model.sequential_recommender,FPMCplus,FPMCplus,Long statement,_create_variables,58,/Volumes/BrokeExt/NICHE/wubinzzu_NeuRec/model/sequential_recommender/FPMCplus.py,A line with 130 chars in _create_variables exceeds the maximum length of 120 characters.
wubinzzu_NeuRec.model.sequential_recommender,FPMCplus,FPMCplus,Long statement,_create_variables,60,/Volumes/BrokeExt/NICHE/wubinzzu_NeuRec/model/sequential_recommender/FPMCplus.py,A line with 130 chars in _create_variables exceeds the maximum length of 120 characters.
wubinzzu_NeuRec.model.sequential_recommender,FPMCplus,FPMCplus,Long statement,_create_variables,62,/Volumes/BrokeExt/NICHE/wubinzzu_NeuRec/model/sequential_recommender/FPMCplus.py,A line with 130 chars in _create_variables exceeds the maximum length of 120 characters.
wubinzzu_NeuRec.model.sequential_recommender,FPMCplus,FPMCplus,Long statement,_create_variables,64,/Volumes/BrokeExt/NICHE/wubinzzu_NeuRec/model/sequential_recommender/FPMCplus.py,A line with 130 chars in _create_variables exceeds the maximum length of 120 characters.
wubinzzu_NeuRec.model.sequential_recommender,FPMCplus,FPMCplus,Long statement,_create_variables,67,/Volumes/BrokeExt/NICHE/wubinzzu_NeuRec/model/sequential_recommender/FPMCplus.py,A line with 145 chars in _create_variables exceeds the maximum length of 120 characters.
wubinzzu_NeuRec.model.sequential_recommender,FPMCplus,FPMCplus,Long statement,_create_loss,114,/Volumes/BrokeExt/NICHE/wubinzzu_NeuRec/model/sequential_recommender/FPMCplus.py,A line with 173 chars in _create_loss exceeds the maximum length of 120 characters.
wubinzzu_NeuRec.model.sequential_recommender,FPMCplus,FPMCplus,Long statement,_create_loss,118,/Volumes/BrokeExt/NICHE/wubinzzu_NeuRec/model/sequential_recommender/FPMCplus.py,A line with 132 chars in _create_loss exceeds the maximum length of 120 characters.
wubinzzu_NeuRec.model.sequential_recommender,FPMCplus,FPMCplus,Long statement,train_model,138,/Volumes/BrokeExt/NICHE/wubinzzu_NeuRec/model/sequential_recommender/FPMCplus.py,A line with 149 chars in train_model exceeds the maximum length of 120 characters.
wubinzzu_NeuRec.model.sequential_recommender,FPMCplus,FPMCplus,Long statement,train_model,167,/Volumes/BrokeExt/NICHE/wubinzzu_NeuRec/model/sequential_recommender/FPMCplus.py,A line with 134 chars in train_model exceeds the maximum length of 120 characters.
wubinzzu_NeuRec.model.sequential_recommender,FPMCplus,,Long statement,,1,/Volumes/BrokeExt/NICHE/wubinzzu_NeuRec/model/sequential_recommender/FPMCplus.py,A line with 142 chars in FPMCplus exceeds the maximum length of 120 characters.
wubinzzu_NeuRec.model.sequential_recommender,Fossil,Fossil,Complex method,train_model,114 - 171,/Volumes/BrokeExt/NICHE/wubinzzu_NeuRec/model/sequential_recommender/Fossil.py,"Method 'train_model' has a cyclomatic complexity of 7, exceeding the max of 6."
wubinzzu_NeuRec.model.sequential_recommender,Fossil,Fossil,Long method,train_model,114 - 171,/Volumes/BrokeExt/NICHE/wubinzzu_NeuRec/model/sequential_recommender/Fossil.py,Method 'train_model' is too long (58 lines).
wubinzzu_NeuRec.model.sequential_recommender,Fossil,Fossil,Long method,predict,177 - 217,/Volumes/BrokeExt/NICHE/wubinzzu_NeuRec/model/sequential_recommender/Fossil.py,Method 'predict' is too long (41 lines).
wubinzzu_NeuRec.model.sequential_recommender,Fossil,Fossil,Long statement,_create_inference,84,/Volumes/BrokeExt/NICHE/wubinzzu_NeuRec/model/sequential_recommender/Fossil.py,A line with 176 chars in _create_inference exceeds the maximum length of 120 characters.
wubinzzu_NeuRec.model.sequential_recommender,Fossil,Fossil,Long statement,_create_loss,94,/Volumes/BrokeExt/NICHE/wubinzzu_NeuRec/model/sequential_recommender/Fossil.py,A line with 209 chars in _create_loss exceeds the maximum length of 120 characters.
wubinzzu_NeuRec.model.sequential_recommender,Fossil,Fossil,Long statement,_create_loss,99,/Volumes/BrokeExt/NICHE/wubinzzu_NeuRec/model/sequential_recommender/Fossil.py,A line with 219 chars in _create_loss exceeds the maximum length of 120 characters.
wubinzzu_NeuRec.model.sequential_recommender,Fossil,Fossil,Long statement,train_model,119,/Volumes/BrokeExt/NICHE/wubinzzu_NeuRec/model/sequential_recommender/Fossil.py,A line with 219 chars in train_model exceeds the maximum length of 120 characters.
wubinzzu_NeuRec.model.sequential_recommender,Fossil,Fossil,Long statement,train_model,123,/Volumes/BrokeExt/NICHE/wubinzzu_NeuRec/model/sequential_recommender/Fossil.py,A line with 186 chars in train_model exceeds the maximum length of 120 characters.
wubinzzu_NeuRec.model.sequential_recommender,Fossil,Fossil,Long statement,train_model,127,/Volumes/BrokeExt/NICHE/wubinzzu_NeuRec/model/sequential_recommender/Fossil.py,A line with 195 chars in train_model exceeds the maximum length of 120 characters.
wubinzzu_NeuRec.model.sequential_recommender,Fossil,Fossil,Long statement,train_model,131,/Volumes/BrokeExt/NICHE/wubinzzu_NeuRec/model/sequential_recommender/Fossil.py,A line with 141 chars in train_model exceeds the maximum length of 120 characters.
wubinzzu_NeuRec.model.sequential_recommender,Fossil,Fossil,Long statement,train_model,167,/Volumes/BrokeExt/NICHE/wubinzzu_NeuRec/model/sequential_recommender/Fossil.py,A line with 134 chars in train_model exceeds the maximum length of 120 characters.
wubinzzu_NeuRec.model.sequential_recommender,Fossil,,Long statement,,1,/Volumes/BrokeExt/NICHE/wubinzzu_NeuRec/model/sequential_recommender/Fossil.py,A line with 149 chars in Fossil exceeds the maximum length of 120 characters.
wubinzzu_NeuRec.model.sequential_recommender,Fossil,Fossil,Magic number,__init__,26,/Volumes/BrokeExt/NICHE/wubinzzu_NeuRec/model/sequential_recommender/Fossil.py,Magic number 2 used in __init__.
wubinzzu_NeuRec.model.sequential_recommender,GRU4Rec,GRU4Rec,Complex method,__init__,16 - 60,/Volumes/BrokeExt/NICHE/wubinzzu_NeuRec/model/sequential_recommender/GRU4Rec.py,"Method '__init__' has a cyclomatic complexity of 8, exceeding the max of 6."
wubinzzu_NeuRec.model.sequential_recommender,GRU4Rec,GRU4Rec,Complex method,train_model,134 - 177,/Volumes/BrokeExt/NICHE/wubinzzu_NeuRec/model/sequential_recommender/GRU4Rec.py,"Method 'train_model' has a cyclomatic complexity of 9, exceeding the max of 6."
wubinzzu_NeuRec.model.sequential_recommender,GRU4Rec,GRU4Rec,Complex method,_get_user_embeddings,179 - 225,/Volumes/BrokeExt/NICHE/wubinzzu_NeuRec/model/sequential_recommender/GRU4Rec.py,"Method '_get_user_embeddings' has a cyclomatic complexity of 7, exceeding the max of 6."
wubinzzu_NeuRec.model.sequential_recommender,GRU4Rec,GRU4Rec,Long method,train_model,134 - 177,/Volumes/BrokeExt/NICHE/wubinzzu_NeuRec/model/sequential_recommender/GRU4Rec.py,Method 'train_model' is too long (42 lines).
wubinzzu_NeuRec.model.sequential_recommender,GRU4Rec,GRU4Rec,Long method,_get_user_embeddings,179 - 225,/Volumes/BrokeExt/NICHE/wubinzzu_NeuRec/model/sequential_recommender/GRU4Rec.py,Method '_get_user_embeddings' is too long (42 lines).
wubinzzu_NeuRec.model.sequential_recommender,GRU4Rec,GRU4Rec,Long statement,_create_variable,77,/Volumes/BrokeExt/NICHE/wubinzzu_NeuRec/model/sequential_recommender/GRU4Rec.py,A line with 146 chars in _create_variable exceeds the maximum length of 120 characters.
wubinzzu_NeuRec.model.sequential_recommender,GRU4Rec,GRU4Rec,Long statement,_top1_loss,99,/Volumes/BrokeExt/NICHE/wubinzzu_NeuRec/model/sequential_recommender/GRU4Rec.py,A line with 135 chars in _top1_loss exceeds the maximum length of 120 characters.
wubinzzu_NeuRec.model.sequential_recommender,GRU4Rec,,Long statement,,1,/Volumes/BrokeExt/NICHE/wubinzzu_NeuRec/model/sequential_recommender/GRU4Rec.py,A line with 290 chars in GRU4Rec exceeds the maximum length of 120 characters.
wubinzzu_NeuRec.model.sequential_recommender,GRU4RecPlus,GRU4RecPlus,Complex method,__init__,16 - 64,/Volumes/BrokeExt/NICHE/wubinzzu_NeuRec/model/sequential_recommender/GRU4RecPlus.py,"Method '__init__' has a cyclomatic complexity of 8, exceeding the max of 6."
wubinzzu_NeuRec.model.sequential_recommender,GRU4RecPlus,GRU4RecPlus,Complex method,train_model,157 - 203,/Volumes/BrokeExt/NICHE/wubinzzu_NeuRec/model/sequential_recommender/GRU4RecPlus.py,"Method 'train_model' has a cyclomatic complexity of 10, exceeding the max of 6."
wubinzzu_NeuRec.model.sequential_recommender,GRU4RecPlus,GRU4RecPlus,Complex method,_get_user_embeddings,205 - 251,/Volumes/BrokeExt/NICHE/wubinzzu_NeuRec/model/sequential_recommender/GRU4RecPlus.py,"Method '_get_user_embeddings' has a cyclomatic complexity of 7, exceeding the max of 6."
wubinzzu_NeuRec.model.sequential_recommender,GRU4RecPlus,GRU4RecPlus,Long method,train_model,157 - 203,/Volumes/BrokeExt/NICHE/wubinzzu_NeuRec/model/sequential_recommender/GRU4RecPlus.py,Method 'train_model' is too long (45 lines).
wubinzzu_NeuRec.model.sequential_recommender,GRU4RecPlus,GRU4RecPlus,Long method,_get_user_embeddings,205 - 251,/Volumes/BrokeExt/NICHE/wubinzzu_NeuRec/model/sequential_recommender/GRU4RecPlus.py,Method '_get_user_embeddings' is too long (42 lines).
wubinzzu_NeuRec.model.sequential_recommender,GRU4RecPlus,GRU4RecPlus,Long statement,_create_variable,81,/Volumes/BrokeExt/NICHE/wubinzzu_NeuRec/model/sequential_recommender/GRU4RecPlus.py,A line with 146 chars in _create_variable exceeds the maximum length of 120 characters.
wubinzzu_NeuRec.model.sequential_recommender,GRU4RecPlus,,Long statement,,1,/Volumes/BrokeExt/NICHE/wubinzzu_NeuRec/model/sequential_recommender/GRU4RecPlus.py,A line with 274 chars in GRU4RecPlus exceeds the maximum length of 120 characters.
wubinzzu_NeuRec.model.sequential_recommender,HRM,HRM,Long statement,_create_variables,49,/Volumes/BrokeExt/NICHE/wubinzzu_NeuRec/model/sequential_recommender/HRM.py,A line with 128 chars in _create_variables exceeds the maximum length of 120 characters.
wubinzzu_NeuRec.model.sequential_recommender,HRM,HRM,Long statement,_create_variables,51,/Volumes/BrokeExt/NICHE/wubinzzu_NeuRec/model/sequential_recommender/HRM.py,A line with 128 chars in _create_variables exceeds the maximum length of 120 characters.
wubinzzu_NeuRec.model.sequential_recommender,HRM,HRM,Long statement,train_model,106,/Volumes/BrokeExt/NICHE/wubinzzu_NeuRec/model/sequential_recommender/HRM.py,A line with 149 chars in train_model exceeds the maximum length of 120 characters.
wubinzzu_NeuRec.model.sequential_recommender,HRM,HRM,Long statement,train_model,125,/Volumes/BrokeExt/NICHE/wubinzzu_NeuRec/model/sequential_recommender/HRM.py,A line with 134 chars in train_model exceeds the maximum length of 120 characters.
wubinzzu_NeuRec.model.sequential_recommender,HRM,,Long statement,,1,/Volumes/BrokeExt/NICHE/wubinzzu_NeuRec/model/sequential_recommender/HRM.py,A line with 144 chars in HRM exceeds the maximum length of 120 characters.
wubinzzu_NeuRec.model.sequential_recommender,NPE,NPE,Long statement,_create_variables,47,/Volumes/BrokeExt/NICHE/wubinzzu_NeuRec/model/sequential_recommender/NPE.py,A line with 124 chars in _create_variables exceeds the maximum length of 120 characters.
wubinzzu_NeuRec.model.sequential_recommender,NPE,NPE,Long statement,_create_variables,49,/Volumes/BrokeExt/NICHE/wubinzzu_NeuRec/model/sequential_recommender/NPE.py,A line with 124 chars in _create_variables exceeds the maximum length of 120 characters.
wubinzzu_NeuRec.model.sequential_recommender,NPE,NPE,Long statement,_create_variables,51,/Volumes/BrokeExt/NICHE/wubinzzu_NeuRec/model/sequential_recommender/NPE.py,A line with 124 chars in _create_variables exceeds the maximum length of 120 characters.
wubinzzu_NeuRec.model.sequential_recommender,NPE,NPE,Long statement,_create_inference,62,/Volumes/BrokeExt/NICHE/wubinzzu_NeuRec/model/sequential_recommender/NPE.py,A line with 162 chars in _create_inference exceeds the maximum length of 120 characters.
wubinzzu_NeuRec.model.sequential_recommender,NPE,NPE,Long statement,_create_loss,70,/Volumes/BrokeExt/NICHE/wubinzzu_NeuRec/model/sequential_recommender/NPE.py,A line with 123 chars in _create_loss exceeds the maximum length of 120 characters.
wubinzzu_NeuRec.model.sequential_recommender,NPE,NPE,Long statement,train_model,86,/Volumes/BrokeExt/NICHE/wubinzzu_NeuRec/model/sequential_recommender/NPE.py,A line with 149 chars in train_model exceeds the maximum length of 120 characters.
wubinzzu_NeuRec.model.sequential_recommender,NPE,NPE,Long statement,train_model,104,/Volumes/BrokeExt/NICHE/wubinzzu_NeuRec/model/sequential_recommender/NPE.py,A line with 134 chars in train_model exceeds the maximum length of 120 characters.
wubinzzu_NeuRec.model.sequential_recommender,NPE,,Long statement,,1,/Volumes/BrokeExt/NICHE/wubinzzu_NeuRec/model/sequential_recommender/NPE.py,A line with 134 chars in NPE exceeds the maximum length of 120 characters.
wubinzzu_NeuRec.model.sequential_recommender,SASRec,SASRec,Empty catch block,build_graph,380,/Volumes/BrokeExt/NICHE/wubinzzu_NeuRec/model/sequential_recommender/SASRec.py,Empty catch block found in build_graph.
wubinzzu_NeuRec.model.sequential_recommender,SASRec,,Long method,multihead_attention,132 - 227,/Volumes/BrokeExt/NICHE/wubinzzu_NeuRec/model/sequential_recommender/SASRec.py,Method 'multihead_attention' is too long (67 lines).
wubinzzu_NeuRec.model.sequential_recommender,SASRec,SASRec,Long method,build_graph,311 - 387,/Volumes/BrokeExt/NICHE/wubinzzu_NeuRec/model/sequential_recommender/SASRec.py,Method 'build_graph' is too long (67 lines).
wubinzzu_NeuRec.model.sequential_recommender,SASRec,,Long parameter list,embedding,48 - 129,/Volumes/BrokeExt/NICHE/wubinzzu_NeuRec/model/sequential_recommender/SASRec.py,"embedding has 9 parameters, exceeding the max of 5."
wubinzzu_NeuRec.model.sequential_recommender,SASRec,,Long parameter list,multihead_attention,132 - 227,/Volumes/BrokeExt/NICHE/wubinzzu_NeuRec/model/sequential_recommender/SASRec.py,"multihead_attention has 10 parameters, exceeding the max of 5."
wubinzzu_NeuRec.model.sequential_recommender,SASRec,,Long parameter list,feedforward,230 - 266,/Volumes/BrokeExt/NICHE/wubinzzu_NeuRec/model/sequential_recommender/SASRec.py,"feedforward has 6 parameters, exceeding the max of 5."
wubinzzu_NeuRec.model.sequential_recommender,SASRec,,Long statement,normalize,22,/Volumes/BrokeExt/NICHE/wubinzzu_NeuRec/model/sequential_recommender/SASRec.py,A line with 473 chars in normalize exceeds the maximum length of 120 characters.
wubinzzu_NeuRec.model.sequential_recommender,SASRec,,Long statement,embedding,57,/Volumes/BrokeExt/NICHE/wubinzzu_NeuRec/model/sequential_recommender/SASRec.py,A line with 1740 chars in embedding exceeds the maximum length of 120 characters.
wubinzzu_NeuRec.model.sequential_recommender,SASRec,,Long statement,embedding,114,/Volumes/BrokeExt/NICHE/wubinzzu_NeuRec/model/sequential_recommender/SASRec.py,A line with 149 chars in embedding exceeds the maximum length of 120 characters.
wubinzzu_NeuRec.model.sequential_recommender,SASRec,,Long statement,multihead_attention,142,/Volumes/BrokeExt/NICHE/wubinzzu_NeuRec/model/sequential_recommender/SASRec.py,A line with 649 chars in multihead_attention exceeds the maximum length of 120 characters.
wubinzzu_NeuRec.model.sequential_recommender,SASRec,,Long statement,feedforward,236,/Volumes/BrokeExt/NICHE/wubinzzu_NeuRec/model/sequential_recommender/SASRec.py,A line with 368 chars in feedforward exceeds the maximum length of 120 characters.
wubinzzu_NeuRec.model.sequential_recommender,SASRec,SASRec,Long statement,_create_variable,299,/Volumes/BrokeExt/NICHE/wubinzzu_NeuRec/model/sequential_recommender/SASRec.py,A line with 141 chars in _create_variable exceeds the maximum length of 120 characters.
wubinzzu_NeuRec.model.sequential_recommender,SASRec,SASRec,Long statement,_create_variable,307,/Volumes/BrokeExt/NICHE/wubinzzu_NeuRec/model/sequential_recommender/SASRec.py,A line with 152 chars in _create_variable exceeds the maximum length of 120 characters.
wubinzzu_NeuRec.model.sequential_recommender,SASRec,SASRec,Long statement,build_graph,340,/Volumes/BrokeExt/NICHE/wubinzzu_NeuRec/model/sequential_recommender/SASRec.py,A line with 231 chars in build_graph exceeds the maximum length of 120 characters.
wubinzzu_NeuRec.model.sequential_recommender,SASRec,SASRec,Long statement,build_graph,350,/Volumes/BrokeExt/NICHE/wubinzzu_NeuRec/model/sequential_recommender/SASRec.py,A line with 155 chars in build_graph exceeds the maximum length of 120 characters.
wubinzzu_NeuRec.model.sequential_recommender,SASRec,,Long statement,,1,/Volumes/BrokeExt/NICHE/wubinzzu_NeuRec/model/sequential_recommender/SASRec.py,A line with 169 chars in SASRec exceeds the maximum length of 120 characters.
wubinzzu_NeuRec.model.sequential_recommender,SASRec,,Magic number,normalize,19,/Volumes/BrokeExt/NICHE/wubinzzu_NeuRec/model/sequential_recommender/SASRec.py,Magic number 1e-08 used in normalize.
wubinzzu_NeuRec.model.sequential_recommender,SASRec,,Magic number,normalize,42,/Volumes/BrokeExt/NICHE/wubinzzu_NeuRec/model/sequential_recommender/SASRec.py,Magic number 0.5 used in normalize.
wubinzzu_NeuRec.model.sequential_recommender,SASRec,,Magic number,embedding,125,/Volumes/BrokeExt/NICHE/wubinzzu_NeuRec/model/sequential_recommender/SASRec.py,Magic number 0.5 used in embedding.
wubinzzu_NeuRec.model.sequential_recommender,SASRec,,Magic number,multihead_attention,135,/Volumes/BrokeExt/NICHE/wubinzzu_NeuRec/model/sequential_recommender/SASRec.py,Magic number 8 used in multihead_attention.
wubinzzu_NeuRec.model.sequential_recommender,SASRec,,Magic number,multihead_attention,181,/Volumes/BrokeExt/NICHE/wubinzzu_NeuRec/model/sequential_recommender/SASRec.py,Magic number 0.5 used in multihead_attention.
wubinzzu_NeuRec.model.sequential_recommender,SASRec,,Magic number,multihead_attention,188,/Volumes/BrokeExt/NICHE/wubinzzu_NeuRec/model/sequential_recommender/SASRec.py,Magic number 2 used in multihead_attention.
wubinzzu_NeuRec.model.sequential_recommender,SASRec,,Magic number,multihead_attention,188,/Volumes/BrokeExt/NICHE/wubinzzu_NeuRec/model/sequential_recommender/SASRec.py,Magic number 32 used in multihead_attention.
wubinzzu_NeuRec.model.sequential_recommender,SASRec,,Magic number,multihead_attention,197,/Volumes/BrokeExt/NICHE/wubinzzu_NeuRec/model/sequential_recommender/SASRec.py,Magic number 2 used in multihead_attention.
wubinzzu_NeuRec.model.sequential_recommender,SASRec,,Magic number,multihead_attention,197,/Volumes/BrokeExt/NICHE/wubinzzu_NeuRec/model/sequential_recommender/SASRec.py,Magic number 32 used in multihead_attention.
wubinzzu_NeuRec.model.sequential_recommender,SASRec,,Magic number,feedforward,233,/Volumes/BrokeExt/NICHE/wubinzzu_NeuRec/model/sequential_recommender/SASRec.py,Magic number 0.2 used in feedforward.
wubinzzu_NeuRec.model.sequential_recommender,SASRec,,Magic number,feedforward,231,/Volumes/BrokeExt/NICHE/wubinzzu_NeuRec/model/sequential_recommender/SASRec.py,Magic number 2048 used in feedforward.
wubinzzu_NeuRec.model.sequential_recommender,SASRec,,Magic number,feedforward,231,/Volumes/BrokeExt/NICHE/wubinzzu_NeuRec/model/sequential_recommender/SASRec.py,Magic number 512 used in feedforward.
wubinzzu_NeuRec.model.sequential_recommender,SASRec,SASRec,Magic number,_create_variable,305,/Volumes/BrokeExt/NICHE/wubinzzu_NeuRec/model/sequential_recommender/SASRec.py,Magic number 0.5 used in _create_variable.
wubinzzu_NeuRec.model.sequential_recommender,SRGNN,SRGNN,Long statement,_create_variable,61,/Volumes/BrokeExt/NICHE/wubinzzu_NeuRec/model/sequential_recommender/SRGNN.py,A line with 124 chars in _create_variable exceeds the maximum length of 120 characters.
wubinzzu_NeuRec.model.sequential_recommender,SRGNN,SRGNN,Long statement,ggnn,87,/Volumes/BrokeExt/NICHE/wubinzzu_NeuRec/model/sequential_recommender/SRGNN.py,A line with 123 chars in ggnn exceeds the maximum length of 120 characters.
wubinzzu_NeuRec.model.sequential_recommender,SRGNN,SRGNN,Long statement,_session_embedding,113,/Volumes/BrokeExt/NICHE/wubinzzu_NeuRec/model/sequential_recommender/SRGNN.py,A line with 130 chars in _session_embedding exceeds the maximum length of 120 characters.
wubinzzu_NeuRec.model.sequential_recommender,SRGNN,SRGNN,Long statement,_session_embedding,115,/Volumes/BrokeExt/NICHE/wubinzzu_NeuRec/model/sequential_recommender/SRGNN.py,A line with 143 chars in _session_embedding exceeds the maximum length of 120 characters.
wubinzzu_NeuRec.model.sequential_recommender,SRGNN,SRGNN,Long statement,build_graph,140,/Volumes/BrokeExt/NICHE/wubinzzu_NeuRec/model/sequential_recommender/SRGNN.py,A line with 134 chars in build_graph exceeds the maximum length of 120 characters.
wubinzzu_NeuRec.model.sequential_recommender,SRGNN,,Long statement,,1,/Volumes/BrokeExt/NICHE/wubinzzu_NeuRec/model/sequential_recommender/SRGNN.py,A line with 222 chars in SRGNN exceeds the maximum length of 120 characters.
wubinzzu_NeuRec.model.sequential_recommender,TransRec,TransRec,Complex method,train_model,110 - 147,/Volumes/BrokeExt/NICHE/wubinzzu_NeuRec/model/sequential_recommender/TransRec.py,"Method 'train_model' has a cyclomatic complexity of 7, exceeding the max of 6."
wubinzzu_NeuRec.model.sequential_recommender,TransRec,TransRec,Long statement,_create_variables,57,/Volumes/BrokeExt/NICHE/wubinzzu_NeuRec/model/sequential_recommender/TransRec.py,A line with 128 chars in _create_variables exceeds the maximum length of 120 characters.
wubinzzu_NeuRec.model.sequential_recommender,TransRec,TransRec,Long statement,_create_variables,59,/Volumes/BrokeExt/NICHE/wubinzzu_NeuRec/model/sequential_recommender/TransRec.py,A line with 128 chars in _create_variables exceeds the maximum length of 120 characters.
wubinzzu_NeuRec.model.sequential_recommender,TransRec,TransRec,Long statement,_create_inference,75,/Volumes/BrokeExt/NICHE/wubinzzu_NeuRec/model/sequential_recommender/TransRec.py,A line with 138 chars in _create_inference exceeds the maximum length of 120 characters.
wubinzzu_NeuRec.model.sequential_recommender,TransRec,TransRec,Long statement,_create_loss,87,/Volumes/BrokeExt/NICHE/wubinzzu_NeuRec/model/sequential_recommender/TransRec.py,A line with 141 chars in _create_loss exceeds the maximum length of 120 characters.
wubinzzu_NeuRec.model.sequential_recommender,TransRec,TransRec,Long statement,_create_loss,90,/Volumes/BrokeExt/NICHE/wubinzzu_NeuRec/model/sequential_recommender/TransRec.py,A line with 147 chars in _create_loss exceeds the maximum length of 120 characters.
wubinzzu_NeuRec.model.sequential_recommender,TransRec,TransRec,Long statement,train_model,116,/Volumes/BrokeExt/NICHE/wubinzzu_NeuRec/model/sequential_recommender/TransRec.py,A line with 135 chars in train_model exceeds the maximum length of 120 characters.
wubinzzu_NeuRec.model.social_recommender,DiffNet,DiffNet,Long identifier,,12,/Volumes/BrokeExt/NICHE/wubinzzu_NeuRec/model/social_recommender/DiffNet.py,Identifier'first_user_review_vector_matrix' exceeds the maximum length of 30 characters.
wubinzzu_NeuRec.model.social_recommender,DiffNet,DiffNet,Long identifier,,12,/Volumes/BrokeExt/NICHE/wubinzzu_NeuRec/model/social_recommender/DiffNet.py,Identifier'first_item_review_vector_matrix' exceeds the maximum length of 30 characters.
wubinzzu_NeuRec.model.social_recommender,DiffNet,DiffNet,Long identifier,,12,/Volumes/BrokeExt/NICHE/wubinzzu_NeuRec/model/social_recommender/DiffNet.py,Identifier'second_user_review_vector_matrix' exceeds the maximum length of 30 characters.
wubinzzu_NeuRec.model.social_recommender,DiffNet,DiffNet,Long identifier,,12,/Volumes/BrokeExt/NICHE/wubinzzu_NeuRec/model/social_recommender/DiffNet.py,Identifier'second_item_review_vector_matrix' exceeds the maximum length of 30 characters.
wubinzzu_NeuRec.model.social_recommender,DiffNet,DiffNet,Long identifier,,12,/Volumes/BrokeExt/NICHE/wubinzzu_NeuRec/model/social_recommender/DiffNet.py,Identifier'user_embedding_from_consumed_items' exceeds the maximum length of 30 characters.
wubinzzu_NeuRec.model.social_recommender,DiffNet,DiffNet,Long identifier,generateUserEmbeddingFromSocialNeighbors,120,/Volumes/BrokeExt/NICHE/wubinzzu_NeuRec/model/social_recommender/DiffNet.py,Identifier'generateUserEmbeddingFromSocialNeighbors' exceeds the maximum length of 30 characters.
wubinzzu_NeuRec.model.social_recommender,DiffNet,DiffNet,Long identifier,generateUserEmbeddingFromSocialNeighbors,120,/Volumes/BrokeExt/NICHE/wubinzzu_NeuRec/model/social_recommender/DiffNet.py,Identifier'user_embedding_from_social_neighbors' exceeds the maximum length of 30 characters.
wubinzzu_NeuRec.model.social_recommender,DiffNet,DiffNet,Long identifier,generateUserEmebddingFromConsumedItems,125,/Volumes/BrokeExt/NICHE/wubinzzu_NeuRec/model/social_recommender/DiffNet.py,Identifier'generateUserEmebddingFromConsumedItems' exceeds the maximum length of 30 characters.
wubinzzu_NeuRec.model.social_recommender,DiffNet,DiffNet,Long identifier,generateUserEmebddingFromConsumedItems,125,/Volumes/BrokeExt/NICHE/wubinzzu_NeuRec/model/social_recommender/DiffNet.py,Identifier'user_embedding_from_consumed_items' exceeds the maximum length of 30 characters.
wubinzzu_NeuRec.model.social_recommender,DiffNet,DiffNet,Long statement,input_supply,65,/Volumes/BrokeExt/NICHE/wubinzzu_NeuRec/model/social_recommender/DiffNet.py,A line with 186 chars in input_supply exceeds the maximum length of 120 characters.
wubinzzu_NeuRec.model.social_recommender,DiffNet,DiffNet,Long statement,input_supply,68,/Volumes/BrokeExt/NICHE/wubinzzu_NeuRec/model/social_recommender/DiffNet.py,A line with 178 chars in input_supply exceeds the maximum length of 120 characters.
wubinzzu_NeuRec.model.social_recommender,DiffNet,DiffNet,Long statement,_create_variables,107,/Volumes/BrokeExt/NICHE/wubinzzu_NeuRec/model/social_recommender/DiffNet.py,A line with 123 chars in _create_variables exceeds the maximum length of 120 characters.
wubinzzu_NeuRec.model.social_recommender,DiffNet,DiffNet,Long statement,generateUserEmbeddingFromSocialNeighbors,121,/Volumes/BrokeExt/NICHE/wubinzzu_NeuRec/model/social_recommender/DiffNet.py,A line with 129 chars in generateUserEmbeddingFromSocialNeighbors exceeds the maximum length of 120 characters.
wubinzzu_NeuRec.model.social_recommender,DiffNet,DiffNet,Long statement,generateUserEmebddingFromConsumedItems,126,/Volumes/BrokeExt/NICHE/wubinzzu_NeuRec/model/social_recommender/DiffNet.py,A line with 125 chars in generateUserEmebddingFromConsumedItems exceeds the maximum length of 120 characters.
wubinzzu_NeuRec.model.social_recommender,DiffNet,DiffNet,Long statement,_create_loss,173,/Volumes/BrokeExt/NICHE/wubinzzu_NeuRec/model/social_recommender/DiffNet.py,A line with 147 chars in _create_loss exceeds the maximum length of 120 characters.
wubinzzu_NeuRec.model.social_recommender,DiffNet,DiffNet,Long statement,evaluate,208,/Volumes/BrokeExt/NICHE/wubinzzu_NeuRec/model/social_recommender/DiffNet.py,A line with 122 chars in evaluate exceeds the maximum length of 120 characters.
wubinzzu_NeuRec.model.social_recommender,DiffNet,DiffNet,Magic number,convertDistribution,117,/Volumes/BrokeExt/NICHE/wubinzzu_NeuRec/model/social_recommender/DiffNet.py,Magic number 0.1 used in convertDistribution.
wubinzzu_NeuRec.model.social_recommender,SBPR,SBPR,Long statement,_create_variables,62,/Volumes/BrokeExt/NICHE/wubinzzu_NeuRec/model/social_recommender/SBPR.py,A line with 128 chars in _create_variables exceeds the maximum length of 120 characters.
wubinzzu_NeuRec.model.social_recommender,SBPR,SBPR,Long statement,_create_variables,64,/Volumes/BrokeExt/NICHE/wubinzzu_NeuRec/model/social_recommender/SBPR.py,A line with 128 chars in _create_variables exceeds the maximum length of 120 characters.
wubinzzu_NeuRec.model.social_recommender,SBPR,SBPR,Long statement,_create_loss,86,/Volumes/BrokeExt/NICHE/wubinzzu_NeuRec/model/social_recommender/SBPR.py,A line with 173 chars in _create_loss exceeds the maximum length of 120 characters.
wubinzzu_NeuRec.model.social_recommender,SBPR,SBPR,Long statement,train_model,105,/Volumes/BrokeExt/NICHE/wubinzzu_NeuRec/model/social_recommender/SBPR.py,A line with 140 chars in train_model exceeds the maximum length of 120 characters.
wubinzzu_NeuRec.model.social_recommender,SBPR,SBPR,Long statement,train_model,117,/Volumes/BrokeExt/NICHE/wubinzzu_NeuRec/model/social_recommender/SBPR.py,A line with 134 chars in train_model exceeds the maximum length of 120 characters.
wubinzzu_NeuRec.model.social_recommender,SBPR,,Long statement,,1,/Volumes/BrokeExt/NICHE/wubinzzu_NeuRec/model/social_recommender/SBPR.py,A line with 158 chars in SBPR exceeds the maximum length of 120 characters.
wubinzzu_NeuRec.util,configurator,Configurator,Complex method,__getitem__,116 - 142,/Volumes/BrokeExt/NICHE/wubinzzu_NeuRec/util/configurator.py,"Method '__getitem__' has a cyclomatic complexity of 9, exceeding the max of 6."
wubinzzu_NeuRec.util,configurator,Configurator,Long statement,__init__,45,/Volumes/BrokeExt/NICHE/wubinzzu_NeuRec/util/configurator.py,A line with 584 chars in __init__ exceeds the maximum length of 120 characters.
wubinzzu_NeuRec.util,configurator,Configurator,Long statement,_read_config_file,93,/Volumes/BrokeExt/NICHE/wubinzzu_NeuRec/util/configurator.py,A line with 122 chars in _read_config_file exceeds the maximum length of 120 characters.
wubinzzu_NeuRec.util,data_generator,,Long identifier,_get_pairwise_all_likefism_data,5,/Volumes/BrokeExt/NICHE/wubinzzu_NeuRec/util/data_generator.py,Identifier'_get_pairwise_all_likefism_data' exceeds the maximum length of 30 characters.
wubinzzu_NeuRec.util,data_generator,,Long identifier,_get_pointwise_all_likefism_data,29,/Volumes/BrokeExt/NICHE/wubinzzu_NeuRec/util/data_generator.py,Identifier'_get_pointwise_all_likefism_data' exceeds the maximum length of 30 characters.
wubinzzu_NeuRec.util,data_generator,,Long identifier,_get_pairwise_all_likefossil_data,56,/Volumes/BrokeExt/NICHE/wubinzzu_NeuRec/util/data_generator.py,Identifier'_get_pairwise_all_likefossil_data' exceeds the maximum length of 30 characters.
wubinzzu_NeuRec.util,data_generator,,Long identifier,_get_pointwise_all_likefossil_data,82,/Volumes/BrokeExt/NICHE/wubinzzu_NeuRec/util/data_generator.py,Identifier'_get_pointwise_all_likefossil_data' exceeds the maximum length of 30 characters.
wubinzzu_NeuRec.util,data_generator,,Long statement,_get_pairwise_all_likefossil_data,57,/Volumes/BrokeExt/NICHE/wubinzzu_NeuRec/util/data_generator.py,A line with 160 chars in _get_pairwise_all_likefossil_data exceeds the maximum length of 120 characters.
wubinzzu_NeuRec.util,data_generator,,Long statement,_get_pairwise_all_likefossil_data,80,/Volumes/BrokeExt/NICHE/wubinzzu_NeuRec/util/data_generator.py,A line with 132 chars in _get_pairwise_all_likefossil_data exceeds the maximum length of 120 characters.
wubinzzu_NeuRec.util,data_iterator,SequentialSampler,Long statement,__init__,30,/Volumes/BrokeExt/NICHE/wubinzzu_NeuRec/util/data_iterator.py,A line with 137 chars in __init__ exceeds the maximum length of 120 characters.
wubinzzu_NeuRec.util,data_iterator,RandomSampler,Long statement,__init__,50,/Volumes/BrokeExt/NICHE/wubinzzu_NeuRec/util/data_iterator.py,A line with 137 chars in __init__ exceeds the maximum length of 120 characters.
wubinzzu_NeuRec.util,data_iterator,BatchSampler,Long statement,__init__,71,/Volumes/BrokeExt/NICHE/wubinzzu_NeuRec/util/data_iterator.py,A line with 309 chars in __init__ exceeds the maximum length of 120 characters.
wubinzzu_NeuRec.util,data_iterator,DataIterator,Long statement,__init__,179,/Volumes/BrokeExt/NICHE/wubinzzu_NeuRec/util/data_iterator.py,A line with 707 chars in __init__ exceeds the maximum length of 120 characters.
wubinzzu_NeuRec.util,learner,,Magic number,optimizer,2,/Volumes/BrokeExt/NICHE/wubinzzu_NeuRec/util/learner.py,Magic number 0.9 used in optimizer.
wubinzzu_NeuRec.util,logger,Logger,Long statement,__init__,19,/Volumes/BrokeExt/NICHE/wubinzzu_NeuRec/util/logger.py,A line with 222 chars in __init__ exceeds the maximum length of 120 characters.
wubinzzu_NeuRec.util,tool,,Complex method,activation_function,10 - 34,/Volumes/BrokeExt/NICHE/wubinzzu_NeuRec/util/tool.py,"Method 'activation_function' has a cyclomatic complexity of 8, exceeding the max of 6."
wubinzzu_NeuRec.util,tool,,Complex method,pad_sequences,154 - 195,/Volumes/BrokeExt/NICHE/wubinzzu_NeuRec/util/tool.py,"Method 'pad_sequences' has a cyclomatic complexity of 8, exceeding the max of 6."
wubinzzu_NeuRec.util,tool,,Empty catch block,noise_validator,111,/Volumes/BrokeExt/NICHE/wubinzzu_NeuRec/util/tool.py,Empty catch block found in noise_validator.
wubinzzu_NeuRec.util,tool,,Long parameter list,pad_sequences,154 - 195,/Volumes/BrokeExt/NICHE/wubinzzu_NeuRec/util/tool.py,"pad_sequences has 6 parameters, exceeding the max of 5."
wubinzzu_NeuRec.util,tool,,Long statement,csr_to_user_dict,57,/Volumes/BrokeExt/NICHE/wubinzzu_NeuRec/util/tool.py,A line with 137 chars in csr_to_user_dict exceeds the maximum length of 120 characters.
wubinzzu_NeuRec.util,tool,,Long statement,pad_sequences,156,/Volumes/BrokeExt/NICHE/wubinzzu_NeuRec/util/tool.py,A line with 842 chars in pad_sequences exceeds the maximum length of 120 characters.
wubinzzu_NeuRec.util,tool,,Magic number,argmax_top_k,149,/Volumes/BrokeExt/NICHE/wubinzzu_NeuRec/util/tool.py,Magic number 50 used in argmax_top_k.
