Package,Module,Class,Function,LOC,CC,PC
advboxes_AdvBox,advbox_tools,,show_images_diff,21,1,2
advboxes_AdvBox,advbox_tools,,main,49,3,0
advboxes_AdvBox,tools,NodeLookup,__init__,6,3,2
advboxes_AdvBox,tools,NodeLookup,load,29,9,2
advboxes_AdvBox,tools,NodeLookup,id_to_string,4,1,1
advboxes_AdvBox,tools,,show_images_diff,21,1,4
advboxes_AdvBox.DataPoison,mnist_paddle,,parse_args,15,1,0
advboxes_AdvBox.DataPoison,mnist_paddle,,loss_net,6,1,2
advboxes_AdvBox.DataPoison,mnist_paddle,,multilayer_perceptron,4,1,2
advboxes_AdvBox.DataPoison,mnist_paddle,,softmax_regression,2,1,2
advboxes_AdvBox.DataPoison,mnist_paddle,,convolutional_neural_network,17,1,2
advboxes_AdvBox.DataPoison,mnist_paddle,,train,83,11,5
advboxes_AdvBox.DataPoison,mnist_paddle,,infer,31,1,4
advboxes_AdvBox.DataPoison,mnist_paddle,,main,15,1,2
advboxes_AdvBox.DataPoison,poison_mnist_paddle,,parse_args,16,1,0
advboxes_AdvBox.DataPoison,poison_mnist_paddle,,loss_net,6,1,2
advboxes_AdvBox.DataPoison,poison_mnist_paddle,,multilayer_perceptron,4,1,2
advboxes_AdvBox.DataPoison,poison_mnist_paddle,,softmax_regression,2,1,2
advboxes_AdvBox.DataPoison,poison_mnist_paddle,,convolutional_neural_network,17,1,2
advboxes_AdvBox.DataPoison,poison_mnist_paddle,,train,88,14,5
advboxes_AdvBox.DataPoison,poison_mnist_paddle,,infer,46,0,4
advboxes_AdvBox.DataPoison,poison_mnist_paddle,,main,15,1,2
advboxes_AdvBox.DataPoison,poison_mnist_pytorch,Net,__init__,19,1,0
advboxes_AdvBox.DataPoison,poison_mnist_pytorch,Net,forward,6,1,1
advboxes_AdvBox.DataPoison,poison_mnist_pytorch,,train,17,3,1
advboxes_AdvBox.DataPoison,poison_mnist_pytorch,,test,15,2,0
advboxes_AdvBox.DataPoison,poison_mnist_pytorch,,p_train,18,5,1
advboxes_AdvBox.DataPoison,poison_mnist_pytorch,,p_test,15,2,0
advboxes_AdvBox.DataPoison,poison_mnist_pytorch,,poi_test,21,5,0
advboxes_AdvBox.advbox_family.ODD,attack_model,,main,8,1,1
advboxes_AdvBox.advbox_family.ODD.EOT_simulation,eulerangles,,euler2mat,27,4,3
advboxes_AdvBox.advbox_family.ODD.EOT_simulation,eulerangles,,mat2euler,20,4,2
advboxes_AdvBox.advbox_family.ODD.EOT_simulation,eulerangles,,euler2quat,16,1,3
advboxes_AdvBox.advbox_family.ODD.EOT_simulation,eulerangles,,quat2euler,4,1,1
advboxes_AdvBox.advbox_family.ODD.EOT_simulation,eulerangles,,euler2angle_axis,4,1,3
advboxes_AdvBox.advbox_family.ODD.EOT_simulation,eulerangles,,angle_axis2euler,5,1,3
advboxes_AdvBox.advbox_family.ODD.EOT_simulation,transformation,,transform6para,4,1,7
advboxes_AdvBox.advbox_family.ODD.EOT_simulation,transformation,,target_sample,106,4,1
advboxes_AdvBox.advbox_family.ODD.attack_methods,base_logic,ODD_logic,__init__,17,1,1
advboxes_AdvBox.advbox_family.ODD.attack_methods,base_logic,ODD_logic,__call__,5,1,1
advboxes_AdvBox.advbox_family.ODD.attack_methods,base_logic,ODD_logic,argv_parser,4,1,1
advboxes_AdvBox.advbox_family.ODD.attack_methods,base_logic,ODD_logic,build_model_attack_graph,4,1,0
advboxes_AdvBox.advbox_family.ODD.attack_methods,base_logic,ODD_logic,attack_optimize,4,1,4
advboxes_AdvBox.advbox_family.ODD.attack_methods,base_logic,ODD_logic,interpret_output,4,1,1
advboxes_AdvBox.advbox_family.ODD.attack_methods,base_logic,ODD_logic,_attack,23,7,0
advboxes_AdvBox.advbox_family.ODD.attack_methods,base_logic,ODD_logic,_attack_from_file,39,6,3
advboxes_AdvBox.advbox_family.ODD.attack_methods,base_logic,ODD_logic,_get_sample_list,10,2,1
advboxes_AdvBox.advbox_family.ODD.attack_methods,base_logic,ODD_logic,_parse_mask,6,1,1
advboxes_AdvBox.advbox_family.ODD.attack_methods,base_logic,ODD_logic,_get_mask_coordination,8,1,1
advboxes_AdvBox.advbox_family.ODD.attack_methods,base_logic,ODD_logic,_save_np_as_jpg,29,7,4
advboxes_AdvBox.advbox_family.ODD.attack_methods,base_logic,ODD_logic,_generate_sticker,39,9,4
advboxes_AdvBox.advbox_family.ODD.attack_methods,base_logic,ODD_logic,_generate_MaskArea,8,3,5
advboxes_AdvBox.advbox_family.ODD.attack_methods,base_logic,ODD_logic,_generate_logomask,5,1,2
advboxes_AdvBox.advbox_family.ODD.attack_methods,base_logic,ODD_logic,_add_logomask,34,6,6
advboxes_AdvBox.advbox_family.ODD.attack_methods,eotb_attack,EOTB_attack,__init__,38,1,1
advboxes_AdvBox.advbox_family.ODD.attack_methods,eotb_attack,EOTB_attack,argv_parser,29,16,1
advboxes_AdvBox.advbox_family.ODD.attack_methods,eotb_attack,EOTB_attack,build_model_attack_graph,59,7,0
advboxes_AdvBox.advbox_family.ODD.attack_methods,eotb_attack,EOTB_attack,attack_optimize,48,4,4
advboxes_AdvBox.advbox_family.ODD.attack_methods,eotb_attack,EOTB_attack,_init_sticker_area,29,6,3
advboxes_AdvBox.advbox_family.ODD.attack_methods,eotb_attack,EOTB_attack,_iou,6,3,2
advboxes_AdvBox.advbox_family.ODD.attack_methods,eotb_attack,EOTB_attack,_interpret_output,45,8,1
advboxes_AdvBox.advbox_family.ODD.attack_methods,eotb_attack,EOTB_attack,show_results,41,13,2
advboxes_AdvBox.advbox_family.ODD.object_detectors,yolo_tiny_model_updated,YOLO_tiny_model_updated,__init__,8,1,1
advboxes_AdvBox.advbox_family.ODD.object_detectors,yolo_tiny_model_updated,YOLO_tiny_model_updated,build_graph,28,2,2
advboxes_AdvBox.advbox_family.ODD.object_detectors,yolo_tiny_model_updated,YOLO_tiny_model_updated,init_variables,3,1,1
advboxes_AdvBox.advbox_family.ODD.object_detectors,yolo_tiny_model_updated,YOLO_tiny_model_updated,load_weight,3,1,1
advboxes_AdvBox.advbox_family.ODD.object_detectors,yolo_tiny_model_updated,YOLO_tiny_model_updated,set_output_tensor,2,1,0
advboxes_AdvBox.advbox_family.ODD.object_detectors,yolo_tiny_model_updated,YOLO_tiny_model_updated,get_output_tensor,2,1,0
advboxes_AdvBox.advbox_family.ODD.object_detectors,yolo_tiny_model_updated,YOLO_tiny_model_updated,get_yolo_variables,2,1,0
advboxes_AdvBox.advbox_family.ODD.object_detectors,yolo_tiny_model_updated,YOLO_tiny_model_updated,get_model_sess,2,1,0
advboxes_AdvBox.advbox_family.ODD.object_detectors,yolo_tiny_model_updated,YOLO_tiny_model_updated,terminate_model,2,1,0
advboxes_AdvBox.advbox_family.ODD.object_detectors,yolo_tiny_model_updated,YOLO_tiny_model_updated,conv_layer,17,5,8
advboxes_AdvBox.advbox_family.ODD.object_detectors,yolo_tiny_model_updated,YOLO_tiny_model_updated,pooling_layer,3,3,5
advboxes_AdvBox.advbox_family.ODD.object_detectors,yolo_tiny_model_updated,YOLO_tiny_model_updated,fc_layer,21,6,8
advboxes_AdvBox.advbox_family.ODD.object_detectors,yolo_tiny_model_updated,,str2bool,7,2,1
advboxes_AdvBox.advbox_family.ODD.object_detectors,yolo_tiny_model_updated,,parse_arguments,8,1,1
advboxes_AdvBox.advbox_family.ODD.object_detectors,yolo_tiny_model_updated,,main,57,4,1
advboxes_AdvBox.adversarialbox,adversary,Adversary,__init__,12,1,2
advboxes_AdvBox.adversarialbox,adversary,Adversary,set_target,10,3,3
advboxes_AdvBox.adversarialbox,adversary,Adversary,set_original,10,3,2
advboxes_AdvBox.adversarialbox,adversary,Adversary,_is_successful,8,2,1
advboxes_AdvBox.adversarialbox,adversary,Adversary,is_successful,4,1,0
advboxes_AdvBox.adversarialbox,adversary,Adversary,try_accept_the_example,12,2,2
advboxes_AdvBox.adversarialbox,adversary,Adversary,perturbation,12,2,1
advboxes_AdvBox.adversarialbox,adversary,Adversary,is_targeted_attack,4,1,0
advboxes_AdvBox.adversarialbox,adversary,Adversary,target,4,1,0
advboxes_AdvBox.adversarialbox,adversary,Adversary,original,4,1,0
advboxes_AdvBox.adversarialbox,adversary,Adversary,adversarial_example,4,1,0
advboxes_AdvBox.adversarialbox,adversary,Adversary,bad_adversarial_example,4,1,0
advboxes_AdvBox.adversarialbox.attacks,base,Attack,__init__,2,1,1
advboxes_AdvBox.adversarialbox.attacks,base,Attack,__call__,5,1,1
advboxes_AdvBox.adversarialbox.attacks,base,Attack,_apply,4,1,1
advboxes_AdvBox.adversarialbox.attacks,base,Attack,_preprocess,20,5,1
advboxes_AdvBox.adversarialbox.attacks,cw,CW_L2_Attack,__init__,54,2,8
advboxes_AdvBox.adversarialbox.attacks,cw,CW_L2_Attack,_apply,43,8,7
advboxes_AdvBox.adversarialbox.attacks,cw,CW_L2_Attack,_cwb,48,7,3
advboxes_AdvBox.adversarialbox.attacks,cw,CW_L2_Attack,_constrain_cwb,17,1,1
advboxes_AdvBox.adversarialbox.attacks,cw,CW_L2_Attack,_loss_cwb,19,1,4
advboxes_AdvBox.adversarialbox.attacks,cw,CW_L2_Attack,reconstruct,4,1,1
advboxes_AdvBox.adversarialbox.attacks,cw,CW_L2_Attack,_process_input,18,4,1
advboxes_AdvBox.adversarialbox.attacks,cw,CW_L2_Attack,_predict_adv,6,1,1
advboxes_AdvBox.adversarialbox.attacks,cw2_pytorch,CW_L2_Attack,__init__,6,1,1
advboxes_AdvBox.adversarialbox.attacks,cw2_pytorch,CW_L2_Attack,_apply,120,21,7
advboxes_AdvBox.adversarialbox.attacks,deepfool,DeepFoolAttack,_apply,71,7,3
advboxes_AdvBox.adversarialbox.attacks,gradient_method,GradientMethodAttack,__init__,5,1,2
advboxes_AdvBox.adversarialbox.attacks,gradient_method,GradientMethodAttack,_apply,53,11,6
advboxes_AdvBox.adversarialbox.attacks,gradient_method,GradientMethodAttack,_norm,10,2,2
advboxes_AdvBox.adversarialbox.attacks,gradient_method,FastGradientSignMethodTargetedAttack,_apply,9,1,5
advboxes_AdvBox.adversarialbox.attacks,gradient_method,FastGradientSignMethodAttack,__init__,2,1,1
advboxes_AdvBox.adversarialbox.attacks,gradient_method,IterativeLeastLikelyClassMethodAttack,_apply,9,1,5
advboxes_AdvBox.adversarialbox.attacks,gradient_method,BasicIterativeMethodAttack,__init__,2,1,1
advboxes_AdvBox.adversarialbox.attacks,gradient_method,MomentumIteratorAttack,__init__,5,1,2
advboxes_AdvBox.adversarialbox.attacks,gradient_method,MomentumIteratorAttack,_apply,50,11,7
advboxes_AdvBox.adversarialbox.attacks,gradient_method,FGSMSAttack,__init__,5,1,2
advboxes_AdvBox.adversarialbox.attacks,gradient_method,FGSMSAttack,_apply,39,8,4
advboxes_AdvBox.adversarialbox.attacks,gradient_method,FGSMSAttack,_norm,10,2,2
advboxes_AdvBox.adversarialbox.attacks,lbfgs,LBFGSAttack,__init__,4,1,1
advboxes_AdvBox.adversarialbox.attacks,lbfgs,LBFGSAttack,_apply,29,6,3
advboxes_AdvBox.adversarialbox.attacks,lbfgs,LBFGSAttack,_is_predicts_normalized,19,5,1
advboxes_AdvBox.adversarialbox.attacks,lbfgs,LBFGSAttack,_loss,17,2,2
advboxes_AdvBox.adversarialbox.attacks,lbfgs,LBFGSAttack,_lbfgsb,19,3,3
advboxes_AdvBox.adversarialbox.attacks,localsearch,SinglePixelAttack,__init__,3,1,2
advboxes_AdvBox.adversarialbox.attacks,localsearch,SinglePixelAttack,_apply,61,7,3
advboxes_AdvBox.adversarialbox.attacks,localsearch,LocalSearchAttack,__init__,3,1,2
advboxes_AdvBox.adversarialbox.attacks,localsearch,LocalSearchAttack,softmax,3,1,1
advboxes_AdvBox.adversarialbox.attacks,localsearch,LocalSearchAttack,_apply,150,4,6
advboxes_AdvBox.adversarialbox.attacks,saliency,SaliencyMapAttack,_apply,85,16,6
advboxes_AdvBox.adversarialbox.attacks,saliency,SaliencyMapAttack,_generate_random_target,10,1,1
advboxes_AdvBox.adversarialbox.attacks,saliency,SaliencyMapAttack,_saliency_map,40,3,6
advboxes_AdvBox.adversarialbox.attacks.tf,tools,,fgsm,27,5,5
advboxes_AdvBox.adversarialbox.attacks.tf,tools,,deepfool,8,3,3
advboxes_AdvBox.adversarialbox.defences,feature_squeezing,,FeatureFqueezingDefence,10,3,4
advboxes_AdvBox.adversarialbox.defences,gaussian_augmentation,,GaussianAugmentationDefence,9,1,4
advboxes_AdvBox.adversarialbox.defences,label_smoothing,,LabelSmoothingDefence,4,2,2
advboxes_AdvBox.adversarialbox.defences,spatial_smoothing,,SpatialSmoothingDefence,7,1,4
advboxes_AdvBox.adversarialbox.defences,thermometer_encoding,,_perchannel,9,3,2
advboxes_AdvBox.adversarialbox.defences,thermometer_encoding,,ThermometerEncodingDefence,7,2,4
advboxes_AdvBox.adversarialbox.models,base,Model,__init__,15,5,3
advboxes_AdvBox.adversarialbox.models,base,Model,bounds,4,1,0
advboxes_AdvBox.adversarialbox.models,base,Model,channel_axis,4,1,0
advboxes_AdvBox.adversarialbox.models,base,Model,_process_input,13,4,1
advboxes_AdvBox.adversarialbox.models,base,Model,predict,4,1,1
advboxes_AdvBox.adversarialbox.models,base,Model,num_classes,4,1,0
advboxes_AdvBox.adversarialbox.models,base,Model,gradient,4,1,2
advboxes_AdvBox.adversarialbox.models,base,Model,predict_name,4,1,0
advboxes_AdvBox.adversarialbox.models,graphpipeBlackBox,graphpipeBlackBoxModel,__init__,6,2,4
advboxes_AdvBox.adversarialbox.models,graphpipeBlackBox,graphpipeBlackBoxModel,predict,7,1,1
advboxes_AdvBox.adversarialbox.models,graphpipeBlackBox,graphpipeBlackBoxModel,num_classes,6,1,0
advboxes_AdvBox.adversarialbox.models,graphpipeBlackBox,graphpipeBlackBoxModel,predict_name,4,1,0
advboxes_AdvBox.adversarialbox.models,graphpipeBlackBox,graphpipeBlackBoxModel,gradient,2,1,2
advboxes_AdvBox.adversarialbox.models,graphpipeBlackBox,graphpipeBlackBoxModel_onnx,__init__,6,2,4
advboxes_AdvBox.adversarialbox.models,graphpipeBlackBox,graphpipeBlackBoxModel_onnx,predict,8,1,1
advboxes_AdvBox.adversarialbox.models,graphpipeBlackBox,graphpipeBlackBoxModel_onnx,num_classes,6,1,0
advboxes_AdvBox.adversarialbox.models,graphpipeBlackBox,graphpipeBlackBoxModel_onnx,predict_name,4,1,0
advboxes_AdvBox.adversarialbox.models,graphpipeBlackBox,graphpipeBlackBoxModel_onnx,gradient,2,1,2
advboxes_AdvBox.adversarialbox.models,keras,KerasModel,__init__,21,3,9
advboxes_AdvBox.adversarialbox.models,keras,KerasModel,predict,12,2,1
advboxes_AdvBox.adversarialbox.models,keras,KerasModel,num_classes,4,1,0
advboxes_AdvBox.adversarialbox.models,keras,KerasModel,gradient,11,1,2
advboxes_AdvBox.adversarialbox.models,keras,KerasModel,predict_name,4,1,0
advboxes_AdvBox.adversarialbox.models,mxnet,MxNetModel,__init__,9,2,5
advboxes_AdvBox.adversarialbox.models,mxnet,MxNetModel,predict,10,1,1
advboxes_AdvBox.adversarialbox.models,mxnet,MxNetModel,num_classes,4,1,0
advboxes_AdvBox.adversarialbox.models,mxnet,MxNetModel,gradient,15,1,2
advboxes_AdvBox.adversarialbox.models,mxnet,MxNetModel,predict_name,4,1,0
advboxes_AdvBox.adversarialbox.models,paddle,PaddleModel,__init__,41,5,8
advboxes_AdvBox.adversarialbox.models,paddle,PaddleModel,predict,14,1,1
advboxes_AdvBox.adversarialbox.models,paddle,PaddleModel,num_classes,6,1,0
advboxes_AdvBox.adversarialbox.models,paddle,PaddleModel,gradient,12,1,2
advboxes_AdvBox.adversarialbox.models,paddle,PaddleModel,predict_name,4,1,0
advboxes_AdvBox.adversarialbox.models,paddleBlackBox,PaddleBlackBoxModel,__init__,11,2,7
advboxes_AdvBox.adversarialbox.models,paddleBlackBox,PaddleBlackBoxModel,predict,14,1,1
advboxes_AdvBox.adversarialbox.models,paddleBlackBox,PaddleBlackBoxModel,num_classes,6,1,0
advboxes_AdvBox.adversarialbox.models,paddleBlackBox,PaddleBlackBoxModel,predict_name,4,1,0
advboxes_AdvBox.adversarialbox.models,paddleBlackBox,PaddleBlackBoxModel,gradient,2,1,2
advboxes_AdvBox.adversarialbox.models,paddleFeatureFqueezingDefence,PaddleFeatureFqueezingDefenceModel,__init__,9,2,10
advboxes_AdvBox.adversarialbox.models,paddleFeatureFqueezingDefence,PaddleFeatureFqueezingDefenceModel,predict,4,1,1
advboxes_AdvBox.adversarialbox.models,paddleLabelSmoothingDefence,PaddleLabelSmoothingDefenceModel,__init__,8,2,9
advboxes_AdvBox.adversarialbox.models,paddleLabelSmoothingDefence,PaddleLabelSmoothingDefenceModel,predict,4,1,1
advboxes_AdvBox.adversarialbox.models,paddleSpatialSmoothingDefence,PaddleSpatialSmoothingDefenceModel,__init__,9,2,10
advboxes_AdvBox.adversarialbox.models,paddleSpatialSmoothingDefence,PaddleSpatialSmoothingDefenceModel,predict,4,1,1
advboxes_AdvBox.adversarialbox.models,pytorch,PytorchModel,__init__,12,2,6
advboxes_AdvBox.adversarialbox.models,pytorch,PytorchModel,predict,11,1,1
advboxes_AdvBox.adversarialbox.models,pytorch,PytorchModel,predict_tensor,7,1,1
advboxes_AdvBox.adversarialbox.models,pytorch,PytorchModel,num_classes,4,1,0
advboxes_AdvBox.adversarialbox.models,pytorch,PytorchModel,gradient,16,1,2
advboxes_AdvBox.adversarialbox.models,pytorch,PytorchModel,predict_name,4,1,0
advboxes_AdvBox.adversarialbox.models,tensorflow,TensorflowModel,__init__,17,2,8
advboxes_AdvBox.adversarialbox.models,tensorflow,TensorflowModel,predict,9,1,1
advboxes_AdvBox.adversarialbox.models,tensorflow,TensorflowModel,num_classes,4,1,0
advboxes_AdvBox.adversarialbox.models,tensorflow,TensorflowModel,gradient,13,2,2
advboxes_AdvBox.adversarialbox.models,tensorflow,TensorflowModel,predict_name,4,1,0
advboxes_AdvBox.advsdk.sdk,alexnet,AlexNet,__init__,2,1,0
advboxes_AdvBox.advsdk.sdk,alexnet,AlexNet,net,133,1,2
advboxes_AdvBox.advsdk.sdk,attack_pp,,print_prog,10,5,1
advboxes_AdvBox.advsdk.sdk,attack_pp,,init_prog,12,4,1
advboxes_AdvBox.advsdk.sdk,attack_pp,,img2tensor,12,1,2
advboxes_AdvBox.advsdk.sdk,attack_pp,,process_img,13,1,2
advboxes_AdvBox.advsdk.sdk,attack_pp,,tensor2img,13,1,1
advboxes_AdvBox.advsdk.sdk,attack_pp,,show_images_diff,24,1,2
advboxes_AdvBox.advsdk.sdk,attack_pp,,linf_img_tenosr,8,1,3
advboxes_AdvBox.advsdk.sdk,attack_pp,,FGSM,27,3,11
advboxes_AdvBox.advsdk.sdk,attack_pp,,PGD,32,4,12
advboxes_AdvBox.advsdk.sdk,resnet,ResNet,__init__,3,1,1
advboxes_AdvBox.advsdk.sdk,resnet,ResNet,net,63,16,2
advboxes_AdvBox.advsdk.sdk,resnet,ResNet,conv_bn_layer,25,2,7
advboxes_AdvBox.advsdk.sdk,resnet,ResNet,shortcut,6,2,5
advboxes_AdvBox.advsdk.sdk,resnet,ResNet,bottleneck_block,14,1,4
advboxes_AdvBox.advsdk.sdk,resnet,ResNet,basic_block,7,1,5
advboxes_AdvBox.advsdk.sdk,resnet,,ResNet18,3,1,0
advboxes_AdvBox.advsdk.sdk,resnet,,ResNet34,3,1,0
advboxes_AdvBox.advsdk.sdk,resnet,,ResNet50,3,1,0
advboxes_AdvBox.advsdk.sdk,resnet,,ResNet101,3,1,0
advboxes_AdvBox.advsdk.sdk,resnet,,ResNet152,3,1,0
advboxes_AdvBox.applications.StealthTshirt,StealthTshirtDemo,Faster_YOLO,__init__,5,1,1
advboxes_AdvBox.applications.StealthTshirt,StealthTshirtDemo,Faster_YOLO,argv_parser,7,5,1
advboxes_AdvBox.applications.StealthTshirt,StealthTshirtDemo,Faster_YOLO,build_networks,26,3,0
advboxes_AdvBox.applications.StealthTshirt,StealthTshirtDemo,Faster_YOLO,conv_layer,11,2,5
advboxes_AdvBox.applications.StealthTshirt,StealthTshirtDemo,Faster_YOLO,pooling_layer,3,2,4
advboxes_AdvBox.applications.StealthTshirt,StealthTshirtDemo,Faster_YOLO,fc_layer,15,3,5
advboxes_AdvBox.applications.StealthTshirt,StealthTshirtDemo,Faster_YOLO,iou,6,3,2
advboxes_AdvBox.applications.StealthTshirt,StealthTshirtDemo,Faster_YOLO,interpret_output,40,8,1
advboxes_AdvBox.applications.StealthTshirt,StealthTshirtDemo,Faster_YOLO,show_results,25,4,1
advboxes_AdvBox.applications.StealthTshirt,StealthTshirtDemo,Faster_YOLO,detect,31,5,1
advboxes_AdvBox.applications.StealthTshirt,StealthTshirtDemo,Faster_YOLO,run,33,4,0
advboxes_AdvBox.applications.StealthTshirt,StealthTshirtDemo,,main,3,1,1
advboxes_AdvBox.applications.face_recognition_attack,attack_cloud_api,,test_t,12,1,2
advboxes_AdvBox.applications.face_recognition_attack,attack_cloud_api,,test_xf,35,1,2
advboxes_AdvBox.applications.face_recognition_attack,attack_cloud_api,,batch_test_t,10,3,0
advboxes_AdvBox.applications.face_recognition_attack,attack_cloud_api,,batch_test_xf,10,3,0
advboxes_AdvBox.applications.face_recognition_attack,facenet_fr,FacenetFR,__init__,4,1,0
advboxes_AdvBox.applications.face_recognition_attack,facenet_fr,FacenetFR,generate_embedding,10,2,1
advboxes_AdvBox.applications.face_recognition_attack,facenet_fr,FacenetFR,compare,4,1,2
advboxes_AdvBox.applications.face_recognition_attack,facenet_fr,FacenetFR,generate_adv_whitebox,62,7,2
advboxes_AdvBox.applications.face_recognition_attack,facenet_fr,,get_pic_from_png,3,1,1
advboxes_AdvBox.applications.face_recognition_attack,facenet_fr,,regularize_pic,2,1,1
advboxes_AdvBox.applications.face_recognition_attack,facenet_fr,,restore_pic,2,1,1
advboxes_AdvBox.applications.face_recognition_attack,facenet_fr,,save_img2png,7,1,2
advboxes_AdvBox.applications.face_recognition_attack,facenet_fr,,Euclidian_distance,4,1,2
advboxes_AdvBox.applications.face_recognition_attack,facenet_fr,,cosine_distance,6,1,2
advboxes_AdvBox.applications.face_recognition_attack,facenet_fr,,generate_inp2adv_name,6,1,2
advboxes_AdvBox.applications.face_recognition_attack,facenet_fr_advbox_deepfool,FacenetFR,__init__,4,1,0
advboxes_AdvBox.applications.face_recognition_attack,facenet_fr_advbox_deepfool,FacenetFR,generate_embedding,10,2,1
advboxes_AdvBox.applications.face_recognition_attack,facenet_fr_advbox_deepfool,FacenetFR,compare,4,1,2
advboxes_AdvBox.applications.face_recognition_attack,facenet_fr_advbox_deepfool,FacenetFR,generate_adv_whitebox,59,7,2
advboxes_AdvBox.applications.face_recognition_attack,facenet_fr_advbox_deepfool,,get_pic_from_png,3,1,1
advboxes_AdvBox.applications.face_recognition_attack,facenet_fr_advbox_deepfool,,regularize_pic,2,1,1
advboxes_AdvBox.applications.face_recognition_attack,facenet_fr_advbox_deepfool,,restore_pic,2,1,1
advboxes_AdvBox.applications.face_recognition_attack,facenet_fr_advbox_deepfool,,save_img2png,7,1,2
advboxes_AdvBox.applications.face_recognition_attack,facenet_fr_advbox_deepfool,,Euclidian_distance,4,1,2
advboxes_AdvBox.applications.face_recognition_attack,facenet_fr_advbox_deepfool,,cosine_distance,6,1,2
advboxes_AdvBox.applications.face_recognition_attack,facenet_fr_advbox_deepfool,,generate_inp2adv_name,6,1,2
advboxes_AdvBox.applications.face_recognition_attack,facenet_fr_advbox_deepfool,,batch_generate_adv_whitebox,8,3,0
advboxes_AdvBox.applications.face_recognition_attack,facenet_fr_advbox_fgsm,FacenetFR,__init__,4,1,0
advboxes_AdvBox.applications.face_recognition_attack,facenet_fr_advbox_fgsm,FacenetFR,generate_embedding,10,2,1
advboxes_AdvBox.applications.face_recognition_attack,facenet_fr_advbox_fgsm,FacenetFR,compare,4,1,2
advboxes_AdvBox.applications.face_recognition_attack,facenet_fr_advbox_fgsm,FacenetFR,generate_adv_whitebox,63,7,2
advboxes_AdvBox.applications.face_recognition_attack,facenet_fr_advbox_fgsm,,get_pic_from_png,3,1,1
advboxes_AdvBox.applications.face_recognition_attack,facenet_fr_advbox_fgsm,,regularize_pic,2,1,1
advboxes_AdvBox.applications.face_recognition_attack,facenet_fr_advbox_fgsm,,restore_pic,2,1,1
advboxes_AdvBox.applications.face_recognition_attack,facenet_fr_advbox_fgsm,,save_img2png,7,1,2
advboxes_AdvBox.applications.face_recognition_attack,facenet_fr_advbox_fgsm,,Euclidian_distance,4,1,2
advboxes_AdvBox.applications.face_recognition_attack,facenet_fr_advbox_fgsm,,cosine_distance,6,1,2
advboxes_AdvBox.applications.face_recognition_attack,facenet_fr_advbox_fgsm,,generate_inp2adv_name,6,1,2
advboxes_AdvBox.applications.fake_face_detect,benchmarking,,draw_face,20,3,3
advboxes_AdvBox.applications.fake_face_detect,benchmarking,,deepfakes_detect_by_img,25,4,1
advboxes_AdvBox.applications.graphpipe,graphpipe_localsearch,,main,33,2,0
advboxes_AdvBox.applications.graphpipe,graphpipe_onnx_localsearch,,main,33,2,0
advboxes_AdvBox.applications.graphpipe,graphpipe_onnx_tool,,main,13,1,1
advboxes_AdvBox.applications.graphpipe,graphpipe_tool,,main,10,1,1
advboxes_AdvBox.example,imagenet_example_cw,,infer,22,2,5
advboxes_AdvBox.example,imagenet_example_cw,,main,89,9,1
advboxes_AdvBox.example,imagenet_example_fgsm,,infer,22,2,5
advboxes_AdvBox.example,imagenet_example_fgsm,,main,84,9,1
advboxes_AdvBox.example,reader,,resize_short,6,1,2
advboxes_AdvBox.example,reader,,crop_image,13,2,3
advboxes_AdvBox.example,reader,,process_image,12,4,1
advboxes_AdvBox.example,reader,,_reader_creator,11,3,3
advboxes_AdvBox.example,reader,,test,2,1,2
advboxes_AdvBox.example,utility,,print_arguments,6,2,1
advboxes_AdvBox.example,utility,,add_arguments,9,1,5
advboxes_AdvBox.example,utility,,check_output_directory,7,3,1
advboxes_AdvBox.example,utility,,convert_net,10,1,1
advboxes_AdvBox.example,utility,,save_gragh,5,1,2
advboxes_AdvBox.example,utility,,generation_image,17,1,6
advboxes_AdvBox.example.models,alexnet,AlexNet,__init__,2,1,0
advboxes_AdvBox.example.models,alexnet,AlexNet,conv_net,132,1,2
advboxes_AdvBox.example.models,alexnet,AlexNet,net,4,1,2
advboxes_AdvBox.example.models,resnet,ResNet,__init__,3,1,1
advboxes_AdvBox.example.models,resnet,ResNet,conv_net,39,7,2
advboxes_AdvBox.example.models,resnet,ResNet,net,4,1,2
advboxes_AdvBox.example.models,resnet,ResNet,conv_bn_layer,25,2,6
advboxes_AdvBox.example.models,resnet,ResNet,shortcut,6,2,3
advboxes_AdvBox.example.models,resnet,ResNet,bottleneck_block,13,1,3
advboxes_AdvBox.example.models,resnet,,create_parameter,32,1,3
advboxes_AdvBox.example.models,resnet,,ResNet50,3,1,0
advboxes_AdvBox.example.models,resnet,,ResNet101,3,1,0
advboxes_AdvBox.example.models,resnet,,ResNet152,3,1,0
advboxes_AdvBox.tutorials,cifar10_model,,inference_network,12,1,0
advboxes_AdvBox.tutorials,cifar10_model,,train_network,7,1,0
advboxes_AdvBox.tutorials,cifar10_model,,optimizer_program,2,1,0
advboxes_AdvBox.tutorials,cifar10_model,,train,35,5,3
advboxes_AdvBox.tutorials,cifar10_model,,main,8,3,1
advboxes_AdvBox.tutorials,cifar10_tutorial_bim,,main,61,4,1
advboxes_AdvBox.tutorials,cifar10_tutorial_deepfool,,main,61,4,1
advboxes_AdvBox.tutorials,cifar10_tutorial_fgsm,,main,54,4,1
advboxes_AdvBox.tutorials,cifar10_tutorial_jsma,,main,65,4,1
advboxes_AdvBox.tutorials,cifar10_tutorial_singlepixelattack,,main,59,4,1
advboxes_AdvBox.tutorials,imagenet_tools_mxnet,,main,16,1,1
advboxes_AdvBox.tutorials,imagenet_tools_pytorch,,main,17,1,1
advboxes_AdvBox.tutorials,imagenet_tutorial_deepfool_k,,main,66,3,2
advboxes_AdvBox.tutorials,imagenet_tutorial_deepfool_tf,,main,72,3,2
advboxes_AdvBox.tutorials,imagenet_tutorial_fgsm_k,,main,69,3,2
advboxes_AdvBox.tutorials,imagenet_tutorial_fgsm_mxnet,,main,39,2,1
advboxes_AdvBox.tutorials,imagenet_tutorial_fgsm_pytorch,,main,45,3,1
advboxes_AdvBox.tutorials,imagenet_tutorial_fgsm_tf,,main,71,3,2
advboxes_AdvBox.tutorials,imagenet_tutorial_localsearchattack,,resize_short,6,1,2
advboxes_AdvBox.tutorials,imagenet_tutorial_localsearchattack,,crop_image,13,2,3
advboxes_AdvBox.tutorials,imagenet_tutorial_localsearchattack,,get_image,10,2,1
advboxes_AdvBox.tutorials,imagenet_tutorial_localsearchattack,,main,60,3,1
advboxes_AdvBox.tutorials,imagenet_tutorial_singlepixelattack,,resize_short,6,1,2
advboxes_AdvBox.tutorials,imagenet_tutorial_singlepixelattack,,crop_image,13,2,3
advboxes_AdvBox.tutorials,imagenet_tutorial_singlepixelattack,,get_image,10,2,1
advboxes_AdvBox.tutorials,imagenet_tutorial_singlepixelattack,,main,60,3,1
advboxes_AdvBox.tutorials,keras_demo,,main,43,2,2
advboxes_AdvBox.tutorials,mnist_model,,mnist_cnn_model,20,1,1
advboxes_AdvBox.tutorials,mnist_model,,main,46,5,1
advboxes_AdvBox.tutorials,mnist_model_gaussian_augmentation_defence,,mnist_cnn_model,20,1,1
advboxes_AdvBox.tutorials,mnist_model_gaussian_augmentation_defence,,main,64,7,1
advboxes_AdvBox.tutorials,mnist_model_pytorch,Net,__init__,21,1,0
advboxes_AdvBox.tutorials,mnist_model_pytorch,Net,forward,7,1,1
advboxes_AdvBox.tutorials,mnist_model_pytorch,,main,43,5,0
advboxes_AdvBox.tutorials,mnist_tutorial_bim,,main,89,7,0
advboxes_AdvBox.tutorials,mnist_tutorial_caffe_fgsm,,main,58,4,1
advboxes_AdvBox.tutorials,mnist_tutorial_deepfool,,main,99,7,0
advboxes_AdvBox.tutorials,mnist_tutorial_defences_feature_squeezing,,main,95,7,1
advboxes_AdvBox.tutorials,mnist_tutorial_defences_gaussian_augmentation,,main,91,7,1
advboxes_AdvBox.tutorials,mnist_tutorial_defences_label_smoothing,,main,94,7,1
advboxes_AdvBox.tutorials,mnist_tutorial_defences_spatial_smoothing,,main,95,7,1
advboxes_AdvBox.tutorials,mnist_tutorial_fgsm,,main,99,7,0
advboxes_AdvBox.tutorials,mnist_tutorial_fgsm_pytorch,,main,56,4,0
advboxes_AdvBox.tutorials,mnist_tutorial_ilcm,,main,93,7,0
advboxes_AdvBox.tutorials,mnist_tutorial_jsma,,main,105,9,0
advboxes_AdvBox.tutorials,mnist_tutorial_lbfgs,,main,93,7,0
advboxes_AdvBox.tutorials,mnist_tutorial_mifgsm,,main,104,7,0
advboxes_AdvBox.tutorials,mnist_tutorial_singlepixelattack,,main,58,4,1
advboxes_AdvBox.tutorials,utils,,show,2,1,0
advboxes_AdvBox.tutorials,utils,,show_images_diff,20,1,2
advboxes_AdvBox.tutorials,utils,,invert_green_blue,2,1,1
advboxes_AdvBox.tutorials,utils,,do_movie_content,8,1,2
advboxes_AdvBox.tutorials.image_classification,alexnet,AlexNet,__init__,2,1,0
advboxes_AdvBox.tutorials.image_classification,alexnet,AlexNet,net,115,1,2
advboxes_AdvBox.tutorials.image_classification,googlenet,GoogleNet,__init__,2,1,0
advboxes_AdvBox.tutorials.image_classification,googlenet,GoogleNet,conv_layer,16,1,6
advboxes_AdvBox.tutorials.image_classification,googlenet,GoogleNet,xavier,5,1,2
advboxes_AdvBox.tutorials.image_classification,googlenet,GoogleNet,inception,38,1,9
advboxes_AdvBox.tutorials.image_classification,googlenet,GoogleNet,net,65,1,2
advboxes_AdvBox.tutorials.image_classification,lenet,Network,__init__,9,1,2
advboxes_AdvBox.tutorials.image_classification,lenet,Network,setup,2,1,0
advboxes_AdvBox.tutorials.image_classification,lenet,Network,load,34,9,4
advboxes_AdvBox.tutorials.image_classification,lenet,Network,feed,12,4,0
advboxes_AdvBox.tutorials.image_classification,lenet,Network,get_output,2,1,0
advboxes_AdvBox.tutorials.image_classification,lenet,Network,get_unique_name,4,1,1
advboxes_AdvBox.tutorials.image_classification,lenet,Network,get_unique_output_name,6,1,2
advboxes_AdvBox.tutorials.image_classification,lenet,Network,conv,30,5,13
advboxes_AdvBox.tutorials.image_classification,lenet,Network,deconv,32,5,12
advboxes_AdvBox.tutorials.image_classification,lenet,Network,relu,4,1,2
advboxes_AdvBox.tutorials.image_classification,lenet,Network,prelu,12,2,3
advboxes_AdvBox.tutorials.image_classification,lenet,Network,pool,14,1,9
advboxes_AdvBox.tutorials.image_classification,lenet,Network,max_pool,11,1,8
advboxes_AdvBox.tutorials.image_classification,lenet,Network,avg_pool,11,1,8
advboxes_AdvBox.tutorials.image_classification,lenet,Network,sigmoid,4,1,2
advboxes_AdvBox.tutorials.image_classification,lenet,Network,tanh,4,1,2
advboxes_AdvBox.tutorials.image_classification,lenet,Network,lrn,9,1,6
advboxes_AdvBox.tutorials.image_classification,lenet,Network,concat,7,1,3
advboxes_AdvBox.tutorials.image_classification,lenet,Network,add,7,2,2
advboxes_AdvBox.tutorials.image_classification,lenet,Network,max,7,2,2
advboxes_AdvBox.tutorials.image_classification,lenet,Network,multiply,7,2,2
advboxes_AdvBox.tutorials.image_classification,lenet,Network,fc,13,2,5
advboxes_AdvBox.tutorials.image_classification,lenet,Network,softmax,11,3,2
advboxes_AdvBox.tutorials.image_classification,lenet,Network,batch_normalization,29,4,6
advboxes_AdvBox.tutorials.image_classification,lenet,Network,dropout,11,2,4
advboxes_AdvBox.tutorials.image_classification,lenet,Network,scale,23,1,4
advboxes_AdvBox.tutorials.image_classification,lenet,Network,custom_layer_factory,3,1,0
advboxes_AdvBox.tutorials.image_classification,lenet,Network,custom_layer,4,1,3
advboxes_AdvBox.tutorials.image_classification,lenet,LeNet,custom_layer_factory,22,5,0
advboxes_AdvBox.tutorials.image_classification,lenet,LeNet,input_shapes,2,1,1
advboxes_AdvBox.tutorials.image_classification,lenet,LeNet,convert,38,6,4
advboxes_AdvBox.tutorials.image_classification,lenet,LeNet,setup,9,1,0
advboxes_AdvBox.tutorials.image_classification,lenet,,import_fluid,3,1,0
advboxes_AdvBox.tutorials.image_classification,lenet,,layer,21,2,1
advboxes_AdvBox.tutorials.image_classification,lenet,,main,25,3,0
advboxes_AdvBox.tutorials.image_classification,mobilenet,MobileNet,__init__,2,1,0
advboxes_AdvBox.tutorials.image_classification,mobilenet,MobileNet,net,83,2,3
advboxes_AdvBox.tutorials.image_classification,mobilenet,MobileNet,conv_bn_layer,13,1,9
advboxes_AdvBox.tutorials.image_classification,mobilenet,MobileNet,depthwise_separable,16,1,6
advboxes_AdvBox.tutorials.image_classification,resnet,ResNet,__init__,3,1,1
advboxes_AdvBox.tutorials.image_classification,resnet,ResNet,net,36,7,2
advboxes_AdvBox.tutorials.image_classification,resnet,ResNet,conv_bn_layer,11,1,6
advboxes_AdvBox.tutorials.image_classification,resnet,ResNet,shortcut,6,2,3
advboxes_AdvBox.tutorials.image_classification,resnet,ResNet,bottleneck_block,13,1,3
advboxes_AdvBox.tutorials.image_classification,resnet,,conv_bn_layer,10,1,7
advboxes_AdvBox.tutorials.image_classification,resnet,,shortcut,5,1,4
advboxes_AdvBox.tutorials.image_classification,resnet,,basicblock,5,1,4
advboxes_AdvBox.tutorials.image_classification,resnet,,layer_warp,5,2,6
advboxes_AdvBox.tutorials.image_classification,resnet,,resnet_cifar10,12,1,2
advboxes_AdvBox.tutorials.image_classification,resnet,,ResNet50,3,1,0
advboxes_AdvBox.tutorials.image_classification,resnet,,ResNet101,3,1,0
advboxes_AdvBox.tutorials.image_classification,resnet,,ResNet152,3,1,0
advboxes_AdvBox.tutorials.image_classification,vgg,VGGNet,__init__,3,1,1
advboxes_AdvBox.tutorials.image_classification,vgg,VGGNet,net,44,1,2
advboxes_AdvBox.tutorials.image_classification,vgg,VGGNet,conv_block,16,2,3
advboxes_AdvBox.tutorials.image_classification,vgg,,VGG11,3,1,0
advboxes_AdvBox.tutorials.image_classification,vgg,,VGG13,3,1,0
advboxes_AdvBox.tutorials.image_classification,vgg,,VGG16,3,1,0
advboxes_AdvBox.tutorials.image_classification,vgg,,VGG19,3,1,0
