Package,Module,Class,Function,LOC,CC,PC
tensorflow_text.oss_scripts,build_docs,,_hide_layer_and_module_methods,17,6,0
tensorflow_text.oss_scripts,build_docs,,build_docs,12,1,0
tensorflow_text.oss_scripts,build_docs,,main,2,1,1
tensorflow_text.oss_scripts.pip_package,setup.nightly,BinaryDistribution,is_pure,2,1,0
tensorflow_text.oss_scripts.pip_package,setup.nightly,BinaryDistribution,has_ext_modules,2,1,0
tensorflow_text.oss_scripts.pip_package,setup.nightly,InstallPlatlib,finalize_options,5,1,0
tensorflow_text.oss_scripts.pip_package,setup,BinaryDistribution,is_pure,2,1,0
tensorflow_text.oss_scripts.pip_package,setup,BinaryDistribution,has_ext_modules,2,1,0
tensorflow_text.oss_scripts.pip_package,setup,InstallPlatlib,finalize_options,5,1,0
tensorflow_text.tensorflow_text,public_names_test,PublicNamesTest,check_names,15,4,2
tensorflow_text.tensorflow_text,public_names_test,PublicNamesTest,testPublicNames,2,1,0
tensorflow_text.tensorflow_text.core.pybinds,pywrap_fast_bert_normalizer_model_builder_test,PywrapCodepointWiseTextNormalizerModelBuilderTest,test_build,5,1,0
tensorflow_text.tensorflow_text.core.pybinds,pywrap_fast_bert_normalizer_model_builder_test,PywrapCodepointWiseTextNormalizerModelBuilderTest,test_build_lower_case_nfd_strip_accents,6,1,0
tensorflow_text.tensorflow_text.core.pybinds,pywrap_fast_wordpiece_tokenizer_model_builder_test,PywrapFastWordpieceBuilderTest,test_build,15,1,0
tensorflow_text.tensorflow_text.core.pybinds,pywrap_fast_wordpiece_tokenizer_model_builder_test,PywrapFastWordpieceBuilderTest,test_build_throw_exception_unk_token_not_in_vocab,13,1,0
tensorflow_text.tensorflow_text.core.pybinds,pywrap_phrase_tokenizer_model_builder_test,PywrapPhraseBuilderTest,test_build,17,1,0
tensorflow_text.tensorflow_text.core.pybinds,pywrap_whitespace_tokenizer_config_builder_test,PywrapFastWordpieceBuilderTest,test_build,11,1,0
tensorflow_text.tensorflow_text.python.benchmarks,benchmark_utils,OpsBaseBenchmark,__init__,5,1,0
tensorflow_text.tensorflow_text.python.benchmarks,benchmark_utils,OpsBaseBenchmark,_get_method_name,12,4,0
tensorflow_text.tensorflow_text.python.benchmarks,benchmark_utils,OpsBaseBenchmark,load_input_data,11,2,1
tensorflow_text.tensorflow_text.python.benchmarks,benchmark_utils,OpsBaseBenchmark,run_and_report,9,3,5
tensorflow_text.tensorflow_text.python.benchmarks,benchmark_utils,OpsBaseBenchmark,_convert_to_ragged_inputs,5,1,1
tensorflow_text.tensorflow_text.python.benchmarks,benchmark_utils,OpsBaseBenchmark,run_and_report_ragged_vs_dense,19,1,4
tensorflow_text.tensorflow_text.python.benchmarks,benchmark_utils,OpsBaseBenchmark,_run_and_report_eagerly,38,6,5
tensorflow_text.tensorflow_text.python.benchmarks,benchmark_utils,OpsBaseBenchmark,_run_with_xprof,7,1,1
tensorflow_text.tensorflow_text.python.benchmarks,benchmark_utils,OpsBaseBenchmark,_run_and_report_graphmode,48,7,5
tensorflow_text.tensorflow_text.python.benchmarks,ops_benchmarks,OpsBenchmark,__init__,5,2,0
tensorflow_text.tensorflow_text.python.benchmarks,ops_benchmarks,OpsBenchmark,_run,15,4,2
tensorflow_text.tensorflow_text.python.benchmarks,ops_benchmarks,OpsBenchmark,benchmark_ngrams,9,1,0
tensorflow_text.tensorflow_text.python.benchmarks,ops_benchmarks,OpsBenchmark,benchmark_sliding_window,3,1,0
tensorflow_text.tensorflow_text.python.benchmarks,ops_benchmarks,OpsBenchmark,benchmark_case_fold_utf8,2,1,0
tensorflow_text.tensorflow_text.python.benchmarks,ops_benchmarks,OpsBenchmark,benchmark_normalize_utf8,2,1,0
tensorflow_text.tensorflow_text.python.benchmarks,ops_benchmarks,OpsBenchmark,benchmark_normalize_utf8_with_offsets,4,2,0
tensorflow_text.tensorflow_text.python.benchmarks,ops_benchmarks,OpsBenchmark,benchmark_coerce_to_structurally_valid_utf8,4,2,0
tensorflow_text.tensorflow_text.python.benchmarks,ops_benchmarks,OpsBenchmark,benchmark_pad_along_dimension,7,1,0
tensorflow_text.tensorflow_text.python.benchmarks,ops_benchmarks,OpsBenchmark,benchmark_state_based_sentence_breaking,6,2,0
tensorflow_text.tensorflow_text.python.benchmarks,ops_benchmarks,OpsBenchmark,benchmark_create_feature_bitmask,8,2,0
tensorflow_text.tensorflow_text.python.benchmarks,ops_benchmarks,ConstrainedSequenceOpsBenchmark,__init__,5,2,0
tensorflow_text.tensorflow_text.python.benchmarks,ops_benchmarks,ConstrainedSequenceOpsBenchmark,load_input_data,12,1,1
tensorflow_text.tensorflow_text.python.benchmarks,ops_benchmarks,ConstrainedSequenceOpsBenchmark,_run,7,2,2
tensorflow_text.tensorflow_text.python.benchmarks,ops_benchmarks,ConstrainedSequenceOpsBenchmark,benchmark_greedy_constrained_sequence,10,2,0
tensorflow_text.tensorflow_text.python.benchmarks,ops_benchmarks,ConstrainedSequenceOpsBenchmark,benchmark_viterb_constrained_sequence,10,2,0
tensorflow_text.tensorflow_text.python.benchmarks,tokenizers_benchmarks,TokenizationBenchmark,__init__,5,2,0
tensorflow_text.tensorflow_text.python.benchmarks,tokenizers_benchmarks,TokenizationBenchmark,benchmark,15,3,2
tensorflow_text.tensorflow_text.python.benchmarks,tokenizers_benchmarks,CustomInputTokenizationBenchmark,__init__,5,2,0
tensorflow_text.tensorflow_text.python.benchmarks,tokenizers_benchmarks,CustomInputTokenizationBenchmark,_create_table,3,1,2
tensorflow_text.tensorflow_text.python.benchmarks,tokenizers_benchmarks,CustomInputTokenizationBenchmark,_run,15,4,2
tensorflow_text.tensorflow_text.python.benchmarks,tokenizers_benchmarks,CustomInputTokenizationBenchmark,benchmark_wordpiece_tokenizer,7,1,0
tensorflow_text.tensorflow_text.python.benchmarks,tokenizers_benchmarks,CustomInputTokenizationBenchmark,benchmark_sentencepiece_tokenizer,4,1,0
tensorflow_text.tensorflow_text.python.benchmarks,tokenizers_benchmarks,CustomInputTokenizationBenchmark,benchmark_fast_sentencepiece_tokenizer,4,1,0
tensorflow_text.tensorflow_text.python.benchmarks,tokenizers_benchmarks,CustomInputTokenizationBenchmark,_get_char_level_splits,4,1,0
tensorflow_text.tensorflow_text.python.benchmarks,tokenizers_benchmarks,CustomInputTokenizationBenchmark,benchmark_split_merge_tokenizer,22,3,0
tensorflow_text.tensorflow_text.python.benchmarks,tokenizers_benchmarks,CustomInputTokenizationBenchmark,benchmark_split_merge_from_logits_tokenizer,17,4,0
tensorflow_text.tensorflow_text.python.benchmarks,tokenizers_benchmarks,RegexSplitOpsBenchmark,__init__,5,2,0
tensorflow_text.tensorflow_text.python.benchmarks,tokenizers_benchmarks,RegexSplitOpsBenchmark,benchmark_regex_split_ops,9,2,0
tensorflow_text.tensorflow_text.python.keras.layers,todense,ToDense,__init__,9,1,3
tensorflow_text.tensorflow_text.python.keras.layers,todense,ToDense,call,19,7,1
tensorflow_text.tensorflow_text.python.keras.layers,todense,ToDense,compute_output_shape,2,1,1
tensorflow_text.tensorflow_text.python.keras.layers,todense,ToDense,get_config,8,1,0
tensorflow_text.tensorflow_text.python.keras.layers,todense_test,Final,call,2,1,1
tensorflow_text.tensorflow_text.python.keras.layers,todense_test,Final,compute_output_shape,2,1,1
tensorflow_text.tensorflow_text.python.keras.layers,todense_test,Final,get_config,3,1,0
tensorflow_text.tensorflow_text.python.keras.layers,todense_test,RaggedTensorsToDenseLayerTest,SKIP_test_ragged_input_default_padding,16,1,0
tensorflow_text.tensorflow_text.python.keras.layers,todense_test,RaggedTensorsToDenseLayerTest,SKIP_test_ragged_input_with_padding,19,1,0
tensorflow_text.tensorflow_text.python.keras.layers,todense_test,RaggedTensorsToDenseLayerTest,test_ragged_input_pad_and_mask,8,1,0
tensorflow_text.tensorflow_text.python.keras.layers,todense_test,RaggedTensorsToDenseLayerTest,test_ragged_input_shape,16,1,0
tensorflow_text.tensorflow_text.python.keras.layers,todense_test,RaggedTensorsToDenseLayerTest,SKIP_test_ragged_input_RNN_layer,21,1,1
tensorflow_text.tensorflow_text.python.keras.layers,todense_test,SparseTensorsToDenseLayerTest,SKIP_test_sparse_input_default_padding,18,1,0
tensorflow_text.tensorflow_text.python.keras.layers,todense_test,SparseTensorsToDenseLayerTest,SKIP_test_sparse_input_with_padding,18,1,0
tensorflow_text.tensorflow_text.python.keras.layers,todense_test,SparseTensorsToDenseLayerTest,test_sparse_input_pad_and_mask,9,1,0
tensorflow_text.tensorflow_text.python.keras.layers,todense_test,SparseTensorsToDenseLayerTest,test_sparse_input_shape,18,1,0
tensorflow_text.tensorflow_text.python.keras.layers,todense_test,,get_input_dataset,7,1,2
tensorflow_text.tensorflow_text.python.keras.layers,todense_test,,get_model_from_layers,10,1,5
tensorflow_text.tensorflow_text.python.keras.layers,tokenization_layers,TokenizerBase,__init__,9,3,3
tensorflow_text.tensorflow_text.python.keras.layers,tokenization_layers,TokenizerBase,build,8,3,1
tensorflow_text.tensorflow_text.python.keras.layers,tokenization_layers,TokenizerBase,_set_tokenizer,2,1,1
tensorflow_text.tensorflow_text.python.keras.layers,tokenization_layers,TokenizerBase,call,8,4,1
tensorflow_text.tensorflow_text.python.keras.layers,tokenization_layers,TokenizerBase,compute_output_shape,6,1,1
tensorflow_text.tensorflow_text.python.keras.layers,tokenization_layers,TokenizerBase,compute_output_signature,10,1,1
tensorflow_text.tensorflow_text.python.keras.layers,tokenization_layers,TokenizerBase,get_config,7,1,0
tensorflow_text.tensorflow_text.python.keras.layers,tokenization_layers,UnicodeScriptTokenizer,__init__,8,1,3
tensorflow_text.tensorflow_text.python.keras.layers,tokenization_layers,WhitespaceTokenizer,__init__,7,1,2
tensorflow_text.tensorflow_text.python.keras.layers,tokenization_layers,WordpieceTokenizer,__init__,23,2,7
tensorflow_text.tensorflow_text.python.keras.layers,tokenization_layers,WordpieceTokenizer,set_vocabulary,8,3,1
tensorflow_text.tensorflow_text.python.keras.layers,tokenization_layers,WordpieceTokenizer,get_config,11,1,0
tensorflow_text.tensorflow_text.python.keras.layers,tokenization_layers,WordpieceTokenizer,call,5,2,1
tensorflow_text.tensorflow_text.python.keras.layers,tokenization_layers,,_GetVocabularyFromFile,17,5,1
tensorflow_text.tensorflow_text.python.keras.layers,tokenization_layers_test,TokenizationLayersTest,test_compute_output_signature,6,1,2
tensorflow_text.tensorflow_text.python.keras.layers,tokenization_layers_test,TokenizationLayersTest,test_whitespace_tokenization_layer,13,3,5
tensorflow_text.tensorflow_text.python.keras.layers,tokenization_layers_test,TokenizationLayersTest,test_unicode_tokenization_layer,13,3,5
tensorflow_text.tensorflow_text.python.keras.layers,tokenization_layers_test,TokenizationLayersTest,test_unicode_tokenization_in_text_vec,16,3,0
tensorflow_text.tensorflow_text.python.keras.layers,tokenization_layers_test,TokenizationLayersTest,test_wordpiece_tokenization_layer,15,3,6
tensorflow_text.tensorflow_text.python.keras.layers,tokenization_layers_test,TokenizationLayersTest,test_whitespace_tokenization_multi_layer,17,2,5
tensorflow_text.tensorflow_text.python.keras.layers,tokenization_layers_test,TokenizationLayersTest,test_unicode_tokenization_multi_layer,17,2,5
tensorflow_text.tensorflow_text.python.keras.layers,tokenization_layers_test,TokenizationLayersTest,test_wordpiece_tokenization_multi_layer,16,1,6
tensorflow_text.tensorflow_text.python.metrics,text_similarity_metric_ops,,rouge_l,21,8,3
tensorflow_text.tensorflow_text.python.metrics,text_similarity_metric_ops_test,TextSimilarityMetricOpsTest,testRougeLOp,25,4,8
tensorflow_text.tensorflow_text.python.metrics,text_similarity_metric_ops_test,TextSimilarityMetricOpsTest,testRougeLOp_notRagged,5,1,2
tensorflow_text.tensorflow_text.python.metrics,text_similarity_metric_ops_test,TextSimilarityMetricOpsTest,testRougeLOp_raggedRank2,3,1,2
tensorflow_text.tensorflow_text.python.metrics,text_similarity_metric_ops_test,TextSimilarityMetricOpsTest,testRougeLOp_alphaValues,9,1,0
tensorflow_text.tensorflow_text.python.metrics,text_similarity_metric_ops_test,,_tokenize_whitespace,2,1,1
tensorflow_text.tensorflow_text.python.metrics,text_similarity_metric_ops_test,,_tokenize_155_compat,6,1,1
tensorflow_text.tensorflow_text.python.numpy,viterbi_decode,,decode,21,5,5
tensorflow_text.tensorflow_text.python.numpy,viterbi_decode,,_decode_in_log_space,27,6,3
tensorflow_text.tensorflow_text.python.numpy,viterbi_decode,,_decode_in_exp_space,34,7,3
tensorflow_text.tensorflow_text.python.numpy,viterbi_decode_test,ViterbiDecodeTest,test_viterbi_in_log_space,10,1,0
tensorflow_text.tensorflow_text.python.numpy,viterbi_decode_test,ViterbiDecodeTest,test_viterbi_with_allowed_transitions,14,1,0
tensorflow_text.tensorflow_text.python.numpy,viterbi_decode_test,ViterbiDecodeTest,test_viterbi_in_log_space_with_start_and_end,12,1,0
tensorflow_text.tensorflow_text.python.numpy,viterbi_decode_test,ViterbiDecodeTest,test_viterbi_in_exp_space,11,1,0
tensorflow_text.tensorflow_text.python.numpy,viterbi_decode_test,ViterbiDecodeTest,test_viterbi_in_exp_space_with_allowed_transitions,14,1,0
tensorflow_text.tensorflow_text.python.numpy,viterbi_decode_test,ViterbiDecodeTest,test_viterbi_in_exp_space_with_start_and_end,15,1,0
tensorflow_text.tensorflow_text.python.numpy,viterbi_decode_test,ViterbiDecodeTest,test_viterbi_in_exp_space_with_negative_weights_fails,10,1,0
tensorflow_text.tensorflow_text.python.ops,bert_tokenizer,BasicTokenizer,__init__,17,5,4
tensorflow_text.tensorflow_text.python.ops,bert_tokenizer,BasicTokenizer,tokenize,3,1,1
tensorflow_text.tensorflow_text.python.ops,bert_tokenizer,BasicTokenizer,tokenize_with_offsets,12,3,1
tensorflow_text.tensorflow_text.python.ops,bert_tokenizer,BasicTokenizer,lower_case,5,1,1
tensorflow_text.tensorflow_text.python.ops,bert_tokenizer,AccentPreservingBasicTokenizer,__init__,2,1,0
tensorflow_text.tensorflow_text.python.ops,bert_tokenizer,AccentPreservingBasicTokenizer,lower_case,2,1,1
tensorflow_text.tensorflow_text.python.ops,bert_tokenizer,BertTokenizer,__init__,10,1,12
tensorflow_text.tensorflow_text.python.ops,bert_tokenizer,BertTokenizer,tokenize_with_offsets,10,1,1
tensorflow_text.tensorflow_text.python.ops,bert_tokenizer,BertTokenizer,tokenize,4,1,1
tensorflow_text.tensorflow_text.python.ops,bert_tokenizer,BertTokenizer,detokenize,3,1,1
tensorflow_text.tensorflow_text.python.ops,bert_tokenizer_test,BertTokenizerTest,test_bert_tokenizer_outputs,10,1,0
tensorflow_text.tensorflow_text.python.ops,bert_tokenizer_test,BertTokenizerTest,test_basic_tokenize,6,1,4
tensorflow_text.tensorflow_text.python.ops,bert_tokenizer_test,BertTokenizerTest,test_bert_tokenizer,35,3,7
tensorflow_text.tensorflow_text.python.ops,bert_tokenizer_test,BertTokenizerTest,test_int32_row_splits,14,1,1
tensorflow_text.tensorflow_text.python.ops,bert_tokenizer_test,,_utf8,2,1,1
tensorflow_text.tensorflow_text.python.ops,bert_tokenizer_test,,_ragged_substr,21,1,3
tensorflow_text.tensorflow_text.python.ops,bert_tokenizer_test,,_create_table,9,1,2
tensorflow_text.tensorflow_text.python.ops,boise_offset_converter,,_validate_input_has_same_type,6,3,0
tensorflow_text.tensorflow_text.python.ops,boise_offset_converter,,offsets_to_boise_tags,85,3,6
tensorflow_text.tensorflow_text.python.ops,boise_offset_converter,,boise_tags_to_offsets,66,3,3
tensorflow_text.tensorflow_text.python.ops,boise_offset_converter_test,OffsetsToBoiseTagsTest,test_ragged_input_2d,14,1,0
tensorflow_text.tensorflow_text.python.ops,boise_offset_converter_test,OffsetsToBoiseTagsTest,test_ragged_input_2d_empty_span,16,1,0
tensorflow_text.tensorflow_text.python.ops,boise_offset_converter_test,OffsetsToBoiseTagsTest,test_ragged_input_2d_empty_token,16,1,0
tensorflow_text.tensorflow_text.python.ops,boise_offset_converter_test,OffsetsToBoiseTagsTest,test_ragged_input_2d_strict_boundary_mode,16,1,0
tensorflow_text.tensorflow_text.python.ops,boise_offset_converter_test,OffsetsToBoiseTagsTest,test_ragged_input_1d,13,1,0
tensorflow_text.tensorflow_text.python.ops,boise_offset_converter_test,OffsetsToBoiseTagsTest,test_ragged_input_0d,12,1,0
tensorflow_text.tensorflow_text.python.ops,boise_offset_converter_test,OffsetsToBoiseTagsTest,test_tensor_input_2d,14,1,0
tensorflow_text.tensorflow_text.python.ops,boise_offset_converter_test,OffsetsToBoiseTagsTest,test_tensor_input_1d,13,1,0
tensorflow_text.tensorflow_text.python.ops,boise_offset_converter_test,OffsetsToBoiseTagsTest,test_tensor_input_0d,12,1,0
tensorflow_text.tensorflow_text.python.ops,boise_offset_converter_test,OffsetsToBoiseTagsTest,test_ragged_input_tensor_type_error,10,1,0
tensorflow_text.tensorflow_text.python.ops,boise_offset_converter_test,OffsetsToBoiseTagsTest,test_ragged_input_tensor_token_shape_error,14,1,0
tensorflow_text.tensorflow_text.python.ops,boise_offset_converter_test,BoiseTagsToOffsetsTest,test_ragged_input_2d,15,1,0
tensorflow_text.tensorflow_text.python.ops,boise_offset_converter_test,BoiseTagsToOffsetsTest,test_ragged_input_2d_empty_span,17,1,0
tensorflow_text.tensorflow_text.python.ops,boise_offset_converter_test,BoiseTagsToOffsetsTest,test_ragged_input_2d_empty_token,17,1,0
tensorflow_text.tensorflow_text.python.ops,boise_offset_converter_test,BoiseTagsToOffsetsTest,test_ragged_input_1d,14,1,0
tensorflow_text.tensorflow_text.python.ops,boise_offset_converter_test,BoiseTagsToOffsetsTest,test_ragged_input_0d,13,1,0
tensorflow_text.tensorflow_text.python.ops,boise_offset_converter_test,BoiseTagsToOffsetsTest,test_tensor_input_2d,14,1,0
tensorflow_text.tensorflow_text.python.ops,boise_offset_converter_test,BoiseTagsToOffsetsTest,test_tensor_input_1d,13,1,0
tensorflow_text.tensorflow_text.python.ops,boise_offset_converter_test,BoiseTagsToOffsetsTest,test_tensor_input_0d,13,1,0
tensorflow_text.tensorflow_text.python.ops,boise_offset_converter_test,BoiseTagsToOffsetsTest,test_ragged_input_tensor_type_error,10,1,0
tensorflow_text.tensorflow_text.python.ops,byte_splitter,ByteSplitter,__init__,3,1,0
tensorflow_text.tensorflow_text.python.ops,byte_splitter,ByteSplitter,split,4,1,1
tensorflow_text.tensorflow_text.python.ops,byte_splitter,ByteSplitter,split_with_offsets,37,2,1
tensorflow_text.tensorflow_text.python.ops,byte_splitter,ByteSplitter,_byte_split_with_offsets,15,1,1
tensorflow_text.tensorflow_text.python.ops,byte_splitter,ByteSplitter,split_by_offsets,63,12,3
tensorflow_text.tensorflow_text.python.ops,byte_splitter_test,ByteSplitterTest,setUp,3,1,0
tensorflow_text.tensorflow_text.python.ops,byte_splitter_test,ByteSplitterTest,testScalar,12,1,0
tensorflow_text.tensorflow_text.python.ops,byte_splitter_test,ByteSplitterTest,testVectorSingleValue,12,1,0
tensorflow_text.tensorflow_text.python.ops,byte_splitter_test,ByteSplitterTest,testVector,12,1,0
tensorflow_text.tensorflow_text.python.ops,byte_splitter_test,ByteSplitterTest,testMatrix,16,1,0
tensorflow_text.tensorflow_text.python.ops,byte_splitter_test,ByteSplitterTest,testMatrixRagged,12,1,0
tensorflow_text.tensorflow_text.python.ops,byte_splitter_test,ByteSplitterTest,test3DimMatrix,24,1,0
tensorflow_text.tensorflow_text.python.ops,byte_splitter_test,ByteSplitterTest,test3DimMatrixRagged,18,1,0
tensorflow_text.tensorflow_text.python.ops,byte_splitter_test,ByteSplitterTest,testEmptyStringSingle,12,1,0
tensorflow_text.tensorflow_text.python.ops,byte_splitter_test,ByteSplitterTest,testEmptyStrings,12,1,0
tensorflow_text.tensorflow_text.python.ops,byte_splitter_test,ByteSplitterTest,testEmptyDimensions,12,1,0
tensorflow_text.tensorflow_text.python.ops,byte_splitter_test,ByteSplitterTest,testTfLite,38,3,0
tensorflow_text.tensorflow_text.python.ops,byte_splitter_test,ByteSplitterTest,testSplitByOffsetsScalar,6,1,0
tensorflow_text.tensorflow_text.python.ops,byte_splitter_test,ByteSplitterTest,testSplitByOffsetsVectorSingleValue,6,1,0
tensorflow_text.tensorflow_text.python.ops,byte_splitter_test,ByteSplitterTest,testSplitByOffsetsVector,8,1,0
tensorflow_text.tensorflow_text.python.ops,byte_splitter_test,ByteSplitterTest,testSplitByOffsetsMatrix,11,2,0
tensorflow_text.tensorflow_text.python.ops,byte_splitter_test,ByteSplitterTest,testSplitByOffsetsMatrixRagged,14,1,0
tensorflow_text.tensorflow_text.python.ops,byte_splitter_test,ByteSplitterTest,testSplitByOffsets3DimMatrix,23,3,0
tensorflow_text.tensorflow_text.python.ops,byte_splitter_test,ByteSplitterTest,testSplitByOffsets3DimMatrixRagged,25,2,0
tensorflow_text.tensorflow_text.python.ops,byte_splitter_test,ByteSplitterTest,testSplitByOffsetsEmptyString,11,1,0
tensorflow_text.tensorflow_text.python.ops,byte_splitter_test,ByteSplitterTest,testSplitByOffsetsEmptyOffsets,9,1,0
tensorflow_text.tensorflow_text.python.ops,byte_splitter_test,ByteSplitterTest,testSplitByOffsetsTfLite,38,3,0
tensorflow_text.tensorflow_text.python.ops,byte_splitter_test,,_split,2,1,1
tensorflow_text.tensorflow_text.python.ops,byte_splitter_test,,_split_by_offsets,5,2,3
tensorflow_text.tensorflow_text.python.ops,coerce_to_valid_utf8_op_test,CoerceToUtf8Test,testCoercetoStructurallyValidOnValidInput,6,2,0
tensorflow_text.tensorflow_text.python.ops,coerce_to_valid_utf8_op_test,CoerceToUtf8Test,testCoercetoStructurallyValidOnValidInputWithDefault,6,2,0
tensorflow_text.tensorflow_text.python.ops,coerce_to_valid_utf8_op_test,CoerceToUtf8Test,testCoercetoStructurallyValidOnInvalidInput,6,2,0
tensorflow_text.tensorflow_text.python.ops,coerce_to_valid_utf8_op_test,CoerceToUtf8Test,testCoercetoStructurallyValidOnInvalidInputWithDefault,6,2,0
tensorflow_text.tensorflow_text.python.ops,create_feature_bitmask_op,,create_feature_bitmask,46,8,3
tensorflow_text.tensorflow_text.python.ops,create_feature_bitmask_op_test,CreateFeatureBitmaskOpTest,test_docstring_example1,4,1,0
tensorflow_text.tensorflow_text.python.ops,create_feature_bitmask_op_test,CreateFeatureBitmaskOpTest,test_docstring_example2,5,1,0
tensorflow_text.tensorflow_text.python.ops,create_feature_bitmask_op_test,CreateFeatureBitmaskOpTest,test_feature_bitmask_single_dim_single_tensor,5,1,0
tensorflow_text.tensorflow_text.python.ops,create_feature_bitmask_op_test,CreateFeatureBitmaskOpTest,test_feature_bitmask_multiple_tensors_stack,7,1,0
tensorflow_text.tensorflow_text.python.ops,create_feature_bitmask_op_test,CreateFeatureBitmaskOpTest,test_feature_bitmask_multi_dim_single_tensor,5,1,0
tensorflow_text.tensorflow_text.python.ops,create_feature_bitmask_op_test,CreateFeatureBitmaskOpTest,test_feature_bitmask_3_dim_single_tensor,6,1,0
tensorflow_text.tensorflow_text.python.ops,create_feature_bitmask_op_test,CreateFeatureBitmaskOpTest,test_feature_bitmask_multiple_tensors_multi_dim_stack,7,1,0
tensorflow_text.tensorflow_text.python.ops,create_feature_bitmask_op_test,CreateFeatureBitmaskOpTest,test_supports_tensors_with_unknown_shape,8,1,0
tensorflow_text.tensorflow_text.python.ops,create_feature_bitmask_op_test,CreateFeatureBitmaskOpTest,test_feature_bitmask_multiple_tensors_error,7,1,0
tensorflow_text.tensorflow_text.python.ops,create_feature_bitmask_op_test,CreateFeatureBitmaskOpTest,test_unsupported_dtype_type,7,1,0
tensorflow_text.tensorflow_text.python.ops,create_feature_bitmask_op_test,CreateFeatureBitmaskOpTest,test_unsupported_input_type,6,1,0
tensorflow_text.tensorflow_text.python.ops,create_feature_bitmask_op_test,CreateFeatureBitmaskOpTest,test_larger_than_max_shape,5,1,0
tensorflow_text.tensorflow_text.python.ops,create_feature_bitmask_op_test,CreateFeatureBitmaskOpTest,test_larger_than_dtype_shape,7,1,0
tensorflow_text.tensorflow_text.python.ops,create_feature_bitmask_op_test,CreateFeatureBitmaskOpTest,test_larger_than_dtype_shape_at_runtime,10,1,0
tensorflow_text.tensorflow_text.python.ops,fast_bert_normalizer,FastBertNormalizer,__init__,12,3,2
tensorflow_text.tensorflow_text.python.ops,fast_bert_normalizer,FastBertNormalizer,normalize,5,1,1
tensorflow_text.tensorflow_text.python.ops,fast_bert_normalizer,FastBertNormalizer,normalize_with_offsets,4,1,1
tensorflow_text.tensorflow_text.python.ops,fast_bert_normalizer,FastBertNormalizer,_normalize_with_offsets_helper,40,5,2
tensorflow_text.tensorflow_text.python.ops,fast_bert_normalizer_test,FastBertNormalizeTest,test_normal,25,1,1
tensorflow_text.tensorflow_text.python.ops,fast_bert_normalizer_test,FastBertNormalizeTest,test_one_string_ragged,9,1,1
tensorflow_text.tensorflow_text.python.ops,fast_bert_normalizer_test,FastBertNormalizeTest,test_lowercase_nfd_strip_accent_empty_string,10,1,1
tensorflow_text.tensorflow_text.python.ops,fast_bert_normalizer_test,FastBertNormalizeWithOffsetsMapTest,test_tensor_input,7,1,4
tensorflow_text.tensorflow_text.python.ops,fast_bert_normalizer_test,FastBertNormalizerKerasModelTest,DISABELD_testKerasAndTflite,32,2,2
tensorflow_text.tensorflow_text.python.ops,fast_bert_normalizer_test,,_Utf8,2,1,1
tensorflow_text.tensorflow_text.python.ops,fast_bert_normalizer_test,,_OriginalNormalize,8,2,2
tensorflow_text.tensorflow_text.python.ops,fast_bert_tokenizer,FastBertTokenizer,__init__,15,1,10
tensorflow_text.tensorflow_text.python.ops,fast_bert_tokenizer,FastBertTokenizer,tokenize_with_offsets,12,1,1
tensorflow_text.tensorflow_text.python.ops,fast_bert_tokenizer,FastBertTokenizer,tokenize,4,1,1
tensorflow_text.tensorflow_text.python.ops,fast_bert_tokenizer,FastBertTokenizer,detokenize,3,1,1
tensorflow_text.tensorflow_text.python.ops,fast_bert_tokenizer_test,FastBertTokenizerTest,test_fast_bert_tokenizer_outputs,7,1,0
tensorflow_text.tensorflow_text.python.ops,fast_bert_tokenizer_test,FastBertTokenizerTest,test_fast_bert_tokenizer,19,2,7
tensorflow_text.tensorflow_text.python.ops,fast_bert_tokenizer_test,FastBertTokenizerKerasModelTest,testKerasAndTflite,31,1,3
tensorflow_text.tensorflow_text.python.ops,fast_bert_tokenizer_test,,_utf8,2,1,1
tensorflow_text.tensorflow_text.python.ops,fast_sentencepiece_tokenizer,FastSentencepieceTokenizer,__init__,12,1,4
tensorflow_text.tensorflow_text.python.ops,fast_sentencepiece_tokenizer,FastSentencepieceTokenizer,tokenize,32,2,1
tensorflow_text.tensorflow_text.python.ops,fast_sentencepiece_tokenizer,FastSentencepieceTokenizer,detokenize,31,3,1
tensorflow_text.tensorflow_text.python.ops,fast_sentencepiece_tokenizer,FastSentencepieceTokenizer,vocab_size,2,1,0
tensorflow_text.tensorflow_text.python.ops,fast_sentencepiece_tokenizer_test,FastSentencepieceTokenizerTest,setUp,3,1,0
tensorflow_text.tensorflow_text.python.ops,fast_sentencepiece_tokenizer_test,FastSentencepieceTokenizerTest,test_tftext_sentencepiece_tokenizer,11,1,0
tensorflow_text.tensorflow_text.python.ops,fast_sentencepiece_tokenizer_test,FastSentencepieceTokenizerTest,test_tftext_sentencepiece_detokenizer,12,1,0
tensorflow_text.tensorflow_text.python.ops,fast_sentencepiece_tokenizer_test,FastSentencepieceTokenizerTest,test_tftext_sentencepiece_tokenizer_bos_eos,12,1,0
tensorflow_text.tensorflow_text.python.ops,fast_sentencepiece_tokenizer_test,FastSentencepieceTokenizerTest,test_tflite_opt_sentence_tokenizer,37,1,0
tensorflow_text.tensorflow_text.python.ops,fast_sentencepiece_tokenizer_test,FastSentencepieceTokenizerTest,test_tflite_opt_sentence_detokenizer,37,1,0
tensorflow_text.tensorflow_text.python.ops,fast_sentencepiece_tokenizer_test,FastSentencepieceTokenizerTest,test_tflite_opt_sentence_tokenizer_vocab_size,31,1,0
tensorflow_text.tensorflow_text.python.ops,fast_sentencepiece_tokenizer_test,FastSentencepieceTokenizerBenchmark,benchmarkTokenizer,21,3,0
tensorflow_text.tensorflow_text.python.ops,fast_sentencepiece_tokenizer_test,,_get_sentencepiece_model,2,1,0
tensorflow_text.tensorflow_text.python.ops,fast_wordpiece_tokenizer,FastWordpieceTokenizer,__init__,17,3,8
tensorflow_text.tensorflow_text.python.ops,fast_wordpiece_tokenizer,FastWordpieceTokenizer,tokenize,4,1,1
tensorflow_text.tensorflow_text.python.ops,fast_wordpiece_tokenizer,FastWordpieceTokenizer,tokenize_with_offsets,47,5,1
tensorflow_text.tensorflow_text.python.ops,fast_wordpiece_tokenizer,FastWordpieceTokenizer,detokenize,29,3,1
tensorflow_text.tensorflow_text.python.ops,fast_wordpiece_tokenizer_test,FastWordpieceOpOriginalTest,testWordPieceOpAndVerifyOffsets,18,3,8
tensorflow_text.tensorflow_text.python.ops,fast_wordpiece_tokenizer_test,FastWordpieceOpOriginalTest,testWordPieceOpWithMultipleRaggedRank,9,2,6
tensorflow_text.tensorflow_text.python.ops,fast_wordpiece_tokenizer_test,FastWordpieceOpOriginalTest,testWordPieceOpWithIdReturned,9,1,0
tensorflow_text.tensorflow_text.python.ops,fast_wordpiece_tokenizer_test,FastWordpieceOpOriginalTest,testWordPieceOpWithInt32IdReturned,9,1,0
tensorflow_text.tensorflow_text.python.ops,fast_wordpiece_tokenizer_test,FastWordpieceOpOriginalTest,testTensors,8,1,7
tensorflow_text.tensorflow_text.python.ops,fast_wordpiece_tokenizer_test,FastWordpieceOpAdditionalTest,testTokenizerBuiltFromConfig,8,1,2
tensorflow_text.tensorflow_text.python.ops,fast_wordpiece_tokenizer_test,FastWordpieceOpAdditionalTest,testTokenizerBuiltFromModel,4,1,2
tensorflow_text.tensorflow_text.python.ops,fast_wordpiece_tokenizer_test,FastWordpieceOpAdditionalTest,testTokenizerBuiltFromModelInTensor,5,1,2
tensorflow_text.tensorflow_text.python.ops,fast_wordpiece_tokenizer_test,FastWordpieceOpAdditionalTest,testTokenizerBuiltInsideTfFunctionFromConfig,12,1,2
tensorflow_text.tensorflow_text.python.ops,fast_wordpiece_tokenizer_test,FastWordpieceOpAdditionalTest,testTokenizerBuiltInsideTfFunctionFromModel,8,1,2
tensorflow_text.tensorflow_text.python.ops,fast_wordpiece_tokenizer_test,FastWordpieceOpAdditionalTest,testTokenizerBuiltOutsideTfFunctionFromConfig,12,1,2
tensorflow_text.tensorflow_text.python.ops,fast_wordpiece_tokenizer_test,FastWordpieceOpAdditionalTest,testTokenizerBuiltOutsideTfFunctionFromModel,8,1,2
tensorflow_text.tensorflow_text.python.ops,fast_wordpiece_tokenizer_test,EndToEndFastWordpieceOpTest,testTokenizerBuiltFromConfig,7,1,2
tensorflow_text.tensorflow_text.python.ops,fast_wordpiece_tokenizer_test,FastWordpieceDetokenizeOpTest,testTokenizerBuiltFromConfig,9,1,2
tensorflow_text.tensorflow_text.python.ops,fast_wordpiece_tokenizer_test,FastWordpieceInKerasModelTest,testTfLiteWordpieceTokenizer,64,0,2
tensorflow_text.tensorflow_text.python.ops,fast_wordpiece_tokenizer_test,,_Utf8,2,1,1
tensorflow_text.tensorflow_text.python.ops,fast_wordpiece_tokenizer_test,,_GetTokensFromWordpieceOffsets,14,3,3
tensorflow_text.tensorflow_text.python.ops,fast_wordpiece_tokenizer_test,,_LoadTestModelBuffer,2,1,0
tensorflow_text.tensorflow_text.python.ops,gather_with_default_op_test,GatherWithDefaultOpTest,testDocStringExample,4,1,0
tensorflow_text.tensorflow_text.python.ops,gather_with_default_op_test,GatherWithDefaultOpTest,testScalarIndicesWith1DParams,9,2,3
tensorflow_text.tensorflow_text.python.ops,gather_with_default_op_test,GatherWithDefaultOpTest,testScalarIndicesWith2DParams,9,2,3
tensorflow_text.tensorflow_text.python.ops,gather_with_default_op_test,GatherWithDefaultOpTest,testVectorIndices,9,2,4
tensorflow_text.tensorflow_text.python.ops,gather_with_default_op_test,GatherWithDefaultOpTest,test2DIndices,11,2,4
tensorflow_text.tensorflow_text.python.ops,gather_with_default_op_test,GatherWithDefaultOpTest,testAxisGreaterThan0,10,1,0
tensorflow_text.tensorflow_text.python.ops,gather_with_default_op_test,GatherWithDefaultOpTest,testNegativeAxis,47,1,0
tensorflow_text.tensorflow_text.python.ops,gather_with_default_op_test,GatherWithDefaultOpTest,testAxisGreaterThan0_BehaviorMatchesTfGather,7,1,0
tensorflow_text.tensorflow_text.python.ops,gather_with_default_op_test,GatherWithDefaultOpTest,testBadDefaultShape,7,1,0
tensorflow_text.tensorflow_text.python.ops,gather_with_default_op_test,GatherWithDefaultOpTest,testBadDefaultDtype,6,1,0
tensorflow_text.tensorflow_text.python.ops,gather_with_default_op_test,GatherWithDefaultOpTest,testBadAxis,7,1,0
tensorflow_text.tensorflow_text.python.ops,gather_with_default_op_test,GatherWithDefaultOpTest,testIndexOutOfRange,11,1,0
tensorflow_text.tensorflow_text.python.ops,gather_with_default_op_test,,_MakeTestTensor,7,1,2
tensorflow_text.tensorflow_text.python.ops,greedy_constrained_sequence_op,,greedy_constrained_sequence,44,5,7
tensorflow_text.tensorflow_text.python.ops,greedy_constrained_sequence_op_test,GreedyConstrainedSequenceOpTest,_last_max,8,3,1
tensorflow_text.tensorflow_text.python.ops,greedy_constrained_sequence_op_test,GreedyConstrainedSequenceOpTest,_decode_greedy_sequence,40,14,5
tensorflow_text.tensorflow_text.python.ops,greedy_constrained_sequence_op_test,GreedyConstrainedSequenceOpTest,test_sequence_in_exp_space_with_start_end_states_single_batch_item,29,1,0
tensorflow_text.tensorflow_text.python.ops,greedy_constrained_sequence_op_test,GreedyConstrainedSequenceOpTest,test_sequence_in_exp_space_with_start_end_states_multi_batch_item,30,1,0
tensorflow_text.tensorflow_text.python.ops,greedy_constrained_sequence_op_test,GreedyConstrainedSequenceOpTest,test_sequence_in_exp_space_without_start_end_states_single_batch_item,27,1,0
tensorflow_text.tensorflow_text.python.ops,greedy_constrained_sequence_op_test,GreedyConstrainedSequenceOpTest,test_sequence_in_exp_space_without_start_end_states_multi_batch_item,28,1,0
tensorflow_text.tensorflow_text.python.ops,greedy_constrained_sequence_op_test,GreedyConstrainedSequenceOpTest,test_sequence_in_log_space_with_start_end_states_single_batch_item,30,1,0
tensorflow_text.tensorflow_text.python.ops,greedy_constrained_sequence_op_test,GreedyConstrainedSequenceOpTest,test_sequence_in_log_space_with_start_end_states_multi_batch_item,31,1,0
tensorflow_text.tensorflow_text.python.ops,greedy_constrained_sequence_op_test,GreedyConstrainedSequenceOpTest,test_sequence_in_log_space_without_start_end_states_single_batch_item,27,1,0
tensorflow_text.tensorflow_text.python.ops,greedy_constrained_sequence_op_test,GreedyConstrainedSequenceOpTest,test_sequence_in_log_space_without_start_end_states_multi_batch_item,28,1,0
tensorflow_text.tensorflow_text.python.ops,greedy_constrained_sequence_op_test,GreedyConstrainedSequenceOpTest,test_sequence_with_none_weights_single_batch_item,27,1,0
tensorflow_text.tensorflow_text.python.ops,greedy_constrained_sequence_op_test,GreedyConstrainedSequenceOpTest,test_sequence_with_none_weights_multi_batch_item,28,1,0
tensorflow_text.tensorflow_text.python.ops,greedy_constrained_sequence_op_test,GreedyConstrainedSequenceOpTest,test_sequence_with_none_permissions_single_batch_item,21,1,0
tensorflow_text.tensorflow_text.python.ops,greedy_constrained_sequence_op_test,GreedyConstrainedSequenceOpTest,test_sequence_with_none_permissions_multi_input,22,1,0
tensorflow_text.tensorflow_text.python.ops,greedy_constrained_sequence_op_test,GreedyConstrainedSequenceOpTest,test_sequence_with_implicit_sequence_lengths,28,1,0
tensorflow_text.tensorflow_text.python.ops,greedy_constrained_sequence_op_test,GreedyConstrainedSequenceOpTest,test_ragged_inputs,37,1,0
tensorflow_text.tensorflow_text.python.ops,hub_module_splitter,HubModuleSplitter,__init__,7,1,1
tensorflow_text.tensorflow_text.python.ops,hub_module_splitter,HubModuleSplitter,_predict_pieces,21,2,1
tensorflow_text.tensorflow_text.python.ops,hub_module_splitter,HubModuleSplitter,split_with_offsets,25,3,1
tensorflow_text.tensorflow_text.python.ops,hub_module_splitter,HubModuleSplitter,split,4,1,1
tensorflow_text.tensorflow_text.python.ops,hub_module_splitter_test,HubModuleSplitterTest,testSplit,12,1,4
tensorflow_text.tensorflow_text.python.ops,hub_module_splitter_test,HubModuleSplitterTest,exportSavedModel,6,1,0
tensorflow_text.tensorflow_text.python.ops,hub_module_splitter_test,,_Utf8,2,1,1
tensorflow_text.tensorflow_text.python.ops,hub_module_tokenizer,HubModuleTokenizer,__init__,4,1,1
tensorflow_text.tensorflow_text.python.ops,hub_module_tokenizer,HubModuleTokenizer,tokenize_with_offsets,3,1,1
tensorflow_text.tensorflow_text.python.ops,hub_module_tokenizer,HubModuleTokenizer,tokenize,3,1,1
tensorflow_text.tensorflow_text.python.ops,hub_module_tokenizer_test,HubModuleTokenizerTest,testTokenize,12,1,4
tensorflow_text.tensorflow_text.python.ops,hub_module_tokenizer_test,,_Utf8,2,1,1
tensorflow_text.tensorflow_text.python.ops,item_selector_ops,ItemSelector,__init__,15,5,1
tensorflow_text.tensorflow_text.python.ops,item_selector_ops,ItemSelector,unselectable_ids,2,1,0
tensorflow_text.tensorflow_text.python.ops,item_selector_ops,ItemSelector,get_selectable,20,3,2
tensorflow_text.tensorflow_text.python.ops,item_selector_ops,ItemSelector,get_selection_mask,3,1,2
tensorflow_text.tensorflow_text.python.ops,item_selector_ops,RandomItemSelector,__init__,11,3,4
tensorflow_text.tensorflow_text.python.ops,item_selector_ops,RandomItemSelector,shuffle_fn,2,1,0
tensorflow_text.tensorflow_text.python.ops,item_selector_ops,RandomItemSelector,max_selections_per_batch,2,1,0
tensorflow_text.tensorflow_text.python.ops,item_selector_ops,RandomItemSelector,selection_rate,2,1,0
tensorflow_text.tensorflow_text.python.ops,item_selector_ops,RandomItemSelector,get_selection_mask,40,1,2
tensorflow_text.tensorflow_text.python.ops,item_selector_ops,FirstNItemSelector,__init__,4,1,2
tensorflow_text.tensorflow_text.python.ops,item_selector_ops,FirstNItemSelector,get_selectable,5,1,2
tensorflow_text.tensorflow_text.python.ops,item_selector_ops,LastNItemSelector,__init__,4,1,2
tensorflow_text.tensorflow_text.python.ops,item_selector_ops,LastNItemSelector,get_selectable,5,1,2
tensorflow_text.tensorflow_text.python.ops,item_selector_ops,NothingSelector,__init__,2,1,0
tensorflow_text.tensorflow_text.python.ops,item_selector_ops,NothingSelector,get_selectable,7,2,2
tensorflow_text.tensorflow_text.python.ops,item_selector_ops,,_get_row_lengths_merged_to_axis,8,2,2
tensorflow_text.tensorflow_text.python.ops,item_selector_ops,,_get_selection_mask,20,2,4
tensorflow_text.tensorflow_text.python.ops,item_selector_ops,,_get_first_or_last_n_item_selectable,27,2,5
tensorflow_text.tensorflow_text.python.ops,item_selector_ops_test,FirstNItemSelectorTest,testGetSelectable,7,1,6
tensorflow_text.tensorflow_text.python.ops,item_selector_ops_test,LastNItemSelectorTest,testGetSelectable,7,1,6
tensorflow_text.tensorflow_text.python.ops,item_selector_ops_test,RandomItemSelectorTest,testGetSelectionMask,15,1,6
tensorflow_text.tensorflow_text.python.ops,item_selector_ops_test,NothingSelectorTest,testNothingSelector,7,1,6
tensorflow_text.tensorflow_text.python.ops,masking_ops,MaskValuesChooser,__init__,10,3,4
tensorflow_text.tensorflow_text.python.ops,masking_ops,MaskValuesChooser,mask_token,2,1,0
tensorflow_text.tensorflow_text.python.ops,masking_ops,MaskValuesChooser,random_token_rate,2,1,0
tensorflow_text.tensorflow_text.python.ops,masking_ops,MaskValuesChooser,vocab_size,2,1,0
tensorflow_text.tensorflow_text.python.ops,masking_ops,MaskValuesChooser,get_mask_values,44,1,1
tensorflow_text.tensorflow_text.python.ops,masking_ops,,_ragged_tensor_scatter_nd_update,12,1,3
tensorflow_text.tensorflow_text.python.ops,masking_ops,,_get_random,4,1,1
tensorflow_text.tensorflow_text.python.ops,masking_ops,,_get_selected_item_positions,12,1,3
tensorflow_text.tensorflow_text.python.ops,masking_ops,,mask_language_model,21,3,4
tensorflow_text.tensorflow_text.python.ops,masking_ops_test,AlwaysRandomValuesChooser,__init__,3,1,5
tensorflow_text.tensorflow_text.python.ops,masking_ops_test,AlwaysRandomValuesChooser,get_mask_values,13,2,1
tensorflow_text.tensorflow_text.python.ops,masking_ops_test,MaskingOpsTest,testMaskingOps,19,2,12
tensorflow_text.tensorflow_text.python.ops,masking_ops_test,MaskingOpsTest,testNothingSelectedMasker,14,1,6
tensorflow_text.tensorflow_text.python.ops,masking_ops_test,MaskingOpsTest,testRandomMasking,20,2,12
tensorflow_text.tensorflow_text.python.ops,masking_ops_test,MaskingOpsTest,runMaskingOpsTest,22,1,8
tensorflow_text.tensorflow_text.python.ops,masking_ops_test,MaskingOpsTest,testInvalidRates,8,1,0
tensorflow_text.tensorflow_text.python.ops,masking_ops_test,,_create_table,9,1,2
tensorflow_text.tensorflow_text.python.ops,mst_ops,,max_spanning_tree_gradient,13,2,2
tensorflow_text.tensorflow_text.python.ops,mst_ops_test,MstOpsTest,testMaximumSpanningTree,16,1,0
tensorflow_text.tensorflow_text.python.ops,mst_ops_test,MstOpsTest,testMaximumSpanningTreeGradient,31,1,0
tensorflow_text.tensorflow_text.python.ops,mst_ops_test,MstOpsTest,testMaximumSpanningTreeGradientError,28,1,0
tensorflow_text.tensorflow_text.python.ops,ngrams_op,,ngrams,64,7,6
tensorflow_text.tensorflow_text.python.ops,ngrams_op_test,NgramsOpTest,testSumReduction,6,1,0
tensorflow_text.tensorflow_text.python.ops,ngrams_op_test,NgramsOpTest,testRaggedSumReduction,7,1,0
tensorflow_text.tensorflow_text.python.ops,ngrams_op_test,NgramsOpTest,testRaggedSumReductionAxisZero,7,1,0
tensorflow_text.tensorflow_text.python.ops,ngrams_op_test,NgramsOpTest,testMeanReduction,6,1,0
tensorflow_text.tensorflow_text.python.ops,ngrams_op_test,NgramsOpTest,testRaggedMeanReduction,7,1,0
tensorflow_text.tensorflow_text.python.ops,ngrams_op_test,NgramsOpTest,testStringJoinReduction,11,1,0
tensorflow_text.tensorflow_text.python.ops,ngrams_op_test,NgramsOpTest,testStringJoinReductionAxisZero,10,1,0
tensorflow_text.tensorflow_text.python.ops,ngrams_op_test,NgramsOpTest,testRaggedStringJoinReduction,11,1,0
tensorflow_text.tensorflow_text.python.ops,ngrams_op_test,NgramsOpTest,testReductionWithNegativeAxis,6,1,0
tensorflow_text.tensorflow_text.python.ops,ngrams_op_test,NgramsOpTest,testReductionOnInnerAxis,7,1,0
tensorflow_text.tensorflow_text.python.ops,ngrams_op_test,NgramsOpTest,testRaggedReductionOnInnerAxis,8,1,0
tensorflow_text.tensorflow_text.python.ops,ngrams_op_test,NgramsOpTest,testReductionOnAxisWithInsufficientValuesReturnsEmptySet,6,1,0
tensorflow_text.tensorflow_text.python.ops,ngrams_op_test,NgramsOpTest,testRaggedReductionOnAxisWithInsufficientValuesReturnsEmptySet,7,1,0
tensorflow_text.tensorflow_text.python.ops,ngrams_op_test,NgramsOpTest,testStringJoinReductionFailsWithImproperAxis,9,1,0
tensorflow_text.tensorflow_text.python.ops,ngrams_op_test,NgramsOpTest,testUnspecifiedReductionTypeFails,4,1,0
tensorflow_text.tensorflow_text.python.ops,ngrams_op_test,NgramsOpTest,testBadReductionTypeFails,4,1,0
tensorflow_text.tensorflow_text.python.ops,ngrams_op_test,NgramsV2OpTest,testSumReduction,6,1,0
tensorflow_text.tensorflow_text.python.ops,ngrams_op_test,NgramsV2OpTest,testRaggedSumReduction,7,1,0
tensorflow_text.tensorflow_text.python.ops,ngrams_op_test,NgramsV2OpTest,testRaggedSumReductionAxisZero,7,1,0
tensorflow_text.tensorflow_text.python.ops,ngrams_op_test,NgramsV2OpTest,testMeanReduction,6,1,0
tensorflow_text.tensorflow_text.python.ops,ngrams_op_test,NgramsV2OpTest,testRaggedMeanReduction,7,1,0
tensorflow_text.tensorflow_text.python.ops,ngrams_op_test,NgramsV2OpTest,testStringJoinReduction,10,1,0
tensorflow_text.tensorflow_text.python.ops,ngrams_op_test,NgramsV2OpTest,testStringJoinReductionRank3,12,1,0
tensorflow_text.tensorflow_text.python.ops,ngrams_op_test,NgramsV2OpTest,testStringJoinReductionAxisZero,10,1,0
tensorflow_text.tensorflow_text.python.ops,ngrams_op_test,NgramsV2OpTest,testRaggedStringJoinReduction,10,1,0
tensorflow_text.tensorflow_text.python.ops,ngrams_op_test,NgramsV2OpTest,testRaggedDeepStringJoinReduction,14,1,0
tensorflow_text.tensorflow_text.python.ops,ngrams_op_test,NgramsV2OpTest,testDoubleRaggedStringJoinReduction,12,1,0
tensorflow_text.tensorflow_text.python.ops,ngrams_op_test,NgramsV2OpTest,testReductionWithNegativeAxis,6,1,0
tensorflow_text.tensorflow_text.python.ops,ngrams_op_test,NgramsV2OpTest,testReductionOnInnerAxis,7,1,0
tensorflow_text.tensorflow_text.python.ops,ngrams_op_test,NgramsV2OpTest,testRaggedReductionOnInnerAxis,8,1,0
tensorflow_text.tensorflow_text.python.ops,ngrams_op_test,NgramsV2OpTest,testReductionOnAxisWithInsufficientValuesReturnsEmptySet,6,1,0
tensorflow_text.tensorflow_text.python.ops,ngrams_op_test,NgramsV2OpTest,testRaggedReductionOnAxisWithInsufficientValuesReturnsEmptySet,7,1,0
tensorflow_text.tensorflow_text.python.ops,ngrams_op_test,NgramsV2OpTest,testStringJoinReductionFailsWithImproperAxis,9,1,0
tensorflow_text.tensorflow_text.python.ops,ngrams_op_test,NgramsV2OpTest,testUnspecifiedReductionTypeFails,4,1,0
tensorflow_text.tensorflow_text.python.ops,ngrams_op_test,NgramsV2OpTest,testBadReductionTypeFails,4,1,0
tensorflow_text.tensorflow_text.python.ops,ngrams_op_test,NgramsV2OpTest,testTfLite,26,1,0
tensorflow_text.tensorflow_text.python.ops,ngrams_op_test,NgramsV2OpTest,testTfLiteRagged,35,2,0
tensorflow_text.tensorflow_text.python.ops,normalize_ops,,case_fold_utf8,10,1,2
tensorflow_text.tensorflow_text.python.ops,normalize_ops,,normalize_utf8,11,1,3
tensorflow_text.tensorflow_text.python.ops,normalize_ops,,normalize_utf8_with_offsets_map,13,1,3
tensorflow_text.tensorflow_text.python.ops,normalize_ops,,find_source_offsets,35,2,3
tensorflow_text.tensorflow_text.python.ops,normalize_ops_test,NormalizeOpsTest,test_lowercase_one_string,8,1,0
tensorflow_text.tensorflow_text.python.ops,normalize_ops_test,NormalizeOpsTest,test_lowercase_text,18,1,0
tensorflow_text.tensorflow_text.python.ops,normalize_ops_test,NormalizeOpsTest,test_lowercase_one_string_ragged,5,1,0
tensorflow_text.tensorflow_text.python.ops,normalize_ops_test,NormalizeOpsTest,test_lowercase_empty_string,8,1,0
tensorflow_text.tensorflow_text.python.ops,normalize_ops_test,NormalizeOpsTest,test_normalize_nfkc,9,1,0
tensorflow_text.tensorflow_text.python.ops,normalize_ops_test,NormalizeOpsTest,test_normalize_nfkc_batch,11,1,0
tensorflow_text.tensorflow_text.python.ops,normalize_ops_test,NormalizeOpsTest,test_normalize_nfkc_ragged,7,1,0
tensorflow_text.tensorflow_text.python.ops,normalize_ops_test,NormalizeOpsTest,test_normalize_nfc,9,1,0
tensorflow_text.tensorflow_text.python.ops,normalize_ops_test,NormalizeOpsTest,test_normalize_nfd,7,1,0
tensorflow_text.tensorflow_text.python.ops,normalize_ops_test,NormalizeOpsTest,test_normalize_nfkd,9,1,0
tensorflow_text.tensorflow_text.python.ops,normalize_ops_test,NormalizeOpsTest,test_unknown_normalization_form,5,1,0
tensorflow_text.tensorflow_text.python.ops,normalize_ops_test,NormalizeWithOffsetsMapOpsTest,test_normalize_nfkc,11,1,0
tensorflow_text.tensorflow_text.python.ops,normalize_ops_test,NormalizeWithOffsetsMapOpsTest,test_normalize_nfc,11,1,0
tensorflow_text.tensorflow_text.python.ops,normalize_ops_test,NormalizeWithOffsetsMapOpsTest,test_normalize_nfkc_batch,13,1,0
tensorflow_text.tensorflow_text.python.ops,normalize_ops_test,NormalizeWithOffsetsMapOpsTest,test_normalize_nfkc_ragged,7,1,0
tensorflow_text.tensorflow_text.python.ops,normalize_ops_test,NormalizeWithOffsetsMapOpsTest,test_unaccepted_normalization_form,5,1,0
tensorflow_text.tensorflow_text.python.ops,normalize_ops_test,FindSourceOffsetsTest,_extract_substrs,10,2,3
tensorflow_text.tensorflow_text.python.ops,normalize_ops_test,FindSourceOffsetsTest,test_one_string,21,1,0
tensorflow_text.tensorflow_text.python.ops,normalize_ops_test,FindSourceOffsetsTest,test_tensor_input,6,1,4
tensorflow_text.tensorflow_text.python.ops,normalize_ops_test,FindSourceOffsetsTest,test_ragged_tensor_input,9,1,4
tensorflow_text.tensorflow_text.python.ops,normalize_ops_test,FindSourceOffsetsTest,test_string_ragged_dimension_lower_than_offsets_input,12,1,0
tensorflow_text.tensorflow_text.python.ops,normalize_ops_test,FindSourceOffsetsTest,test_string_ragged_dimension_higher_than_offsets_input,12,1,0
tensorflow_text.tensorflow_text.python.ops,normalize_ops_test,FindSourceOffsetsTest,test_sliced_offsets_map_and_input_offset,15,1,0
tensorflow_text.tensorflow_text.python.ops,normalize_ops_test,,_Utf8,2,1,1
tensorflow_text.tensorflow_text.python.ops,pad_along_dimension_op,,pad_along_dimension,30,9,5
tensorflow_text.tensorflow_text.python.ops,pad_along_dimension_op,,_get_positive_axis,8,2,2
tensorflow_text.tensorflow_text.python.ops,pad_along_dimension_op,,_padding_for_dimension,45,2,3
tensorflow_text.tensorflow_text.python.ops,pad_along_dimension_op_test,PadAlongDimensionOpTest,test_pads_along_positive_inner_dimension,13,1,0
tensorflow_text.tensorflow_text.python.ops,pad_along_dimension_op_test,PadAlongDimensionOpTest,test_pads_along_positive_outer_dimension,13,1,0
tensorflow_text.tensorflow_text.python.ops,pad_along_dimension_op_test,PadAlongDimensionOpTest,test_pads_along_negative_inner_dimension,13,1,0
tensorflow_text.tensorflow_text.python.ops,pad_along_dimension_op_test,PadAlongDimensionOpTest,test_pads_along_negative_outer_dimension,13,1,0
tensorflow_text.tensorflow_text.python.ops,pad_along_dimension_op_test,PadAlongDimensionOpTest,test_no_left_padding,9,1,0
tensorflow_text.tensorflow_text.python.ops,pad_along_dimension_op_test,PadAlongDimensionOpTest,test_no_right_padding,9,1,0
tensorflow_text.tensorflow_text.python.ops,pad_along_dimension_op_test,PadAlongDimensionOpTest,test_string_padding,13,1,0
tensorflow_text.tensorflow_text.python.ops,pad_along_dimension_op_test,PadAlongDimensionOpTest,test_string_partial_no_padding,9,1,0
tensorflow_text.tensorflow_text.python.ops,pad_along_dimension_op_test,PadAlongDimensionOpTest,test_float_padding,12,1,0
tensorflow_text.tensorflow_text.python.ops,pad_along_dimension_op_test,PadAlongDimensionOpTest,test_float_partial_no_padding,8,1,0
tensorflow_text.tensorflow_text.python.ops,pad_along_dimension_op_test,PadAlongDimensionOpTest,test_padding_tensor_of_unknown_shape,14,1,0
tensorflow_text.tensorflow_text.python.ops,pad_along_dimension_op_test,PadAlongDimensionOpTest,test_no_padding,7,1,0
tensorflow_text.tensorflow_text.python.ops,pad_along_dimension_op_test,PadAlongDimensionOpTest,test_invalid_axis,19,1,0
tensorflow_text.tensorflow_text.python.ops,pad_along_dimension_op_test,PadAlongDimensionOpTest,testRaggedPadDimension,10,1,7
tensorflow_text.tensorflow_text.python.ops,pad_along_dimension_op_test,PadAlongDimensionOpTest,testRaggedPadDimensionErrors,25,2,0
tensorflow_text.tensorflow_text.python.ops,pad_along_dimension_op_test,PadAlongDimensionOpTest,testPaddingForRaggedDimensionHelper,6,1,6
tensorflow_text.tensorflow_text.python.ops,pad_along_dimension_op_test,PadAlongDimensionOpTest,_convert_ragged,7,2,2
tensorflow_text.tensorflow_text.python.ops,pad_model_inputs_ops,,pad_model_inputs,35,3,3
tensorflow_text.tensorflow_text.python.ops,pad_model_inputs_ops_test,ModelInputPackerTest,testPadModelInputs,6,1,4
tensorflow_text.tensorflow_text.python.ops,pad_model_inputs_ops_test,ModelInputPackerTest,testPadModelInputsTensor,6,1,4
tensorflow_text.tensorflow_text.python.ops,pad_model_inputs_ops_test,ModelInputPackerTest,testLengthType,10,1,1
tensorflow_text.tensorflow_text.python.ops,phrase_tokenizer,PhraseTokenizer,__init__,14,3,7
tensorflow_text.tensorflow_text.python.ops,phrase_tokenizer,PhraseTokenizer,tokenize,37,5,1
tensorflow_text.tensorflow_text.python.ops,phrase_tokenizer,PhraseTokenizer,detokenize,29,3,1
tensorflow_text.tensorflow_text.python.ops,phrase_tokenizer_test,PhraseOpOriginalTest,testPhraseOp,9,1,5
tensorflow_text.tensorflow_text.python.ops,phrase_tokenizer_test,PhraseDetokenizeOpTest,testTokenizerBuiltFromConfig,9,1,2
tensorflow_text.tensorflow_text.python.ops,phrase_tokenizer_test,,_Utf8,2,1,1
tensorflow_text.tensorflow_text.python.ops,pointer_ops,,gather_with_default,43,2,5
tensorflow_text.tensorflow_text.python.ops,pointer_ops,,span_overlaps,65,4,8
tensorflow_text.tensorflow_text.python.ops,pointer_ops,,_span_overlaps,64,3,7
tensorflow_text.tensorflow_text.python.ops,pointer_ops,,_broadcast_ragged_targets_for_overlap,10,1,3
tensorflow_text.tensorflow_text.python.ops,pointer_ops,,_broadcast_ragged_sources_for_overlap,16,1,3
tensorflow_text.tensorflow_text.python.ops,pointer_ops,,span_alignment,32,2,9
tensorflow_text.tensorflow_text.python.ops,pointer_ops,,_multivalent_span_alignment,33,4,1
tensorflow_text.tensorflow_text.python.ops,pointer_ops,,_check_type,4,2,3
tensorflow_text.tensorflow_text.python.ops,regex_split_ops,RegexSplitter,__init__,5,2,1
tensorflow_text.tensorflow_text.python.ops,regex_split_ops,RegexSplitter,split,2,1,1
tensorflow_text.tensorflow_text.python.ops,regex_split_ops,RegexSplitter,split_with_offsets,2,1,1
tensorflow_text.tensorflow_text.python.ops,regex_split_ops,,regex_split_with_offsets,46,4,4
tensorflow_text.tensorflow_text.python.ops,regex_split_ops,,regex_split,5,1,4
tensorflow_text.tensorflow_text.python.ops,regex_split_ops_test,RegexSplitOpsTest,testRegexSplitOp,16,3,6
tensorflow_text.tensorflow_text.python.ops,regex_split_ops_test,RegexSplitOpsTest,testRegexSplitWithInvalidRegex,5,1,0
tensorflow_text.tensorflow_text.python.ops,regex_split_ops_test,RegexSplitterTestCases,testRegexSplitter,5,1,3
tensorflow_text.tensorflow_text.python.ops,regex_split_ops_test,,_utf8,2,1,1
tensorflow_text.tensorflow_text.python.ops,regex_split_ops_test,,_ragged_substr,16,4,3
tensorflow_text.tensorflow_text.python.ops,segment_combiner_ops,,combine_segments,37,6,3
tensorflow_text.tensorflow_text.python.ops,segment_combiner_ops,,concatenate_segments,19,5,1
tensorflow_text.tensorflow_text.python.ops,segment_combiner_ops_test,SegmentBuilderTest,testSegmentBuilder,12,2,6
tensorflow_text.tensorflow_text.python.ops,segment_combiner_ops_test,SegmentBuilderTest,testConcatenateSegments,11,2,4
tensorflow_text.tensorflow_text.python.ops,sentence_breaking_ops,SentenceBreaker,break_sentences,3,1,1
tensorflow_text.tensorflow_text.python.ops,sentence_breaking_ops,SentenceBreakerWithOffsets,break_sentences_with_offsets,3,1,1
tensorflow_text.tensorflow_text.python.ops,sentence_breaking_ops,,sentence_fragments,24,5,8
tensorflow_text.tensorflow_text.python.ops,sentence_breaking_ops_test,SentenceFragmenterTestCasesV1,getTokenWord,11,0,3
tensorflow_text.tensorflow_text.python.ops,sentence_breaking_ops_test,SentenceFragmenterTestCasesV1,getTokenOffsets,15,3,1
tensorflow_text.tensorflow_text.python.ops,sentence_breaking_ops_test,SentenceFragmenterTestCasesV1,testSentenceFragmentOp,15,1,9
tensorflow_text.tensorflow_text.python.ops,sentence_breaking_ops_test,SentenceFragmenterTestCasesV1,testDenseInputs,13,1,7
tensorflow_text.tensorflow_text.python.ops,sentence_breaking_ops_test,SentenceFragmenterTestCasesV1,testBadInputShapes,10,1,6
tensorflow_text.tensorflow_text.python.ops,sentencepiece_tokenizer,_SentencepieceModelResource,__init__,5,1,2
tensorflow_text.tensorflow_text.python.ops,sentencepiece_tokenizer,_SentencepieceModelResource,_create_resource,6,1,0
tensorflow_text.tensorflow_text.python.ops,sentencepiece_tokenizer,SentencepieceTokenizer,__init__,12,1,9
tensorflow_text.tensorflow_text.python.ops,sentencepiece_tokenizer,SentencepieceTokenizer,tokenize,30,2,2
tensorflow_text.tensorflow_text.python.ops,sentencepiece_tokenizer,SentencepieceTokenizer,tokenize_with_offsets,49,2,2
tensorflow_text.tensorflow_text.python.ops,sentencepiece_tokenizer,SentencepieceTokenizer,detokenize,31,3,2
tensorflow_text.tensorflow_text.python.ops,sentencepiece_tokenizer,SentencepieceTokenizer,vocab_size,5,1,1
tensorflow_text.tensorflow_text.python.ops,sentencepiece_tokenizer,SentencepieceTokenizer,id_to_string,19,2,2
tensorflow_text.tensorflow_text.python.ops,sentencepiece_tokenizer,SentencepieceTokenizer,string_to_id,19,2,2
tensorflow_text.tensorflow_text.python.ops,sentencepiece_tokenizer_test,TestSavedModelModule,__init__,2,1,1
tensorflow_text.tensorflow_text.python.ops,sentencepiece_tokenizer_test,TestSavedModelModule,tokenize,2,1,1
tensorflow_text.tensorflow_text.python.ops,sentencepiece_tokenizer_test,SentencepieceTokenizerOpTest,getTokenizerAndSetOptions,11,1,4
tensorflow_text.tensorflow_text.python.ops,sentencepiece_tokenizer_test,SentencepieceTokenizerOpTest,transformExpected,19,6,2
tensorflow_text.tensorflow_text.python.ops,sentencepiece_tokenizer_test,SentencepieceTokenizerOpTest,setUp,6,1,0
tensorflow_text.tensorflow_text.python.ops,sentencepiece_tokenizer_test,SentencepieceTokenizerOpTest,testGetVocabSize,3,1,0
tensorflow_text.tensorflow_text.python.ops,sentencepiece_tokenizer_test,SentencepieceTokenizerOpTest,testIdToStringScalar,4,1,0
tensorflow_text.tensorflow_text.python.ops,sentencepiece_tokenizer_test,SentencepieceTokenizerOpTest,testIdToStringVector,9,1,0
tensorflow_text.tensorflow_text.python.ops,sentencepiece_tokenizer_test,SentencepieceTokenizerOpTest,testIdToStringRagged,12,1,0
tensorflow_text.tensorflow_text.python.ops,sentencepiece_tokenizer_test,SentencepieceTokenizerOpTest,testStringToIdScalar,4,1,0
tensorflow_text.tensorflow_text.python.ops,sentencepiece_tokenizer_test,SentencepieceTokenizerOpTest,testStringToIdVector,9,1,0
tensorflow_text.tensorflow_text.python.ops,sentencepiece_tokenizer_test,SentencepieceTokenizerOpTest,testStringToIdRagged,12,1,0
tensorflow_text.tensorflow_text.python.ops,sentencepiece_tokenizer_test,SentencepieceTokenizerOpTest,testTokenizeAndDetokenizeScalar,13,2,4
tensorflow_text.tensorflow_text.python.ops,sentencepiece_tokenizer_test,SentencepieceTokenizerOpTest,testTokenizeAndDetokenizeVec,16,2,4
tensorflow_text.tensorflow_text.python.ops,sentencepiece_tokenizer_test,SentencepieceTokenizerOpTest,testTokenizeAndDetokenizeUniformTensorMatrix,22,2,4
tensorflow_text.tensorflow_text.python.ops,sentencepiece_tokenizer_test,SentencepieceTokenizerOpTest,testTokenizeAndDetokenizeRaggedMatrix,21,2,4
tensorflow_text.tensorflow_text.python.ops,sentencepiece_tokenizer_test,SentencepieceTokenizerOpTest,testTokenizeAndDetokenizeWithOffsetsScalar,21,2,4
tensorflow_text.tensorflow_text.python.ops,sentencepiece_tokenizer_test,SentencepieceTokenizerOpTest,testTokenizeAndDetokenizeWithOffsetsSingleElementVector,14,1,0
tensorflow_text.tensorflow_text.python.ops,sentencepiece_tokenizer_test,SentencepieceTokenizerOpTest,testTokenizeAndDetokenizeWithOffsetsVector,18,1,0
tensorflow_text.tensorflow_text.python.ops,sentencepiece_tokenizer_test,SentencepieceTokenizerOpTest,testTokenizeAndDetokenizeWithOffsetsMatrix,25,1,0
tensorflow_text.tensorflow_text.python.ops,sentencepiece_tokenizer_test,SentencepieceTokenizerOpTest,testSampleTokenizeAndDetokenize,8,1,3
tensorflow_text.tensorflow_text.python.ops,sentencepiece_tokenizer_test,SentencepieceTokenizerOpTest,testEmptyInputTokenize,4,1,0
tensorflow_text.tensorflow_text.python.ops,sentencepiece_tokenizer_test,SentencepieceTokenizerOpTest,testEmptyInputTokenizeWithOffsets,7,1,0
tensorflow_text.tensorflow_text.python.ops,sentencepiece_tokenizer_test,SentencepieceTokenizerOpTest,testEmptyInputDetokenize,4,1,0
tensorflow_text.tensorflow_text.python.ops,sentencepiece_tokenizer_test,SentencepieceTokenizerOpTest,testReturnNbestAndDetokenize,10,1,0
tensorflow_text.tensorflow_text.python.ops,sentencepiece_tokenizer_test,SentencepieceTokenizerOpTest,testReturnNbestAndDetokenizeWithOffsets,11,1,0
tensorflow_text.tensorflow_text.python.ops,sentencepiece_tokenizer_test,SentencepieceTokenizerOpTest,testSavedModel,10,1,0
tensorflow_text.tensorflow_text.python.ops,sentencepiece_tokenizer_test,SentencepieceTokenizerOpTest,testBasicPipeline,13,4,0
tensorflow_text.tensorflow_text.python.ops,sentencepiece_tokenizer_test,SentencepieceTokenizerOpTest,testEmptyModel,6,1,0
tensorflow_text.tensorflow_text.python.ops,sentencepiece_tokenizer_test,SentencepieceTokenizerOpTest,testInvalidModel,6,1,0
tensorflow_text.tensorflow_text.python.ops,sentencepiece_tokenizer_test,DatasetSerializationTest,testSerialization,22,2,0
tensorflow_text.tensorflow_text.python.ops,sentencepiece_tokenizer_test,,_utf8,7,1,1
tensorflow_text.tensorflow_text.python.ops,sliding_window_op,,sliding_window,32,9,4
tensorflow_text.tensorflow_text.python.ops,sliding_window_op_test,SlidingWindowOpTest,testDocStringExamples,32,1,0
tensorflow_text.tensorflow_text.python.ops,sliding_window_op_test,SlidingWindowOpTest,_test_sliding_window_op,3,1,4
tensorflow_text.tensorflow_text.python.ops,sliding_window_op_test,SlidingWindowOpTest,test_sliding_window_for_one_dimensional_data,7,1,0
tensorflow_text.tensorflow_text.python.ops,sliding_window_op_test,SlidingWindowOpTest,test_sliding_window_for_data_with_outer_dimensions,11,1,0
tensorflow_text.tensorflow_text.python.ops,sliding_window_op_test,SlidingWindowOpTest,test_sliding_window_for_data_with_zero_axis,11,1,0
tensorflow_text.tensorflow_text.python.ops,sliding_window_op_test,SlidingWindowOpTest,test_sliding_window_for_multi_dimensional_data,12,1,0
tensorflow_text.tensorflow_text.python.ops,sliding_window_op_test,SlidingWindowOpTest,test_sliding_window_op_invalid_width,8,1,0
tensorflow_text.tensorflow_text.python.ops,sliding_window_op_test,SlidingWindowOpTest,test_sliding_window_op_invalid_axis,8,1,0
tensorflow_text.tensorflow_text.python.ops,sliding_window_op_test,SlidingWindowOpTest,test_sliding_window_op_invalid_data_types,10,1,0
tensorflow_text.tensorflow_text.python.ops,sliding_window_op_test,SlidingWindowOpTest,test_docstring_example_1d_tensor,8,1,0
tensorflow_text.tensorflow_text.python.ops,sliding_window_op_test,SlidingWindowOpTest,test_docstring_example_inner_dimension_tensor,9,1,0
tensorflow_text.tensorflow_text.python.ops,sliding_window_op_test,SlidingWindowOpTest,test_docstring_example_multi_dimension_tensor,16,1,0
tensorflow_text.tensorflow_text.python.ops,sliding_window_op_test,SlidingWindowOpTest,test_with_unknown_shape_tensor,7,1,0
tensorflow_text.tensorflow_text.python.ops,sliding_window_op_test,SlidingWindowOpTest,testRaggedInputs,4,1,6
tensorflow_text.tensorflow_text.python.ops,span_alignment_op_test,SpanOverlapsOpTest,testSpanAlignment,14,1,10
tensorflow_text.tensorflow_text.python.ops,span_alignment_op_test,SpanOverlapsOpTest,testSpanMultiAlignment,14,1,10
tensorflow_text.tensorflow_text.python.ops,span_overlaps_op_test,SpanOverlapsOpTest,test1DSpanOverlaps,8,1,9
tensorflow_text.tensorflow_text.python.ops,span_overlaps_op_test,SpanOverlapsOpTest,test2DSpanOverlaps,17,1,10
tensorflow_text.tensorflow_text.python.ops,span_overlaps_op_test,SpanOverlapsOpTest,test3DSpanOverlaps,18,1,10
tensorflow_text.tensorflow_text.python.ops,span_overlaps_op_test,SpanOverlapsOpTest,testErrors,38,2,0
tensorflow_text.tensorflow_text.python.ops,split_merge_from_logits_tokenizer,SplitMergeFromLogitsTokenizer,__init__,6,1,1
tensorflow_text.tensorflow_text.python.ops,split_merge_from_logits_tokenizer,SplitMergeFromLogitsTokenizer,tokenize,4,1,2
tensorflow_text.tensorflow_text.python.ops,split_merge_from_logits_tokenizer,SplitMergeFromLogitsTokenizer,tokenize_with_offsets,22,0,2
tensorflow_text.tensorflow_text.python.ops,split_merge_from_logits_tokenizer_test,SplitMergeFromLogitsTokenizerTest,setUp,5,1,0
tensorflow_text.tensorflow_text.python.ops,split_merge_from_logits_tokenizer_test,SplitMergeFromLogitsTokenizerTest,testVectorSingleValue,26,1,0
tensorflow_text.tensorflow_text.python.ops,split_merge_from_logits_tokenizer_test,SplitMergeFromLogitsTokenizerTest,testVectorSingleValueTokenAcrossSpace,49,1,0
tensorflow_text.tensorflow_text.python.ops,split_merge_from_logits_tokenizer_test,SplitMergeFromLogitsTokenizerTest,testVectorSingleValueTokenChinese,38,1,0
tensorflow_text.tensorflow_text.python.ops,split_merge_from_logits_tokenizer_test,SplitMergeFromLogitsTokenizerTest,testVectorMultipleValues,54,1,0
tensorflow_text.tensorflow_text.python.ops,split_merge_from_logits_tokenizer_test,SplitMergeFromLogitsTokenizerTest,testVectorTooFewActions,42,1,0
tensorflow_text.tensorflow_text.python.ops,split_merge_from_logits_tokenizer_test,SplitMergeFromLogitsTokenizerTest,testTextWithWhitespaces,59,1,0
tensorflow_text.tensorflow_text.python.ops,split_merge_from_logits_tokenizer_test,,_Utf8,2,1,1
tensorflow_text.tensorflow_text.python.ops,split_merge_from_logits_tokenizer_test,,_RaggedSubstr,21,2,3
tensorflow_text.tensorflow_text.python.ops,split_merge_tokenizer,SplitMergeTokenizer,__init__,3,1,0
tensorflow_text.tensorflow_text.python.ops,split_merge_tokenizer,SplitMergeTokenizer,tokenize,5,1,3
tensorflow_text.tensorflow_text.python.ops,split_merge_tokenizer,SplitMergeTokenizer,tokenize_with_offsets,64,5,3
tensorflow_text.tensorflow_text.python.ops,split_merge_tokenizer_test,SplitMergeTokenizerTest,setUp,3,1,0
tensorflow_text.tensorflow_text.python.ops,split_merge_tokenizer_test,SplitMergeTokenizerTest,testScalarValueSplitMerge,19,1,0
tensorflow_text.tensorflow_text.python.ops,split_merge_tokenizer_test,SplitMergeTokenizerTest,testVectorSingleValueSplitMerge,19,1,0
tensorflow_text.tensorflow_text.python.ops,split_merge_tokenizer_test,SplitMergeTokenizerTest,testVectorSingleValueTokenCrossSpace,43,1,0
tensorflow_text.tensorflow_text.python.ops,split_merge_tokenizer_test,SplitMergeTokenizerTest,testVectorSingleValueTokenChinese,36,1,0
tensorflow_text.tensorflow_text.python.ops,split_merge_tokenizer_test,SplitMergeTokenizerTest,testHigherRank,32,1,0
tensorflow_text.tensorflow_text.python.ops,split_merge_tokenizer_test,SplitMergeTokenizerTest,testVectorMultipleValue,32,1,0
tensorflow_text.tensorflow_text.python.ops,split_merge_tokenizer_test,SplitMergeTokenizerTest,testRaggedInput,50,1,0
tensorflow_text.tensorflow_text.python.ops,split_merge_tokenizer_test,SplitMergeTokenizerTest,testRaggedInputHigherRank,50,1,0
tensorflow_text.tensorflow_text.python.ops,split_merge_tokenizer_test,,_Utf8,2,1,1
tensorflow_text.tensorflow_text.python.ops,split_merge_tokenizer_test,,_RaggedSubstr,21,2,3
tensorflow_text.tensorflow_text.python.ops,splitter,Splitter,split,3,1,1
tensorflow_text.tensorflow_text.python.ops,splitter,SplitterWithOffsets,split_with_offsets,3,1,1
tensorflow_text.tensorflow_text.python.ops,state_based_sentence_breaker_op,StateBasedSentenceBreaker,break_sentences,5,1,1
tensorflow_text.tensorflow_text.python.ops,state_based_sentence_breaker_op,StateBasedSentenceBreaker,break_sentences_with_offsets,36,3,1
tensorflow_text.tensorflow_text.python.ops,state_based_sentence_breaker_op_test,SentenceFragmenterTestCasesV2,testStateBasedSentenceBreaker,16,2,3
tensorflow_text.tensorflow_text.python.ops,state_based_sentence_breaker_op_test,SentenceFragmenterTestCasesV2,testTfLite,30,2,0
tensorflow_text.tensorflow_text.python.ops,string_ops,,_unichr,5,1,1
tensorflow_text.tensorflow_text.python.ops,string_ops,,coerce_to_structurally_valid_utf8,9,1,3
tensorflow_text.tensorflow_text.python.ops,tokenization,Tokenizer,tokenize,3,1,1
tensorflow_text.tensorflow_text.python.ops,tokenization,Tokenizer,split,2,1,1
tensorflow_text.tensorflow_text.python.ops,tokenization,TokenizerWithOffsets,tokenize_with_offsets,3,1,1
tensorflow_text.tensorflow_text.python.ops,tokenization,TokenizerWithOffsets,split_with_offsets,2,1,1
tensorflow_text.tensorflow_text.python.ops,tokenization,Detokenizer,detokenize,3,1,1
tensorflow_text.tensorflow_text.python.ops,trimmer_ops,Trimmer,trim,13,1,1
tensorflow_text.tensorflow_text.python.ops,trimmer_ops,Trimmer,generate_mask,3,1,1
tensorflow_text.tensorflow_text.python.ops,trimmer_ops,WaterfallTrimmer,__init__,4,1,2
tensorflow_text.tensorflow_text.python.ops,trimmer_ops,WaterfallTrimmer,generate_mask,29,2,1
tensorflow_text.tensorflow_text.python.ops,trimmer_ops,RoundRobinTrimmer,__init__,8,3,2
tensorflow_text.tensorflow_text.python.ops,trimmer_ops,RoundRobinTrimmer,generate_mask,40,3,1
tensorflow_text.tensorflow_text.python.ops,trimmer_ops,RoundRobinTrimmer,trim,31,3,1
tensorflow_text.tensorflow_text.python.ops,trimmer_ops,ShrinkLongestTrimmer,__init__,3,1,2
tensorflow_text.tensorflow_text.python.ops,trimmer_ops,ShrinkLongestTrimmer,generate_mask,17,1,1
tensorflow_text.tensorflow_text.python.ops,trimmer_ops,,_get_row_lengths,8,2,2
tensorflow_text.tensorflow_text.python.ops,trimmer_ops,,_round_robin_allocation,26,-1,2
tensorflow_text.tensorflow_text.python.ops,trimmer_ops,,_shrink_longest_allocation,15,-1,2
tensorflow_text.tensorflow_text.python.ops,trimmer_ops_test,WaterfallTrimmerOpsTest,testGenerateMask,8,2,5
tensorflow_text.tensorflow_text.python.ops,trimmer_ops_test,WaterfallTrimmerOpsTest,testPerBatchBudgetTrimmer,8,2,5
tensorflow_text.tensorflow_text.python.ops,trimmer_ops_test,RoundRobinTrimmerOpsTest,testGenerateMask,8,2,5
tensorflow_text.tensorflow_text.python.ops,trimmer_ops_test,RoundRobinTrimmerOpsTest,testPerBatchBudgetTrimmer,8,2,5
tensorflow_text.tensorflow_text.python.ops,trimmer_ops_test,ShrinkLongestTrimmerTest,testGenerateMask,8,2,5
tensorflow_text.tensorflow_text.python.ops,trimmer_ops_test,ShrinkLongestTrimmerTest,testPerBatchBudgetTrimmer,8,2,5
tensorflow_text.tensorflow_text.python.ops,unicode_char_tokenizer,UnicodeCharTokenizer,__init__,3,1,0
tensorflow_text.tensorflow_text.python.ops,unicode_char_tokenizer,UnicodeCharTokenizer,tokenize,4,1,1
tensorflow_text.tensorflow_text.python.ops,unicode_char_tokenizer,UnicodeCharTokenizer,tokenize_with_offsets,16,1,1
tensorflow_text.tensorflow_text.python.ops,unicode_char_tokenizer,UnicodeCharTokenizer,detokenize,6,1,2
tensorflow_text.tensorflow_text.python.ops,unicode_char_tokenizer_test,UnicodeCharTokenizerOpTest,setUp,3,1,0
tensorflow_text.tensorflow_text.python.ops,unicode_char_tokenizer_test,UnicodeCharTokenizerOpTest,testRequireParams,4,1,0
tensorflow_text.tensorflow_text.python.ops,unicode_char_tokenizer_test,UnicodeCharTokenizerOpTest,testScalar,28,1,0
tensorflow_text.tensorflow_text.python.ops,unicode_char_tokenizer_test,UnicodeCharTokenizerOpTest,testVectorSingleValue,14,1,0
tensorflow_text.tensorflow_text.python.ops,unicode_char_tokenizer_test,UnicodeCharTokenizerOpTest,testVector,15,1,0
tensorflow_text.tensorflow_text.python.ops,unicode_char_tokenizer_test,UnicodeCharTokenizerOpTest,testMatrix,19,1,0
tensorflow_text.tensorflow_text.python.ops,unicode_char_tokenizer_test,UnicodeCharTokenizerOpTest,testMatrixRagged,23,1,0
tensorflow_text.tensorflow_text.python.ops,unicode_char_tokenizer_test,UnicodeCharTokenizerOpTest,test3DimMatrix,36,1,0
tensorflow_text.tensorflow_text.python.ops,unicode_char_tokenizer_test,UnicodeCharTokenizerOpTest,test3DimMatrixRagged,22,1,0
tensorflow_text.tensorflow_text.python.ops,unicode_char_tokenizer_test,UnicodeCharTokenizerOpTest,testInternationalization,42,1,0
tensorflow_text.tensorflow_text.python.ops,unicode_char_tokenizer_test,UnicodeCharTokenizerOpTest,testOnlySpaces,14,1,0
tensorflow_text.tensorflow_text.python.ops,unicode_char_tokenizer_test,UnicodeCharTokenizerOpTest,testWhitespaceCharacters,22,1,0
tensorflow_text.tensorflow_text.python.ops,unicode_char_tokenizer_test,UnicodeCharTokenizerOpTest,testEmptyStringSingle,14,1,0
tensorflow_text.tensorflow_text.python.ops,unicode_char_tokenizer_test,UnicodeCharTokenizerOpTest,testEmptyString,14,1,0
tensorflow_text.tensorflow_text.python.ops,unicode_char_tokenizer_test,UnicodeCharTokenizerOpTest,testEmptyDimensions,19,1,0
tensorflow_text.tensorflow_text.python.ops,unicode_script_tokenizer,UnicodeScriptTokenizer,__init__,5,1,1
tensorflow_text.tensorflow_text.python.ops,unicode_script_tokenizer,UnicodeScriptTokenizer,tokenize,4,1,1
tensorflow_text.tensorflow_text.python.ops,unicode_script_tokenizer,UnicodeScriptTokenizer,tokenize_with_offsets,37,2,1
tensorflow_text.tensorflow_text.python.ops,unicode_script_tokenizer,UnicodeScriptTokenizer,_tokenize_with_offsets_encode_decode_wrapper,17,1,1
tensorflow_text.tensorflow_text.python.ops,unicode_script_tokenizer,UnicodeScriptTokenizer,_tokenize_codepoints_with_offsets,18,1,1
tensorflow_text.tensorflow_text.python.ops,unicode_script_tokenizer_test,UnicodeScriptTokenizerOpTest,setUp,3,1,0
tensorflow_text.tensorflow_text.python.ops,unicode_script_tokenizer_test,UnicodeScriptTokenizerOpTest,testRequireParams,4,1,0
tensorflow_text.tensorflow_text.python.ops,unicode_script_tokenizer_test,UnicodeScriptTokenizerOpTest,testScalar,12,1,0
tensorflow_text.tensorflow_text.python.ops,unicode_script_tokenizer_test,UnicodeScriptTokenizerOpTest,testVectorSingleValue,12,1,0
tensorflow_text.tensorflow_text.python.ops,unicode_script_tokenizer_test,UnicodeScriptTokenizerOpTest,testVector,12,1,0
tensorflow_text.tensorflow_text.python.ops,unicode_script_tokenizer_test,UnicodeScriptTokenizerOpTest,testMatrix,17,1,0
tensorflow_text.tensorflow_text.python.ops,unicode_script_tokenizer_test,UnicodeScriptTokenizerOpTest,testMatrixRagged,17,1,0
tensorflow_text.tensorflow_text.python.ops,unicode_script_tokenizer_test,UnicodeScriptTokenizerOpTest,test3DimMatrix,25,1,0
tensorflow_text.tensorflow_text.python.ops,unicode_script_tokenizer_test,UnicodeScriptTokenizerOpTest,test3DimMatrixRagged,23,1,0
tensorflow_text.tensorflow_text.python.ops,unicode_script_tokenizer_test,UnicodeScriptTokenizerOpTest,testInternationalization,14,1,0
tensorflow_text.tensorflow_text.python.ops,unicode_script_tokenizer_test,UnicodeScriptTokenizerOpTest,testSpaceBoundaries,12,1,0
tensorflow_text.tensorflow_text.python.ops,unicode_script_tokenizer_test,UnicodeScriptTokenizerOpTest,testKeepWhitespace,26,1,0
tensorflow_text.tensorflow_text.python.ops,unicode_script_tokenizer_test,UnicodeScriptTokenizerOpTest,testOnlySpaces,12,1,0
tensorflow_text.tensorflow_text.python.ops,unicode_script_tokenizer_test,UnicodeScriptTokenizerOpTest,testWhitespaceCharacters,12,1,0
tensorflow_text.tensorflow_text.python.ops,unicode_script_tokenizer_test,UnicodeScriptTokenizerOpTest,testEmptyStringSingle,12,1,0
tensorflow_text.tensorflow_text.python.ops,unicode_script_tokenizer_test,UnicodeScriptTokenizerOpTest,testEmptyString,14,1,0
tensorflow_text.tensorflow_text.python.ops,unicode_script_tokenizer_test,UnicodeScriptTokenizerOpTest,testEmptyDimensions,25,1,0
tensorflow_text.tensorflow_text.python.ops,utf8_binarize_op,,utf8_binarize,26,5,5
tensorflow_text.tensorflow_text.python.ops,utf8_binarize_op_test,Utf8BinarizeTest,_lowest_bits_little_endian,3,1,2
tensorflow_text.tensorflow_text.python.ops,utf8_binarize_op_test,Utf8BinarizeTest,testUtf8BinarizeScalar,6,1,0
tensorflow_text.tensorflow_text.python.ops,utf8_binarize_op_test,Utf8BinarizeTest,testUtf8BinarizeVector,9,2,0
tensorflow_text.tensorflow_text.python.ops,utf8_binarize_op_test,Utf8BinarizeTest,testUtf8BinarizeMatrix,11,3,0
tensorflow_text.tensorflow_text.python.ops,utf8_binarize_op_test,Utf8BinarizeTest,testUtf8BinarizeTfLite,27,2,0
tensorflow_text.tensorflow_text.python.ops,viterbi_constrained_sequence_op,,viterbi_constrained_sequence,44,5,7
tensorflow_text.tensorflow_text.python.ops,viterbi_constrained_sequence_op_test,ViterbiConstrainedSequenceOpTest,test_empty_rows,23,1,0
tensorflow_text.tensorflow_text.python.ops,viterbi_constrained_sequence_op_test,ViterbiConstrainedSequenceOpTest,test_sequence_in_exp_space_with_start_end_states_single_input,30,1,0
tensorflow_text.tensorflow_text.python.ops,viterbi_constrained_sequence_op_test,ViterbiConstrainedSequenceOpTest,test_sequence_in_exp_space_with_start_end_states_multi_input,30,1,0
tensorflow_text.tensorflow_text.python.ops,viterbi_constrained_sequence_op_test,ViterbiConstrainedSequenceOpTest,test_sequence_in_exp_space_without_start_end_states_single_input,27,1,0
tensorflow_text.tensorflow_text.python.ops,viterbi_constrained_sequence_op_test,ViterbiConstrainedSequenceOpTest,test_sequence_in_exp_space_without_start_end_states_multi_input,28,1,0
tensorflow_text.tensorflow_text.python.ops,viterbi_constrained_sequence_op_test,ViterbiConstrainedSequenceOpTest,test_sequence_in_log_space_with_start_end_states_single_input,30,1,0
tensorflow_text.tensorflow_text.python.ops,viterbi_constrained_sequence_op_test,ViterbiConstrainedSequenceOpTest,test_sequence_in_log_space_with_start_end_states_multi_input,31,1,0
tensorflow_text.tensorflow_text.python.ops,viterbi_constrained_sequence_op_test,ViterbiConstrainedSequenceOpTest,test_sequence_in_log_space_without_start_end_states_single_input,27,1,0
tensorflow_text.tensorflow_text.python.ops,viterbi_constrained_sequence_op_test,ViterbiConstrainedSequenceOpTest,test_sequence_in_log_space_without_start_end_states_multi_input,28,1,0
tensorflow_text.tensorflow_text.python.ops,viterbi_constrained_sequence_op_test,ViterbiConstrainedSequenceOpTest,test_sequence_with_none_weights_single_input,27,1,0
tensorflow_text.tensorflow_text.python.ops,viterbi_constrained_sequence_op_test,ViterbiConstrainedSequenceOpTest,test_sequence_with_none_weights_multi_input,28,1,0
tensorflow_text.tensorflow_text.python.ops,viterbi_constrained_sequence_op_test,ViterbiConstrainedSequenceOpTest,test_sequence_with_none_permissions_single_input,21,1,0
tensorflow_text.tensorflow_text.python.ops,viterbi_constrained_sequence_op_test,ViterbiConstrainedSequenceOpTest,test_sequence_with_none_permissions_multi_input,22,1,0
tensorflow_text.tensorflow_text.python.ops,viterbi_constrained_sequence_op_test,ViterbiConstrainedSequenceOpTest,test_multi_input_sequence_with_implicit_lengths,22,1,0
tensorflow_text.tensorflow_text.python.ops,viterbi_constrained_sequence_op_test,ViterbiConstrainedSequenceOpTest,test_single_input_sequence_with_implicit_lengths,22,1,0
tensorflow_text.tensorflow_text.python.ops,viterbi_constrained_sequence_op_test,ViterbiConstrainedSequenceOpTest,test_ragged_input_sequence,29,1,0
tensorflow_text.tensorflow_text.python.ops,whitespace_tokenizer,WhitespaceTokenizer,__init__,5,1,0
tensorflow_text.tensorflow_text.python.ops,whitespace_tokenizer,WhitespaceTokenizer,tokenize,4,1,1
tensorflow_text.tensorflow_text.python.ops,whitespace_tokenizer,WhitespaceTokenizer,tokenize_with_offsets,37,2,1
tensorflow_text.tensorflow_text.python.ops,whitespace_tokenizer,WhitespaceTokenizer,_whitespace_tokenize_with_offsets,15,1,1
tensorflow_text.tensorflow_text.python.ops,whitespace_tokenizer_test,WhitespaceTokenizerOpTest,setUp,3,1,0
tensorflow_text.tensorflow_text.python.ops,whitespace_tokenizer_test,WhitespaceTokenizerOpTest,testScalar,12,1,0
tensorflow_text.tensorflow_text.python.ops,whitespace_tokenizer_test,WhitespaceTokenizerOpTest,testScalarWithSplit,12,1,0
tensorflow_text.tensorflow_text.python.ops,whitespace_tokenizer_test,WhitespaceTokenizerOpTest,testVectorSingleValue,12,1,0
tensorflow_text.tensorflow_text.python.ops,whitespace_tokenizer_test,WhitespaceTokenizerOpTest,testVector,12,1,0
tensorflow_text.tensorflow_text.python.ops,whitespace_tokenizer_test,WhitespaceTokenizerOpTest,testMatrix,14,1,0
tensorflow_text.tensorflow_text.python.ops,whitespace_tokenizer_test,WhitespaceTokenizerOpTest,testMatrixRagged,14,1,0
tensorflow_text.tensorflow_text.python.ops,whitespace_tokenizer_test,WhitespaceTokenizerOpTest,test3DimMatrix,20,1,0
tensorflow_text.tensorflow_text.python.ops,whitespace_tokenizer_test,WhitespaceTokenizerOpTest,test3DimMatrixRagged,20,1,0
tensorflow_text.tensorflow_text.python.ops,whitespace_tokenizer_test,WhitespaceTokenizerOpTest,testInternationalization,14,1,0
tensorflow_text.tensorflow_text.python.ops,whitespace_tokenizer_test,WhitespaceTokenizerOpTest,testSpaceBoundaries,12,1,0
tensorflow_text.tensorflow_text.python.ops,whitespace_tokenizer_test,WhitespaceTokenizerOpTest,testOnlySpaces,12,1,0
tensorflow_text.tensorflow_text.python.ops,whitespace_tokenizer_test,WhitespaceTokenizerOpTest,testWhitespaceCharacters,12,1,0
tensorflow_text.tensorflow_text.python.ops,whitespace_tokenizer_test,WhitespaceTokenizerOpTest,testEmptyStringSingle,12,1,0
tensorflow_text.tensorflow_text.python.ops,whitespace_tokenizer_test,WhitespaceTokenizerOpTest,testEmptyString,13,1,0
tensorflow_text.tensorflow_text.python.ops,whitespace_tokenizer_test,WhitespaceTokenizerOpTest,testEmptyDimensions,19,1,0
tensorflow_text.tensorflow_text.python.ops,whitespace_tokenizer_test,WhitespaceTokenizerOpTest,testTfLite,26,1,0
tensorflow_text.tensorflow_text.python.ops,wordpiece_tokenizer,WordpieceTokenizer,__init__,23,5,7
tensorflow_text.tensorflow_text.python.ops,wordpiece_tokenizer,WordpieceTokenizer,_get_vocab_and_ids,16,2,0
tensorflow_text.tensorflow_text.python.ops,wordpiece_tokenizer,WordpieceTokenizer,vocab_size,4,1,1
tensorflow_text.tensorflow_text.python.ops,wordpiece_tokenizer,WordpieceTokenizer,tokenize,4,1,1
tensorflow_text.tensorflow_text.python.ops,wordpiece_tokenizer,WordpieceTokenizer,tokenize_with_offsets,67,7,1
tensorflow_text.tensorflow_text.python.ops,wordpiece_tokenizer,WordpieceTokenizer,detokenize,26,2,1
tensorflow_text.tensorflow_text.python.ops,wordpiece_tokenizer_test,WordpieceOpTest,testWordPieceOpAndVerifyOffsets,30,4,10
tensorflow_text.tensorflow_text.python.ops,wordpiece_tokenizer_test,WordpieceOpTest,testWordPieceOpWithMultipleRaggedRank,9,2,7
tensorflow_text.tensorflow_text.python.ops,wordpiece_tokenizer_test,WordpieceOpTest,testWordPieceOpWithIdReturned,13,1,0
tensorflow_text.tensorflow_text.python.ops,wordpiece_tokenizer_test,WordpieceOpTest,testWordPieceOpWithInt32IdReturned,13,1,0
tensorflow_text.tensorflow_text.python.ops,wordpiece_tokenizer_test,WordpieceOpTest,testTensors,9,1,8
tensorflow_text.tensorflow_text.python.ops,wordpiece_tokenizer_test,WordpieceOpTest,testDetokenizeIsReversable,22,1,0
tensorflow_text.tensorflow_text.python.ops,wordpiece_tokenizer_test,WordpieceOpTest,testDetokenizeFailsForSparseVocab,15,1,0
tensorflow_text.tensorflow_text.python.ops,wordpiece_tokenizer_test,WordpieceOpTest,testVocabSize,9,1,0
tensorflow_text.tensorflow_text.python.ops,wordpiece_tokenizer_test,,_Utf8,2,1,1
tensorflow_text.tensorflow_text.python.ops,wordpiece_tokenizer_test,,_CreateTable,9,1,2
tensorflow_text.tensorflow_text.python.ops,wordpiece_tokenizer_test,,_GetTokensFromWordpieceOffsets,14,3,3
tensorflow_text.tensorflow_text.python.ops,wordshape_ops,,_emoticon_regex,21,1,0
tensorflow_text.tensorflow_text.python.ops,wordshape_ops,,_emoji_regex,48,1,0
tensorflow_text.tensorflow_text.python.ops,wordshape_ops,,_begins_with_open_quote_regex,7,1,0
tensorflow_text.tensorflow_text.python.ops,wordshape_ops,,_ends_with_close_quote_regex,7,1,0
tensorflow_text.tensorflow_text.python.ops,wordshape_ops,,_add_identifier_list_to_docstring,5,1,1
tensorflow_text.tensorflow_text.python.ops,wordshape_ops,,wordshape,12,3,3
tensorflow_text.tensorflow_text.python.ops,wordshape_ops_test,Utf8CharsOpTest,testDashShape,8,1,0
tensorflow_text.tensorflow_text.python.ops,wordshape_ops_test,Utf8CharsOpTest,testNoDigits,5,1,0
tensorflow_text.tensorflow_text.python.ops,wordshape_ops_test,Utf8CharsOpTest,testSomeDigits,8,1,0
tensorflow_text.tensorflow_text.python.ops,wordshape_ops_test,Utf8CharsOpTest,testSomeDigitAndCurrency,12,1,0
tensorflow_text.tensorflow_text.python.ops,wordshape_ops_test,Utf8CharsOpTest,testOnlyDigits,5,1,0
tensorflow_text.tensorflow_text.python.ops,wordshape_ops_test,Utf8CharsOpTest,testNumericValue,5,1,0
tensorflow_text.tensorflow_text.python.ops,wordshape_ops_test,Utf8CharsOpTest,SKIP_testWhitespace,9,1,0
tensorflow_text.tensorflow_text.python.ops,wordshape_ops_test,Utf8CharsOpTest,testNoPunct,5,1,0
tensorflow_text.tensorflow_text.python.ops,wordshape_ops_test,Utf8CharsOpTest,testSomePunct,8,1,0
tensorflow_text.tensorflow_text.python.ops,wordshape_ops_test,Utf8CharsOpTest,testAllPunct,5,1,0
tensorflow_text.tensorflow_text.python.ops,wordshape_ops_test,Utf8CharsOpTest,testLeadingPunct,5,1,0
tensorflow_text.tensorflow_text.python.ops,wordshape_ops_test,Utf8CharsOpTest,testTrailingPunct,5,1,0
tensorflow_text.tensorflow_text.python.ops,wordshape_ops_test,Utf8CharsOpTest,SKIP_testSentenceTerminal,5,1,0
tensorflow_text.tensorflow_text.python.ops,wordshape_ops_test,Utf8CharsOpTest,SKIP_testMultipleSentenceTerminal,6,1,0
tensorflow_text.tensorflow_text.python.ops,wordshape_ops_test,Utf8CharsOpTest,SKIP_testTerminalPunct,5,1,0
tensorflow_text.tensorflow_text.python.ops,wordshape_ops_test,Utf8CharsOpTest,SKIP_testMultipleTerminalPunct,5,1,0
tensorflow_text.tensorflow_text.python.ops,wordshape_ops_test,Utf8CharsOpTest,testEllipsis,5,1,0
tensorflow_text.tensorflow_text.python.ops,wordshape_ops_test,Utf8CharsOpTest,testEndsWithEmoticon,5,1,0
tensorflow_text.tensorflow_text.python.ops,wordshape_ops_test,Utf8CharsOpTest,testIsEmoticon,5,1,0
tensorflow_text.tensorflow_text.python.ops,wordshape_ops_test,Utf8CharsOpTest,testEmoji,8,1,0
tensorflow_text.tensorflow_text.python.ops,wordshape_ops_test,Utf8CharsOpTest,testExtendedEmojis,282,1,0
tensorflow_text.tensorflow_text.python.ops,wordshape_ops_test,Utf8CharsOpTest,testAcronym,5,1,0
tensorflow_text.tensorflow_text.python.ops,wordshape_ops_test,Utf8CharsOpTest,testAllUppercase,5,1,0
tensorflow_text.tensorflow_text.python.ops,wordshape_ops_test,Utf8CharsOpTest,testAllLowercase,5,1,0
tensorflow_text.tensorflow_text.python.ops,wordshape_ops_test,Utf8CharsOpTest,testMixedCase,5,1,0
tensorflow_text.tensorflow_text.python.ops,wordshape_ops_test,Utf8CharsOpTest,testMixedCaseLetters,5,1,0
tensorflow_text.tensorflow_text.python.ops,wordshape_ops_test,Utf8CharsOpTest,testTitleCase,7,1,0
tensorflow_text.tensorflow_text.python.ops,wordshape_ops_test,Utf8CharsOpTest,SKIP_testNoQuotes,7,1,0
tensorflow_text.tensorflow_text.python.ops,wordshape_ops_test,Utf8CharsOpTest,testOpenQuote,8,1,0
tensorflow_text.tensorflow_text.python.ops,wordshape_ops_test,Utf8CharsOpTest,testCloseQuote,8,1,0
tensorflow_text.tensorflow_text.python.ops,wordshape_ops_test,Utf8CharsOpTest,SKIP_testQuote,8,1,0
tensorflow_text.tensorflow_text.python.ops,wordshape_ops_test,Utf8CharsOpTest,testMathSymbol,5,1,0
tensorflow_text.tensorflow_text.python.ops,wordshape_ops_test,Utf8CharsOpTest,testCurrencySymbol,5,1,0
tensorflow_text.tensorflow_text.python.ops,wordshape_ops_test,Utf8CharsOpTest,testCurrencySymbolAtBeginning,5,1,0
tensorflow_text.tensorflow_text.python.ops,wordshape_ops_test,Utf8CharsOpTest,testNonLetters,8,1,0
tensorflow_text.tensorflow_text.python.ops,wordshape_ops_test,Utf8CharsOpTest,testMultipleShapes,7,1,0
tensorflow_text.tensorflow_text.python.ops,wordshape_ops_test,Utf8CharsOpTest,testNonShapePassedToShapeArg,4,1,0
tensorflow_text.tensorflow_text.python.ragged,ragged_tensor_to_tensor_test,RaggedTensorToTensorTest,testTfLite,30,2,0
tensorflow_text.tensorflow_text.tools.wordpiece_vocab,bert_vocab_from_dataset,,bert_vocab_from_dataset,17,4,5
tensorflow_text.tensorflow_text.tools.wordpiece_vocab,bert_vocab_from_dataset_test,BertVocabFromDatasetTest,test_smoke,20,1,0
tensorflow_text.tensorflow_text.tools.wordpiece_vocab,generate_vocab,,generate_vocab,106,0,6
tensorflow_text.tensorflow_text.tools.wordpiece_vocab,generate_vocab,,main,19,2,1
tensorflow_text.tensorflow_text.tools.wordpiece_vocab,generate_word_counts,,word_count,47,1,4
tensorflow_text.tensorflow_text.tools.wordpiece_vocab,generate_word_counts,,main,8,1,1
tensorflow_text.tensorflow_text.tools.wordpiece_vocab,measure_wordpiece_stats,,calculate_metrics,56,1,0
tensorflow_text.tensorflow_text.tools.wordpiece_vocab,measure_wordpiece_stats,,main,3,1,1
tensorflow_text.tensorflow_text.tools.wordpiece_vocab,utils,FilterTokensByLang,__init__,3,1,2
tensorflow_text.tensorflow_text.tools.wordpiece_vocab,utils,FilterTokensByLang,process,7,4,1
tensorflow_text.tensorflow_text.tools.wordpiece_vocab,utils,CalculateCoefficients,__init__,2,1,1
tensorflow_text.tensorflow_text.tools.wordpiece_vocab,utils,CalculateCoefficients,create_accumulator,2,1,0
tensorflow_text.tensorflow_text.tools.wordpiece_vocab,utils,CalculateCoefficients,add_input,5,1,2
tensorflow_text.tensorflow_text.tools.wordpiece_vocab,utils,CalculateCoefficients,merge_accumulators,6,3,1
tensorflow_text.tensorflow_text.tools.wordpiece_vocab,utils,CalculateCoefficients,extract_output,11,3,1
tensorflow_text.tensorflow_text.tools.wordpiece_vocab,utils,ExponentialSmoothing,__init__,2,1,1
tensorflow_text.tensorflow_text.tools.wordpiece_vocab,utils,ExponentialSmoothing,process,4,1,2
tensorflow_text.tensorflow_text.tools.wordpiece_vocab,utils,FilterByCount,__init__,3,1,2
tensorflow_text.tensorflow_text.tools.wordpiece_vocab,utils,FilterByCount,process,4,3,1
tensorflow_text.tensorflow_text.tools.wordpiece_vocab,utils,SortByCount,create_accumulator,2,1,0
tensorflow_text.tensorflow_text.tools.wordpiece_vocab,utils,SortByCount,add_input,6,2,2
tensorflow_text.tensorflow_text.tools.wordpiece_vocab,utils,SortByCount,merge_accumulators,6,3,1
tensorflow_text.tensorflow_text.tools.wordpiece_vocab,utils,SortByCount,extract_output,3,1,1
tensorflow_text.tensorflow_text.tools.wordpiece_vocab,utils,CompileTokenizationInfo,process,20,1,1
tensorflow_text.tensorflow_text.tools.wordpiece_vocab,utils,AggregateLang,create_accumulator,2,1,0
tensorflow_text.tensorflow_text.tools.wordpiece_vocab,utils,AggregateLang,add_input,5,2,2
tensorflow_text.tensorflow_text.tools.wordpiece_vocab,utils,AggregateLang,merge_accumulators,7,4,1
tensorflow_text.tensorflow_text.tools.wordpiece_vocab,utils,AggregateLang,extract_output,2,1,1
tensorflow_text.tensorflow_text.tools.wordpiece_vocab,utils,LearnVocab,__init__,2,1,1
tensorflow_text.tensorflow_text.tools.wordpiece_vocab,utils,LearnVocab,process,2,1,1
tensorflow_text.tensorflow_text.tools.wordpiece_vocab,utils,CalculateMetrics,process,33,2,1
tensorflow_text.tensorflow_text.tools.wordpiece_vocab,utils,CalculateMetrics,_get_list_mean,2,1,1
tensorflow_text.tensorflow_text.tools.wordpiece_vocab,utils,CalculateMetrics,_get_micro_compression_ratio,5,1,1
tensorflow_text.tensorflow_text.tools.wordpiece_vocab,utils,CalculateMetrics,_get_macro_compression_ratio,2,1,1
tensorflow_text.tensorflow_text.tools.wordpiece_vocab,utils,CalculateMetrics,_get_micro_dropped_char_percent,6,1,1
tensorflow_text.tensorflow_text.tools.wordpiece_vocab,utils,CalculateMetrics,_get_macro_dropped_char_percent,2,1,1
tensorflow_text.tensorflow_text.tools.wordpiece_vocab,utils,CalculateMetrics,_get_wordpiece_overlap_percent,13,4,3
tensorflow_text.tensorflow_text.tools.wordpiece_vocab,utils,CalculateMetrics,_format_float_or_none,5,1,1
tensorflow_text.tensorflow_text.tools.wordpiece_vocab,utils,,default,10,1,0
tensorflow_text.tensorflow_text.tools.wordpiece_vocab,utils,,count_preprocessing_fn,24,0,2
tensorflow_text.tensorflow_text.tools.wordpiece_vocab,utils,,metrics_preprocessing_fn,52,0,3
tensorflow_text.tensorflow_text.tools.wordpiece_vocab,utils_test,FilterTokensByLangTest,setUp,4,1,0
tensorflow_text.tensorflow_text.tools.wordpiece_vocab,utils_test,FilterTokensByLangTest,testLangInLangSet,8,1,0
tensorflow_text.tensorflow_text.tools.wordpiece_vocab,utils_test,FilterTokensByLangTest,testLangNotInLangSet,5,1,0
tensorflow_text.tensorflow_text.tools.wordpiece_vocab,utils_test,FilterTokensByLangTest,testLangNotInLangSetIncludeOthers,8,1,0
tensorflow_text.tensorflow_text.tools.wordpiece_vocab,utils_test,CompareValues,process,2,1,1
tensorflow_text.tensorflow_text.tools.wordpiece_vocab,utils_test,CalculateCoefficientsTest,setUp,7,1,0
tensorflow_text.tensorflow_text.tools.wordpiece_vocab,utils_test,CalculateCoefficientsTest,testEqual,5,1,0
tensorflow_text.tensorflow_text.tools.wordpiece_vocab,utils_test,CalculateCoefficientsTest,testNotEqual,11,1,0
tensorflow_text.tensorflow_text.tools.wordpiece_vocab,utils_test,ExponentialSmoothingTest,setUp,6,1,0
tensorflow_text.tensorflow_text.tools.wordpiece_vocab,utils_test,ExponentialSmoothingTest,testBasic,9,1,0
tensorflow_text.tensorflow_text.tools.wordpiece_vocab,utils_test,FilterByCountTest,setUp,4,1,0
tensorflow_text.tensorflow_text.tools.wordpiece_vocab,utils_test,FilterByCountTest,testBelowThreshold,6,1,0
tensorflow_text.tensorflow_text.tools.wordpiece_vocab,utils_test,FilterByCountTest,testTokenTooLong,9,1,0
tensorflow_text.tensorflow_text.tools.wordpiece_vocab,utils_test,SortByCountTest,setUp,3,1,0
tensorflow_text.tensorflow_text.tools.wordpiece_vocab,utils_test,SortByCountTest,testUnsorted,5,1,0
tensorflow_text.tensorflow_text.tools.wordpiece_vocab,utils_test,CompileTokenizationInfoTest,setUp,13,1,0
tensorflow_text.tensorflow_text.tools.wordpiece_vocab,utils_test,CompileTokenizationInfoTest,testTwoLangs,23,1,0
tensorflow_text.tensorflow_text.tools.wordpiece_vocab,utils_test,AggregateLangTest,setUp,22,1,0
tensorflow_text.tensorflow_text.tools.wordpiece_vocab,utils_test,AggregateLangTest,testMultiEntryOneLang,18,2,0
tensorflow_text.tensorflow_text.tools.wordpiece_vocab,utils_test,CalculateMetricsTest,setUp,22,1,0
tensorflow_text.tensorflow_text.tools.wordpiece_vocab,utils_test,CalculateMetricsTest,testListMean,4,1,0
tensorflow_text.tensorflow_text.tools.wordpiece_vocab,utils_test,CalculateMetricsTest,testMicroCompressionRatio,4,1,0
tensorflow_text.tensorflow_text.tools.wordpiece_vocab,utils_test,CalculateMetricsTest,testMacroCompressionRatio,4,1,0
tensorflow_text.tensorflow_text.tools.wordpiece_vocab,utils_test,CalculateMetricsTest,testMicroDroppedCharPercent,4,1,0
tensorflow_text.tensorflow_text.tools.wordpiece_vocab,utils_test,CalculateMetricsTest,testMacroDroppedCharPercent,4,1,0
tensorflow_text.tensorflow_text.tools.wordpiece_vocab,utils_test,CalculateMetricsTest,testWordpieceOverlapFrench,4,1,0
tensorflow_text.tensorflow_text.tools.wordpiece_vocab,utils_test,CalculateMetricsTest,testWordpieceOverlapFrenchWeighted,5,1,0
tensorflow_text.tensorflow_text.tools.wordpiece_vocab,utils_test,CalculateMetricsTest,testWordpieceOverlapEnglish,4,1,0
tensorflow_text.tensorflow_text.tools.wordpiece_vocab,utils_test,CalculateMetricsTest,testFormatFloatOrNone,7,1,0
tensorflow_text.tensorflow_text.tools.wordpiece_vocab,utils_test,CountPreprocessingFnTest,setUp,6,1,0
tensorflow_text.tensorflow_text.tools.wordpiece_vocab,utils_test,CountPreprocessingFnTest,testUseGivenLang,10,1,0
tensorflow_text.tensorflow_text.tools.wordpiece_vocab,utils_test,MetricsPreprocessingFnTest,setUp,11,1,0
tensorflow_text.tensorflow_text.tools.wordpiece_vocab,utils_test,MetricsPreprocessingFnTest,testSingleElement,17,1,0
tensorflow_text.tensorflow_text.tools.wordpiece_vocab,utils_test,MetricsPreprocessingFnTest,testLargerBatchSize,26,1,0
tensorflow_text.tensorflow_text.tools.wordpiece_vocab,utils_test,,_bytes_feature,2,1,1
tensorflow_text.tensorflow_text.tools.wordpiece_vocab,wordpiece_tokenizer_learner,,main,25,2,1
tensorflow_text.tensorflow_text.tools.wordpiece_vocab,wordpiece_tokenizer_learner_lib,,extract_char_tokens,7,3,1
tensorflow_text.tensorflow_text.tools.wordpiece_vocab,wordpiece_tokenizer_learner_lib,,ensure_all_tokens_exist,11,5,4
tensorflow_text.tensorflow_text.tools.wordpiece_vocab,wordpiece_tokenizer_learner_lib,,get_split_indices,21,6,4
tensorflow_text.tensorflow_text.tools.wordpiece_vocab,wordpiece_tokenizer_learner_lib,,get_search_threshs,14,3,3
tensorflow_text.tensorflow_text.tools.wordpiece_vocab,wordpiece_tokenizer_learner_lib,,get_input_words,8,4,3
tensorflow_text.tensorflow_text.tools.wordpiece_vocab,wordpiece_tokenizer_learner_lib,,get_allowed_chars,12,4,2
tensorflow_text.tensorflow_text.tools.wordpiece_vocab,wordpiece_tokenizer_learner_lib,,filter_input_words,18,7,3
tensorflow_text.tensorflow_text.tools.wordpiece_vocab,wordpiece_tokenizer_learner_lib,,generate_final_vocabulary,18,4,3
tensorflow_text.tensorflow_text.tools.wordpiece_vocab,wordpiece_tokenizer_learner_lib,,learn_with_thresh,60,18,3
tensorflow_text.tensorflow_text.tools.wordpiece_vocab,wordpiece_tokenizer_learner_lib,,learn_binary_search,18,4,4
tensorflow_text.tensorflow_text.tools.wordpiece_vocab,wordpiece_tokenizer_learner_lib,,count_words,13,3,1
tensorflow_text.tensorflow_text.tools.wordpiece_vocab,wordpiece_tokenizer_learner_lib,,learn,18,2,12
tensorflow_text.tensorflow_text.tools.wordpiece_vocab,wordpiece_tokenizer_learner_test,ExtractCharTokensTest,testExtractCharTokens,3,1,2
tensorflow_text.tensorflow_text.tools.wordpiece_vocab,wordpiece_tokenizer_learner_test,EnsureAllTokensExistTest,testEnsureAllTokensExist,5,1,4
tensorflow_text.tensorflow_text.tools.wordpiece_vocab,wordpiece_tokenizer_learner_test,GetSplitIndicesTest,testGetSplitIndices,6,1,3
tensorflow_text.tensorflow_text.tools.wordpiece_vocab,wordpiece_tokenizer_learner_test,GetSearchThreshsTest,testGetSearchThreshs,6,1,4
tensorflow_text.tensorflow_text.tools.wordpiece_vocab,wordpiece_tokenizer_learner_test,GetInputWordsTest,testGetInputWords,6,1,2
tensorflow_text.tensorflow_text.tools.wordpiece_vocab,wordpiece_tokenizer_learner_test,GetAllowedCharsTest,testGetAllowedChars,4,1,2
tensorflow_text.tensorflow_text.tools.wordpiece_vocab,wordpiece_tokenizer_learner_test,FilterInputWordsTest,testFilterInputWords,6,1,2
tensorflow_text.tensorflow_text.tools.wordpiece_vocab,wordpiece_tokenizer_learner_test,GenerateFinalVocabularyTest,setUp,7,1,0
tensorflow_text.tensorflow_text.tools.wordpiece_vocab,wordpiece_tokenizer_learner_test,GenerateFinalVocabularyTest,testGenerateFinalVocab,5,1,0
tensorflow_text.tensorflow_text.tools.wordpiece_vocab,wordpiece_tokenizer_learner_test,LearnWithThreshTest,testLearnWithThresh,3,1,4
tensorflow_text.tensorflow_text.tools.wordpiece_vocab,wordpiece_tokenizer_learner_test,LearnBinarySearchTest,testBinarySearch,5,1,6
tensorflow_text.tensorflow_text.tools.wordpiece_vocab,wordpiece_tokenizer_learner_test,CountWordsTest,test_count_lists,4,1,0
tensorflow_text.tensorflow_text.tools.wordpiece_vocab,wordpiece_tokenizer_learner_test,CountWordsTest,test_count_numpy_gen,7,1,0
tensorflow_text.tensorflow_text.tools.wordpiece_vocab,wordpiece_tokenizer_learner_test,CountWordsTest,test_count_ragged_dataset,5,1,0
