Package,Module,Class,Function,LOC,CC,PC
swechhachoudhary_Handwriting-synthesis,generate,,argparser,21,1,0
swechhachoudhary_Handwriting-synthesis,generate,,generate_unconditional_seq,12,1,6
swechhachoudhary_Handwriting-synthesis,generate,,generate_conditional_sequence,48,3,11
swechhachoudhary_Handwriting-synthesis,train,,argparser,18,1,0
swechhachoudhary_Handwriting-synthesis,train,,train_epoch,54,6,6
swechhachoudhary_Handwriting-synthesis,train,,validation,41,5,5
swechhachoudhary_Handwriting-synthesis,train,,train,79,6,11
swechhachoudhary_Handwriting-synthesis.app,priming,,generate_handwriting,48,2,7
swechhachoudhary_Handwriting-synthesis.app,routes,,index,2,1,0
swechhachoudhary_Handwriting-synthesis.app,routes,,draw,5,2,0
swechhachoudhary_Handwriting-synthesis.app,routes,,submit_style_data,35,3,0
swechhachoudhary_Handwriting-synthesis.app,routes,,generate,119,9,0
swechhachoudhary_Handwriting-synthesis.app,xml_parser,,path_string_to_stroke,36,7,3
swechhachoudhary_Handwriting-synthesis.app,xml_parser,,svg_xml_parser,11,1,1
swechhachoudhary_Handwriting-synthesis.app,xml_parser,,path_to_stroke,32,5,3
swechhachoudhary_Handwriting-synthesis.models,models,HandWritingPredictionNet,__init__,13,2,4
swechhachoudhary_Handwriting-synthesis.models,models,HandWritingPredictionNet,forward,18,2,2
swechhachoudhary_Handwriting-synthesis.models,models,HandWritingPredictionNet,init_hidden,6,1,2
swechhachoudhary_Handwriting-synthesis.models,models,HandWritingPredictionNet,init_weight,6,2,0
swechhachoudhary_Handwriting-synthesis.models,models,HandWritingPredictionNet,generate,35,4,6
swechhachoudhary_Handwriting-synthesis.models,models,HandWritingSynthesisNet,__init__,18,1,4
swechhachoudhary_Handwriting-synthesis.models,models,HandWritingSynthesisNet,init_hidden,8,1,2
swechhachoudhary_Handwriting-synthesis.models,models,HandWritingSynthesisNet,one_hot_encoding,7,2,1
swechhachoudhary_Handwriting-synthesis.models,models,HandWritingSynthesisNet,compute_window_vector,15,3,5
swechhachoudhary_Handwriting-synthesis.models,models,HandWritingSynthesisNet,init_weight,12,4,0
swechhachoudhary_Handwriting-synthesis.models,models,HandWritingSynthesisNet,forward,33,2,7
swechhachoudhary_Handwriting-synthesis.models,models,HandWritingSynthesisNet,generate,49,4,11
swechhachoudhary_Handwriting-synthesis.models,models,,sample_from_out_dist,31,1,2
swechhachoudhary_Handwriting-synthesis.models,models,,sample_batch_from_out_dist,36,1,2
swechhachoudhary_Handwriting-synthesis.scripts,gen_from_models,,argparser,15,1,0
swechhachoudhary_Handwriting-synthesis.scripts,generate,,argparser,21,1,0
swechhachoudhary_Handwriting-synthesis.scripts,generate,,generate_unconditional_seq,12,1,6
swechhachoudhary_Handwriting-synthesis.scripts,generate,,generate_conditional_sequence,48,3,11
swechhachoudhary_Handwriting-synthesis.utils,__init__,,plot_stroke,23,4,2
swechhachoudhary_Handwriting-synthesis.utils,data_utils,,train_offset_normalization,8,1,1
swechhachoudhary_Handwriting-synthesis.utils,data_utils,,valid_offset_normalization,6,1,3
swechhachoudhary_Handwriting-synthesis.utils,data_utils,,data_denormalization,6,1,3
swechhachoudhary_Handwriting-synthesis.utils,data_utils,,data_normalization,8,1,1
swechhachoudhary_Handwriting-synthesis.utils,data_utils,,data_processing,9,1,1
swechhachoudhary_Handwriting-synthesis.utils,dataset,HandwritingDataset,__init__,58,5,6
swechhachoudhary_Handwriting-synthesis.utils,dataset,HandwritingDataset,__len__,2,1,0
swechhachoudhary_Handwriting-synthesis.utils,dataset,HandwritingDataset,idx_to_char,2,1,1
swechhachoudhary_Handwriting-synthesis.utils,dataset,HandwritingDataset,char_to_idx,2,1,1
swechhachoudhary_Handwriting-synthesis.utils,dataset,HandwritingDataset,build_vocab,9,2,1
swechhachoudhary_Handwriting-synthesis.utils,dataset,HandwritingDataset,__getitem__,33,2,1
swechhachoudhary_Handwriting-synthesis.utils,model_utils,,stable_softmax,6,1,2
swechhachoudhary_Handwriting-synthesis.utils,model_utils,,compute_nll_loss,27,1,4
