Package,Module,Class,LOC,WMC,NOM,NOPM,NOF,NOPF,LCOM,Fan-in,Fan-out
firmai_datagene,._setup,,0,0,0,0,0,0,-1,0,0
firmai_datagene,setup,,0,0,0,0,0,0,-1,0,0
firmai_datagene.datagene,.___init__,,0,0,0,0,0,0,-1,0,0
firmai_datagene.datagene,._dist_utilities,,0,0,0,0,0,0,-1,0,0
firmai_datagene.datagene,._distance,,0,0,0,0,0,0,-1,0,0
firmai_datagene.datagene,._mod_utilities,,0,0,0,0,0,0,-1,0,0
firmai_datagene.datagene,._transform,,0,0,0,0,0,0,-1,0,0
firmai_datagene.datagene,._vis_utilities,,0,0,0,0,0,0,-1,0,0
firmai_datagene.datagene,__init__,,0,0,0,0,0,0,-1,0,0
firmai_datagene.datagene,dist_utilities,,810,163,103,97,90,89,0.51,0,0
firmai_datagene.datagene,distance,,329,43,28,26,33,33,0.54,0,0
firmai_datagene.datagene,mod_utilities,,162,18,9,9,13,13,0.11,0,0
firmai_datagene.datagene,transform,,288,65,52,52,13,13,0.58,0,0
