Package,Module,Class,Function,LOC,CC,PC
firmai_datagene.datagene,dist_utilities,,area_u_c,12,1,2
firmai_datagene.datagene,dist_utilities,,poly_area,2,1,2
firmai_datagene.datagene,dist_utilities,,is_simple_quad,13,2,4
firmai_datagene.datagene,dist_utilities,,makeQuad,30,3,2
firmai_datagene.datagene,dist_utilities,,get_arc_length,8,1,1
firmai_datagene.datagene,dist_utilities,,area_between_two_curves,35,5,2
firmai_datagene.datagene,dist_utilities,,get_length,16,4,2
firmai_datagene.datagene,dist_utilities,,curve_length_measure,19,2,2
firmai_datagene.datagene,dist_utilities,,frechet_dist,17,5,3
firmai_datagene.datagene,dist_utilities,,normalizeTwoCurves,10,1,4
firmai_datagene.datagene,dist_utilities,,pcm,48,4,2
firmai_datagene.datagene,dist_utilities,,dtw,13,5,3
firmai_datagene.datagene,dist_utilities,,dtw_path,23,7,1
firmai_datagene.datagene,dist_utilities,,nearest_distances,7,1,2
firmai_datagene.datagene,dist_utilities,,entropy_gaussian,8,1,1
firmai_datagene.datagene,dist_utilities,,entropy_nearest,13,1,2
firmai_datagene.datagene,dist_utilities,,mutual_information,9,2,2
firmai_datagene.datagene,dist_utilities,,mutual_information_2d,18,2,4
firmai_datagene.datagene,dist_utilities,,fid_1,9,2,2
firmai_datagene.datagene,dist_utilities,,fid_2,11,1,2
firmai_datagene.datagene,dist_utilities,,inception,7,1,2
firmai_datagene.datagene,dist_utilities,,entropy,10,1,3
firmai_datagene.datagene,dist_utilities,,centropy,6,1,4
firmai_datagene.datagene,dist_utilities,,tc,4,1,3
firmai_datagene.datagene,dist_utilities,,ctc,5,1,4
firmai_datagene.datagene,dist_utilities,,corex,4,1,4
firmai_datagene.datagene,dist_utilities,,mi,27,4,6
firmai_datagene.datagene,dist_utilities,,cmi,3,1,5
firmai_datagene.datagene,dist_utilities,,kldiv,15,1,4
firmai_datagene.datagene,dist_utilities,,lnc_correction,21,3,4
firmai_datagene.datagene,dist_utilities,,braycurtis,2,1,2
firmai_datagene.datagene,dist_utilities,,canberra,2,1,2
firmai_datagene.datagene,dist_utilities,,chebyshev,2,1,2
firmai_datagene.datagene,dist_utilities,,correlation,4,1,2
firmai_datagene.datagene,dist_utilities,,cosine,2,1,2
firmai_datagene.datagene,dist_utilities,,dice,5,1,2
firmai_datagene.datagene,dist_utilities,,euclidean,2,1,2
firmai_datagene.datagene,dist_utilities,,hamming,4,2,3
firmai_datagene.datagene,dist_utilities,,jaccard,2,1,2
firmai_datagene.datagene,dist_utilities,,kulsinski,5,1,2
firmai_datagene.datagene,dist_utilities,,manhattan,2,1,2
firmai_datagene.datagene,dist_utilities,,rogerstanimoto,6,1,2
firmai_datagene.datagene,dist_utilities,,russellrao,2,1,2
firmai_datagene.datagene,dist_utilities,,sokalmichener,6,1,2
firmai_datagene.datagene,dist_utilities,,sokalsneath,5,1,2
firmai_datagene.datagene,dist_utilities,,sqeuclidean,2,1,2
firmai_datagene.datagene,dist_utilities,,yule,6,1,2
firmai_datagene.datagene,dist_utilities,,entropyd,6,1,2
firmai_datagene.datagene,dist_utilities,,midd,4,1,3
firmai_datagene.datagene,dist_utilities,,cmidd,7,1,4
firmai_datagene.datagene,dist_utilities,,centropyd,4,1,3
firmai_datagene.datagene,dist_utilities,,tcd,4,1,2
firmai_datagene.datagene,dist_utilities,,ctcd,4,1,3
firmai_datagene.datagene,dist_utilities,,corexd,4,1,3
firmai_datagene.datagene,dist_utilities,,micd,16,4,5
firmai_datagene.datagene,dist_utilities,,midc,2,1,5
firmai_datagene.datagene,dist_utilities,,centropycd,2,1,5
firmai_datagene.datagene,dist_utilities,,centropydc,2,1,5
firmai_datagene.datagene,dist_utilities,,ctcdc,5,1,5
firmai_datagene.datagene,dist_utilities,,ctccd,2,1,5
firmai_datagene.datagene,dist_utilities,,corexcd,2,1,5
firmai_datagene.datagene,dist_utilities,,corexdc,2,1,5
firmai_datagene.datagene,dist_utilities,,add_noise,2,1,2
firmai_datagene.datagene,dist_utilities,,query_neighbors,2,1,3
firmai_datagene.datagene,dist_utilities,,count_neighbors,2,1,3
firmai_datagene.datagene,dist_utilities,,avgdigamma,5,1,2
firmai_datagene.datagene,dist_utilities,,build_tree,4,1,1
firmai_datagene.datagene,dist_utilities,,shuffle_test,12,3,6
firmai_datagene.datagene,dist_utilities,,return_intersection,4,1,2
firmai_datagene.datagene,dist_utilities,,chi2_distance,4,1,3
firmai_datagene.datagene,dist_utilities,,jensen_shannon_divergence,10,1,2
firmai_datagene.datagene,dist_utilities,,ks_statistic,10,1,2
firmai_datagene.datagene,dist_utilities,,ks_statistic_vec,10,1,2
firmai_datagene.datagene,dist_utilities,,ks_statistic_kde,7,1,4
firmai_datagene.datagene,dist_utilities,,js_metric,5,1,4
firmai_datagene.datagene,dist_utilities,,kl_divergence,4,1,4
firmai_datagene.datagene,dist_utilities,,_get_kd_estimator_and_xs,6,1,2
firmai_datagene.datagene,dist_utilities,,_get_kd_estimator_and_xs_vec,6,1,2
firmai_datagene.datagene,dist_utilities,,_get_estimators_and_xs,11,3,4
firmai_datagene.datagene,dist_utilities,,_get_point_estimates,6,1,4
firmai_datagene.datagene,dist_utilities,,_kl_divergence,5,1,3
firmai_datagene.datagene,dist_utilities,,jensen_shannon_divergence_2,4,1,2
firmai_datagene.datagene,dist_utilities,,renyi_divergence,7,1,3
firmai_datagene.datagene,dist_utilities,,cosine_similarity,10,4,2
firmai_datagene.datagene,dist_utilities,,euclidean_distance,3,1,2
firmai_datagene.datagene,dist_utilities,,variational_distance,3,1,2
firmai_datagene.datagene,dist_utilities,,kl_divergence,3,1,2
firmai_datagene.datagene,dist_utilities,,bhattacharyya_distance,7,1,2
firmai_datagene.datagene,dist_utilities,,_fancy,6,2,1
firmai_datagene.datagene,dist_utilities,,pearson_rho,7,2,2
firmai_datagene.datagene,dist_utilities,,eucFunc,7,2,3
firmai_datagene.datagene,dist_utilities,,matchMat,6,1,2
firmai_datagene.datagene,dist_utilities,,kulSim,9,2,3
firmai_datagene.datagene,dist_utilities,,braySim,9,2,3
firmai_datagene.datagene,dist_utilities,,gowerSim,8,2,3
firmai_datagene.datagene,dist_utilities,,chordDis,9,2,3
firmai_datagene.datagene,dist_utilities,,manDist,6,2,3
firmai_datagene.datagene,dist_utilities,,charDist,6,2,3
firmai_datagene.datagene,dist_utilities,,whitDist,8,2,3
firmai_datagene.datagene,dist_utilities,,canDist,9,2,3
firmai_datagene.datagene,dist_utilities,,m_gowDist,7,2,3
firmai_datagene.datagene,dist_utilities,,earth_movers_distance,10,2,2
firmai_datagene.datagene,dist_utilities,,simple_diff_ratio,3,1,3
firmai_datagene.datagene,distance,,regression_metrics,13,2,3
firmai_datagene.datagene,distance,,boot_stat,11,1,2
firmai_datagene.datagene,distance,,stat_pval,8,1,2
firmai_datagene.datagene,distance,,ssim_grey,7,1,2
firmai_datagene.datagene,distance,,get_thumbnail,8,3,4
firmai_datagene.datagene,distance,,image_histogram_similarity,7,1,2
firmai_datagene.datagene,distance,,_avhash,7,2,1
firmai_datagene.datagene,distance,,_hamming,6,2,2
firmai_datagene.datagene,distance,,hash_simmilarity,6,1,2
firmai_datagene.datagene,distance,,simple_diff_ratio_1,3,1,3
firmai_datagene.datagene,distance,,distance_matrix_tests,13,1,2
firmai_datagene.datagene,distance,,entropy_dissimilarity,14,1,2
firmai_datagene.datagene,distance,,matrix_distance,30,1,3
firmai_datagene.datagene,distance,,mean_absolute_percentage_error,5,1,2
firmai_datagene.datagene,distance,,bootstrapped_frame,18,2,3
firmai_datagene.datagene,distance,,pca_variance,10,1,2
firmai_datagene.datagene,distance,,pca_extract_explain,14,2,3
firmai_datagene.datagene,distance,,vector_distance,18,1,2
firmai_datagene.datagene,distance,,vector_distance_boots,9,2,2
firmai_datagene.datagene,distance,,density_arr,18,0,3
firmai_datagene.datagene,distance,,distance_funct_kde,18,4,3
firmai_datagene.datagene,distance,,distribution_distance_map,8,1,3
firmai_datagene.datagene,distance,,kde_func,14,3,3
firmai_datagene.datagene,distance,,rescale_interpolate,6,1,3
firmai_datagene.datagene,distance,,curve_metrics,9,1,2
firmai_datagene.datagene,distance,,dict_curve,8,1,2
firmai_datagene.datagene,distance,,curve_kde_map,21,4,4
firmai_datagene.datagene,distance,,vector_hypotheses,20,1,2
firmai_datagene.datagene,mod_utilities,,prepare_df_rand,9,1,3
firmai_datagene.datagene,mod_utilities,,plot_train_history,10,1,2
firmai_datagene.datagene,mod_utilities,,create_time_steps,2,1,1
firmai_datagene.datagene,mod_utilities,,show_plot,19,4,3
firmai_datagene.datagene,mod_utilities,,model_output,33,3,4
firmai_datagene.datagene,mod_utilities,,model_output_cross,34,3,5
firmai_datagene.datagene,mod_utilities,,test_shap,11,1,4
firmai_datagene.datagene,mod_utilities,,shapley_rank,25,3,5
firmai_datagene.datagene,mod_utilities,,explore_shap,19,1,4
firmai_datagene.datagene,transform,pipe,__init__,3,1,2
firmai_datagene.datagene,transform,pipe,__getitem__,2,1,1
firmai_datagene.datagene,transform,pipe,__call__,2,1,0
firmai_datagene.datagene,transform,pipe,__repr__,2,1,0
firmai_datagene.datagene,transform,,tensor_to_pandas,7,2,2
firmai_datagene.datagene,transform,,mps_decomp_tess,14,1,2
firmai_datagene.datagene,transform,,mps_decomp_4_to_2,2,1,2
firmai_datagene.datagene,transform,,gaf_encode_3_to_4,4,1,2
firmai_datagene.datagene,transform,,mrp_encode_3_to_4,4,1,3
firmai_datagene.datagene,transform,,gaf_encode_3_to_4,4,1,2
firmai_datagene.datagene,transform,,mtf_encode_3_to_4,5,1,2
firmai_datagene.datagene,transform,,mps_decomp_tens,11,1,3
firmai_datagene.datagene,transform,,mps_decomp_3_to_2,2,1,3
firmai_datagene.datagene,transform,,jrp_encode_3_to_3,4,1,1
firmai_datagene.datagene,transform,,mean_3_to_2,3,1,1
firmai_datagene.datagene,transform,,sum_3_to_2,3,1,1
firmai_datagene.datagene,transform,,min_3_to_2,3,1,1
firmai_datagene.datagene,transform,,var_3_to_2,3,1,1
firmai_datagene.datagene,transform,,tucker_decomp_tens,12,1,2
firmai_datagene.datagene,transform,,tucker_decomp_3_to_2,2,1,2
firmai_datagene.datagene,transform,,parafac_decomp_tens,10,1,3
firmai_datagene.datagene,transform,,parafac_decomp_3_to_2,2,1,3
firmai_datagene.datagene,transform,,tensor_to_pandas,7,2,2
firmai_datagene.datagene,transform,,pca_decomp_mat,6,1,2
firmai_datagene.datagene,transform,,pca_decomp_3_to_2,4,1,2
firmai_datagene.datagene,transform,,rp_encode_2_to_3,4,1,2
firmai_datagene.datagene,transform,,gaf_encode_mat,5,1,1
firmai_datagene.datagene,transform,,gaf_encode_2_to_3,2,1,1
firmai_datagene.datagene,transform,,mtf_encode_2_to_3,5,1,2
firmai_datagene.datagene,transform,,pca_decomp_2_to_2,5,1,2
firmai_datagene.datagene,transform,,svd_decomp_mat,3,1,1
firmai_datagene.datagene,transform,,svd_decomp_2_to_2,2,1,1
firmai_datagene.datagene,transform,,qr_decomp_mat,5,1,1
firmai_datagene.datagene,transform,,qr_decomp_2_to_2,2,1,1
firmai_datagene.datagene,transform,,lik_kernel_2_to_2,2,1,1
firmai_datagene.datagene,transform,,cos_kernel_2_to_2,2,1,1
firmai_datagene.datagene,transform,,pok_kernel_2_to_2,2,1,1
firmai_datagene.datagene,transform,,lak_kernel_2_to_2,2,1,1
firmai_datagene.datagene,transform,,cov_2_to_2,3,1,1
firmai_datagene.datagene,transform,,corr_2_to_2,3,1,1
firmai_datagene.datagene,transform,,hist_2d_mat,6,2,5
firmai_datagene.datagene,transform,,hist_2d_2_to_2,2,1,5
firmai_datagene.datagene,transform,,pwd_2_to_2,3,1,2
firmai_datagene.datagene,transform,,prp_encode,8,3,3
firmai_datagene.datagene,transform,,prp_encode_2_to_2,2,1,3
firmai_datagene.datagene,transform,,pca_decomp_2_to_1,2,1,1
firmai_datagene.datagene,transform,,GetWindow,7,2,3
firmai_datagene.datagene,transform,,GetNextMean,2,1,3
firmai_datagene.datagene,transform,,AddTime,3,1,1
firmai_datagene.datagene,transform,,Lead,9,2,1
firmai_datagene.datagene,transform,,Lag,9,2,1
firmai_datagene.datagene,transform,,sig_encode_vect,23,2,1
firmai_datagene.datagene,transform,,sig_encode_1_to_2,2,1,1
firmai_datagene.datagene,transform,,vect_extract,33,1,1
firmai_datagene.datagene,transform,,vect_extract_1_to_1,2,1,1
firmai_datagene.datagene,transform,,autocorr_1_to_1,4,1,2
firmai_datagene.datagene,vis_utilities,,pil_to_cv_4d,4,1,1
firmai_datagene.datagene,vis_utilities,,array_2d_to_grey_image,4,1,2
firmai_datagene.datagene,vis_utilities,,multi_plot,18,2,3
firmai_datagene.datagene,vis_utilities,,array_3d_to_rgb_image,4,1,2
firmai_datagene.datagene,vis_utilities,,gram_array_3d_to_rgb_image,6,1,3
firmai_datagene.datagene,vis_utilities,,array_4d_to_rgba_image,6,2,4
firmai_datagene.datagene,vis_utilities,,three_plots,5,2,2
