Package,Module,Class,Smell,Function/Method,Line no,File,Details
DagnyT_hardnet.benchmarks,hpatches_extract_HardNet,HardNet,Long statement,__init__,67,/Volumes/BrokeExt/NICHE/DagnyT_hardnet/benchmarks/hpatches_extract_HardNet.py,A line with 765 chars in __init__ exceeds the maximum length of 120 characters.
DagnyT_hardnet.benchmarks,hpatches_extract_HardNet,HardNet,Long statement,input_norm,97,/Volumes/BrokeExt/NICHE/DagnyT_hardnet/benchmarks/hpatches_extract_HardNet.py,A line with 164 chars in input_norm exceeds the maximum length of 120 characters.
DagnyT_hardnet.benchmarks,hpatches_extract_HardNet,,Long statement,,104,/Volumes/BrokeExt/NICHE/DagnyT_hardnet/benchmarks/hpatches_extract_HardNet.py,A line with 471 chars in hpatches_extract_HardNet exceeds the maximum length of 120 characters.
DagnyT_hardnet.benchmarks,hpatches_extract_HardNet,hpatches_sequence,Magic number,__init__,40,/Volumes/BrokeExt/NICHE/DagnyT_hardnet/benchmarks/hpatches_extract_HardNet.py,Magic number 65 used in __init__.
DagnyT_hardnet.benchmarks,hpatches_extract_HardNet,L2Norm,Magic number,__init__,46,/Volumes/BrokeExt/NICHE/DagnyT_hardnet/benchmarks/hpatches_extract_HardNet.py,Magic number 1e-10 used in __init__.
DagnyT_hardnet.benchmarks,hpatches_extract_HardNet,L1Norm,Magic number,__init__,55,/Volumes/BrokeExt/NICHE/DagnyT_hardnet/benchmarks/hpatches_extract_HardNet.py,Magic number 1e-10 used in __init__.
DagnyT_hardnet.benchmarks,hpatches_extract_HardNet,HardNet,Magic number,input_norm,96,/Volumes/BrokeExt/NICHE/DagnyT_hardnet/benchmarks/hpatches_extract_HardNet.py,Magic number 1e-07 used in input_norm.
DagnyT_hardnet.code,EvalMetrics,,Long statement,,1,/Volumes/BrokeExt/NICHE/DagnyT_hardnet/code/EvalMetrics.py,A line with 147 chars in EvalMetrics exceeds the maximum length of 120 characters.
DagnyT_hardnet.code,EvalMetrics,,Long statement,,19,/Volumes/BrokeExt/NICHE/DagnyT_hardnet/code/EvalMetrics.py,A line with 607 chars in EvalMetrics exceeds the maximum length of 120 characters.
DagnyT_hardnet.code,EvalMetrics,,Magic number,ErrorRateAt95Recall,8,/Volumes/BrokeExt/NICHE/DagnyT_hardnet/code/EvalMetrics.py,Magic number 0.95 used in ErrorRateAt95Recall.
DagnyT_hardnet.code,EvalMetrics,,Magic number,ErrorRateAt95Recall,7,/Volumes/BrokeExt/NICHE/DagnyT_hardnet/code/EvalMetrics.py,Magic number 1e-08 used in ErrorRateAt95Recall.
DagnyT_hardnet.code,HardNet,,Complex method,train,390 - 452,/Volumes/BrokeExt/NICHE/DagnyT_hardnet/code/HardNet.py,"Method 'train' has a cyclomatic complexity of 12, exceeding the max of 6."
DagnyT_hardnet.code,HardNet,,Complex method,main,518 - 581,/Volumes/BrokeExt/NICHE/DagnyT_hardnet/code/HardNet.py,"Method 'main' has a cyclomatic complexity of 9, exceeding the max of 6."
DagnyT_hardnet.code,HardNet,TripletPhotoTour,Complex method,generate_triplets,204 - 239,/Volumes/BrokeExt/NICHE/DagnyT_hardnet/code/HardNet.py,"Method 'generate_triplets' has a cyclomatic complexity of 8, exceeding the max of 6."
DagnyT_hardnet.code,HardNet,TripletPhotoTour,Complex method,__getitem__,241 - 278,/Volumes/BrokeExt/NICHE/DagnyT_hardnet/code/HardNet.py,"Method '__getitem__' has a cyclomatic complexity of 7, exceeding the max of 6."
DagnyT_hardnet.code,HardNet,,Empty catch block,weights_init,333,/Volumes/BrokeExt/NICHE/DagnyT_hardnet/code/HardNet.py,Empty catch block found in weights_init.
DagnyT_hardnet.code,HardNet,,Long method,create_loaders,337 - 388,/Volumes/BrokeExt/NICHE/DagnyT_hardnet/code/HardNet.py,Method 'create_loaders' is too long (47 lines).
DagnyT_hardnet.code,HardNet,,Long method,train,390 - 452,/Volumes/BrokeExt/NICHE/DagnyT_hardnet/code/HardNet.py,Method 'train' is too long (59 lines).
DagnyT_hardnet.code,HardNet,,Long method,main,518 - 581,/Volumes/BrokeExt/NICHE/DagnyT_hardnet/code/HardNet.py,Method 'main' is too long (54 lines).
DagnyT_hardnet.code,HardNet,,Long parameter list,train,390 - 452,/Volumes/BrokeExt/NICHE/DagnyT_hardnet/code/HardNet.py,"train has 6 parameters, exceeding the max of 5."
DagnyT_hardnet.code,HardNet,,Long statement,create_loaders,345,/Volumes/BrokeExt/NICHE/DagnyT_hardnet/code/HardNet.py,A line with 141 chars in create_loaders exceeds the maximum length of 120 characters.
DagnyT_hardnet.code,HardNet,,Long statement,create_loaders,350,/Volumes/BrokeExt/NICHE/DagnyT_hardnet/code/HardNet.py,A line with 262 chars in create_loaders exceeds the maximum length of 120 characters.
DagnyT_hardnet.code,HardNet,,Long statement,create_loaders,357,/Volumes/BrokeExt/NICHE/DagnyT_hardnet/code/HardNet.py,A line with 177 chars in create_loaders exceeds the maximum length of 120 characters.
DagnyT_hardnet.code,HardNet,,Long statement,create_loaders,365,/Volumes/BrokeExt/NICHE/DagnyT_hardnet/code/HardNet.py,A line with 282 chars in create_loaders exceeds the maximum length of 120 characters.
DagnyT_hardnet.code,HardNet,,Long statement,create_loaders,376,/Volumes/BrokeExt/NICHE/DagnyT_hardnet/code/HardNet.py,A line with 299 chars in create_loaders exceeds the maximum length of 120 characters.
DagnyT_hardnet.code,HardNet,,Long statement,train,419,/Volumes/BrokeExt/NICHE/DagnyT_hardnet/code/HardNet.py,A line with 162 chars in train exceeds the maximum length of 120 characters.
DagnyT_hardnet.code,HardNet,,Long statement,train,437,/Volumes/BrokeExt/NICHE/DagnyT_hardnet/code/HardNet.py,A line with 195 chars in train exceeds the maximum length of 120 characters.
DagnyT_hardnet.code,HardNet,,Long statement,train,451,/Volumes/BrokeExt/NICHE/DagnyT_hardnet/code/HardNet.py,A line with 132 chars in train exceeds the maximum length of 120 characters.
DagnyT_hardnet.code,HardNet,,Long statement,test,476,/Volumes/BrokeExt/NICHE/DagnyT_hardnet/code/HardNet.py,A line with 187 chars in test exceeds the maximum length of 120 characters.
DagnyT_hardnet.code,HardNet,,Long statement,adjust_learning_rate,492,/Volumes/BrokeExt/NICHE/DagnyT_hardnet/code/HardNet.py,A line with 146 chars in adjust_learning_rate exceeds the maximum length of 120 characters.
DagnyT_hardnet.code,HardNet,,Long statement,adjust_learning_rate,500,/Volumes/BrokeExt/NICHE/DagnyT_hardnet/code/HardNet.py,A line with 124 chars in adjust_learning_rate exceeds the maximum length of 120 characters.
DagnyT_hardnet.code,HardNet,,Long statement,main,561,/Volumes/BrokeExt/NICHE/DagnyT_hardnet/code/HardNet.py,A line with 141 chars in main exceeds the maximum length of 120 characters.
DagnyT_hardnet.code,HardNet,,Long statement,main,567,/Volumes/BrokeExt/NICHE/DagnyT_hardnet/code/HardNet.py,A line with 129 chars in main exceeds the maximum length of 120 characters.
DagnyT_hardnet.code,HardNet,,Long statement,main,571,/Volumes/BrokeExt/NICHE/DagnyT_hardnet/code/HardNet.py,A line with 166 chars in main exceeds the maximum length of 120 characters.
DagnyT_hardnet.code,HardNet,HardNet,Long statement,__init__,291,/Volumes/BrokeExt/NICHE/DagnyT_hardnet/code/HardNet.py,A line with 765 chars in __init__ exceeds the maximum length of 120 characters.
DagnyT_hardnet.code,HardNet,HardNet,Long statement,input_norm,321,/Volumes/BrokeExt/NICHE/DagnyT_hardnet/code/HardNet.py,A line with 164 chars in input_norm exceeds the maximum length of 120 characters.
DagnyT_hardnet.code,HardNet,,Long statement,,3,/Volumes/BrokeExt/NICHE/DagnyT_hardnet/code/HardNet.py,A line with 483 chars in HardNet exceeds the maximum length of 120 characters.
DagnyT_hardnet.code,HardNet,,Long statement,,61,/Volumes/BrokeExt/NICHE/DagnyT_hardnet/code/HardNet.py,A line with 121 chars in HardNet exceeds the maximum length of 120 characters.
DagnyT_hardnet.code,HardNet,,Long statement,,103,/Volumes/BrokeExt/NICHE/DagnyT_hardnet/code/HardNet.py,A line with 127 chars in HardNet exceeds the maximum length of 120 characters.
DagnyT_hardnet.code,HardNet,,Long statement,,105,/Volumes/BrokeExt/NICHE/DagnyT_hardnet/code/HardNet.py,A line with 132 chars in HardNet exceeds the maximum length of 120 characters.
DagnyT_hardnet.code,HardNet,,Long statement,,107,/Volumes/BrokeExt/NICHE/DagnyT_hardnet/code/HardNet.py,A line with 132 chars in HardNet exceeds the maximum length of 120 characters.
DagnyT_hardnet.code,HardNet,,Long statement,,109,/Volumes/BrokeExt/NICHE/DagnyT_hardnet/code/HardNet.py,A line with 143 chars in HardNet exceeds the maximum length of 120 characters.
DagnyT_hardnet.code,HardNet,,Long statement,,117,/Volumes/BrokeExt/NICHE/DagnyT_hardnet/code/HardNet.py,A line with 127 chars in HardNet exceeds the maximum length of 120 characters.
DagnyT_hardnet.code,HardNet,,Long statement,,121,/Volumes/BrokeExt/NICHE/DagnyT_hardnet/code/HardNet.py,A line with 128 chars in HardNet exceeds the maximum length of 120 characters.
DagnyT_hardnet.code,HardNet,,Long statement,,123,/Volumes/BrokeExt/NICHE/DagnyT_hardnet/code/HardNet.py,A line with 124 chars in HardNet exceeds the maximum length of 120 characters.
DagnyT_hardnet.code,HardNet,,Long statement,,136,/Volumes/BrokeExt/NICHE/DagnyT_hardnet/code/HardNet.py,A line with 137 chars in HardNet exceeds the maximum length of 120 characters.
DagnyT_hardnet.code,HardNet,TripletPhotoTour,Magic number,generate_triplets,230,/Volumes/BrokeExt/NICHE/DagnyT_hardnet/code/HardNet.py,Magic number 2 used in generate_triplets.
DagnyT_hardnet.code,HardNet,TripletPhotoTour,Magic number,__getitem__,263,/Volumes/BrokeExt/NICHE/DagnyT_hardnet/code/HardNet.py,Magic number 0.5 used in __getitem__.
DagnyT_hardnet.code,HardNet,TripletPhotoTour,Magic number,__getitem__,264,/Volumes/BrokeExt/NICHE/DagnyT_hardnet/code/HardNet.py,Magic number 0.5 used in __getitem__.
DagnyT_hardnet.code,HardNet,TripletPhotoTour,Magic number,__getitem__,251,/Volumes/BrokeExt/NICHE/DagnyT_hardnet/code/HardNet.py,Magic number 2 used in __getitem__.
DagnyT_hardnet.code,HardNet,TripletPhotoTour,Magic number,__getitem__,254,/Volumes/BrokeExt/NICHE/DagnyT_hardnet/code/HardNet.py,Magic number 2 used in __getitem__.
DagnyT_hardnet.code,HardNet,HardNet,Magic number,input_norm,320,/Volumes/BrokeExt/NICHE/DagnyT_hardnet/code/HardNet.py,Magic number 1e-07 used in input_norm.
DagnyT_hardnet.code,HardNetClassicalHardNegMiningSiftInit,,Complex method,main,553 - 662,/Volumes/BrokeExt/NICHE/DagnyT_hardnet/code/HardNetClassicalHardNegMiningSiftInit.py,"Method 'main' has a cyclomatic complexity of 11, exceeding the max of 6."
DagnyT_hardnet.code,HardNetClassicalHardNegMiningSiftInit,,Complex method,remove_descriptors_with_same_index,744 - 766,/Volumes/BrokeExt/NICHE/DagnyT_hardnet/code/HardNetClassicalHardNegMiningSiftInit.py,"Method 'remove_descriptors_with_same_index' has a cyclomatic complexity of 7, exceeding the max of 6."
DagnyT_hardnet.code,HardNetClassicalHardNegMiningSiftInit,TripletPhotoTour,Complex method,generate_triplets,190 - 225,/Volumes/BrokeExt/NICHE/DagnyT_hardnet/code/HardNetClassicalHardNegMiningSiftInit.py,"Method 'generate_triplets' has a cyclomatic complexity of 8, exceeding the max of 6."
DagnyT_hardnet.code,HardNetClassicalHardNegMiningSiftInit,TripletPhotoTourHardNegatives,Complex method,generate_triplets,287 - 339,/Volumes/BrokeExt/NICHE/DagnyT_hardnet/code/HardNetClassicalHardNegMiningSiftInit.py,"Method 'generate_triplets' has a cyclomatic complexity of 10, exceeding the max of 6."
DagnyT_hardnet.code,HardNetClassicalHardNegMiningSiftInit,,Long identifier,remove_descriptors_with_same_index,744,/Volumes/BrokeExt/NICHE/DagnyT_hardnet/code/HardNetClassicalHardNegMiningSiftInit.py,Identifier'remove_descriptors_with_same_index' exceeds the maximum length of 30 characters.
DagnyT_hardnet.code,HardNetClassicalHardNegMiningSiftInit,,Long identifier,,616,/Volumes/BrokeExt/NICHE/DagnyT_hardnet/code/HardNetClassicalHardNegMiningSiftInit.py,Identifier'trainPhotoTourDatasetWithHardNegatives' exceeds the maximum length of 30 characters.
DagnyT_hardnet.code,HardNetClassicalHardNegMiningSiftInit,,Long method,main,553 - 662,/Volumes/BrokeExt/NICHE/DagnyT_hardnet/code/HardNetClassicalHardNegMiningSiftInit.py,Method 'main' is too long (99 lines).
DagnyT_hardnet.code,HardNetClassicalHardNegMiningSiftInit,TripletPhotoTourHardNegatives,Long method,generate_triplets,287 - 339,/Volumes/BrokeExt/NICHE/DagnyT_hardnet/code/HardNetClassicalHardNegMiningSiftInit.py,Method 'generate_triplets' is too long (49 lines).
DagnyT_hardnet.code,HardNetClassicalHardNegMiningSiftInit,,Long statement,create_loaders,425,/Volumes/BrokeExt/NICHE/DagnyT_hardnet/code/HardNetClassicalHardNegMiningSiftInit.py,A line with 177 chars in create_loaders exceeds the maximum length of 120 characters.
DagnyT_hardnet.code,HardNetClassicalHardNegMiningSiftInit,,Long statement,create_loaders,431,/Volumes/BrokeExt/NICHE/DagnyT_hardnet/code/HardNetClassicalHardNegMiningSiftInit.py,A line with 160 chars in create_loaders exceeds the maximum length of 120 characters.
DagnyT_hardnet.code,HardNetClassicalHardNegMiningSiftInit,,Long statement,create_loaders,438,/Volumes/BrokeExt/NICHE/DagnyT_hardnet/code/HardNetClassicalHardNegMiningSiftInit.py,A line with 294 chars in create_loaders exceeds the maximum length of 120 characters.
DagnyT_hardnet.code,HardNetClassicalHardNegMiningSiftInit,,Long statement,train,479,/Volumes/BrokeExt/NICHE/DagnyT_hardnet/code/HardNetClassicalHardNegMiningSiftInit.py,A line with 196 chars in train exceeds the maximum length of 120 characters.
DagnyT_hardnet.code,HardNetClassicalHardNegMiningSiftInit,,Long statement,test,510,/Volumes/BrokeExt/NICHE/DagnyT_hardnet/code/HardNetClassicalHardNegMiningSiftInit.py,A line with 187 chars in test exceeds the maximum length of 120 characters.
DagnyT_hardnet.code,HardNetClassicalHardNegMiningSiftInit,,Long statement,adjust_learning_rate,527,/Volumes/BrokeExt/NICHE/DagnyT_hardnet/code/HardNetClassicalHardNegMiningSiftInit.py,A line with 146 chars in adjust_learning_rate exceeds the maximum length of 120 characters.
DagnyT_hardnet.code,HardNetClassicalHardNegMiningSiftInit,,Long statement,adjust_learning_rate,535,/Volumes/BrokeExt/NICHE/DagnyT_hardnet/code/HardNetClassicalHardNegMiningSiftInit.py,A line with 124 chars in adjust_learning_rate exceeds the maximum length of 120 characters.
DagnyT_hardnet.code,HardNetClassicalHardNegMiningSiftInit,,Long statement,main,581,/Volumes/BrokeExt/NICHE/DagnyT_hardnet/code/HardNetClassicalHardNegMiningSiftInit.py,A line with 177 chars in main exceeds the maximum length of 120 characters.
DagnyT_hardnet.code,HardNetClassicalHardNegMiningSiftInit,,Long statement,main,616,/Volumes/BrokeExt/NICHE/DagnyT_hardnet/code/HardNetClassicalHardNegMiningSiftInit.py,A line with 223 chars in main exceeds the maximum length of 120 characters.
DagnyT_hardnet.code,HardNetClassicalHardNegMiningSiftInit,,Long statement,main,624,/Volumes/BrokeExt/NICHE/DagnyT_hardnet/code/HardNetClassicalHardNegMiningSiftInit.py,A line with 134 chars in main exceeds the maximum length of 120 characters.
DagnyT_hardnet.code,HardNetClassicalHardNegMiningSiftInit,,Long statement,main,641,/Volumes/BrokeExt/NICHE/DagnyT_hardnet/code/HardNetClassicalHardNegMiningSiftInit.py,A line with 122 chars in main exceeds the maximum length of 120 characters.
DagnyT_hardnet.code,HardNetClassicalHardNegMiningSiftInit,,Long statement,main,649,/Volumes/BrokeExt/NICHE/DagnyT_hardnet/code/HardNetClassicalHardNegMiningSiftInit.py,A line with 129 chars in main exceeds the maximum length of 120 characters.
DagnyT_hardnet.code,HardNetClassicalHardNegMiningSiftInit,,Long statement,main,653,/Volumes/BrokeExt/NICHE/DagnyT_hardnet/code/HardNetClassicalHardNegMiningSiftInit.py,A line with 164 chars in main exceeds the maximum length of 120 characters.
DagnyT_hardnet.code,HardNetClassicalHardNegMiningSiftInit,,Long statement,main,659,/Volumes/BrokeExt/NICHE/DagnyT_hardnet/code/HardNetClassicalHardNegMiningSiftInit.py,A line with 130 chars in main exceeds the maximum length of 120 characters.
DagnyT_hardnet.code,HardNetClassicalHardNegMiningSiftInit,TNet,Long statement,__init__,375,/Volumes/BrokeExt/NICHE/DagnyT_hardnet/code/HardNetClassicalHardNegMiningSiftInit.py,A line with 681 chars in __init__ exceeds the maximum length of 120 characters.
DagnyT_hardnet.code,HardNetClassicalHardNegMiningSiftInit,TNet,Long statement,forward,405,/Volumes/BrokeExt/NICHE/DagnyT_hardnet/code/HardNetClassicalHardNegMiningSiftInit.py,A line with 145 chars in forward exceeds the maximum length of 120 characters.
DagnyT_hardnet.code,HardNetClassicalHardNegMiningSiftInit,,Long statement,,4,/Volumes/BrokeExt/NICHE/DagnyT_hardnet/code/HardNetClassicalHardNegMiningSiftInit.py,A line with 481 chars in HardNetClassicalHardNegMiningSiftInit exceeds the maximum length of 120 characters.
DagnyT_hardnet.code,HardNetClassicalHardNegMiningSiftInit,,Long statement,,51,/Volumes/BrokeExt/NICHE/DagnyT_hardnet/code/HardNetClassicalHardNegMiningSiftInit.py,A line with 121 chars in HardNetClassicalHardNegMiningSiftInit exceeds the maximum length of 120 characters.
DagnyT_hardnet.code,HardNetClassicalHardNegMiningSiftInit,,Long statement,,89,/Volumes/BrokeExt/NICHE/DagnyT_hardnet/code/HardNetClassicalHardNegMiningSiftInit.py,A line with 126 chars in HardNetClassicalHardNegMiningSiftInit exceeds the maximum length of 120 characters.
DagnyT_hardnet.code,HardNetClassicalHardNegMiningSiftInit,,Long statement,,91,/Volumes/BrokeExt/NICHE/DagnyT_hardnet/code/HardNetClassicalHardNegMiningSiftInit.py,A line with 132 chars in HardNetClassicalHardNegMiningSiftInit exceeds the maximum length of 120 characters.
DagnyT_hardnet.code,HardNetClassicalHardNegMiningSiftInit,,Long statement,,93,/Volumes/BrokeExt/NICHE/DagnyT_hardnet/code/HardNetClassicalHardNegMiningSiftInit.py,A line with 132 chars in HardNetClassicalHardNegMiningSiftInit exceeds the maximum length of 120 characters.
DagnyT_hardnet.code,HardNetClassicalHardNegMiningSiftInit,,Long statement,,95,/Volumes/BrokeExt/NICHE/DagnyT_hardnet/code/HardNetClassicalHardNegMiningSiftInit.py,A line with 143 chars in HardNetClassicalHardNegMiningSiftInit exceeds the maximum length of 120 characters.
DagnyT_hardnet.code,HardNetClassicalHardNegMiningSiftInit,,Long statement,,103,/Volumes/BrokeExt/NICHE/DagnyT_hardnet/code/HardNetClassicalHardNegMiningSiftInit.py,A line with 124 chars in HardNetClassicalHardNegMiningSiftInit exceeds the maximum length of 120 characters.
DagnyT_hardnet.code,HardNetClassicalHardNegMiningSiftInit,,Long statement,,116,/Volumes/BrokeExt/NICHE/DagnyT_hardnet/code/HardNetClassicalHardNegMiningSiftInit.py,A line with 137 chars in HardNetClassicalHardNegMiningSiftInit exceeds the maximum length of 120 characters.
DagnyT_hardnet.code,HardNetClassicalHardNegMiningSiftInit,,Magic number,pre_init_with_sift,691,/Volumes/BrokeExt/NICHE/DagnyT_hardnet/code/HardNetClassicalHardNegMiningSiftInit.py,Magic number 65 used in pre_init_with_sift.
DagnyT_hardnet.code,HardNetClassicalHardNegMiningSiftInit,TripletPhotoTour,Magic number,generate_triplets,216,/Volumes/BrokeExt/NICHE/DagnyT_hardnet/code/HardNetClassicalHardNegMiningSiftInit.py,Magic number 2 used in generate_triplets.
DagnyT_hardnet.code,HardNetClassicalHardNegMiningSiftInit,TripletPhotoTour,Magic number,__getitem__,237,/Volumes/BrokeExt/NICHE/DagnyT_hardnet/code/HardNetClassicalHardNegMiningSiftInit.py,Magic number 2 used in __getitem__.
DagnyT_hardnet.code,HardNetClassicalHardNegMiningSiftInit,TripletPhotoTour,Magic number,__getitem__,240,/Volumes/BrokeExt/NICHE/DagnyT_hardnet/code/HardNetClassicalHardNegMiningSiftInit.py,Magic number 2 used in __getitem__.
DagnyT_hardnet.code,HardNetClassicalHardNegMiningSiftInit,TripletPhotoTourHardNegatives,Magic number,generate_triplets,311,/Volumes/BrokeExt/NICHE/DagnyT_hardnet/code/HardNetClassicalHardNegMiningSiftInit.py,Magic number 2 used in generate_triplets.
DagnyT_hardnet.code,HardNetClassicalHardNegMiningSiftInit,TripletPhotoTourHardNegatives,Magic number,__getitem__,352,/Volumes/BrokeExt/NICHE/DagnyT_hardnet/code/HardNetClassicalHardNegMiningSiftInit.py,Magic number 2 used in __getitem__.
DagnyT_hardnet.code,HardNetClassicalHardNegMiningSiftInit,TripletPhotoTourHardNegatives,Magic number,__getitem__,355,/Volumes/BrokeExt/NICHE/DagnyT_hardnet/code/HardNetClassicalHardNegMiningSiftInit.py,Magic number 2 used in __getitem__.
DagnyT_hardnet.code,HardNetClassicalHardNegMiningSiftInit,TNet,Magic number,forward,404,/Volumes/BrokeExt/NICHE/DagnyT_hardnet/code/HardNetClassicalHardNegMiningSiftInit.py,Magic number 1e-07 used in forward.
DagnyT_hardnet.code,HardNetClassicalHardNegMiningSiftInit,TNet,Magic number,forward,403,/Volumes/BrokeExt/NICHE/DagnyT_hardnet/code/HardNetClassicalHardNegMiningSiftInit.py,Magic number 32.0 used in forward.
DagnyT_hardnet.code,HardNetClassicalHardNegMiningSiftInit,TNet,Magic number,forward,403,/Volumes/BrokeExt/NICHE/DagnyT_hardnet/code/HardNetClassicalHardNegMiningSiftInit.py,Magic number 32.0 used in forward.
DagnyT_hardnet.code,HardNetHPatchesSplits,,Complex method,train,490 - 550,/Volumes/BrokeExt/NICHE/DagnyT_hardnet/code/HardNetHPatchesSplits.py,"Method 'train' has a cyclomatic complexity of 12, exceeding the max of 6."
DagnyT_hardnet.code,HardNetHPatchesSplits,,Complex method,main,634 - 692,/Volumes/BrokeExt/NICHE/DagnyT_hardnet/code/HardNetHPatchesSplits.py,"Method 'main' has a cyclomatic complexity of 9, exceeding the max of 6."
DagnyT_hardnet.code,HardNetHPatchesSplits,TotalDatasetsLoader,Complex method,generate_triplets,212 - 247,/Volumes/BrokeExt/NICHE/DagnyT_hardnet/code/HardNetHPatchesSplits.py,"Method 'generate_triplets' has a cyclomatic complexity of 8, exceeding the max of 6."
DagnyT_hardnet.code,HardNetHPatchesSplits,TripletPhotoTour,Complex method,generate_triplets,297 - 332,/Volumes/BrokeExt/NICHE/DagnyT_hardnet/code/HardNetHPatchesSplits.py,"Method 'generate_triplets' has a cyclomatic complexity of 8, exceeding the max of 6."
DagnyT_hardnet.code,HardNetHPatchesSplits,TripletPhotoTour,Complex method,__getitem__,334 - 371,/Volumes/BrokeExt/NICHE/DagnyT_hardnet/code/HardNetHPatchesSplits.py,"Method '__getitem__' has a cyclomatic complexity of 7, exceeding the max of 6."
DagnyT_hardnet.code,HardNetHPatchesSplits,,Empty catch block,weights_init,430,/Volumes/BrokeExt/NICHE/DagnyT_hardnet/code/HardNetHPatchesSplits.py,Empty catch block found in weights_init.
DagnyT_hardnet.code,HardNetHPatchesSplits,,Long method,create_loaders,435 - 487,/Volumes/BrokeExt/NICHE/DagnyT_hardnet/code/HardNetHPatchesSplits.py,Method 'create_loaders' is too long (49 lines).
DagnyT_hardnet.code,HardNetHPatchesSplits,,Long method,train,490 - 550,/Volumes/BrokeExt/NICHE/DagnyT_hardnet/code/HardNetHPatchesSplits.py,Method 'train' is too long (59 lines).
DagnyT_hardnet.code,HardNetHPatchesSplits,,Long method,main,634 - 692,/Volumes/BrokeExt/NICHE/DagnyT_hardnet/code/HardNetHPatchesSplits.py,Method 'main' is too long (50 lines).
DagnyT_hardnet.code,HardNetHPatchesSplits,,Long parameter list,train,490 - 550,/Volumes/BrokeExt/NICHE/DagnyT_hardnet/code/HardNetHPatchesSplits.py,"train has 6 parameters, exceeding the max of 5."
DagnyT_hardnet.code,HardNetHPatchesSplits,TotalDatasetsLoader,Long parameter list,__init__,187 - 209,/Volumes/BrokeExt/NICHE/DagnyT_hardnet/code/HardNetHPatchesSplits.py,"__init__ has 6 parameters, exceeding the max of 5."
DagnyT_hardnet.code,HardNetHPatchesSplits,,Long statement,create_loaders,440,/Volumes/BrokeExt/NICHE/DagnyT_hardnet/code/HardNetHPatchesSplits.py,A line with 141 chars in create_loaders exceeds the maximum length of 120 characters.
DagnyT_hardnet.code,HardNetHPatchesSplits,,Long statement,create_loaders,445,/Volumes/BrokeExt/NICHE/DagnyT_hardnet/code/HardNetHPatchesSplits.py,A line with 262 chars in create_loaders exceeds the maximum length of 120 characters.
DagnyT_hardnet.code,HardNetHPatchesSplits,,Long statement,create_loaders,452,/Volumes/BrokeExt/NICHE/DagnyT_hardnet/code/HardNetHPatchesSplits.py,A line with 177 chars in create_loaders exceeds the maximum length of 120 characters.
DagnyT_hardnet.code,HardNetHPatchesSplits,,Long statement,create_loaders,461,/Volumes/BrokeExt/NICHE/DagnyT_hardnet/code/HardNetHPatchesSplits.py,A line with 350 chars in create_loaders exceeds the maximum length of 120 characters.
DagnyT_hardnet.code,HardNetHPatchesSplits,,Long statement,create_loaders,474,/Volumes/BrokeExt/NICHE/DagnyT_hardnet/code/HardNetHPatchesSplits.py,A line with 316 chars in create_loaders exceeds the maximum length of 120 characters.
DagnyT_hardnet.code,HardNetHPatchesSplits,,Long statement,train,520,/Volumes/BrokeExt/NICHE/DagnyT_hardnet/code/HardNetHPatchesSplits.py,A line with 162 chars in train exceeds the maximum length of 120 characters.
DagnyT_hardnet.code,HardNetHPatchesSplits,,Long statement,train,537,/Volumes/BrokeExt/NICHE/DagnyT_hardnet/code/HardNetHPatchesSplits.py,A line with 196 chars in train exceeds the maximum length of 120 characters.
DagnyT_hardnet.code,HardNetHPatchesSplits,,Long statement,train,549,/Volumes/BrokeExt/NICHE/DagnyT_hardnet/code/HardNetHPatchesSplits.py,A line with 132 chars in train exceeds the maximum length of 120 characters.
DagnyT_hardnet.code,HardNetHPatchesSplits,,Long statement,test,576,/Volumes/BrokeExt/NICHE/DagnyT_hardnet/code/HardNetHPatchesSplits.py,A line with 187 chars in test exceeds the maximum length of 120 characters.
DagnyT_hardnet.code,HardNetHPatchesSplits,,Long statement,adjust_learning_rate,607,/Volumes/BrokeExt/NICHE/DagnyT_hardnet/code/HardNetHPatchesSplits.py,A line with 146 chars in adjust_learning_rate exceeds the maximum length of 120 characters.
DagnyT_hardnet.code,HardNetHPatchesSplits,,Long statement,adjust_learning_rate,615,/Volumes/BrokeExt/NICHE/DagnyT_hardnet/code/HardNetHPatchesSplits.py,A line with 124 chars in adjust_learning_rate exceeds the maximum length of 120 characters.
DagnyT_hardnet.code,HardNetHPatchesSplits,,Long statement,main,675,/Volumes/BrokeExt/NICHE/DagnyT_hardnet/code/HardNetHPatchesSplits.py,A line with 141 chars in main exceeds the maximum length of 120 characters.
DagnyT_hardnet.code,HardNetHPatchesSplits,,Long statement,main,680,/Volumes/BrokeExt/NICHE/DagnyT_hardnet/code/HardNetHPatchesSplits.py,A line with 129 chars in main exceeds the maximum length of 120 characters.
DagnyT_hardnet.code,HardNetHPatchesSplits,,Long statement,main,684,/Volumes/BrokeExt/NICHE/DagnyT_hardnet/code/HardNetHPatchesSplits.py,A line with 166 chars in main exceeds the maximum length of 120 characters.
DagnyT_hardnet.code,HardNetHPatchesSplits,HardNet,Long statement,__init__,386,/Volumes/BrokeExt/NICHE/DagnyT_hardnet/code/HardNetHPatchesSplits.py,A line with 765 chars in __init__ exceeds the maximum length of 120 characters.
DagnyT_hardnet.code,HardNetHPatchesSplits,HardNet,Long statement,input_norm,416,/Volumes/BrokeExt/NICHE/DagnyT_hardnet/code/HardNetHPatchesSplits.py,A line with 146 chars in input_norm exceeds the maximum length of 120 characters.
DagnyT_hardnet.code,HardNetHPatchesSplits,,Long statement,,3,/Volumes/BrokeExt/NICHE/DagnyT_hardnet/code/HardNetHPatchesSplits.py,A line with 481 chars in HardNetHPatchesSplits exceeds the maximum length of 120 characters.
DagnyT_hardnet.code,HardNetHPatchesSplits,,Long statement,,63,/Volumes/BrokeExt/NICHE/DagnyT_hardnet/code/HardNetHPatchesSplits.py,A line with 121 chars in HardNetHPatchesSplits exceeds the maximum length of 120 characters.
DagnyT_hardnet.code,HardNetHPatchesSplits,,Long statement,,66,/Volumes/BrokeExt/NICHE/DagnyT_hardnet/code/HardNetHPatchesSplits.py,A line with 138 chars in HardNetHPatchesSplits exceeds the maximum length of 120 characters.
DagnyT_hardnet.code,HardNetHPatchesSplits,,Long statement,,108,/Volumes/BrokeExt/NICHE/DagnyT_hardnet/code/HardNetHPatchesSplits.py,A line with 127 chars in HardNetHPatchesSplits exceeds the maximum length of 120 characters.
DagnyT_hardnet.code,HardNetHPatchesSplits,,Long statement,,110,/Volumes/BrokeExt/NICHE/DagnyT_hardnet/code/HardNetHPatchesSplits.py,A line with 132 chars in HardNetHPatchesSplits exceeds the maximum length of 120 characters.
DagnyT_hardnet.code,HardNetHPatchesSplits,,Long statement,,112,/Volumes/BrokeExt/NICHE/DagnyT_hardnet/code/HardNetHPatchesSplits.py,A line with 133 chars in HardNetHPatchesSplits exceeds the maximum length of 120 characters.
DagnyT_hardnet.code,HardNetHPatchesSplits,,Long statement,,114,/Volumes/BrokeExt/NICHE/DagnyT_hardnet/code/HardNetHPatchesSplits.py,A line with 143 chars in HardNetHPatchesSplits exceeds the maximum length of 120 characters.
DagnyT_hardnet.code,HardNetHPatchesSplits,,Long statement,,126,/Volumes/BrokeExt/NICHE/DagnyT_hardnet/code/HardNetHPatchesSplits.py,A line with 128 chars in HardNetHPatchesSplits exceeds the maximum length of 120 characters.
DagnyT_hardnet.code,HardNetHPatchesSplits,,Long statement,,128,/Volumes/BrokeExt/NICHE/DagnyT_hardnet/code/HardNetHPatchesSplits.py,A line with 124 chars in HardNetHPatchesSplits exceeds the maximum length of 120 characters.
DagnyT_hardnet.code,HardNetHPatchesSplits,,Long statement,,141,/Volumes/BrokeExt/NICHE/DagnyT_hardnet/code/HardNetHPatchesSplits.py,A line with 137 chars in HardNetHPatchesSplits exceeds the maximum length of 120 characters.
DagnyT_hardnet.code,HardNetHPatchesSplits,TotalDatasetsLoader,Magic number,__init__,187,/Volumes/BrokeExt/NICHE/DagnyT_hardnet/code/HardNetHPatchesSplits.py,Magic number 5000000 used in __init__.
DagnyT_hardnet.code,HardNetHPatchesSplits,TotalDatasetsLoader,Magic number,generate_triplets,238,/Volumes/BrokeExt/NICHE/DagnyT_hardnet/code/HardNetHPatchesSplits.py,Magic number 2 used in generate_triplets.
DagnyT_hardnet.code,HardNetHPatchesSplits,TotalDatasetsLoader,Magic number,__getitem__,263,/Volumes/BrokeExt/NICHE/DagnyT_hardnet/code/HardNetHPatchesSplits.py,Magic number 0.5 used in __getitem__.
DagnyT_hardnet.code,HardNetHPatchesSplits,TotalDatasetsLoader,Magic number,__getitem__,264,/Volumes/BrokeExt/NICHE/DagnyT_hardnet/code/HardNetHPatchesSplits.py,Magic number 0.5 used in __getitem__.
DagnyT_hardnet.code,HardNetHPatchesSplits,TotalDatasetsLoader,Magic number,__getitem__,256,/Volumes/BrokeExt/NICHE/DagnyT_hardnet/code/HardNetHPatchesSplits.py,Magic number 2 used in __getitem__.
DagnyT_hardnet.code,HardNetHPatchesSplits,TripletPhotoTour,Magic number,__init__,285,/Volumes/BrokeExt/NICHE/DagnyT_hardnet/code/HardNetHPatchesSplits.py,Magic number 1000 used in __init__.
DagnyT_hardnet.code,HardNetHPatchesSplits,TripletPhotoTour,Magic number,generate_triplets,323,/Volumes/BrokeExt/NICHE/DagnyT_hardnet/code/HardNetHPatchesSplits.py,Magic number 2 used in generate_triplets.
DagnyT_hardnet.code,HardNetHPatchesSplits,TripletPhotoTour,Magic number,__getitem__,356,/Volumes/BrokeExt/NICHE/DagnyT_hardnet/code/HardNetHPatchesSplits.py,Magic number 0.5 used in __getitem__.
DagnyT_hardnet.code,HardNetHPatchesSplits,TripletPhotoTour,Magic number,__getitem__,357,/Volumes/BrokeExt/NICHE/DagnyT_hardnet/code/HardNetHPatchesSplits.py,Magic number 0.5 used in __getitem__.
DagnyT_hardnet.code,HardNetHPatchesSplits,TripletPhotoTour,Magic number,__getitem__,344,/Volumes/BrokeExt/NICHE/DagnyT_hardnet/code/HardNetHPatchesSplits.py,Magic number 2 used in __getitem__.
DagnyT_hardnet.code,HardNetHPatchesSplits,TripletPhotoTour,Magic number,__getitem__,347,/Volumes/BrokeExt/NICHE/DagnyT_hardnet/code/HardNetHPatchesSplits.py,Magic number 2 used in __getitem__.
DagnyT_hardnet.code,HardNetHPatchesSplits,HardNet,Magic number,input_norm,415,/Volumes/BrokeExt/NICHE/DagnyT_hardnet/code/HardNetHPatchesSplits.py,Magic number 1e-07 used in input_norm.
DagnyT_hardnet.code,HardNetMultipleDatasets,,Complex method,train,488 - 547,/Volumes/BrokeExt/NICHE/DagnyT_hardnet/code/HardNetMultipleDatasets.py,"Method 'train' has a cyclomatic complexity of 12, exceeding the max of 6."
DagnyT_hardnet.code,HardNetMultipleDatasets,,Complex method,main,631 - 689,/Volumes/BrokeExt/NICHE/DagnyT_hardnet/code/HardNetMultipleDatasets.py,"Method 'main' has a cyclomatic complexity of 9, exceeding the max of 6."
DagnyT_hardnet.code,HardNetMultipleDatasets,TotalDatasetsLoader,Complex method,generate_triplets,208 - 243,/Volumes/BrokeExt/NICHE/DagnyT_hardnet/code/HardNetMultipleDatasets.py,"Method 'generate_triplets' has a cyclomatic complexity of 8, exceeding the max of 6."
DagnyT_hardnet.code,HardNetMultipleDatasets,TripletPhotoTour,Complex method,generate_triplets,294 - 329,/Volumes/BrokeExt/NICHE/DagnyT_hardnet/code/HardNetMultipleDatasets.py,"Method 'generate_triplets' has a cyclomatic complexity of 8, exceeding the max of 6."
DagnyT_hardnet.code,HardNetMultipleDatasets,TripletPhotoTour,Complex method,__getitem__,331 - 368,/Volumes/BrokeExt/NICHE/DagnyT_hardnet/code/HardNetMultipleDatasets.py,"Method '__getitem__' has a cyclomatic complexity of 7, exceeding the max of 6."
DagnyT_hardnet.code,HardNetMultipleDatasets,,Empty catch block,weights_init,427,/Volumes/BrokeExt/NICHE/DagnyT_hardnet/code/HardNetMultipleDatasets.py,Empty catch block found in weights_init.
DagnyT_hardnet.code,HardNetMultipleDatasets,,Long method,create_loaders,432 - 485,/Volumes/BrokeExt/NICHE/DagnyT_hardnet/code/HardNetMultipleDatasets.py,Method 'create_loaders' is too long (49 lines).
DagnyT_hardnet.code,HardNetMultipleDatasets,,Long method,train,488 - 547,/Volumes/BrokeExt/NICHE/DagnyT_hardnet/code/HardNetMultipleDatasets.py,Method 'train' is too long (58 lines).
DagnyT_hardnet.code,HardNetMultipleDatasets,,Long method,main,631 - 689,/Volumes/BrokeExt/NICHE/DagnyT_hardnet/code/HardNetMultipleDatasets.py,Method 'main' is too long (50 lines).
DagnyT_hardnet.code,HardNetMultipleDatasets,,Long parameter list,train,488 - 547,/Volumes/BrokeExt/NICHE/DagnyT_hardnet/code/HardNetMultipleDatasets.py,"train has 6 parameters, exceeding the max of 5."
DagnyT_hardnet.code,HardNetMultipleDatasets,TotalDatasetsLoader,Long parameter list,__init__,184 - 205,/Volumes/BrokeExt/NICHE/DagnyT_hardnet/code/HardNetMultipleDatasets.py,"__init__ has 6 parameters, exceeding the max of 5."
DagnyT_hardnet.code,HardNetMultipleDatasets,,Long statement,create_loaders,437,/Volumes/BrokeExt/NICHE/DagnyT_hardnet/code/HardNetMultipleDatasets.py,A line with 141 chars in create_loaders exceeds the maximum length of 120 characters.
DagnyT_hardnet.code,HardNetMultipleDatasets,,Long statement,create_loaders,442,/Volumes/BrokeExt/NICHE/DagnyT_hardnet/code/HardNetMultipleDatasets.py,A line with 262 chars in create_loaders exceeds the maximum length of 120 characters.
DagnyT_hardnet.code,HardNetMultipleDatasets,,Long statement,create_loaders,449,/Volumes/BrokeExt/NICHE/DagnyT_hardnet/code/HardNetMultipleDatasets.py,A line with 177 chars in create_loaders exceeds the maximum length of 120 characters.
DagnyT_hardnet.code,HardNetMultipleDatasets,,Long statement,create_loaders,459,/Volumes/BrokeExt/NICHE/DagnyT_hardnet/code/HardNetMultipleDatasets.py,A line with 344 chars in create_loaders exceeds the maximum length of 120 characters.
DagnyT_hardnet.code,HardNetMultipleDatasets,,Long statement,create_loaders,472,/Volumes/BrokeExt/NICHE/DagnyT_hardnet/code/HardNetMultipleDatasets.py,A line with 316 chars in create_loaders exceeds the maximum length of 120 characters.
DagnyT_hardnet.code,HardNetMultipleDatasets,,Long statement,train,517,/Volumes/BrokeExt/NICHE/DagnyT_hardnet/code/HardNetMultipleDatasets.py,A line with 162 chars in train exceeds the maximum length of 120 characters.
DagnyT_hardnet.code,HardNetMultipleDatasets,,Long statement,train,534,/Volumes/BrokeExt/NICHE/DagnyT_hardnet/code/HardNetMultipleDatasets.py,A line with 196 chars in train exceeds the maximum length of 120 characters.
DagnyT_hardnet.code,HardNetMultipleDatasets,,Long statement,train,546,/Volumes/BrokeExt/NICHE/DagnyT_hardnet/code/HardNetMultipleDatasets.py,A line with 132 chars in train exceeds the maximum length of 120 characters.
DagnyT_hardnet.code,HardNetMultipleDatasets,,Long statement,test,573,/Volumes/BrokeExt/NICHE/DagnyT_hardnet/code/HardNetMultipleDatasets.py,A line with 187 chars in test exceeds the maximum length of 120 characters.
DagnyT_hardnet.code,HardNetMultipleDatasets,,Long statement,adjust_learning_rate,604,/Volumes/BrokeExt/NICHE/DagnyT_hardnet/code/HardNetMultipleDatasets.py,A line with 146 chars in adjust_learning_rate exceeds the maximum length of 120 characters.
DagnyT_hardnet.code,HardNetMultipleDatasets,,Long statement,adjust_learning_rate,612,/Volumes/BrokeExt/NICHE/DagnyT_hardnet/code/HardNetMultipleDatasets.py,A line with 124 chars in adjust_learning_rate exceeds the maximum length of 120 characters.
DagnyT_hardnet.code,HardNetMultipleDatasets,,Long statement,main,672,/Volumes/BrokeExt/NICHE/DagnyT_hardnet/code/HardNetMultipleDatasets.py,A line with 141 chars in main exceeds the maximum length of 120 characters.
DagnyT_hardnet.code,HardNetMultipleDatasets,,Long statement,main,677,/Volumes/BrokeExt/NICHE/DagnyT_hardnet/code/HardNetMultipleDatasets.py,A line with 129 chars in main exceeds the maximum length of 120 characters.
DagnyT_hardnet.code,HardNetMultipleDatasets,,Long statement,main,681,/Volumes/BrokeExt/NICHE/DagnyT_hardnet/code/HardNetMultipleDatasets.py,A line with 166 chars in main exceeds the maximum length of 120 characters.
DagnyT_hardnet.code,HardNetMultipleDatasets,HardNet,Long statement,__init__,383,/Volumes/BrokeExt/NICHE/DagnyT_hardnet/code/HardNetMultipleDatasets.py,A line with 765 chars in __init__ exceeds the maximum length of 120 characters.
DagnyT_hardnet.code,HardNetMultipleDatasets,HardNet,Long statement,input_norm,413,/Volumes/BrokeExt/NICHE/DagnyT_hardnet/code/HardNetMultipleDatasets.py,A line with 146 chars in input_norm exceeds the maximum length of 120 characters.
DagnyT_hardnet.code,HardNetMultipleDatasets,,Long statement,,3,/Volumes/BrokeExt/NICHE/DagnyT_hardnet/code/HardNetMultipleDatasets.py,A line with 481 chars in HardNetMultipleDatasets exceeds the maximum length of 120 characters.
DagnyT_hardnet.code,HardNetMultipleDatasets,,Long statement,,105,/Volumes/BrokeExt/NICHE/DagnyT_hardnet/code/HardNetMultipleDatasets.py,A line with 127 chars in HardNetMultipleDatasets exceeds the maximum length of 120 characters.
DagnyT_hardnet.code,HardNetMultipleDatasets,,Long statement,,107,/Volumes/BrokeExt/NICHE/DagnyT_hardnet/code/HardNetMultipleDatasets.py,A line with 132 chars in HardNetMultipleDatasets exceeds the maximum length of 120 characters.
DagnyT_hardnet.code,HardNetMultipleDatasets,,Long statement,,109,/Volumes/BrokeExt/NICHE/DagnyT_hardnet/code/HardNetMultipleDatasets.py,A line with 129 chars in HardNetMultipleDatasets exceeds the maximum length of 120 characters.
DagnyT_hardnet.code,HardNetMultipleDatasets,,Long statement,,111,/Volumes/BrokeExt/NICHE/DagnyT_hardnet/code/HardNetMultipleDatasets.py,A line with 143 chars in HardNetMultipleDatasets exceeds the maximum length of 120 characters.
DagnyT_hardnet.code,HardNetMultipleDatasets,,Long statement,,123,/Volumes/BrokeExt/NICHE/DagnyT_hardnet/code/HardNetMultipleDatasets.py,A line with 128 chars in HardNetMultipleDatasets exceeds the maximum length of 120 characters.
DagnyT_hardnet.code,HardNetMultipleDatasets,,Long statement,,125,/Volumes/BrokeExt/NICHE/DagnyT_hardnet/code/HardNetMultipleDatasets.py,A line with 124 chars in HardNetMultipleDatasets exceeds the maximum length of 120 characters.
DagnyT_hardnet.code,HardNetMultipleDatasets,,Long statement,,138,/Volumes/BrokeExt/NICHE/DagnyT_hardnet/code/HardNetMultipleDatasets.py,A line with 137 chars in HardNetMultipleDatasets exceeds the maximum length of 120 characters.
DagnyT_hardnet.code,HardNetMultipleDatasets,TotalDatasetsLoader,Magic number,__init__,184,/Volumes/BrokeExt/NICHE/DagnyT_hardnet/code/HardNetMultipleDatasets.py,Magic number 5000000 used in __init__.
DagnyT_hardnet.code,HardNetMultipleDatasets,TotalDatasetsLoader,Magic number,generate_triplets,234,/Volumes/BrokeExt/NICHE/DagnyT_hardnet/code/HardNetMultipleDatasets.py,Magic number 2 used in generate_triplets.
DagnyT_hardnet.code,HardNetMultipleDatasets,TotalDatasetsLoader,Magic number,__getitem__,260,/Volumes/BrokeExt/NICHE/DagnyT_hardnet/code/HardNetMultipleDatasets.py,Magic number 0.5 used in __getitem__.
DagnyT_hardnet.code,HardNetMultipleDatasets,TotalDatasetsLoader,Magic number,__getitem__,261,/Volumes/BrokeExt/NICHE/DagnyT_hardnet/code/HardNetMultipleDatasets.py,Magic number 0.5 used in __getitem__.
DagnyT_hardnet.code,HardNetMultipleDatasets,TotalDatasetsLoader,Magic number,__getitem__,253,/Volumes/BrokeExt/NICHE/DagnyT_hardnet/code/HardNetMultipleDatasets.py,Magic number 2 used in __getitem__.
DagnyT_hardnet.code,HardNetMultipleDatasets,TripletPhotoTour,Magic number,__init__,282,/Volumes/BrokeExt/NICHE/DagnyT_hardnet/code/HardNetMultipleDatasets.py,Magic number 1000 used in __init__.
DagnyT_hardnet.code,HardNetMultipleDatasets,TripletPhotoTour,Magic number,generate_triplets,320,/Volumes/BrokeExt/NICHE/DagnyT_hardnet/code/HardNetMultipleDatasets.py,Magic number 2 used in generate_triplets.
DagnyT_hardnet.code,HardNetMultipleDatasets,TripletPhotoTour,Magic number,__getitem__,353,/Volumes/BrokeExt/NICHE/DagnyT_hardnet/code/HardNetMultipleDatasets.py,Magic number 0.5 used in __getitem__.
DagnyT_hardnet.code,HardNetMultipleDatasets,TripletPhotoTour,Magic number,__getitem__,354,/Volumes/BrokeExt/NICHE/DagnyT_hardnet/code/HardNetMultipleDatasets.py,Magic number 0.5 used in __getitem__.
DagnyT_hardnet.code,HardNetMultipleDatasets,TripletPhotoTour,Magic number,__getitem__,341,/Volumes/BrokeExt/NICHE/DagnyT_hardnet/code/HardNetMultipleDatasets.py,Magic number 2 used in __getitem__.
DagnyT_hardnet.code,HardNetMultipleDatasets,TripletPhotoTour,Magic number,__getitem__,344,/Volumes/BrokeExt/NICHE/DagnyT_hardnet/code/HardNetMultipleDatasets.py,Magic number 2 used in __getitem__.
DagnyT_hardnet.code,HardNetMultipleDatasets,HardNet,Magic number,input_norm,412,/Volumes/BrokeExt/NICHE/DagnyT_hardnet/code/HardNetMultipleDatasets.py,Magic number 1e-07 used in input_norm.
DagnyT_hardnet.code,Losses,,Complex method,loss_HardNet,87 - 154,/Volumes/BrokeExt/NICHE/DagnyT_hardnet/code/Losses.py,"Method 'loss_HardNet' has a cyclomatic complexity of 11, exceeding the max of 6."
DagnyT_hardnet.code,Losses,,Long identifier,global_orthogonal_regularization,156,/Volumes/BrokeExt/NICHE/DagnyT_hardnet/code/Losses.py,Identifier'global_orthogonal_regularization' exceeds the maximum length of 30 characters.
DagnyT_hardnet.code,Losses,,Long method,loss_HardNet,87 - 154,/Volumes/BrokeExt/NICHE/DagnyT_hardnet/code/Losses.py,Method 'loss_HardNet' is too long (62 lines).
DagnyT_hardnet.code,Losses,,Long parameter list,loss_random_sampling,29 - 55,/Volumes/BrokeExt/NICHE/DagnyT_hardnet/code/Losses.py,"loss_random_sampling has 6 parameters, exceeding the max of 5."
DagnyT_hardnet.code,Losses,,Long parameter list,loss_HardNet,87 - 154,/Volumes/BrokeExt/NICHE/DagnyT_hardnet/code/Losses.py,"loss_HardNet has 7 parameters, exceeding the max of 5."
DagnyT_hardnet.code,Losses,,Long statement,distance_matrix_vector,12,/Volumes/BrokeExt/NICHE/DagnyT_hardnet/code/Losses.py,A line with 191 chars in distance_matrix_vector exceeds the maximum length of 120 characters.
DagnyT_hardnet.code,Losses,,Long statement,loss_HardNet,89,/Volumes/BrokeExt/NICHE/DagnyT_hardnet/code/Losses.py,A line with 128 chars in loss_HardNet exceeds the maximum length of 120 characters.
DagnyT_hardnet.code,Losses,,Magic number,distance_matrix_vector,11,/Volumes/BrokeExt/NICHE/DagnyT_hardnet/code/Losses.py,Magic number 1e-06 used in distance_matrix_vector.
DagnyT_hardnet.code,Losses,,Magic number,distance_vectors_pairwise,21,/Volumes/BrokeExt/NICHE/DagnyT_hardnet/code/Losses.py,Magic number 1e-08 used in distance_vectors_pairwise.
DagnyT_hardnet.code,Losses,,Magic number,loss_random_sampling,36,/Volumes/BrokeExt/NICHE/DagnyT_hardnet/code/Losses.py,Magic number 1e-08 used in loss_random_sampling.
DagnyT_hardnet.code,Losses,,Magic number,loss_random_sampling,35,/Volumes/BrokeExt/NICHE/DagnyT_hardnet/code/Losses.py,Magic number 2 used in loss_random_sampling.
DagnyT_hardnet.code,Losses,,Magic number,loss_L2Net,63,/Volumes/BrokeExt/NICHE/DagnyT_hardnet/code/Losses.py,Magic number 1e-08 used in loss_L2Net.
DagnyT_hardnet.code,Losses,,Magic number,loss_L2Net,62,/Volumes/BrokeExt/NICHE/DagnyT_hardnet/code/Losses.py,Magic number 2 used in loss_L2Net.
DagnyT_hardnet.code,Losses,,Magic number,loss_L2Net,71,/Volumes/BrokeExt/NICHE/DagnyT_hardnet/code/Losses.py,Magic number 10 used in loss_L2Net.
DagnyT_hardnet.code,Losses,,Magic number,loss_L2Net,69,/Volumes/BrokeExt/NICHE/DagnyT_hardnet/code/Losses.py,Magic number 10 used in loss_L2Net.
DagnyT_hardnet.code,Losses,,Magic number,loss_HardNet,94,/Volumes/BrokeExt/NICHE/DagnyT_hardnet/code/Losses.py,Magic number 1e-08 used in loss_HardNet.
DagnyT_hardnet.code,Losses,,Magic number,loss_HardNet,93,/Volumes/BrokeExt/NICHE/DagnyT_hardnet/code/Losses.py,Magic number 2 used in loss_HardNet.
DagnyT_hardnet.code,Losses,,Magic number,loss_HardNet,102,/Volumes/BrokeExt/NICHE/DagnyT_hardnet/code/Losses.py,Magic number 10 used in loss_HardNet.
DagnyT_hardnet.code,Losses,,Magic number,loss_HardNet,100,/Volumes/BrokeExt/NICHE/DagnyT_hardnet/code/Losses.py,Magic number 10 used in loss_HardNet.
DagnyT_hardnet.code,Losses,,Magic number,loss_HardNet,112,/Volumes/BrokeExt/NICHE/DagnyT_hardnet/code/Losses.py,Magic number 10 used in loss_HardNet.
DagnyT_hardnet.code,Losses,,Magic number,loss_HardNet,113,/Volumes/BrokeExt/NICHE/DagnyT_hardnet/code/Losses.py,Magic number 10 used in loss_HardNet.
DagnyT_hardnet.code,Utils,L2Norm,Magic number,__init__,18,/Volumes/BrokeExt/NICHE/DagnyT_hardnet/code/Utils.py,Magic number 1e-10 used in __init__.
DagnyT_hardnet.code,Utils,L1Norm,Magic number,__init__,27,/Volumes/BrokeExt/NICHE/DagnyT_hardnet/code/Utils.py,Magic number 1e-10 used in __init__.
DagnyT_hardnet.code,W1BS,,Complex method,w1bs_extract_descs_and_save,10 - 60,/Volumes/BrokeExt/NICHE/DagnyT_hardnet/code/W1BS.py,"Method 'w1bs_extract_descs_and_save' has a cyclomatic complexity of 9, exceeding the max of 6."
DagnyT_hardnet.code,W1BS,,Long method,w1bs_extract_descs_and_save,10 - 60,/Volumes/BrokeExt/NICHE/DagnyT_hardnet/code/W1BS.py,Method 'w1bs_extract_descs_and_save' is too long (48 lines).
DagnyT_hardnet.code,W1BS,,Long parameter list,w1bs_extract_descs_and_save,10 - 60,/Volumes/BrokeExt/NICHE/DagnyT_hardnet/code/W1BS.py,"w1bs_extract_descs_and_save has 7 parameters, exceeding the max of 5."
DagnyT_hardnet.code,W1BS,,Long statement,w1bs_extract_descs_and_save,15,/Volumes/BrokeExt/NICHE/DagnyT_hardnet/code/W1BS.py,A line with 135 chars in w1bs_extract_descs_and_save exceeds the maximum length of 120 characters.
DagnyT_hardnet.code,W1BS,,Magic number,w1bs_extract_descs_and_save,10,/Volumes/BrokeExt/NICHE/DagnyT_hardnet/code/W1BS.py,Magic number 0.443728476019 used in w1bs_extract_descs_and_save.
DagnyT_hardnet.code,W1BS,,Magic number,w1bs_extract_descs_and_save,10,/Volumes/BrokeExt/NICHE/DagnyT_hardnet/code/W1BS.py,Magic number 0.20197947209 used in w1bs_extract_descs_and_save.
DagnyT_hardnet.code,W1BS,,Magic number,w1bs_extract_descs_and_save,38,/Volumes/BrokeExt/NICHE/DagnyT_hardnet/code/W1BS.py,Magic number 128 used in w1bs_extract_descs_and_save.
DagnyT_hardnet.code,W1BS,,Magic number,w1bs_extract_descs_and_save,29,/Volumes/BrokeExt/NICHE/DagnyT_hardnet/code/W1BS.py,Magic number 255 used in w1bs_extract_descs_and_save.
DagnyT_hardnet.code,check_gor_HardNet,,Long statement,,1,/Volumes/BrokeExt/NICHE/DagnyT_hardnet/code/check_gor_HardNet.py,A line with 152 chars in check_gor_HardNet exceeds the maximum length of 120 characters.
DagnyT_hardnet.code,check_gor_HardNet,,Long statement,,51,/Volumes/BrokeExt/NICHE/DagnyT_hardnet/code/check_gor_HardNet.py,A line with 296 chars in check_gor_HardNet exceeds the maximum length of 120 characters.
DagnyT_hardnet.code,check_gor_triplet,,Long statement,,1,/Volumes/BrokeExt/NICHE/DagnyT_hardnet/code/check_gor_triplet.py,A line with 151 chars in check_gor_triplet exceeds the maximum length of 120 characters.
DagnyT_hardnet.code,check_gor_triplet,,Long statement,,49,/Volumes/BrokeExt/NICHE/DagnyT_hardnet/code/check_gor_triplet.py,A line with 327 chars in check_gor_triplet exceeds the maximum length of 120 characters.
DagnyT_hardnet.code,dataset,,Complex method,read_patch_file,44 - 68,/Volumes/BrokeExt/NICHE/DagnyT_hardnet/code/dataset.py,"Method 'read_patch_file' has a cyclomatic complexity of 8, exceeding the max of 6."
DagnyT_hardnet.code,dataset,HPatchesDM,Complex method,generate_pairs,128 - 152,/Volumes/BrokeExt/NICHE/DagnyT_hardnet/code/dataset.py,"Method 'generate_pairs' has a cyclomatic complexity of 8, exceeding the max of 6."
DagnyT_hardnet.code,dataset,TotalDatasetsLoader,Complex method,generate_triplets,221 - 256,/Volumes/BrokeExt/NICHE/DagnyT_hardnet/code/dataset.py,"Method 'generate_triplets' has a cyclomatic complexity of 8, exceeding the max of 6."
DagnyT_hardnet.code,dataset,TripletPhotoTour,Complex method,generate_triplets,340 - 373,/Volumes/BrokeExt/NICHE/DagnyT_hardnet/code/dataset.py,"Method 'generate_triplets' has a cyclomatic complexity of 8, exceeding the max of 6."
DagnyT_hardnet.code,dataset,TripletPhotoTour,Complex method,__getitem__,374 - 410,/Volumes/BrokeExt/NICHE/DagnyT_hardnet/code/dataset.py,"Method '__getitem__' has a cyclomatic complexity of 7, exceeding the max of 6."
DagnyT_hardnet.code,dataset,HPatchesDM,Long parameter list,__init__,98 - 127,/Volumes/BrokeExt/NICHE/DagnyT_hardnet/code/dataset.py,"__init__ has 10 parameters, exceeding the max of 5."
DagnyT_hardnet.code,dataset,TotalDatasetsLoader,Long parameter list,__init__,195 - 218,/Volumes/BrokeExt/NICHE/DagnyT_hardnet/code/dataset.py,"__init__ has 6 parameters, exceeding the max of 5."
DagnyT_hardnet.code,dataset,,Magic number,np2torch,38,/Volumes/BrokeExt/NICHE/DagnyT_hardnet/code/dataset.py,Magic number 4 used in np2torch.
DagnyT_hardnet.code,dataset,,Magic number,np2torch,40,/Volumes/BrokeExt/NICHE/DagnyT_hardnet/code/dataset.py,Magic number 3 used in np2torch.
DagnyT_hardnet.code,dataset,,Magic number,read_patch_file,44,/Volumes/BrokeExt/NICHE/DagnyT_hardnet/code/dataset.py,Magic number 65 used in read_patch_file.
DagnyT_hardnet.code,dataset,,Magic number,read_patch_file,44,/Volumes/BrokeExt/NICHE/DagnyT_hardnet/code/dataset.py,Magic number 65 used in read_patch_file.
DagnyT_hardnet.code,dataset,,Magic number,read_patch_file,58,/Volumes/BrokeExt/NICHE/DagnyT_hardnet/code/dataset.py,Magic number 0.01 used in read_patch_file.
DagnyT_hardnet.code,dataset,HPatchesDM,Magic number,__init__,99,/Volumes/BrokeExt/NICHE/DagnyT_hardnet/code/dataset.py,Magic number 65 used in __init__.
DagnyT_hardnet.code,dataset,HPatchesDM,Magic number,__init__,99,/Volumes/BrokeExt/NICHE/DagnyT_hardnet/code/dataset.py,Magic number 65 used in __init__.
DagnyT_hardnet.code,dataset,HPatchesDM,Magic number,__init__,100,/Volumes/BrokeExt/NICHE/DagnyT_hardnet/code/dataset.py,Magic number 1000 used in __init__.
DagnyT_hardnet.code,dataset,HPatchesDM,Magic number,__init__,100,/Volumes/BrokeExt/NICHE/DagnyT_hardnet/code/dataset.py,Magic number 128 used in __init__.
DagnyT_hardnet.code,dataset,HPatchesDM,Magic number,generate_pairs,139,/Volumes/BrokeExt/NICHE/DagnyT_hardnet/code/dataset.py,Magic number 3 used in generate_pairs.
DagnyT_hardnet.code,dataset,HPatchesDM,Magic number,generate_pairs,142,/Volumes/BrokeExt/NICHE/DagnyT_hardnet/code/dataset.py,Magic number 2 used in generate_pairs.
DagnyT_hardnet.code,dataset,HPatchesDM,Magic number,generate_pairs,146,/Volumes/BrokeExt/NICHE/DagnyT_hardnet/code/dataset.py,Magic number 0.01 used in generate_pairs.
DagnyT_hardnet.code,dataset,HPatchesDM,Magic number,generate_pairs,149,/Volumes/BrokeExt/NICHE/DagnyT_hardnet/code/dataset.py,Magic number 0.01 used in generate_pairs.
DagnyT_hardnet.code,dataset,TotalDatasetsLoader,Magic number,__init__,195,/Volumes/BrokeExt/NICHE/DagnyT_hardnet/code/dataset.py,Magic number 5000000 used in __init__.
DagnyT_hardnet.code,dataset,TotalDatasetsLoader,Magic number,generate_triplets,247,/Volumes/BrokeExt/NICHE/DagnyT_hardnet/code/dataset.py,Magic number 2 used in generate_triplets.
DagnyT_hardnet.code,dataset,TotalDatasetsLoader,Magic number,__getitem__,273,/Volumes/BrokeExt/NICHE/DagnyT_hardnet/code/dataset.py,Magic number 0.5 used in __getitem__.
DagnyT_hardnet.code,dataset,TotalDatasetsLoader,Magic number,__getitem__,274,/Volumes/BrokeExt/NICHE/DagnyT_hardnet/code/dataset.py,Magic number 0.5 used in __getitem__.
DagnyT_hardnet.code,dataset,TotalDatasetsLoader,Magic number,__getitem__,261,/Volumes/BrokeExt/NICHE/DagnyT_hardnet/code/dataset.py,Magic number 255.0 used in __getitem__.
DagnyT_hardnet.code,dataset,TotalDatasetsLoader,Magic number,__getitem__,266,/Volumes/BrokeExt/NICHE/DagnyT_hardnet/code/dataset.py,Magic number 2 used in __getitem__.
DagnyT_hardnet.code,dataset,TripletPhotoTour,Magic number,__init__,329,/Volumes/BrokeExt/NICHE/DagnyT_hardnet/code/dataset.py,Magic number 5000 used in __init__.
DagnyT_hardnet.code,dataset,TripletPhotoTour,Magic number,__init__,334,/Volumes/BrokeExt/NICHE/DagnyT_hardnet/code/dataset.py,Magic number 1000 used in __init__.
DagnyT_hardnet.code,dataset,TripletPhotoTour,Magic number,generate_triplets,364,/Volumes/BrokeExt/NICHE/DagnyT_hardnet/code/dataset.py,Magic number 2 used in generate_triplets.
DagnyT_hardnet.code,dataset,TripletPhotoTour,Magic number,__getitem__,395,/Volumes/BrokeExt/NICHE/DagnyT_hardnet/code/dataset.py,Magic number 0.5 used in __getitem__.
DagnyT_hardnet.code,dataset,TripletPhotoTour,Magic number,__getitem__,396,/Volumes/BrokeExt/NICHE/DagnyT_hardnet/code/dataset.py,Magic number 0.5 used in __getitem__.
DagnyT_hardnet.code,dataset,TripletPhotoTour,Magic number,__getitem__,384,/Volumes/BrokeExt/NICHE/DagnyT_hardnet/code/dataset.py,Magic number 2 used in __getitem__.
DagnyT_hardnet.code,dataset,TripletPhotoTour,Magic number,__getitem__,387,/Volumes/BrokeExt/NICHE/DagnyT_hardnet/code/dataset.py,Magic number 2 used in __getitem__.
DagnyT_hardnet.code,download_all_datasets,,Long statement,,30,/Volumes/BrokeExt/NICHE/DagnyT_hardnet/code/download_all_datasets.py,A line with 179 chars in download_all_datasets exceeds the maximum length of 120 characters.
DagnyT_hardnet.code,download_all_datasets,,Long statement,,39,/Volumes/BrokeExt/NICHE/DagnyT_hardnet/code/download_all_datasets.py,A line with 178 chars in download_all_datasets exceeds the maximum length of 120 characters.
DagnyT_hardnet.code,download_all_datasets,,Long statement,,48,/Volumes/BrokeExt/NICHE/DagnyT_hardnet/code/download_all_datasets.py,A line with 177 chars in download_all_datasets exceeds the maximum length of 120 characters.
DagnyT_hardnet.code,download_all_datasets,,Long statement,,57,/Volumes/BrokeExt/NICHE/DagnyT_hardnet/code/download_all_datasets.py,A line with 186 chars in download_all_datasets exceeds the maximum length of 120 characters.
DagnyT_hardnet.code,download_all_datasets,,Long statement,,66,/Volumes/BrokeExt/NICHE/DagnyT_hardnet/code/download_all_datasets.py,A line with 185 chars in download_all_datasets exceeds the maximum length of 120 characters.
DagnyT_hardnet.code,download_all_datasets,,Long statement,,75,/Volumes/BrokeExt/NICHE/DagnyT_hardnet/code/download_all_datasets.py,A line with 184 chars in download_all_datasets exceeds the maximum length of 120 characters.
DagnyT_hardnet.code.dataloaders,TotalDataLoader,TotalDatasetsLoader,Complex method,__init__,11 - 98,/Volumes/BrokeExt/NICHE/DagnyT_hardnet/code/dataloaders/TotalDataLoader.py,"Method '__init__' has a cyclomatic complexity of 12, exceeding the max of 6."
DagnyT_hardnet.code.dataloaders,TotalDataLoader,TotalDatasetsLoader,Long method,__init__,11 - 98,/Volumes/BrokeExt/NICHE/DagnyT_hardnet/code/dataloaders/TotalDataLoader.py,Method '__init__' is too long (80 lines).
DagnyT_hardnet.code.dataloaders,TotalDataLoader,TotalDatasetsLoader,Long parameter list,__init__,11 - 98,/Volumes/BrokeExt/NICHE/DagnyT_hardnet/code/dataloaders/TotalDataLoader.py,"__init__ has 6 parameters, exceeding the max of 5."
DagnyT_hardnet.code.dataloaders,TotalDataLoader,TotalDatasetsLoader,Magic number,__init__,11,/Volumes/BrokeExt/NICHE/DagnyT_hardnet/code/dataloaders/TotalDataLoader.py,Magic number 100000 used in __init__.
DagnyT_hardnet.code.dataloaders,TotalDataLoader,TotalDatasetsLoader,Magic number,__init__,58,/Volumes/BrokeExt/NICHE/DagnyT_hardnet/code/dataloaders/TotalDataLoader.py,Magic number 2 used in __init__.
DagnyT_hardnet.code.dataloaders,TotalDataLoader,TotalDatasetsLoader,Magic number,__init__,84,/Volumes/BrokeExt/NICHE/DagnyT_hardnet/code/dataloaders/TotalDataLoader.py,Magic number 0.5 used in __init__.
DagnyT_hardnet.code.dataloaders,TotalDataLoader,TotalDatasetsLoader,Magic number,__init__,85,/Volumes/BrokeExt/NICHE/DagnyT_hardnet/code/dataloaders/TotalDataLoader.py,Magic number 0.5 used in __init__.
DagnyT_hardnet.code.dataloaders,TotalDataLoader,TotalDatasetsLoader,Magic number,__init__,72,/Volumes/BrokeExt/NICHE/DagnyT_hardnet/code/dataloaders/TotalDataLoader.py,Magic number 255.0 used in __init__.
DagnyT_hardnet.code.dataloaders,TotalDataLoader,TotalDatasetsLoader,Magic number,__init__,77,/Volumes/BrokeExt/NICHE/DagnyT_hardnet/code/dataloaders/TotalDataLoader.py,Magic number 2 used in __init__.
DagnyT_hardnet.examples,extract_DenseHardNet,LocalNorm2d,Long statement,forward,36,/Volumes/BrokeExt/NICHE/DagnyT_hardnet/examples/extract_DenseHardNet.py,A line with 165 chars in forward exceeds the maximum length of 120 characters.
DagnyT_hardnet.examples,extract_DenseHardNet,DenseHardNet,Long statement,__init__,44,/Volumes/BrokeExt/NICHE/DagnyT_hardnet/examples/extract_DenseHardNet.py,A line with 787 chars in __init__ exceeds the maximum length of 120 characters.
DagnyT_hardnet.examples,extract_DenseHardNet,L2Norm,Magic number,__init__,20,/Volumes/BrokeExt/NICHE/DagnyT_hardnet/examples/extract_DenseHardNet.py,Magic number 1e-10 used in __init__.
DagnyT_hardnet.examples,extract_DenseHardNet,LocalNorm2d,Magic number,__init__,27,/Volumes/BrokeExt/NICHE/DagnyT_hardnet/examples/extract_DenseHardNet.py,Magic number 32 used in __init__.
DagnyT_hardnet.examples,extract_DenseHardNet,LocalNorm2d,Magic number,__init__,31,/Volumes/BrokeExt/NICHE/DagnyT_hardnet/examples/extract_DenseHardNet.py,Magic number 1e-10 used in __init__.
DagnyT_hardnet.examples,extract_DenseHardNet,DenseHardNet,Magic number,__init__,41,/Volumes/BrokeExt/NICHE/DagnyT_hardnet/examples/extract_DenseHardNet.py,Magic number 2 used in __init__.
DagnyT_hardnet.examples,extract_hardnet_desc_from_hpatches_file,HardNet,Long statement,__init__,39,/Volumes/BrokeExt/NICHE/DagnyT_hardnet/examples/extract_hardnet_desc_from_hpatches_file.py,A line with 765 chars in __init__ exceeds the maximum length of 120 characters.
DagnyT_hardnet.examples,extract_hardnet_desc_from_hpatches_file,HardNet,Long statement,input_norm,69,/Volumes/BrokeExt/NICHE/DagnyT_hardnet/examples/extract_hardnet_desc_from_hpatches_file.py,A line with 164 chars in input_norm exceeds the maximum length of 120 characters.
DagnyT_hardnet.examples,extract_hardnet_desc_from_hpatches_file,L2Norm,Magic number,__init__,18,/Volumes/BrokeExt/NICHE/DagnyT_hardnet/examples/extract_hardnet_desc_from_hpatches_file.py,Magic number 1e-10 used in __init__.
DagnyT_hardnet.examples,extract_hardnet_desc_from_hpatches_file,L1Norm,Magic number,__init__,27,/Volumes/BrokeExt/NICHE/DagnyT_hardnet/examples/extract_hardnet_desc_from_hpatches_file.py,Magic number 1e-10 used in __init__.
DagnyT_hardnet.examples,extract_hardnet_desc_from_hpatches_file,HardNet,Magic number,input_norm,68,/Volumes/BrokeExt/NICHE/DagnyT_hardnet/examples/extract_hardnet_desc_from_hpatches_file.py,Magic number 1e-07 used in input_norm.
