Package,Module,Class,Function,LOC,CC,PC
hastagAB_Awesome-Python-Scripts.2048,2048,Game,__init__,14,1,0
hastagAB_Awesome-Python-Scripts.2048,2048,Game,make_GUI,24,3,0
hastagAB_Awesome-Python-Scripts.2048,2048,Game,start_game,24,2,0
hastagAB_Awesome-Python-Scripts.2048,2048,Game,stack,9,4,0
hastagAB_Awesome-Python-Scripts.2048,2048,Game,combine,7,5,0
hastagAB_Awesome-Python-Scripts.2048,2048,Game,reverse,7,3,0
hastagAB_Awesome-Python-Scripts.2048,2048,Game,transpose,6,3,0
hastagAB_Awesome-Python-Scripts.2048,2048,Game,add_new_tile,7,2,0
hastagAB_Awesome-Python-Scripts.2048,2048,Game,update_GUI,19,4,0
hastagAB_Awesome-Python-Scripts.2048,2048,Game,left,7,1,1
hastagAB_Awesome-Python-Scripts.2048,2048,Game,right,9,1,1
hastagAB_Awesome-Python-Scripts.2048,2048,Game,up,9,1,1
hastagAB_Awesome-Python-Scripts.2048,2048,Game,down,11,1,1
hastagAB_Awesome-Python-Scripts.2048,2048,Game,horizontal_move_exists,6,3,0
hastagAB_Awesome-Python-Scripts.2048,2048,Game,vertical_move_exists,6,3,0
hastagAB_Awesome-Python-Scripts.2048,2048,Game,game_over,20,4,0
hastagAB_Awesome-Python-Scripts.2048,2048,,main,2,1,0
hastagAB_Awesome-Python-Scripts.Algebra-Solver,Algebra-Solver,,solver,4,1,1
hastagAB_Awesome-Python-Scripts.Algebra-Solver,Algebra-Solver,,main,3,1,1
hastagAB_Awesome-Python-Scripts.Battery_notification,Battery_notification,,show_notification,6,2,1
hastagAB_Awesome-Python-Scripts.Battery_notification,Battery_notification,,monitor,20,6,0
hastagAB_Awesome-Python-Scripts.Better_CSV_Storage,better_csv_storage,BetterCSVStorage,__init__,4,1,1
hastagAB_Awesome-Python-Scripts.Better_CSV_Storage,better_csv_storage,BetterCSVStorage,load,4,1,0
hastagAB_Awesome-Python-Scripts.Better_CSV_Storage,better_csv_storage,BetterCSVStorage,write_dict_csv,11,3,1
hastagAB_Awesome-Python-Scripts.Better_CSV_Storage,better_csv_storage,BetterCSVStorage,get_filtered_data,27,10,3
hastagAB_Awesome-Python-Scripts.Better_CSV_Storage,better_csv_storage,BetterCSVStorage,update_data,24,7,3
hastagAB_Awesome-Python-Scripts.Bitcoin-Price-GUI,bitcoin-price,,get_luno,5,1,0
hastagAB_Awesome-Python-Scripts.Bitcoin-Price-GUI,bitcoin-price,,refresh_price,5,1,0
hastagAB_Awesome-Python-Scripts.Checksum,checksum,,checksum,15,2,2
hastagAB_Awesome-Python-Scripts.Checksum,checksum,,sign,15,1,3
hastagAB_Awesome-Python-Scripts.Checksum,checksum,,verify,7,2,4
hastagAB_Awesome-Python-Scripts.Checksum,checksum,,main,41,5,0
hastagAB_Awesome-Python-Scripts.Countdown,numbers-round,,parse_arguments,13,1,0
hastagAB_Awesome-Python-Scripts.Countdown,numbers-round,,nubmers_game,41,6,4
hastagAB_Awesome-Python-Scripts.Crypt_Socket,cryptSocket_cliente,,receving,13,4,2
hastagAB_Awesome-Python-Scripts.Cryptocurrency-Prices,cryptocurrency-prices,,get_price,10,2,0
hastagAB_Awesome-Python-Scripts.Cryptocurrency-converter,CryptoConverter,MainWindow,__init__,15,2,0
hastagAB_Awesome-Python-Scripts.Cryptocurrency-converter,CryptoConverter,MainWindow,digit_pressed,7,2,0
hastagAB_Awesome-Python-Scripts.Cryptocurrency-converter,CryptoConverter,MainWindow,decimal_point,5,2,0
hastagAB_Awesome-Python-Scripts.Cryptocurrency-converter,CryptoConverter,MainWindow,del_digit,3,1,0
hastagAB_Awesome-Python-Scripts.Cryptocurrency-converter,CryptoConverter,MainWindow,currencies1,2,1,1
hastagAB_Awesome-Python-Scripts.Cryptocurrency-converter,CryptoConverter,MainWindow,currencies2,2,1,1
hastagAB_Awesome-Python-Scripts.Cryptocurrency-converter,CryptoConverter,MainWindow,api,6,1,2
hastagAB_Awesome-Python-Scripts.Cryptocurrency-converter,CryptoConverter,MainWindow,convert_fun,17,5,0
hastagAB_Awesome-Python-Scripts.Cryptocurrency-converter,MainWindow,Ui_MainWindow,setupUi,269,1,1
hastagAB_Awesome-Python-Scripts.Cryptocurrency-converter,MainWindow,Ui_MainWindow,retranslateUi,103,1,1
hastagAB_Awesome-Python-Scripts.Current_City_Weather,Weather,,get_temperature,3,1,1
hastagAB_Awesome-Python-Scripts.Current_City_Weather,Weather,,get_weather_type,3,1,1
hastagAB_Awesome-Python-Scripts.Current_City_Weather,Weather,,get_wind_speed,3,1,1
hastagAB_Awesome-Python-Scripts.Current_City_Weather,Weather,,get_weather_data,7,1,2
hastagAB_Awesome-Python-Scripts.Current_City_Weather,Weather,,main,8,1,0
hastagAB_Awesome-Python-Scripts.Database-As-Storage,Database-As-Storage,CustomSqliteAction,__init__,6,1,3
hastagAB_Awesome-Python-Scripts.Database-As-Storage,Database-As-Storage,CustomSqliteAction,connect_to_db,4,1,0
hastagAB_Awesome-Python-Scripts.Database-As-Storage,Database-As-Storage,CustomSqliteAction,load_table_info,2,1,0
hastagAB_Awesome-Python-Scripts.Database-As-Storage,Database-As-Storage,CustomSqliteAction,table_validation,2,1,1
hastagAB_Awesome-Python-Scripts.Database-As-Storage,Database-As-Storage,CustomSqliteAction,_parse_result,6,2,1
hastagAB_Awesome-Python-Scripts.Database-As-Storage,Database-As-Storage,CustomSqliteAction,create_table,7,1,0
hastagAB_Awesome-Python-Scripts.Database-As-Storage,Database-As-Storage,CustomSqliteAction,table_exists,10,1,0
hastagAB_Awesome-Python-Scripts.Database-As-Storage,Database-As-Storage,CustomSqliteAction,store_data,18,3,0
hastagAB_Awesome-Python-Scripts.Database-As-Storage,Database-As-Storage,CustomSqliteAction,delete_data,23,4,0
hastagAB_Awesome-Python-Scripts.Database-As-Storage,Database-As-Storage,CustomSqliteAction,update_data,17,3,1
hastagAB_Awesome-Python-Scripts.Database-As-Storage,Database-As-Storage,CustomSqliteAction,read_data,25,3,0
hastagAB_Awesome-Python-Scripts.Database-As-Storage,Database-As-Storage,CustomSqliteAction,read_all,8,1,0
hastagAB_Awesome-Python-Scripts.Database-As-Storage,Database-As-Storage,CustomSqliteAction,load,7,2,0
hastagAB_Awesome-Python-Scripts.Directory-organizer,Directory-oraganiser,,create_folders,7,3,0
hastagAB_Awesome-Python-Scripts.Directory-organizer,Directory-oraganiser,,get_folder,6,2,1
hastagAB_Awesome-Python-Scripts.Directory-organizer,Directory-oraganiser,,start,8,5,0
hastagAB_Awesome-Python-Scripts.Directory_Tree_Generator,directory_tree_generator,,delete_trailing_slash,4,2,1
hastagAB_Awesome-Python-Scripts.Directory_Tree_Generator,directory_tree_generator,,get_relative_depth,2,1,2
hastagAB_Awesome-Python-Scripts.Directory_Tree_Generator,directory_tree_generator,,escape_illegal,5,2,1
hastagAB_Awesome-Python-Scripts.Download-page-as-pdf,download-page-as-pdf,,main,24,6,0
hastagAB_Awesome-Python-Scripts.English_Theasauras,app,,show_def,14,1,1
hastagAB_Awesome-Python-Scripts.Excel_Files_Merger,Combine excel files into 1,,reader,11,3,1
hastagAB_Awesome-Python-Scripts.Excel_to_ListofList,ExcelToList,ExcelToList,__init__,3,1,2
hastagAB_Awesome-Python-Scripts.Excel_to_ListofList,ExcelToList,ExcelToList,convert,13,3,0
hastagAB_Awesome-Python-Scripts.Fibonacci_Sequence_Generator,Fibonacci,,Fibbo_Sequence_Generator,19,6,0
hastagAB_Awesome-Python-Scripts.File-Explorer-Dialog-Box,select_file_pyqt,,select_files,5,1,1
hastagAB_Awesome-Python-Scripts.File-Explorer-Dialog-Box,select_file_pyqt,,main,3,1,0
hastagAB_Awesome-Python-Scripts.File-Sharing-Bot,bot,,start,3,1,2
hastagAB_Awesome-Python-Scripts.File-Sharing-Bot,bot,,help,19,2,2
hastagAB_Awesome-Python-Scripts.File-Sharing-Bot,bot,,get,16,4,2
hastagAB_Awesome-Python-Scripts.File-Sharing-Bot,bot,,ls,16,4,2
hastagAB_Awesome-Python-Scripts.File-Sharing-Bot,bot,,put,15,3,2
hastagAB_Awesome-Python-Scripts.File-Sharing-Bot,bot,,mkdir,8,3,2
hastagAB_Awesome-Python-Scripts.File-Sharing-Bot,bot,,echo,10,2,2
hastagAB_Awesome-Python-Scripts.File-Sharing-Bot,bot,,error,2,1,3
hastagAB_Awesome-Python-Scripts.File-Sharing-Bot,bot,,add_user,8,2,2
hastagAB_Awesome-Python-Scripts.File-Sharing-Bot,bot,,show_user,6,2,2
hastagAB_Awesome-Python-Scripts.File-Sharing-Bot,bot,,remove_user,8,2,2
hastagAB_Awesome-Python-Scripts.File-Sharing-Bot,bot,,remove,8,2,2
hastagAB_Awesome-Python-Scripts.File-Sharing-Bot,bot,,rmdir,8,2,2
hastagAB_Awesome-Python-Scripts.File-Sharing-Bot,bot,,main,19,1,0
hastagAB_Awesome-Python-Scripts.FileMagic_Organizer,main,,categorize_by_size,10,2,1
hastagAB_Awesome-Python-Scripts.FileMagic_Organizer,main,,organize_files,68,16,5
hastagAB_Awesome-Python-Scripts.File_Carving,carving,,fileSearch,21,7,2
hastagAB_Awesome-Python-Scripts.File_Carving,carving,,Carving,20,4,1
hastagAB_Awesome-Python-Scripts.File_Carving,carving,,findSignature,19,6,1
hastagAB_Awesome-Python-Scripts.Find-PhoneNumber-in-String,Find-PhoneNumber-in-String,,check_phone_number,17,4,1
hastagAB_Awesome-Python-Scripts.Folder Locker & Hider,locker,,read_json,8,2,0
hastagAB_Awesome-Python-Scripts.Folder Locker & Hider,locker,,write_to_json,4,1,1
hastagAB_Awesome-Python-Scripts.Folder Locker & Hider,locker,,get_from_json,3,1,1
hastagAB_Awesome-Python-Scripts.Folder Locker & Hider,locker,,generate_key,4,1,0
hastagAB_Awesome-Python-Scripts.Folder Locker & Hider,locker,,lock,21,2,2
hastagAB_Awesome-Python-Scripts.Folder Locker & Hider,locker,,unlock,22,2,3
hastagAB_Awesome-Python-Scripts.FramedText,FramedText,,drawboxtext,30,6,1
hastagAB_Awesome-Python-Scripts.Github-Review-Bot,main,Github,__init__,7,1,2
hastagAB_Awesome-Python-Scripts.Github-Review-Bot,main,Github,login,6,1,0
hastagAB_Awesome-Python-Scripts.Github-Review-Bot,main,Github,writeReview,18,3,0
hastagAB_Awesome-Python-Scripts.Github_Bot,main,GithubBot,__init__,3,1,0
hastagAB_Awesome-Python-Scripts.Github_Bot,main,GithubBot,get_user_details,13,2,1
hastagAB_Awesome-Python-Scripts.Github_Bot,main,GithubBot,get_repo_details,12,2,1
hastagAB_Awesome-Python-Scripts.HTML_Table_to_List,HTMLTableToList,HTMLTableToList,__init__,2,1,1
hastagAB_Awesome-Python-Scripts.HTML_Table_to_List,HTMLTableToList,HTMLTableToList,get_list,15,4,0
hastagAB_Awesome-Python-Scripts.Harry-Potter-Cloak,HarryPotterCloak,,hello,2,1,1
hastagAB_Awesome-Python-Scripts.IMDBQuerier,ClassFilm,Film,__init__,10,1,9
hastagAB_Awesome-Python-Scripts.IMDBQuerier,ClassFilm,Film,print_film,8,1,0
hastagAB_Awesome-Python-Scripts.IMDBQuerier,ClassFilm,Film,get_genres_string,3,1,0
hastagAB_Awesome-Python-Scripts.IMDBQuerier,ClassFilm,Film,get_image_html,2,1,0
hastagAB_Awesome-Python-Scripts.IMDBQuerier,ClassFilm,Film,get_title,2,1,0
hastagAB_Awesome-Python-Scripts.IMDBQuerier,ClassFilm,Film,get_rating,2,1,0
hastagAB_Awesome-Python-Scripts.IMDBQuerier,film_content_parser,,parse_film_year,3,1,1
hastagAB_Awesome-Python-Scripts.IMDBQuerier,film_content_parser,,parse_imdb_score,7,2,1
hastagAB_Awesome-Python-Scripts.IMDBQuerier,film_content_parser,,parse_runtime,2,1,1
hastagAB_Awesome-Python-Scripts.IMDBQuerier,film_content_parser,,obtain_all_genres,5,2,1
hastagAB_Awesome-Python-Scripts.IMDBQuerier,film_content_parser,,obtain_story_line,2,1,1
hastagAB_Awesome-Python-Scripts.IMDBQuerier,film_content_parser,,determine_film_type,4,1,1
hastagAB_Awesome-Python-Scripts.IMDBQuerier,film_content_parser,,obtain_image_source,5,1,1
hastagAB_Awesome-Python-Scripts.IMDBQuerier,film_content_parser,,obtain_film_object,23,3,2
hastagAB_Awesome-Python-Scripts.IMDBQuerier,html_creator,,crete_directory,3,2,0
hastagAB_Awesome-Python-Scripts.IMDBQuerier,html_creator,,start_html,13,1,1
hastagAB_Awesome-Python-Scripts.IMDBQuerier,html_creator,,close_html,6,1,0
hastagAB_Awesome-Python-Scripts.IMDBQuerier,html_creator,,create_table_from_object,25,1,1
hastagAB_Awesome-Python-Scripts.IMDBQuerier,html_creator,,create_html_file,7,2,2
hastagAB_Awesome-Python-Scripts.IMDBQuerier,main,,get_watched_films,6,1,1
hastagAB_Awesome-Python-Scripts.IMDBQuerier,parser_config,,check_runtime,6,2,1
hastagAB_Awesome-Python-Scripts.IMDBQuerier,parser_config,,check_genre,10,4,1
hastagAB_Awesome-Python-Scripts.IMDBQuerier,parser_config,,check_score,6,2,1
hastagAB_Awesome-Python-Scripts.IMDBQuerier,parser_config,,check_year,4,2,1
hastagAB_Awesome-Python-Scripts.IMDBQuerier,parser_config,,check_type,6,1,1
hastagAB_Awesome-Python-Scripts.IMDBQuerier,parser_config,,watched_included,2,1,0
hastagAB_Awesome-Python-Scripts.IMDBQuerier,parser_config,,check_film_object,14,3,2
hastagAB_Awesome-Python-Scripts.ImportanceChecker,ImportanceChecker,,ImportanceChecker,9,2,3
hastagAB_Awesome-Python-Scripts.ImportanceChecker,ImportanceChecker,,main,8,2,0
hastagAB_Awesome-Python-Scripts.Keylogger,script,,on_press,3,1,1
hastagAB_Awesome-Python-Scripts.Keylogger,script,,write_file,8,2,1
hastagAB_Awesome-Python-Scripts.Keylogger,script,,on_release,3,2,1
hastagAB_Awesome-Python-Scripts.PDF_Password_Decrypter,main,,select_file,4,1,0
hastagAB_Awesome-Python-Scripts.PDF_Password_Decrypter,main,,decrypt,16,3,0
hastagAB_Awesome-Python-Scripts.PDF_Password_Decrypter,main,,show_pdf,3,1,0
hastagAB_Awesome-Python-Scripts.PDFsplitter,PDFsplitter,,split_pdf,17,2,2
hastagAB_Awesome-Python-Scripts.PX-to-REM,converter,Converter,__init__,2,1,0
hastagAB_Awesome-Python-Scripts.PX-to-REM,converter,Converter,px_to_rem,2,1,1
hastagAB_Awesome-Python-Scripts.PX-to-REM,converter,Converter,rem_to_px,2,1,1
hastagAB_Awesome-Python-Scripts.PX-to-REM,px_to_rem,,get_input,5,1,1
hastagAB_Awesome-Python-Scripts.PX-to-REM,px_to_rem,,is_int_or_float,2,1,1
hastagAB_Awesome-Python-Scripts.PX-to-REM,px_to_rem,,process_check,13,6,2
hastagAB_Awesome-Python-Scripts.PX-to-REM,px_to_rem,,process_px_to_rem,6,1,0
hastagAB_Awesome-Python-Scripts.PX-to-REM,px_to_rem,,process_rem_to_px,6,1,0
hastagAB_Awesome-Python-Scripts.PX-to-REM,px_to_rem,,user_selected,14,7,1
hastagAB_Awesome-Python-Scripts.Plagiarism_detector,plagiarism,,similarity_per,6,1,2
hastagAB_Awesome-Python-Scripts.Port_Scanner,port_scanner,,run,4,2,1
hastagAB_Awesome-Python-Scripts.Port_Scanner,port_scanner,,scanner,10,3,3
hastagAB_Awesome-Python-Scripts.Port_Scanner,port_scanner,,scan,7,2,3
hastagAB_Awesome-Python-Scripts.Pressure_Converter,pressure_converter_script,,atmospeheres_to_bars,8,1,2
hastagAB_Awesome-Python-Scripts.Pressure_Converter,pressure_converter_script,,bars_to_atmospheres,9,1,2
hastagAB_Awesome-Python-Scripts.Pressure_Converter,pressure_converter_script,,atmospheres_to_milimeter_mercury,8,1,2
hastagAB_Awesome-Python-Scripts.Pressure_Converter,pressure_converter_script,,milimeter_mercury_to_atmospheres,8,1,2
hastagAB_Awesome-Python-Scripts.Pressure_Converter,pressure_converter_script,,atmospheres_to_pascals,8,1,2
hastagAB_Awesome-Python-Scripts.Pressure_Converter,pressure_converter_script,,pascals_to_atmospheres,8,1,2
hastagAB_Awesome-Python-Scripts.Pressure_Converter,pressure_converter_script,,bars_to_milimeter_mercury,8,1,2
hastagAB_Awesome-Python-Scripts.Pressure_Converter,pressure_converter_script,,milimeter_mercury_to_bars,8,1,2
hastagAB_Awesome-Python-Scripts.Pressure_Converter,pressure_converter_script,,bars_to_pascals,8,1,2
hastagAB_Awesome-Python-Scripts.Pressure_Converter,pressure_converter_script,,pascals_to_bars,8,1,2
hastagAB_Awesome-Python-Scripts.Pressure_Converter,pressure_converter_script,,milimeter_mercury_to_pascals,8,1,2
hastagAB_Awesome-Python-Scripts.Pressure_Converter,pressure_converter_script,,pascals_to_milimeter_mercury,8,1,2
hastagAB_Awesome-Python-Scripts.Pretty-CSV,pretty-csv,,main,5,1,0
hastagAB_Awesome-Python-Scripts.Pretty-CSV,pretty-csv,,create_table,18,6,2
hastagAB_Awesome-Python-Scripts.Pretty-CSV,pretty-csv,,space_pad,3,1,2
hastagAB_Awesome-Python-Scripts.Proxy-Request,proxy_request,,get_proxy,6,1,0
hastagAB_Awesome-Python-Scripts.Proxy-Request,proxy_request,,proxy_request,10,3,2
hastagAB_Awesome-Python-Scripts.PyRecorder,py_recorder,WindowRecorder,__init__,7,1,0
hastagAB_Awesome-Python-Scripts.PyRecorder,py_recorder,WindowRecorder,create_context,25,1,0
hastagAB_Awesome-Python-Scripts.PyRecorder,py_recorder,WindowRecorder,start,2,1,0
hastagAB_Awesome-Python-Scripts.PyRecorder,py_recorder,WindowRecorder,start_recording,10,1,0
hastagAB_Awesome-Python-Scripts.PyRecorder,py_recorder,WindowRecorder,stop,17,5,0
hastagAB_Awesome-Python-Scripts.PyRecorder,py_recorder,WindowRecorder,destroy,2,1,0
hastagAB_Awesome-Python-Scripts.PyRecorder,py_recorder,WindowRecorder,record_frames,12,2,0
hastagAB_Awesome-Python-Scripts.PyRecorder,py_recorder,WindowRecorder,on_select_listener,3,2,1
hastagAB_Awesome-Python-Scripts.PyRecorder,py_recorder,WindowRecorder,contact_us,2,1,0
hastagAB_Awesome-Python-Scripts.PyRecorder,py_recorder,WindowRecorder,about,2,1,0
hastagAB_Awesome-Python-Scripts.Py_Cleaner,main,,create_folder,3,2,1
hastagAB_Awesome-Python-Scripts.Py_Cleaner,main,,select_folder,3,1,0
hastagAB_Awesome-Python-Scripts.Py_Cleaner,main,,clean_dir,61,13,0
hastagAB_Awesome-Python-Scripts.RSA_Algorithm,RSA_algorithm,,isPrime,9,4,1
hastagAB_Awesome-Python-Scripts.RSA_Algorithm,RSA_algorithm,,gcd,6,2,2
hastagAB_Awesome-Python-Scripts.RSA_Algorithm,RSA_algorithm,,Multiplicative_inverse,15,3,2
hastagAB_Awesome-Python-Scripts.RSA_Algorithm,RSA_algorithm,,powermod,11,3,3
hastagAB_Awesome-Python-Scripts.RSA_Communication,RSA,rsa,__init__,3,1,2
hastagAB_Awesome-Python-Scripts.RSA_Communication,RSA,rsa,is_prime,23,9,2
hastagAB_Awesome-Python-Scripts.RSA_Communication,RSA,rsa,genprime,11,3,1
hastagAB_Awesome-Python-Scripts.RSA_Communication,RSA,rsa,egcd,6,1,2
hastagAB_Awesome-Python-Scripts.RSA_Communication,RSA,rsa,modinv,6,2,2
hastagAB_Awesome-Python-Scripts.RSA_Communication,RSA,rsa,get_creds,13,5,2
hastagAB_Awesome-Python-Scripts.RSA_Communication,RSA,rsa,get_keys,3,1,0
hastagAB_Awesome-Python-Scripts.RSA_Communication,RSA,rsa,save_keys,4,1,1
hastagAB_Awesome-Python-Scripts.RSA_Communication,RSA,rsa,load_keys,7,1,1
hastagAB_Awesome-Python-Scripts.RSA_Communication,RSA,rsa,encrypt,9,2,2
hastagAB_Awesome-Python-Scripts.RSA_Communication,RSA,rsa,decrypt,18,3,2
hastagAB_Awesome-Python-Scripts.Random_Email_Generator,Random_email_generator,,getcount,8,1,0
hastagAB_Awesome-Python-Scripts.Random_Email_Generator,Random_email_generator,,makeEmail,9,1,0
hastagAB_Awesome-Python-Scripts.Random_Names_Generator,Random_Name_Generator,,random_line,11,4,1
hastagAB_Awesome-Python-Scripts.Random_Names_Generator,Random_Name_Generator,,random_names,8,4,1
hastagAB_Awesome-Python-Scripts.Random_Password_Generator,createPassword,,create,9,3,2
hastagAB_Awesome-Python-Scripts.Remove-Duplicate-Files,removeDuplicateFiles,,computeFileHash,9,2,1
hastagAB_Awesome-Python-Scripts.Remove-Duplicate-Files,removeDuplicateFiles,,getFileList,5,2,1
hastagAB_Awesome-Python-Scripts.Remove-Duplicate-Files,removeDuplicateFiles,,main,35,14,0
hastagAB_Awesome-Python-Scripts.Rock-Paper-Scissor,Rock-Paper-Scissor,,takePlayerInput,5,3,0
hastagAB_Awesome-Python-Scripts.Rock-Paper-Scissor,Rock-Paper-Scissor,,getBotInput,3,1,0
hastagAB_Awesome-Python-Scripts.Rock-Paper-Scissor,Rock-Paper-Scissor,,checkWinner,21,10,2
hastagAB_Awesome-Python-Scripts.Rock-Paper-Scissor,Rock-Paper-Scissor,,rockPaperScissor,23,4,0
hastagAB_Awesome-Python-Scripts.SSH_Host_Adder,ssh_adder,,args_to_obj,3,1,1
hastagAB_Awesome-Python-Scripts.SSH_Host_Adder,ssh_adder,,add_to_conf,4,1,2
hastagAB_Awesome-Python-Scripts.SSH_Host_Adder,ssh_adder,,main,10,1,0
hastagAB_Awesome-Python-Scripts.SimpleWebpageParser,SimpleWebpageParser,SimpleWebpageParser,__init__,2,1,1
hastagAB_Awesome-Python-Scripts.SimpleWebpageParser,SimpleWebpageParser,SimpleWebpageParser,getHTML,5,1,0
hastagAB_Awesome-Python-Scripts.Slideshare-Downloader,slideshare_downloader,SlideShare,__init__,2,1,0
hastagAB_Awesome-Python-Scripts.Slideshare-Downloader,slideshare_downloader,SlideShare,get_slides,9,3,2
hastagAB_Awesome-Python-Scripts.Slideshare-Downloader,slideshare_downloader,SlideShare,download_images,18,2,1
hastagAB_Awesome-Python-Scripts.Slideshare-Downloader,slideshare_downloader,SlideShare,create_pdf,5,1,2
hastagAB_Awesome-Python-Scripts.Squid-Proxy-Installer-for-Ubuntu16,Squid_Proxy,,squid,19,2,0
hastagAB_Awesome-Python-Scripts.Squid-Proxy-Installer-for-Ubuntu16,Squid_Proxy,,add_pw,19,2,0
hastagAB_Awesome-Python-Scripts.Squid-Proxy-Installer-for-Ubuntu16,Squid_Proxy,,change_pw,9,2,0
hastagAB_Awesome-Python-Scripts.Squid-Proxy-Installer-for-Ubuntu16,Squid_Proxy,,remove_pw,14,2,0
hastagAB_Awesome-Python-Scripts.Squid-Proxy-Installer-for-Ubuntu16,Squid_Proxy,,uninstall_squid,11,4,0
hastagAB_Awesome-Python-Scripts.Steg_Tool,steg,,encode,81,20,3
hastagAB_Awesome-Python-Scripts.Steg_Tool,steg,,decode,68,14,2
hastagAB_Awesome-Python-Scripts.TTS_Text_to_Speech_Mp3,run,,main,3,1,0
hastagAB_Awesome-Python-Scripts.Tambola_Ticket_Generator,main,,shuffle_array,4,2,1
hastagAB_Awesome-Python-Scripts.Tambola_Ticket_Generator,main,,generate_ticket,10,2,0
hastagAB_Awesome-Python-Scripts.Tambola_Ticket_Generator,main,,get_tickets,5,2,1
hastagAB_Awesome-Python-Scripts.Tambola_Ticket_Generator,main,,main,6,1,0
hastagAB_Awesome-Python-Scripts.Task-Scheduler,scheduler,,save_tasks,3,1,0
hastagAB_Awesome-Python-Scripts.Task-Scheduler,scheduler,,add_task,11,2,0
hastagAB_Awesome-Python-Scripts.Task-Scheduler,scheduler,,view_tasks,4,2,0
hastagAB_Awesome-Python-Scripts.Task-Scheduler,scheduler,,delete_task,13,3,0
hastagAB_Awesome-Python-Scripts.TicTacToe_AI_and_2_players,TicTacToe2players,,display_board,6,1,0
hastagAB_Awesome-Python-Scripts.TicTacToe_AI_and_2_players,TicTacToe2players,,wincheck,9,10,1
hastagAB_Awesome-Python-Scripts.TicTacToe_AI_and_2_players,TicTacToe2players,,make_turn,7,2,2
hastagAB_Awesome-Python-Scripts.TicTacToe_AI_and_2_players,TicTacToeAI,,wincheck,17,12,1
hastagAB_Awesome-Python-Scripts.TicTacToe_AI_and_2_players,TicTacToeAI,,bestMove,16,5,1
hastagAB_Awesome-Python-Scripts.TicTacToe_AI_and_2_players,TicTacToeAI,,findBestMove,25,6,3
hastagAB_Awesome-Python-Scripts.TicTacToe_AI_and_2_players,TicTacToeVsAI,,display_board,6,1,0
hastagAB_Awesome-Python-Scripts.TicTacToe_AI_and_2_players,TicTacToeVsAI,,wincheck,9,10,1
hastagAB_Awesome-Python-Scripts.TicTacToe_AI_and_2_players,TicTacToeVsAI,,make_turn,7,2,2
hastagAB_Awesome-Python-Scripts.To Do Bot,bot,,get_url,4,1,1
hastagAB_Awesome-Python-Scripts.To Do Bot,bot,,get_json_from_url,4,1,1
hastagAB_Awesome-Python-Scripts.To Do Bot,bot,,get_updates,6,2,1
hastagAB_Awesome-Python-Scripts.To Do Bot,bot,,get_last_update_id,5,2,1
hastagAB_Awesome-Python-Scripts.To Do Bot,bot,,handle_updates,55,19,1
hastagAB_Awesome-Python-Scripts.To Do Bot,bot,,get_last_chat_id_and_text,6,1,1
hastagAB_Awesome-Python-Scripts.To Do Bot,bot,,send_message,6,2,3
hastagAB_Awesome-Python-Scripts.To Do Bot,bot,,main,9,3,0
hastagAB_Awesome-Python-Scripts.To Do Bot,dbhelper,DBHelper,__init__,3,1,1
hastagAB_Awesome-Python-Scripts.To Do Bot,dbhelper,DBHelper,setup,8,1,0
hastagAB_Awesome-Python-Scripts.To Do Bot,dbhelper,DBHelper,add_item,5,1,3
hastagAB_Awesome-Python-Scripts.To Do Bot,dbhelper,DBHelper,delete_item,5,1,2
hastagAB_Awesome-Python-Scripts.To Do Bot,dbhelper,DBHelper,get_items,4,1,1
hastagAB_Awesome-Python-Scripts.Top_News,coolnews,,sort_stories_by_votes,2,1,1
hastagAB_Awesome-Python-Scripts.Top_News,coolnews,,create_custom_hn,11,4,2
hastagAB_Awesome-Python-Scripts.TranslateCLI,Translate,,translate,11,5,3
hastagAB_Awesome-Python-Scripts.Tweets_Tool,Tool,TweetCriteria,__init__,2,1,0
hastagAB_Awesome-Python-Scripts.Tweets_Tool,Tool,TweetCriteria,setUsername,3,1,1
hastagAB_Awesome-Python-Scripts.Tweets_Tool,Tool,TweetCriteria,setSince,3,1,1
hastagAB_Awesome-Python-Scripts.Tweets_Tool,Tool,TweetCriteria,setUntil,3,1,1
hastagAB_Awesome-Python-Scripts.Tweets_Tool,Tool,TweetCriteria,setQuerySearch,3,1,1
hastagAB_Awesome-Python-Scripts.Tweets_Tool,Tool,TweetCriteria,setMaxTweets,3,1,1
hastagAB_Awesome-Python-Scripts.Tweets_Tool,Tool,TweetCriteria,setLang,3,1,1
hastagAB_Awesome-Python-Scripts.Tweets_Tool,Tool,TweetCriteria,setTopTweets,3,1,1
hastagAB_Awesome-Python-Scripts.Tweets_Tool,Tool,Tweet,__init__,2,1,0
hastagAB_Awesome-Python-Scripts.Tweets_Tool,Tool,TweetManager,__init__,2,1,0
hastagAB_Awesome-Python-Scripts.Tweets_Tool,Tool,TweetManager,getTweets,82,16,4
hastagAB_Awesome-Python-Scripts.Tweets_Tool,Tool,TweetManager,getJsonReponse,46,9,4
hastagAB_Awesome-Python-Scripts.Tweets_Tool,Tool,TweetObtain,__init__,2,1,0
hastagAB_Awesome-Python-Scripts.Tweets_Tool,Tool,TweetObtain,TweetObtain_function,15,2,1
hastagAB_Awesome-Python-Scripts.Tweets_Tool,main,,main,13,1,1
hastagAB_Awesome-Python-Scripts.Upload_files_to_s3,upload_files_to_s3,,upload_files_to_s3,16,3,1
hastagAB_Awesome-Python-Scripts.Website_Url_Detector,detect_urls,,run,10,1,1
hastagAB_Awesome-Python-Scripts.Word-generator,gen,,getDict,6,2,1
hastagAB_Awesome-Python-Scripts.Word-generator,gen,,isEng,5,1,1
hastagAB_Awesome-Python-Scripts.Word-generator,gen,,permutations,7,3,4
hastagAB_Awesome-Python-Scripts.Word-generator,isEng,,getDict,6,2,1
hastagAB_Awesome-Python-Scripts.Word-generator,isEng,,isEng,5,1,1
hastagAB_Awesome-Python-Scripts.Word_Frequency_Counter,count_word_freq,,preprocess,7,1,1
hastagAB_Awesome-Python-Scripts.Word_Frequency_Counter,count_word_freq,,run,11,1,1
hastagAB_Awesome-Python-Scripts.Work_Log_Generator,work_log,WorkLogPreviewer,__init__,34,1,3
hastagAB_Awesome-Python-Scripts.Work_Log_Generator,work_log,WorkLogPreviewer,generate_log,6,1,0
hastagAB_Awesome-Python-Scripts.Work_Log_Generator,work_log,WorkLogPreviewer,display_log,8,1,1
hastagAB_Awesome-Python-Scripts.Work_Log_Generator,work_log,WorkLogPreviewer,save,17,2,0
hastagAB_Awesome-Python-Scripts.Work_Log_Generator,work_log,MainWidget,__init__,32,1,1
hastagAB_Awesome-Python-Scripts.Work_Log_Generator,work_log,MainWidget,line_keyPressEvent,6,3,1
hastagAB_Awesome-Python-Scripts.Work_Log_Generator,work_log,MainWidget,open_log,9,3,0
hastagAB_Awesome-Python-Scripts.Work_Log_Generator,work_log,MainWidget,getRepos,22,6,0
hastagAB_Awesome-Python-Scripts.Work_Log_Generator,work_log,MainWidget,add_repo_to_combobox,8,3,1
hastagAB_Awesome-Python-Scripts.Work_Log_Generator,work_log,WorkLogThread,__init__,5,1,3
hastagAB_Awesome-Python-Scripts.Work_Log_Generator,work_log,WorkLogThread,run,11,2,0
hastagAB_Awesome-Python-Scripts.Work_Log_Generator,work_log,WorkLogThread,format_message_for_rst,8,4,1
hastagAB_Awesome-Python-Scripts.Work_Log_Generator,work_log,ConnectionThread,__init__,5,1,3
hastagAB_Awesome-Python-Scripts.Work_Log_Generator,work_log,ConnectionThread,run,16,5,0
hastagAB_Awesome-Python-Scripts.Work_Log_Generator,work_log,Window,__init__,17,1,2
hastagAB_Awesome-Python-Scripts.Work_Log_Generator,work_log,Window,helper,15,1,0
hastagAB_Awesome-Python-Scripts.X_Scrapper,x_scraper,,get_all_tweets,30,3,1
hastagAB_Awesome-Python-Scripts.Youtube_Video_Downloader,download_video,,MP4ToMP3,4,1,2
hastagAB_Awesome-Python-Scripts.Youtube_Video_Downloader,download_video,,download_youtube_video,42,5,5
hastagAB_Awesome-Python-Scripts.Youtube_Video_Downloader,download_video,,download_youtube_playlist,13,3,4
hastagAB_Awesome-Python-Scripts.asymmetric_cryptography,asymmetric,,generate_keys,4,1,1
hastagAB_Awesome-Python-Scripts.asymmetric_cryptography,asymmetric,,encryptit,4,1,2
hastagAB_Awesome-Python-Scripts.asymmetric_cryptography,asymmetric,,decryptit,4,1,2
hastagAB_Awesome-Python-Scripts.automated_email,automated_email,,sendmail,6,1,4
hastagAB_Awesome-Python-Scripts.caesar_cipher,caesar,,caesar_cipher,19,5,4
hastagAB_Awesome-Python-Scripts.caesar_cipher,caesar,,check_offset_range,6,3,1
hastagAB_Awesome-Python-Scripts.cli_calculator.calc,calc,,soma,2,1,2
hastagAB_Awesome-Python-Scripts.cli_calculator.calc,calc,,sub,2,1,2
hastagAB_Awesome-Python-Scripts.cli_calculator.calc,calc,,mult,2,1,2
hastagAB_Awesome-Python-Scripts.cli_calculator.calc,calc,,div,6,1,2
hastagAB_Awesome-Python-Scripts.cli_calculator.tests,test_calc,testCalc,test_should_return_two_values_sum,3,1,0
hastagAB_Awesome-Python-Scripts.cli_calculator.tests,test_calc,testCalc,test_should_return_two_values_sub,3,1,0
hastagAB_Awesome-Python-Scripts.cli_calculator.tests,test_calc,testCalc,test_should_return_two_values_mult,3,1,0
hastagAB_Awesome-Python-Scripts.cli_calculator.tests,test_calc,testCalc,test_should_return_two_values_div,3,1,0
hastagAB_Awesome-Python-Scripts.cli_calculator.tests,test_calc,testCalc,test_should_return_exceptio_on_division_by_zero,3,1,0
hastagAB_Awesome-Python-Scripts.codeforcesChecker,checker,,prRed,2,1,1
hastagAB_Awesome-Python-Scripts.codeforcesChecker,checker,,prGreen,2,1,1
hastagAB_Awesome-Python-Scripts.codeforcesChecker,checker,,returnNumberofFiles,6,1,0
hastagAB_Awesome-Python-Scripts.codeforcesChecker,main,,getUrlforContest,7,2,0
hastagAB_Awesome-Python-Scripts.codeforcesChecker,main,,getUrlforSingleProblem,7,2,0
hastagAB_Awesome-Python-Scripts.codeforcesChecker,main,,getInputFiles,12,2,1
hastagAB_Awesome-Python-Scripts.codeforcesChecker,main,,getOutputFiles,12,2,1
hastagAB_Awesome-Python-Scripts.elastic-snapshot,elastic-snapshot,,get_snapshot_listing,13,1,1
hastagAB_Awesome-Python-Scripts.elastic-snapshot,elastic-snapshot,,create_snapshot,46,8,1
hastagAB_Awesome-Python-Scripts.elastic-snapshot,elastic-snapshot,,restore_snapshot,2,1,1
hastagAB_Awesome-Python-Scripts.elastic-snapshot,elastic-snapshot,,check_snapshot_inprogress,7,4,1
hastagAB_Awesome-Python-Scripts.file-encrypt-decrypt,crypt,Crypt,__init__,3,1,0
hastagAB_Awesome-Python-Scripts.file-encrypt-decrypt,crypt,Crypt,encrypt,16,2,1
hastagAB_Awesome-Python-Scripts.file-encrypt-decrypt,crypt,Crypt,decrypt,11,1,2
hastagAB_Awesome-Python-Scripts.git_automation,create,,create,9,2,0
hastagAB_Awesome-Python-Scripts.google_meet_joiner,main,,joinGoogleMeet,12,1,1
hastagAB_Awesome-Python-Scripts.imageWatermarker,main,,FolderSelectAndRun,6,1,0
hastagAB_Awesome-Python-Scripts.imageWatermarker,main,,batch,29,4,3
hastagAB_Awesome-Python-Scripts.images2pdf,imges2pdf,,File_existance_checker,6,2,1
hastagAB_Awesome-Python-Scripts.imdb_episode_ratings,scraper,,get_static_html,8,2,1
hastagAB_Awesome-Python-Scripts.imdb_episode_ratings,scraper,,get_url,5,1,0
hastagAB_Awesome-Python-Scripts.imdb_episode_ratings,scraper,,get_new_url,14,4,1
hastagAB_Awesome-Python-Scripts.imdb_episode_ratings,scraper,,start,52,8,0
hastagAB_Awesome-Python-Scripts.insta_video_downloader,instavideo,,download,27,10,1
hastagAB_Awesome-Python-Scripts.logpye_log4j_search,logpye,,itirate_of,29,5,1
hastagAB_Awesome-Python-Scripts.logpye_log4j_search,logpye,,parse,9,1,1
hastagAB_Awesome-Python-Scripts.logpye_log4j_search,logpye,,ruleset,13,6,6
hastagAB_Awesome-Python-Scripts.logpye_log4j_search,logpye,,frontend,6,2,5
hastagAB_Awesome-Python-Scripts.logpye_log4j_search,logpye,,main,20,6,4
hastagAB_Awesome-Python-Scripts.medium_article_downloader,helpers,,get_topic,16,5,0
hastagAB_Awesome-Python-Scripts.medium_article_downloader,helpers,,extract_links,5,1,1
hastagAB_Awesome-Python-Scripts.medium_article_downloader,helpers,,medium_text,8,2,1
hastagAB_Awesome-Python-Scripts.py_based_music_player,py_based_music_player,,work_on_mlist,20,2,2
hastagAB_Awesome-Python-Scripts.py_based_music_player,py_based_music_player,,write_in_js_file,6,1,2
hastagAB_Awesome-Python-Scripts.send_sqs_messages_in_parallel,send_to_sqs,,send_message,6,1,1
hastagAB_Awesome-Python-Scripts.send_sqs_messages_in_parallel,send_to_sqs,,main,13,4,1
hastagAB_Awesome-Python-Scripts.signature2png,signature,,binarize,8,4,2
hastagAB_Awesome-Python-Scripts.signature2png,signature,,make_transparent,11,3,1
hastagAB_Awesome-Python-Scripts.signature2png,signature,,main,6,1,3
hastagAB_Awesome-Python-Scripts.signature2png,signature,,parser,16,1,0
hastagAB_Awesome-Python-Scripts.speak_like_yoda,speak_like_yoda,,speak_like_yoda,12,2,1
hastagAB_Awesome-Python-Scripts.spotify_downloader,spotify,,spotify,23,6,0
hastagAB_Awesome-Python-Scripts.sudoku-solver.sudoku_solver,solver,,printsudoku,12,7,1
hastagAB_Awesome-Python-Scripts.sudoku-solver.sudoku_solver,solver,,findNextCellToFill,6,3,1
hastagAB_Awesome-Python-Scripts.sudoku-solver.sudoku_solver,solver,,isValid,12,4,4
hastagAB_Awesome-Python-Scripts.sudoku-solver.sudoku_solver,solver,,solveSudoku,11,3,3
hastagAB_Awesome-Python-Scripts.url_shortener,url_shortener,API,__init__,2,1,0
hastagAB_Awesome-Python-Scripts.url_shortener,url_shortener,API,set_url,2,1,1
hastagAB_Awesome-Python-Scripts.url_shortener,url_shortener,API,get_short_url,2,1,0
hastagAB_Awesome-Python-Scripts.url_shortener,url_shortener,API,request_short_url,7,1,0
hastagAB_Awesome-Python-Scripts.url_shortener,url_shortener,API,extract_data_from_html,10,1,1
hastagAB_Awesome-Python-Scripts.url_shortener,url_shortener,,main,27,4,0
hastagAB_Awesome-Python-Scripts.vigenere_cipher,vigenere,,decryption,21,8,2
hastagAB_Awesome-Python-Scripts.vigenere_cipher,vigenere,,encryption,22,8,2
hastagAB_Awesome-Python-Scripts.vigenere_cipher,vigenere,,main,19,5,0
hastagAB_Awesome-Python-Scripts.yts_torrents,linkdowload,,requests_retry_session,13,2,4
hastagAB_Awesome-Python-Scripts.yts_torrents,linkdowload,,download_torrent,9,3,3
hastagAB_Awesome-Python-Scripts.yts_torrents,yts_am_api,,requests_retry_session,13,2,4
hastagAB_Awesome-Python-Scripts.yts_torrents,yts_am_api,,create_json_file,5,1,1
hastagAB_Awesome-Python-Scripts.yts_torrents,yts_am_api,,add_torrent_to_json_file,8,1,1
