Package,Module,Class,Function,LOC,CC,PC
tristandeleu_pytorch-maml-rl,test,,main,42,3,1
tristandeleu_pytorch-maml-rl,train,,main,62,6,1
tristandeleu_pytorch-maml-rl.maml_rl,baseline,LinearFeatureBaseline,__init__,10,1,2
tristandeleu_pytorch-maml-rl.maml_rl,baseline,LinearFeatureBaseline,feature_size,2,1,0
tristandeleu_pytorch-maml-rl.maml_rl,baseline,LinearFeatureBaseline,_feature,12,1,1
tristandeleu_pytorch-maml-rl.maml_rl,baseline,LinearFeatureBaseline,fit,28,5,1
tristandeleu_pytorch-maml-rl.maml_rl,baseline,LinearFeatureBaseline,forward,4,1,1
tristandeleu_pytorch-maml-rl.maml_rl,episode,BatchEpisodes,__init__,17,1,3
tristandeleu_pytorch-maml-rl.maml_rl,episode,BatchEpisodes,observation_shape,4,2,0
tristandeleu_pytorch-maml-rl.maml_rl,episode,BatchEpisodes,action_shape,4,2,0
tristandeleu_pytorch-maml-rl.maml_rl,episode,BatchEpisodes,observations,13,3,0
tristandeleu_pytorch-maml-rl.maml_rl,episode,BatchEpisodes,actions,11,3,0
tristandeleu_pytorch-maml-rl.maml_rl,episode,BatchEpisodes,rewards,9,3,0
tristandeleu_pytorch-maml-rl.maml_rl,episode,BatchEpisodes,returns,8,3,0
tristandeleu_pytorch-maml-rl.maml_rl,episode,BatchEpisodes,mask,9,3,0
tristandeleu_pytorch-maml-rl.maml_rl,episode,BatchEpisodes,advantages,6,2,0
tristandeleu_pytorch-maml-rl.maml_rl,episode,BatchEpisodes,append,8,3,4
tristandeleu_pytorch-maml-rl.maml_rl,episode,BatchEpisodes,logs,2,1,0
tristandeleu_pytorch-maml-rl.maml_rl,episode,BatchEpisodes,log,2,1,2
tristandeleu_pytorch-maml-rl.maml_rl,episode,BatchEpisodes,compute_advantages,15,3,3
tristandeleu_pytorch-maml-rl.maml_rl,episode,BatchEpisodes,lengths,4,2,0
tristandeleu_pytorch-maml-rl.maml_rl,episode,BatchEpisodes,__len__,2,1,0
tristandeleu_pytorch-maml-rl.maml_rl.envs,bandit,BernoulliBanditEnv,__init__,9,1,2
tristandeleu_pytorch-maml-rl.maml_rl.envs,bandit,BernoulliBanditEnv,seed,3,1,1
tristandeleu_pytorch-maml-rl.maml_rl.envs,bandit,BernoulliBanditEnv,sample_tasks,4,1,1
tristandeleu_pytorch-maml-rl.maml_rl.envs,bandit,BernoulliBanditEnv,reset_task,3,1,1
tristandeleu_pytorch-maml-rl.maml_rl.envs,bandit,BernoulliBanditEnv,reset,2,1,0
tristandeleu_pytorch-maml-rl.maml_rl.envs,bandit,BernoulliBanditEnv,step,6,1,1
tristandeleu_pytorch-maml-rl.maml_rl.envs,bandit,GaussianBanditEnv,__init__,10,1,3
tristandeleu_pytorch-maml-rl.maml_rl.envs,bandit,GaussianBanditEnv,seed,3,1,1
tristandeleu_pytorch-maml-rl.maml_rl.envs,bandit,GaussianBanditEnv,sample_tasks,4,1,1
tristandeleu_pytorch-maml-rl.maml_rl.envs,bandit,GaussianBanditEnv,reset_task,3,1,1
tristandeleu_pytorch-maml-rl.maml_rl.envs,bandit,GaussianBanditEnv,reset,2,1,0
tristandeleu_pytorch-maml-rl.maml_rl.envs,bandit,GaussianBanditEnv,step,6,1,1
tristandeleu_pytorch-maml-rl.maml_rl.envs,mdp,TabularMDPEnv,__init__,14,1,3
tristandeleu_pytorch-maml-rl.maml_rl.envs,mdp,TabularMDPEnv,seed,3,1,1
tristandeleu_pytorch-maml-rl.maml_rl.envs,mdp,TabularMDPEnv,sample_tasks,8,1,1
tristandeleu_pytorch-maml-rl.maml_rl.envs,mdp,TabularMDPEnv,reset_task,4,1,1
tristandeleu_pytorch-maml-rl.maml_rl.envs,mdp,TabularMDPEnv,reset,5,1,0
tristandeleu_pytorch-maml-rl.maml_rl.envs,mdp,TabularMDPEnv,step,9,1,1
tristandeleu_pytorch-maml-rl.maml_rl.envs,navigation,Navigation2DEnv,__init__,12,1,3
tristandeleu_pytorch-maml-rl.maml_rl.envs,navigation,Navigation2DEnv,seed,3,1,1
tristandeleu_pytorch-maml-rl.maml_rl.envs,navigation,Navigation2DEnv,sample_tasks,4,1,1
tristandeleu_pytorch-maml-rl.maml_rl.envs,navigation,Navigation2DEnv,reset_task,3,1,1
tristandeleu_pytorch-maml-rl.maml_rl.envs,navigation,Navigation2DEnv,reset,3,1,1
tristandeleu_pytorch-maml-rl.maml_rl.envs,navigation,Navigation2DEnv,step,9,2,1
tristandeleu_pytorch-maml-rl.maml_rl.envs.mujoco,ant,AntEnv,action_scaling,7,3,0
tristandeleu_pytorch-maml-rl.maml_rl.envs.mujoco,ant,AntEnv,_get_obs,8,1,0
tristandeleu_pytorch-maml-rl.maml_rl.envs.mujoco,ant,AntEnv,viewer_setup,6,1,0
tristandeleu_pytorch-maml-rl.maml_rl.envs.mujoco,ant,AntEnv,render,9,3,1
tristandeleu_pytorch-maml-rl.maml_rl.envs.mujoco,ant,AntVelEnv,__init__,7,1,3
tristandeleu_pytorch-maml-rl.maml_rl.envs.mujoco,ant,AntVelEnv,step,22,2,1
tristandeleu_pytorch-maml-rl.maml_rl.envs.mujoco,ant,AntVelEnv,sample_tasks,4,1,1
tristandeleu_pytorch-maml-rl.maml_rl.envs.mujoco,ant,AntVelEnv,reset_task,3,1,1
tristandeleu_pytorch-maml-rl.maml_rl.envs.mujoco,ant,AntDirEnv,__init__,5,1,1
tristandeleu_pytorch-maml-rl.maml_rl.envs.mujoco,ant,AntDirEnv,step,22,2,1
tristandeleu_pytorch-maml-rl.maml_rl.envs.mujoco,ant,AntDirEnv,sample_tasks,4,1,1
tristandeleu_pytorch-maml-rl.maml_rl.envs.mujoco,ant,AntDirEnv,reset_task,3,1,1
tristandeleu_pytorch-maml-rl.maml_rl.envs.mujoco,ant,AntPosEnv,__init__,7,1,3
tristandeleu_pytorch-maml-rl.maml_rl.envs.mujoco,ant,AntPosEnv,step,20,2,1
tristandeleu_pytorch-maml-rl.maml_rl.envs.mujoco,ant,AntPosEnv,sample_tasks,4,1,1
tristandeleu_pytorch-maml-rl.maml_rl.envs.mujoco,ant,AntPosEnv,reset_task,3,1,1
tristandeleu_pytorch-maml-rl.maml_rl.envs.mujoco,half_cheetah,HalfCheetahEnv,_get_obs,6,1,0
tristandeleu_pytorch-maml-rl.maml_rl.envs.mujoco,half_cheetah,HalfCheetahEnv,viewer_setup,6,1,0
tristandeleu_pytorch-maml-rl.maml_rl.envs.mujoco,half_cheetah,HalfCheetahEnv,render,9,3,1
tristandeleu_pytorch-maml-rl.maml_rl.envs.mujoco,half_cheetah,HalfCheetahVelEnv,__init__,6,1,3
tristandeleu_pytorch-maml-rl.maml_rl.envs.mujoco,half_cheetah,HalfCheetahVelEnv,step,14,1,1
tristandeleu_pytorch-maml-rl.maml_rl.envs.mujoco,half_cheetah,HalfCheetahVelEnv,sample_tasks,4,1,1
tristandeleu_pytorch-maml-rl.maml_rl.envs.mujoco,half_cheetah,HalfCheetahVelEnv,reset_task,3,1,1
tristandeleu_pytorch-maml-rl.maml_rl.envs.mujoco,half_cheetah,HalfCheetahDirEnv,__init__,4,1,1
tristandeleu_pytorch-maml-rl.maml_rl.envs.mujoco,half_cheetah,HalfCheetahDirEnv,step,14,1,1
tristandeleu_pytorch-maml-rl.maml_rl.envs.mujoco,half_cheetah,HalfCheetahDirEnv,sample_tasks,4,1,1
tristandeleu_pytorch-maml-rl.maml_rl.envs.mujoco,half_cheetah,HalfCheetahDirEnv,reset_task,3,1,1
tristandeleu_pytorch-maml-rl.maml_rl.envs.utils,normalized_env,NormalizedActionWrapper,__init__,5,1,2
tristandeleu_pytorch-maml-rl.maml_rl.envs.utils,normalized_env,NormalizedActionWrapper,action,7,3,1
tristandeleu_pytorch-maml-rl.maml_rl.envs.utils,normalized_env,NormalizedActionWrapper,reverse_action,7,3,1
tristandeleu_pytorch-maml-rl.maml_rl.envs.utils,normalized_env,NormalizedObservationWrapper,__init__,8,2,3
tristandeleu_pytorch-maml-rl.maml_rl.envs.utils,normalized_env,NormalizedObservationWrapper,observation,4,1,1
tristandeleu_pytorch-maml-rl.maml_rl.envs.utils,normalized_env,NormalizedRewardWrapper,__init__,6,1,3
tristandeleu_pytorch-maml-rl.maml_rl.envs.utils,normalized_env,NormalizedRewardWrapper,reward,4,1,1
tristandeleu_pytorch-maml-rl.maml_rl.envs.utils,sync_vector_env,SyncVectorEnv,__init__,10,3,3
tristandeleu_pytorch-maml-rl.maml_rl.envs.utils,sync_vector_env,SyncVectorEnv,dones,2,1,0
tristandeleu_pytorch-maml-rl.maml_rl.envs.utils,sync_vector_env,SyncVectorEnv,reset_task,3,2,1
tristandeleu_pytorch-maml-rl.maml_rl.envs.utils,sync_vector_env,SyncVectorEnv,step_wait,29,5,0
tristandeleu_pytorch-maml-rl.maml_rl.envs.utils,wrappers,,mujoco_wrapper,8,1,1
tristandeleu_pytorch-maml-rl.maml_rl.metalearners,base,GradientBasedMetaLearner,__init__,5,1,2
tristandeleu_pytorch-maml-rl.maml_rl.metalearners,base,GradientBasedMetaLearner,adapt,2,1,1
tristandeleu_pytorch-maml-rl.maml_rl.metalearners,base,GradientBasedMetaLearner,step,2,1,2
tristandeleu_pytorch-maml-rl.maml_rl.metalearners,base,GradientBasedMetaLearner,_async_gather,3,1,1
tristandeleu_pytorch-maml-rl.maml_rl.metalearners,maml_trpo,MAMLTRPO,__init__,4,1,4
tristandeleu_pytorch-maml-rl.maml_rl.metalearners,maml_trpo,MAMLTRPO,adapt,13,3,2
tristandeleu_pytorch-maml-rl.maml_rl.metalearners,maml_trpo,MAMLTRPO,hessian_vector_product,14,0,2
tristandeleu_pytorch-maml-rl.maml_rl.metalearners,maml_trpo,MAMLTRPO,surrogate_loss,20,3,3
tristandeleu_pytorch-maml-rl.maml_rl.metalearners,maml_trpo,MAMLTRPO,step,44,4,7
tristandeleu_pytorch-maml-rl.maml_rl.policies,categorical_mlp,CategoricalMLPPolicy,__init__,11,2,4
tristandeleu_pytorch-maml-rl.maml_rl.policies,categorical_mlp,CategoricalMLPPolicy,forward,13,3,2
tristandeleu_pytorch-maml-rl.maml_rl.policies,normal_mlp,NormalMLPPolicy,__init__,15,2,6
tristandeleu_pytorch-maml-rl.maml_rl.policies,normal_mlp,NormalMLPPolicy,forward,14,3,2
tristandeleu_pytorch-maml-rl.maml_rl.policies,policy,Policy,__init__,6,1,2
tristandeleu_pytorch-maml-rl.maml_rl.policies,policy,Policy,update_params,10,3,4
tristandeleu_pytorch-maml-rl.maml_rl.policies,policy,,weight_init,4,2,1
tristandeleu_pytorch-maml-rl.maml_rl.samplers,multi_task_sampler,MultiTaskSampler,__init__,33,2,8
tristandeleu_pytorch-maml-rl.maml_rl.samplers,multi_task_sampler,MultiTaskSampler,sample_tasks,2,1,1
tristandeleu_pytorch-maml-rl.maml_rl.samplers,multi_task_sampler,MultiTaskSampler,sample_async,13,3,1
tristandeleu_pytorch-maml-rl.maml_rl.samplers,multi_task_sampler,MultiTaskSampler,sample_wait,14,1,1
tristandeleu_pytorch-maml-rl.maml_rl.samplers,multi_task_sampler,MultiTaskSampler,sample,3,1,1
tristandeleu_pytorch-maml-rl.maml_rl.samplers,multi_task_sampler,MultiTaskSampler,train_consumer_thread,4,2,0
tristandeleu_pytorch-maml-rl.maml_rl.samplers,multi_task_sampler,MultiTaskSampler,valid_consumer_thread,4,2,0
tristandeleu_pytorch-maml-rl.maml_rl.samplers,multi_task_sampler,MultiTaskSampler,_start_consumer_threads,17,1,2
tristandeleu_pytorch-maml-rl.maml_rl.samplers,multi_task_sampler,MultiTaskSampler,_join_consumer_threads,9,3,0
tristandeleu_pytorch-maml-rl.maml_rl.samplers,multi_task_sampler,MultiTaskSampler,close,8,3,0
tristandeleu_pytorch-maml-rl.maml_rl.samplers,multi_task_sampler,SamplerWorker,__init__,15,1,13
tristandeleu_pytorch-maml-rl.maml_rl.samplers,multi_task_sampler,SamplerWorker,sample,26,2,6
tristandeleu_pytorch-maml-rl.maml_rl.samplers,multi_task_sampler,SamplerWorker,create_episodes,15,2,4
tristandeleu_pytorch-maml-rl.maml_rl.samplers,multi_task_sampler,SamplerWorker,sample_trajectories,13,2,1
tristandeleu_pytorch-maml-rl.maml_rl.samplers,multi_task_sampler,SamplerWorker,run,13,3,0
tristandeleu_pytorch-maml-rl.maml_rl.samplers,multi_task_sampler,,_create_consumer,11,5,3
tristandeleu_pytorch-maml-rl.maml_rl.samplers,sampler,Sampler,__init__,13,3,6
tristandeleu_pytorch-maml-rl.maml_rl.samplers,sampler,Sampler,sample_async,2,1,0
tristandeleu_pytorch-maml-rl.maml_rl.samplers,sampler,Sampler,sample,2,1,0
tristandeleu_pytorch-maml-rl.maml_rl.samplers,sampler,,make_env,7,1,3
tristandeleu_pytorch-maml-rl.maml_rl.tests,test_episode,,test_batch_episodes,4,1,1
tristandeleu_pytorch-maml-rl.maml_rl.tests,test_episode,,test_batch_episodes_append,28,5,0
tristandeleu_pytorch-maml-rl.maml_rl.tests.samplers,test_multi_task_sampler,,test_init,13,1,2
tristandeleu_pytorch-maml-rl.maml_rl.tests.samplers,test_multi_task_sampler,,test_sample,20,1,5
tristandeleu_pytorch-maml-rl.maml_rl.tests.utils,__init__,UnittestEnv,__init__,9,1,1
tristandeleu_pytorch-maml-rl.maml_rl.tests.utils,__init__,UnittestEnv,reset_task,2,1,0
tristandeleu_pytorch-maml-rl.maml_rl.tests.utils,__init__,UnittestEnv,reset,3,1,0
tristandeleu_pytorch-maml-rl.maml_rl.tests.utils,__init__,UnittestEnv,step,5,1,1
tristandeleu_pytorch-maml-rl.maml_rl.tests.utils,__init__,,make_unittest_env,4,0,1
tristandeleu_pytorch-maml-rl.maml_rl.tests.utils,test_torch_utils,,test_weighted_mean,16,5,0
tristandeleu_pytorch-maml-rl.maml_rl.tests.utils,test_torch_utils,,test_weighted_mean_multi_dimensional,16,5,0
tristandeleu_pytorch-maml-rl.maml_rl.tests.utils,test_torch_utils,,test_weighted_mean_side_effect,8,2,0
tristandeleu_pytorch-maml-rl.maml_rl.tests.utils,test_torch_utils,,test_weighted_normalize,7,2,0
tristandeleu_pytorch-maml-rl.maml_rl.tests.utils,test_torch_utils,,test_vector_to_parameters_no_shared_memory,16,2,0
tristandeleu_pytorch-maml-rl.maml_rl.tests.utils,test_torch_utils,,test_vector_to_parameters_shared_memory,20,3,0
tristandeleu_pytorch-maml-rl.maml_rl.utils,helpers,,get_policy_for_env,17,2,3
tristandeleu_pytorch-maml-rl.maml_rl.utils,helpers,,get_input_size,2,1,1
tristandeleu_pytorch-maml-rl.maml_rl.utils,optimization,,conjugate_gradient,18,3,4
tristandeleu_pytorch-maml-rl.maml_rl.utils,reinforcement_learning,,value_iteration,10,2,4
tristandeleu_pytorch-maml-rl.maml_rl.utils,reinforcement_learning,,value_iteration_finite_horizon,7,2,4
tristandeleu_pytorch-maml-rl.maml_rl.utils,reinforcement_learning,,get_returns,2,1,1
tristandeleu_pytorch-maml-rl.maml_rl.utils,reinforcement_learning,,reinforce_loss,8,1,3
tristandeleu_pytorch-maml-rl.maml_rl.utils,torch_utils,,weighted_mean,14,3,2
tristandeleu_pytorch-maml-rl.maml_rl.utils,torch_utils,,weighted_normalize,8,2,3
tristandeleu_pytorch-maml-rl.maml_rl.utils,torch_utils,,detach_distribution,13,4,1
tristandeleu_pytorch-maml-rl.maml_rl.utils,torch_utils,,to_numpy,9,2,1
tristandeleu_pytorch-maml-rl.maml_rl.utils,torch_utils,,vector_to_parameters,11,2,2
