Package,Module,Class,Function,LOC,CC,PC
kaushaltrivedi_fast-bert.container.bert,download_pretrained_models,,download_pretrained_files,10,2,2
kaushaltrivedi_fast-bert.container.bert,download_pretrained_models,,main,24,1,0
kaushaltrivedi_fast-bert.container.bert,predictor,ScoringService,get_predictor_model,14,2,1
kaushaltrivedi_fast-bert.container.bert,predictor,ScoringService,predict,7,2,3
kaushaltrivedi_fast-bert.container.bert,predictor,ScoringService,predict_batch,12,1,2
kaushaltrivedi_fast-bert.container.bert,predictor,ScoringService,searching_all_files,8,3,2
kaushaltrivedi_fast-bert.container.bert,predictor,ScoringService,process_batch_results,11,3,4
kaushaltrivedi_fast-bert.container.bert,predictor,,ping,6,1,0
kaushaltrivedi_fast-bert.container.bert,predictor,,get_execution_parameters,9,1,0
kaushaltrivedi_fast-bert.container.bert,predictor,,transformation,48,3,0
kaushaltrivedi_fast-bert.container.bert_batch,predictor,ScoringService,get_predictor_model,14,2,1
kaushaltrivedi_fast-bert.container.bert_batch,predictor,ScoringService,predict,7,2,3
kaushaltrivedi_fast-bert.container.bert_batch,predictor,ScoringService,predict_batch,12,1,2
kaushaltrivedi_fast-bert.container.bert_batch,predictor,ScoringService,searching_all_files,8,3,2
kaushaltrivedi_fast-bert.container.bert_batch,predictor,ScoringService,process_batch_results,11,3,4
kaushaltrivedi_fast-bert.container.bert_batch,predictor,,ping,6,1,0
kaushaltrivedi_fast-bert.container.bert_batch,predictor,,get_execution_parameters,9,1,0
kaushaltrivedi_fast-bert.container.bert_batch,predictor,,transformation,48,3,0
kaushaltrivedi_fast-bert.container_lm.bert,download_pretrained_models,,http_get,11,3,2
kaushaltrivedi_fast-bert.container_lm.bert,download_pretrained_models,,download_pretrained_files,55,10,2
kaushaltrivedi_fast-bert.container_lm.bert,download_pretrained_models,,main,25,1,0
kaushaltrivedi_fast-bert.container_ner.bert,download_pretrained_models,,http_get,11,3,2
kaushaltrivedi_fast-bert.container_ner.bert,download_pretrained_models,,download_pretrained_files,55,10,2
kaushaltrivedi_fast-bert.container_ner.bert,download_pretrained_models,,main,25,1,0
kaushaltrivedi_fast-bert.container_ner.bert,predictor,ScoringService,get_predictor_model,15,2,1
kaushaltrivedi_fast-bert.container_ner.bert,predictor,ScoringService,predict,7,2,3
kaushaltrivedi_fast-bert.container_ner.bert,predictor,ScoringService,searching_all_files,8,3,2
kaushaltrivedi_fast-bert.container_ner.bert,predictor,,ping,6,1,0
kaushaltrivedi_fast-bert.container_ner.bert,predictor,,transformation,24,2,0
kaushaltrivedi_fast-bert.container_t5.t5,download_pretrained_models,,http_get,11,3,2
kaushaltrivedi_fast-bert.container_t5.t5,download_pretrained_models,,download_pretrained_files,55,10,2
kaushaltrivedi_fast-bert.container_t5.t5,download_pretrained_models,,main,25,1,0
kaushaltrivedi_fast-bert.container_t5.t5,predictor,ScoringService,get_predictor_model,14,2,1
kaushaltrivedi_fast-bert.container_t5.t5,predictor,ScoringService,predict,7,2,3
kaushaltrivedi_fast-bert.container_t5.t5,predictor,ScoringService,searching_all_files,8,3,2
kaushaltrivedi_fast-bert.container_t5.t5,predictor,,ping,6,1,0
kaushaltrivedi_fast-bert.container_t5.t5,predictor,,transformation,24,2,0
kaushaltrivedi_fast-bert.fast_bert,bert_layers,BertLayerNorm,__init__,5,1,2
kaushaltrivedi_fast-bert.fast_bert,bert_layers,BertLayerNorm,forward,5,1,1
kaushaltrivedi_fast-bert.fast_bert,data,InputExample,__init__,11,3,4
kaushaltrivedi_fast-bert.fast_bert,data,InputFeatures,__init__,5,1,4
kaushaltrivedi_fast-bert.fast_bert,data,DataProcessor,get_train_examples,2,1,2
kaushaltrivedi_fast-bert.fast_bert,data,DataProcessor,get_dev_examples,2,1,2
kaushaltrivedi_fast-bert.fast_bert,data,DataProcessor,get_test_examples,2,1,2
kaushaltrivedi_fast-bert.fast_bert,data,DataProcessor,get_labels,2,1,0
kaushaltrivedi_fast-bert.fast_bert,data,NERTextProcessor,__init__,4,1,2
kaushaltrivedi_fast-bert.fast_bert,data,NERTextProcessor,get_train_examples,2,1,1
kaushaltrivedi_fast-bert.fast_bert,data,NERTextProcessor,get_dev_examples,2,1,2
kaushaltrivedi_fast-bert.fast_bert,data,NERTextProcessor,get_test_examples,2,1,2
kaushaltrivedi_fast-bert.fast_bert,data,NERTextProcessor,get_labels,5,2,1
kaushaltrivedi_fast-bert.fast_bert,data,NERTextProcessor,_create_examples,10,2,2
kaushaltrivedi_fast-bert.fast_bert,data,NERTextProcessor,read_col_file,22,6,1
kaushaltrivedi_fast-bert.fast_bert,data,TextProcessor,__init__,4,1,2
kaushaltrivedi_fast-bert.fast_bert,data,TextProcessor,get_train_examples,9,1,4
kaushaltrivedi_fast-bert.fast_bert,data,TextProcessor,get_dev_examples,7,1,4
kaushaltrivedi_fast-bert.fast_bert,data,TextProcessor,get_test_examples,6,1,4
kaushaltrivedi_fast-bert.fast_bert,data,TextProcessor,get_labels,5,2,1
kaushaltrivedi_fast-bert.fast_bert,data,TextProcessor,_create_examples,5,1,4
kaushaltrivedi_fast-bert.fast_bert,data,MultiLabelTextProcessor,_create_examples,16,0,4
kaushaltrivedi_fast-bert.fast_bert,data,BertDataBunch,get_dl_from_texts,21,2,1
kaushaltrivedi_fast-bert.fast_bert,data,BertDataBunch,save,5,1,1
kaushaltrivedi_fast-bert.fast_bert,data,BertDataBunch,load,11,2,3
kaushaltrivedi_fast-bert.fast_bert,data,BertDataBunch,__init__,130,15,16
kaushaltrivedi_fast-bert.fast_bert,data,,_truncate_seq_pair,9,4,3
kaushaltrivedi_fast-bert.fast_bert,data,,convert_examples_to_features,61,9,4
kaushaltrivedi_fast-bert.fast_bert,data_abs,SummarizationDataset,__init__,12,4,2
kaushaltrivedi_fast-bert.fast_bert,data_abs,SummarizationDataset,__len__,2,1,0
kaushaltrivedi_fast-bert.fast_bert,data_abs,SummarizationDataset,__getitem__,7,1,1
kaushaltrivedi_fast-bert.fast_bert,data_abs,SummarizationInMemoryDataset,__init__,3,1,1
kaushaltrivedi_fast-bert.fast_bert,data_abs,SummarizationInMemoryDataset,__len__,2,1,0
kaushaltrivedi_fast-bert.fast_bert,data_abs,SummarizationInMemoryDataset,__getitem__,4,1,1
kaushaltrivedi_fast-bert.fast_bert,data_abs,BertAbsDataBunch,__init__,55,11,12
kaushaltrivedi_fast-bert.fast_bert,data_abs,BertAbsDataBunch,get_dl_from_texts,12,1,1
kaushaltrivedi_fast-bert.fast_bert,data_abs,,process_document,19,3,1
kaushaltrivedi_fast-bert.fast_bert,data_abs,,_add_missing_period,7,1,1
kaushaltrivedi_fast-bert.fast_bert,data_abs,,collate,34,2,4
kaushaltrivedi_fast-bert.fast_bert,data_abs,,encode_for_summarization,11,1,3
kaushaltrivedi_fast-bert.fast_bert,data_abs,,encode_for_summarization_new_tokenizer,11,1,3
kaushaltrivedi_fast-bert.fast_bert,data_abs,,fit_to_block_size,7,1,3
kaushaltrivedi_fast-bert.fast_bert,data_abs,,build_mask,5,1,2
kaushaltrivedi_fast-bert.fast_bert,data_abs,,compute_token_type_ids,12,4,2
kaushaltrivedi_fast-bert.fast_bert,data_cls,InputExample,__init__,11,3,4
kaushaltrivedi_fast-bert.fast_bert,data_cls,InputFeatures,__init__,5,1,4
kaushaltrivedi_fast-bert.fast_bert,data_cls,DataProcessor,get_train_examples,2,1,2
kaushaltrivedi_fast-bert.fast_bert,data_cls,DataProcessor,get_dev_examples,2,1,2
kaushaltrivedi_fast-bert.fast_bert,data_cls,DataProcessor,get_test_examples,2,1,2
kaushaltrivedi_fast-bert.fast_bert,data_cls,DataProcessor,get_labels,2,1,0
kaushaltrivedi_fast-bert.fast_bert,data_cls,TextProcessor,__init__,4,1,2
kaushaltrivedi_fast-bert.fast_bert,data_cls,TextProcessor,get_train_examples,13,1,4
kaushaltrivedi_fast-bert.fast_bert,data_cls,TextProcessor,get_dev_examples,11,1,4
kaushaltrivedi_fast-bert.fast_bert,data_cls,TextProcessor,get_test_examples,10,1,4
kaushaltrivedi_fast-bert.fast_bert,data_cls,TextProcessor,get_labels,8,2,1
kaushaltrivedi_fast-bert.fast_bert,data_cls,TextProcessor,_create_examples,21,1,4
kaushaltrivedi_fast-bert.fast_bert,data_cls,MultiLabelTextProcessor,_create_examples,32,0,4
kaushaltrivedi_fast-bert.fast_bert,data_cls,LRFinderDataset,__init__,5,1,4
kaushaltrivedi_fast-bert.fast_bert,data_cls,LRFinderDataset,__getitem__,2,1,1
kaushaltrivedi_fast-bert.fast_bert,data_cls,LRFinderDataset,__len__,2,1,0
kaushaltrivedi_fast-bert.fast_bert,data_cls,BertDataBunch,__init__,119,16,21
kaushaltrivedi_fast-bert.fast_bert,data_cls,BertDataBunch,get_dl_from_texts,12,2,1
kaushaltrivedi_fast-bert.fast_bert,data_cls,BertDataBunch,save,5,1,1
kaushaltrivedi_fast-bert.fast_bert,data_cls,BertDataBunch,get_dataset_from_examples,74,9,4
kaushaltrivedi_fast-bert.fast_bert,data_cls,,_truncate_seq_pair,9,4,3
kaushaltrivedi_fast-bert.fast_bert,data_cls,,convert_examples_to_features,99,12,16
kaushaltrivedi_fast-bert.fast_bert,data_lm,TextDataset,__init__,25,2,5
kaushaltrivedi_fast-bert.fast_bert,data_lm,TextDataset,__len__,2,1,0
kaushaltrivedi_fast-bert.fast_bert,data_lm,TextDataset,__getitem__,2,1,1
kaushaltrivedi_fast-bert.fast_bert,data_lm,BertLMDataBunch,from_raw_corpus,21,1,11
kaushaltrivedi_fast-bert.fast_bert,data_lm,BertLMDataBunch,__init__,79,9,11
kaushaltrivedi_fast-bert.fast_bert,data_lm,BertLMDataBunch,mask_tokens,24,1,2
kaushaltrivedi_fast-bert.fast_bert,data_lm,BertLMDataBunch,save,5,1,1
kaushaltrivedi_fast-bert.fast_bert,data_lm,,create_corpus,13,2,3
kaushaltrivedi_fast-bert.fast_bert,data_lm,,spec_add_spaces,2,1,1
kaushaltrivedi_fast-bert.fast_bert,data_lm,,rm_useless_spaces,2,1,1
kaushaltrivedi_fast-bert.fast_bert,data_lm,,replace_multi_newline,2,1,1
kaushaltrivedi_fast-bert.fast_bert,data_lm,,fix_html,18,1,1
kaushaltrivedi_fast-bert.fast_bert,data_ner,NerDataset,__init__,21,1,10
kaushaltrivedi_fast-bert.fast_bert,data_ner,NerDataset,__len__,2,1,0
kaushaltrivedi_fast-bert.fast_bert,data_ner,NerDataset,__getitem__,2,1,1
kaushaltrivedi_fast-bert.fast_bert,data_ner,BertNERDataBunch,from_jsonl,45,6,17
kaushaltrivedi_fast-bert.fast_bert,data_ner,BertNERDataBunch,__init__,85,9,17
kaushaltrivedi_fast-bert.fast_bert,data_ner,,read_examples_from_file,33,8,3
kaushaltrivedi_fast-bert.fast_bert,data_ner,,convert_examples_to_features,109,11,16
kaushaltrivedi_fast-bert.fast_bert,data_ner,,get_labels,19,2,1
kaushaltrivedi_fast-bert.fast_bert,data_ner,,convert_data,22,5,2
kaushaltrivedi_fast-bert.fast_bert,data_ner,,flatten,26,2,1
kaushaltrivedi_fast-bert.fast_bert,data_ner,,flatten_all,2,1,1
kaushaltrivedi_fast-bert.fast_bert,data_ner,,json_to_text,6,3,2
kaushaltrivedi_fast-bert.fast_bert,data_qa,QAExample,__init__,8,1,7
kaushaltrivedi_fast-bert.fast_bert,data_qa,QAExample,__str__,2,1,0
kaushaltrivedi_fast-bert.fast_bert,data_qa,QAExample,__repr__,13,4,0
kaushaltrivedi_fast-bert.fast_bert,data_qa,InputFeatures,__init__,16,1,15
kaushaltrivedi_fast-bert.fast_bert,data_qa,BertQADataBunch,__init__,143,15,16
kaushaltrivedi_fast-bert.fast_bert,data_qa,BertQADataBunch,save,5,1,1
kaushaltrivedi_fast-bert.fast_bert,data_qa,,read_examples,73,13,4
kaushaltrivedi_fast-bert.fast_bert,data_qa,,convert_examples_to_features,176,28,16
kaushaltrivedi_fast-bert.fast_bert,data_qa,,_improve_answer_span,8,3,5
kaushaltrivedi_fast-bert.fast_bert,data_qa,,_check_is_max_context,16,6,3
kaushaltrivedi_fast-bert.fast_bert,learner_abs,BertAbsLearner,from_pretrained_model,38,3,20
kaushaltrivedi_fast-bert.fast_bert,learner_abs,BertAbsLearner,__init__,42,2,20
kaushaltrivedi_fast-bert.fast_bert,learner_abs,BertAbsLearner,fit,4,1,5
kaushaltrivedi_fast-bert.fast_bert,learner_abs,BertAbsLearner,validate,4,1,0
kaushaltrivedi_fast-bert.fast_bert,learner_abs,BertAbsLearner,predict_batch,16,3,1
kaushaltrivedi_fast-bert.fast_bert,learner_abs,,format_summary,14,1,1
kaushaltrivedi_fast-bert.fast_bert,learner_cls copy,BertLearner,from_pretrained_model,37,3,24
kaushaltrivedi_fast-bert.fast_bert,learner_cls copy,BertLearner,__init__,69,5,22
kaushaltrivedi_fast-bert.fast_bert,learner_cls copy,BertLearner,fit,126,15,6
kaushaltrivedi_fast-bert.fast_bert,learner_cls copy,BertLearner,training_step,25,6,1
kaushaltrivedi_fast-bert.fast_bert,learner_cls copy,BertLearner,validate,66,10,3
kaushaltrivedi_fast-bert.fast_bert,learner_cls copy,BertLearner,predict_batch,51,13,2
kaushaltrivedi_fast-bert.fast_bert,learner_cls copy,BertLearner,reset,6,2,0
kaushaltrivedi_fast-bert.fast_bert,learner_cls copy,BertLearner,lr_find,51,14,8
kaushaltrivedi_fast-bert.fast_bert,learner_cls copy,BertLearner,_train_batch,41,7,1
kaushaltrivedi_fast-bert.fast_bert,learner_cls copy,BertLearner,_validate,22,3,1
kaushaltrivedi_fast-bert.fast_bert,learner_cls copy,BertLearner,_set_learning_rate,10,4,1
kaushaltrivedi_fast-bert.fast_bert,learner_cls copy,BertLearner,_check_for_scheduler,4,3,0
kaushaltrivedi_fast-bert.fast_bert,learner_cls copy,BertLearner,plot,29,10,5
kaushaltrivedi_fast-bert.fast_bert,learner_cls copy,LinearLR,__init__,6,2,4
kaushaltrivedi_fast-bert.fast_bert,learner_cls copy,LinearLR,get_lr,7,2,0
kaushaltrivedi_fast-bert.fast_bert,learner_cls copy,ExponentialLR,__init__,6,2,4
kaushaltrivedi_fast-bert.fast_bert,learner_cls copy,ExponentialLR,get_lr,7,2,0
kaushaltrivedi_fast-bert.fast_bert,learner_cls copy,StateCacher,__init__,11,3,2
kaushaltrivedi_fast-bert.fast_bert,learner_cls copy,StateCacher,store,7,2,2
kaushaltrivedi_fast-bert.fast_bert,learner_cls copy,StateCacher,retrieve,13,3,1
kaushaltrivedi_fast-bert.fast_bert,learner_cls copy,StateCacher,__del__,6,4,0
kaushaltrivedi_fast-bert.fast_bert,learner_cls copy,DataLoaderIter,__init__,3,1,1
kaushaltrivedi_fast-bert.fast_bert,learner_cls copy,DataLoaderIter,dataset,2,1,0
kaushaltrivedi_fast-bert.fast_bert,learner_cls copy,DataLoaderIter,inputs_labels_from_batch,9,3,1
kaushaltrivedi_fast-bert.fast_bert,learner_cls copy,DataLoaderIter,__iter__,2,1,0
kaushaltrivedi_fast-bert.fast_bert,learner_cls copy,DataLoaderIter,__next__,3,1,0
kaushaltrivedi_fast-bert.fast_bert,learner_cls copy,TrainDataLoaderIter,__init__,3,1,2
kaushaltrivedi_fast-bert.fast_bert,learner_cls copy,TrainDataLoaderIter,__next__,10,3,0
kaushaltrivedi_fast-bert.fast_bert,learner_cls copy,,load_model,43,5,7
kaushaltrivedi_fast-bert.fast_bert,learner_cls,BertLearner,from_pretrained_model,37,3,24
kaushaltrivedi_fast-bert.fast_bert,learner_cls,BertLearner,__init__,82,6,22
kaushaltrivedi_fast-bert.fast_bert,learner_cls,BertLearner,fit,180,20,6
kaushaltrivedi_fast-bert.fast_bert,learner_cls,BertLearner,training_step,25,6,1
kaushaltrivedi_fast-bert.fast_bert,learner_cls,BertLearner,validate,70,10,3
kaushaltrivedi_fast-bert.fast_bert,learner_cls,BertLearner,predict_batch,54,13,2
kaushaltrivedi_fast-bert.fast_bert,learner_cls,BertLearner,reset,6,2,0
kaushaltrivedi_fast-bert.fast_bert,learner_cls,BertLearner,lr_find,51,14,8
kaushaltrivedi_fast-bert.fast_bert,learner_cls,BertLearner,_train_batch,41,7,1
kaushaltrivedi_fast-bert.fast_bert,learner_cls,BertLearner,_validate,22,3,1
kaushaltrivedi_fast-bert.fast_bert,learner_cls,BertLearner,_set_learning_rate,10,4,1
kaushaltrivedi_fast-bert.fast_bert,learner_cls,BertLearner,_check_for_scheduler,4,3,0
kaushaltrivedi_fast-bert.fast_bert,learner_cls,BertLearner,plot,29,10,5
kaushaltrivedi_fast-bert.fast_bert,learner_cls,LinearLR,__init__,6,2,4
kaushaltrivedi_fast-bert.fast_bert,learner_cls,LinearLR,get_lr,7,2,0
kaushaltrivedi_fast-bert.fast_bert,learner_cls,ExponentialLR,__init__,6,2,4
kaushaltrivedi_fast-bert.fast_bert,learner_cls,ExponentialLR,get_lr,7,2,0
kaushaltrivedi_fast-bert.fast_bert,learner_cls,StateCacher,__init__,11,3,2
kaushaltrivedi_fast-bert.fast_bert,learner_cls,StateCacher,store,7,2,2
kaushaltrivedi_fast-bert.fast_bert,learner_cls,StateCacher,retrieve,13,3,1
kaushaltrivedi_fast-bert.fast_bert,learner_cls,StateCacher,__del__,6,4,0
kaushaltrivedi_fast-bert.fast_bert,learner_cls,DataLoaderIter,__init__,3,1,1
kaushaltrivedi_fast-bert.fast_bert,learner_cls,DataLoaderIter,dataset,2,1,0
kaushaltrivedi_fast-bert.fast_bert,learner_cls,DataLoaderIter,inputs_labels_from_batch,9,3,1
kaushaltrivedi_fast-bert.fast_bert,learner_cls,DataLoaderIter,__iter__,2,1,0
kaushaltrivedi_fast-bert.fast_bert,learner_cls,DataLoaderIter,__next__,3,1,0
kaushaltrivedi_fast-bert.fast_bert,learner_cls,TrainDataLoaderIter,__init__,3,1,2
kaushaltrivedi_fast-bert.fast_bert,learner_cls,TrainDataLoaderIter,__next__,10,3,0
kaushaltrivedi_fast-bert.fast_bert,learner_cls,,load_model,45,5,7
kaushaltrivedi_fast-bert.fast_bert,learner_lm,BertLMLearner,from_pretrained_model,26,3,14
kaushaltrivedi_fast-bert.fast_bert,learner_lm,BertLMLearner,__init__,26,3,15
kaushaltrivedi_fast-bert.fast_bert,learner_lm,BertLMLearner,fit,129,15,5
kaushaltrivedi_fast-bert.fast_bert,learner_lm,BertLMLearner,training_step,20,5,1
kaushaltrivedi_fast-bert.fast_bert,learner_lm,BertLMLearner,validate,26,2,0
kaushaltrivedi_fast-bert.fast_bert,learner_lm,BertLMLearner,save_model,10,2,1
kaushaltrivedi_fast-bert.fast_bert,learner_ner,BertNERLearner,from_pretrained_model,23,3,16
kaushaltrivedi_fast-bert.fast_bert,learner_ner,BertNERLearner,__init__,45,2,16
kaushaltrivedi_fast-bert.fast_bert,learner_ner,BertNERLearner,fit,5,1,3
kaushaltrivedi_fast-bert.fast_bert,learner_ner,BertNERLearner,validate,7,2,2
kaushaltrivedi_fast-bert.fast_bert,learner_ner,BertNERLearner,predict_batch,55,10,4
kaushaltrivedi_fast-bert.fast_bert,learner_ner,BertNERLearner,predict,39,6,3
kaushaltrivedi_fast-bert.fast_bert,learner_ner,BertNERLearner,save_model,9,3,1
kaushaltrivedi_fast-bert.fast_bert,learner_ner,BertNERLearner,get_trainer,10,2,0
kaushaltrivedi_fast-bert.fast_bert,learner_ner,BertNERLearner,align_predictions,11,4,2
kaushaltrivedi_fast-bert.fast_bert,learner_ner,BertNERLearner,compute_metrics,7,1,1
kaushaltrivedi_fast-bert.fast_bert,learner_ner,,load_model,22,3,4
kaushaltrivedi_fast-bert.fast_bert,learner_ner,,group_sub_entities,12,1,1
kaushaltrivedi_fast-bert.fast_bert,learner_ner,,convert_tokens_to_string,8,3,1
kaushaltrivedi_fast-bert.fast_bert,learner_ner,,group_entities,34,9,1
kaushaltrivedi_fast-bert.fast_bert,learner_qa,BertQALearner,from_pretrained_model,10,1,13
kaushaltrivedi_fast-bert.fast_bert,learner_qa,BertQALearner,__init__,6,1,14
kaushaltrivedi_fast-bert.fast_bert,learner_qa,BertQALearner,fit,106,19,5
kaushaltrivedi_fast-bert.fast_bert,learner_qa,BertQALearner,validate,70,7,5
kaushaltrivedi_fast-bert.fast_bert,learner_qa,,write_predictions,179,32,13
kaushaltrivedi_fast-bert.fast_bert,learner_qa,,write_predictions_extended,166,20,15
kaushaltrivedi_fast-bert.fast_bert,learner_qa,,get_final_text,50,11,5
kaushaltrivedi_fast-bert.fast_bert,learner_qa,,_get_best_indexes,8,3,2
kaushaltrivedi_fast-bert.fast_bert,learner_qa,,_compute_softmax,17,6,1
kaushaltrivedi_fast-bert.fast_bert,learner_qa,,to_list,2,1,1
kaushaltrivedi_fast-bert.fast_bert,learner_util,Learner,__init__,25,3,14
kaushaltrivedi_fast-bert.fast_bert,learner_util,Learner,get_optimizer,29,3,2
kaushaltrivedi_fast-bert.fast_bert,learner_util,Learner,get_scheduler,23,2,3
kaushaltrivedi_fast-bert.fast_bert,learner_util,Learner,save_model,11,2,1
kaushaltrivedi_fast-bert.fast_bert,metrics,,accuracy,4,1,2
kaushaltrivedi_fast-bert.fast_bert,metrics,,accuracy_multilabel,8,2,3
kaushaltrivedi_fast-bert.fast_bert,metrics,,accuracy_thresh,4,2,4
kaushaltrivedi_fast-bert.fast_bert,metrics,,fbeta,11,2,6
kaushaltrivedi_fast-bert.fast_bert,metrics,,roc_auc,9,1,2
kaushaltrivedi_fast-bert.fast_bert,metrics,,Hamming_loss,5,2,5
kaushaltrivedi_fast-bert.fast_bert,metrics,,Exact_Match_Ratio,7,2,6
kaushaltrivedi_fast-bert.fast_bert,metrics,,F1,2,1,3
kaushaltrivedi_fast-bert.fast_bert,metrics,,confusion_matrix,8,2,2
kaushaltrivedi_fast-bert.fast_bert,modeling,DistilBertForMultiLabelSequenceClassification,forward,19,2,4
kaushaltrivedi_fast-bert.fast_bert,modeling,RobertaForMultiLabelSequenceClassification,forward,19,2,6
kaushaltrivedi_fast-bert.fast_bert,modeling,BertForMultiLabelSequenceClassification,forward,21,2,6
kaushaltrivedi_fast-bert.fast_bert,modeling,XLNetForMultiLabelSequenceClassification,forward,23,2,9
kaushaltrivedi_fast-bert.fast_bert,modeling,AlbertForMultiLabelSequenceClassification,forward,20,2,6
kaushaltrivedi_fast-bert.fast_bert,modeling,CamembertForMultiLabelSequenceClassification,forward,19,2,6
kaushaltrivedi_fast-bert.fast_bert,modeling,ElectraForMultiLabelSequenceClassification,forward,20,2,7
kaushaltrivedi_fast-bert.fast_bert,modeling,FlaubertForMultiLabelSequenceClassification,forward,26,2,12
kaushaltrivedi_fast-bert.fast_bert,onnx_helper,,create_model_for_provider,10,1,2
kaushaltrivedi_fast-bert.fast_bert,onnx_helper,,load_model,9,2,1
kaushaltrivedi_fast-bert.fast_bert,optimization,_LRSchedule,__init__,11,4,2
kaushaltrivedi_fast-bert.fast_bert,optimization,_LRSchedule,get_lr,13,3,2
kaushaltrivedi_fast-bert.fast_bert,optimization,_LRSchedule,get_lr_,4,1,1
kaushaltrivedi_fast-bert.fast_bert,optimization,ConstantLR,get_lr_,2,1,1
kaushaltrivedi_fast-bert.fast_bert,optimization,WarmupCosineSchedule,__init__,5,1,3
kaushaltrivedi_fast-bert.fast_bert,optimization,WarmupCosineSchedule,get_lr_,6,1,1
kaushaltrivedi_fast-bert.fast_bert,optimization,WarmupCosineWithHardRestartsSchedule,__init__,3,1,3
kaushaltrivedi_fast-bert.fast_bert,optimization,WarmupCosineWithHardRestartsSchedule,get_lr_,7,1,1
kaushaltrivedi_fast-bert.fast_bert,optimization,WarmupCosineWithWarmupRestartsSchedule,__init__,4,1,3
kaushaltrivedi_fast-bert.fast_bert,optimization,WarmupCosineWithWarmupRestartsSchedule,get_lr_,8,1,1
kaushaltrivedi_fast-bert.fast_bert,optimization,WarmupConstantSchedule,get_lr_,4,1,1
kaushaltrivedi_fast-bert.fast_bert,optimization,WarmupLinearSchedule,get_lr_,4,1,1
kaushaltrivedi_fast-bert.fast_bert,optimization,BertAdam,__init__,22,11,10
kaushaltrivedi_fast-bert.fast_bert,optimization,BertAdam,get_lr,11,3,0
kaushaltrivedi_fast-bert.fast_bert,optimization,BertAdam,step,54,9,1
kaushaltrivedi_fast-bert.fast_bert,prediction,BertClassificationPredictor,__init__,17,2,7
kaushaltrivedi_fast-bert.fast_bert,prediction,BertClassificationPredictor,get_learner,30,1,0
kaushaltrivedi_fast-bert.fast_bert,prediction,BertClassificationPredictor,predict_batch,2,1,2
kaushaltrivedi_fast-bert.fast_bert,prediction,BertClassificationPredictor,predict,3,1,2
kaushaltrivedi_fast-bert.fast_bert,prediction,BertOnnxClassificationPredictor,__init__,20,2,8
kaushaltrivedi_fast-bert.fast_bert,prediction,BertOnnxClassificationPredictor,predict,7,1,2
kaushaltrivedi_fast-bert.fast_bert,prediction,,softmax,5,1,2
kaushaltrivedi_fast-bert.fast_bert,prediction_ner,BertNERPredictor,__init__,16,2,6
kaushaltrivedi_fast-bert.fast_bert,prediction_ner,BertNERPredictor,get_learner,26,1,0
kaushaltrivedi_fast-bert.fast_bert,prediction_ner,BertNERPredictor,predict_batch,6,3,3
kaushaltrivedi_fast-bert.fast_bert,prediction_ner,BertNERPredictor,predict,5,1,3
kaushaltrivedi_fast-bert.fast_bert,prediction_ner,BertOnnxNERPredictor,__init__,18,2,7
kaushaltrivedi_fast-bert.fast_bert,prediction_ner,BertOnnxNERPredictor,predict,34,5,3
kaushaltrivedi_fast-bert.fast_bert,prediction_ner,BertOnnxNERPredictor,predict_batch,6,3,3
kaushaltrivedi_fast-bert.fast_bert,prediction_ner,,softmax,5,1,2
kaushaltrivedi_fast-bert.fast_bert,utils_squad_evaluate,EVAL_OPTS,__init__,8,1,7
kaushaltrivedi_fast-bert.fast_bert,utils_squad_evaluate,,parse_args,17,2,0
kaushaltrivedi_fast-bert.fast_bert,utils_squad_evaluate,,make_qid_to_has_ans,7,4,1
kaushaltrivedi_fast-bert.fast_bert,utils_squad_evaluate,,normalize_answer,12,-3,1
kaushaltrivedi_fast-bert.fast_bert,utils_squad_evaluate,,get_tokens,3,1,1
kaushaltrivedi_fast-bert.fast_bert,utils_squad_evaluate,,compute_exact,2,1,2
kaushaltrivedi_fast-bert.fast_bert,utils_squad_evaluate,,compute_f1,14,2,2
kaushaltrivedi_fast-bert.fast_bert,utils_squad_evaluate,,get_raw_scores,20,6,2
kaushaltrivedi_fast-bert.fast_bert,utils_squad_evaluate,,apply_no_ans_threshold,9,3,4
kaushaltrivedi_fast-bert.fast_bert,utils_squad_evaluate,,make_eval_dict,15,1,3
kaushaltrivedi_fast-bert.fast_bert,utils_squad_evaluate,,merge_eval,3,2,3
kaushaltrivedi_fast-bert.fast_bert,utils_squad_evaluate,,plot_pr_curve,10,1,4
kaushaltrivedi_fast-bert.fast_bert,utils_squad_evaluate,,make_precision_recall_eval,21,6,6
kaushaltrivedi_fast-bert.fast_bert,utils_squad_evaluate,,run_precision_recall_analysis,22,4,6
kaushaltrivedi_fast-bert.fast_bert,utils_squad_evaluate,,histogram_na_prob,11,2,4
kaushaltrivedi_fast-bert.fast_bert,utils_squad_evaluate,,find_best_thresh,20,6,4
kaushaltrivedi_fast-bert.fast_bert,utils_squad_evaluate,,find_best_thresh_v2,27,9,4
kaushaltrivedi_fast-bert.fast_bert,utils_squad_evaluate,,find_all_best_thresh,7,1,6
kaushaltrivedi_fast-bert.fast_bert,utils_squad_evaluate,,find_all_best_thresh_v2,9,1,6
kaushaltrivedi_fast-bert.fast_bert,utils_squad_evaluate,,main,39,8,1
kaushaltrivedi_fast-bert.fast_bert.summarisation,configuration_bertabs,BertAbsConfig,__init__,14,1,12
kaushaltrivedi_fast-bert.fast_bert.summarisation,modeling_bertabs,BertAbs,__init__,55,4,3
kaushaltrivedi_fast-bert.fast_bert.summarisation,modeling_bertabs,BertAbs,init_weights,14,8,0
kaushaltrivedi_fast-bert.fast_bert.summarisation,modeling_bertabs,BertAbs,forward,14,1,5
kaushaltrivedi_fast-bert.fast_bert.summarisation,modeling_bertabs,Bert,__init__,4,1,0
kaushaltrivedi_fast-bert.fast_bert.summarisation,modeling_bertabs,Bert,forward,10,1,3
kaushaltrivedi_fast-bert.fast_bert.summarisation,modeling_bertabs,TransformerDecoder,__init__,13,1,7
kaushaltrivedi_fast-bert.fast_bert.summarisation,modeling_bertabs,TransformerDecoder,forward,53,9,8
kaushaltrivedi_fast-bert.fast_bert.summarisation,modeling_bertabs,TransformerDecoder,init_decoder_state,5,2,3
kaushaltrivedi_fast-bert.fast_bert.summarisation,modeling_bertabs,PositionalEncoding,__init__,13,1,3
kaushaltrivedi_fast-bert.fast_bert.summarisation,modeling_bertabs,PositionalEncoding,forward,9,2,2
kaushaltrivedi_fast-bert.fast_bert.summarisation,modeling_bertabs,PositionalEncoding,get_emb,2,1,1
kaushaltrivedi_fast-bert.fast_bert.summarisation,modeling_bertabs,TransformerDecoderLayer,__init__,10,1,4
kaushaltrivedi_fast-bert.fast_bert.summarisation,modeling_bertabs,TransformerDecoderLayer,forward,32,2,7
kaushaltrivedi_fast-bert.fast_bert.summarisation,modeling_bertabs,TransformerDecoderLayer,_get_attn_subsequent_mask,7,1,1
kaushaltrivedi_fast-bert.fast_bert.summarisation,modeling_bertabs,MultiHeadedAttention,__init__,14,2,4
kaushaltrivedi_fast-bert.fast_bert.summarisation,modeling_bertabs,MultiHeadedAttention,forward,85,9,7
kaushaltrivedi_fast-bert.fast_bert.summarisation,modeling_bertabs,DecoderState,detach,3,1,0
kaushaltrivedi_fast-bert.fast_bert.summarisation,modeling_bertabs,DecoderState,beam_update,14,3,3
kaushaltrivedi_fast-bert.fast_bert.summarisation,modeling_bertabs,DecoderState,map_batch_fn,2,1,1
kaushaltrivedi_fast-bert.fast_bert.summarisation,modeling_bertabs,TransformerDecoderState,__init__,7,1,1
kaushaltrivedi_fast-bert.fast_bert.summarisation,modeling_bertabs,TransformerDecoderState,_all,7,2,0
kaushaltrivedi_fast-bert.fast_bert.summarisation,modeling_bertabs,TransformerDecoderState,detach,6,3,0
kaushaltrivedi_fast-bert.fast_bert.summarisation,modeling_bertabs,TransformerDecoderState,update_state,5,1,2
kaushaltrivedi_fast-bert.fast_bert.summarisation,modeling_bertabs,TransformerDecoderState,_init_cache,7,2,2
kaushaltrivedi_fast-bert.fast_bert.summarisation,modeling_bertabs,TransformerDecoderState,repeat_beam_size_times,2,1,1
kaushaltrivedi_fast-bert.fast_bert.summarisation,modeling_bertabs,TransformerDecoderState,map_batch_fn,11,5,1
kaushaltrivedi_fast-bert.fast_bert.summarisation,modeling_bertabs,PositionwiseFeedForward,__init__,8,1,3
kaushaltrivedi_fast-bert.fast_bert.summarisation,modeling_bertabs,PositionwiseFeedForward,forward,4,1,1
kaushaltrivedi_fast-bert.fast_bert.summarisation,modeling_bertabs,GNMTGlobalScorer,__init__,4,1,2
kaushaltrivedi_fast-bert.fast_bert.summarisation,modeling_bertabs,GNMTGlobalScorer,score,5,1,2
kaushaltrivedi_fast-bert.fast_bert.summarisation,modeling_bertabs,PenaltyBuilder,__init__,2,1,1
kaushaltrivedi_fast-bert.fast_bert.summarisation,modeling_bertabs,PenaltyBuilder,length_penalty,7,1,0
kaushaltrivedi_fast-bert.fast_bert.summarisation,modeling_bertabs,PenaltyBuilder,length_wu,5,1,3
kaushaltrivedi_fast-bert.fast_bert.summarisation,modeling_bertabs,PenaltyBuilder,length_average,4,1,3
kaushaltrivedi_fast-bert.fast_bert.summarisation,modeling_bertabs,PenaltyBuilder,length_none,4,1,4
kaushaltrivedi_fast-bert.fast_bert.summarisation,modeling_bertabs,Translator,__init__,13,1,6
kaushaltrivedi_fast-bert.fast_bert.summarisation,modeling_bertabs,Translator,translate,6,1,3
kaushaltrivedi_fast-bert.fast_bert.summarisation,modeling_bertabs,Translator,translate_batch,7,1,2
kaushaltrivedi_fast-bert.fast_bert.summarisation,modeling_bertabs,Translator,_fast_translate_batch,140,17,3
kaushaltrivedi_fast-bert.fast_bert.summarisation,modeling_bertabs,Translator,from_batch,33,4,1
kaushaltrivedi_fast-bert.fast_bert.summarisation,modeling_bertabs,BertSumOptimizer,__init__,21,1,6
kaushaltrivedi_fast-bert.fast_bert.summarisation,modeling_bertabs,BertSumOptimizer,_update_rate,4,1,1
kaushaltrivedi_fast-bert.fast_bert.summarisation,modeling_bertabs,BertSumOptimizer,zero_grad,3,1,0
kaushaltrivedi_fast-bert.fast_bert.summarisation,modeling_bertabs,BertSumOptimizer,step,8,3,0
kaushaltrivedi_fast-bert.fast_bert.summarisation,modeling_bertabs,,gelu,6,1,1
kaushaltrivedi_fast-bert.fast_bert.summarisation,modeling_bertabs,,build_predictor,6,1,5
kaushaltrivedi_fast-bert.fast_bert.summarisation,modeling_bertabs,,tile,21,3,3
kaushaltrivedi_fast-bert.fast_bert.utils,spellcheck,BingSpellCheck,__init__,3,1,1
kaushaltrivedi_fast-bert.fast_bert.utils,spellcheck,BingSpellCheck,spell_check,18,2,2
