Package,Module,Class,Smell,Function/Method,Line no,File,Details
yunjey_pytorch-tutorial.tutorials.01-basics.feedforward_neural_network,main,,Long statement,,19,/Volumes/BrokeExt/NICHE/yunjey_pytorch-tutorial/tutorials/01-basics/feedforward_neural_network/main.py,A line with 121 chars in main exceeds the maximum length of 120 characters.
yunjey_pytorch-tutorial.tutorials.01-basics.linear_regression,main,,Long statement,,14,/Volumes/BrokeExt/NICHE/yunjey_pytorch-tutorial/tutorials/01-basics/linear_regression/main.py,A line with 163 chars in main exceeds the maximum length of 120 characters.
yunjey_pytorch-tutorial.tutorials.01-basics.linear_regression,main,,Long statement,,18,/Volumes/BrokeExt/NICHE/yunjey_pytorch-tutorial/tutorials/01-basics/linear_regression/main.py,A line with 164 chars in main exceeds the maximum length of 120 characters.
yunjey_pytorch-tutorial.tutorials.01-basics.logistic_regression,main,,Long statement,,15,/Volumes/BrokeExt/NICHE/yunjey_pytorch-tutorial/tutorials/01-basics/logistic_regression/main.py,A line with 121 chars in main exceeds the maximum length of 120 characters.
yunjey_pytorch-tutorial.tutorials.01-basics.pytorch_basics,main,,Long statement,,105,/Volumes/BrokeExt/NICHE/yunjey_pytorch-tutorial/tutorials/01-basics/pytorch_basics/main.py,A line with 124 chars in main exceeds the maximum length of 120 characters.
yunjey_pytorch-tutorial.tutorials.02-intermediate.bidirectional_recurrent_neural_network,main,,Long statement,,21,/Volumes/BrokeExt/NICHE/yunjey_pytorch-tutorial/tutorials/02-intermediate/bidirectional_recurrent_neural_network/main.py,A line with 122 chars in main exceeds the maximum length of 120 characters.
yunjey_pytorch-tutorial.tutorials.02-intermediate.convolutional_neural_network,main,ConvNet,Long statement,__init__,39,/Volumes/BrokeExt/NICHE/yunjey_pytorch-tutorial/tutorials/02-intermediate/convolutional_neural_network/main.py,A line with 151 chars in __init__ exceeds the maximum length of 120 characters.
yunjey_pytorch-tutorial.tutorials.02-intermediate.convolutional_neural_network,main,ConvNet,Long statement,__init__,44,/Volumes/BrokeExt/NICHE/yunjey_pytorch-tutorial/tutorials/02-intermediate/convolutional_neural_network/main.py,A line with 152 chars in __init__ exceeds the maximum length of 120 characters.
yunjey_pytorch-tutorial.tutorials.02-intermediate.convolutional_neural_network,main,,Long statement,,17,/Volumes/BrokeExt/NICHE/yunjey_pytorch-tutorial/tutorials/02-intermediate/convolutional_neural_network/main.py,A line with 122 chars in main exceeds the maximum length of 120 characters.
yunjey_pytorch-tutorial.tutorials.02-intermediate.convolutional_neural_network,main,ConvNet,Magic number,__init__,37,/Volumes/BrokeExt/NICHE/yunjey_pytorch-tutorial/tutorials/02-intermediate/convolutional_neural_network/main.py,Magic number 10 used in __init__.
yunjey_pytorch-tutorial.tutorials.02-intermediate.deep_residual_network,main,,Long statement,,23,/Volumes/BrokeExt/NICHE/yunjey_pytorch-tutorial/tutorials/02-intermediate/deep_residual_network/main.py,A line with 136 chars in main exceeds the maximum length of 120 characters.
yunjey_pytorch-tutorial.tutorials.02-intermediate.deep_residual_network,main,ResNet,Magic number,__init__,79,/Volumes/BrokeExt/NICHE/yunjey_pytorch-tutorial/tutorials/02-intermediate/deep_residual_network/main.py,Magic number 10 used in __init__.
yunjey_pytorch-tutorial.tutorials.02-intermediate.deep_residual_network,main,ResNet,Magic number,__init__,81,/Volumes/BrokeExt/NICHE/yunjey_pytorch-tutorial/tutorials/02-intermediate/deep_residual_network/main.py,Magic number 16 used in __init__.
yunjey_pytorch-tutorial.tutorials.02-intermediate.language_model,data_utils,Corpus,Magic number,get_data,25,/Volumes/BrokeExt/NICHE/yunjey_pytorch-tutorial/tutorials/02-intermediate/language_model/data_utils.py,Magic number 20 used in get_data.
yunjey_pytorch-tutorial.tutorials.02-intermediate.language_model,main,,Long statement,,65,/Volumes/BrokeExt/NICHE/yunjey_pytorch-tutorial/tutorials/02-intermediate/language_model/main.py,A line with 131 chars in main exceeds the maximum length of 120 characters.
yunjey_pytorch-tutorial.tutorials.02-intermediate.language_model,main,,Long statement,,86,/Volumes/BrokeExt/NICHE/yunjey_pytorch-tutorial/tutorials/02-intermediate/language_model/main.py,A line with 155 chars in main exceeds the maximum length of 120 characters.
yunjey_pytorch-tutorial.tutorials.02-intermediate.recurrent_neural_network,main,,Long statement,,21,/Volumes/BrokeExt/NICHE/yunjey_pytorch-tutorial/tutorials/02-intermediate/recurrent_neural_network/main.py,A line with 122 chars in main exceeds the maximum length of 120 characters.
yunjey_pytorch-tutorial.tutorials.03-advanced.generative_adversarial_network,main,,Long statement,,46,/Volumes/BrokeExt/NICHE/yunjey_pytorch-tutorial/tutorials/03-advanced/generative_adversarial_network/main.py,A line with 169 chars in main exceeds the maximum length of 120 characters.
yunjey_pytorch-tutorial.tutorials.03-advanced.generative_adversarial_network,main,,Long statement,,55,/Volumes/BrokeExt/NICHE/yunjey_pytorch-tutorial/tutorials/03-advanced/generative_adversarial_network/main.py,A line with 160 chars in main exceeds the maximum length of 120 characters.
yunjey_pytorch-tutorial.tutorials.03-advanced.generative_adversarial_network,main,,Long statement,,133,/Volumes/BrokeExt/NICHE/yunjey_pytorch-tutorial/tutorials/03-advanced/generative_adversarial_network/main.py,A line with 228 chars in main exceeds the maximum length of 120 characters.
yunjey_pytorch-tutorial.tutorials.03-advanced.generative_adversarial_network,main,,Magic number,denorm,73,/Volumes/BrokeExt/NICHE/yunjey_pytorch-tutorial/tutorials/03-advanced/generative_adversarial_network/main.py,Magic number 2 used in denorm.
yunjey_pytorch-tutorial.tutorials.03-advanced.image_captioning,build_vocab,,Long statement,,68,/Volumes/BrokeExt/NICHE/yunjey_pytorch-tutorial/tutorials/03-advanced/image_captioning/build_vocab.py,A line with 138 chars in build_vocab exceeds the maximum length of 120 characters.
yunjey_pytorch-tutorial.tutorials.03-advanced.image_captioning,build_vocab,,Magic number,build_vocab,39,/Volumes/BrokeExt/NICHE/yunjey_pytorch-tutorial/tutorials/03-advanced/image_captioning/build_vocab.py,Magic number 1000 used in build_vocab.
yunjey_pytorch-tutorial.tutorials.03-advanced.image_captioning,data_loader,,Long parameter list,get_loader,87 - 105,/Volumes/BrokeExt/NICHE/yunjey_pytorch-tutorial/tutorials/03-advanced/image_captioning/data_loader.py,"get_loader has 7 parameters, exceeding the max of 5."
yunjey_pytorch-tutorial.tutorials.03-advanced.image_captioning,data_loader,,Long statement,collate_fn,57,/Volumes/BrokeExt/NICHE/yunjey_pytorch-tutorial/tutorials/03-advanced/image_captioning/data_loader.py,A line with 639 chars in collate_fn exceeds the maximum length of 120 characters.
yunjey_pytorch-tutorial.tutorials.03-advanced.image_captioning,data_loader,,Long statement,get_loader,100,/Volumes/BrokeExt/NICHE/yunjey_pytorch-tutorial/tutorials/03-advanced/image_captioning/data_loader.py,A line with 143 chars in get_loader exceeds the maximum length of 120 characters.
yunjey_pytorch-tutorial.tutorials.03-advanced.image_captioning,data_loader,CocoDataset,Long statement,__init__,16,/Volumes/BrokeExt/NICHE/yunjey_pytorch-tutorial/tutorials/03-advanced/image_captioning/data_loader.py,A line with 259 chars in __init__ exceeds the maximum length of 120 characters.
yunjey_pytorch-tutorial.tutorials.03-advanced.image_captioning,model,DecoderRNN,Magic number,__init__,27,/Volumes/BrokeExt/NICHE/yunjey_pytorch-tutorial/tutorials/03-advanced/image_captioning/model.py,Magic number 20 used in __init__.
yunjey_pytorch-tutorial.tutorials.03-advanced.image_captioning,resize,,Magic number,resize_images,22,/Volumes/BrokeExt/NICHE/yunjey_pytorch-tutorial/tutorials/03-advanced/image_captioning/resize.py,Magic number 100 used in resize_images.
yunjey_pytorch-tutorial.tutorials.03-advanced.image_captioning,sample,,Long statement,main,27,/Volumes/BrokeExt/NICHE/yunjey_pytorch-tutorial/tutorials/03-advanced/image_captioning/sample.py,A line with 123 chars in main exceeds the maximum length of 120 characters.
yunjey_pytorch-tutorial.tutorials.03-advanced.image_captioning,train,,Long method,main,17 - 77,/Volumes/BrokeExt/NICHE/yunjey_pytorch-tutorial/tutorials/03-advanced/image_captioning/train.py,Method 'main' is too long (48 lines).
yunjey_pytorch-tutorial.tutorials.03-advanced.image_captioning,train,,Long statement,main,23,/Volumes/BrokeExt/NICHE/yunjey_pytorch-tutorial/tutorials/03-advanced/image_captioning/train.py,A line with 197 chars in main exceeds the maximum length of 120 characters.
yunjey_pytorch-tutorial.tutorials.03-advanced.image_captioning,train,,Long statement,main,35,/Volumes/BrokeExt/NICHE/yunjey_pytorch-tutorial/tutorials/03-advanced/image_captioning/train.py,A line with 138 chars in main exceeds the maximum length of 120 characters.
yunjey_pytorch-tutorial.tutorials.03-advanced.image_captioning,train,,Long statement,main,69,/Volumes/BrokeExt/NICHE/yunjey_pytorch-tutorial/tutorials/03-advanced/image_captioning/train.py,A line with 151 chars in main exceeds the maximum length of 120 characters.
yunjey_pytorch-tutorial.tutorials.03-advanced.image_captioning,train,,Long statement,,86,/Volumes/BrokeExt/NICHE/yunjey_pytorch-tutorial/tutorials/03-advanced/image_captioning/train.py,A line with 143 chars in train exceeds the maximum length of 120 characters.
yunjey_pytorch-tutorial.tutorials.03-advanced.neural_style_transfer,main,,Long method,main,50 - 111,/Volumes/BrokeExt/NICHE/yunjey_pytorch-tutorial/tutorials/03-advanced/neural_style_transfer/main.py,Method 'main' is too long (51 lines).
yunjey_pytorch-tutorial.tutorials.03-advanced.neural_style_transfer,main,,Long statement,main,55,/Volumes/BrokeExt/NICHE/yunjey_pytorch-tutorial/tutorials/03-advanced/neural_style_transfer/main.py,A line with 132 chars in main exceeds the maximum length of 120 characters.
yunjey_pytorch-tutorial.tutorials.03-advanced.neural_style_transfer,main,,Long statement,main,103,/Volumes/BrokeExt/NICHE/yunjey_pytorch-tutorial/tutorials/03-advanced/neural_style_transfer/main.py,A line with 141 chars in main exceeds the maximum length of 120 characters.
yunjey_pytorch-tutorial.tutorials.03-advanced.variational_autoencoder,main,,Long statement,,89,/Volumes/BrokeExt/NICHE/yunjey_pytorch-tutorial/tutorials/03-advanced/variational_autoencoder/main.py,A line with 168 chars in main exceeds the maximum length of 120 characters.
yunjey_pytorch-tutorial.tutorials.03-advanced.variational_autoencoder,main,VAE,Magic number,__init__,40,/Volumes/BrokeExt/NICHE/yunjey_pytorch-tutorial/tutorials/03-advanced/variational_autoencoder/main.py,Magic number 784 used in __init__.
yunjey_pytorch-tutorial.tutorials.03-advanced.variational_autoencoder,main,VAE,Magic number,__init__,40,/Volumes/BrokeExt/NICHE/yunjey_pytorch-tutorial/tutorials/03-advanced/variational_autoencoder/main.py,Magic number 400 used in __init__.
yunjey_pytorch-tutorial.tutorials.03-advanced.variational_autoencoder,main,VAE,Magic number,__init__,40,/Volumes/BrokeExt/NICHE/yunjey_pytorch-tutorial/tutorials/03-advanced/variational_autoencoder/main.py,Magic number 20 used in __init__.
yunjey_pytorch-tutorial.tutorials.04-utils.tensorboard,logger,Logger,Magic number,histo_summary,45,/Volumes/BrokeExt/NICHE/yunjey_pytorch-tutorial/tutorials/04-utils/tensorboard/logger.py,Magic number 1000 used in histo_summary.
yunjey_pytorch-tutorial.tutorials.04-utils.tensorboard,main,NeuralNet,Magic number,__init__,25,/Volumes/BrokeExt/NICHE/yunjey_pytorch-tutorial/tutorials/04-utils/tensorboard/main.py,Magic number 784 used in __init__.
yunjey_pytorch-tutorial.tutorials.04-utils.tensorboard,main,NeuralNet,Magic number,__init__,25,/Volumes/BrokeExt/NICHE/yunjey_pytorch-tutorial/tutorials/04-utils/tensorboard/main.py,Magic number 500 used in __init__.
yunjey_pytorch-tutorial.tutorials.04-utils.tensorboard,main,NeuralNet,Magic number,__init__,25,/Volumes/BrokeExt/NICHE/yunjey_pytorch-tutorial/tutorials/04-utils/tensorboard/main.py,Magic number 10 used in __init__.
