Package,Module,Class,Function,LOC,CC,PC
BloodAxe_pytorch-toolbelt,setup,,is_docker,13,2,0
BloodAxe_pytorch-toolbelt,setup,,is_kaggle,8,2,0
BloodAxe_pytorch-toolbelt,setup,,is_colab,8,2,0
BloodAxe_pytorch-toolbelt,setup,,get_opencv_requirement,15,2,0
BloodAxe_pytorch-toolbelt,setup,,get_version,7,1,0
BloodAxe_pytorch-toolbelt,setup,,load_readme,4,1,0
BloodAxe_pytorch-toolbelt,setup,,get_test_requirements,3,1,0
BloodAxe_pytorch-toolbelt.demo,demo_losses,,main,39,3,0
BloodAxe_pytorch-toolbelt.pytorch_toolbelt.datasets,common,,name_for_stride,4,1,2
BloodAxe_pytorch-toolbelt.pytorch_toolbelt.datasets,common,,read_image_rgb,5,2,1
BloodAxe_pytorch-toolbelt.pytorch_toolbelt.datasets,mean_std,DatasetMeanStdCalculator,__init__,12,1,2
BloodAxe_pytorch-toolbelt.pytorch_toolbelt.datasets,mean_std,DatasetMeanStdCalculator,reset,6,1,0
BloodAxe_pytorch-toolbelt.pytorch_toolbelt.datasets,mean_std,DatasetMeanStdCalculator,accumulate,22,5,2
BloodAxe_pytorch-toolbelt.pytorch_toolbelt.datasets,mean_std,DatasetMeanStdCalculator,compute,4,1,0
BloodAxe_pytorch-toolbelt.pytorch_toolbelt.datasets,segmentation,,mask_to_bce_target,2,1,1
BloodAxe_pytorch-toolbelt.pytorch_toolbelt.datasets,segmentation,,mask_to_ce_target,2,1,1
BloodAxe_pytorch-toolbelt.pytorch_toolbelt.datasets,segmentation,,compute_weight_mask,14,2,2
BloodAxe_pytorch-toolbelt.pytorch_toolbelt.datasets,segmentation,,_block_reduce_dominant_label,11,2,2
BloodAxe_pytorch-toolbelt.pytorch_toolbelt.datasets,segmentation,,read_binary_mask,8,2,1
BloodAxe_pytorch-toolbelt.pytorch_toolbelt.datasets,wrappers,RandomSubsetDataset,__init__,11,3,3
BloodAxe_pytorch-toolbelt.pytorch_toolbelt.datasets,wrappers,RandomSubsetDataset,__len__,2,1,0
BloodAxe_pytorch-toolbelt.pytorch_toolbelt.datasets,wrappers,RandomSubsetDataset,__getitem__,7,2,1
BloodAxe_pytorch-toolbelt.pytorch_toolbelt.datasets,wrappers,RandomSubsetDataset,get_collate_fn,5,1,0
BloodAxe_pytorch-toolbelt.pytorch_toolbelt.datasets,wrappers,RandomSubsetWithMaskDataset,__init__,14,4,3
BloodAxe_pytorch-toolbelt.pytorch_toolbelt.datasets,wrappers,RandomSubsetWithMaskDataset,__len__,2,1,0
BloodAxe_pytorch-toolbelt.pytorch_toolbelt.datasets,wrappers,RandomSubsetWithMaskDataset,__getitem__,3,1,1
BloodAxe_pytorch-toolbelt.pytorch_toolbelt.datasets,wrappers,RandomSubsetWithMaskDataset,get_collate_fn,5,1,0
BloodAxe_pytorch-toolbelt.pytorch_toolbelt.inference,ensembling,ApplySoftmaxTo,__init__,9,1,4
BloodAxe_pytorch-toolbelt.pytorch_toolbelt.inference,ensembling,ApplySoftmaxTo,forward,5,2,0
BloodAxe_pytorch-toolbelt.pytorch_toolbelt.inference,ensembling,ApplySigmoidTo,__init__,8,1,3
BloodAxe_pytorch-toolbelt.pytorch_toolbelt.inference,ensembling,ApplySigmoidTo,forward,5,2,0
BloodAxe_pytorch-toolbelt.pytorch_toolbelt.inference,ensembling,Ensembler,__init__,9,1,3
BloodAxe_pytorch-toolbelt.pytorch_toolbelt.inference,ensembling,Ensembler,forward,29,8,0
BloodAxe_pytorch-toolbelt.pytorch_toolbelt.inference,ensembling,PickModelOutput,__init__,4,1,2
BloodAxe_pytorch-toolbelt.pytorch_toolbelt.inference,ensembling,PickModelOutput,forward,3,1,0
BloodAxe_pytorch-toolbelt.pytorch_toolbelt.inference,ensembling,SelectByIndex,__init__,3,1,1
BloodAxe_pytorch-toolbelt.pytorch_toolbelt.inference,ensembling,SelectByIndex,forward,2,1,1
BloodAxe_pytorch-toolbelt.pytorch_toolbelt.inference,ensembling,,average_checkpoints,42,10,1
BloodAxe_pytorch-toolbelt.pytorch_toolbelt.inference,functional,,torch_none,4,1,1
BloodAxe_pytorch-toolbelt.pytorch_toolbelt.inference,functional,,torch_rot90_ccw,2,1,1
BloodAxe_pytorch-toolbelt.pytorch_toolbelt.inference,functional,,torch_rot90_cw,2,1,1
BloodAxe_pytorch-toolbelt.pytorch_toolbelt.inference,functional,,torch_rot90_ccw_transpose,2,1,1
BloodAxe_pytorch-toolbelt.pytorch_toolbelt.inference,functional,,torch_rot90_cw_transpose,2,1,1
BloodAxe_pytorch-toolbelt.pytorch_toolbelt.inference,functional,,torch_transpose_rot90_ccw,2,1,1
BloodAxe_pytorch-toolbelt.pytorch_toolbelt.inference,functional,,torch_transpose_rot90_cw,2,1,1
BloodAxe_pytorch-toolbelt.pytorch_toolbelt.inference,functional,,torch_rot90,4,1,1
BloodAxe_pytorch-toolbelt.pytorch_toolbelt.inference,functional,,torch_rot180,4,1,1
BloodAxe_pytorch-toolbelt.pytorch_toolbelt.inference,functional,,torch_rot180_transpose,2,1,1
BloodAxe_pytorch-toolbelt.pytorch_toolbelt.inference,functional,,torch_transpose_rot180,2,1,1
BloodAxe_pytorch-toolbelt.pytorch_toolbelt.inference,functional,,torch_rot270,4,1,1
BloodAxe_pytorch-toolbelt.pytorch_toolbelt.inference,functional,,torch_flipud,4,1,1
BloodAxe_pytorch-toolbelt.pytorch_toolbelt.inference,functional,,torch_fliplr,4,1,1
BloodAxe_pytorch-toolbelt.pytorch_toolbelt.inference,functional,,torch_transpose,4,1,1
BloodAxe_pytorch-toolbelt.pytorch_toolbelt.inference,functional,,torch_transpose_,2,1,1
BloodAxe_pytorch-toolbelt.pytorch_toolbelt.inference,functional,,torch_transpose2,4,1,1
BloodAxe_pytorch-toolbelt.pytorch_toolbelt.inference,functional,,pad_tensor_to_size,18,2,4
BloodAxe_pytorch-toolbelt.pytorch_toolbelt.inference,functional,,pad_image_tensor,32,8,2
BloodAxe_pytorch-toolbelt.pytorch_toolbelt.inference,functional,,unpad_image_tensor,6,2,2
BloodAxe_pytorch-toolbelt.pytorch_toolbelt.inference,functional,,unpad_xyxy_bboxes,9,3,3
BloodAxe_pytorch-toolbelt.pytorch_toolbelt.inference,functional,,geometric_mean,4,1,2
BloodAxe_pytorch-toolbelt.pytorch_toolbelt.inference,functional,,harmonic_mean,7,1,3
BloodAxe_pytorch-toolbelt.pytorch_toolbelt.inference,functional,,harmonic1p_mean,7,1,2
BloodAxe_pytorch-toolbelt.pytorch_toolbelt.inference,functional,,logodd_mean,8,1,3
BloodAxe_pytorch-toolbelt.pytorch_toolbelt.inference,functional,,log1p_mean,7,1,2
BloodAxe_pytorch-toolbelt.pytorch_toolbelt.inference,tiles,ImageSlicer,__init__,65,13,5
BloodAxe_pytorch-toolbelt.pytorch_toolbelt.inference,tiles,ImageSlicer,iter_split,28,7,3
BloodAxe_pytorch-toolbelt.pytorch_toolbelt.inference,tiles,ImageSlicer,split,23,3,3
BloodAxe_pytorch-toolbelt.pytorch_toolbelt.inference,tiles,ImageSlicer,cut_patch,25,4,4
BloodAxe_pytorch-toolbelt.pytorch_toolbelt.inference,tiles,ImageSlicer,target_shape,6,1,0
BloodAxe_pytorch-toolbelt.pytorch_toolbelt.inference,tiles,ImageSlicer,merge,20,3,2
BloodAxe_pytorch-toolbelt.pytorch_toolbelt.inference,tiles,ImageSlicer,crop_to_orignal_size,10,1,1
BloodAxe_pytorch-toolbelt.pytorch_toolbelt.inference,tiles,ImageSlicer,_mean,2,1,1
BloodAxe_pytorch-toolbelt.pytorch_toolbelt.inference,tiles,ImageSlicer,_pyramid,3,1,1
BloodAxe_pytorch-toolbelt.pytorch_toolbelt.inference,tiles,TileMerger,__init__,10,1,5
BloodAxe_pytorch-toolbelt.pytorch_toolbelt.inference,tiles,TileMerger,accumulate_single,7,1,2
BloodAxe_pytorch-toolbelt.pytorch_toolbelt.inference,tiles,TileMerger,integrate_batch,12,5,2
BloodAxe_pytorch-toolbelt.pytorch_toolbelt.inference,tiles,TileMerger,device,2,1,0
BloodAxe_pytorch-toolbelt.pytorch_toolbelt.inference,tiles,TileMerger,merge,2,1,0
BloodAxe_pytorch-toolbelt.pytorch_toolbelt.inference,tiles,TileMerger,merge_,3,1,0
BloodAxe_pytorch-toolbelt.pytorch_toolbelt.inference,tiles,,compute_pyramid_patch_weight_loss,23,1,2
BloodAxe_pytorch-toolbelt.pytorch_toolbelt.inference,tiles_3d,VolumeSlicer,__init__,62,14,4
BloodAxe_pytorch-toolbelt.pytorch_toolbelt.inference,tiles_3d,VolumeSlicer,split,10,3,2
BloodAxe_pytorch-toolbelt.pytorch_toolbelt.inference,tiles_3d,VolumeSlicer,iter_split,8,3,2
BloodAxe_pytorch-toolbelt.pytorch_toolbelt.inference,tiles_3d,VolumeSlicer,target_shape,3,1,0
BloodAxe_pytorch-toolbelt.pytorch_toolbelt.inference,tiles_3d,VolumeSlicer,merge,20,3,2
BloodAxe_pytorch-toolbelt.pytorch_toolbelt.inference,tiles_3d,VolumeSlicer,crop_to_orignal_size,2,1,1
BloodAxe_pytorch-toolbelt.pytorch_toolbelt.inference,tiles_3d,VolumeSlicer,_mean,2,1,1
BloodAxe_pytorch-toolbelt.pytorch_toolbelt.inference,tiles_3d,VolumeSlicer,_pyramid,3,1,1
BloodAxe_pytorch-toolbelt.pytorch_toolbelt.inference,tiles_3d,VolumeMerger,__init__,8,1,5
BloodAxe_pytorch-toolbelt.pytorch_toolbelt.inference,tiles_3d,VolumeMerger,accumulate_single,6,1,2
BloodAxe_pytorch-toolbelt.pytorch_toolbelt.inference,tiles_3d,VolumeMerger,integrate_batch,10,3,2
BloodAxe_pytorch-toolbelt.pytorch_toolbelt.inference,tiles_3d,VolumeMerger,merge,2,1,0
BloodAxe_pytorch-toolbelt.pytorch_toolbelt.inference,tta,TTAWrapper,__init__,4,1,2
BloodAxe_pytorch-toolbelt.pytorch_toolbelt.inference,tta,TTAWrapper,forward,2,1,0
BloodAxe_pytorch-toolbelt.pytorch_toolbelt.inference,tta,GeneralizedTTA,__init__,5,1,3
BloodAxe_pytorch-toolbelt.pytorch_toolbelt.inference,tta,GeneralizedTTA,forward,33,11,0
BloodAxe_pytorch-toolbelt.pytorch_toolbelt.inference,tta,MultiscaleTTA,__init__,12,2,6
BloodAxe_pytorch-toolbelt.pytorch_toolbelt.inference,tta,MultiscaleTTA,forward,18,3,1
BloodAxe_pytorch-toolbelt.pytorch_toolbelt.inference,tta,,split_into_chunks,5,4,2
BloodAxe_pytorch-toolbelt.pytorch_toolbelt.inference,tta,,_deaugment_averaging,24,10,2
BloodAxe_pytorch-toolbelt.pytorch_toolbelt.inference,tta,,fivecrop_image_augment,21,3,2
BloodAxe_pytorch-toolbelt.pytorch_toolbelt.inference,tta,,fivecrop_label_deaugment,4,1,2
BloodAxe_pytorch-toolbelt.pytorch_toolbelt.inference,tta,,fivecrop_image2label,6,1,3
BloodAxe_pytorch-toolbelt.pytorch_toolbelt.inference,tta,,tencrop_image2label,39,1,3
BloodAxe_pytorch-toolbelt.pytorch_toolbelt.inference,tta,,fliplr_image2label,3,1,2
BloodAxe_pytorch-toolbelt.pytorch_toolbelt.inference,tta,,fliplr_image2mask,3,1,2
BloodAxe_pytorch-toolbelt.pytorch_toolbelt.inference,tta,,d4_image2label,3,1,2
BloodAxe_pytorch-toolbelt.pytorch_toolbelt.inference,tta,,d4_image2mask,3,1,2
BloodAxe_pytorch-toolbelt.pytorch_toolbelt.inference,tta,,fliplr_image_augment,5,1,1
BloodAxe_pytorch-toolbelt.pytorch_toolbelt.inference,tta,,flipud_image_augment,5,1,1
BloodAxe_pytorch-toolbelt.pytorch_toolbelt.inference,tta,,fliplr_image_deaugment,6,1,2
BloodAxe_pytorch-toolbelt.pytorch_toolbelt.inference,tta,,flipud_image_deaugment,6,1,2
BloodAxe_pytorch-toolbelt.pytorch_toolbelt.inference,tta,,d2_image_augment,13,1,1
BloodAxe_pytorch-toolbelt.pytorch_toolbelt.inference,tta,,d2_image_deaugment,13,1,2
BloodAxe_pytorch-toolbelt.pytorch_toolbelt.inference,tta,,d2_labels_deaugment,6,1,2
BloodAxe_pytorch-toolbelt.pytorch_toolbelt.inference,tta,,d4_image_augment,23,4,1
BloodAxe_pytorch-toolbelt.pytorch_toolbelt.inference,tta,,d4_labels_deaugment,6,1,2
BloodAxe_pytorch-toolbelt.pytorch_toolbelt.inference,tta,,d4_image_deaugment,18,1,2
BloodAxe_pytorch-toolbelt.pytorch_toolbelt.inference,tta,,flips_image_augment,5,1,1
BloodAxe_pytorch-toolbelt.pytorch_toolbelt.inference,tta,,fliplr_labels_augment,2,1,1
BloodAxe_pytorch-toolbelt.pytorch_toolbelt.inference,tta,,flips_labels_augment,2,1,1
BloodAxe_pytorch-toolbelt.pytorch_toolbelt.inference,tta,,d2_labels_augment,2,1,1
BloodAxe_pytorch-toolbelt.pytorch_toolbelt.inference,tta,,d4_labels_augment,2,1,1
BloodAxe_pytorch-toolbelt.pytorch_toolbelt.inference,tta,,flips_image_deaugment,12,1,2
BloodAxe_pytorch-toolbelt.pytorch_toolbelt.inference,tta,,fliplr_labels_deaugment,6,1,2
BloodAxe_pytorch-toolbelt.pytorch_toolbelt.inference,tta,,flipud_labels_deaugment,6,1,2
BloodAxe_pytorch-toolbelt.pytorch_toolbelt.inference,tta,,flips_labels_deaugment,8,2,2
BloodAxe_pytorch-toolbelt.pytorch_toolbelt.inference,tta,,ms_labels_augment,2,1,2
BloodAxe_pytorch-toolbelt.pytorch_toolbelt.inference,tta,,ms_image_augment,20,5,4
BloodAxe_pytorch-toolbelt.pytorch_toolbelt.inference,tta,,ms_labels_deaugment,7,2,3
BloodAxe_pytorch-toolbelt.pytorch_toolbelt.inference,tta,,ms_image_deaugment,23,6,6
BloodAxe_pytorch-toolbelt.pytorch_toolbelt.losses,balanced_bce,BalancedBCEWithLogitsLoss,__init__,8,1,3
BloodAxe_pytorch-toolbelt.pytorch_toolbelt.losses,balanced_bce,BalancedBCEWithLogitsLoss,forward,4,1,2
BloodAxe_pytorch-toolbelt.pytorch_toolbelt.losses,balanced_bce,,balanced_binary_cross_entropy_with_logits,18,4,5
BloodAxe_pytorch-toolbelt.pytorch_toolbelt.losses,bitempered_loss,ComputeNormalization,forward,8,2,4
BloodAxe_pytorch-toolbelt.pytorch_toolbelt.losses,bitempered_loss,ComputeNormalization,backward,9,1,2
BloodAxe_pytorch-toolbelt.pytorch_toolbelt.losses,bitempered_loss,BiTemperedLogisticLoss,__init__,10,1,5
BloodAxe_pytorch-toolbelt.pytorch_toolbelt.losses,bitempered_loss,BiTemperedLogisticLoss,forward,12,4,2
BloodAxe_pytorch-toolbelt.pytorch_toolbelt.losses,bitempered_loss,BinaryBiTemperedLogisticLoss,__init__,10,1,5
BloodAxe_pytorch-toolbelt.pytorch_toolbelt.losses,bitempered_loss,BinaryBiTemperedLogisticLoss,forward,21,6,2
BloodAxe_pytorch-toolbelt.pytorch_toolbelt.losses,bitempered_loss,,log_t,5,1,2
BloodAxe_pytorch-toolbelt.pytorch_toolbelt.losses,bitempered_loss,,exp_t,5,1,2
BloodAxe_pytorch-toolbelt.pytorch_toolbelt.losses,bitempered_loss,,compute_normalization_fixed_point,11,2,3
BloodAxe_pytorch-toolbelt.pytorch_toolbelt.losses,bitempered_loss,,compute_normalization_binary_search,18,2,3
BloodAxe_pytorch-toolbelt.pytorch_toolbelt.losses,bitempered_loss,,compute_normalization,3,1,3
BloodAxe_pytorch-toolbelt.pytorch_toolbelt.losses,bitempered_loss,,tempered_softmax,6,1,3
BloodAxe_pytorch-toolbelt.pytorch_toolbelt.losses,bitempered_loss,,bi_tempered_logistic_loss,26,4,7
BloodAxe_pytorch-toolbelt.pytorch_toolbelt.losses,dice,DiceLoss,__init__,16,2,7
BloodAxe_pytorch-toolbelt.pytorch_toolbelt.losses,dice,DiceLoss,forward,55,11,2
BloodAxe_pytorch-toolbelt.pytorch_toolbelt.losses,focal,BinaryFocalLoss,__init__,31,3,9
BloodAxe_pytorch-toolbelt.pytorch_toolbelt.losses,focal,BinaryFocalLoss,__repr__,8,1,0
BloodAxe_pytorch-toolbelt.pytorch_toolbelt.losses,focal,BinaryFocalLoss,forward,8,2,2
BloodAxe_pytorch-toolbelt.pytorch_toolbelt.losses,focal,BinaryFocalLoss,_one_hot_targets,4,1,2
BloodAxe_pytorch-toolbelt.pytorch_toolbelt.losses,focal,BinaryFocalLoss,_one_hot_targets_with_ignore,7,1,2
BloodAxe_pytorch-toolbelt.pytorch_toolbelt.losses,focal,CrossEntropyFocalLoss,__init__,11,1,6
BloodAxe_pytorch-toolbelt.pytorch_toolbelt.losses,focal,CrossEntropyFocalLoss,forward,15,1,2
BloodAxe_pytorch-toolbelt.pytorch_toolbelt.losses,focal,,FocalLoss,2,1,0
BloodAxe_pytorch-toolbelt.pytorch_toolbelt.losses,focal_cosine,FocalCosineLoss,__init__,6,1,4
BloodAxe_pytorch-toolbelt.pytorch_toolbelt.losses,focal_cosine,FocalCosineLoss,forward,13,2,2
BloodAxe_pytorch-toolbelt.pytorch_toolbelt.losses,functional,,focal_loss_with_logits,41,11,12
BloodAxe_pytorch-toolbelt.pytorch_toolbelt.losses,functional,,softmax_focal_loss_with_logits,31,7,9
BloodAxe_pytorch-toolbelt.pytorch_toolbelt.losses,functional,,sigmoid_focal_loss,2,1,0
BloodAxe_pytorch-toolbelt.pytorch_toolbelt.losses,functional,,reduced_focal_loss,4,1,5
BloodAxe_pytorch-toolbelt.pytorch_toolbelt.losses,functional,,soft_jaccard_score,15,2,5
BloodAxe_pytorch-toolbelt.pytorch_toolbelt.losses,functional,,soft_dice_score,14,2,5
BloodAxe_pytorch-toolbelt.pytorch_toolbelt.losses,functional,,wing_loss,15,3,5
BloodAxe_pytorch-toolbelt.pytorch_toolbelt.losses,functional,,label_smoothed_nll_loss,31,5,6
BloodAxe_pytorch-toolbelt.pytorch_toolbelt.losses,functional,,log_cosh_loss,7,0,2
BloodAxe_pytorch-toolbelt.pytorch_toolbelt.losses,jaccard,JaccardLoss,__init__,15,2,6
BloodAxe_pytorch-toolbelt.pytorch_toolbelt.losses,jaccard,JaccardLoss,forward,38,8,2
BloodAxe_pytorch-toolbelt.pytorch_toolbelt.losses,logcosh,LogCoshLoss,__init__,2,1,0
BloodAxe_pytorch-toolbelt.pytorch_toolbelt.losses,logcosh,LogCoshLoss,forward,2,1,2
BloodAxe_pytorch-toolbelt.pytorch_toolbelt.losses,lovasz,BinaryLovaszLoss,__init__,4,1,2
BloodAxe_pytorch-toolbelt.pytorch_toolbelt.losses,lovasz,BinaryLovaszLoss,forward,2,1,2
BloodAxe_pytorch-toolbelt.pytorch_toolbelt.losses,lovasz,LovaszLoss,__init__,4,1,2
BloodAxe_pytorch-toolbelt.pytorch_toolbelt.losses,lovasz,LovaszLoss,forward,2,1,2
BloodAxe_pytorch-toolbelt.pytorch_toolbelt.losses,lovasz,,_lovasz_grad,10,2,1
BloodAxe_pytorch-toolbelt.pytorch_toolbelt.losses,lovasz,,_lovasz_hinge,11,2,4
BloodAxe_pytorch-toolbelt.pytorch_toolbelt.losses,lovasz,,_lovasz_hinge_flat,13,1,2
BloodAxe_pytorch-toolbelt.pytorch_toolbelt.losses,lovasz,,_flatten_binary_scores,10,1,3
BloodAxe_pytorch-toolbelt.pytorch_toolbelt.losses,lovasz,,_lovasz_softmax,10,2,5
BloodAxe_pytorch-toolbelt.pytorch_toolbelt.losses,lovasz,,_lovasz_softmax_flat,24,6,3
BloodAxe_pytorch-toolbelt.pytorch_toolbelt.losses,lovasz,,_flatten_probas,15,2,3
BloodAxe_pytorch-toolbelt.pytorch_toolbelt.losses,lovasz,,isnan,2,1,1
BloodAxe_pytorch-toolbelt.pytorch_toolbelt.losses,lovasz,,mean,16,4,3
BloodAxe_pytorch-toolbelt.pytorch_toolbelt.losses,quality_focal_loss,QualityFocalLoss,__init__,6,1,2
BloodAxe_pytorch-toolbelt.pytorch_toolbelt.losses,quality_focal_loss,QualityFocalLoss,forward,15,1,2
BloodAxe_pytorch-toolbelt.pytorch_toolbelt.losses,soft_bce,SoftBCEWithLogitsLoss,__init__,7,1,5
BloodAxe_pytorch-toolbelt.pytorch_toolbelt.losses,soft_bce,SoftBCEWithLogitsLoss,forward,16,5,2
BloodAxe_pytorch-toolbelt.pytorch_toolbelt.losses,soft_ce,SoftCrossEntropyLoss,__init__,6,1,4
BloodAxe_pytorch-toolbelt.pytorch_toolbelt.losses,soft_ce,SoftCrossEntropyLoss,forward,10,1,2
BloodAxe_pytorch-toolbelt.pytorch_toolbelt.losses,soft_f1,BinarySoftF1Loss,__init__,4,1,2
BloodAxe_pytorch-toolbelt.pytorch_toolbelt.losses,soft_f1,BinarySoftF1Loss,forward,13,2,2
BloodAxe_pytorch-toolbelt.pytorch_toolbelt.losses,soft_f1,SoftF1Loss,__init__,4,1,2
BloodAxe_pytorch-toolbelt.pytorch_toolbelt.losses,soft_f1,SoftF1Loss,forward,12,2,2
BloodAxe_pytorch-toolbelt.pytorch_toolbelt.losses,soft_f1,,soft_micro_f1,8,1,3
BloodAxe_pytorch-toolbelt.pytorch_toolbelt.losses,wing_loss,WingLoss,__init__,4,1,3
BloodAxe_pytorch-toolbelt.pytorch_toolbelt.losses,wing_loss,WingLoss,forward,2,1,2
BloodAxe_pytorch-toolbelt.pytorch_toolbelt.modules,activations,SwishFunction,forward,3,1,2
BloodAxe_pytorch-toolbelt.pytorch_toolbelt.modules,activations,SwishFunction,backward,3,1,2
BloodAxe_pytorch-toolbelt.pytorch_toolbelt.modules,activations,MishNaive,__init__,2,1,1
BloodAxe_pytorch-toolbelt.pytorch_toolbelt.modules,activations,MishNaive,forward,2,1,1
BloodAxe_pytorch-toolbelt.pytorch_toolbelt.modules,activations,MishFunction,forward,3,1,2
BloodAxe_pytorch-toolbelt.pytorch_toolbelt.modules,activations,MishFunction,backward,3,1,2
BloodAxe_pytorch-toolbelt.pytorch_toolbelt.modules,activations,Mish,__init__,4,1,1
BloodAxe_pytorch-toolbelt.pytorch_toolbelt.modules,activations,Mish,forward,4,1,1
BloodAxe_pytorch-toolbelt.pytorch_toolbelt.modules,activations,HardSigmoid,__init__,3,1,1
BloodAxe_pytorch-toolbelt.pytorch_toolbelt.modules,activations,HardSigmoid,forward,2,1,1
BloodAxe_pytorch-toolbelt.pytorch_toolbelt.modules,activations,SwishNaive,forward,2,1,1
BloodAxe_pytorch-toolbelt.pytorch_toolbelt.modules,activations,Swish,__init__,2,1,1
BloodAxe_pytorch-toolbelt.pytorch_toolbelt.modules,activations,Swish,forward,2,1,1
BloodAxe_pytorch-toolbelt.pytorch_toolbelt.modules,activations,HardSwish,__init__,3,1,1
BloodAxe_pytorch-toolbelt.pytorch_toolbelt.modules,activations,HardSwish,forward,2,1,1
BloodAxe_pytorch-toolbelt.pytorch_toolbelt.modules,activations,,swish_jit_fwd,2,1,1
BloodAxe_pytorch-toolbelt.pytorch_toolbelt.modules,activations,,swish_jit_bwd,3,1,2
BloodAxe_pytorch-toolbelt.pytorch_toolbelt.modules,activations,,swish,2,1,1
BloodAxe_pytorch-toolbelt.pytorch_toolbelt.modules,activations,,swish_naive,2,1,1
BloodAxe_pytorch-toolbelt.pytorch_toolbelt.modules,activations,,mish_naive,4,1,1
BloodAxe_pytorch-toolbelt.pytorch_toolbelt.modules,activations,,mish_jit_fwd,2,1,1
BloodAxe_pytorch-toolbelt.pytorch_toolbelt.modules,activations,,mish_jit_bwd,4,1,2
BloodAxe_pytorch-toolbelt.pytorch_toolbelt.modules,activations,,mish,4,1,1
BloodAxe_pytorch-toolbelt.pytorch_toolbelt.modules,activations,,hard_sigmoid,2,1,2
BloodAxe_pytorch-toolbelt.pytorch_toolbelt.modules,activations,,hard_swish,2,1,2
BloodAxe_pytorch-toolbelt.pytorch_toolbelt.modules,activations,,get_activation_block,24,1,1
BloodAxe_pytorch-toolbelt.pytorch_toolbelt.modules,activations,,instantiate_activation_block,20,8,1
BloodAxe_pytorch-toolbelt.pytorch_toolbelt.modules,activations,,sanitize_activation_name,6,1,1
BloodAxe_pytorch-toolbelt.pytorch_toolbelt.modules,activations,,ABN,6,1,8
BloodAxe_pytorch-toolbelt.pytorch_toolbelt.modules,activations,,AGN,4,1,7
BloodAxe_pytorch-toolbelt.pytorch_toolbelt.modules,coord_conv,AddCoords,__init__,3,1,1
BloodAxe_pytorch-toolbelt.pytorch_toolbelt.modules,coord_conv,AddCoords,forward,4,1,1
BloodAxe_pytorch-toolbelt.pytorch_toolbelt.modules,coord_conv,CoordConv,__init__,7,2,3
BloodAxe_pytorch-toolbelt.pytorch_toolbelt.modules,coord_conv,CoordConv,forward,4,1,1
BloodAxe_pytorch-toolbelt.pytorch_toolbelt.modules,coord_conv,,append_coords,17,2,2
BloodAxe_pytorch-toolbelt.pytorch_toolbelt.modules,drop_path,DropPath,__init__,4,1,2
BloodAxe_pytorch-toolbelt.pytorch_toolbelt.modules,drop_path,DropPath,forward,2,1,1
BloodAxe_pytorch-toolbelt.pytorch_toolbelt.modules,drop_path,DropPath,extra_repr,2,1,0
BloodAxe_pytorch-toolbelt.pytorch_toolbelt.modules,drop_path,,drop_path,11,4,4
BloodAxe_pytorch-toolbelt.pytorch_toolbelt.modules,dropblock,DropBlock2D,__init__,4,1,2
BloodAxe_pytorch-toolbelt.pytorch_toolbelt.modules,dropblock,DropBlock2D,forward,20,2,1
BloodAxe_pytorch-toolbelt.pytorch_toolbelt.modules,dropblock,DropBlock2D,_compute_block_mask,12,2,1
BloodAxe_pytorch-toolbelt.pytorch_toolbelt.modules,dropblock,DropBlock2D,_compute_gamma,2,1,1
BloodAxe_pytorch-toolbelt.pytorch_toolbelt.modules,dropblock,DropBlock3D,__init__,2,1,2
BloodAxe_pytorch-toolbelt.pytorch_toolbelt.modules,dropblock,DropBlock3D,forward,21,2,1
BloodAxe_pytorch-toolbelt.pytorch_toolbelt.modules,dropblock,DropBlock3D,_compute_block_mask,11,2,1
BloodAxe_pytorch-toolbelt.pytorch_toolbelt.modules,dropblock,DropBlock3D,_compute_gamma,2,1,1
BloodAxe_pytorch-toolbelt.pytorch_toolbelt.modules,dropblock,DropBlockScheduled,__init__,7,1,5
BloodAxe_pytorch-toolbelt.pytorch_toolbelt.modules,dropblock,DropBlockScheduled,forward,4,2,1
BloodAxe_pytorch-toolbelt.pytorch_toolbelt.modules,dropblock,DropBlockScheduled,step,5,2,0
BloodAxe_pytorch-toolbelt.pytorch_toolbelt.modules,dsconv,DepthwiseSeparableConv2d,__init__,13,1,8
BloodAxe_pytorch-toolbelt.pytorch_toolbelt.modules,dsconv,DepthwiseSeparableConv2d,forward,4,1,1
BloodAxe_pytorch-toolbelt.pytorch_toolbelt.modules,dsconv,DepthwiseSeparableConv2dBlock,__init__,13,1,8
BloodAxe_pytorch-toolbelt.pytorch_toolbelt.modules,dsconv,DepthwiseSeparableConv2dBlock,forward,4,1,1
BloodAxe_pytorch-toolbelt.pytorch_toolbelt.modules,fpn,FPNContextBlock,__init__,19,1,4
BloodAxe_pytorch-toolbelt.pytorch_toolbelt.modules,fpn,FPNContextBlock,forward,23,1,1
BloodAxe_pytorch-toolbelt.pytorch_toolbelt.modules,fpn,FPNBottleneckBlock,__init__,10,1,4
BloodAxe_pytorch-toolbelt.pytorch_toolbelt.modules,fpn,FPNBottleneckBlock,forward,7,1,1
BloodAxe_pytorch-toolbelt.pytorch_toolbelt.modules,fpn,FPNFuse,__init__,4,1,2
BloodAxe_pytorch-toolbelt.pytorch_toolbelt.modules,fpn,FPNFuse,forward,6,2,1
BloodAxe_pytorch-toolbelt.pytorch_toolbelt.modules,fpn,FPNFuseSum,__init__,4,1,2
BloodAxe_pytorch-toolbelt.pytorch_toolbelt.modules,fpn,FPNFuseSum,forward,6,2,1
BloodAxe_pytorch-toolbelt.pytorch_toolbelt.modules,fpn,HFF,__init__,6,1,4
BloodAxe_pytorch-toolbelt.pytorch_toolbelt.modules,fpn,HFF,forward,11,3,1
BloodAxe_pytorch-toolbelt.pytorch_toolbelt.modules,fpn,HFF,_upsample,13,2,2
BloodAxe_pytorch-toolbelt.pytorch_toolbelt.modules,identity,Identity,__init__,2,1,0
BloodAxe_pytorch-toolbelt.pytorch_toolbelt.modules,identity,Identity,forward,2,1,1
BloodAxe_pytorch-toolbelt.pytorch_toolbelt.modules,initialization,,first_class_background_init,8,1,2
BloodAxe_pytorch-toolbelt.pytorch_toolbelt.modules,interfaces,FeatureMapsSpecification,__init__,8,2,2
BloodAxe_pytorch-toolbelt.pytorch_toolbelt.modules,interfaces,FeatureMapsSpecification,get_index_of_largest_feature_map,4,1,0
BloodAxe_pytorch-toolbelt.pytorch_toolbelt.modules,interfaces,FeatureMapsSpecification,get_dummy_input,8,2,2
BloodAxe_pytorch-toolbelt.pytorch_toolbelt.modules,interfaces,FeatureMapsSpecification,__len__,2,1,0
BloodAxe_pytorch-toolbelt.pytorch_toolbelt.modules,interfaces,HasInputFeaturesSpecification,get_input_spec,2,1,0
BloodAxe_pytorch-toolbelt.pytorch_toolbelt.modules,interfaces,HasOutputFeaturesSpecification,get_output_spec,2,1,0
BloodAxe_pytorch-toolbelt.pytorch_toolbelt.modules,interfaces,AbstractDecoder,__init__,5,2,1
BloodAxe_pytorch-toolbelt.pytorch_toolbelt.modules,interfaces,AbstractDecoder,forward,2,1,1
BloodAxe_pytorch-toolbelt.pytorch_toolbelt.modules,interfaces,AbstractDecoder,set_trainable,3,2,1
BloodAxe_pytorch-toolbelt.pytorch_toolbelt.modules,interfaces,AbstractDecoder,get_input_spec,2,1,0
BloodAxe_pytorch-toolbelt.pytorch_toolbelt.modules,interfaces,AbstractHead,__init__,2,1,1
BloodAxe_pytorch-toolbelt.pytorch_toolbelt.modules,interfaces,AbstractHead,forward,2,1,2
BloodAxe_pytorch-toolbelt.pytorch_toolbelt.modules,interfaces,AbstractHead,apply_to_final_layer,5,1,1
BloodAxe_pytorch-toolbelt.pytorch_toolbelt.modules,normalization,,instantiate_normalization_block,20,2,2
BloodAxe_pytorch-toolbelt.pytorch_toolbelt.modules,ocnet,_SelfAttentionBlock,__init__,24,2,6
BloodAxe_pytorch-toolbelt.pytorch_toolbelt.modules,ocnet,_SelfAttentionBlock,forward,19,3,1
BloodAxe_pytorch-toolbelt.pytorch_toolbelt.modules,ocnet,SelfAttentionBlock2D,__init__,2,1,5
BloodAxe_pytorch-toolbelt.pytorch_toolbelt.modules,ocnet,BaseOC_Module,__init__,11,1,7
BloodAxe_pytorch-toolbelt.pytorch_toolbelt.modules,ocnet,BaseOC_Module,_make_stage,2,1,5
BloodAxe_pytorch-toolbelt.pytorch_toolbelt.modules,ocnet,BaseOC_Module,forward,7,2,1
BloodAxe_pytorch-toolbelt.pytorch_toolbelt.modules,ocnet,ObjectContextBlock,__init__,9,1,7
BloodAxe_pytorch-toolbelt.pytorch_toolbelt.modules,ocnet,ObjectContextBlock,_make_stage,2,1,5
BloodAxe_pytorch-toolbelt.pytorch_toolbelt.modules,ocnet,ObjectContextBlock,forward,7,2,1
BloodAxe_pytorch-toolbelt.pytorch_toolbelt.modules,ocnet,ASPObjectContextBlock,__init__,35,1,5
BloodAxe_pytorch-toolbelt.pytorch_toolbelt.modules,ocnet,ASPObjectContextBlock,_cat_each,6,2,5
BloodAxe_pytorch-toolbelt.pytorch_toolbelt.modules,ocnet,ASPObjectContextBlock,forward,20,7,1
BloodAxe_pytorch-toolbelt.pytorch_toolbelt.modules,ocnet,_PyramidSelfAttentionBlock,__init__,28,2,6
BloodAxe_pytorch-toolbelt.pytorch_toolbelt.modules,ocnet,_PyramidSelfAttentionBlock,forward,50,8,1
BloodAxe_pytorch-toolbelt.pytorch_toolbelt.modules,ocnet,PyramidSelfAttentionBlock2D,__init__,4,1,5
BloodAxe_pytorch-toolbelt.pytorch_toolbelt.modules,ocnet,PyramidObjectContextBlock,__init__,16,1,5
BloodAxe_pytorch-toolbelt.pytorch_toolbelt.modules,ocnet,PyramidObjectContextBlock,_make_stage,2,1,5
BloodAxe_pytorch-toolbelt.pytorch_toolbelt.modules,ocnet,PyramidObjectContextBlock,forward,7,2,1
BloodAxe_pytorch-toolbelt.pytorch_toolbelt.modules,pooling,GlobalAvgPool2d,__init__,3,1,1
BloodAxe_pytorch-toolbelt.pytorch_toolbelt.modules,pooling,GlobalAvgPool2d,forward,5,2,1
BloodAxe_pytorch-toolbelt.pytorch_toolbelt.modules,pooling,GlobalMaxPool2d,__init__,3,1,1
BloodAxe_pytorch-toolbelt.pytorch_toolbelt.modules,pooling,GlobalMaxPool2d,forward,5,2,1
BloodAxe_pytorch-toolbelt.pytorch_toolbelt.modules,pooling,GlobalKMaxPool2d,__init__,10,2,3
BloodAxe_pytorch-toolbelt.pytorch_toolbelt.modules,pooling,GlobalKMaxPool2d,forward,7,2,1
BloodAxe_pytorch-toolbelt.pytorch_toolbelt.modules,pooling,GlobalKMaxPool2d,load_state_dict,4,2,2
BloodAxe_pytorch-toolbelt.pytorch_toolbelt.modules,pooling,GlobalWeightedAvgPool2d,__init__,4,1,2
BloodAxe_pytorch-toolbelt.pytorch_toolbelt.modules,pooling,GlobalWeightedAvgPool2d,fscore,4,1,1
BloodAxe_pytorch-toolbelt.pytorch_toolbelt.modules,pooling,GlobalWeightedAvgPool2d,norm,2,1,1
BloodAxe_pytorch-toolbelt.pytorch_toolbelt.modules,pooling,GlobalWeightedAvgPool2d,forward,7,1,1
BloodAxe_pytorch-toolbelt.pytorch_toolbelt.modules,pooling,RMSPool,__init__,3,1,0
BloodAxe_pytorch-toolbelt.pytorch_toolbelt.modules,pooling,RMSPool,forward,4,1,1
BloodAxe_pytorch-toolbelt.pytorch_toolbelt.modules,pooling,MILCustomPoolingModule,__init__,10,1,3
BloodAxe_pytorch-toolbelt.pytorch_toolbelt.modules,pooling,MILCustomPoolingModule,forward,5,1,1
BloodAxe_pytorch-toolbelt.pytorch_toolbelt.modules,pooling,GlobalRankPooling,__init__,4,1,3
BloodAxe_pytorch-toolbelt.pytorch_toolbelt.modules,pooling,GlobalRankPooling,forward,11,2,1
BloodAxe_pytorch-toolbelt.pytorch_toolbelt.modules,pooling,GeneralizedMeanPooling2d,__init__,6,1,4
BloodAxe_pytorch-toolbelt.pytorch_toolbelt.modules,pooling,GeneralizedMeanPooling2d,forward,8,3,1
BloodAxe_pytorch-toolbelt.pytorch_toolbelt.modules,pooling,GeneralizedMeanPooling2d,__repr__,3,1,0
BloodAxe_pytorch-toolbelt.pytorch_toolbelt.modules,pooling,GlobalMaxAvgPooling2d,__init__,5,1,1
BloodAxe_pytorch-toolbelt.pytorch_toolbelt.modules,pooling,GlobalMaxAvgPooling2d,forward,7,2,1
BloodAxe_pytorch-toolbelt.pytorch_toolbelt.modules,scse,ChannelGate2d,__init__,3,1,1
BloodAxe_pytorch-toolbelt.pytorch_toolbelt.modules,scse,ChannelGate2d,forward,5,1,1
BloodAxe_pytorch-toolbelt.pytorch_toolbelt.modules,scse,SpatialGate2d,__init__,11,4,3
BloodAxe_pytorch-toolbelt.pytorch_toolbelt.modules,scse,SpatialGate2d,forward,8,1,1
BloodAxe_pytorch-toolbelt.pytorch_toolbelt.modules,scse,ChannelSpatialGate2d,__init__,4,1,2
BloodAxe_pytorch-toolbelt.pytorch_toolbelt.modules,scse,ChannelSpatialGate2d,forward,2,1,1
BloodAxe_pytorch-toolbelt.pytorch_toolbelt.modules,scse,SpatialGate2dV2,__init__,6,1,2
BloodAxe_pytorch-toolbelt.pytorch_toolbelt.modules,scse,SpatialGate2dV2,forward,8,1,1
BloodAxe_pytorch-toolbelt.pytorch_toolbelt.modules,scse,ChannelSpatialGate2dV2,__init__,4,1,2
BloodAxe_pytorch-toolbelt.pytorch_toolbelt.modules,scse,ChannelSpatialGate2dV2,forward,2,1,1
BloodAxe_pytorch-toolbelt.pytorch_toolbelt.modules,simple,,conv1x1,5,2,4
BloodAxe_pytorch-toolbelt.pytorch_toolbelt.modules,simple,,conv3x3,5,2,5
BloodAxe_pytorch-toolbelt.pytorch_toolbelt.modules,spp,ASPPModule,__init__,16,1,7
BloodAxe_pytorch-toolbelt.pytorch_toolbelt.modules,spp,ASPPModule,forward,4,1,1
BloodAxe_pytorch-toolbelt.pytorch_toolbelt.modules,spp,SeparableASPPModule,__init__,16,1,7
BloodAxe_pytorch-toolbelt.pytorch_toolbelt.modules,spp,SeparableASPPModule,forward,4,1,1
BloodAxe_pytorch-toolbelt.pytorch_toolbelt.modules,spp,ASPPPooling,__init__,9,1,4
BloodAxe_pytorch-toolbelt.pytorch_toolbelt.modules,spp,ASPPPooling,forward,6,1,1
BloodAxe_pytorch-toolbelt.pytorch_toolbelt.modules,spp,ASPP,__init__,13,1,6
BloodAxe_pytorch-toolbelt.pytorch_toolbelt.modules,spp,ASPP,forward,6,2,1
BloodAxe_pytorch-toolbelt.pytorch_toolbelt.modules,srm,SRMLayer,__init__,4,1,1
BloodAxe_pytorch-toolbelt.pytorch_toolbelt.modules,srm,SRMLayer,forward,10,1,1
BloodAxe_pytorch-toolbelt.pytorch_toolbelt.modules,unet,UnetBlock,__init__,12,3,6
BloodAxe_pytorch-toolbelt.pytorch_toolbelt.modules,unet,UnetBlock,forward,8,1,1
BloodAxe_pytorch-toolbelt.pytorch_toolbelt.modules,unet,UnetResidualBlock,__init__,18,3,7
BloodAxe_pytorch-toolbelt.pytorch_toolbelt.modules,unet,UnetResidualBlock,forward,9,1,1
BloodAxe_pytorch-toolbelt.pytorch_toolbelt.modules,upsample,AbstractResizeLayer,forward,5,1,2
BloodAxe_pytorch-toolbelt.pytorch_toolbelt.modules,upsample,NearestNeighborResizeLayer,__init__,5,1,2
BloodAxe_pytorch-toolbelt.pytorch_toolbelt.modules,upsample,NearestNeighborResizeLayer,forward,2,1,2
BloodAxe_pytorch-toolbelt.pytorch_toolbelt.modules,upsample,BilinearInterpolationLayer,__init__,6,1,3
BloodAxe_pytorch-toolbelt.pytorch_toolbelt.modules,upsample,BilinearInterpolationLayer,forward,2,1,2
BloodAxe_pytorch-toolbelt.pytorch_toolbelt.modules,upsample,PixelShuffle,__init__,12,1,2
BloodAxe_pytorch-toolbelt.pytorch_toolbelt.modules,upsample,PixelShuffle,forward,3,1,2
BloodAxe_pytorch-toolbelt.pytorch_toolbelt.modules,upsample,PixelShuffleWithLinear,__init__,8,1,3
BloodAxe_pytorch-toolbelt.pytorch_toolbelt.modules,upsample,PixelShuffleWithLinear,forward,3,1,2
BloodAxe_pytorch-toolbelt.pytorch_toolbelt.modules,upsample,BilinearAdditiveUpsample2d,__init__,9,2,2
BloodAxe_pytorch-toolbelt.pytorch_toolbelt.modules,upsample,BilinearAdditiveUpsample2d,forward,5,1,2
BloodAxe_pytorch-toolbelt.pytorch_toolbelt.modules,upsample,DeconvolutionUpsample2d,__init__,7,2,2
BloodAxe_pytorch-toolbelt.pytorch_toolbelt.modules,upsample,DeconvolutionUpsample2d,forward,2,1,2
BloodAxe_pytorch-toolbelt.pytorch_toolbelt.modules,upsample,ResidualDeconvolutionUpsample2d,__init__,13,2,2
BloodAxe_pytorch-toolbelt.pytorch_toolbelt.modules,upsample,ResidualDeconvolutionUpsample2d,forward,3,1,2
BloodAxe_pytorch-toolbelt.pytorch_toolbelt.modules,upsample,,bilinear_upsample_initializer,9,3,1
BloodAxe_pytorch-toolbelt.pytorch_toolbelt.modules,upsample,,icnr_init,12,1,3
BloodAxe_pytorch-toolbelt.pytorch_toolbelt.modules,upsample,,instantiate_upsample_block,13,3,3
BloodAxe_pytorch-toolbelt.pytorch_toolbelt.modules.backbone,inceptionv4,BasicConv2d,__init__,9,1,5
BloodAxe_pytorch-toolbelt.pytorch_toolbelt.modules.backbone,inceptionv4,BasicConv2d,forward,5,1,1
BloodAxe_pytorch-toolbelt.pytorch_toolbelt.modules.backbone,inceptionv4,Mixed_3a,__init__,4,1,0
BloodAxe_pytorch-toolbelt.pytorch_toolbelt.modules.backbone,inceptionv4,Mixed_3a,forward,5,1,1
BloodAxe_pytorch-toolbelt.pytorch_toolbelt.modules.backbone,inceptionv4,Mixed_4a,__init__,11,1,0
BloodAxe_pytorch-toolbelt.pytorch_toolbelt.modules.backbone,inceptionv4,Mixed_4a,forward,5,1,1
BloodAxe_pytorch-toolbelt.pytorch_toolbelt.modules.backbone,inceptionv4,Mixed_5a,__init__,4,1,0
BloodAxe_pytorch-toolbelt.pytorch_toolbelt.modules.backbone,inceptionv4,Mixed_5a,forward,5,1,1
BloodAxe_pytorch-toolbelt.pytorch_toolbelt.modules.backbone,inceptionv4,Inception_A,__init__,15,1,0
BloodAxe_pytorch-toolbelt.pytorch_toolbelt.modules.backbone,inceptionv4,Inception_A,forward,7,1,1
BloodAxe_pytorch-toolbelt.pytorch_toolbelt.modules.backbone,inceptionv4,Reduction_A,__init__,9,1,0
BloodAxe_pytorch-toolbelt.pytorch_toolbelt.modules.backbone,inceptionv4,Reduction_A,forward,6,1,1
BloodAxe_pytorch-toolbelt.pytorch_toolbelt.modules.backbone,inceptionv4,Inception_B,__init__,19,1,0
BloodAxe_pytorch-toolbelt.pytorch_toolbelt.modules.backbone,inceptionv4,Inception_B,forward,7,1,1
BloodAxe_pytorch-toolbelt.pytorch_toolbelt.modules.backbone,inceptionv4,Reduction_B,__init__,12,1,0
BloodAxe_pytorch-toolbelt.pytorch_toolbelt.modules.backbone,inceptionv4,Reduction_B,forward,6,1,1
BloodAxe_pytorch-toolbelt.pytorch_toolbelt.modules.backbone,inceptionv4,Inception_C,__init__,15,1,0
BloodAxe_pytorch-toolbelt.pytorch_toolbelt.modules.backbone,inceptionv4,Inception_C,forward,15,1,1
BloodAxe_pytorch-toolbelt.pytorch_toolbelt.modules.backbone,inceptionv4,InceptionV4,__init__,31,1,1
BloodAxe_pytorch-toolbelt.pytorch_toolbelt.modules.backbone,inceptionv4,InceptionV4,logits,6,1,1
BloodAxe_pytorch-toolbelt.pytorch_toolbelt.modules.backbone,inceptionv4,InceptionV4,forward,4,1,1
BloodAxe_pytorch-toolbelt.pytorch_toolbelt.modules.backbone,inceptionv4,,inceptionv4,25,3,2
BloodAxe_pytorch-toolbelt.pytorch_toolbelt.modules.backbone,mobilenet,InvertedResidual,__init__,30,3,5
BloodAxe_pytorch-toolbelt.pytorch_toolbelt.modules.backbone,mobilenet,InvertedResidual,forward,5,1,1
BloodAxe_pytorch-toolbelt.pytorch_toolbelt.modules.backbone,mobilenet,MobileNetV2,__init__,36,4,4
BloodAxe_pytorch-toolbelt.pytorch_toolbelt.modules.backbone,mobilenet,MobileNetV2,forward,13,1,1
BloodAxe_pytorch-toolbelt.pytorch_toolbelt.modules.backbone,mobilenet,MobileNetV2,_initialize_weights,14,6,0
BloodAxe_pytorch-toolbelt.pytorch_toolbelt.modules.backbone,mobilenet,,conv_bn,2,1,4
BloodAxe_pytorch-toolbelt.pytorch_toolbelt.modules.backbone,mobilenet,,conv_1x1_bn,2,1,3
BloodAxe_pytorch-toolbelt.pytorch_toolbelt.modules.backbone,senet,SEModule,__init__,7,1,2
BloodAxe_pytorch-toolbelt.pytorch_toolbelt.modules.backbone,senet,SEModule,forward,8,1,1
BloodAxe_pytorch-toolbelt.pytorch_toolbelt.modules.backbone,senet,Bottleneck,forward,15,2,1
BloodAxe_pytorch-toolbelt.pytorch_toolbelt.modules.backbone,senet,SEBottleneck,__init__,14,1,6
BloodAxe_pytorch-toolbelt.pytorch_toolbelt.modules.backbone,senet,SEResNetBottleneck,__init__,12,1,6
BloodAxe_pytorch-toolbelt.pytorch_toolbelt.modules.backbone,senet,SEResNeXtBottleneck,__init__,13,1,7
BloodAxe_pytorch-toolbelt.pytorch_toolbelt.modules.backbone,senet,SENet,__init__,67,2,10
BloodAxe_pytorch-toolbelt.pytorch_toolbelt.modules.backbone,senet,SENet,_make_layer,20,4,8
BloodAxe_pytorch-toolbelt.pytorch_toolbelt.modules.backbone,senet,SENet,features,7,1,1
BloodAxe_pytorch-toolbelt.pytorch_toolbelt.modules.backbone,senet,SENet,logits,7,2,1
BloodAxe_pytorch-toolbelt.pytorch_toolbelt.modules.backbone,senet,SENet,forward,4,1,1
BloodAxe_pytorch-toolbelt.pytorch_toolbelt.modules.backbone,senet,,initialize_pretrained_model,10,1,3
BloodAxe_pytorch-toolbelt.pytorch_toolbelt.modules.backbone,senet,,senet154,6,2,2
BloodAxe_pytorch-toolbelt.pytorch_toolbelt.modules.backbone,senet,,se_resnet50,17,2,2
BloodAxe_pytorch-toolbelt.pytorch_toolbelt.modules.backbone,senet,,se_resnet101,17,2,2
BloodAxe_pytorch-toolbelt.pytorch_toolbelt.modules.backbone,senet,,se_resnet152,17,2,2
BloodAxe_pytorch-toolbelt.pytorch_toolbelt.modules.backbone,senet,,se_resnext50_32x4d,17,2,2
BloodAxe_pytorch-toolbelt.pytorch_toolbelt.modules.backbone,senet,,se_resnext101_32x4d,17,2,2
BloodAxe_pytorch-toolbelt.pytorch_toolbelt.modules.backbone,wider_resnet,IdentityResidualBlock,__init__,51,10,7
BloodAxe_pytorch-toolbelt.pytorch_toolbelt.modules.backbone,wider_resnet,IdentityResidualBlock,forward,10,2,1
BloodAxe_pytorch-toolbelt.pytorch_toolbelt.modules.backbone,wider_resnet,WiderResNet,__init__,32,6,3
BloodAxe_pytorch-toolbelt.pytorch_toolbelt.modules.backbone,wider_resnet,WiderResNet,forward,12,2,1
BloodAxe_pytorch-toolbelt.pytorch_toolbelt.modules.backbone,wider_resnet,WiderResNetA2,__init__,54,13,4
BloodAxe_pytorch-toolbelt.pytorch_toolbelt.modules.backbone,wider_resnet,WiderResNetA2,forward,13,1,1
BloodAxe_pytorch-toolbelt.pytorch_toolbelt.modules.backbone,wider_resnet,,wider_resnet_16,2,1,2
BloodAxe_pytorch-toolbelt.pytorch_toolbelt.modules.backbone,wider_resnet,,wider_resnet_20,2,1,2
BloodAxe_pytorch-toolbelt.pytorch_toolbelt.modules.backbone,wider_resnet,,wider_resnet_38,2,1,2
BloodAxe_pytorch-toolbelt.pytorch_toolbelt.modules.backbone,wider_resnet,,wider_resnet_16_a2,2,1,2
BloodAxe_pytorch-toolbelt.pytorch_toolbelt.modules.backbone,wider_resnet,,wider_resnet_20_a2,2,1,2
BloodAxe_pytorch-toolbelt.pytorch_toolbelt.modules.backbone,wider_resnet,,wider_resnet_38_a2,2,1,2
BloodAxe_pytorch-toolbelt.pytorch_toolbelt.modules.decoders,bifpn,BiFPNConvBlock,__init__,5,1,8
BloodAxe_pytorch-toolbelt.pytorch_toolbelt.modules.decoders,bifpn,BiFPNConvBlock,forward,4,1,1
BloodAxe_pytorch-toolbelt.pytorch_toolbelt.modules.decoders,bifpn,BiFPNBlock,__init__,20,1,6
BloodAxe_pytorch-toolbelt.pytorch_toolbelt.modules.decoders,bifpn,BiFPNBlock,forward,3,1,1
BloodAxe_pytorch-toolbelt.pytorch_toolbelt.modules.decoders,bifpn,BiFPNBlock,bottom_up_pathway,11,2,2
BloodAxe_pytorch-toolbelt.pytorch_toolbelt.modules.decoders,bifpn,BiFPNBlock,top_down_pathway,10,2,1
BloodAxe_pytorch-toolbelt.pytorch_toolbelt.modules.decoders,bifpn,BiFPNDecoder,__init__,20,2,7
BloodAxe_pytorch-toolbelt.pytorch_toolbelt.modules.decoders,bifpn,BiFPNDecoder,forward,3,1,1
BloodAxe_pytorch-toolbelt.pytorch_toolbelt.modules.decoders,bifpn,BiFPNDecoder,get_output_spec,2,1,0
BloodAxe_pytorch-toolbelt.pytorch_toolbelt.modules.decoders,can,RCM,__init__,9,1,2
BloodAxe_pytorch-toolbelt.pytorch_toolbelt.modules.decoders,can,RCM,forward,3,1,1
BloodAxe_pytorch-toolbelt.pytorch_toolbelt.modules.decoders,can,CFM,__init__,8,1,3
BloodAxe_pytorch-toolbelt.pytorch_toolbelt.modules.decoders,can,CFM,forward,5,1,1
BloodAxe_pytorch-toolbelt.pytorch_toolbelt.modules.decoders,can,AMM,__init__,7,1,2
BloodAxe_pytorch-toolbelt.pytorch_toolbelt.modules.decoders,can,AMM,forward,6,1,2
BloodAxe_pytorch-toolbelt.pytorch_toolbelt.modules.decoders,can,CANDecoder,__init__,10,1,2
BloodAxe_pytorch-toolbelt.pytorch_toolbelt.modules.decoders,can,CANDecoder,forward,12,2,1
BloodAxe_pytorch-toolbelt.pytorch_toolbelt.modules.decoders,can,CANDecoder,get_output_spec,2,1,0
BloodAxe_pytorch-toolbelt.pytorch_toolbelt.modules.decoders,can,,cfm_branch,8,1,3
BloodAxe_pytorch-toolbelt.pytorch_toolbelt.modules.decoders,can,,ds_cfm_branch,12,1,3
BloodAxe_pytorch-toolbelt.pytorch_toolbelt.modules.decoders,deeplab_v3,DeeplabV3Decoder,__init__,20,1,6
BloodAxe_pytorch-toolbelt.pytorch_toolbelt.modules.decoders,deeplab_v3,DeeplabV3Decoder,forward,4,1,1
BloodAxe_pytorch-toolbelt.pytorch_toolbelt.modules.decoders,deeplab_v3,DeeplabV3Decoder,get_output_spec,2,1,0
BloodAxe_pytorch-toolbelt.pytorch_toolbelt.modules.decoders,deeplab_v3_plus,DeeplabV3PlusDecoder,__init__,32,1,7
BloodAxe_pytorch-toolbelt.pytorch_toolbelt.modules.decoders,deeplab_v3_plus,DeeplabV3PlusDecoder,forward,8,1,1
BloodAxe_pytorch-toolbelt.pytorch_toolbelt.modules.decoders,deeplab_v3_plus,DeeplabV3PlusDecoder,get_output_spec,2,1,0
BloodAxe_pytorch-toolbelt.pytorch_toolbelt.modules.decoders,fpn,FPNDecoder,__init__,20,3,5
BloodAxe_pytorch-toolbelt.pytorch_toolbelt.modules.decoders,fpn,FPNDecoder,get_output_spec,2,1,0
BloodAxe_pytorch-toolbelt.pytorch_toolbelt.modules.decoders,fpn,FPNDecoder,forward,12,2,1
BloodAxe_pytorch-toolbelt.pytorch_toolbelt.modules.decoders,unet,UNetDecoder,__init__,50,9,10
BloodAxe_pytorch-toolbelt.pytorch_toolbelt.modules.decoders,unet,UNetDecoder,_build_stage,8,2,5
BloodAxe_pytorch-toolbelt.pytorch_toolbelt.modules.decoders,unet,UNetDecoder,get_output_spec,2,1,0
BloodAxe_pytorch-toolbelt.pytorch_toolbelt.modules.decoders,unet,UNetDecoder,forward,13,2,1
BloodAxe_pytorch-toolbelt.pytorch_toolbelt.modules.encoders,common,EncoderModule,__init__,8,2,3
BloodAxe_pytorch-toolbelt.pytorch_toolbelt.modules.encoders,common,EncoderModule,forward,7,2,1
BloodAxe_pytorch-toolbelt.pytorch_toolbelt.modules.encoders,common,EncoderModule,channels,2,1,0
BloodAxe_pytorch-toolbelt.pytorch_toolbelt.modules.encoders,common,EncoderModule,strides,2,1,0
BloodAxe_pytorch-toolbelt.pytorch_toolbelt.modules.encoders,common,EncoderModule,set_trainable,3,2,1
BloodAxe_pytorch-toolbelt.pytorch_toolbelt.modules.encoders,common,EncoderModule,change_input_channels,4,1,2
BloodAxe_pytorch-toolbelt.pytorch_toolbelt.modules.encoders,common,EncoderModule,get_output_spec,2,1,0
BloodAxe_pytorch-toolbelt.pytorch_toolbelt.modules.encoders,common,,_take,5,2,2
BloodAxe_pytorch-toolbelt.pytorch_toolbelt.modules.encoders,common,,_take_ints,5,2,2
BloodAxe_pytorch-toolbelt.pytorch_toolbelt.modules.encoders,common,,_take_tensors,5,2,2
BloodAxe_pytorch-toolbelt.pytorch_toolbelt.modules.encoders,common,,make_n_channel_input_conv,28,2,3
BloodAxe_pytorch-toolbelt.pytorch_toolbelt.modules.encoders,common,,make_n_channel_input,6,2,3
BloodAxe_pytorch-toolbelt.pytorch_toolbelt.modules.encoders,densenet,DenseNetEncoder,__init__,24,2,5
BloodAxe_pytorch-toolbelt.pytorch_toolbelt.modules.encoders,densenet,DenseNetEncoder,encoder_layers,2,1,0
BloodAxe_pytorch-toolbelt.pytorch_toolbelt.modules.encoders,densenet,DenseNetEncoder,strides,2,1,0
BloodAxe_pytorch-toolbelt.pytorch_toolbelt.modules.encoders,densenet,DenseNetEncoder,channels,2,1,0
BloodAxe_pytorch-toolbelt.pytorch_toolbelt.modules.encoders,densenet,DenseNetEncoder,forward,14,3,1
BloodAxe_pytorch-toolbelt.pytorch_toolbelt.modules.encoders,densenet,DenseNetEncoder,change_input_channels,3,1,2
BloodAxe_pytorch-toolbelt.pytorch_toolbelt.modules.encoders,densenet,DenseNet121Encoder,__init__,5,1,4
BloodAxe_pytorch-toolbelt.pytorch_toolbelt.modules.encoders,densenet,DenseNet161Encoder,__init__,5,1,4
BloodAxe_pytorch-toolbelt.pytorch_toolbelt.modules.encoders,densenet,DenseNet169Encoder,__init__,5,1,4
BloodAxe_pytorch-toolbelt.pytorch_toolbelt.modules.encoders,densenet,DenseNet201Encoder,__init__,5,1,4
BloodAxe_pytorch-toolbelt.pytorch_toolbelt.modules.encoders,hourglass,HGResidualBlock,__init__,18,2,4
BloodAxe_pytorch-toolbelt.pytorch_toolbelt.modules.encoders,hourglass,HGResidualBlock,forward,13,1,1
BloodAxe_pytorch-toolbelt.pytorch_toolbelt.modules.encoders,hourglass,HGStemBlock,__init__,13,1,3
BloodAxe_pytorch-toolbelt.pytorch_toolbelt.modules.encoders,hourglass,HGStemBlock,forward,7,1,1
BloodAxe_pytorch-toolbelt.pytorch_toolbelt.modules.encoders,hourglass,HGBlock,__init__,39,7,7
BloodAxe_pytorch-toolbelt.pytorch_toolbelt.modules.encoders,hourglass,HGBlock,forward,9,1,1
BloodAxe_pytorch-toolbelt.pytorch_toolbelt.modules.encoders,hourglass,HGFeaturesBlock,__init__,5,1,3
BloodAxe_pytorch-toolbelt.pytorch_toolbelt.modules.encoders,hourglass,HGFeaturesBlock,forward,4,1,1
BloodAxe_pytorch-toolbelt.pytorch_toolbelt.modules.encoders,hourglass,HGSupervisionBlock,__init__,4,1,2
BloodAxe_pytorch-toolbelt.pytorch_toolbelt.modules.encoders,hourglass,HGSupervisionBlock,forward,4,1,1
BloodAxe_pytorch-toolbelt.pytorch_toolbelt.modules.encoders,hourglass,StackedHGEncoder,__init__,34,2,7
BloodAxe_pytorch-toolbelt.pytorch_toolbelt.modules.encoders,hourglass,StackedHGEncoder,__str__,2,1,0
BloodAxe_pytorch-toolbelt.pytorch_toolbelt.modules.encoders,hourglass,StackedHGEncoder,forward,10,3,1
BloodAxe_pytorch-toolbelt.pytorch_toolbelt.modules.encoders,hourglass,StackedHGEncoder,change_input_channels,3,1,2
BloodAxe_pytorch-toolbelt.pytorch_toolbelt.modules.encoders,hourglass,StackedHGEncoder,encoder_layers,2,1,0
BloodAxe_pytorch-toolbelt.pytorch_toolbelt.modules.encoders,hourglass,StackedSupervisedHGEncoder,__init__,13,1,9
BloodAxe_pytorch-toolbelt.pytorch_toolbelt.modules.encoders,hourglass,StackedSupervisedHGEncoder,forward,13,3,1
BloodAxe_pytorch-toolbelt.pytorch_toolbelt.modules.encoders,hourglass,,conv1x1_bn_act,10,1,3
BloodAxe_pytorch-toolbelt.pytorch_toolbelt.modules.encoders,hrnet,HRNetBasicBlock,__init__,9,1,4
BloodAxe_pytorch-toolbelt.pytorch_toolbelt.modules.encoders,hrnet,HRNetBasicBlock,forward,12,2,1
BloodAxe_pytorch-toolbelt.pytorch_toolbelt.modules.encoders,hrnet,HRNetBottleneck,__init__,11,1,4
BloodAxe_pytorch-toolbelt.pytorch_toolbelt.modules.encoders,hrnet,HRNetBottleneck,forward,15,2,1
BloodAxe_pytorch-toolbelt.pytorch_toolbelt.modules.encoders,hrnet,HighResolutionModule,__init__,10,1,7
BloodAxe_pytorch-toolbelt.pytorch_toolbelt.modules.encoders,hrnet,HighResolutionModule,_check_branches,10,4,5
BloodAxe_pytorch-toolbelt.pytorch_toolbelt.modules.encoders,hrnet,HighResolutionModule,_make_one_branch,19,4,5
BloodAxe_pytorch-toolbelt.pytorch_toolbelt.modules.encoders,hrnet,HighResolutionModule,_make_branches,5,2,4
BloodAxe_pytorch-toolbelt.pytorch_toolbelt.modules.encoders,hrnet,HighResolutionModule,_make_fuse_layers,41,7,0
BloodAxe_pytorch-toolbelt.pytorch_toolbelt.modules.encoders,hrnet,HighResolutionModule,get_num_inchannels,2,1,0
BloodAxe_pytorch-toolbelt.pytorch_toolbelt.modules.encoders,hrnet,HighResolutionModule,forward,24,6,1
BloodAxe_pytorch-toolbelt.pytorch_toolbelt.modules.encoders,hrnet,HRNetEncoderBase,__init__,65,2,3
BloodAxe_pytorch-toolbelt.pytorch_toolbelt.modules.encoders,hrnet,HRNetEncoderBase,_make_transition_layer,30,5,2
BloodAxe_pytorch-toolbelt.pytorch_toolbelt.modules.encoders,hrnet,HRNetEncoderBase,_make_layer,13,4,5
BloodAxe_pytorch-toolbelt.pytorch_toolbelt.modules.encoders,hrnet,HRNetEncoderBase,_make_stage,28,4,3
BloodAxe_pytorch-toolbelt.pytorch_toolbelt.modules.encoders,hrnet,HRNetEncoderBase,forward,26,7,1
BloodAxe_pytorch-toolbelt.pytorch_toolbelt.modules.encoders,hrnet,HRNetEncoderBase,change_input_channels,3,1,2
BloodAxe_pytorch-toolbelt.pytorch_toolbelt.modules.encoders,hrnet,HRNetV2Encoder18,__init__,2,1,2
BloodAxe_pytorch-toolbelt.pytorch_toolbelt.modules.encoders,hrnet,HRNetV2Encoder34,__init__,2,1,2
BloodAxe_pytorch-toolbelt.pytorch_toolbelt.modules.encoders,hrnet,HRNetV2Encoder48,__init__,2,1,2
BloodAxe_pytorch-toolbelt.pytorch_toolbelt.modules.encoders,hrnet,,hrnet_conv3x3,2,1,3
BloodAxe_pytorch-toolbelt.pytorch_toolbelt.modules.encoders,inception,InceptionV4Encoder,__init__,15,2,2
BloodAxe_pytorch-toolbelt.pytorch_toolbelt.modules.encoders,inception,InceptionV4Encoder,forward,7,2,1
BloodAxe_pytorch-toolbelt.pytorch_toolbelt.modules.encoders,inception,InceptionV4Encoder,encoder_layers,2,1,0
BloodAxe_pytorch-toolbelt.pytorch_toolbelt.modules.encoders,inception,InceptionV4Encoder,change_input_channels,3,1,2
BloodAxe_pytorch-toolbelt.pytorch_toolbelt.modules.encoders,mix_transformer,Mlp,__init__,10,3,5
BloodAxe_pytorch-toolbelt.pytorch_toolbelt.modules.encoders,mix_transformer,Mlp,_init_weights,14,7,1
BloodAxe_pytorch-toolbelt.pytorch_toolbelt.modules.encoders,mix_transformer,Mlp,forward,8,1,3
BloodAxe_pytorch-toolbelt.pytorch_toolbelt.modules.encoders,mix_transformer,Attention,__init__,18,4,7
BloodAxe_pytorch-toolbelt.pytorch_toolbelt.modules.encoders,mix_transformer,Attention,_init_weights,14,7,1
BloodAxe_pytorch-toolbelt.pytorch_toolbelt.modules.encoders,mix_transformer,Attention,forward,18,2,3
BloodAxe_pytorch-toolbelt.pytorch_toolbelt.modules.encoders,mix_transformer,Block,__init__,17,1,11
BloodAxe_pytorch-toolbelt.pytorch_toolbelt.modules.encoders,mix_transformer,Block,_init_weights,14,7,1
BloodAxe_pytorch-toolbelt.pytorch_toolbelt.modules.encoders,mix_transformer,Block,forward,7,1,3
BloodAxe_pytorch-toolbelt.pytorch_toolbelt.modules.encoders,mix_transformer,OverlapPatchEmbed,__init__,14,1,4
BloodAxe_pytorch-toolbelt.pytorch_toolbelt.modules.encoders,mix_transformer,OverlapPatchEmbed,change_input_channels,9,1,2
BloodAxe_pytorch-toolbelt.pytorch_toolbelt.modules.encoders,mix_transformer,OverlapPatchEmbed,_init_weights,14,7,1
BloodAxe_pytorch-toolbelt.pytorch_toolbelt.modules.encoders,mix_transformer,OverlapPatchEmbed,forward,6,1,1
BloodAxe_pytorch-toolbelt.pytorch_toolbelt.modules.encoders,mix_transformer,MixVisionTransformer,__init__,96,1,14
BloodAxe_pytorch-toolbelt.pytorch_toolbelt.modules.encoders,mix_transformer,MixVisionTransformer,change_input_channels,3,1,1
BloodAxe_pytorch-toolbelt.pytorch_toolbelt.modules.encoders,mix_transformer,MixVisionTransformer,get_output_spec,2,1,0
BloodAxe_pytorch-toolbelt.pytorch_toolbelt.modules.encoders,mix_transformer,MixVisionTransformer,_init_weights,14,7,1
BloodAxe_pytorch-toolbelt.pytorch_toolbelt.modules.encoders,mix_transformer,MixVisionTransformer,reset_drop_path,14,5,1
BloodAxe_pytorch-toolbelt.pytorch_toolbelt.modules.encoders,mix_transformer,MixVisionTransformer,forward_features,28,5,1
BloodAxe_pytorch-toolbelt.pytorch_toolbelt.modules.encoders,mix_transformer,MixVisionTransformer,forward,3,1,1
BloodAxe_pytorch-toolbelt.pytorch_toolbelt.modules.encoders,mix_transformer,DWConv,__init__,3,1,1
BloodAxe_pytorch-toolbelt.pytorch_toolbelt.modules.encoders,mix_transformer,DWConv,forward,6,1,3
BloodAxe_pytorch-toolbelt.pytorch_toolbelt.modules.encoders,mix_transformer,MitB0Encoder,__init__,19,2,5
BloodAxe_pytorch-toolbelt.pytorch_toolbelt.modules.encoders,mix_transformer,MitB1Encoder,__init__,19,2,5
BloodAxe_pytorch-toolbelt.pytorch_toolbelt.modules.encoders,mix_transformer,MitB2Encoder,__init__,19,2,5
BloodAxe_pytorch-toolbelt.pytorch_toolbelt.modules.encoders,mix_transformer,MitB3Encoder,__init__,19,2,5
BloodAxe_pytorch-toolbelt.pytorch_toolbelt.modules.encoders,mix_transformer,MitB4Encoder,__init__,19,2,5
BloodAxe_pytorch-toolbelt.pytorch_toolbelt.modules.encoders,mix_transformer,MitB5Encoder,__init__,19,2,5
BloodAxe_pytorch-toolbelt.pytorch_toolbelt.modules.encoders,mobilenet,MobilenetV2Encoder,__init__,11,1,2
BloodAxe_pytorch-toolbelt.pytorch_toolbelt.modules.encoders,mobilenet,MobilenetV2Encoder,encoder_layers,2,1,0
BloodAxe_pytorch-toolbelt.pytorch_toolbelt.modules.encoders,mobilenet,MobilenetV2Encoder,change_input_channels,3,1,2
BloodAxe_pytorch-toolbelt.pytorch_toolbelt.modules.encoders,mobilenet,MobileNetV3Large,__init__,12,2,2
BloodAxe_pytorch-toolbelt.pytorch_toolbelt.modules.encoders,mobilenet,MobileNetV3Large,encoder_layers,2,1,0
BloodAxe_pytorch-toolbelt.pytorch_toolbelt.modules.encoders,mobilenet,MobileNetV3Large,change_input_channels,3,1,2
BloodAxe_pytorch-toolbelt.pytorch_toolbelt.modules.encoders,mobilenet,MobileNetV3Small,__init__,12,2,2
BloodAxe_pytorch-toolbelt.pytorch_toolbelt.modules.encoders,mobilenet,MobileNetV3Small,encoder_layers,2,1,0
BloodAxe_pytorch-toolbelt.pytorch_toolbelt.modules.encoders,mobilenet,MobileNetV3Small,change_input_channels,3,1,2
BloodAxe_pytorch-toolbelt.pytorch_toolbelt.modules.encoders,resnet,ResnetEncoder,__init__,10,2,4
BloodAxe_pytorch-toolbelt.pytorch_toolbelt.modules.encoders,resnet,ResnetEncoder,encoder_layers,2,1,0
BloodAxe_pytorch-toolbelt.pytorch_toolbelt.modules.encoders,resnet,ResnetEncoder,forward,11,3,1
BloodAxe_pytorch-toolbelt.pytorch_toolbelt.modules.encoders,resnet,ResnetEncoder,change_input_channels,3,1,2
BloodAxe_pytorch-toolbelt.pytorch_toolbelt.modules.encoders,resnet,Resnet18Encoder,__init__,2,1,2
BloodAxe_pytorch-toolbelt.pytorch_toolbelt.modules.encoders,resnet,Resnet34Encoder,__init__,2,1,2
BloodAxe_pytorch-toolbelt.pytorch_toolbelt.modules.encoders,resnet,Resnet50Encoder,__init__,2,1,2
BloodAxe_pytorch-toolbelt.pytorch_toolbelt.modules.encoders,resnet,Resnet101Encoder,__init__,2,1,2
BloodAxe_pytorch-toolbelt.pytorch_toolbelt.modules.encoders,resnet,Resnet152Encoder,__init__,2,1,2
BloodAxe_pytorch-toolbelt.pytorch_toolbelt.modules.encoders,seresnet,SEResnetEncoder,__init__,13,2,4
BloodAxe_pytorch-toolbelt.pytorch_toolbelt.modules.encoders,seresnet,SEResnetEncoder,encoder_layers,2,1,0
BloodAxe_pytorch-toolbelt.pytorch_toolbelt.modules.encoders,seresnet,SEResnetEncoder,strides,2,1,0
BloodAxe_pytorch-toolbelt.pytorch_toolbelt.modules.encoders,seresnet,SEResnetEncoder,channels,2,1,0
BloodAxe_pytorch-toolbelt.pytorch_toolbelt.modules.encoders,seresnet,SEResnetEncoder,forward,12,3,1
BloodAxe_pytorch-toolbelt.pytorch_toolbelt.modules.encoders,seresnet,SEResnetEncoder,change_input_channels,3,1,2
BloodAxe_pytorch-toolbelt.pytorch_toolbelt.modules.encoders,seresnet,SEResnet50Encoder,__init__,3,1,2
BloodAxe_pytorch-toolbelt.pytorch_toolbelt.modules.encoders,seresnet,SEResnet101Encoder,__init__,3,1,2
BloodAxe_pytorch-toolbelt.pytorch_toolbelt.modules.encoders,seresnet,SEResnet152Encoder,__init__,3,1,2
BloodAxe_pytorch-toolbelt.pytorch_toolbelt.modules.encoders,seresnet,SENet154Encoder,__init__,3,1,2
BloodAxe_pytorch-toolbelt.pytorch_toolbelt.modules.encoders,seresnet,SEResNeXt50Encoder,__init__,3,1,2
BloodAxe_pytorch-toolbelt.pytorch_toolbelt.modules.encoders,seresnet,SEResNeXt101Encoder,__init__,3,1,2
BloodAxe_pytorch-toolbelt.pytorch_toolbelt.modules.encoders,squeezenet,SqueezenetEncoder,__init__,27,1,2
BloodAxe_pytorch-toolbelt.pytorch_toolbelt.modules.encoders,squeezenet,SqueezenetEncoder,encoder_layers,2,1,0
BloodAxe_pytorch-toolbelt.pytorch_toolbelt.modules.encoders,squeezenet,SqueezenetEncoder,change_input_channels,3,1,2
BloodAxe_pytorch-toolbelt.pytorch_toolbelt.modules.encoders,swin,Mlp,__init__,8,3,5
BloodAxe_pytorch-toolbelt.pytorch_toolbelt.modules.encoders,swin,Mlp,forward,7,1,1
BloodAxe_pytorch-toolbelt.pytorch_toolbelt.modules.encoders,swin,WindowAttention,__init__,27,2,7
BloodAxe_pytorch-toolbelt.pytorch_toolbelt.modules.encoders,swin,WindowAttention,forward,24,2,2
BloodAxe_pytorch-toolbelt.pytorch_toolbelt.modules.encoders,swin,SwinTransformerBlock,__init__,24,1,12
BloodAxe_pytorch-toolbelt.pytorch_toolbelt.modules.encoders,swin,SwinTransformerBlock,forward,34,5,2
BloodAxe_pytorch-toolbelt.pytorch_toolbelt.modules.encoders,swin,PatchMerging,__init__,5,1,2
BloodAxe_pytorch-toolbelt.pytorch_toolbelt.modules.encoders,swin,PatchMerging,forward,17,3,3
BloodAxe_pytorch-toolbelt.pytorch_toolbelt.modules.encoders,swin,BasicLayer,__init__,29,2,14
BloodAxe_pytorch-toolbelt.pytorch_toolbelt.modules.encoders,swin,BasicLayer,forward,37,5,3
BloodAxe_pytorch-toolbelt.pytorch_toolbelt.modules.encoders,swin,PatchEmbed,__init__,11,2,4
BloodAxe_pytorch-toolbelt.pytorch_toolbelt.modules.encoders,swin,PatchEmbed,forward,13,4,1
BloodAxe_pytorch-toolbelt.pytorch_toolbelt.modules.encoders,swin,SwinTransformer,__init__,58,5,21
BloodAxe_pytorch-toolbelt.pytorch_toolbelt.modules.encoders,swin,SwinTransformer,_freeze_stages,14,8,0
BloodAxe_pytorch-toolbelt.pytorch_toolbelt.modules.encoders,swin,SwinTransformer,init_weights,19,7,1
BloodAxe_pytorch-toolbelt.pytorch_toolbelt.modules.encoders,swin,SwinTransformer,forward,22,4,1
BloodAxe_pytorch-toolbelt.pytorch_toolbelt.modules.encoders,swin,SwinTransformer,change_input_channels,3,1,2
BloodAxe_pytorch-toolbelt.pytorch_toolbelt.modules.encoders,swin,SwinT,__init__,19,1,16
BloodAxe_pytorch-toolbelt.pytorch_toolbelt.modules.encoders,swin,SwinS,__init__,19,1,16
BloodAxe_pytorch-toolbelt.pytorch_toolbelt.modules.encoders,swin,SwinB,__init__,19,1,16
BloodAxe_pytorch-toolbelt.pytorch_toolbelt.modules.encoders,swin,SwinL,__init__,19,1,16
BloodAxe_pytorch-toolbelt.pytorch_toolbelt.modules.encoders,swin,,window_partition,7,1,2
BloodAxe_pytorch-toolbelt.pytorch_toolbelt.modules.encoders,swin,,window_reverse,7,1,4
BloodAxe_pytorch-toolbelt.pytorch_toolbelt.modules.encoders,unet,UnetEncoder,__init__,17,4,6
BloodAxe_pytorch-toolbelt.pytorch_toolbelt.modules.encoders,unet,UnetEncoder,encoder_layers,2,1,0
BloodAxe_pytorch-toolbelt.pytorch_toolbelt.modules.encoders,unet,UnetEncoder,change_input_channels,3,1,2
BloodAxe_pytorch-toolbelt.pytorch_toolbelt.modules.encoders,wide_resnet,WiderResnetEncoder,__init__,15,1,3
BloodAxe_pytorch-toolbelt.pytorch_toolbelt.modules.encoders,wide_resnet,WiderResnetEncoder,encoder_layers,2,1,0
BloodAxe_pytorch-toolbelt.pytorch_toolbelt.modules.encoders,wide_resnet,WiderResnetEncoder,forward,17,1,1
BloodAxe_pytorch-toolbelt.pytorch_toolbelt.modules.encoders,wide_resnet,WiderResnetEncoder,change_input_channels,3,1,2
BloodAxe_pytorch-toolbelt.pytorch_toolbelt.modules.encoders,wide_resnet,WiderResnet16Encoder,__init__,4,2,1
BloodAxe_pytorch-toolbelt.pytorch_toolbelt.modules.encoders,wide_resnet,WiderResnet20Encoder,__init__,4,2,1
BloodAxe_pytorch-toolbelt.pytorch_toolbelt.modules.encoders,wide_resnet,WiderResnet38Encoder,__init__,4,2,1
BloodAxe_pytorch-toolbelt.pytorch_toolbelt.modules.encoders,wide_resnet,WiderResnetA2Encoder,__init__,12,1,3
BloodAxe_pytorch-toolbelt.pytorch_toolbelt.modules.encoders,wide_resnet,WiderResnetA2Encoder,encoder_layers,2,1,0
BloodAxe_pytorch-toolbelt.pytorch_toolbelt.modules.encoders,wide_resnet,WiderResnetA2Encoder,forward,17,1,1
BloodAxe_pytorch-toolbelt.pytorch_toolbelt.modules.encoders,wide_resnet,WiderResnetA2Encoder,change_input_channels,3,1,2
BloodAxe_pytorch-toolbelt.pytorch_toolbelt.modules.encoders,wide_resnet,WiderResnet16A2Encoder,__init__,4,2,1
BloodAxe_pytorch-toolbelt.pytorch_toolbelt.modules.encoders,wide_resnet,WiderResnet20A2Encoder,__init__,4,2,1
BloodAxe_pytorch-toolbelt.pytorch_toolbelt.modules.encoders,wide_resnet,WiderResnet38A2Encoder,__init__,4,2,1
BloodAxe_pytorch-toolbelt.pytorch_toolbelt.modules.encoders,xresnet,StemBlock,__init__,5,1,3
BloodAxe_pytorch-toolbelt.pytorch_toolbelt.modules.encoders,xresnet,StemBlock,forward,5,1,1
BloodAxe_pytorch-toolbelt.pytorch_toolbelt.modules.encoders,xresnet,XResNetBlock,__init__,25,4,5
BloodAxe_pytorch-toolbelt.pytorch_toolbelt.modules.encoders,xresnet,XResNetBlock,forward,2,1,1
BloodAxe_pytorch-toolbelt.pytorch_toolbelt.modules.encoders,xresnet,SEXResNetBlock,__init__,26,4,5
BloodAxe_pytorch-toolbelt.pytorch_toolbelt.modules.encoders,xresnet,SEXResNetBlock,forward,2,1,1
BloodAxe_pytorch-toolbelt.pytorch_toolbelt.modules.encoders,xresnet,XResNet,__init__,26,2,8
BloodAxe_pytorch-toolbelt.pytorch_toolbelt.modules.encoders,xresnet,XResNet,encoder_layers,2,1,0
BloodAxe_pytorch-toolbelt.pytorch_toolbelt.modules.encoders,xresnet,XResNet,_make_layer,13,1,7
BloodAxe_pytorch-toolbelt.pytorch_toolbelt.modules.encoders,xresnet,XResNet,change_input_channels,2,1,2
BloodAxe_pytorch-toolbelt.pytorch_toolbelt.modules.encoders,xresnet,,make_conv_bn_act,16,2,7
BloodAxe_pytorch-toolbelt.pytorch_toolbelt.modules.encoders,xresnet,,XResNet18Encoder,2,1,0
BloodAxe_pytorch-toolbelt.pytorch_toolbelt.modules.encoders,xresnet,,XResNet34Encoder,2,1,0
BloodAxe_pytorch-toolbelt.pytorch_toolbelt.modules.encoders,xresnet,,XResNet50Encoder,2,1,0
BloodAxe_pytorch-toolbelt.pytorch_toolbelt.modules.encoders,xresnet,,XResNet101Encoder,2,1,0
BloodAxe_pytorch-toolbelt.pytorch_toolbelt.modules.encoders,xresnet,,XResNet152Encoder,2,1,0
BloodAxe_pytorch-toolbelt.pytorch_toolbelt.modules.encoders,xresnet,,SEXResNet18Encoder,2,1,0
BloodAxe_pytorch-toolbelt.pytorch_toolbelt.modules.encoders,xresnet,,SEXResNet34Encoder,2,1,0
BloodAxe_pytorch-toolbelt.pytorch_toolbelt.modules.encoders,xresnet,,SEXResNet50Encoder,2,1,0
BloodAxe_pytorch-toolbelt.pytorch_toolbelt.modules.encoders,xresnet,,SEXResNet101Encoder,2,1,0
BloodAxe_pytorch-toolbelt.pytorch_toolbelt.modules.encoders,xresnet,,SEXResNet152Encoder,2,1,0
BloodAxe_pytorch-toolbelt.pytorch_toolbelt.modules.encoders.timm,common,GenericTimmEncoder,__init__,18,4,3
BloodAxe_pytorch-toolbelt.pytorch_toolbelt.modules.encoders.timm,common,GenericTimmEncoder,forward,3,1,1
BloodAxe_pytorch-toolbelt.pytorch_toolbelt.modules.encoders.timm,common,,make_n_channel_input_std_conv,27,2,3
BloodAxe_pytorch-toolbelt.pytorch_toolbelt.modules.encoders.timm,dpn,DPN68Encoder,__init__,7,2,2
BloodAxe_pytorch-toolbelt.pytorch_toolbelt.modules.encoders.timm,dpn,DPN68Encoder,forward,3,1,1
BloodAxe_pytorch-toolbelt.pytorch_toolbelt.modules.encoders.timm,dpn,DPN68Encoder,change_input_channels,5,1,2
BloodAxe_pytorch-toolbelt.pytorch_toolbelt.modules.encoders.timm,dpn,DPN68BEncoder,__init__,7,2,2
BloodAxe_pytorch-toolbelt.pytorch_toolbelt.modules.encoders.timm,dpn,DPN68BEncoder,forward,3,1,1
BloodAxe_pytorch-toolbelt.pytorch_toolbelt.modules.encoders.timm,dpn,DPN68BEncoder,change_input_channels,5,1,2
BloodAxe_pytorch-toolbelt.pytorch_toolbelt.modules.encoders.timm,dpn,DPN92Encoder,__init__,7,2,2
BloodAxe_pytorch-toolbelt.pytorch_toolbelt.modules.encoders.timm,dpn,DPN92Encoder,forward,3,1,1
BloodAxe_pytorch-toolbelt.pytorch_toolbelt.modules.encoders.timm,dpn,DPN92Encoder,change_input_channels,5,1,2
BloodAxe_pytorch-toolbelt.pytorch_toolbelt.modules.encoders.timm,dpn,DPN107Encoder,__init__,7,2,2
BloodAxe_pytorch-toolbelt.pytorch_toolbelt.modules.encoders.timm,dpn,DPN107Encoder,forward,3,1,1
BloodAxe_pytorch-toolbelt.pytorch_toolbelt.modules.encoders.timm,dpn,DPN107Encoder,change_input_channels,5,1,2
BloodAxe_pytorch-toolbelt.pytorch_toolbelt.modules.encoders.timm,dpn,DPN131Encoder,__init__,7,2,2
BloodAxe_pytorch-toolbelt.pytorch_toolbelt.modules.encoders.timm,dpn,DPN131Encoder,forward,3,1,1
BloodAxe_pytorch-toolbelt.pytorch_toolbelt.modules.encoders.timm,dpn,DPN131Encoder,change_input_channels,5,1,2
BloodAxe_pytorch-toolbelt.pytorch_toolbelt.modules.encoders.timm,efficient_net,TimmBaseEfficientNetEncoder,__init__,7,2,4
BloodAxe_pytorch-toolbelt.pytorch_toolbelt.modules.encoders.timm,efficient_net,TimmBaseEfficientNetEncoder,forward,3,1,1
BloodAxe_pytorch-toolbelt.pytorch_toolbelt.modules.encoders.timm,efficient_net,TimmBaseEfficientNetEncoder,change_input_channels,5,1,2
BloodAxe_pytorch-toolbelt.pytorch_toolbelt.modules.encoders.timm,efficient_net,TimmB0Encoder,__init__,8,1,5
BloodAxe_pytorch-toolbelt.pytorch_toolbelt.modules.encoders.timm,efficient_net,TimmB1Encoder,__init__,11,1,5
BloodAxe_pytorch-toolbelt.pytorch_toolbelt.modules.encoders.timm,efficient_net,TimmB2Encoder,__init__,7,1,5
BloodAxe_pytorch-toolbelt.pytorch_toolbelt.modules.encoders.timm,efficient_net,TimmB3Encoder,__init__,7,1,5
BloodAxe_pytorch-toolbelt.pytorch_toolbelt.modules.encoders.timm,efficient_net,TimmB4Encoder,__init__,7,1,5
BloodAxe_pytorch-toolbelt.pytorch_toolbelt.modules.encoders.timm,efficient_net,TimmB5Encoder,__init__,7,1,5
BloodAxe_pytorch-toolbelt.pytorch_toolbelt.modules.encoders.timm,efficient_net,TimmB6Encoder,__init__,7,1,5
BloodAxe_pytorch-toolbelt.pytorch_toolbelt.modules.encoders.timm,efficient_net,TimmB7Encoder,__init__,7,1,5
BloodAxe_pytorch-toolbelt.pytorch_toolbelt.modules.encoders.timm,efficient_net,TimmMixNetXLEncoder,__init__,7,1,5
BloodAxe_pytorch-toolbelt.pytorch_toolbelt.modules.encoders.timm,efficient_net,,make_n_channel_input_conv2d_same,26,2,3
BloodAxe_pytorch-toolbelt.pytorch_toolbelt.modules.encoders.timm,efficient_net_v2,TimmEfficientNetV2,__init__,17,3,7
BloodAxe_pytorch-toolbelt.pytorch_toolbelt.modules.encoders.timm,efficient_net_v2,TimmEfficientNetV2,change_input_channels,9,2,2
BloodAxe_pytorch-toolbelt.pytorch_toolbelt.modules.encoders.timm,efficient_net_v2,,make_n_channel_input_conv2d_same,26,2,3
BloodAxe_pytorch-toolbelt.pytorch_toolbelt.modules.encoders.timm,hrnet,HRNetTimmEncoder,__init__,8,3,3
BloodAxe_pytorch-toolbelt.pytorch_toolbelt.modules.encoders.timm,hrnet,HRNetTimmEncoder,forward,3,1,1
BloodAxe_pytorch-toolbelt.pytorch_toolbelt.modules.encoders.timm,hrnet,HRNetTimmEncoder,change_input_channels,3,1,2
BloodAxe_pytorch-toolbelt.pytorch_toolbelt.modules.encoders.timm,hrnet,HRNetW18Encoder,__init__,9,1,4
BloodAxe_pytorch-toolbelt.pytorch_toolbelt.modules.encoders.timm,hrnet,HRNetW32Encoder,__init__,9,1,5
BloodAxe_pytorch-toolbelt.pytorch_toolbelt.modules.encoders.timm,hrnet,HRNetW48Encoder,__init__,9,1,5
BloodAxe_pytorch-toolbelt.pytorch_toolbelt.modules.encoders.timm,hrnet,TimmHRNetW18SmallV2Encoder,__init__,9,1,4
BloodAxe_pytorch-toolbelt.pytorch_toolbelt.modules.encoders.timm,maxvit,MaxVitEncoder,__init__,2,1,2
BloodAxe_pytorch-toolbelt.pytorch_toolbelt.modules.encoders.timm,maxvit,MaxVitEncoder,change_input_channels,4,1,2
BloodAxe_pytorch-toolbelt.pytorch_toolbelt.modules.encoders.timm,nf_regnet,NFRegNetB0Encoder,__init__,4,1,2
BloodAxe_pytorch-toolbelt.pytorch_toolbelt.modules.encoders.timm,nf_regnet,NFRegNetB0Encoder,change_input_channels,3,1,2
BloodAxe_pytorch-toolbelt.pytorch_toolbelt.modules.encoders.timm,nf_regnet,NFRegNetB1Encoder,__init__,4,1,2
BloodAxe_pytorch-toolbelt.pytorch_toolbelt.modules.encoders.timm,nf_regnet,NFRegNetB1Encoder,change_input_channels,3,1,2
BloodAxe_pytorch-toolbelt.pytorch_toolbelt.modules.encoders.timm,nf_regnet,NFRegNetB2Encoder,__init__,4,1,2
BloodAxe_pytorch-toolbelt.pytorch_toolbelt.modules.encoders.timm,nf_regnet,NFRegNetB2Encoder,change_input_channels,3,1,2
BloodAxe_pytorch-toolbelt.pytorch_toolbelt.modules.encoders.timm,nf_regnet,NFRegNetB3Encoder,__init__,4,1,2
BloodAxe_pytorch-toolbelt.pytorch_toolbelt.modules.encoders.timm,nf_regnet,NFRegNetB3Encoder,change_input_channels,3,1,2
BloodAxe_pytorch-toolbelt.pytorch_toolbelt.modules.encoders.timm,nf_regnet,NFRegNetB4Encoder,__init__,4,1,2
BloodAxe_pytorch-toolbelt.pytorch_toolbelt.modules.encoders.timm,nf_regnet,NFRegNetB4Encoder,change_input_channels,3,1,2
BloodAxe_pytorch-toolbelt.pytorch_toolbelt.modules.encoders.timm,nf_regnet,NFRegNetB5Encoder,__init__,4,1,2
BloodAxe_pytorch-toolbelt.pytorch_toolbelt.modules.encoders.timm,nf_regnet,NFRegNetB5Encoder,change_input_channels,3,1,2
BloodAxe_pytorch-toolbelt.pytorch_toolbelt.modules.encoders.timm,nfnet,NFNetF0Encoder,__init__,4,1,2
BloodAxe_pytorch-toolbelt.pytorch_toolbelt.modules.encoders.timm,nfnet,NFNetF0Encoder,change_input_channels,5,1,2
BloodAxe_pytorch-toolbelt.pytorch_toolbelt.modules.encoders.timm,nfnet,NFNetF1Encoder,__init__,4,1,2
BloodAxe_pytorch-toolbelt.pytorch_toolbelt.modules.encoders.timm,nfnet,NFNetF1Encoder,change_input_channels,5,1,2
BloodAxe_pytorch-toolbelt.pytorch_toolbelt.modules.encoders.timm,nfnet,NFNetF2Encoder,__init__,4,1,2
BloodAxe_pytorch-toolbelt.pytorch_toolbelt.modules.encoders.timm,nfnet,NFNetF2Encoder,change_input_channels,5,1,2
BloodAxe_pytorch-toolbelt.pytorch_toolbelt.modules.encoders.timm,nfnet,NFNetF3Encoder,__init__,4,1,2
BloodAxe_pytorch-toolbelt.pytorch_toolbelt.modules.encoders.timm,nfnet,NFNetF3Encoder,change_input_channels,5,1,2
BloodAxe_pytorch-toolbelt.pytorch_toolbelt.modules.encoders.timm,nfnet,NFNetF4Encoder,__init__,4,1,2
BloodAxe_pytorch-toolbelt.pytorch_toolbelt.modules.encoders.timm,nfnet,NFNetF4Encoder,change_input_channels,5,1,2
BloodAxe_pytorch-toolbelt.pytorch_toolbelt.modules.encoders.timm,nfnet,NFNetF5Encoder,__init__,4,1,2
BloodAxe_pytorch-toolbelt.pytorch_toolbelt.modules.encoders.timm,nfnet,NFNetF5Encoder,change_input_channels,5,1,2
BloodAxe_pytorch-toolbelt.pytorch_toolbelt.modules.encoders.timm,nfnet,NFNetF6Encoder,__init__,4,1,2
BloodAxe_pytorch-toolbelt.pytorch_toolbelt.modules.encoders.timm,nfnet,NFNetF6Encoder,change_input_channels,5,1,2
BloodAxe_pytorch-toolbelt.pytorch_toolbelt.modules.encoders.timm,nfnet,NFNetF7Encoder,__init__,4,1,2
BloodAxe_pytorch-toolbelt.pytorch_toolbelt.modules.encoders.timm,nfnet,NFNetF7Encoder,change_input_channels,5,1,2
BloodAxe_pytorch-toolbelt.pytorch_toolbelt.modules.encoders.timm,res2net,TimmRes2Net101Encoder,__init__,5,1,3
BloodAxe_pytorch-toolbelt.pytorch_toolbelt.modules.encoders.timm,res2net,TimmRes2Net101Encoder,change_input_channels,3,1,2
BloodAxe_pytorch-toolbelt.pytorch_toolbelt.modules.encoders.timm,res2net,TimmRes2Next50Encoder,__init__,5,1,3
BloodAxe_pytorch-toolbelt.pytorch_toolbelt.modules.encoders.timm,res2net,TimmRes2Next50Encoder,change_input_channels,3,1,2
BloodAxe_pytorch-toolbelt.pytorch_toolbelt.modules.encoders.timm,resnet,TResNetMEncoder,__init__,12,2,3
BloodAxe_pytorch-toolbelt.pytorch_toolbelt.modules.encoders.timm,resnet,TResNetMEncoder,encoder_layers,2,1,0
BloodAxe_pytorch-toolbelt.pytorch_toolbelt.modules.encoders.timm,resnet,SKResNet18Encoder,__init__,17,2,4
BloodAxe_pytorch-toolbelt.pytorch_toolbelt.modules.encoders.timm,resnet,SKResNet18Encoder,encoder_layers,2,1,0
BloodAxe_pytorch-toolbelt.pytorch_toolbelt.modules.encoders.timm,resnet,SKResNet18Encoder,change_input_channels,3,1,2
BloodAxe_pytorch-toolbelt.pytorch_toolbelt.modules.encoders.timm,resnet,SKResNeXt50Encoder,__init__,14,2,3
BloodAxe_pytorch-toolbelt.pytorch_toolbelt.modules.encoders.timm,resnet,SKResNeXt50Encoder,encoder_layers,2,1,0
BloodAxe_pytorch-toolbelt.pytorch_toolbelt.modules.encoders.timm,resnet,SKResNeXt50Encoder,change_input_channels,3,1,2
BloodAxe_pytorch-toolbelt.pytorch_toolbelt.modules.encoders.timm,resnet,SWSLResNeXt101Encoder,__init__,20,2,3
BloodAxe_pytorch-toolbelt.pytorch_toolbelt.modules.encoders.timm,resnet,SWSLResNeXt101Encoder,encoder_layers,2,1,0
BloodAxe_pytorch-toolbelt.pytorch_toolbelt.modules.encoders.timm,resnet,SWSLResNeXt101Encoder,change_input_channels,3,1,2
BloodAxe_pytorch-toolbelt.pytorch_toolbelt.modules.encoders.timm,resnet,TimmResnet152D,__init__,5,1,3
BloodAxe_pytorch-toolbelt.pytorch_toolbelt.modules.encoders.timm,resnet,TimmResnet152D,change_input_channels,3,1,2
BloodAxe_pytorch-toolbelt.pytorch_toolbelt.modules.encoders.timm,resnet,TimmSEResnet152D,__init__,5,1,3
BloodAxe_pytorch-toolbelt.pytorch_toolbelt.modules.encoders.timm,resnet,TimmSEResnet152D,change_input_channels,3,1,2
BloodAxe_pytorch-toolbelt.pytorch_toolbelt.modules.encoders.timm,resnet,TimmResnet26D,__init__,9,3,4
BloodAxe_pytorch-toolbelt.pytorch_toolbelt.modules.encoders.timm,resnet,TimmResnet26D,change_input_channels,3,1,2
BloodAxe_pytorch-toolbelt.pytorch_toolbelt.modules.encoders.timm,resnet,TimmResnet50D,__init__,9,3,4
BloodAxe_pytorch-toolbelt.pytorch_toolbelt.modules.encoders.timm,resnet,TimmResnet50D,change_input_channels,3,1,2
BloodAxe_pytorch-toolbelt.pytorch_toolbelt.modules.encoders.timm,resnet,TimmResnet101D,__init__,5,1,3
BloodAxe_pytorch-toolbelt.pytorch_toolbelt.modules.encoders.timm,resnet,TimmResnet101D,change_input_channels,3,1,2
BloodAxe_pytorch-toolbelt.pytorch_toolbelt.modules.encoders.timm,resnet,TimmResnet200D,__init__,5,1,3
BloodAxe_pytorch-toolbelt.pytorch_toolbelt.modules.encoders.timm,resnet,TimmResnet200D,change_input_channels,3,1,2
BloodAxe_pytorch-toolbelt.pytorch_toolbelt.modules.heads,classification_heads,GenericPoolingClassificationHead,__init__,7,1,0
BloodAxe_pytorch-toolbelt.pytorch_toolbelt.modules.heads,classification_heads,GenericPoolingClassificationHead,forward,6,1,1
BloodAxe_pytorch-toolbelt.pytorch_toolbelt.modules.heads,classification_heads,GlobalMaxPoolingClassificationHead,__init__,9,1,4
BloodAxe_pytorch-toolbelt.pytorch_toolbelt.modules.heads,classification_heads,GlobalMaxPoolingClassificationHead,get_output_spec,2,1,0
BloodAxe_pytorch-toolbelt.pytorch_toolbelt.modules.heads,classification_heads,GlobalAveragePoolingClassificationHead,__init__,9,1,4
BloodAxe_pytorch-toolbelt.pytorch_toolbelt.modules.heads,classification_heads,GlobalAveragePoolingClassificationHead,get_output_spec,2,1,0
BloodAxe_pytorch-toolbelt.pytorch_toolbelt.modules.heads,classification_heads,GlobalMaxAvgPoolingClassificationHead,__init__,18,1,0
BloodAxe_pytorch-toolbelt.pytorch_toolbelt.modules.heads,classification_heads,GlobalMaxAvgPoolingClassificationHead,forward,8,1,1
BloodAxe_pytorch-toolbelt.pytorch_toolbelt.modules.heads,classification_heads,GlobalMaxAvgPoolingClassificationHead,get_output_spec,2,1,0
BloodAxe_pytorch-toolbelt.pytorch_toolbelt.modules.heads,classification_heads,GeneralizedMeanPoolingClassificationHead,__init__,8,1,0
BloodAxe_pytorch-toolbelt.pytorch_toolbelt.modules.heads,classification_heads,GeneralizedMeanPoolingClassificationHead,forward,6,1,1
BloodAxe_pytorch-toolbelt.pytorch_toolbelt.modules.heads,classification_heads,GeneralizedMeanPoolingClassificationHead,get_output_spec,2,1,0
BloodAxe_pytorch-toolbelt.pytorch_toolbelt.modules.heads,classification_heads,FullyConnectedClassificationHead,__init__,5,1,4
BloodAxe_pytorch-toolbelt.pytorch_toolbelt.modules.heads,classification_heads,FullyConnectedClassificationHead,forward,6,1,1
BloodAxe_pytorch-toolbelt.pytorch_toolbelt.modules.heads,classification_heads,GlobalMaxAvgSumPoolingClassificationHead,__init__,10,1,0
BloodAxe_pytorch-toolbelt.pytorch_toolbelt.modules.heads,classification_heads,GlobalMaxAvgSumPoolingClassificationHead,forward,7,1,1
BloodAxe_pytorch-toolbelt.pytorch_toolbelt.modules.heads,classification_heads,GlobalMaxAvgSumPoolingClassificationHead,get_output_spec,2,1,0
BloodAxe_pytorch-toolbelt.pytorch_toolbelt.modules.heads,deep_supervision,DeepSupervisionHead,__init__,10,1,3
BloodAxe_pytorch-toolbelt.pytorch_toolbelt.modules.heads,deep_supervision,DeepSupervisionHead,forward,12,4,2
BloodAxe_pytorch-toolbelt.pytorch_toolbelt.modules.heads,deep_supervision,DeepSupervisionHead,get_output_spec,2,1,0
BloodAxe_pytorch-toolbelt.pytorch_toolbelt.modules.heads,deep_supervision,DeepSupervisionHead,apply_to_final_layer,3,2,1
BloodAxe_pytorch-toolbelt.pytorch_toolbelt.modules.heads,hypercolumn,HypercolumnHead,__init__,15,1,10
BloodAxe_pytorch-toolbelt.pytorch_toolbelt.modules.heads,hypercolumn,HypercolumnHead,forward,11,1,2
BloodAxe_pytorch-toolbelt.pytorch_toolbelt.modules.heads,progressive_shuffle,ProgressiveShuffleBlock,__init__,11,2,5
BloodAxe_pytorch-toolbelt.pytorch_toolbelt.modules.heads,progressive_shuffle,ProgressiveShuffleBlock,forward,2,1,1
BloodAxe_pytorch-toolbelt.pytorch_toolbelt.modules.heads,progressive_shuffle,ProgressiveShuffleHead,__init__,27,2,8
BloodAxe_pytorch-toolbelt.pytorch_toolbelt.modules.heads,progressive_shuffle,ProgressiveShuffleHead,forward,7,1,2
BloodAxe_pytorch-toolbelt.pytorch_toolbelt.modules.heads,progressive_shuffle,ProgressiveShuffleHead,apply_to_final_layer,2,1,1
BloodAxe_pytorch-toolbelt.pytorch_toolbelt.modules.heads,progressive_shuffle,,divisible,2,1,2
BloodAxe_pytorch-toolbelt.pytorch_toolbelt.modules.heads,resize,ResizeHead,__init__,12,1,8
BloodAxe_pytorch-toolbelt.pytorch_toolbelt.modules.heads,resize,ResizeHead,forward,14,1,2
BloodAxe_pytorch-toolbelt.pytorch_toolbelt.modules.heads,resize,ResizeHead,get_output_spec,2,1,0
BloodAxe_pytorch-toolbelt.pytorch_toolbelt.modules.heads,segformer_head,SegFormerHead,__init__,27,2,7
BloodAxe_pytorch-toolbelt.pytorch_toolbelt.modules.heads,segformer_head,SegFormerHead,forward,40,4,2
BloodAxe_pytorch-toolbelt.pytorch_toolbelt.modules.heads,segformer_head,SegFormerHead,apply_to_final_layer,7,2,1
BloodAxe_pytorch-toolbelt.pytorch_toolbelt.optimization,functional,ParametersGroup,__len__,2,1,0
BloodAxe_pytorch-toolbelt.pytorch_toolbelt.optimization,functional,ParametersGroup,asdict,7,3,0
BloodAxe_pytorch-toolbelt.pytorch_toolbelt.optimization,functional,,scale_learning_rate_for_ddp,13,2,1
BloodAxe_pytorch-toolbelt.pytorch_toolbelt.optimization,functional,,recursive_getattr,7,1,2
BloodAxe_pytorch-toolbelt.pytorch_toolbelt.optimization,functional,,build_optimizer_param_groups,102,19,5
BloodAxe_pytorch-toolbelt.pytorch_toolbelt.optimization,functional,,get_optimizable_parameters,4,1,1
BloodAxe_pytorch-toolbelt.pytorch_toolbelt.optimization,functional,,get_named_optimizable_parameters,4,1,2
BloodAxe_pytorch-toolbelt.pytorch_toolbelt.optimization,functional,,freeze_model,15,7,3
BloodAxe_pytorch-toolbelt.pytorch_toolbelt.optimization,lr_schedules,OnceCycleLR,__init__,8,1,4
BloodAxe_pytorch-toolbelt.pytorch_toolbelt.optimization,lr_schedules,OnceCycleLR,get_lr,2,1,0
BloodAxe_pytorch-toolbelt.pytorch_toolbelt.optimization,lr_schedules,CosineAnnealingLRWithDecay,__init__,5,1,5
BloodAxe_pytorch-toolbelt.pytorch_toolbelt.optimization,lr_schedules,CosineAnnealingLRWithDecay,get_lr,9,0,0
BloodAxe_pytorch-toolbelt.pytorch_toolbelt.optimization,lr_schedules,PolyLR,__init__,4,1,3
BloodAxe_pytorch-toolbelt.pytorch_toolbelt.optimization,lr_schedules,CosineAnnealingWarmRestartsWithDecay,__init__,3,1,6
BloodAxe_pytorch-toolbelt.pytorch_toolbelt.optimization,lr_schedules,CosineAnnealingWarmRestartsWithDecay,get_lr,13,2,0
BloodAxe_pytorch-toolbelt.pytorch_toolbelt.optimization,lr_schedules,GradualWarmupScheduler,__init__,8,2,4
BloodAxe_pytorch-toolbelt.pytorch_toolbelt.optimization,lr_schedules,GradualWarmupScheduler,get_lr,15,2,0
BloodAxe_pytorch-toolbelt.pytorch_toolbelt.optimization,lr_schedules,GradualWarmupScheduler,step_ReduceLROnPlateau,18,5,2
BloodAxe_pytorch-toolbelt.pytorch_toolbelt.optimization,lr_schedules,GradualWarmupScheduler,step,12,5,2
BloodAxe_pytorch-toolbelt.pytorch_toolbelt.optimization,lr_schedules,FlatCosineAnnealingLR,__init__,5,1,5
BloodAxe_pytorch-toolbelt.pytorch_toolbelt.optimization,lr_schedules,FlatCosineAnnealingLR,get_lr,22,2,0
BloodAxe_pytorch-toolbelt.pytorch_toolbelt.optimization,lr_schedules,FlatCosineAnnealingLR,_get_closed_form_lr,8,1,0
BloodAxe_pytorch-toolbelt.pytorch_toolbelt.optimization,lr_schedules,,set_learning_rate,3,2,2
BloodAxe_pytorch-toolbelt.pytorch_toolbelt.utils,bboxes_utils,,match_bboxes,99,14,7
BloodAxe_pytorch-toolbelt.pytorch_toolbelt.utils,bboxes_utils,,match_bboxes_hungarian,84,13,6
BloodAxe_pytorch-toolbelt.pytorch_toolbelt.utils,bucket_assignment,,naive_bucket_assignment,4,1,2
BloodAxe_pytorch-toolbelt.pytorch_toolbelt.utils,bucket_assignment,,compute_bucket_imbalance_score,6,2,2
BloodAxe_pytorch-toolbelt.pytorch_toolbelt.utils,bucket_assignment,,random_bucket_assignment,10,3,3
BloodAxe_pytorch-toolbelt.pytorch_toolbelt.utils,bucket_assignment,,filler_bucket_assignment,9,2,2
BloodAxe_pytorch-toolbelt.pytorch_toolbelt.utils,distributed,DistributedGuard,__init__,10,1,3
BloodAxe_pytorch-toolbelt.pytorch_toolbelt.utils,distributed,DistributedGuard,__enter__,7,4,0
BloodAxe_pytorch-toolbelt.pytorch_toolbelt.utils,distributed,DistributedGuard,__exit__,10,4,3
BloodAxe_pytorch-toolbelt.pytorch_toolbelt.utils,distributed,,distributed_guard,5,0,1
BloodAxe_pytorch-toolbelt.pytorch_toolbelt.utils,distributed,,is_dist_avail_and_initialized,6,1,0
BloodAxe_pytorch-toolbelt.pytorch_toolbelt.utils,distributed,,get_world_size,4,1,0
BloodAxe_pytorch-toolbelt.pytorch_toolbelt.utils,distributed,,get_rank,4,1,0
BloodAxe_pytorch-toolbelt.pytorch_toolbelt.utils,distributed,,is_main_process,2,1,0
BloodAxe_pytorch-toolbelt.pytorch_toolbelt.utils,distributed,,broadcast_from_master,21,3,1
BloodAxe_pytorch-toolbelt.pytorch_toolbelt.utils,distributed,,all_gather,26,4,1
BloodAxe_pytorch-toolbelt.pytorch_toolbelt.utils,distributed,,reduce_dict_sum,15,4,1
BloodAxe_pytorch-toolbelt.pytorch_toolbelt.utils,distributed,,master_print,5,2,0
BloodAxe_pytorch-toolbelt.pytorch_toolbelt.utils,distributed,,split_across_nodes,43,6,5
BloodAxe_pytorch-toolbelt.pytorch_toolbelt.utils,distributed,,master_node_only,16,2,1
BloodAxe_pytorch-toolbelt.pytorch_toolbelt.utils,fs,,has_ext,8,3,2
BloodAxe_pytorch-toolbelt.pytorch_toolbelt.utils,fs,,has_image_ext,2,1,1
BloodAxe_pytorch-toolbelt.pytorch_toolbelt.utils,fs,,find_in_dir,4,2,1
BloodAxe_pytorch-toolbelt.pytorch_toolbelt.utils,fs,,find_subdirectories_in_dir,5,1,1
BloodAxe_pytorch-toolbelt.pytorch_toolbelt.utils,fs,,find_in_dir_with_ext,2,1,2
BloodAxe_pytorch-toolbelt.pytorch_toolbelt.utils,fs,,find_images_in_dir,2,2,1
BloodAxe_pytorch-toolbelt.pytorch_toolbelt.utils,fs,,find_images_in_dir_recursive,6,2,1
BloodAxe_pytorch-toolbelt.pytorch_toolbelt.utils,fs,,find_in_dir_glob,3,1,2
BloodAxe_pytorch-toolbelt.pytorch_toolbelt.utils,fs,,id_from_fname,2,1,1
BloodAxe_pytorch-toolbelt.pytorch_toolbelt.utils,fs,,change_extension,11,3,2
BloodAxe_pytorch-toolbelt.pytorch_toolbelt.utils,fs,,auto_file,15,4,2
BloodAxe_pytorch-toolbelt.pytorch_toolbelt.utils,fs,,read_rgb_image,10,3,1
BloodAxe_pytorch-toolbelt.pytorch_toolbelt.utils,fs,,read_image_as_is,7,3,1
BloodAxe_pytorch-toolbelt.pytorch_toolbelt.utils,fs,,zipdir,8,3,2
BloodAxe_pytorch-toolbelt.pytorch_toolbelt.utils,namesgenerator,,get_random_name,7,3,1
BloodAxe_pytorch-toolbelt.pytorch_toolbelt.utils,python_utils,,maybe_eval,9,1,1
BloodAxe_pytorch-toolbelt.pytorch_toolbelt.utils,python_utils,,without,6,2,2
BloodAxe_pytorch-toolbelt.pytorch_toolbelt.utils,python_utils,,load_yaml,21,1,1
BloodAxe_pytorch-toolbelt.pytorch_toolbelt.utils,python_utils,,as_tuple_of_two,9,2,1
BloodAxe_pytorch-toolbelt.pytorch_toolbelt.utils,random_utils,,set_manual_seed,5,1,1
BloodAxe_pytorch-toolbelt.pytorch_toolbelt.utils,random_utils,,get_rng_state,6,1,0
BloodAxe_pytorch-toolbelt.pytorch_toolbelt.utils,random_utils,,set_rng_state,19,4,1
BloodAxe_pytorch-toolbelt.pytorch_toolbelt.utils,random_utils,,get_random_name,3,1,0
BloodAxe_pytorch-toolbelt.pytorch_toolbelt.utils,rle,,rle_encode,15,4,1
BloodAxe_pytorch-toolbelt.pytorch_toolbelt.utils,rle,,rle_to_string,2,1,1
BloodAxe_pytorch-toolbelt.pytorch_toolbelt.utils,rle,,rle_decode,9,2,3
BloodAxe_pytorch-toolbelt.pytorch_toolbelt.utils,support,,pytorch_toolbelt_deprecated,58,2,1
BloodAxe_pytorch-toolbelt.pytorch_toolbelt.utils,torch_utils,,softmax_over_dim_0,2,1,1
BloodAxe_pytorch-toolbelt.pytorch_toolbelt.utils,torch_utils,,softmax_over_dim_1,2,1,1
BloodAxe_pytorch-toolbelt.pytorch_toolbelt.utils,torch_utils,,softmax_over_dim_2,2,1,1
BloodAxe_pytorch-toolbelt.pytorch_toolbelt.utils,torch_utils,,softmax_over_dim_3,2,1,1
BloodAxe_pytorch-toolbelt.pytorch_toolbelt.utils,torch_utils,,argmax_over_dim_0,2,1,1
BloodAxe_pytorch-toolbelt.pytorch_toolbelt.utils,torch_utils,,argmax_over_dim_1,2,1,1
BloodAxe_pytorch-toolbelt.pytorch_toolbelt.utils,torch_utils,,argmax_over_dim_2,2,1,1
BloodAxe_pytorch-toolbelt.pytorch_toolbelt.utils,torch_utils,,argmax_over_dim_3,2,1,1
BloodAxe_pytorch-toolbelt.pytorch_toolbelt.utils,torch_utils,,sigmoid_with_threshold,2,1,2
BloodAxe_pytorch-toolbelt.pytorch_toolbelt.utils,torch_utils,,logit,5,1,2
BloodAxe_pytorch-toolbelt.pytorch_toolbelt.utils,torch_utils,,count_parameters,18,8,3
BloodAxe_pytorch-toolbelt.pytorch_toolbelt.utils,torch_utils,,int_to_string_human_friendly,12,1,1
BloodAxe_pytorch-toolbelt.pytorch_toolbelt.utils,torch_utils,,to_numpy,15,3,1
BloodAxe_pytorch-toolbelt.pytorch_toolbelt.utils,torch_utils,,to_tensor,17,6,2
BloodAxe_pytorch-toolbelt.pytorch_toolbelt.utils,torch_utils,,container_to_tensor,13,3,1
BloodAxe_pytorch-toolbelt.pytorch_toolbelt.utils,torch_utils,,image_to_tensor,14,4,2
BloodAxe_pytorch-toolbelt.pytorch_toolbelt.utils,torch_utils,,tensor_from_rgb_image,2,1,1
BloodAxe_pytorch-toolbelt.pytorch_toolbelt.utils,torch_utils,,tensor_from_mask_image,2,1,1
BloodAxe_pytorch-toolbelt.pytorch_toolbelt.utils,torch_utils,,rgb_image_from_tensor,9,1,6
BloodAxe_pytorch-toolbelt.pytorch_toolbelt.utils,torch_utils,,mask_from_tensor,7,4,3
BloodAxe_pytorch-toolbelt.pytorch_toolbelt.utils,torch_utils,,maybe_cuda,6,1,1
BloodAxe_pytorch-toolbelt.pytorch_toolbelt.utils,torch_utils,,transfer_weights,39,7,3
BloodAxe_pytorch-toolbelt.pytorch_toolbelt.utils,torch_utils,,resize_like,4,1,4
BloodAxe_pytorch-toolbelt.pytorch_toolbelt.utils,torch_utils,,move_to_device_non_blocking,2,1,2
BloodAxe_pytorch-toolbelt.pytorch_toolbelt.utils,torch_utils,,move_to_device,11,1,3
BloodAxe_pytorch-toolbelt.pytorch_toolbelt.utils,torch_utils,,describe_outputs,26,8,1
BloodAxe_pytorch-toolbelt.pytorch_toolbelt.utils,torch_utils,,get_collate_for_dataset,29,8,2
BloodAxe_pytorch-toolbelt.pytorch_toolbelt.utils,torch_utils,,_partial_functions_equal,5,2,2
BloodAxe_pytorch-toolbelt.pytorch_toolbelt.utils,torch_utils,,get_non_wrapped_model,11,3,1
BloodAxe_pytorch-toolbelt.pytorch_toolbelt.utils,visualization,,plot_heatmap,40,10,14
BloodAxe_pytorch-toolbelt.pytorch_toolbelt.utils,visualization,,plot_compressed_confusion_matrix,26,5,7
BloodAxe_pytorch-toolbelt.pytorch_toolbelt.utils,visualization,,plot_confusion_matrix,42,9,12
BloodAxe_pytorch-toolbelt.pytorch_toolbelt.utils,visualization,,render_figure_to_tensor,10,1,1
BloodAxe_pytorch-toolbelt.pytorch_toolbelt.utils,visualization,,hstack_autopad,18,3,3
BloodAxe_pytorch-toolbelt.pytorch_toolbelt.utils,visualization,,vstack_autopad,17,3,3
BloodAxe_pytorch-toolbelt.pytorch_toolbelt.utils,visualization,,vstack_header,15,1,6
BloodAxe_pytorch-toolbelt.pytorch_toolbelt.utils,visualization,,grid_stack,15,7,5
BloodAxe_pytorch-toolbelt.tests,test_activations,,test_activations,5,1,1
BloodAxe_pytorch-toolbelt.tests,test_activations,,test_activations_cuda,9,1,1
BloodAxe_pytorch-toolbelt.tests,test_ddp_utils,,test_approximate_bucket_assignment,20,1,0
BloodAxe_pytorch-toolbelt.tests,test_decoders,,test_decoders,10,1,2
BloodAxe_pytorch-toolbelt.tests,test_encoders,,test_mobilenetv3_encoders,14,2,2
BloodAxe_pytorch-toolbelt.tests,test_encoders,,test_encoders,14,2,2
BloodAxe_pytorch-toolbelt.tests,test_encoders,,test_unet_encoder,15,2,0
BloodAxe_pytorch-toolbelt.tests,test_encoders,,test_inceptionv4_encoder,9,2,0
BloodAxe_pytorch-toolbelt.tests,test_encoders,,test_densenet,6,1,0
BloodAxe_pytorch-toolbelt.tests,test_encoders,,test_hrnet_encoder,14,2,2
BloodAxe_pytorch-toolbelt.tests,test_encoders,,test_xresnet_encoder,14,2,2
BloodAxe_pytorch-toolbelt.tests,test_encoders,,test_timm_encoders,16,2,2
BloodAxe_pytorch-toolbelt.tests,test_encoders,,test_hourglass_encoder,14,2,2
BloodAxe_pytorch-toolbelt.tests,test_encoders,,test_supervised_hourglass_encoder,14,2,2
BloodAxe_pytorch-toolbelt.tests,test_encoders,,test_swin_encoder,14,2,2
BloodAxe_pytorch-toolbelt.tests,test_encoders,,test_mit_encoder,14,2,2
BloodAxe_pytorch-toolbelt.tests,test_filesystem_utils,,test_read_rgb_image_str,3,1,0
BloodAxe_pytorch-toolbelt.tests,test_filesystem_utils,,test_read_rgb_image_pathlib,3,1,0
BloodAxe_pytorch-toolbelt.tests,test_filesystem_utils,,test_read_image_as_is_str,3,1,0
BloodAxe_pytorch-toolbelt.tests,test_filesystem_utils,,test_read_image_as_is_pathlib,3,1,0
BloodAxe_pytorch-toolbelt.tests,test_filesystem_utils,,test_change_extension_str,2,1,0
BloodAxe_pytorch-toolbelt.tests,test_filesystem_utils,,test_change_extension_pathlib,3,1,0
BloodAxe_pytorch-toolbelt.tests,test_init,,test_first_class_background_init_conv,8,1,0
BloodAxe_pytorch-toolbelt.tests,test_init,,test_first_class_background_init_linear,8,1,0
BloodAxe_pytorch-toolbelt.tests,test_losses,,test_sigmoid_focal_loss_with_logits,9,1,0
BloodAxe_pytorch-toolbelt.tests,test_losses,,test_softmax_focal_loss_with_logits,9,1,0
BloodAxe_pytorch-toolbelt.tests,test_losses,,test_soft_jaccard_score,5,1,4
BloodAxe_pytorch-toolbelt.tests,test_losses,,test_soft_jaccard_score_2,6,1,4
BloodAxe_pytorch-toolbelt.tests,test_losses,,test_soft_dice_score,5,1,4
BloodAxe_pytorch-toolbelt.tests,test_losses,,test_dice_loss_binary,27,1,0
BloodAxe_pytorch-toolbelt.tests,test_losses,,test_binary_jaccard_loss,27,1,0
BloodAxe_pytorch-toolbelt.tests,test_losses,,test_multiclass_jaccard_loss,15,1,0
BloodAxe_pytorch-toolbelt.tests,test_losses,,test_multilabel_jaccard_loss,15,1,0
BloodAxe_pytorch-toolbelt.tests,test_losses,,test_soft_ce_loss,8,1,0
BloodAxe_pytorch-toolbelt.tests,test_losses,,test_soft_bce_loss,6,1,0
BloodAxe_pytorch-toolbelt.tests,test_losses,,test_classification_losses,5,1,1
BloodAxe_pytorch-toolbelt.tests,test_losses,,test_binary_bi_tempered_loss,7,1,0
BloodAxe_pytorch-toolbelt.tests,test_losses,,test_bbce,5,1,0
BloodAxe_pytorch-toolbelt.tests,test_model_export,,is_onnx_available,7,1,0
BloodAxe_pytorch-toolbelt.tests,test_model_export,,test_jit_trace,9,1,2
BloodAxe_pytorch-toolbelt.tests,test_modules,,test_hff_dynamic_size,11,1,0
BloodAxe_pytorch-toolbelt.tests,test_modules,,test_hff_static_size,12,1,0
BloodAxe_pytorch-toolbelt.tests,test_modules,,test_residualdeconvolutionupsampleblock,6,1,0
BloodAxe_pytorch-toolbelt.tests,test_modules,,test_kmax_pool,8,1,0
BloodAxe_pytorch-toolbelt.tests,test_optimizer,,count_parameters_in_param_groups,4,1,1
BloodAxe_pytorch-toolbelt.tests,test_optimizer,,test_build_optimizer_param_groups,45,1,0
BloodAxe_pytorch-toolbelt.tests,test_tiles,,test_tiles_split_merge,6,1,0
BloodAxe_pytorch-toolbelt.tests,test_tiles,,test_tiles_split_merge_non_dividable,6,1,0
BloodAxe_pytorch-toolbelt.tests,test_tiles,,test_tiles_split_merge_non_dividable_cuda,12,2,0
BloodAxe_pytorch-toolbelt.tests,test_tiles,,test_tiles_split_merge_2,7,1,0
BloodAxe_pytorch-toolbelt.tests,test_tiles,,test_tiles_split_merge_cuda,21,2,0
BloodAxe_pytorch-toolbelt.tests,test_tta,NoOp,__init__,2,1,0
BloodAxe_pytorch-toolbelt.tests,test_tta,NoOp,forward,2,1,1
BloodAxe_pytorch-toolbelt.tests,test_tta,SumAll,__init__,2,1,0
BloodAxe_pytorch-toolbelt.tests,test_tta,SumAll,forward,2,1,1
BloodAxe_pytorch-toolbelt.tests,test_tta,,test_d4_image2mask,5,1,0
BloodAxe_pytorch-toolbelt.tests,test_tta,,test_flips_image2mask_v2,5,1,0
BloodAxe_pytorch-toolbelt.tests,test_tta,,test_d2_image2mask_v2,5,1,0
BloodAxe_pytorch-toolbelt.tests,test_tta,,test_d4_image2mask_v2,5,1,0
BloodAxe_pytorch-toolbelt.tests,test_tta,,test_fliplr_image2mask,5,1,0
BloodAxe_pytorch-toolbelt.tests,test_tta,,test_d4_image2label,6,1,0
BloodAxe_pytorch-toolbelt.tests,test_tta,,test_fliplr_image2label,6,1,0
BloodAxe_pytorch-toolbelt.tests,test_tta,,test_fivecrop_image2label,6,1,0
BloodAxe_pytorch-toolbelt.tests,test_tta,,test_tencrop_image2label,6,1,0
BloodAxe_pytorch-toolbelt.tests,test_utils_functional,DummyDataset1,__len__,2,1,0
BloodAxe_pytorch-toolbelt.tests,test_utils_functional,DummyDataset1,get_collate_fn,2,1,0
BloodAxe_pytorch-toolbelt.tests,test_utils_functional,DummyDataset2,__len__,2,1,0
BloodAxe_pytorch-toolbelt.tests,test_utils_functional,DummyDataset2,get_collate_fn,2,1,0
BloodAxe_pytorch-toolbelt.tests,test_utils_functional,,test_pad_tensor_to_size_1d,6,1,0
BloodAxe_pytorch-toolbelt.tests,test_utils_functional,,test_pad_tensor_to_size_2d,7,1,0
BloodAxe_pytorch-toolbelt.tests,test_utils_functional,,test_pad_tensor_to_size_3d,8,1,0
BloodAxe_pytorch-toolbelt.tests,test_utils_functional,,test_unpad_xyxy_bboxes,13,1,0
BloodAxe_pytorch-toolbelt.tests,test_utils_functional,,test_make_n_channel_input,12,1,0
BloodAxe_pytorch-toolbelt.tests,test_utils_functional,,test_pad_unpad,7,1,2
BloodAxe_pytorch-toolbelt.tests,test_utils_functional,,test_pad_unpad_nonsymmetric,7,1,2
BloodAxe_pytorch-toolbelt.tests,test_utils_functional,,test_match_bboxes,15,1,7
BloodAxe_pytorch-toolbelt.tests,test_utils_functional,,test_match_bboxes_hungarian,14,1,7
BloodAxe_pytorch-toolbelt.tests,test_utils_functional,,my_collate_fn,2,1,2
BloodAxe_pytorch-toolbelt.tests,test_utils_functional,,test_get_collate_for_dataset,6,1,0
BloodAxe_pytorch-toolbelt.tests,test_visualization,,test_plot_confusion_matrix,5,1,0
BloodAxe_pytorch-toolbelt.tests,test_visualization,,test_plot_heatmap,3,1,0
