Package,Module,Smell,Class/Module,Line no,File,Details
BloodAxe_pytorch-toolbelt.pytorch_toolbelt.datasets,segmentation,Multifaceted abstraction,segmentation,1,/Volumes/BrokeExt/NICHE/BloodAxe_pytorch-toolbelt/pytorch_toolbelt/datasets/segmentation.py,"Class 'segmentation' has a high LCOM value of 1, indicating it may have multiple responsibilities."
BloodAxe_pytorch-toolbelt.pytorch_toolbelt.inference,functional,Insufficient modularization,functional,1,/Volumes/BrokeExt/NICHE/BloodAxe_pytorch-toolbelt/pytorch_toolbelt/inference/functional.py,"Module 'functional' is insufficiently modularized with NOPM: 26, WMC: 37, NOM: 26."
BloodAxe_pytorch-toolbelt.pytorch_toolbelt.inference,functional,Multifaceted abstraction,functional,1,/Volumes/BrokeExt/NICHE/BloodAxe_pytorch-toolbelt/pytorch_toolbelt/inference/functional.py,"Class 'functional' has a high LCOM value of 0.88, indicating it may have multiple responsibilities."
BloodAxe_pytorch-toolbelt.pytorch_toolbelt.inference,tta,Insufficient modularization,tta,1,/Volumes/BrokeExt/NICHE/BloodAxe_pytorch-toolbelt/pytorch_toolbelt/inference/tta.py,"Module 'tta' is insufficiently modularized with NOPM: 32, WMC: 80, NOM: 33."
BloodAxe_pytorch-toolbelt.pytorch_toolbelt.modules,interfaces,Broken hierarchy,AbstractEncoder,78,/Volumes/BrokeExt/NICHE/BloodAxe_pytorch-toolbelt/pytorch_toolbelt/modules/interfaces.py,Class 'AbstractEncoder' and its superclass 'HasOutputFeaturesSpecification' may not share a proper 'IS-A' relationship.
BloodAxe_pytorch-toolbelt.pytorch_toolbelt.modules,interfaces,Broken hierarchy,AbstractDecoder,82,/Volumes/BrokeExt/NICHE/BloodAxe_pytorch-toolbelt/pytorch_toolbelt/modules/interfaces.py,Class 'AbstractDecoder' and its superclass 'HasOutputFeaturesSpecification' may not share a proper 'IS-A' relationship.
BloodAxe_pytorch-toolbelt.pytorch_toolbelt.modules,interfaces,Wide hierarchy,HasOutputFeaturesSpecification,0,/Volumes/BrokeExt/NICHE/BloodAxe_pytorch-toolbelt/pytorch_toolbelt/modules/interfaces.py,Class 'HasOutputFeaturesSpecification' has a wide hierarchy with 7 direct subclasses.
BloodAxe_pytorch-toolbelt.pytorch_toolbelt.modules,interfaces,Wide hierarchy,AbstractDecoder,0,/Volumes/BrokeExt/NICHE/BloodAxe_pytorch-toolbelt/pytorch_toolbelt/modules/interfaces.py,Class 'AbstractDecoder' has a wide hierarchy with 7 direct subclasses.
BloodAxe_pytorch-toolbelt.pytorch_toolbelt.modules,interfaces,Wide hierarchy,AbstractHead,0,/Volumes/BrokeExt/NICHE/BloodAxe_pytorch-toolbelt/pytorch_toolbelt/modules/interfaces.py,Class 'AbstractHead' has a wide hierarchy with 10 direct subclasses.
BloodAxe_pytorch-toolbelt.pytorch_toolbelt.modules,upsample,Broken modularization,UpsampleLayerType,22,/Volumes/BrokeExt/NICHE/BloodAxe_pytorch-toolbelt/pytorch_toolbelt/modules/upsample.py,Class 'UpsampleLayerType' contains only data members without any method implementations.
BloodAxe_pytorch-toolbelt.pytorch_toolbelt.modules,upsample,Multifaceted abstraction,upsample,1,/Volumes/BrokeExt/NICHE/BloodAxe_pytorch-toolbelt/pytorch_toolbelt/modules/upsample.py,"Class 'upsample' has a high LCOM value of 1, indicating it may have multiple responsibilities."
BloodAxe_pytorch-toolbelt.pytorch_toolbelt.modules,upsample,Wide hierarchy,AbstractResizeLayer,0,/Volumes/BrokeExt/NICHE/BloodAxe_pytorch-toolbelt/pytorch_toolbelt/modules/upsample.py,Class 'AbstractResizeLayer' has a wide hierarchy with 7 direct subclasses.
BloodAxe_pytorch-toolbelt.pytorch_toolbelt.modules.backbone,senet,Broken modularization,SEBottleneck,141,/Volumes/BrokeExt/NICHE/BloodAxe_pytorch-toolbelt/pytorch_toolbelt/modules/backbone/senet.py,Class 'SEBottleneck' contains only data members without any method implementations.
BloodAxe_pytorch-toolbelt.pytorch_toolbelt.modules.backbone,senet,Broken modularization,SEResNetBottleneck,164,/Volumes/BrokeExt/NICHE/BloodAxe_pytorch-toolbelt/pytorch_toolbelt/modules/backbone/senet.py,Class 'SEResNetBottleneck' contains only data members without any method implementations.
BloodAxe_pytorch-toolbelt.pytorch_toolbelt.modules.backbone,senet,Broken modularization,SEResNeXtBottleneck,187,/Volumes/BrokeExt/NICHE/BloodAxe_pytorch-toolbelt/pytorch_toolbelt/modules/backbone/senet.py,Class 'SEResNeXtBottleneck' contains only data members without any method implementations.
BloodAxe_pytorch-toolbelt.pytorch_toolbelt.modules.backbone,wider_resnet,Multifaceted abstraction,wider_resnet,1,/Volumes/BrokeExt/NICHE/BloodAxe_pytorch-toolbelt/pytorch_toolbelt/modules/backbone/wider_resnet.py,"Class 'wider_resnet' has a high LCOM value of 1, indicating it may have multiple responsibilities."
BloodAxe_pytorch-toolbelt.pytorch_toolbelt.modules.encoders,common,Broken hierarchy,EncoderModule,103,/Volumes/BrokeExt/NICHE/BloodAxe_pytorch-toolbelt/pytorch_toolbelt/modules/encoders/common.py,Class 'EncoderModule' and its superclass 'AbstractEncoder' may not share a proper 'IS-A' relationship.
BloodAxe_pytorch-toolbelt.pytorch_toolbelt.modules.encoders,common,Wide hierarchy,EncoderModule,0,/Volumes/BrokeExt/NICHE/BloodAxe_pytorch-toolbelt/pytorch_toolbelt/modules/encoders/common.py,Class 'EncoderModule' has a wide hierarchy with 26 direct subclasses.
BloodAxe_pytorch-toolbelt.pytorch_toolbelt.modules.encoders,mix_transformer,Broken hierarchy,MixVisionTransformer,230,/Volumes/BrokeExt/NICHE/BloodAxe_pytorch-toolbelt/pytorch_toolbelt/modules/encoders/mix_transformer.py,Class 'MixVisionTransformer' and its superclass 'AbstractEncoder' may not share a proper 'IS-A' relationship.
BloodAxe_pytorch-toolbelt.pytorch_toolbelt.modules.encoders,mix_transformer,Wide hierarchy,MixVisionTransformer,0,/Volumes/BrokeExt/NICHE/BloodAxe_pytorch-toolbelt/pytorch_toolbelt/modules/encoders/mix_transformer.py,Class 'MixVisionTransformer' has a wide hierarchy with 6 direct subclasses.
BloodAxe_pytorch-toolbelt.pytorch_toolbelt.modules.encoders,seresnet,Wide hierarchy,SEResnetEncoder,0,/Volumes/BrokeExt/NICHE/BloodAxe_pytorch-toolbelt/pytorch_toolbelt/modules/encoders/seresnet.py,Class 'SEResnetEncoder' has a wide hierarchy with 6 direct subclasses.
BloodAxe_pytorch-toolbelt.pytorch_toolbelt.modules.encoders,xresnet,Multifaceted abstraction,xresnet,1,/Volumes/BrokeExt/NICHE/BloodAxe_pytorch-toolbelt/pytorch_toolbelt/modules/encoders/xresnet.py,"Class 'xresnet' has a high LCOM value of 1, indicating it may have multiple responsibilities."
BloodAxe_pytorch-toolbelt.pytorch_toolbelt.modules.encoders.timm,common,Wide hierarchy,GenericTimmEncoder,0,/Volumes/BrokeExt/NICHE/BloodAxe_pytorch-toolbelt/pytorch_toolbelt/modules/encoders/timm/common.py,Class 'GenericTimmEncoder' has a wide hierarchy with 25 direct subclasses.
BloodAxe_pytorch-toolbelt.pytorch_toolbelt.modules.encoders.timm,efficient_net,Wide hierarchy,TimmBaseEfficientNetEncoder,0,/Volumes/BrokeExt/NICHE/BloodAxe_pytorch-toolbelt/pytorch_toolbelt/modules/encoders/timm/efficient_net.py,Class 'TimmBaseEfficientNetEncoder' has a wide hierarchy with 9 direct subclasses.
BloodAxe_pytorch-toolbelt.pytorch_toolbelt.modules.encoders.timm,hrnet,Deep hierarchy,HRNetW18Encoder,29,/Volumes/BrokeExt/NICHE/BloodAxe_pytorch-toolbelt/pytorch_toolbelt/modules/encoders/timm/hrnet.py,Class 'HRNetW18Encoder' exceeds max depth with a depth of 5.
BloodAxe_pytorch-toolbelt.pytorch_toolbelt.modules.encoders.timm,hrnet,Deep hierarchy,HRNetW32Encoder,44,/Volumes/BrokeExt/NICHE/BloodAxe_pytorch-toolbelt/pytorch_toolbelt/modules/encoders/timm/hrnet.py,Class 'HRNetW32Encoder' exceeds max depth with a depth of 5.
BloodAxe_pytorch-toolbelt.pytorch_toolbelt.modules.encoders.timm,hrnet,Deep hierarchy,HRNetW48Encoder,59,/Volumes/BrokeExt/NICHE/BloodAxe_pytorch-toolbelt/pytorch_toolbelt/modules/encoders/timm/hrnet.py,Class 'HRNetW48Encoder' exceeds max depth with a depth of 5.
BloodAxe_pytorch-toolbelt.pytorch_toolbelt.modules.encoders.timm,hrnet,Deep hierarchy,TimmHRNetW18SmallV2Encoder,74,/Volumes/BrokeExt/NICHE/BloodAxe_pytorch-toolbelt/pytorch_toolbelt/modules/encoders/timm/hrnet.py,Class 'TimmHRNetW18SmallV2Encoder' exceeds max depth with a depth of 5.
BloodAxe_pytorch-toolbelt.pytorch_toolbelt.modules.encoders.timm,hrnet,Multifaceted abstraction,HRNetTimmEncoder,9,/Volumes/BrokeExt/NICHE/BloodAxe_pytorch-toolbelt/pytorch_toolbelt/modules/encoders/timm/hrnet.py,"Class 'HRNetTimmEncoder' has a high LCOM value of 1, indicating it may have multiple responsibilities."
BloodAxe_pytorch-toolbelt.pytorch_toolbelt.utils,python_utils,Multifaceted abstraction,python_utils,1,/Volumes/BrokeExt/NICHE/BloodAxe_pytorch-toolbelt/pytorch_toolbelt/utils/python_utils.py,"Class 'python_utils' has a high LCOM value of 1, indicating it may have multiple responsibilities."
BloodAxe_pytorch-toolbelt.pytorch_toolbelt.utils,random_utils,Multifaceted abstraction,random_utils,1,/Volumes/BrokeExt/NICHE/BloodAxe_pytorch-toolbelt/pytorch_toolbelt/utils/random_utils.py,"Class 'random_utils' has a high LCOM value of 1, indicating it may have multiple responsibilities."
BloodAxe_pytorch-toolbelt.pytorch_toolbelt.utils,rle,Multifaceted abstraction,rle,1,/Volumes/BrokeExt/NICHE/BloodAxe_pytorch-toolbelt/pytorch_toolbelt/utils/rle.py,"Class 'rle' has a high LCOM value of 1, indicating it may have multiple responsibilities."
BloodAxe_pytorch-toolbelt.pytorch_toolbelt.utils,torch_utils,Insufficient modularization,torch_utils,1,/Volumes/BrokeExt/NICHE/BloodAxe_pytorch-toolbelt/pytorch_toolbelt/utils/torch_utils.py,"Module 'torch_utils' is insufficiently modularized with NOPM: 28, WMC: 74, NOM: 29."
BloodAxe_pytorch-toolbelt.tests,test_encoders,Multifaceted abstraction,test_encoders,1,/Volumes/BrokeExt/NICHE/BloodAxe_pytorch-toolbelt/tests/test_encoders.py,"Class 'test_encoders' has a high LCOM value of 1, indicating it may have multiple responsibilities."
BloodAxe_pytorch-toolbelt.tests,test_filesystem_utils,Multifaceted abstraction,test_filesystem_utils,1,/Volumes/BrokeExt/NICHE/BloodAxe_pytorch-toolbelt/tests/test_filesystem_utils.py,"Class 'test_filesystem_utils' has a high LCOM value of 1, indicating it may have multiple responsibilities."
BloodAxe_pytorch-toolbelt.tests,test_losses,Multifaceted abstraction,test_losses,1,/Volumes/BrokeExt/NICHE/BloodAxe_pytorch-toolbelt/tests/test_losses.py,"Class 'test_losses' has a high LCOM value of 1, indicating it may have multiple responsibilities."
BloodAxe_pytorch-toolbelt.tests,test_modules,Multifaceted abstraction,test_modules,1,/Volumes/BrokeExt/NICHE/BloodAxe_pytorch-toolbelt/tests/test_modules.py,"Class 'test_modules' has a high LCOM value of 1, indicating it may have multiple responsibilities."
BloodAxe_pytorch-toolbelt.tests,test_tiles,Multifaceted abstraction,test_tiles,1,/Volumes/BrokeExt/NICHE/BloodAxe_pytorch-toolbelt/tests/test_tiles.py,"Class 'test_tiles' has a high LCOM value of 1, indicating it may have multiple responsibilities."
BloodAxe_pytorch-toolbelt.tests,test_tta,Multifaceted abstraction,test_tta,1,/Volumes/BrokeExt/NICHE/BloodAxe_pytorch-toolbelt/tests/test_tta.py,"Class 'test_tta' has a high LCOM value of 1, indicating it may have multiple responsibilities."
BloodAxe_pytorch-toolbelt.tests,test_utils_functional,Multifaceted abstraction,test_utils_functional,1,/Volumes/BrokeExt/NICHE/BloodAxe_pytorch-toolbelt/tests/test_utils_functional.py,"Class 'test_utils_functional' has a high LCOM value of 1, indicating it may have multiple responsibilities."
