Package,Module,Smell,Class/Module,Line no,File,Details
swechhachoudhary_Handwriting-synthesis,generate,Multifaceted abstraction,generate,1,/Volumes/BrokeExt/NICHE/swechhachoudhary_Handwriting-synthesis/generate.py,"Class 'generate' has a high LCOM value of 1, indicating it may have multiple responsibilities."
swechhachoudhary_Handwriting-synthesis.app,routes,Multifaceted abstraction,routes,1,/Volumes/BrokeExt/NICHE/swechhachoudhary_Handwriting-synthesis/app/routes.py,"Class 'routes' has a high LCOM value of 1, indicating it may have multiple responsibilities."
swechhachoudhary_Handwriting-synthesis.app,xml_parser,Multifaceted abstraction,xml_parser,1,/Volumes/BrokeExt/NICHE/swechhachoudhary_Handwriting-synthesis/app/xml_parser.py,"Class 'xml_parser' has a high LCOM value of 1, indicating it may have multiple responsibilities."
swechhachoudhary_Handwriting-synthesis.scripts,generate,Multifaceted abstraction,generate,1,/Volumes/BrokeExt/NICHE/swechhachoudhary_Handwriting-synthesis/scripts/generate.py,"Class 'generate' has a high LCOM value of 1, indicating it may have multiple responsibilities."
swechhachoudhary_Handwriting-synthesis.utils,data_utils,Multifaceted abstraction,data_utils,1,/Volumes/BrokeExt/NICHE/swechhachoudhary_Handwriting-synthesis/utils/data_utils.py,"Class 'data_utils' has a high LCOM value of 1, indicating it may have multiple responsibilities."
