Package,Module,Class,Function,LOC,CC,PC
eladhoffer_convNet.pytorch,autoaugment,ImageNetPolicy,__init__,31,1,1
eladhoffer_convNet.pytorch,autoaugment,ImageNetPolicy,__call__,3,1,1
eladhoffer_convNet.pytorch,autoaugment,ImageNetPolicy,__repr__,2,1,0
eladhoffer_convNet.pytorch,autoaugment,CIFAR10Policy,__init__,32,1,1
eladhoffer_convNet.pytorch,autoaugment,CIFAR10Policy,__call__,3,1,1
eladhoffer_convNet.pytorch,autoaugment,CIFAR10Policy,__repr__,2,1,0
eladhoffer_convNet.pytorch,autoaugment,SVHNPolicy,__init__,32,1,1
eladhoffer_convNet.pytorch,autoaugment,SVHNPolicy,__call__,3,1,1
eladhoffer_convNet.pytorch,autoaugment,SVHNPolicy,__repr__,2,1,0
eladhoffer_convNet.pytorch,autoaugment,SubPolicy,__init__,54,1,7
eladhoffer_convNet.pytorch,autoaugment,SubPolicy,__call__,4,3,1
eladhoffer_convNet.pytorch,compare_experiments,,main,34,6,0
eladhoffer_convNet.pytorch,data,DataRegime,__init__,5,1,2
eladhoffer_convNet.pytorch,data,DataRegime,get_setting,11,1,0
eladhoffer_convNet.pytorch,data,DataRegime,get,2,1,2
eladhoffer_convNet.pytorch,data,DataRegime,get_loader,19,6,3
eladhoffer_convNet.pytorch,data,DataRegime,set_epoch,4,3,1
eladhoffer_convNet.pytorch,data,DataRegime,__len__,2,1,0
eladhoffer_convNet.pytorch,data,DataRegime,__repr__,2,1,0
eladhoffer_convNet.pytorch,data,SampledDataLoader,__init__,3,1,1
eladhoffer_convNet.pytorch,data,SampledDataLoader,generate_order,6,1,0
eladhoffer_convNet.pytorch,data,SampledDataLoader,__len__,2,1,0
eladhoffer_convNet.pytorch,data,SampledDataLoader,__iter__,6,2,0
eladhoffer_convNet.pytorch,data,SampledDataRegime,__init__,4,1,3
eladhoffer_convNet.pytorch,data,SampledDataRegime,get_setting,2,1,0
eladhoffer_convNet.pytorch,data,SampledDataRegime,get,2,1,2
eladhoffer_convNet.pytorch,data,SampledDataRegime,get_loader,20,2,1
eladhoffer_convNet.pytorch,data,SampledDataRegime,set_epoch,7,5,1
eladhoffer_convNet.pytorch,data,SampledDataRegime,__len__,3,1,0
eladhoffer_convNet.pytorch,data,SampledDataRegime,__repr__,5,2,0
eladhoffer_convNet.pytorch,data,,get_dataset,44,4,6
eladhoffer_convNet.pytorch,evaluate,,main,3,1,0
eladhoffer_convNet.pytorch,evaluate,,main_worker,70,16,1
eladhoffer_convNet.pytorch,main,,main,8,2,0
eladhoffer_convNet.pytorch,main,,main_worker,198,32,1
eladhoffer_convNet.pytorch,preprocess,Lighting,__init__,4,1,3
eladhoffer_convNet.pytorch,preprocess,Lighting,__call__,9,1,1
eladhoffer_convNet.pytorch,preprocess,Cutout,__init__,3,1,2
eladhoffer_convNet.pytorch,preprocess,Cutout,__call__,20,2,1
eladhoffer_convNet.pytorch,preprocess,,scale_crop,20,5,4
eladhoffer_convNet.pytorch,preprocess,,random_crop,11,3,4
eladhoffer_convNet.pytorch,preprocess,,cifar_autoaugment,12,3,4
eladhoffer_convNet.pytorch,preprocess,,inception_preprocess,7,1,2
eladhoffer_convNet.pytorch,preprocess,,inception_autoaugment_preprocess,8,1,2
eladhoffer_convNet.pytorch,preprocess,,inception_color_preprocess,13,1,2
eladhoffer_convNet.pytorch,preprocess,,multi_transform,6,1,3
eladhoffer_convNet.pytorch,preprocess,,get_transform,45,20,10
eladhoffer_convNet.pytorch,probe,,multi_line_opts,11,4,3
eladhoffer_convNet.pytorch,probe,,reduce_multiple,11,3,1
eladhoffer_convNet.pytorch,probe,,plot_comparison,28,9,15
eladhoffer_convNet.pytorch,probe,,dump_stream,4,1,2
eladhoffer_convNet.pytorch,probe,,reduce_ranges,9,3,2
eladhoffer_convNet.pytorch,probe,,annotate_indices,10,4,3
eladhoffer_convNet.pytorch,trainer,Trainer,__init__,27,4,14
eladhoffer_convNet.pytorch,trainer,Trainer,_grad_norm,17,3,3
eladhoffer_convNet.pytorch,trainer,Trainer,_step,68,23,5
eladhoffer_convNet.pytorch,trainer,Trainer,forward,79,17,5
eladhoffer_convNet.pytorch,trainer,Trainer,train,4,1,3
eladhoffer_convNet.pytorch,trainer,Trainer,validate,4,1,2
eladhoffer_convNet.pytorch,trainer,Trainer,calibrate_bn,9,4,2
eladhoffer_convNet.pytorch,trainer,Trainer,set_watcher,9,2,2
eladhoffer_convNet.pytorch,trainer,Trainer,get_stream,7,2,1
eladhoffer_convNet.pytorch,trainer,Trainer,write_stream,4,2,2
eladhoffer_convNet.pytorch,trainer,Trainer,stream_meters,12,4,2
eladhoffer_convNet.pytorch,trainer,Trainer,observe,5,1,0
eladhoffer_convNet.pytorch,trainer,Trainer,_default_streams,6,1,0
eladhoffer_convNet.pytorch,trainer,,_flatten_duplicates,12,4,4
eladhoffer_convNet.pytorch,trainer,,_average_duplicates,9,2,3
eladhoffer_convNet.pytorch,trainer,,_mixup,8,3,3
eladhoffer_convNet.pytorch.models,alexnet,AlexNetOWT_BN,__init__,59,1,1
eladhoffer_convNet.pytorch.models,alexnet,AlexNetOWT_BN,forward,5,1,1
eladhoffer_convNet.pytorch.models,alexnet,,alexnet,3,1,0
eladhoffer_convNet.pytorch.models,densenet,_DenseLayer,__init__,11,1,4
eladhoffer_convNet.pytorch.models,densenet,_DenseLayer,forward,6,2,1
eladhoffer_convNet.pytorch.models,densenet,_DenseBlock,__init__,6,2,5
eladhoffer_convNet.pytorch.models,densenet,_Transition,__init__,7,1,2
eladhoffer_convNet.pytorch.models,densenet,DenseNet,_create_features,8,1,1
eladhoffer_convNet.pytorch.models,densenet,DenseNet,__init__,20,4,7
eladhoffer_convNet.pytorch.models,densenet,DenseNet,forward,7,1,1
eladhoffer_convNet.pytorch.models,densenet,DenseNet_imagenet,__init__,33,3,8
eladhoffer_convNet.pytorch.models,densenet,DenseNet_cifar,_create_features,5,1,1
eladhoffer_convNet.pytorch.models,densenet,DenseNet_cifar,__init__,8,1,0
eladhoffer_convNet.pytorch.models,densenet,DenseNet_cifar,forward,7,1,1
eladhoffer_convNet.pytorch.models,densenet,,init_model,9,5,1
eladhoffer_convNet.pytorch.models,densenet,,weight_decay_config,7,1,2
eladhoffer_convNet.pytorch.models,densenet,,densenet,42,7,0
eladhoffer_convNet.pytorch.models,efficientnet,ConvBNAct,__init__,8,1,2
eladhoffer_convNet.pytorch.models,efficientnet,MBConv,__init__,15,2,8
eladhoffer_convNet.pytorch.models,efficientnet,MBConv,forward,7,4,1
eladhoffer_convNet.pytorch.models,efficientnet,MBConvBlock,__init__,8,1,9
eladhoffer_convNet.pytorch.models,efficientnet,EfficientNet,__init__,72,1,11
eladhoffer_convNet.pytorch.models,efficientnet,EfficientNet,forward,4,1,1
eladhoffer_convNet.pytorch.models,efficientnet,,init_model,8,4,1
eladhoffer_convNet.pytorch.models,efficientnet,,modify_drop_connect_rate,7,5,3
eladhoffer_convNet.pytorch.models,efficientnet,,weight_decay_config,11,1,2
eladhoffer_convNet.pytorch.models,efficientnet,,drop_connect,7,2,2
eladhoffer_convNet.pytorch.models,efficientnet,,efficientnet,18,1,0
eladhoffer_convNet.pytorch.models,evolved,MultiOutputLoss,__init__,4,1,2
eladhoffer_convNet.pytorch.models,evolved,MultiOutputLoss,forward,2,1,2
eladhoffer_convNet.pytorch.models,evolved,AuxiliaryHeadCIFAR,__init__,14,1,2
eladhoffer_convNet.pytorch.models,evolved,AuxiliaryHeadCIFAR,forward,4,1,1
eladhoffer_convNet.pytorch.models,evolved,AuxiliaryHeadImageNet,__init__,13,1,2
eladhoffer_convNet.pytorch.models,evolved,AuxiliaryHeadImageNet,forward,4,1,1
eladhoffer_convNet.pytorch.models,evolved,EvolvedNetworkCIFAR,__init__,43,4,9
eladhoffer_convNet.pytorch.models,evolved,EvolvedNetworkCIFAR,forward,14,5,1
eladhoffer_convNet.pytorch.models,evolved,EvolvedNetworkImageNet,__init__,46,5,7
eladhoffer_convNet.pytorch.models,evolved,EvolvedNetworkImageNet,forward,15,5,1
eladhoffer_convNet.pytorch.models,evolved,,weight_decay_config,7,1,2
eladhoffer_convNet.pytorch.models,evolved,,cosine_anneal_lr,3,1,4
eladhoffer_convNet.pytorch.models,evolved,,modify_drop_path_rate,5,3,3
eladhoffer_convNet.pytorch.models,evolved,,multi_output_loss,10,6,4
eladhoffer_convNet.pytorch.models,evolved,,evolved_network,11,5,0
eladhoffer_convNet.pytorch.models,evolved,,nasnet,3,1,0
eladhoffer_convNet.pytorch.models,evolved,,darts,3,1,0
eladhoffer_convNet.pytorch.models,evolved,,amoebanet,3,1,0
eladhoffer_convNet.pytorch.models,googlenet,Inception_v1_GoogLeNet,__init__,50,1,1
eladhoffer_convNet.pytorch.models,googlenet,Inception_v1_GoogLeNet,forward,5,1,1
eladhoffer_convNet.pytorch.models,googlenet,InceptionModule,__init__,33,3,7
eladhoffer_convNet.pytorch.models,googlenet,InceptionModule,forward,2,1,1
eladhoffer_convNet.pytorch.models,googlenet,,googlenet,3,1,0
eladhoffer_convNet.pytorch.models,inception_resnet_v2,Concat,__init__,2,1,0
eladhoffer_convNet.pytorch.models,inception_resnet_v2,Concat,forward,2,1,1
eladhoffer_convNet.pytorch.models,inception_resnet_v2,block,__init__,4,2,3
eladhoffer_convNet.pytorch.models,inception_resnet_v2,block,forward,11,2,1
eladhoffer_convNet.pytorch.models,inception_resnet_v2,block35,__init__,15,1,3
eladhoffer_convNet.pytorch.models,inception_resnet_v2,block17,__init__,11,1,3
eladhoffer_convNet.pytorch.models,inception_resnet_v2,block8,__init__,11,1,3
eladhoffer_convNet.pytorch.models,inception_resnet_v2,InceptionResnetV2,__init__,116,4,1
eladhoffer_convNet.pytorch.models,inception_resnet_v2,InceptionResnetV2,forward,15,2,1
eladhoffer_convNet.pytorch.models,inception_resnet_v2,,conv_bn,7,1,6
eladhoffer_convNet.pytorch.models,inception_resnet_v2,,inception_resnet_v2,3,1,0
eladhoffer_convNet.pytorch.models,inception_v2,InceptionModule,__init__,27,7,9
eladhoffer_convNet.pytorch.models,inception_v2,InceptionModule,forward,9,2,1
eladhoffer_convNet.pytorch.models,inception_v2,Inception_v2,__init__,63,2,2
eladhoffer_convNet.pytorch.models,inception_v2,Inception_v2,forward,10,2,1
eladhoffer_convNet.pytorch.models,inception_v2,,conv_bn,7,1,5
eladhoffer_convNet.pytorch.models,inception_v2,,inception_v2,3,1,0
eladhoffer_convNet.pytorch.models,mnist,mnist_model,__init__,24,1,0
eladhoffer_convNet.pytorch.models,mnist,mnist_model,forward,7,1,1
eladhoffer_convNet.pytorch.models,mnist,,mnist,2,1,0
eladhoffer_convNet.pytorch.models,mobilenet,DepthwiseSeparableFusedConv2d,__init__,12,1,5
eladhoffer_convNet.pytorch.models,mobilenet,DepthwiseSeparableFusedConv2d,forward,2,1,1
eladhoffer_convNet.pytorch.models,mobilenet,MobileNet,__init__,96,5,4
eladhoffer_convNet.pytorch.models,mobilenet,MobileNet,forward,6,1,1
eladhoffer_convNet.pytorch.models,mobilenet,,nearby_int,2,1,1
eladhoffer_convNet.pytorch.models,mobilenet,,init_model,8,4,1
eladhoffer_convNet.pytorch.models,mobilenet,,weight_decay_config,11,2,2
eladhoffer_convNet.pytorch.models,mobilenet,,mobilenet,5,1,0
eladhoffer_convNet.pytorch.models,mobilenet_v2,ExpandedConv2d,__init__,22,3,7
eladhoffer_convNet.pytorch.models,mobilenet_v2,ExpandedConv2d,forward,7,3,1
eladhoffer_convNet.pytorch.models,mobilenet_v2,MobileNet_v2,__init__,57,3,4
eladhoffer_convNet.pytorch.models,mobilenet_v2,MobileNet_v2,forward,6,1,1
eladhoffer_convNet.pytorch.models,mobilenet_v2,,nearby_int,2,1,1
eladhoffer_convNet.pytorch.models,mobilenet_v2,,init_model,8,4,1
eladhoffer_convNet.pytorch.models,mobilenet_v2,,weight_decay_config,11,2,2
eladhoffer_convNet.pytorch.models,mobilenet_v2,,conv,7,1,5
eladhoffer_convNet.pytorch.models,mobilenet_v2,,mobilenet_v2,5,1,0
eladhoffer_convNet.pytorch.models,resnet,BasicBlock,__init__,13,1,8
eladhoffer_convNet.pytorch.models,resnet,BasicBlock,forward,15,3,1
eladhoffer_convNet.pytorch.models,resnet,Bottleneck,__init__,17,1,8
eladhoffer_convNet.pytorch.models,resnet,Bottleneck,forward,19,3,1
eladhoffer_convNet.pytorch.models,resnet,ResNet,__init__,2,1,0
eladhoffer_convNet.pytorch.models,resnet,ResNet,_make_layer,21,6,9
eladhoffer_convNet.pytorch.models,resnet,ResNet,features,11,1,1
eladhoffer_convNet.pytorch.models,resnet,ResNet,forward,4,1,1
eladhoffer_convNet.pytorch.models,resnet,ResNet_imagenet,__init__,87,10,20
eladhoffer_convNet.pytorch.models,resnet,ResNet_cifar,__init__,54,4,10
eladhoffer_convNet.pytorch.models,resnet,,init_model,15,7,1
eladhoffer_convNet.pytorch.models,resnet,,weight_decay_config,7,1,2
eladhoffer_convNet.pytorch.models,resnet,,mixsize_config,21,7,6
eladhoffer_convNet.pytorch.models,resnet,,linear_scale,3,1,4
eladhoffer_convNet.pytorch.models,resnet,,conv3x3,3,1,5
eladhoffer_convNet.pytorch.models,resnet,,resnet,45,12,0
eladhoffer_convNet.pytorch.models,resnet,,resnet_se,3,1,0
eladhoffer_convNet.pytorch.models,resnet_zi,BasicBlock,__init__,11,1,8
eladhoffer_convNet.pytorch.models,resnet_zi,BasicBlock,forward,12,3,1
eladhoffer_convNet.pytorch.models,resnet_zi,Bottleneck,__init__,13,1,8
eladhoffer_convNet.pytorch.models,resnet_zi,Bottleneck,forward,14,3,1
eladhoffer_convNet.pytorch.models,resnet_zi,ResNetZI,__init__,3,1,0
eladhoffer_convNet.pytorch.models,resnet_zi,ResNetZI,_make_layer,18,5,7
eladhoffer_convNet.pytorch.models,resnet_zi,ResNetZI,features,10,1,1
eladhoffer_convNet.pytorch.models,resnet_zi,ResNetZI,forward,4,1,1
eladhoffer_convNet.pytorch.models,resnet_zi,ResNetZI_imagenet,__init__,79,7,11
eladhoffer_convNet.pytorch.models,resnet_zi,ResNetZI_cifar,__init__,26,1,7
eladhoffer_convNet.pytorch.models,resnet_zi,,conv3x3,3,1,8
eladhoffer_convNet.pytorch.models,resnet_zi,,init_model,17,6,1
eladhoffer_convNet.pytorch.models,resnet_zi,,weight_decay_config,6,2,2
eladhoffer_convNet.pytorch.models,resnet_zi,,resnet_zi,33,8,0
eladhoffer_convNet.pytorch.models,resnet_zi,,resnet_zi_se,3,1,0
eladhoffer_convNet.pytorch.models,resnext,ResNeXt_imagenet,__init__,5,1,3
eladhoffer_convNet.pytorch.models,resnext,ResNeXt_cifar,__init__,4,1,2
eladhoffer_convNet.pytorch.models,resnext,,resnext,27,7,0
eladhoffer_convNet.pytorch.models,resnext,,resnext_se,3,1,0
eladhoffer_convNet.pytorch.models,vgg,VGG,__init__,19,1,3
eladhoffer_convNet.pytorch.models,vgg,VGG,forward,5,1,1
eladhoffer_convNet.pytorch.models,vgg,VGG,_make_layers,15,4,2
eladhoffer_convNet.pytorch.models,vgg,,vgg,32,4,0
eladhoffer_convNet.pytorch.models.modules,activations,Swish,__init__,2,1,0
eladhoffer_convNet.pytorch.models.modules,activations,Swish,forward,2,1,1
eladhoffer_convNet.pytorch.models.modules,activations,HardSigmoid,__init__,2,1,0
eladhoffer_convNet.pytorch.models.modules,activations,HardSigmoid,forward,2,1,1
eladhoffer_convNet.pytorch.models.modules,activations,HardSwish,__init__,2,1,0
eladhoffer_convNet.pytorch.models.modules,activations,HardSwish,forward,2,1,1
eladhoffer_convNet.pytorch.models.modules,activations,,swish,2,1,1
eladhoffer_convNet.pytorch.models.modules,activations,,hard_sigmoid,2,1,1
eladhoffer_convNet.pytorch.models.modules,activations,,hard_swish,2,1,1
eladhoffer_convNet.pytorch.models.modules,batch_norm,BatchNorm1d,forward,4,2,1
eladhoffer_convNet.pytorch.models.modules,batch_norm,BatchNorm2d,forward,4,2,1
eladhoffer_convNet.pytorch.models.modules,batch_norm,BatchNorm3d,forward,4,2,1
eladhoffer_convNet.pytorch.models.modules,batch_norm,MeanBatchNorm2d,__init__,9,2,3
eladhoffer_convNet.pytorch.models.modules,batch_norm,MeanBatchNorm2d,forward,14,4,1
eladhoffer_convNet.pytorch.models.modules,batch_norm,MeanBatchNorm2d,extra_repr,3,1,0
eladhoffer_convNet.pytorch.models.modules,batch_norm,,has_running_stats,3,2,1
eladhoffer_convNet.pytorch.models.modules,batch_norm,,has_parameters,3,2,1
eladhoffer_convNet.pytorch.models.modules,birelu,BiReLUFunction,forward,15,3,3
eladhoffer_convNet.pytorch.models.modules,birelu,BiReLUFunction,backward,4,1,2
eladhoffer_convNet.pytorch.models.modules,birelu,BiReLU,__init__,3,1,1
eladhoffer_convNet.pytorch.models.modules,birelu,BiReLU,forward,2,1,1
eladhoffer_convNet.pytorch.models.modules,birelu,,birelu,2,1,2
eladhoffer_convNet.pytorch.models.modules,bwn,BoundedWeightNorm,__init__,3,1,3
eladhoffer_convNet.pytorch.models.modules,bwn,BoundedWeightNorm,compute_weight,5,1,1
eladhoffer_convNet.pytorch.models.modules,bwn,BoundedWeightNorm,apply,10,1,4
eladhoffer_convNet.pytorch.models.modules,bwn,BoundedWeightNorm,remove,5,1,1
eladhoffer_convNet.pytorch.models.modules,bwn,BoundedWeightNorm,__call__,2,1,2
eladhoffer_convNet.pytorch.models.modules,bwn,,_norm,17,0,3
eladhoffer_convNet.pytorch.models.modules,bwn,,_mean,11,1,2
eladhoffer_convNet.pytorch.models.modules,bwn,,weight_norm,5,1,4
eladhoffer_convNet.pytorch.models.modules,bwn,,remove_weight_norm,9,4,2
eladhoffer_convNet.pytorch.models.modules,checkpoint,CheckpointModule,__init__,5,2,2
eladhoffer_convNet.pytorch.models.modules,checkpoint,CheckpointModule,forward,5,1,0
eladhoffer_convNet.pytorch.models.modules,evolved_modules,ReLUConvBN,__init__,8,1,6
eladhoffer_convNet.pytorch.models.modules,evolved_modules,ReLUConvBN,forward,2,1,1
eladhoffer_convNet.pytorch.models.modules,evolved_modules,DilConv,__init__,9,1,7
eladhoffer_convNet.pytorch.models.modules,evolved_modules,DilConv,forward,2,1,1
eladhoffer_convNet.pytorch.models.modules,evolved_modules,SepConv,__init__,14,1,6
eladhoffer_convNet.pytorch.models.modules,evolved_modules,SepConv,forward,2,1,1
eladhoffer_convNet.pytorch.models.modules,evolved_modules,Identity,__init__,2,1,0
eladhoffer_convNet.pytorch.models.modules,evolved_modules,Identity,forward,2,1,1
eladhoffer_convNet.pytorch.models.modules,evolved_modules,FactorizedReduce,__init__,9,1,3
eladhoffer_convNet.pytorch.models.modules,evolved_modules,FactorizedReduce,forward,5,1,1
eladhoffer_convNet.pytorch.models.modules,evolved_modules,Cell,__init__,14,3,6
eladhoffer_convNet.pytorch.models.modules,evolved_modules,Cell,_compile,11,3,5
eladhoffer_convNet.pytorch.models.modules,evolved_modules,Cell,forward,19,6,3
eladhoffer_convNet.pytorch.models.modules,evolved_modules,NasNetCell,__init__,2,1,0
eladhoffer_convNet.pytorch.models.modules,evolved_modules,AmoebaNetCell,__init__,3,1,0
eladhoffer_convNet.pytorch.models.modules,evolved_modules,DARTSCell,__init__,2,1,0
eladhoffer_convNet.pytorch.models.modules,evolved_modules,,drop_path,7,2,2
eladhoffer_convNet.pytorch.models.modules,fixed_proj,HadamardProj,__init__,22,4,5
eladhoffer_convNet.pytorch.models.modules,fixed_proj,HadamardProj,forward,10,3,1
eladhoffer_convNet.pytorch.models.modules,fixed_proj,Proj,__init__,10,3,4
eladhoffer_convNet.pytorch.models.modules,fixed_proj,Proj,forward,9,3,1
eladhoffer_convNet.pytorch.models.modules,fixed_proj,LinearFixed,__init__,3,1,4
eladhoffer_convNet.pytorch.models.modules,fixed_proj,LinearFixed,forward,5,1,1
eladhoffer_convNet.pytorch.models.modules,fixup,ZIConv2d,__init__,15,4,11
eladhoffer_convNet.pytorch.models.modules,fixup,ZIConv2d,forward,8,2,1
eladhoffer_convNet.pytorch.models.modules,fixup,ZILinear,__init__,14,4,6
eladhoffer_convNet.pytorch.models.modules,fixup,ZILinear,forward,7,2,1
eladhoffer_convNet.pytorch.models.modules,fixup,,_sum_tensor_scalar,8,1,3
eladhoffer_convNet.pytorch.models.modules,lp_norm,LpBatchNorm2d,__init__,11,1,7
eladhoffer_convNet.pytorch.models.modules,lp_norm,LpBatchNorm2d,forward,31,6,1
eladhoffer_convNet.pytorch.models.modules,lp_norm,TopkBatchNorm2d,__init__,11,1,7
eladhoffer_convNet.pytorch.models.modules,lp_norm,TopkBatchNorm2d,forward,34,6,1
eladhoffer_convNet.pytorch.models.modules,lp_norm,GhostTopkBatchNorm2d,__init__,13,1,8
eladhoffer_convNet.pytorch.models.modules,lp_norm,GhostTopkBatchNorm2d,forward,43,6,1
eladhoffer_convNet.pytorch.models.modules,lp_norm,L1BatchNorm2d,__init__,14,2,7
eladhoffer_convNet.pytorch.models.modules,lp_norm,L1BatchNorm2d,forward,29,6,1
eladhoffer_convNet.pytorch.models.modules,lp_norm,,_norm,17,3,3
eladhoffer_convNet.pytorch.models.modules,lp_norm,,_mean,11,1,2
eladhoffer_convNet.pytorch.models.modules,lp_norm,,_std,11,1,2
eladhoffer_convNet.pytorch.models.modules,quantize,UniformQuantize,forward,28,5,10
eladhoffer_convNet.pytorch.models.modules,quantize,UniformQuantize,backward,3,1,2
eladhoffer_convNet.pytorch.models.modules,quantize,UniformQuantizeGrad,forward,10,1,9
eladhoffer_convNet.pytorch.models.modules,quantize,UniformQuantizeGrad,backward,12,2,2
eladhoffer_convNet.pytorch.models.modules,quantize,QuantMeasure,__init__,13,2,8
eladhoffer_convNet.pytorch.models.modules,quantize,QuantMeasure,forward,24,5,2
eladhoffer_convNet.pytorch.models.modules,quantize,QConv2d,__init__,9,2,12
eladhoffer_convNet.pytorch.models.modules,quantize,QConv2d,forward,21,5,1
eladhoffer_convNet.pytorch.models.modules,quantize,QLinear,__init__,7,2,7
eladhoffer_convNet.pytorch.models.modules,quantize,QLinear,forward,19,5,1
eladhoffer_convNet.pytorch.models.modules,quantize,RangeBN,__init__,16,2,8
eladhoffer_convNet.pytorch.models.modules,quantize,RangeBN,reset_params,5,3,0
eladhoffer_convNet.pytorch.models.modules,quantize,RangeBN,forward,42,8,1
eladhoffer_convNet.pytorch.models.modules,quantize,RangeBN1d,__init__,5,1,8
eladhoffer_convNet.pytorch.models.modules,quantize,,_deflatten_as,3,1,2
eladhoffer_convNet.pytorch.models.modules,quantize,,calculate_qparams,20,4,7
eladhoffer_convNet.pytorch.models.modules,quantize,,conv2d_biprec,7,1,8
eladhoffer_convNet.pytorch.models.modules,quantize,,linear_biprec,6,1,4
eladhoffer_convNet.pytorch.models.modules,quantize,,quantize,2,1,9
eladhoffer_convNet.pytorch.models.modules,quantize,,quantize_grad,2,1,8
eladhoffer_convNet.pytorch.models.modules,se,SEBlock,__init__,14,2,3
eladhoffer_convNet.pytorch.models.modules,se,SEBlock,forward,4,1,1
eladhoffer_convNet.pytorch.models.modules,se,SESwishBlock,__init__,16,4,5
eladhoffer_convNet.pytorch.models.modules,se,SESwishBlock,forward,4,1,1
