Package,Module,Class,Smell,Function/Method,Line no,File,Details
TAMU-VITA_DeblurGANv2,adversarial_trainer,DoubleGAN,Magic number,loss_d,87,/Volumes/BrokeExt/NICHE/TAMU-VITA_DeblurGANv2/adversarial_trainer.py,Magic number 2 used in loss_d.
TAMU-VITA_DeblurGANv2,adversarial_trainer,DoubleGAN,Magic number,loss_g,91,/Volumes/BrokeExt/NICHE/TAMU-VITA_DeblurGANv2/adversarial_trainer.py,Magic number 2 used in loss_g.
TAMU-VITA_DeblurGANv2,aug,,Long statement,get_transforms,18,/Volumes/BrokeExt/NICHE/TAMU-VITA_DeblurGANv2/aug.py,A line with 132 chars in get_transforms exceeds the maximum length of 120 characters.
TAMU-VITA_DeblurGANv2,aug,,Magic number,get_corrupt_function,69,/Volumes/BrokeExt/NICHE/TAMU-VITA_DeblurGANv2/aug.py,Magic number 0.5 used in get_corrupt_function.
TAMU-VITA_DeblurGANv2,dataset,,Long parameter list,subsample,19 - 29,/Volumes/BrokeExt/NICHE/TAMU-VITA_DeblurGANv2/dataset.py,"subsample has 6 parameters, exceeding the max of 5."
TAMU-VITA_DeblurGANv2,dataset,PairedDataset,Long parameter list,__init__,52 - 79,/Volumes/BrokeExt/NICHE/TAMU-VITA_DeblurGANv2/dataset.py,"__init__ has 8 parameters, exceeding the max of 5."
TAMU-VITA_DeblurGANv2,dataset,PairedDataset,Long statement,from_config,135,/Volumes/BrokeExt/NICHE/TAMU-VITA_DeblurGANv2/dataset.py,A line with 212 chars in from_config exceeds the maximum length of 120 characters.
TAMU-VITA_DeblurGANv2,dataset,,Magic number,subsample,19,/Volumes/BrokeExt/NICHE/TAMU-VITA_DeblurGANv2/dataset.py,Magic number 100 used in subsample.
TAMU-VITA_DeblurGANv2,metric_counter,MetricCounter,Long statement,write_to_tensorboard,47,/Volumes/BrokeExt/NICHE/TAMU-VITA_DeblurGANv2/metric_counter.py,A line with 122 chars in write_to_tensorboard exceeds the maximum length of 120 characters.
TAMU-VITA_DeblurGANv2,predict,,Long parameter list,main,91 - 120,/Volumes/BrokeExt/NICHE/TAMU-VITA_DeblurGANv2/predict.py,"main has 6 parameters, exceeding the max of 5."
TAMU-VITA_DeblurGANv2,predict,Predictor,Magic number,_preprocess,42,/Volumes/BrokeExt/NICHE/TAMU-VITA_DeblurGANv2/predict.py,Magic number 32 used in _preprocess.
TAMU-VITA_DeblurGANv2,predict,Predictor,Magic number,_postprocess,59,/Volumes/BrokeExt/NICHE/TAMU-VITA_DeblurGANv2/predict.py,Magic number 255.0 used in _postprocess.
TAMU-VITA_DeblurGANv2,predict,Predictor,Magic number,_postprocess,59,/Volumes/BrokeExt/NICHE/TAMU-VITA_DeblurGANv2/predict.py,Magic number 2.0 used in _postprocess.
TAMU-VITA_DeblurGANv2,schedulers,WarmRestart,Long statement,__init__,14,/Volumes/BrokeExt/NICHE/TAMU-VITA_DeblurGANv2/schedulers.py,A line with 345 chars in __init__ exceeds the maximum length of 120 characters.
TAMU-VITA_DeblurGANv2,schedulers,WarmRestart,Long statement,get_lr,34,/Volumes/BrokeExt/NICHE/TAMU-VITA_DeblurGANv2/schedulers.py,A line with 148 chars in get_lr exceeds the maximum length of 120 characters.
TAMU-VITA_DeblurGANv2,schedulers,LinearDecay,Long statement,get_lr,58,/Volumes/BrokeExt/NICHE/TAMU-VITA_DeblurGANv2/schedulers.py,A line with 134 chars in get_lr exceeds the maximum length of 120 characters.
TAMU-VITA_DeblurGANv2,schedulers,WarmRestart,Magic number,__init__,13,/Volumes/BrokeExt/NICHE/TAMU-VITA_DeblurGANv2/schedulers.py,Magic number 30 used in __init__.
TAMU-VITA_DeblurGANv2,schedulers,WarmRestart,Magic number,get_lr,34,/Volumes/BrokeExt/NICHE/TAMU-VITA_DeblurGANv2/schedulers.py,Magic number 2 used in get_lr.
TAMU-VITA_DeblurGANv2,test_dataset,AugTest,Magic number,dataset_gen,37,/Volumes/BrokeExt/NICHE/TAMU-VITA_DeblurGANv2/test_dataset.py,Magic number 32 used in dataset_gen.
TAMU-VITA_DeblurGANv2,test_dataset,AugTest,Magic number,dataset_gen,39,/Volumes/BrokeExt/NICHE/TAMU-VITA_DeblurGANv2/test_dataset.py,Magic number 0.9 used in dataset_gen.
TAMU-VITA_DeblurGANv2,test_dataset,AugTest,Magic number,dataset_gen,43,/Volumes/BrokeExt/NICHE/TAMU-VITA_DeblurGANv2/test_dataset.py,Magic number 64 used in dataset_gen.
TAMU-VITA_DeblurGANv2,test_metrics,,Magic number,test_image,59,/Volumes/BrokeExt/NICHE/TAMU-VITA_DeblurGANv2/test_metrics.py,Magic number 255.0 used in test_image.
TAMU-VITA_DeblurGANv2,test_metrics,,Magic number,test_image,59,/Volumes/BrokeExt/NICHE/TAMU-VITA_DeblurGANv2/test_metrics.py,Magic number 2.0 used in test_image.
TAMU-VITA_DeblurGANv2,train,Trainer,Long statement,train,54,/Volumes/BrokeExt/NICHE/TAMU-VITA_DeblurGANv2/train.py,A line with 137 chars in train exceeds the maximum length of 120 characters.
TAMU-VITA_DeblurGANv2,train,Trainer,Long statement,_get_scheduler,134,/Volumes/BrokeExt/NICHE/TAMU-VITA_DeblurGANv2/train.py,A line with 204 chars in _get_scheduler exceeds the maximum length of 120 characters.
TAMU-VITA_DeblurGANv2,train,Trainer,Long statement,_get_scheduler,142,/Volumes/BrokeExt/NICHE/TAMU-VITA_DeblurGANv2/train.py,A line with 168 chars in _get_scheduler exceeds the maximum length of 120 characters.
TAMU-VITA_DeblurGANv2.models,fpn_densenet,FPNDense,Long statement,__init__,37,/Volumes/BrokeExt/NICHE/TAMU-VITA_DeblurGANv2/models/fpn_densenet.py,A line with 136 chars in __init__ exceeds the maximum length of 120 characters.
TAMU-VITA_DeblurGANv2.models,fpn_densenet,FPNDense,Long statement,__init__,43,/Volumes/BrokeExt/NICHE/TAMU-VITA_DeblurGANv2/models/fpn_densenet.py,A line with 145 chars in __init__ exceeds the maximum length of 120 characters.
TAMU-VITA_DeblurGANv2.models,fpn_densenet,FPN,Long statement,__init__,75,/Volumes/BrokeExt/NICHE/TAMU-VITA_DeblurGANv2/models/fpn_densenet.py,A line with 226 chars in __init__ exceeds the maximum length of 120 characters.
TAMU-VITA_DeblurGANv2.models,fpn_densenet,FPNDense,Magic number,__init__,22,/Volumes/BrokeExt/NICHE/TAMU-VITA_DeblurGANv2/models/fpn_densenet.py,Magic number 3 used in __init__.
TAMU-VITA_DeblurGANv2.models,fpn_densenet,FPNDense,Magic number,__init__,22,/Volumes/BrokeExt/NICHE/TAMU-VITA_DeblurGANv2/models/fpn_densenet.py,Magic number 128 used in __init__.
TAMU-VITA_DeblurGANv2.models,fpn_densenet,FPNDense,Magic number,__init__,22,/Volumes/BrokeExt/NICHE/TAMU-VITA_DeblurGANv2/models/fpn_densenet.py,Magic number 256 used in __init__.
TAMU-VITA_DeblurGANv2.models,fpn_densenet,FPN,Magic number,__init__,74,/Volumes/BrokeExt/NICHE/TAMU-VITA_DeblurGANv2/models/fpn_densenet.py,Magic number 256 used in __init__.
TAMU-VITA_DeblurGANv2.models,fpn_inception,FPN,Long method,__init__,86 - 133,/Volumes/BrokeExt/NICHE/TAMU-VITA_DeblurGANv2/models/fpn_inception.py,Method '__init__' is too long (41 lines).
TAMU-VITA_DeblurGANv2.models,fpn_inception,ConvBlock,Long statement,__init__,23,/Volumes/BrokeExt/NICHE/TAMU-VITA_DeblurGANv2/models/fpn_inception.py,A line with 124 chars in __init__ exceeds the maximum length of 120 characters.
TAMU-VITA_DeblurGANv2.models,fpn_inception,FPNInception,Long statement,__init__,48,/Volumes/BrokeExt/NICHE/TAMU-VITA_DeblurGANv2/models/fpn_inception.py,A line with 132 chars in __init__ exceeds the maximum length of 120 characters.
TAMU-VITA_DeblurGANv2.models,fpn_inception,FPNInception,Long statement,__init__,54,/Volumes/BrokeExt/NICHE/TAMU-VITA_DeblurGANv2/models/fpn_inception.py,A line with 141 chars in __init__ exceeds the maximum length of 120 characters.
TAMU-VITA_DeblurGANv2.models,fpn_inception,FPN,Long statement,__init__,87,/Volumes/BrokeExt/NICHE/TAMU-VITA_DeblurGANv2/models/fpn_inception.py,A line with 226 chars in __init__ exceeds the maximum length of 120 characters.
TAMU-VITA_DeblurGANv2.models,fpn_inception,FPN,Long statement,__init__,116,/Volumes/BrokeExt/NICHE/TAMU-VITA_DeblurGANv2/models/fpn_inception.py,A line with 135 chars in __init__ exceeds the maximum length of 120 characters.
TAMU-VITA_DeblurGANv2.models,fpn_inception,FPN,Long statement,__init__,119,/Volumes/BrokeExt/NICHE/TAMU-VITA_DeblurGANv2/models/fpn_inception.py,A line with 135 chars in __init__ exceeds the maximum length of 120 characters.
TAMU-VITA_DeblurGANv2.models,fpn_inception,FPN,Long statement,__init__,122,/Volumes/BrokeExt/NICHE/TAMU-VITA_DeblurGANv2/models/fpn_inception.py,A line with 135 chars in __init__ exceeds the maximum length of 120 characters.
TAMU-VITA_DeblurGANv2.models,fpn_inception,FPNInception,Magic number,__init__,34,/Volumes/BrokeExt/NICHE/TAMU-VITA_DeblurGANv2/models/fpn_inception.py,Magic number 3 used in __init__.
TAMU-VITA_DeblurGANv2.models,fpn_inception,FPNInception,Magic number,__init__,34,/Volumes/BrokeExt/NICHE/TAMU-VITA_DeblurGANv2/models/fpn_inception.py,Magic number 128 used in __init__.
TAMU-VITA_DeblurGANv2.models,fpn_inception,FPNInception,Magic number,__init__,34,/Volumes/BrokeExt/NICHE/TAMU-VITA_DeblurGANv2/models/fpn_inception.py,Magic number 256 used in __init__.
TAMU-VITA_DeblurGANv2.models,fpn_inception,FPN,Magic number,__init__,86,/Volumes/BrokeExt/NICHE/TAMU-VITA_DeblurGANv2/models/fpn_inception.py,Magic number 256 used in __init__.
TAMU-VITA_DeblurGANv2.models,fpn_inception,FPN,Magic number,forward,161,/Volumes/BrokeExt/NICHE/TAMU-VITA_DeblurGANv2/models/fpn_inception.py,Magic number 2 used in forward.
TAMU-VITA_DeblurGANv2.models,fpn_inception,FPN,Magic number,forward,161,/Volumes/BrokeExt/NICHE/TAMU-VITA_DeblurGANv2/models/fpn_inception.py,Magic number 2 used in forward.
TAMU-VITA_DeblurGANv2.models,fpn_inception_simple,ConvBlock,Long statement,__init__,23,/Volumes/BrokeExt/NICHE/TAMU-VITA_DeblurGANv2/models/fpn_inception_simple.py,A line with 124 chars in __init__ exceeds the maximum length of 120 characters.
TAMU-VITA_DeblurGANv2.models,fpn_inception_simple,FPNInceptionSimple,Long statement,__init__,48,/Volumes/BrokeExt/NICHE/TAMU-VITA_DeblurGANv2/models/fpn_inception_simple.py,A line with 132 chars in __init__ exceeds the maximum length of 120 characters.
TAMU-VITA_DeblurGANv2.models,fpn_inception_simple,FPNInceptionSimple,Long statement,__init__,54,/Volumes/BrokeExt/NICHE/TAMU-VITA_DeblurGANv2/models/fpn_inception_simple.py,A line with 141 chars in __init__ exceeds the maximum length of 120 characters.
TAMU-VITA_DeblurGANv2.models,fpn_inception_simple,FPN,Long statement,__init__,88,/Volumes/BrokeExt/NICHE/TAMU-VITA_DeblurGANv2/models/fpn_inception_simple.py,A line with 226 chars in __init__ exceeds the maximum length of 120 characters.
TAMU-VITA_DeblurGANv2.models,fpn_inception_simple,FPNInceptionSimple,Magic number,__init__,34,/Volumes/BrokeExt/NICHE/TAMU-VITA_DeblurGANv2/models/fpn_inception_simple.py,Magic number 3 used in __init__.
TAMU-VITA_DeblurGANv2.models,fpn_inception_simple,FPNInceptionSimple,Magic number,__init__,34,/Volumes/BrokeExt/NICHE/TAMU-VITA_DeblurGANv2/models/fpn_inception_simple.py,Magic number 128 used in __init__.
TAMU-VITA_DeblurGANv2.models,fpn_inception_simple,FPNInceptionSimple,Magic number,__init__,34,/Volumes/BrokeExt/NICHE/TAMU-VITA_DeblurGANv2/models/fpn_inception_simple.py,Magic number 256 used in __init__.
TAMU-VITA_DeblurGANv2.models,fpn_inception_simple,FPN,Magic number,__init__,87,/Volumes/BrokeExt/NICHE/TAMU-VITA_DeblurGANv2/models/fpn_inception_simple.py,Magic number 256 used in __init__.
TAMU-VITA_DeblurGANv2.models,fpn_inception_simple,FPN,Magic number,forward,154,/Volumes/BrokeExt/NICHE/TAMU-VITA_DeblurGANv2/models/fpn_inception_simple.py,Magic number 2 used in forward.
TAMU-VITA_DeblurGANv2.models,fpn_inception_simple,FPN,Magic number,forward,154,/Volumes/BrokeExt/NICHE/TAMU-VITA_DeblurGANv2/models/fpn_inception_simple.py,Magic number 2 used in forward.
TAMU-VITA_DeblurGANv2.models,fpn_mobilenet,FPNMobileNet,Long statement,__init__,35,/Volumes/BrokeExt/NICHE/TAMU-VITA_DeblurGANv2/models/fpn_mobilenet.py,A line with 132 chars in __init__ exceeds the maximum length of 120 characters.
TAMU-VITA_DeblurGANv2.models,fpn_mobilenet,FPNMobileNet,Long statement,__init__,41,/Volumes/BrokeExt/NICHE/TAMU-VITA_DeblurGANv2/models/fpn_mobilenet.py,A line with 141 chars in __init__ exceeds the maximum length of 120 characters.
TAMU-VITA_DeblurGANv2.models,fpn_mobilenet,FPN,Long statement,__init__,75,/Volumes/BrokeExt/NICHE/TAMU-VITA_DeblurGANv2/models/fpn_mobilenet.py,A line with 226 chars in __init__ exceeds the maximum length of 120 characters.
TAMU-VITA_DeblurGANv2.models,fpn_mobilenet,FPN,Long statement,__init__,96,/Volumes/BrokeExt/NICHE/TAMU-VITA_DeblurGANv2/models/fpn_mobilenet.py,A line with 135 chars in __init__ exceeds the maximum length of 120 characters.
TAMU-VITA_DeblurGANv2.models,fpn_mobilenet,FPN,Long statement,__init__,99,/Volumes/BrokeExt/NICHE/TAMU-VITA_DeblurGANv2/models/fpn_mobilenet.py,A line with 135 chars in __init__ exceeds the maximum length of 120 characters.
TAMU-VITA_DeblurGANv2.models,fpn_mobilenet,FPN,Long statement,__init__,102,/Volumes/BrokeExt/NICHE/TAMU-VITA_DeblurGANv2/models/fpn_mobilenet.py,A line with 135 chars in __init__ exceeds the maximum length of 120 characters.
TAMU-VITA_DeblurGANv2.models,fpn_mobilenet,FPNMobileNet,Magic number,__init__,20,/Volumes/BrokeExt/NICHE/TAMU-VITA_DeblurGANv2/models/fpn_mobilenet.py,Magic number 3 used in __init__.
TAMU-VITA_DeblurGANv2.models,fpn_mobilenet,FPNMobileNet,Magic number,__init__,20,/Volumes/BrokeExt/NICHE/TAMU-VITA_DeblurGANv2/models/fpn_mobilenet.py,Magic number 64 used in __init__.
TAMU-VITA_DeblurGANv2.models,fpn_mobilenet,FPNMobileNet,Magic number,__init__,20,/Volumes/BrokeExt/NICHE/TAMU-VITA_DeblurGANv2/models/fpn_mobilenet.py,Magic number 128 used in __init__.
TAMU-VITA_DeblurGANv2.models,fpn_mobilenet,FPN,Magic number,__init__,74,/Volumes/BrokeExt/NICHE/TAMU-VITA_DeblurGANv2/models/fpn_mobilenet.py,Magic number 128 used in __init__.
TAMU-VITA_DeblurGANv2.models,losses,,Complex method,get_loss,278 - 300,/Volumes/BrokeExt/NICHE/TAMU-VITA_DeblurGANv2/models/losses.py,"Method 'get_loss' has a cyclomatic complexity of 8, exceeding the max of 6."
TAMU-VITA_DeblurGANv2.models,losses,RelativisticDiscLoss,Long statement,get_g_loss,149,/Volumes/BrokeExt/NICHE/TAMU-VITA_DeblurGANv2/models/losses.py,A line with 168 chars in get_g_loss exceeds the maximum length of 120 characters.
TAMU-VITA_DeblurGANv2.models,losses,RelativisticDiscLoss,Long statement,get_loss,167,/Volumes/BrokeExt/NICHE/TAMU-VITA_DeblurGANv2/models/losses.py,A line with 175 chars in get_loss exceeds the maximum length of 120 characters.
TAMU-VITA_DeblurGANv2.models,losses,RelativisticDiscLossLS,Long statement,get_g_loss,192,/Volumes/BrokeExt/NICHE/TAMU-VITA_DeblurGANv2/models/losses.py,A line with 174 chars in get_g_loss exceeds the maximum length of 120 characters.
TAMU-VITA_DeblurGANv2.models,losses,RelativisticDiscLossLS,Long statement,get_loss,210,/Volumes/BrokeExt/NICHE/TAMU-VITA_DeblurGANv2/models/losses.py,A line with 181 chars in get_loss exceeds the maximum length of 120 characters.
TAMU-VITA_DeblurGANv2.models,losses,DiscLossWGANGP,Long statement,calc_gradient_penalty,258,/Volumes/BrokeExt/NICHE/TAMU-VITA_DeblurGANv2/models/losses.py,A line with 190 chars in calc_gradient_penalty exceeds the maximum length of 120 characters.
TAMU-VITA_DeblurGANv2.models,losses,PerceptualLoss,Magic number,contentFunc,29,/Volumes/BrokeExt/NICHE/TAMU-VITA_DeblurGANv2/models/losses.py,Magic number 14 used in contentFunc.
TAMU-VITA_DeblurGANv2.models,losses,PerceptualLoss,Magic number,get_loss,48,/Volumes/BrokeExt/NICHE/TAMU-VITA_DeblurGANv2/models/losses.py,Magic number 2.0 used in get_loss.
TAMU-VITA_DeblurGANv2.models,losses,PerceptualLoss,Magic number,get_loss,49,/Volumes/BrokeExt/NICHE/TAMU-VITA_DeblurGANv2/models/losses.py,Magic number 2.0 used in get_loss.
TAMU-VITA_DeblurGANv2.models,losses,PerceptualLoss,Magic number,get_loss,56,/Volumes/BrokeExt/NICHE/TAMU-VITA_DeblurGANv2/models/losses.py,Magic number 0.006 used in get_loss.
TAMU-VITA_DeblurGANv2.models,losses,PerceptualLoss,Magic number,get_loss,56,/Volumes/BrokeExt/NICHE/TAMU-VITA_DeblurGANv2/models/losses.py,Magic number 0.5 used in get_loss.
TAMU-VITA_DeblurGANv2.models,losses,DiscLoss,Magic number,get_loss,125,/Volumes/BrokeExt/NICHE/TAMU-VITA_DeblurGANv2/models/losses.py,Magic number 0.5 used in get_loss.
TAMU-VITA_DeblurGANv2.models,losses,RelativisticDiscLoss,Magic number,get_g_loss,150,/Volumes/BrokeExt/NICHE/TAMU-VITA_DeblurGANv2/models/losses.py,Magic number 2 used in get_g_loss.
TAMU-VITA_DeblurGANv2.models,losses,RelativisticDiscLoss,Magic number,get_loss,168,/Volumes/BrokeExt/NICHE/TAMU-VITA_DeblurGANv2/models/losses.py,Magic number 2 used in get_loss.
TAMU-VITA_DeblurGANv2.models,losses,RelativisticDiscLossLS,Magic number,get_g_loss,193,/Volumes/BrokeExt/NICHE/TAMU-VITA_DeblurGANv2/models/losses.py,Magic number 2 used in get_g_loss.
TAMU-VITA_DeblurGANv2.models,losses,RelativisticDiscLossLS,Magic number,get_loss,211,/Volumes/BrokeExt/NICHE/TAMU-VITA_DeblurGANv2/models/losses.py,Magic number 2 used in get_loss.
TAMU-VITA_DeblurGANv2.models,losses,DiscLossWGANGP,Magic number,__init__,239,/Volumes/BrokeExt/NICHE/TAMU-VITA_DeblurGANv2/models/losses.py,Magic number 10 used in __init__.
TAMU-VITA_DeblurGANv2.models,mobilenet_v2,InvertedResidual,Long statement,__init__,31,/Volumes/BrokeExt/NICHE/TAMU-VITA_DeblurGANv2/models/mobilenet_v2.py,A line with 227 chars in __init__ exceeds the maximum length of 120 characters.
TAMU-VITA_DeblurGANv2.models,mobilenet_v2,InvertedResidual,Long statement,__init__,41,/Volumes/BrokeExt/NICHE/TAMU-VITA_DeblurGANv2/models/mobilenet_v2.py,A line with 328 chars in __init__ exceeds the maximum length of 120 characters.
TAMU-VITA_DeblurGANv2.models,mobilenet_v2,MobileNetV2,Long statement,__init__,68,/Volumes/BrokeExt/NICHE/TAMU-VITA_DeblurGANv2/models/mobilenet_v2.py,A line with 138 chars in __init__ exceeds the maximum length of 120 characters.
TAMU-VITA_DeblurGANv2.models,mobilenet_v2,InvertedResidual,Magic number,__init__,25,/Volumes/BrokeExt/NICHE/TAMU-VITA_DeblurGANv2/models/mobilenet_v2.py,Magic number 2 used in __init__.
TAMU-VITA_DeblurGANv2.models,mobilenet_v2,MobileNetV2,Magic number,__init__,63,/Volumes/BrokeExt/NICHE/TAMU-VITA_DeblurGANv2/models/mobilenet_v2.py,Magic number 1000 used in __init__.
TAMU-VITA_DeblurGANv2.models,mobilenet_v2,MobileNetV2,Magic number,__init__,63,/Volumes/BrokeExt/NICHE/TAMU-VITA_DeblurGANv2/models/mobilenet_v2.py,Magic number 224 used in __init__.
TAMU-VITA_DeblurGANv2.models,mobilenet_v2,MobileNetV2,Magic number,__init__,66,/Volumes/BrokeExt/NICHE/TAMU-VITA_DeblurGANv2/models/mobilenet_v2.py,Magic number 32 used in __init__.
TAMU-VITA_DeblurGANv2.models,mobilenet_v2,MobileNetV2,Magic number,__init__,67,/Volumes/BrokeExt/NICHE/TAMU-VITA_DeblurGANv2/models/mobilenet_v2.py,Magic number 1280 used in __init__.
TAMU-VITA_DeblurGANv2.models,mobilenet_v2,MobileNetV2,Magic number,__init__,70,/Volumes/BrokeExt/NICHE/TAMU-VITA_DeblurGANv2/models/mobilenet_v2.py,Magic number 16 used in __init__.
TAMU-VITA_DeblurGANv2.models,mobilenet_v2,MobileNetV2,Magic number,__init__,71,/Volumes/BrokeExt/NICHE/TAMU-VITA_DeblurGANv2/models/mobilenet_v2.py,Magic number 6 used in __init__.
TAMU-VITA_DeblurGANv2.models,mobilenet_v2,MobileNetV2,Magic number,__init__,71,/Volumes/BrokeExt/NICHE/TAMU-VITA_DeblurGANv2/models/mobilenet_v2.py,Magic number 24 used in __init__.
TAMU-VITA_DeblurGANv2.models,mobilenet_v2,MobileNetV2,Magic number,__init__,71,/Volumes/BrokeExt/NICHE/TAMU-VITA_DeblurGANv2/models/mobilenet_v2.py,Magic number 2 used in __init__.
TAMU-VITA_DeblurGANv2.models,mobilenet_v2,MobileNetV2,Magic number,__init__,71,/Volumes/BrokeExt/NICHE/TAMU-VITA_DeblurGANv2/models/mobilenet_v2.py,Magic number 2 used in __init__.
TAMU-VITA_DeblurGANv2.models,mobilenet_v2,MobileNetV2,Magic number,__init__,72,/Volumes/BrokeExt/NICHE/TAMU-VITA_DeblurGANv2/models/mobilenet_v2.py,Magic number 6 used in __init__.
TAMU-VITA_DeblurGANv2.models,mobilenet_v2,MobileNetV2,Magic number,__init__,72,/Volumes/BrokeExt/NICHE/TAMU-VITA_DeblurGANv2/models/mobilenet_v2.py,Magic number 32 used in __init__.
TAMU-VITA_DeblurGANv2.models,mobilenet_v2,MobileNetV2,Magic number,__init__,72,/Volumes/BrokeExt/NICHE/TAMU-VITA_DeblurGANv2/models/mobilenet_v2.py,Magic number 3 used in __init__.
TAMU-VITA_DeblurGANv2.models,mobilenet_v2,MobileNetV2,Magic number,__init__,72,/Volumes/BrokeExt/NICHE/TAMU-VITA_DeblurGANv2/models/mobilenet_v2.py,Magic number 2 used in __init__.
TAMU-VITA_DeblurGANv2.models,mobilenet_v2,MobileNetV2,Magic number,__init__,73,/Volumes/BrokeExt/NICHE/TAMU-VITA_DeblurGANv2/models/mobilenet_v2.py,Magic number 6 used in __init__.
TAMU-VITA_DeblurGANv2.models,mobilenet_v2,MobileNetV2,Magic number,__init__,73,/Volumes/BrokeExt/NICHE/TAMU-VITA_DeblurGANv2/models/mobilenet_v2.py,Magic number 64 used in __init__.
TAMU-VITA_DeblurGANv2.models,mobilenet_v2,MobileNetV2,Magic number,__init__,73,/Volumes/BrokeExt/NICHE/TAMU-VITA_DeblurGANv2/models/mobilenet_v2.py,Magic number 4 used in __init__.
TAMU-VITA_DeblurGANv2.models,mobilenet_v2,MobileNetV2,Magic number,__init__,73,/Volumes/BrokeExt/NICHE/TAMU-VITA_DeblurGANv2/models/mobilenet_v2.py,Magic number 2 used in __init__.
TAMU-VITA_DeblurGANv2.models,mobilenet_v2,MobileNetV2,Magic number,__init__,74,/Volumes/BrokeExt/NICHE/TAMU-VITA_DeblurGANv2/models/mobilenet_v2.py,Magic number 6 used in __init__.
TAMU-VITA_DeblurGANv2.models,mobilenet_v2,MobileNetV2,Magic number,__init__,74,/Volumes/BrokeExt/NICHE/TAMU-VITA_DeblurGANv2/models/mobilenet_v2.py,Magic number 96 used in __init__.
TAMU-VITA_DeblurGANv2.models,mobilenet_v2,MobileNetV2,Magic number,__init__,74,/Volumes/BrokeExt/NICHE/TAMU-VITA_DeblurGANv2/models/mobilenet_v2.py,Magic number 3 used in __init__.
TAMU-VITA_DeblurGANv2.models,mobilenet_v2,MobileNetV2,Magic number,__init__,75,/Volumes/BrokeExt/NICHE/TAMU-VITA_DeblurGANv2/models/mobilenet_v2.py,Magic number 6 used in __init__.
TAMU-VITA_DeblurGANv2.models,mobilenet_v2,MobileNetV2,Magic number,__init__,75,/Volumes/BrokeExt/NICHE/TAMU-VITA_DeblurGANv2/models/mobilenet_v2.py,Magic number 160 used in __init__.
TAMU-VITA_DeblurGANv2.models,mobilenet_v2,MobileNetV2,Magic number,__init__,75,/Volumes/BrokeExt/NICHE/TAMU-VITA_DeblurGANv2/models/mobilenet_v2.py,Magic number 3 used in __init__.
TAMU-VITA_DeblurGANv2.models,mobilenet_v2,MobileNetV2,Magic number,__init__,75,/Volumes/BrokeExt/NICHE/TAMU-VITA_DeblurGANv2/models/mobilenet_v2.py,Magic number 2 used in __init__.
TAMU-VITA_DeblurGANv2.models,mobilenet_v2,MobileNetV2,Magic number,__init__,76,/Volumes/BrokeExt/NICHE/TAMU-VITA_DeblurGANv2/models/mobilenet_v2.py,Magic number 6 used in __init__.
TAMU-VITA_DeblurGANv2.models,mobilenet_v2,MobileNetV2,Magic number,__init__,76,/Volumes/BrokeExt/NICHE/TAMU-VITA_DeblurGANv2/models/mobilenet_v2.py,Magic number 320 used in __init__.
TAMU-VITA_DeblurGANv2.models,mobilenet_v2,MobileNetV2,Magic number,__init__,80,/Volumes/BrokeExt/NICHE/TAMU-VITA_DeblurGANv2/models/mobilenet_v2.py,Magic number 32 used in __init__.
TAMU-VITA_DeblurGANv2.models,models,DeblurModel,Magic number,tensor2im,20,/Volumes/BrokeExt/NICHE/TAMU-VITA_DeblurGANv2/models/models.py,Magic number 255.0 used in tensor2im.
TAMU-VITA_DeblurGANv2.models,models,DeblurModel,Magic number,tensor2im,20,/Volumes/BrokeExt/NICHE/TAMU-VITA_DeblurGANv2/models/models.py,Magic number 2.0 used in tensor2im.
TAMU-VITA_DeblurGANv2.models,networks,,Complex method,get_generator,271 - 292,/Volumes/BrokeExt/NICHE/TAMU-VITA_DeblurGANv2/models/networks.py,"Method 'get_generator' has a cyclomatic complexity of 7, exceeding the max of 6."
TAMU-VITA_DeblurGANv2.models,networks,ResnetBlock,Complex method,build_conv_block,95 - 125,/Volumes/BrokeExt/NICHE/TAMU-VITA_DeblurGANv2/models/networks.py,"Method 'build_conv_block' has a cyclomatic complexity of 8, exceeding the max of 6."
TAMU-VITA_DeblurGANv2.models,networks,ResnetGenerator,Long parameter list,__init__,36 - 79,/Volumes/BrokeExt/NICHE/TAMU-VITA_DeblurGANv2/models/networks.py,"__init__ has 9 parameters, exceeding the max of 5."
TAMU-VITA_DeblurGANv2.models,networks,NLayerDiscriminator,Long parameter list,__init__,218 - 258,/Volumes/BrokeExt/NICHE/TAMU-VITA_DeblurGANv2/models/networks.py,"__init__ has 6 parameters, exceeding the max of 5."
TAMU-VITA_DeblurGANv2.models,networks,,Long statement,get_fullD,265,/Volumes/BrokeExt/NICHE/TAMU-VITA_DeblurGANv2/models/networks.py,A line with 125 chars in get_fullD exceeds the maximum length of 120 characters.
TAMU-VITA_DeblurGANv2.models,networks,,Long statement,get_generator,274,/Volumes/BrokeExt/NICHE/TAMU-VITA_DeblurGANv2/models/networks.py,A line with 207 chars in get_generator exceeds the maximum length of 120 characters.
TAMU-VITA_DeblurGANv2.models,networks,,Long statement,get_generator,287,/Volumes/BrokeExt/NICHE/TAMU-VITA_DeblurGANv2/models/networks.py,A line with 127 chars in get_generator exceeds the maximum length of 120 characters.
TAMU-VITA_DeblurGANv2.models,networks,,Long statement,get_discriminator,300,/Volumes/BrokeExt/NICHE/TAMU-VITA_DeblurGANv2/models/networks.py,A line with 148 chars in get_discriminator exceeds the maximum length of 120 characters.
TAMU-VITA_DeblurGANv2.models,networks,,Long statement,get_discriminator,305,/Volumes/BrokeExt/NICHE/TAMU-VITA_DeblurGANv2/models/networks.py,A line with 150 chars in get_discriminator exceeds the maximum length of 120 characters.
TAMU-VITA_DeblurGANv2.models,networks,ResnetGenerator,Long statement,__init__,49,/Volumes/BrokeExt/NICHE/TAMU-VITA_DeblurGANv2/models/networks.py,A line with 130 chars in __init__ exceeds the maximum length of 120 characters.
TAMU-VITA_DeblurGANv2.models,networks,ResnetGenerator,Long statement,__init__,58,/Volumes/BrokeExt/NICHE/TAMU-VITA_DeblurGANv2/models/networks.py,A line with 152 chars in __init__ exceeds the maximum length of 120 characters.
TAMU-VITA_DeblurGANv2.models,networks,ResnetGenerator,Long statement,__init__,65,/Volumes/BrokeExt/NICHE/TAMU-VITA_DeblurGANv2/models/networks.py,A line with 130 chars in __init__ exceeds the maximum length of 120 characters.
TAMU-VITA_DeblurGANv2.models,networks,ResnetGenerator,Long statement,__init__,69,/Volumes/BrokeExt/NICHE/TAMU-VITA_DeblurGANv2/models/networks.py,A line with 189 chars in __init__ exceeds the maximum length of 120 characters.
TAMU-VITA_DeblurGANv2.models,networks,DicsriminatorTail,Long statement,__init__,146,/Volumes/BrokeExt/NICHE/TAMU-VITA_DeblurGANv2/models/networks.py,A line with 170 chars in __init__ exceeds the maximum length of 120 characters.
TAMU-VITA_DeblurGANv2.models,networks,MultiScaleDiscriminator,Long statement,__init__,181,/Volumes/BrokeExt/NICHE/TAMU-VITA_DeblurGANv2/models/networks.py,A line with 171 chars in __init__ exceeds the maximum length of 120 characters.
TAMU-VITA_DeblurGANv2.models,networks,MultiScaleDiscriminator,Long statement,__init__,193,/Volumes/BrokeExt/NICHE/TAMU-VITA_DeblurGANv2/models/networks.py,A line with 189 chars in __init__ exceeds the maximum length of 120 characters.
TAMU-VITA_DeblurGANv2.models,networks,MultiScaleDiscriminator,Long statement,__init__,200,/Volumes/BrokeExt/NICHE/TAMU-VITA_DeblurGANv2/models/networks.py,A line with 191 chars in __init__ exceeds the maximum length of 120 characters.
TAMU-VITA_DeblurGANv2.models,networks,NLayerDiscriminator,Long statement,__init__,237,/Volumes/BrokeExt/NICHE/TAMU-VITA_DeblurGANv2/models/networks.py,A line with 171 chars in __init__ exceeds the maximum length of 120 characters.
TAMU-VITA_DeblurGANv2.models,networks,NLayerDiscriminator,Long statement,__init__,246,/Volumes/BrokeExt/NICHE/TAMU-VITA_DeblurGANv2/models/networks.py,A line with 171 chars in __init__ exceeds the maximum length of 120 characters.
TAMU-VITA_DeblurGANv2.models,networks,ResnetGenerator,Magic number,__init__,36,/Volumes/BrokeExt/NICHE/TAMU-VITA_DeblurGANv2/models/networks.py,Magic number 3 used in __init__.
TAMU-VITA_DeblurGANv2.models,networks,ResnetGenerator,Magic number,__init__,36,/Volumes/BrokeExt/NICHE/TAMU-VITA_DeblurGANv2/models/networks.py,Magic number 3 used in __init__.
TAMU-VITA_DeblurGANv2.models,networks,ResnetGenerator,Magic number,__init__,36,/Volumes/BrokeExt/NICHE/TAMU-VITA_DeblurGANv2/models/networks.py,Magic number 64 used in __init__.
TAMU-VITA_DeblurGANv2.models,networks,ResnetGenerator,Magic number,__init__,36,/Volumes/BrokeExt/NICHE/TAMU-VITA_DeblurGANv2/models/networks.py,Magic number 6 used in __init__.
TAMU-VITA_DeblurGANv2.models,networks,ResnetGenerator,Magic number,__init__,55,/Volumes/BrokeExt/NICHE/TAMU-VITA_DeblurGANv2/models/networks.py,Magic number 2 used in __init__.
TAMU-VITA_DeblurGANv2.models,networks,ResnetGenerator,Magic number,__init__,63,/Volumes/BrokeExt/NICHE/TAMU-VITA_DeblurGANv2/models/networks.py,Magic number 2 used in __init__.
TAMU-VITA_DeblurGANv2.models,networks,ResnetGenerator,Magic number,__init__,57,/Volumes/BrokeExt/NICHE/TAMU-VITA_DeblurGANv2/models/networks.py,Magic number 2 used in __init__.
TAMU-VITA_DeblurGANv2.models,networks,ResnetGenerator,Magic number,__init__,68,/Volumes/BrokeExt/NICHE/TAMU-VITA_DeblurGANv2/models/networks.py,Magic number 2 used in __init__.
TAMU-VITA_DeblurGANv2.models,networks,DicsriminatorTail,Magic number,__init__,133,/Volumes/BrokeExt/NICHE/TAMU-VITA_DeblurGANv2/models/networks.py,Magic number 64 used in __init__.
TAMU-VITA_DeblurGANv2.models,networks,DicsriminatorTail,Magic number,__init__,141,/Volumes/BrokeExt/NICHE/TAMU-VITA_DeblurGANv2/models/networks.py,Magic number 4 used in __init__.
TAMU-VITA_DeblurGANv2.models,networks,MultiScaleDiscriminator,Magic number,__init__,162,/Volumes/BrokeExt/NICHE/TAMU-VITA_DeblurGANv2/models/networks.py,Magic number 3 used in __init__.
TAMU-VITA_DeblurGANv2.models,networks,MultiScaleDiscriminator,Magic number,__init__,162,/Volumes/BrokeExt/NICHE/TAMU-VITA_DeblurGANv2/models/networks.py,Magic number 64 used in __init__.
TAMU-VITA_DeblurGANv2.models,networks,MultiScaleDiscriminator,Magic number,__init__,170,/Volumes/BrokeExt/NICHE/TAMU-VITA_DeblurGANv2/models/networks.py,Magic number 4 used in __init__.
TAMU-VITA_DeblurGANv2.models,networks,MultiScaleDiscriminator,Magic number,__init__,190,/Volumes/BrokeExt/NICHE/TAMU-VITA_DeblurGANv2/models/networks.py,Magic number 4 used in __init__.
TAMU-VITA_DeblurGANv2.models,networks,MultiScaleDiscriminator,Magic number,__init__,191,/Volumes/BrokeExt/NICHE/TAMU-VITA_DeblurGANv2/models/networks.py,Magic number 8 used in __init__.
TAMU-VITA_DeblurGANv2.models,networks,NLayerDiscriminator,Magic number,__init__,218,/Volumes/BrokeExt/NICHE/TAMU-VITA_DeblurGANv2/models/networks.py,Magic number 3 used in __init__.
TAMU-VITA_DeblurGANv2.models,networks,NLayerDiscriminator,Magic number,__init__,218,/Volumes/BrokeExt/NICHE/TAMU-VITA_DeblurGANv2/models/networks.py,Magic number 64 used in __init__.
TAMU-VITA_DeblurGANv2.models,networks,NLayerDiscriminator,Magic number,__init__,218,/Volumes/BrokeExt/NICHE/TAMU-VITA_DeblurGANv2/models/networks.py,Magic number 3 used in __init__.
TAMU-VITA_DeblurGANv2.models,networks,NLayerDiscriminator,Magic number,__init__,226,/Volumes/BrokeExt/NICHE/TAMU-VITA_DeblurGANv2/models/networks.py,Magic number 4 used in __init__.
TAMU-VITA_DeblurGANv2.models,senet,SENet,Long method,__init__,203 - 316,/Volumes/BrokeExt/NICHE/TAMU-VITA_DeblurGANv2/models/senet.py,Method '__init__' is too long (69 lines).
TAMU-VITA_DeblurGANv2.models,senet,SEBottleneck,Long parameter list,__init__,136 - 149,/Volumes/BrokeExt/NICHE/TAMU-VITA_DeblurGANv2/models/senet.py,"__init__ has 6 parameters, exceeding the max of 5."
TAMU-VITA_DeblurGANv2.models,senet,SEResNetBottleneck,Long parameter list,__init__,160 - 174,/Volumes/BrokeExt/NICHE/TAMU-VITA_DeblurGANv2/models/senet.py,"__init__ has 6 parameters, exceeding the max of 5."
TAMU-VITA_DeblurGANv2.models,senet,SEResNeXtBottleneck,Long parameter list,__init__,183 - 198,/Volumes/BrokeExt/NICHE/TAMU-VITA_DeblurGANv2/models/senet.py,"__init__ has 7 parameters, exceeding the max of 5."
TAMU-VITA_DeblurGANv2.models,senet,SENet,Long parameter list,__init__,203 - 316,/Volumes/BrokeExt/NICHE/TAMU-VITA_DeblurGANv2/models/senet.py,"__init__ has 10 parameters, exceeding the max of 5."
TAMU-VITA_DeblurGANv2.models,senet,SENet,Long parameter list,_make_layer,318 - 336,/Volumes/BrokeExt/NICHE/TAMU-VITA_DeblurGANv2/models/senet.py,"_make_layer has 8 parameters, exceeding the max of 5."
TAMU-VITA_DeblurGANv2.models,senet,,Long statement,initialize_pretrained_model,361,/Volumes/BrokeExt/NICHE/TAMU-VITA_DeblurGANv2/models/senet.py,A line with 131 chars in initialize_pretrained_model exceeds the maximum length of 120 characters.
TAMU-VITA_DeblurGANv2.models,senet,,Long statement,se_resnet50,382,/Volumes/BrokeExt/NICHE/TAMU-VITA_DeblurGANv2/models/senet.py,A line with 190 chars in se_resnet50 exceeds the maximum length of 120 characters.
TAMU-VITA_DeblurGANv2.models,senet,,Long statement,se_resnet101,393,/Volumes/BrokeExt/NICHE/TAMU-VITA_DeblurGANv2/models/senet.py,A line with 191 chars in se_resnet101 exceeds the maximum length of 120 characters.
TAMU-VITA_DeblurGANv2.models,senet,,Long statement,se_resnet152,404,/Volumes/BrokeExt/NICHE/TAMU-VITA_DeblurGANv2/models/senet.py,A line with 191 chars in se_resnet152 exceeds the maximum length of 120 characters.
TAMU-VITA_DeblurGANv2.models,senet,,Long statement,se_resnext50_32x4d,415,/Volumes/BrokeExt/NICHE/TAMU-VITA_DeblurGANv2/models/senet.py,A line with 192 chars in se_resnext50_32x4d exceeds the maximum length of 120 characters.
TAMU-VITA_DeblurGANv2.models,senet,,Long statement,se_resnext101_32x4d,423,/Volumes/BrokeExt/NICHE/TAMU-VITA_DeblurGANv2/models/senet.py,A line with 193 chars in se_resnext101_32x4d exceeds the maximum length of 120 characters.
TAMU-VITA_DeblurGANv2.models,senet,SENet,Long statement,__init__,206,/Volumes/BrokeExt/NICHE/TAMU-VITA_DeblurGANv2/models/senet.py,A line with 1938 chars in __init__ exceeds the maximum length of 120 characters.
TAMU-VITA_DeblurGANv2.models,senet,SENet,Long statement,__init__,252,/Volumes/BrokeExt/NICHE/TAMU-VITA_DeblurGANv2/models/senet.py,A line with 430 chars in __init__ exceeds the maximum length of 120 characters.
TAMU-VITA_DeblurGANv2.models,senet,SENet,Long statement,__init__,264,/Volumes/BrokeExt/NICHE/TAMU-VITA_DeblurGANv2/models/senet.py,A line with 174 chars in __init__ exceeds the maximum length of 120 characters.
TAMU-VITA_DeblurGANv2.models,senet,SENet,Long statement,__init__,275,/Volumes/BrokeExt/NICHE/TAMU-VITA_DeblurGANv2/models/senet.py,A line with 150 chars in __init__ exceeds the maximum length of 120 characters.
TAMU-VITA_DeblurGANv2.models,senet,SENet,Long statement,__init__,284,/Volumes/BrokeExt/NICHE/TAMU-VITA_DeblurGANv2/models/senet.py,A line with 199 chars in __init__ exceeds the maximum length of 120 characters.
TAMU-VITA_DeblurGANv2.models,senet,SENet,Long statement,__init__,294,/Volumes/BrokeExt/NICHE/TAMU-VITA_DeblurGANv2/models/senet.py,A line with 199 chars in __init__ exceeds the maximum length of 120 characters.
TAMU-VITA_DeblurGANv2.models,senet,SENet,Long statement,__init__,304,/Volumes/BrokeExt/NICHE/TAMU-VITA_DeblurGANv2/models/senet.py,A line with 199 chars in __init__ exceeds the maximum length of 120 characters.
TAMU-VITA_DeblurGANv2.models,senet,SENet,Long statement,_make_layer,322,/Volumes/BrokeExt/NICHE/TAMU-VITA_DeblurGANv2/models/senet.py,A line with 220 chars in _make_layer exceeds the maximum length of 120 characters.
TAMU-VITA_DeblurGANv2.models,senet,,Long statement,,8,/Volumes/BrokeExt/NICHE/TAMU-VITA_DeblurGANv2/models/senet.py,A line with 123 chars in senet exceeds the maximum length of 120 characters.
TAMU-VITA_DeblurGANv2.models,senet,,Magic number,senet154,372,/Volumes/BrokeExt/NICHE/TAMU-VITA_DeblurGANv2/models/senet.py,Magic number 1000 used in senet154.
TAMU-VITA_DeblurGANv2.models,senet,,Magic number,se_resnet50,381,/Volumes/BrokeExt/NICHE/TAMU-VITA_DeblurGANv2/models/senet.py,Magic number 1000 used in se_resnet50.
TAMU-VITA_DeblurGANv2.models,senet,,Magic number,se_resnet101,392,/Volumes/BrokeExt/NICHE/TAMU-VITA_DeblurGANv2/models/senet.py,Magic number 1000 used in se_resnet101.
TAMU-VITA_DeblurGANv2.models,senet,,Magic number,se_resnet152,403,/Volumes/BrokeExt/NICHE/TAMU-VITA_DeblurGANv2/models/senet.py,Magic number 1000 used in se_resnet152.
TAMU-VITA_DeblurGANv2.models,senet,,Magic number,se_resnext50_32x4d,414,/Volumes/BrokeExt/NICHE/TAMU-VITA_DeblurGANv2/models/senet.py,Magic number 1000 used in se_resnext50_32x4d.
TAMU-VITA_DeblurGANv2.models,senet,,Magic number,se_resnext101_32x4d,422,/Volumes/BrokeExt/NICHE/TAMU-VITA_DeblurGANv2/models/senet.py,Magic number 1000 used in se_resnext101_32x4d.
TAMU-VITA_DeblurGANv2.models,senet,SEResNeXtBottleneck,Magic number,__init__,184,/Volumes/BrokeExt/NICHE/TAMU-VITA_DeblurGANv2/models/senet.py,Magic number 4 used in __init__.
TAMU-VITA_DeblurGANv2.models,senet,SENet,Magic number,__init__,203,/Volumes/BrokeExt/NICHE/TAMU-VITA_DeblurGANv2/models/senet.py,Magic number 0.2 used in __init__.
TAMU-VITA_DeblurGANv2.models,senet,SENet,Magic number,__init__,204,/Volumes/BrokeExt/NICHE/TAMU-VITA_DeblurGANv2/models/senet.py,Magic number 128 used in __init__.
TAMU-VITA_DeblurGANv2.models,senet,SENet,Magic number,__init__,204,/Volumes/BrokeExt/NICHE/TAMU-VITA_DeblurGANv2/models/senet.py,Magic number 3 used in __init__.
TAMU-VITA_DeblurGANv2.models,senet,SENet,Magic number,__init__,205,/Volumes/BrokeExt/NICHE/TAMU-VITA_DeblurGANv2/models/senet.py,Magic number 1000 used in __init__.
TAMU-VITA_DeblurGANv2.models,unet_seresnext,UNetSEResNext,Long statement,__init__,51,/Volumes/BrokeExt/NICHE/TAMU-VITA_DeblurGANv2/models/unet_seresnext.py,A line with 121 chars in __init__ exceeds the maximum length of 120 characters.
TAMU-VITA_DeblurGANv2.models,unet_seresnext,UNetSEResNext,Long statement,__init__,53,/Volumes/BrokeExt/NICHE/TAMU-VITA_DeblurGANv2/models/unet_seresnext.py,A line with 122 chars in __init__ exceeds the maximum length of 120 characters.
TAMU-VITA_DeblurGANv2.models,unet_seresnext,UNetSEResNext,Long statement,__init__,55,/Volumes/BrokeExt/NICHE/TAMU-VITA_DeblurGANv2/models/unet_seresnext.py,A line with 122 chars in __init__ exceeds the maximum length of 120 characters.
TAMU-VITA_DeblurGANv2.models,unet_seresnext,UNetSEResNext,Long statement,__init__,57,/Volumes/BrokeExt/NICHE/TAMU-VITA_DeblurGANv2/models/unet_seresnext.py,A line with 122 chars in __init__ exceeds the maximum length of 120 characters.
TAMU-VITA_DeblurGANv2.models,unet_seresnext,UNetSEResNext,Long statement,forward,88,/Volumes/BrokeExt/NICHE/TAMU-VITA_DeblurGANv2/models/unet_seresnext.py,A line with 313 chars in forward exceeds the maximum length of 120 characters.
TAMU-VITA_DeblurGANv2.models,unet_seresnext,DecoderBlockV,Long statement,__init__,106,/Volumes/BrokeExt/NICHE/TAMU-VITA_DeblurGANv2/models/unet_seresnext.py,A line with 223 chars in __init__ exceeds the maximum length of 120 characters.
TAMU-VITA_DeblurGANv2.models,unet_seresnext,DecoderBlockV,Long statement,__init__,115,/Volumes/BrokeExt/NICHE/TAMU-VITA_DeblurGANv2/models/unet_seresnext.py,A line with 153 chars in __init__ exceeds the maximum length of 120 characters.
TAMU-VITA_DeblurGANv2.models,unet_seresnext,DecoderCenter,Long statement,__init__,133,/Volumes/BrokeExt/NICHE/TAMU-VITA_DeblurGANv2/models/unet_seresnext.py,A line with 172 chars in __init__ exceeds the maximum length of 120 characters.
TAMU-VITA_DeblurGANv2.models,unet_seresnext,DecoderCenter,Long statement,__init__,138,/Volumes/BrokeExt/NICHE/TAMU-VITA_DeblurGANv2/models/unet_seresnext.py,A line with 223 chars in __init__ exceeds the maximum length of 120 characters.
TAMU-VITA_DeblurGANv2.models,unet_seresnext,UNetSEResNext,Magic number,__init__,30,/Volumes/BrokeExt/NICHE/TAMU-VITA_DeblurGANv2/models/unet_seresnext.py,Magic number 3 used in __init__.
TAMU-VITA_DeblurGANv2.models,unet_seresnext,UNetSEResNext,Magic number,__init__,30,/Volumes/BrokeExt/NICHE/TAMU-VITA_DeblurGANv2/models/unet_seresnext.py,Magic number 32 used in __init__.
TAMU-VITA_DeblurGANv2.models,unet_seresnext,UNetSEResNext,Magic number,__init__,36,/Volumes/BrokeExt/NICHE/TAMU-VITA_DeblurGANv2/models/unet_seresnext.py,Magic number 2048 used in __init__.
TAMU-VITA_DeblurGANv2.util,metrics,,Long statement,gaussian,11,/Volumes/BrokeExt/NICHE/TAMU-VITA_DeblurGANv2/util/metrics.py,A line with 122 chars in gaussian exceeds the maximum length of 120 characters.
TAMU-VITA_DeblurGANv2.util,metrics,,Magic number,SSIM,24,/Volumes/BrokeExt/NICHE/TAMU-VITA_DeblurGANv2/util/metrics.py,Magic number 11 used in SSIM.
TAMU-VITA_DeblurGANv2.util,metrics,,Magic number,SSIM,42,/Volumes/BrokeExt/NICHE/TAMU-VITA_DeblurGANv2/util/metrics.py,Magic number 0.01 used in SSIM.
TAMU-VITA_DeblurGANv2.util,metrics,,Magic number,SSIM,42,/Volumes/BrokeExt/NICHE/TAMU-VITA_DeblurGANv2/util/metrics.py,Magic number 2 used in SSIM.
TAMU-VITA_DeblurGANv2.util,metrics,,Magic number,SSIM,43,/Volumes/BrokeExt/NICHE/TAMU-VITA_DeblurGANv2/util/metrics.py,Magic number 0.03 used in SSIM.
TAMU-VITA_DeblurGANv2.util,metrics,,Magic number,SSIM,43,/Volumes/BrokeExt/NICHE/TAMU-VITA_DeblurGANv2/util/metrics.py,Magic number 2 used in SSIM.
TAMU-VITA_DeblurGANv2.util,metrics,,Magic number,SSIM,45,/Volumes/BrokeExt/NICHE/TAMU-VITA_DeblurGANv2/util/metrics.py,Magic number 2 used in SSIM.
TAMU-VITA_DeblurGANv2.util,metrics,,Magic number,SSIM,45,/Volumes/BrokeExt/NICHE/TAMU-VITA_DeblurGANv2/util/metrics.py,Magic number 2 used in SSIM.
TAMU-VITA_DeblurGANv2.util,metrics,,Magic number,PSNR,52,/Volumes/BrokeExt/NICHE/TAMU-VITA_DeblurGANv2/util/metrics.py,Magic number 100 used in PSNR.
TAMU-VITA_DeblurGANv2.util,metrics,,Magic number,PSNR,54,/Volumes/BrokeExt/NICHE/TAMU-VITA_DeblurGANv2/util/metrics.py,Magic number 20 used in PSNR.
